,datetime,instrument,score,exp_name,rid,weight,real_label,error,abs_error
0,2026-07-27,SH600000,0.02882211895936425,EXP_CatBoostModel_Alpha158_csi300_custom_step0_s_20260727_14,4ad1c42903e34a9bb230e237b09ee47e,0.043,,,
1,2026-07-27,SZ000630,-0.06736195087432861,EXP_LinearModel_Alpha158_csi300_custom_step0_s_20260727_14,4da7ffeba76b45f395251b9976f75470,0.047,,,
2,2026-07-27,SZ000625,-0.11902282387018204,EXP_LinearModel_Alpha158_csi300_custom_step0_s_20260727_14,4da7ffeba76b45f395251b9976f75470,0.047,,,
3,2026-07-27,SZ000617,-0.053150683641433716,EXP_LinearModel_Alpha158_csi300_custom_step0_s_20260727_14,4da7ffeba76b45f395251b9976f75470,0.047,,,
4,2026-07-27,SZ000596,-0.07513681054115295,EXP_LinearModel_Alpha158_csi300_custom_step0_s_20260727_14,4da7ffeba76b45f395251b9976f75470,0.047,,,
5,2026-07-27,SZ000568,-0.05045054480433464,EXP_LinearModel_Alpha158_csi300_custom_step0_s_20260727_14,4da7ffeba76b45f395251b9976f75470,0.047,,,
6,2026-07-27,SZ000538,-0.006925287190824747,EXP_LinearModel_Alpha158_csi300_custom_step0_s_20260727_14,4da7ffeba76b45f395251b9976f75470,0.047,,,
7,2026-07-27,SZ000425,-0.012369368225336075,EXP_LinearModel_Alpha158_csi300_custom_step0_s_20260727_14,4da7ffeba76b45f395251b9976f75470,0.047,,,
8,2026-07-27,SZ000408,-0.11848492175340652,EXP_LinearModel_Alpha158_csi300_custom_step0_s_20260727_14,4da7ffeba76b45f395251b9976f75470,0.047,,,
9,2026-07-27,SZ000651,0.10631231963634491,EXP_LinearModel_Alpha158_csi300_custom_step0_s_20260727_14,4da7ffeba76b45f395251b9976f75470,0.047,,,
10,2026-07-27,SZ000338,-0.10251720994710922,EXP_LinearModel_Alpha158_csi300_custom_step0_s_20260727_14,4da7ffeba76b45f395251b9976f75470,0.047,,,
11,2026-07-27,SZ000301,-0.08744621276855469,EXP_LinearModel_Alpha158_csi300_custom_step0_s_20260727_14,4da7ffeba76b45f395251b9976f75470,0.047,,,
12,2026-07-27,SZ000166,0.0025603987742215395,EXP_LinearModel_Alpha158_csi300_custom_step0_s_20260727_14,4da7ffeba76b45f395251b9976f75470,0.047,,,
13,2026-07-27,SZ000157,-0.0014252145774662495,EXP_LinearModel_Alpha158_csi300_custom_step0_s_20260727_14,4da7ffeba76b45f395251b9976f75470,0.047,,,
14,2026-07-27,SZ000100,-0.09988086670637131,EXP_LinearModel_Alpha158_csi300_custom_step0_s_20260727_14,4da7ffeba76b45f395251b9976f75470,0.047,,,
15,2026-07-27,SZ000063,-0.235897034406662,EXP_LinearModel_Alpha158_csi300_custom_step0_s_20260727_14,4da7ffeba76b45f395251b9976f75470,0.047,,,
16,2026-07-27,SZ000002,-0.0573323555290699,EXP_LinearModel_Alpha158_csi300_custom_step0_s_20260727_14,4da7ffeba76b45f395251b9976f75470,0.047,,,
17,2026-07-27,SZ000001,0.05555938184261322,EXP_LinearModel_Alpha158_csi300_custom_step0_s_20260727_14,4da7ffeba76b45f395251b9976f75470,0.047,,,
18,2026-07-27,SH688981,-0.2734968960285187,EXP_LinearModel_Alpha158_csi300_custom_step0_s_20260727_14,4da7ffeba76b45f395251b9976f75470,0.047,,,
19,2026-07-27,SZ000333,0.10458667576313019,EXP_LinearModel_Alpha158_csi300_custom_step0_s_20260727_14,4da7ffeba76b45f395251b9976f75470,0.047,,,
20,2026-07-27,SH688521,0.03179929777979851,EXP_LinearModel_Alpha158_csi300_custom_step0_s_20260727_14,4da7ffeba76b45f395251b9976f75470,0.047,,,
21,2026-07-27,SZ000657,0.0012552666012197733,EXP_LinearModel_Alpha158_csi300_custom_step0_s_20260727_14,4da7ffeba76b45f395251b9976f75470,0.047,,,
22,2026-07-27,SZ000725,0.06851916760206223,EXP_LinearModel_Alpha158_csi300_custom_step0_s_20260727_14,4da7ffeba76b45f395251b9976f75470,0.047,,,
23,2026-07-27,SZ002027,0.01293674111366272,EXP_LinearModel_Alpha158_csi300_custom_step0_s_20260727_14,4da7ffeba76b45f395251b9976f75470,0.047,,,
24,2026-07-27,SZ002001,-0.027541998773813248,EXP_LinearModel_Alpha158_csi300_custom_step0_s_20260727_14,4da7ffeba76b45f395251b9976f75470,0.047,,,
25,2026-07-27,SZ001979,0.05622715502977371,EXP_LinearModel_Alpha158_csi300_custom_step0_s_20260727_14,4da7ffeba76b45f395251b9976f75470,0.047,,,
26,2026-07-27,SZ001965,0.06495445966720581,EXP_LinearModel_Alpha158_csi300_custom_step0_s_20260727_14,4da7ffeba76b45f395251b9976f75470,0.047,,,
27,2026-07-27,SZ001391,0.08472343534231186,EXP_LinearModel_Alpha158_csi300_custom_step0_s_20260727_14,4da7ffeba76b45f395251b9976f75470,0.047,,,
28,2026-07-27,SZ001280,0.049177028238773346,EXP_LinearModel_Alpha158_csi300_custom_step0_s_20260727_14,4da7ffeba76b45f395251b9976f75470,0.047,,,
29,2026-07-27,SZ000999,-0.014415586367249489,EXP_LinearModel_Alpha158_csi300_custom_step0_s_20260727_14,4da7ffeba76b45f395251b9976f75470,0.047,,,
30,2026-07-27,SZ000988,-0.05016815662384033,EXP_LinearModel_Alpha158_csi300_custom_step0_s_20260727_14,4da7ffeba76b45f395251b9976f75470,0.047,,,
31,2026-07-27,SZ000708,0.05841450020670891,EXP_LinearModel_Alpha158_csi300_custom_step0_s_20260727_14,4da7ffeba76b45f395251b9976f75470,0.047,,,
32,2026-07-27,SZ000977,-0.20474055409431458,EXP_LinearModel_Alpha158_csi300_custom_step0_s_20260727_14,4da7ffeba76b45f395251b9976f75470,0.047,,,
33,2026-07-27,SZ000963,-0.06667526811361313,EXP_LinearModel_Alpha158_csi300_custom_step0_s_20260727_14,4da7ffeba76b45f395251b9976f75470,0.047,,,
34,2026-07-27,SZ000938,-0.3686002492904663,EXP_LinearModel_Alpha158_csi300_custom_step0_s_20260727_14,4da7ffeba76b45f395251b9976f75470,0.047,,,
35,2026-07-27,SZ000895,-0.014198063872754574,EXP_LinearModel_Alpha158_csi300_custom_step0_s_20260727_14,4da7ffeba76b45f395251b9976f75470,0.047,,,
36,2026-07-27,SZ000858,-0.04315868765115738,EXP_LinearModel_Alpha158_csi300_custom_step0_s_20260727_14,4da7ffeba76b45f395251b9976f75470,0.047,,,
37,2026-07-27,SZ000807,-0.08037693053483963,EXP_LinearModel_Alpha158_csi300_custom_step0_s_20260727_14,4da7ffeba76b45f395251b9976f75470,0.047,,,
38,2026-07-27,SZ000792,-0.01813102699816227,EXP_LinearModel_Alpha158_csi300_custom_step0_s_20260727_14,4da7ffeba76b45f395251b9976f75470,0.047,,,
39,2026-07-27,SZ000776,-0.09062983840703964,EXP_LinearModel_Alpha158_csi300_custom_step0_s_20260727_14,4da7ffeba76b45f395251b9976f75470,0.047,,,
40,2026-07-27,SZ000768,0.017482321709394455,EXP_LinearModel_Alpha158_csi300_custom_step0_s_20260727_14,4da7ffeba76b45f395251b9976f75470,0.047,,,
41,2026-07-27,SZ000975,-0.31149721145629883,EXP_LinearModel_Alpha158_csi300_custom_step0_s_20260727_14,4da7ffeba76b45f395251b9976f75470,0.047,,,
42,2026-07-27,SH688506,-0.011144350282847881,EXP_LinearModel_Alpha158_csi300_custom_step0_s_20260727_14,4da7ffeba76b45f395251b9976f75470,0.047,,,
43,2026-07-27,SH688472,0.07618147134780884,EXP_LinearModel_Alpha158_csi300_custom_step0_s_20260727_14,4da7ffeba76b45f395251b9976f75470,0.047,,,
44,2026-07-27,SH688396,-0.00011925911530852318,EXP_LinearModel_Alpha158_csi300_custom_step0_s_20260727_14,4da7ffeba76b45f395251b9976f75470,0.047,,,
45,2026-07-27,SH603369,-0.04640442132949829,EXP_LinearModel_Alpha158_csi300_custom_step0_s_20260727_14,4da7ffeba76b45f395251b9976f75470,0.047,,,
46,2026-07-27,SH603296,-0.26407501101493835,EXP_LinearModel_Alpha158_csi300_custom_step0_s_20260727_14,4da7ffeba76b45f395251b9976f75470,0.047,,,
47,2026-07-27,SH603288,-0.012261686846613884,EXP_LinearModel_Alpha158_csi300_custom_step0_s_20260727_14,4da7ffeba76b45f395251b9976f75470,0.047,,,
48,2026-07-27,SH603260,0.09394415467977524,EXP_LinearModel_Alpha158_csi300_custom_step0_s_20260727_14,4da7ffeba76b45f395251b9976f75470,0.047,,,
49,2026-07-27,SH603259,-0.013649793341755867,EXP_LinearModel_Alpha158_csi300_custom_step0_s_20260727_14,4da7ffeba76b45f395251b9976f75470,0.047,,,
50,2026-07-27,SH603019,-0.1774221956729889,EXP_LinearModel_Alpha158_csi300_custom_step0_s_20260727_14,4da7ffeba76b45f395251b9976f75470,0.047,,,
51,2026-07-27,SH601998,-0.007486394606530666,EXP_LinearModel_Alpha158_csi300_custom_step0_s_20260727_14,4da7ffeba76b45f395251b9976f75470,0.047,,,
52,2026-07-27,SH601995,-0.10453271865844727,EXP_LinearModel_Alpha158_csi300_custom_step0_s_20260727_14,4da7ffeba76b45f395251b9976f75470,0.047,,,
53,2026-07-27,SH603392,-0.06744991987943649,EXP_LinearModel_Alpha158_csi300_custom_step0_s_20260727_14,4da7ffeba76b45f395251b9976f75470,0.047,,,
54,2026-07-27,SH601988,0.052178721874952316,EXP_LinearModel_Alpha158_csi300_custom_step0_s_20260727_14,4da7ffeba76b45f395251b9976f75470,0.047,,,
55,2026-07-27,SH601939,-0.015933740884065628,EXP_LinearModel_Alpha158_csi300_custom_step0_s_20260727_14,4da7ffeba76b45f395251b9976f75470,0.047,,,
56,2026-07-27,SH601919,0.014294984750449657,EXP_LinearModel_Alpha158_csi300_custom_step0_s_20260727_14,4da7ffeba76b45f395251b9976f75470,0.047,,,
57,2026-07-27,SH601916,0.056108564138412476,EXP_LinearModel_Alpha158_csi300_custom_step0_s_20260727_14,4da7ffeba76b45f395251b9976f75470,0.047,,,
58,2026-07-27,SH601901,-0.05389150604605675,EXP_LinearModel_Alpha158_csi300_custom_step0_s_20260727_14,4da7ffeba76b45f395251b9976f75470,0.047,,,
59,2026-07-27,SH601899,-0.1552184522151947,EXP_LinearModel_Alpha158_csi300_custom_step0_s_20260727_14,4da7ffeba76b45f395251b9976f75470,0.047,,,
60,2026-07-27,SH601898,-0.12890033423900604,EXP_LinearModel_Alpha158_csi300_custom_step0_s_20260727_14,4da7ffeba76b45f395251b9976f75470,0.047,,,
61,2026-07-27,SH601888,-0.1150771901011467,EXP_LinearModel_Alpha158_csi300_custom_step0_s_20260727_14,4da7ffeba76b45f395251b9976f75470,0.047,,,
62,2026-07-27,SH601881,-0.04333888739347458,EXP_LinearModel_Alpha158_csi300_custom_step0_s_20260727_14,4da7ffeba76b45f395251b9976f75470,0.047,,,
63,2026-07-27,SH601985,0.07294230163097382,EXP_LinearModel_Alpha158_csi300_custom_step0_s_20260727_14,4da7ffeba76b45f395251b9976f75470,0.047,,,
64,2026-07-27,SH603501,-0.17022444307804108,EXP_LinearModel_Alpha158_csi300_custom_step0_s_20260727_14,4da7ffeba76b45f395251b9976f75470,0.047,,,
65,2026-07-27,SH603799,-0.022413626313209534,EXP_LinearModel_Alpha158_csi300_custom_step0_s_20260727_14,4da7ffeba76b45f395251b9976f75470,0.047,,,
66,2026-07-27,SH603893,-0.18937991559505463,EXP_LinearModel_Alpha158_csi300_custom_step0_s_20260727_14,4da7ffeba76b45f395251b9976f75470,0.047,,,
67,2026-07-27,SH688303,-0.03896065801382065,EXP_LinearModel_Alpha158_csi300_custom_step0_s_20260727_14,4da7ffeba76b45f395251b9976f75470,0.047,,,
68,2026-07-27,SH688271,-0.04036816209554672,EXP_LinearModel_Alpha158_csi300_custom_step0_s_20260727_14,4da7ffeba76b45f395251b9976f75470,0.047,,,
69,2026-07-27,SH688256,-0.19292455911636353,EXP_LinearModel_Alpha158_csi300_custom_step0_s_20260727_14,4da7ffeba76b45f395251b9976f75470,0.047,,,
70,2026-07-27,SH688223,0.0888364389538765,EXP_LinearModel_Alpha158_csi300_custom_step0_s_20260727_14,4da7ffeba76b45f395251b9976f75470,0.047,,,
71,2026-07-27,SH688183,-0.26677319407463074,EXP_LinearModel_Alpha158_csi300_custom_step0_s_20260727_14,4da7ffeba76b45f395251b9976f75470,0.047,,,
72,2026-07-27,SH688126,-0.049060724675655365,EXP_LinearModel_Alpha158_csi300_custom_step0_s_20260727_14,4da7ffeba76b45f395251b9976f75470,0.047,,,
73,2026-07-27,SH688111,-0.06894614547491074,EXP_LinearModel_Alpha158_csi300_custom_step0_s_20260727_14,4da7ffeba76b45f395251b9976f75470,0.047,,,
74,2026-07-27,SH688082,-0.13718493282794952,EXP_LinearModel_Alpha158_csi300_custom_step0_s_20260727_14,4da7ffeba76b45f395251b9976f75470,0.047,,,
75,2026-07-27,SH688072,,EXP_LinearModel_Alpha158_csi300_custom_step0_s_20260727_14,4da7ffeba76b45f395251b9976f75470,0.047,,,
76,2026-07-27,SH688047,-0.019514916464686394,EXP_LinearModel_Alpha158_csi300_custom_step0_s_20260727_14,4da7ffeba76b45f395251b9976f75470,0.047,,,
77,2026-07-27,SH688041,-0.21189825236797333,EXP_LinearModel_Alpha158_csi300_custom_step0_s_20260727_14,4da7ffeba76b45f395251b9976f75470,0.047,,,
78,2026-07-27,SH688036,-0.03160642832517624,EXP_LinearModel_Alpha158_csi300_custom_step0_s_20260727_14,4da7ffeba76b45f395251b9976f75470,0.047,,,
79,2026-07-27,SH688012,-0.26015156507492065,EXP_LinearModel_Alpha158_csi300_custom_step0_s_20260727_14,4da7ffeba76b45f395251b9976f75470,0.047,,,
80,2026-07-27,SH688009,0.03317903354763985,EXP_LinearModel_Alpha158_csi300_custom_step0_s_20260727_14,4da7ffeba76b45f395251b9976f75470,0.047,,,
81,2026-07-27,SH688008,-0.36119332909584045,EXP_LinearModel_Alpha158_csi300_custom_step0_s_20260727_14,4da7ffeba76b45f395251b9976f75470,0.047,,,
82,2026-07-27,SH605499,-0.11135151982307434,EXP_LinearModel_Alpha158_csi300_custom_step0_s_20260727_14,4da7ffeba76b45f395251b9976f75470,0.047,,,
83,2026-07-27,SH605117,0.08351776748895645,EXP_LinearModel_Alpha158_csi300_custom_step0_s_20260727_14,4da7ffeba76b45f395251b9976f75470,0.047,,,
84,2026-07-27,SH603993,-0.14759771525859833,EXP_LinearModel_Alpha158_csi300_custom_step0_s_20260727_14,4da7ffeba76b45f395251b9976f75470,0.047,,,
85,2026-07-27,SH603986,0.014141762629151344,EXP_LinearModel_Alpha158_csi300_custom_step0_s_20260727_14,4da7ffeba76b45f395251b9976f75470,0.047,,,
86,2026-07-27,SZ002028,-0.018434621393680573,EXP_LinearModel_Alpha158_csi300_custom_step0_s_20260727_14,4da7ffeba76b45f395251b9976f75470,0.047,,,
87,2026-07-27,SH601878,-0.018083535134792328,EXP_LinearModel_Alpha158_csi300_custom_step0_s_20260727_14,4da7ffeba76b45f395251b9976f75470,0.047,,,
88,2026-07-27,SZ002049,-0.058906011283397675,EXP_LinearModel_Alpha158_csi300_custom_step0_s_20260727_14,4da7ffeba76b45f395251b9976f75470,0.047,,,
89,2026-07-27,SZ002074,-0.07855984568595886,EXP_LinearModel_Alpha158_csi300_custom_step0_s_20260727_14,4da7ffeba76b45f395251b9976f75470,0.047,,,
90,2026-07-27,SZ300999,-0.03016931377351284,EXP_LinearModel_Alpha158_csi300_custom_step0_s_20260727_14,4da7ffeba76b45f395251b9976f75470,0.047,,,
91,2026-07-27,SZ300896,-0.04036513343453407,EXP_LinearModel_Alpha158_csi300_custom_step0_s_20260727_14,4da7ffeba76b45f395251b9976f75470,0.047,,,
92,2026-07-27,SZ300866,0.0033547361381351948,EXP_LinearModel_Alpha158_csi300_custom_step0_s_20260727_14,4da7ffeba76b45f395251b9976f75470,0.047,,,
93,2026-07-27,SZ300832,-0.09981828182935715,EXP_LinearModel_Alpha158_csi300_custom_step0_s_20260727_14,4da7ffeba76b45f395251b9976f75470,0.047,,,
94,2026-07-27,SZ300803,0.04401189088821411,EXP_LinearModel_Alpha158_csi300_custom_step0_s_20260727_14,4da7ffeba76b45f395251b9976f75470,0.047,,,
95,2026-07-27,SZ300760,0.009946096688508987,EXP_LinearModel_Alpha158_csi300_custom_step0_s_20260727_14,4da7ffeba76b45f395251b9976f75470,0.047,,,
96,2026-07-27,SZ300750,-0.03008989617228508,EXP_LinearModel_Alpha158_csi300_custom_step0_s_20260727_14,4da7ffeba76b45f395251b9976f75470,0.047,,,
97,2026-07-27,SZ300661,-0.06320542097091675,EXP_LinearModel_Alpha158_csi300_custom_step0_s_20260727_14,4da7ffeba76b45f395251b9976f75470,0.047,,,
98,2026-07-27,SZ301165,-0.6428319811820984,EXP_LinearModel_Alpha158_csi300_custom_step0_s_20260727_14,4da7ffeba76b45f395251b9976f75470,0.047,,,
99,2026-07-27,SZ300628,0.05600770562887192,EXP_LinearModel_Alpha158_csi300_custom_step0_s_20260727_14,4da7ffeba76b45f395251b9976f75470,0.047,,,
100,2026-07-27,SZ300498,-0.040570326149463654,EXP_LinearModel_Alpha158_csi300_custom_step0_s_20260727_14,4da7ffeba76b45f395251b9976f75470,0.047,,,
101,2026-07-27,SZ300476,0.03658966347575188,EXP_LinearModel_Alpha158_csi300_custom_step0_s_20260727_14,4da7ffeba76b45f395251b9976f75470,0.047,,,
102,2026-07-27,SZ300450,0.02737586945295334,EXP_LinearModel_Alpha158_csi300_custom_step0_s_20260727_14,4da7ffeba76b45f395251b9976f75470,0.047,,,
103,2026-07-27,SZ300442,0.0014037122018635273,EXP_LinearModel_Alpha158_csi300_custom_step0_s_20260727_14,4da7ffeba76b45f395251b9976f75470,0.047,,,
104,2026-07-27,SZ300433,-0.0421181246638298,EXP_LinearModel_Alpha158_csi300_custom_step0_s_20260727_14,4da7ffeba76b45f395251b9976f75470,0.047,,,
105,2026-07-27,SZ300418,-0.0464954599738121,EXP_LinearModel_Alpha158_csi300_custom_step0_s_20260727_14,4da7ffeba76b45f395251b9976f75470,0.047,,,
106,2026-07-27,SZ300413,0.005566418636590242,EXP_LinearModel_Alpha158_csi300_custom_step0_s_20260727_14,4da7ffeba76b45f395251b9976f75470,0.047,,,
107,2026-07-27,SZ300408,0.0802515521645546,EXP_LinearModel_Alpha158_csi300_custom_step0_s_20260727_14,4da7ffeba76b45f395251b9976f75470,0.047,,,
108,2026-07-27,SZ300502,-0.09991313517093658,EXP_LinearModel_Alpha158_csi300_custom_step0_s_20260727_14,4da7ffeba76b45f395251b9976f75470,0.047,,,
109,2026-07-27,SZ300394,-0.0400928370654583,EXP_LinearModel_Alpha158_csi300_custom_step0_s_20260727_14,4da7ffeba76b45f395251b9976f75470,0.047,,,
110,2026-07-27,SZ301236,-0.028025975450873375,EXP_LinearModel_Alpha158_csi300_custom_step0_s_20260727_14,4da7ffeba76b45f395251b9976f75470,0.047,,,
111,2026-07-27,SZ301308,0.1796964854001999,EXP_LinearModel_Alpha158_csi300_custom_step0_s_20260727_14,4da7ffeba76b45f395251b9976f75470,0.047,,,
112,2026-07-27,SH600036,0.01654588244855404,EXP_LinearModel_Alpha158_csi300_custom_step0_s_20260727_14,6d6219862050466a98a99f9c009d69e0,0.075,,,
113,2026-07-27,SH600031,0.07427255809307098,EXP_LinearModel_Alpha158_csi300_custom_step0_s_20260727_14,6d6219862050466a98a99f9c009d69e0,0.075,,,
114,2026-07-27,SH600030,-0.02289162203669548,EXP_LinearModel_Alpha158_csi300_custom_step0_s_20260727_14,6d6219862050466a98a99f9c009d69e0,0.075,,,
115,2026-07-27,SH600029,0.006200908683240414,EXP_LinearModel_Alpha158_csi300_custom_step0_s_20260727_14,6d6219862050466a98a99f9c009d69e0,0.075,,,
116,2026-07-27,SH600028,0.029433811083436012,EXP_LinearModel_Alpha158_csi300_custom_step0_s_20260727_14,6d6219862050466a98a99f9c009d69e0,0.075,,,
117,2026-07-27,SH600027,-0.01946014165878296,EXP_LinearModel_Alpha158_csi300_custom_step0_s_20260727_14,6d6219862050466a98a99f9c009d69e0,0.075,,,
118,2026-07-27,SH600026,-0.04843245819211006,EXP_LinearModel_Alpha158_csi300_custom_step0_s_20260727_14,6d6219862050466a98a99f9c009d69e0,0.075,,,
119,2026-07-27,SH600025,0.03122786432504654,EXP_LinearModel_Alpha158_csi300_custom_step0_s_20260727_14,6d6219862050466a98a99f9c009d69e0,0.075,,,
120,2026-07-27,SZ301269,-0.04270327836275101,EXP_LinearModel_Alpha158_csi300_custom_step0_s_20260727_14,4da7ffeba76b45f395251b9976f75470,0.047,,,
121,2026-07-27,SH600023,0.05111542344093323,EXP_LinearModel_Alpha158_csi300_custom_step0_s_20260727_14,6d6219862050466a98a99f9c009d69e0,0.075,,,
122,2026-07-27,SH600018,0.0782821774482727,EXP_LinearModel_Alpha158_csi300_custom_step0_s_20260727_14,6d6219862050466a98a99f9c009d69e0,0.075,,,
123,2026-07-27,SH600016,-0.016316886991262436,EXP_LinearModel_Alpha158_csi300_custom_step0_s_20260727_14,6d6219862050466a98a99f9c009d69e0,0.075,,,
124,2026-07-27,SH600015,0.09393329173326492,EXP_LinearModel_Alpha158_csi300_custom_step0_s_20260727_14,6d6219862050466a98a99f9c009d69e0,0.075,,,
125,2026-07-27,SH600011,-0.06466394662857056,EXP_LinearModel_Alpha158_csi300_custom_step0_s_20260727_14,6d6219862050466a98a99f9c009d69e0,0.075,,,
126,2026-07-27,SH600010,-0.09784021228551865,EXP_LinearModel_Alpha158_csi300_custom_step0_s_20260727_14,6d6219862050466a98a99f9c009d69e0,0.075,,,
127,2026-07-27,SH600009,-0.08747509866952896,EXP_LinearModel_Alpha158_csi300_custom_step0_s_20260727_14,6d6219862050466a98a99f9c009d69e0,0.075,,,
128,2026-07-27,SH600000,-0.0602230541408062,EXP_LinearModel_Alpha158_csi300_custom_step0_s_20260727_14,6d6219862050466a98a99f9c009d69e0,0.075,,,
129,2026-07-27,SZ302132,-0.11410152912139893,EXP_LinearModel_Alpha158_csi300_custom_step0_s_20260727_14,4da7ffeba76b45f395251b9976f75470,0.047,,,
130,2026-07-27,SH600019,0.017296288162469864,EXP_LinearModel_Alpha158_csi300_custom_step0_s_20260727_14,6d6219862050466a98a99f9c009d69e0,0.075,,,
131,2026-07-27,SZ300316,0.1074688732624054,EXP_LinearModel_Alpha158_csi300_custom_step0_s_20260727_14,4da7ffeba76b45f395251b9976f75470,0.047,,,
132,2026-07-27,SZ300308,-0.14316239953041077,EXP_LinearModel_Alpha158_csi300_custom_step0_s_20260727_14,4da7ffeba76b45f395251b9976f75470,0.047,,,
133,2026-07-27,SZ300274,0.06287940591573715,EXP_LinearModel_Alpha158_csi300_custom_step0_s_20260727_14,4da7ffeba76b45f395251b9976f75470,0.047,,,
134,2026-07-27,SZ002475,-0.010223876684904099,EXP_LinearModel_Alpha158_csi300_custom_step0_s_20260727_14,4da7ffeba76b45f395251b9976f75470,0.047,,,
135,2026-07-27,SZ002466,0.15474091470241547,EXP_LinearModel_Alpha158_csi300_custom_step0_s_20260727_14,4da7ffeba76b45f395251b9976f75470,0.047,,,
136,2026-07-27,SZ002463,-0.14208984375,EXP_LinearModel_Alpha158_csi300_custom_step0_s_20260727_14,4da7ffeba76b45f395251b9976f75470,0.047,,,
137,2026-07-27,SZ002460,0.10436911880970001,EXP_LinearModel_Alpha158_csi300_custom_step0_s_20260727_14,4da7ffeba76b45f395251b9976f75470,0.047,,,
138,2026-07-27,SZ002422,-0.13044390082359314,EXP_LinearModel_Alpha158_csi300_custom_step0_s_20260727_14,4da7ffeba76b45f395251b9976f75470,0.047,,,
139,2026-07-27,SZ002415,-0.17651574313640594,EXP_LinearModel_Alpha158_csi300_custom_step0_s_20260727_14,4da7ffeba76b45f395251b9976f75470,0.047,,,
140,2026-07-27,SZ002384,-0.2019946277141571,EXP_LinearModel_Alpha158_csi300_custom_step0_s_20260727_14,4da7ffeba76b45f395251b9976f75470,0.047,,,
141,2026-07-27,SZ002371,-0.15890219807624817,EXP_LinearModel_Alpha158_csi300_custom_step0_s_20260727_14,4da7ffeba76b45f395251b9976f75470,0.047,,,
142,2026-07-27,SZ002493,-0.032932449132204056,EXP_LinearModel_Alpha158_csi300_custom_step0_s_20260727_14,4da7ffeba76b45f395251b9976f75470,0.047,,,
143,2026-07-27,SZ002353,-0.02303355000913143,EXP_LinearModel_Alpha158_csi300_custom_step0_s_20260727_14,4da7ffeba76b45f395251b9976f75470,0.047,,,
144,2026-07-27,SZ002311,0.016379591077566147,EXP_LinearModel_Alpha158_csi300_custom_step0_s_20260727_14,4da7ffeba76b45f395251b9976f75470,0.047,,,
145,2026-07-27,SZ002304,-0.05580083280801773,EXP_LinearModel_Alpha158_csi300_custom_step0_s_20260727_14,4da7ffeba76b45f395251b9976f75470,0.047,,,
146,2026-07-27,SZ002241,-0.06768914312124252,EXP_LinearModel_Alpha158_csi300_custom_step0_s_20260727_14,4da7ffeba76b45f395251b9976f75470,0.047,,,
147,2026-07-27,SZ002236,-0.04524639993906021,EXP_LinearModel_Alpha158_csi300_custom_step0_s_20260727_14,4da7ffeba76b45f395251b9976f75470,0.047,,,
148,2026-07-27,SZ002230,-0.01834995672106743,EXP_LinearModel_Alpha158_csi300_custom_step0_s_20260727_14,4da7ffeba76b45f395251b9976f75470,0.047,,,
149,2026-07-27,SZ002202,0.10316122323274612,EXP_LinearModel_Alpha158_csi300_custom_step0_s_20260727_14,4da7ffeba76b45f395251b9976f75470,0.047,,,
150,2026-07-27,SZ002179,0.11727841943502426,EXP_LinearModel_Alpha158_csi300_custom_step0_s_20260727_14,4da7ffeba76b45f395251b9976f75470,0.047,,,
151,2026-07-27,SZ002142,-0.027584146708250046,EXP_LinearModel_Alpha158_csi300_custom_step0_s_20260727_14,4da7ffeba76b45f395251b9976f75470,0.047,,,
152,2026-07-27,SZ002352,0.03483797237277031,EXP_LinearModel_Alpha158_csi300_custom_step0_s_20260727_14,4da7ffeba76b45f395251b9976f75470,0.047,,,
153,2026-07-27,SZ002532,-0.13137735426425934,EXP_LinearModel_Alpha158_csi300_custom_step0_s_20260727_14,4da7ffeba76b45f395251b9976f75470,0.047,,,
154,2026-07-27,SZ002558,0.02548421546816826,EXP_LinearModel_Alpha158_csi300_custom_step0_s_20260727_14,4da7ffeba76b45f395251b9976f75470,0.047,,,
155,2026-07-27,SZ002594,-0.06716412305831909,EXP_LinearModel_Alpha158_csi300_custom_step0_s_20260727_14,4da7ffeba76b45f395251b9976f75470,0.047,,,
156,2026-07-27,SZ300251,-0.0489068478345871,EXP_LinearModel_Alpha158_csi300_custom_step0_s_20260727_14,4da7ffeba76b45f395251b9976f75470,0.047,,,
157,2026-07-27,SZ300124,0.06263666599988937,EXP_LinearModel_Alpha158_csi300_custom_step0_s_20260727_14,4da7ffeba76b45f395251b9976f75470,0.047,,,
158,2026-07-27,SZ300122,-0.059161268174648285,EXP_LinearModel_Alpha158_csi300_custom_step0_s_20260727_14,4da7ffeba76b45f395251b9976f75470,0.047,,,
159,2026-07-27,SZ300059,-0.10191157460212708,EXP_LinearModel_Alpha158_csi300_custom_step0_s_20260727_14,4da7ffeba76b45f395251b9976f75470,0.047,,,
160,2026-07-27,SZ300033,-0.05396616458892822,EXP_LinearModel_Alpha158_csi300_custom_step0_s_20260727_14,4da7ffeba76b45f395251b9976f75470,0.047,,,
161,2026-07-27,SZ300015,-0.05757266655564308,EXP_LinearModel_Alpha158_csi300_custom_step0_s_20260727_14,4da7ffeba76b45f395251b9976f75470,0.047,,,
162,2026-07-27,SZ300014,0.020625194534659386,EXP_LinearModel_Alpha158_csi300_custom_step0_s_20260727_14,4da7ffeba76b45f395251b9976f75470,0.047,,,
163,2026-07-27,SZ003816,0.08796226233243942,EXP_LinearModel_Alpha158_csi300_custom_step0_s_20260727_14,4da7ffeba76b45f395251b9976f75470,0.047,,,
164,2026-07-27,SZ002938,-0.031023269519209862,EXP_LinearModel_Alpha158_csi300_custom_step0_s_20260727_14,4da7ffeba76b45f395251b9976f75470,0.047,,,
165,2026-07-27,SZ002920,-0.005808708257973194,EXP_LinearModel_Alpha158_csi300_custom_step0_s_20260727_14,4da7ffeba76b45f395251b9976f75470,0.047,,,
166,2026-07-27,SZ002916,-0.06438855081796646,EXP_LinearModel_Alpha158_csi300_custom_step0_s_20260727_14,4da7ffeba76b45f395251b9976f75470,0.047,,,
167,2026-07-27,SZ002837,-0.18019349873065948,EXP_LinearModel_Alpha158_csi300_custom_step0_s_20260727_14,4da7ffeba76b45f395251b9976f75470,0.047,,,
168,2026-07-27,SZ002736,-0.013676435686647892,EXP_LinearModel_Alpha158_csi300_custom_step0_s_20260727_14,4da7ffeba76b45f395251b9976f75470,0.047,,,
169,2026-07-27,SZ002714,-0.06378908455371857,EXP_LinearModel_Alpha158_csi300_custom_step0_s_20260727_14,4da7ffeba76b45f395251b9976f75470,0.047,,,
170,2026-07-27,SZ002709,0.2594808042049408,EXP_LinearModel_Alpha158_csi300_custom_step0_s_20260727_14,4da7ffeba76b45f395251b9976f75470,0.047,,,
171,2026-07-27,SZ002648,-0.030092753469944,EXP_LinearModel_Alpha158_csi300_custom_step0_s_20260727_14,4da7ffeba76b45f395251b9976f75470,0.047,,,
172,2026-07-27,SZ002625,-0.05617579072713852,EXP_LinearModel_Alpha158_csi300_custom_step0_s_20260727_14,4da7ffeba76b45f395251b9976f75470,0.047,,,
173,2026-07-27,SZ002602,-0.07008947432041168,EXP_LinearModel_Alpha158_csi300_custom_step0_s_20260727_14,4da7ffeba76b45f395251b9976f75470,0.047,,,
174,2026-07-27,SZ002600,0.06518813222646713,EXP_LinearModel_Alpha158_csi300_custom_step0_s_20260727_14,4da7ffeba76b45f395251b9976f75470,0.047,,,
175,2026-07-27,SZ002050,0.013186799362301826,EXP_LinearModel_Alpha158_csi300_custom_step0_s_20260727_14,4da7ffeba76b45f395251b9976f75470,0.047,,,
176,2026-07-27,SH600039,-0.004273120313882828,EXP_LinearModel_Alpha158_csi300_custom_step0_s_20260727_14,6d6219862050466a98a99f9c009d69e0,0.075,,,
177,2026-07-27,SH601877,-0.030297737568616867,EXP_LinearModel_Alpha158_csi300_custom_step0_s_20260727_14,4da7ffeba76b45f395251b9976f75470,0.047,,,
178,2026-07-27,SH601868,0.028584003448486328,EXP_LinearModel_Alpha158_csi300_custom_step0_s_20260727_14,4da7ffeba76b45f395251b9976f75470,0.047,,,
179,2026-07-27,SH600118,-0.09225355833768845,EXP_LinearModel_Alpha158_csi300_custom_step0_s_20260727_14,4da7ffeba76b45f395251b9976f75470,0.047,,,
180,2026-07-27,SH600115,-0.029075007885694504,EXP_LinearModel_Alpha158_csi300_custom_step0_s_20260727_14,4da7ffeba76b45f395251b9976f75470,0.047,,,
181,2026-07-27,SH600111,0.11763054132461548,EXP_LinearModel_Alpha158_csi300_custom_step0_s_20260727_14,4da7ffeba76b45f395251b9976f75470,0.047,,,
182,2026-07-27,SH600104,0.022044122219085693,EXP_LinearModel_Alpha158_csi300_custom_step0_s_20260727_14,4da7ffeba76b45f395251b9976f75470,0.047,,,
183,2026-07-27,SH600089,-0.05016792193055153,EXP_LinearModel_Alpha158_csi300_custom_step0_s_20260727_14,4da7ffeba76b45f395251b9976f75470,0.047,,,
184,2026-07-27,SH600085,0.007382013835012913,EXP_LinearModel_Alpha158_csi300_custom_step0_s_20260727_14,4da7ffeba76b45f395251b9976f75470,0.047,,,
185,2026-07-27,SH600066,-0.037376921623945236,EXP_LinearModel_Alpha158_csi300_custom_step0_s_20260727_14,4da7ffeba76b45f395251b9976f75470,0.047,,,
186,2026-07-27,SH600061,0.001551944063976407,EXP_LinearModel_Alpha158_csi300_custom_step0_s_20260727_14,4da7ffeba76b45f395251b9976f75470,0.047,,,
187,2026-07-27,SH600150,-0.016159571707248688,EXP_LinearModel_Alpha158_csi300_custom_step0_s_20260727_14,4da7ffeba76b45f395251b9976f75470,0.047,,,
188,2026-07-27,SH600050,0.18397016823291779,EXP_LinearModel_Alpha158_csi300_custom_step0_s_20260727_14,4da7ffeba76b45f395251b9976f75470,0.047,,,
189,2026-07-27,SH600039,0.010109161026775837,EXP_LinearModel_Alpha158_csi300_custom_step0_s_20260727_14,4da7ffeba76b45f395251b9976f75470,0.047,,,
190,2026-07-27,SH600036,0.059028275310993195,EXP_LinearModel_Alpha158_csi300_custom_step0_s_20260727_14,4da7ffeba76b45f395251b9976f75470,0.047,,,
191,2026-07-27,SH600031,0.013710025697946548,EXP_LinearModel_Alpha158_csi300_custom_step0_s_20260727_14,4da7ffeba76b45f395251b9976f75470,0.047,,,
192,2026-07-27,SH600030,-0.014924338087439537,EXP_LinearModel_Alpha158_csi300_custom_step0_s_20260727_14,4da7ffeba76b45f395251b9976f75470,0.047,,,
193,2026-07-27,SH600029,-0.020839225500822067,EXP_LinearModel_Alpha158_csi300_custom_step0_s_20260727_14,4da7ffeba76b45f395251b9976f75470,0.047,,,
194,2026-07-27,SH600028,0.031030353158712387,EXP_LinearModel_Alpha158_csi300_custom_step0_s_20260727_14,4da7ffeba76b45f395251b9976f75470,0.047,,,
195,2026-07-27,SH600027,0.04634673148393631,EXP_LinearModel_Alpha158_csi300_custom_step0_s_20260727_14,4da7ffeba76b45f395251b9976f75470,0.047,,,
196,2026-07-27,SH600026,0.02057918906211853,EXP_LinearModel_Alpha158_csi300_custom_step0_s_20260727_14,4da7ffeba76b45f395251b9976f75470,0.047,,,
197,2026-07-27,SH600048,0.008088662289083004,EXP_LinearModel_Alpha158_csi300_custom_step0_s_20260727_14,4da7ffeba76b45f395251b9976f75470,0.047,,,
198,2026-07-27,SH600025,0.08878150582313538,EXP_LinearModel_Alpha158_csi300_custom_step0_s_20260727_14,4da7ffeba76b45f395251b9976f75470,0.047,,,
199,2026-07-27,SH600160,0.05738577991724014,EXP_LinearModel_Alpha158_csi300_custom_step0_s_20260727_14,4da7ffeba76b45f395251b9976f75470,0.047,,,
200,2026-07-27,SH600183,-0.1393728256225586,EXP_LinearModel_Alpha158_csi300_custom_step0_s_20260727_14,4da7ffeba76b45f395251b9976f75470,0.047,,,
201,2026-07-27,SH600489,-0.11374542862176895,EXP_LinearModel_Alpha158_csi300_custom_step0_s_20260727_14,4da7ffeba76b45f395251b9976f75470,0.047,,,
202,2026-07-27,SH600482,-0.19111758470535278,EXP_LinearModel_Alpha158_csi300_custom_step0_s_20260727_14,4da7ffeba76b45f395251b9976f75470,0.047,,,
203,2026-07-27,SH600460,0.004047687165439129,EXP_LinearModel_Alpha158_csi300_custom_step0_s_20260727_14,4da7ffeba76b45f395251b9976f75470,0.047,,,
204,2026-07-27,SH600438,-0.0248795785009861,EXP_LinearModel_Alpha158_csi300_custom_step0_s_20260727_14,4da7ffeba76b45f395251b9976f75470,0.047,,,
205,2026-07-27,SH600436,0.037526391446590424,EXP_LinearModel_Alpha158_csi300_custom_step0_s_20260727_14,4da7ffeba76b45f395251b9976f75470,0.047,,,
206,2026-07-27,SH600426,-0.06096688285470009,EXP_LinearModel_Alpha158_csi300_custom_step0_s_20260727_14,4da7ffeba76b45f395251b9976f75470,0.047,,,
207,2026-07-27,SH600415,-0.06313641369342804,EXP_LinearModel_Alpha158_csi300_custom_step0_s_20260727_14,4da7ffeba76b45f395251b9976f75470,0.047,,,
208,2026-07-27,SH600406,-0.05370459705591202,EXP_LinearModel_Alpha158_csi300_custom_step0_s_20260727_14,4da7ffeba76b45f395251b9976f75470,0.047,,,
209,2026-07-27,SH600176,0.28085586428642273,EXP_LinearModel_Alpha158_csi300_custom_step0_s_20260727_14,4da7ffeba76b45f395251b9976f75470,0.047,,,
210,2026-07-27,SH600372,-0.06368890404701233,EXP_LinearModel_Alpha158_csi300_custom_step0_s_20260727_14,4da7ffeba76b45f395251b9976f75470,0.047,,,
211,2026-07-27,SH600346,-0.03169247508049011,EXP_LinearModel_Alpha158_csi300_custom_step0_s_20260727_14,4da7ffeba76b45f395251b9976f75470,0.047,,,
212,2026-07-27,SH600309,-0.13867801427841187,EXP_LinearModel_Alpha158_csi300_custom_step0_s_20260727_14,4da7ffeba76b45f395251b9976f75470,0.047,,,
213,2026-07-27,SH600276,-0.032914433628320694,EXP_LinearModel_Alpha158_csi300_custom_step0_s_20260727_14,4da7ffeba76b45f395251b9976f75470,0.047,,,
214,2026-07-27,SH600233,-0.08378732204437256,EXP_LinearModel_Alpha158_csi300_custom_step0_s_20260727_14,4da7ffeba76b45f395251b9976f75470,0.047,,,
215,2026-07-27,SH600221,0.06784790009260178,EXP_LinearModel_Alpha158_csi300_custom_step0_s_20260727_14,4da7ffeba76b45f395251b9976f75470,0.047,,,
216,2026-07-27,SH600219,-0.1669776737689972,EXP_LinearModel_Alpha158_csi300_custom_step0_s_20260727_14,4da7ffeba76b45f395251b9976f75470,0.047,,,
217,2026-07-27,SH600196,-0.053932879120111465,EXP_LinearModel_Alpha158_csi300_custom_step0_s_20260727_14,4da7ffeba76b45f395251b9976f75470,0.047,,,
218,2026-07-27,SH600188,-0.11809144169092178,EXP_LinearModel_Alpha158_csi300_custom_step0_s_20260727_14,4da7ffeba76b45f395251b9976f75470,0.047,,,
219,2026-07-27,SH600362,-0.12724488973617554,EXP_LinearModel_Alpha158_csi300_custom_step0_s_20260727_14,4da7ffeba76b45f395251b9976f75470,0.047,,,
220,2026-07-27,SH600023,0.008425375446677208,EXP_LinearModel_Alpha158_csi300_custom_step0_s_20260727_14,4da7ffeba76b45f395251b9976f75470,0.047,,,
221,2026-07-27,SH600019,0.03735937178134918,EXP_LinearModel_Alpha158_csi300_custom_step0_s_20260727_14,4da7ffeba76b45f395251b9976f75470,0.047,,,
222,2026-07-27,SH600018,0.12990516424179077,EXP_LinearModel_Alpha158_csi300_custom_step0_s_20260727_14,4da7ffeba76b45f395251b9976f75470,0.047,,,
223,2026-07-27,SZ300450,-0.016346191987395287,EXP_LinearModel_Alpha158_csi300_custom_step0_s_20260727_14,bd375c134d1449b584a18c6b55360ec9,0.026,,,
224,2026-07-27,SZ300442,0.02393004298210144,EXP_LinearModel_Alpha158_csi300_custom_step0_s_20260727_14,bd375c134d1449b584a18c6b55360ec9,0.026,,,
225,2026-07-27,SZ300433,-0.1392327845096588,EXP_LinearModel_Alpha158_csi300_custom_step0_s_20260727_14,bd375c134d1449b584a18c6b55360ec9,0.026,,,
226,2026-07-27,SZ300418,-0.041154950857162476,EXP_LinearModel_Alpha158_csi300_custom_step0_s_20260727_14,bd375c134d1449b584a18c6b55360ec9,0.026,,,
227,2026-07-27,SZ300413,0.04176471009850502,EXP_LinearModel_Alpha158_csi300_custom_step0_s_20260727_14,bd375c134d1449b584a18c6b55360ec9,0.026,,,
228,2026-07-27,SZ300408,-0.06024728715419769,EXP_LinearModel_Alpha158_csi300_custom_step0_s_20260727_14,bd375c134d1449b584a18c6b55360ec9,0.026,,,
229,2026-07-27,SZ300394,-0.14264371991157532,EXP_LinearModel_Alpha158_csi300_custom_step0_s_20260727_14,bd375c134d1449b584a18c6b55360ec9,0.026,,,
230,2026-07-27,SZ300316,-0.02636396884918213,EXP_LinearModel_Alpha158_csi300_custom_step0_s_20260727_14,bd375c134d1449b584a18c6b55360ec9,0.026,,,
231,2026-07-27,SZ300476,0.009662218391895294,EXP_LinearModel_Alpha158_csi300_custom_step0_s_20260727_14,bd375c134d1449b584a18c6b55360ec9,0.026,,,
232,2026-07-27,SZ300308,-0.1776277720928192,EXP_LinearModel_Alpha158_csi300_custom_step0_s_20260727_14,bd375c134d1449b584a18c6b55360ec9,0.026,,,
233,2026-07-27,SZ300251,-0.005199509672820568,EXP_LinearModel_Alpha158_csi300_custom_step0_s_20260727_14,bd375c134d1449b584a18c6b55360ec9,0.026,,,
234,2026-07-27,SZ300124,0.03224971890449524,EXP_LinearModel_Alpha158_csi300_custom_step0_s_20260727_14,bd375c134d1449b584a18c6b55360ec9,0.026,,,
235,2026-07-27,SZ300122,-0.013409076258540154,EXP_LinearModel_Alpha158_csi300_custom_step0_s_20260727_14,bd375c134d1449b584a18c6b55360ec9,0.026,,,
236,2026-07-27,SZ300059,-0.08282394707202911,EXP_LinearModel_Alpha158_csi300_custom_step0_s_20260727_14,bd375c134d1449b584a18c6b55360ec9,0.026,,,
237,2026-07-27,SZ300033,-0.08108103275299072,EXP_LinearModel_Alpha158_csi300_custom_step0_s_20260727_14,bd375c134d1449b584a18c6b55360ec9,0.026,,,
238,2026-07-27,SZ300015,-0.01820681244134903,EXP_LinearModel_Alpha158_csi300_custom_step0_s_20260727_14,bd375c134d1449b584a18c6b55360ec9,0.026,,,
239,2026-07-27,SZ300014,-0.04657524451613426,EXP_LinearModel_Alpha158_csi300_custom_step0_s_20260727_14,bd375c134d1449b584a18c6b55360ec9,0.026,,,
240,2026-07-27,SZ003816,0.05773112177848816,EXP_LinearModel_Alpha158_csi300_custom_step0_s_20260727_14,bd375c134d1449b584a18c6b55360ec9,0.026,,,
241,2026-07-27,SZ300274,-0.06125864386558533,EXP_LinearModel_Alpha158_csi300_custom_step0_s_20260727_14,bd375c134d1449b584a18c6b55360ec9,0.026,,,
242,2026-07-27,SZ300498,-0.04540460184216499,EXP_LinearModel_Alpha158_csi300_custom_step0_s_20260727_14,bd375c134d1449b584a18c6b55360ec9,0.026,,,
243,2026-07-27,SZ300502,-0.11284077912569046,EXP_LinearModel_Alpha158_csi300_custom_step0_s_20260727_14,bd375c134d1449b584a18c6b55360ec9,0.026,,,
244,2026-07-27,SZ300628,0.04870577156543732,EXP_LinearModel_Alpha158_csi300_custom_step0_s_20260727_14,bd375c134d1449b584a18c6b55360ec9,0.026,,,
245,2026-07-27,SH600016,0.02609843760728836,EXP_LinearModel_Alpha158_csi300_custom_step0_s_20260727_14,4da7ffeba76b45f395251b9976f75470,0.047,,,
246,2026-07-27,SH600015,0.11678548902273178,EXP_LinearModel_Alpha158_csi300_custom_step0_s_20260727_14,4da7ffeba76b45f395251b9976f75470,0.047,,,
247,2026-07-27,SH600011,0.011377560906112194,EXP_LinearModel_Alpha158_csi300_custom_step0_s_20260727_14,4da7ffeba76b45f395251b9976f75470,0.047,,,
248,2026-07-27,SH600010,-0.09818465262651443,EXP_LinearModel_Alpha158_csi300_custom_step0_s_20260727_14,4da7ffeba76b45f395251b9976f75470,0.047,,,
249,2026-07-27,SH600009,-0.07771442830562592,EXP_LinearModel_Alpha158_csi300_custom_step0_s_20260727_14,4da7ffeba76b45f395251b9976f75470,0.047,,,
250,2026-07-27,SH600000,-0.014405264519155025,EXP_LinearModel_Alpha158_csi300_custom_step0_s_20260727_14,4da7ffeba76b45f395251b9976f75470,0.047,,,
251,2026-07-27,SZ302132,-0.08537270873785019,EXP_LinearModel_Alpha158_csi300_custom_step0_s_20260727_14,bd375c134d1449b584a18c6b55360ec9,0.026,,,
252,2026-07-27,SZ301308,0.038749195635318756,EXP_LinearModel_Alpha158_csi300_custom_step0_s_20260727_14,bd375c134d1449b584a18c6b55360ec9,0.026,,,
253,2026-07-27,SZ301269,-0.053925249725580215,EXP_LinearModel_Alpha158_csi300_custom_step0_s_20260727_14,bd375c134d1449b584a18c6b55360ec9,0.026,,,
254,2026-07-27,SZ301236,-0.035682227462530136,EXP_LinearModel_Alpha158_csi300_custom_step0_s_20260727_14,bd375c134d1449b584a18c6b55360ec9,0.026,,,
255,2026-07-27,SZ301165,-0.6009649634361267,EXP_LinearModel_Alpha158_csi300_custom_step0_s_20260727_14,bd375c134d1449b584a18c6b55360ec9,0.026,,,
256,2026-07-27,SZ300999,-0.029408900067210197,EXP_LinearModel_Alpha158_csi300_custom_step0_s_20260727_14,bd375c134d1449b584a18c6b55360ec9,0.026,,,
257,2026-07-27,SZ300896,-0.01816101372241974,EXP_LinearModel_Alpha158_csi300_custom_step0_s_20260727_14,bd375c134d1449b584a18c6b55360ec9,0.026,,,
258,2026-07-27,SZ300866,0.010773689486086369,EXP_LinearModel_Alpha158_csi300_custom_step0_s_20260727_14,bd375c134d1449b584a18c6b55360ec9,0.026,,,
259,2026-07-27,SZ300832,-0.07127899676561356,EXP_LinearModel_Alpha158_csi300_custom_step0_s_20260727_14,bd375c134d1449b584a18c6b55360ec9,0.026,,,
260,2026-07-27,SZ300803,-0.04110950604081154,EXP_LinearModel_Alpha158_csi300_custom_step0_s_20260727_14,bd375c134d1449b584a18c6b55360ec9,0.026,,,
261,2026-07-27,SZ300760,0.03774292767047882,EXP_LinearModel_Alpha158_csi300_custom_step0_s_20260727_14,bd375c134d1449b584a18c6b55360ec9,0.026,,,
262,2026-07-27,SZ300750,-0.028564875945448875,EXP_LinearModel_Alpha158_csi300_custom_step0_s_20260727_14,bd375c134d1449b584a18c6b55360ec9,0.026,,,
263,2026-07-27,SZ300661,-0.0999825969338417,EXP_LinearModel_Alpha158_csi300_custom_step0_s_20260727_14,bd375c134d1449b584a18c6b55360ec9,0.026,,,
264,2026-07-27,SH600515,-0.0007846131920814514,EXP_LinearModel_Alpha158_csi300_custom_step0_s_20260727_14,4da7ffeba76b45f395251b9976f75470,0.047,,,
265,2026-07-27,SH601872,-0.05177995562553406,EXP_LinearModel_Alpha158_csi300_custom_step0_s_20260727_14,4da7ffeba76b45f395251b9976f75470,0.047,,,
266,2026-07-27,SH600519,0.0306655615568161,EXP_LinearModel_Alpha158_csi300_custom_step0_s_20260727_14,4da7ffeba76b45f395251b9976f75470,0.047,,,
267,2026-07-27,SH600547,-0.147070050239563,EXP_LinearModel_Alpha158_csi300_custom_step0_s_20260727_14,4da7ffeba76b45f395251b9976f75470,0.047,,,
268,2026-07-27,SH601456,0.01205444149672985,EXP_LinearModel_Alpha158_csi300_custom_step0_s_20260727_14,4da7ffeba76b45f395251b9976f75470,0.047,,,
269,2026-07-27,SH601398,0.07977171987295151,EXP_LinearModel_Alpha158_csi300_custom_step0_s_20260727_14,4da7ffeba76b45f395251b9976f75470,0.047,,,
270,2026-07-27,SH601390,0.09505455195903778,EXP_LinearModel_Alpha158_csi300_custom_step0_s_20260727_14,4da7ffeba76b45f395251b9976f75470,0.047,,,
271,2026-07-27,SH601377,0.015043865889310837,EXP_LinearModel_Alpha158_csi300_custom_step0_s_20260727_14,4da7ffeba76b45f395251b9976f75470,0.047,,,
272,2026-07-27,SH601360,-0.05603944882750511,EXP_LinearModel_Alpha158_csi300_custom_step0_s_20260727_14,4da7ffeba76b45f395251b9976f75470,0.047,,,
273,2026-07-27,SH601336,-0.1131279319524765,EXP_LinearModel_Alpha158_csi300_custom_step0_s_20260727_14,4da7ffeba76b45f395251b9976f75470,0.047,,,
274,2026-07-27,SH601328,0.09878731518983841,EXP_LinearModel_Alpha158_csi300_custom_step0_s_20260727_14,4da7ffeba76b45f395251b9976f75470,0.047,,,
275,2026-07-27,SH601319,0.003408597782254219,EXP_LinearModel_Alpha158_csi300_custom_step0_s_20260727_14,4da7ffeba76b45f395251b9976f75470,0.047,,,
276,2026-07-27,SH601600,-0.055092953145504,EXP_LinearModel_Alpha158_csi300_custom_step0_s_20260727_14,4da7ffeba76b45f395251b9976f75470,0.047,,,
277,2026-07-27,SH601318,0.056363705545663834,EXP_LinearModel_Alpha158_csi300_custom_step0_s_20260727_14,4da7ffeba76b45f395251b9976f75470,0.047,,,
278,2026-07-27,SH601238,-0.0498163066804409,EXP_LinearModel_Alpha158_csi300_custom_step0_s_20260727_14,4da7ffeba76b45f395251b9976f75470,0.047,,,
279,2026-07-27,SH601229,-0.05222912132740021,EXP_LinearModel_Alpha158_csi300_custom_step0_s_20260727_14,4da7ffeba76b45f395251b9976f75470,0.047,,,
280,2026-07-27,SH601225,-0.056008659303188324,EXP_LinearModel_Alpha158_csi300_custom_step0_s_20260727_14,4da7ffeba76b45f395251b9976f75470,0.047,,,
281,2026-07-27,SH601211,-0.0777902603149414,EXP_LinearModel_Alpha158_csi300_custom_step0_s_20260727_14,4da7ffeba76b45f395251b9976f75470,0.047,,,
282,2026-07-27,SH601186,0.10979154706001282,EXP_LinearModel_Alpha158_csi300_custom_step0_s_20260727_14,4da7ffeba76b45f395251b9976f75470,0.047,,,
283,2026-07-27,SH601169,0.16884274780750275,EXP_LinearModel_Alpha158_csi300_custom_step0_s_20260727_14,4da7ffeba76b45f395251b9976f75470,0.047,,,
284,2026-07-27,SH601166,0.03139384463429451,EXP_LinearModel_Alpha158_csi300_custom_step0_s_20260727_14,4da7ffeba76b45f395251b9976f75470,0.047,,,
285,2026-07-27,SH601138,-0.13688962161540985,EXP_LinearModel_Alpha158_csi300_custom_step0_s_20260727_14,4da7ffeba76b45f395251b9976f75470,0.047,,,
286,2026-07-27,SH601288,0.04297472536563873,EXP_LinearModel_Alpha158_csi300_custom_step0_s_20260727_14,4da7ffeba76b45f395251b9976f75470,0.047,,,
287,2026-07-27,SH601136,-0.09309753775596619,EXP_LinearModel_Alpha158_csi300_custom_step0_s_20260727_14,4da7ffeba76b45f395251b9976f75470,0.047,,,
288,2026-07-27,SH601601,-2.2711465135216713e-05,EXP_LinearModel_Alpha158_csi300_custom_step0_s_20260727_14,4da7ffeba76b45f395251b9976f75470,0.047,,,
289,2026-07-27,SH601618,0.059886202216148376,EXP_LinearModel_Alpha158_csi300_custom_step0_s_20260727_14,4da7ffeba76b45f395251b9976f75470,0.047,,,
290,2026-07-27,SH601857,-0.015737077221274376,EXP_LinearModel_Alpha158_csi300_custom_step0_s_20260727_14,4da7ffeba76b45f395251b9976f75470,0.047,,,
291,2026-07-27,SH601838,0.012601868249475956,EXP_LinearModel_Alpha158_csi300_custom_step0_s_20260727_14,4da7ffeba76b45f395251b9976f75470,0.047,,,
292,2026-07-27,SH601825,-0.09065084904432297,EXP_LinearModel_Alpha158_csi300_custom_step0_s_20260727_14,4da7ffeba76b45f395251b9976f75470,0.047,,,
293,2026-07-27,SH601818,0.033165521919727325,EXP_LinearModel_Alpha158_csi300_custom_step0_s_20260727_14,4da7ffeba76b45f395251b9976f75470,0.047,,,
294,2026-07-27,SH601816,0.1292579472064972,EXP_LinearModel_Alpha158_csi300_custom_step0_s_20260727_14,4da7ffeba76b45f395251b9976f75470,0.047,,,
295,2026-07-27,SH601800,0.02975950576364994,EXP_LinearModel_Alpha158_csi300_custom_step0_s_20260727_14,4da7ffeba76b45f395251b9976f75470,0.047,,,
296,2026-07-27,SH601788,-0.039537835866212845,EXP_LinearModel_Alpha158_csi300_custom_step0_s_20260727_14,4da7ffeba76b45f395251b9976f75470,0.047,,,
297,2026-07-27,SH601766,0.10143709927797318,EXP_LinearModel_Alpha158_csi300_custom_step0_s_20260727_14,4da7ffeba76b45f395251b9976f75470,0.047,,,
298,2026-07-27,SH601607,0.0035631824284791946,EXP_LinearModel_Alpha158_csi300_custom_step0_s_20260727_14,4da7ffeba76b45f395251b9976f75470,0.047,,,
299,2026-07-27,SH601728,0.08824437856674194,EXP_LinearModel_Alpha158_csi300_custom_step0_s_20260727_14,4da7ffeba76b45f395251b9976f75470,0.047,,,
300,2026-07-27,SH601698,-0.09133648872375488,EXP_LinearModel_Alpha158_csi300_custom_step0_s_20260727_14,4da7ffeba76b45f395251b9976f75470,0.047,,,
301,2026-07-27,SH601689,-0.040292467921972275,EXP_LinearModel_Alpha158_csi300_custom_step0_s_20260727_14,4da7ffeba76b45f395251b9976f75470,0.047,,,
302,2026-07-27,SH601688,-0.012267090380191803,EXP_LinearModel_Alpha158_csi300_custom_step0_s_20260727_14,4da7ffeba76b45f395251b9976f75470,0.047,,,
303,2026-07-27,SH601669,0.003952774219214916,EXP_LinearModel_Alpha158_csi300_custom_step0_s_20260727_14,4da7ffeba76b45f395251b9976f75470,0.047,,,
304,2026-07-27,SH601668,0.12629279494285583,EXP_LinearModel_Alpha158_csi300_custom_step0_s_20260727_14,4da7ffeba76b45f395251b9976f75470,0.047,,,
305,2026-07-27,SH601658,0.10785425454378128,EXP_LinearModel_Alpha158_csi300_custom_step0_s_20260727_14,4da7ffeba76b45f395251b9976f75470,0.047,,,
306,2026-07-27,SH601633,-0.05370651185512543,EXP_LinearModel_Alpha158_csi300_custom_step0_s_20260727_14,4da7ffeba76b45f395251b9976f75470,0.047,,,
307,2026-07-27,SH601628,-0.034443438053131104,EXP_LinearModel_Alpha158_csi300_custom_step0_s_20260727_14,4da7ffeba76b45f395251b9976f75470,0.047,,,
308,2026-07-27,SH601727,0.029303496703505516,EXP_LinearModel_Alpha158_csi300_custom_step0_s_20260727_14,4da7ffeba76b45f395251b9976f75470,0.047,,,
309,2026-07-27,SH601127,0.024823259562253952,EXP_LinearModel_Alpha158_csi300_custom_step0_s_20260727_14,4da7ffeba76b45f395251b9976f75470,0.047,,,
310,2026-07-27,SH601117,0.0057607609778642654,EXP_LinearModel_Alpha158_csi300_custom_step0_s_20260727_14,4da7ffeba76b45f395251b9976f75470,0.047,,,
311,2026-07-27,SH601111,-0.06670790910720825,EXP_LinearModel_Alpha158_csi300_custom_step0_s_20260727_14,4da7ffeba76b45f395251b9976f75470,0.047,,,
312,2026-07-27,SH600887,0.01457483321428299,EXP_LinearModel_Alpha158_csi300_custom_step0_s_20260727_14,4da7ffeba76b45f395251b9976f75470,0.047,,,
313,2026-07-27,SH600886,0.09203284233808517,EXP_LinearModel_Alpha158_csi300_custom_step0_s_20260727_14,4da7ffeba76b45f395251b9976f75470,0.047,,,
314,2026-07-27,SH600875,-0.08050103485584259,EXP_LinearModel_Alpha158_csi300_custom_step0_s_20260727_14,4da7ffeba76b45f395251b9976f75470,0.047,,,
315,2026-07-27,SH600845,-0.013684365898370743,EXP_LinearModel_Alpha158_csi300_custom_step0_s_20260727_14,4da7ffeba76b45f395251b9976f75470,0.047,,,
316,2026-07-27,SH600809,-0.039835669100284576,EXP_LinearModel_Alpha158_csi300_custom_step0_s_20260727_14,4da7ffeba76b45f395251b9976f75470,0.047,,,
317,2026-07-27,SH600803,-0.0529281422495842,EXP_LinearModel_Alpha158_csi300_custom_step0_s_20260727_14,4da7ffeba76b45f395251b9976f75470,0.047,,,
318,2026-07-27,SH600795,0.03247375786304474,EXP_LinearModel_Alpha158_csi300_custom_step0_s_20260727_14,4da7ffeba76b45f395251b9976f75470,0.047,,,
319,2026-07-27,SH600760,-0.009862418286502361,EXP_LinearModel_Alpha158_csi300_custom_step0_s_20260727_14,4da7ffeba76b45f395251b9976f75470,0.047,,,
320,2026-07-27,SH600893,-0.017717966809868813,EXP_LinearModel_Alpha158_csi300_custom_step0_s_20260727_14,4da7ffeba76b45f395251b9976f75470,0.047,,,
321,2026-07-27,SH600741,0.11417755484580994,EXP_LinearModel_Alpha158_csi300_custom_step0_s_20260727_14,4da7ffeba76b45f395251b9976f75470,0.047,,,
322,2026-07-27,SH600674,0.12518493831157684,EXP_LinearModel_Alpha158_csi300_custom_step0_s_20260727_14,4da7ffeba76b45f395251b9976f75470,0.047,,,
323,2026-07-27,SH600660,0.020082373172044754,EXP_LinearModel_Alpha158_csi300_custom_step0_s_20260727_14,4da7ffeba76b45f395251b9976f75470,0.047,,,
324,2026-07-27,SH600600,0.0019170013256371021,EXP_LinearModel_Alpha158_csi300_custom_step0_s_20260727_14,4da7ffeba76b45f395251b9976f75470,0.047,,,
325,2026-07-27,SH600588,-0.061870429664850235,EXP_LinearModel_Alpha158_csi300_custom_step0_s_20260727_14,4da7ffeba76b45f395251b9976f75470,0.047,,,
326,2026-07-27,SH600585,0.032684408128261566,EXP_LinearModel_Alpha158_csi300_custom_step0_s_20260727_14,4da7ffeba76b45f395251b9976f75470,0.047,,,
327,2026-07-27,SH600584,-0.21563443541526794,EXP_LinearModel_Alpha158_csi300_custom_step0_s_20260727_14,4da7ffeba76b45f395251b9976f75470,0.047,,,
328,2026-07-27,SH600570,-0.02632863260805607,EXP_LinearModel_Alpha158_csi300_custom_step0_s_20260727_14,4da7ffeba76b45f395251b9976f75470,0.047,,,
329,2026-07-27,SH600549,0.0316229909658432,EXP_LinearModel_Alpha158_csi300_custom_step0_s_20260727_14,4da7ffeba76b45f395251b9976f75470,0.047,,,
330,2026-07-27,SH600690,0.00745424022898078,EXP_LinearModel_Alpha158_csi300_custom_step0_s_20260727_14,4da7ffeba76b45f395251b9976f75470,0.047,,,
331,2026-07-27,SH600900,0.08789443224668503,EXP_LinearModel_Alpha158_csi300_custom_step0_s_20260727_14,4da7ffeba76b45f395251b9976f75470,0.047,,,
332,2026-07-27,SH600905,0.09074351191520691,EXP_LinearModel_Alpha158_csi300_custom_step0_s_20260727_14,4da7ffeba76b45f395251b9976f75470,0.047,,,
333,2026-07-27,SH600918,-0.040019690990448,EXP_LinearModel_Alpha158_csi300_custom_step0_s_20260727_14,4da7ffeba76b45f395251b9976f75470,0.047,,,
334,2026-07-27,SH601100,0.04650726169347763,EXP_LinearModel_Alpha158_csi300_custom_step0_s_20260727_14,4da7ffeba76b45f395251b9976f75470,0.047,,,
335,2026-07-27,SH601088,0.05672737583518028,EXP_LinearModel_Alpha158_csi300_custom_step0_s_20260727_14,4da7ffeba76b45f395251b9976f75470,0.047,,,
336,2026-07-27,SH601077,0.029245609417557716,EXP_LinearModel_Alpha158_csi300_custom_step0_s_20260727_14,4da7ffeba76b45f395251b9976f75470,0.047,,,
337,2026-07-27,SH601066,0.00159745616838336,EXP_LinearModel_Alpha158_csi300_custom_step0_s_20260727_14,4da7ffeba76b45f395251b9976f75470,0.047,,,
338,2026-07-27,SH601059,-0.0831746980547905,EXP_LinearModel_Alpha158_csi300_custom_step0_s_20260727_14,4da7ffeba76b45f395251b9976f75470,0.047,,,
339,2026-07-27,SH601058,-0.016290247440338135,EXP_LinearModel_Alpha158_csi300_custom_step0_s_20260727_14,4da7ffeba76b45f395251b9976f75470,0.047,,,
340,2026-07-27,SH601021,-0.06967165321111679,EXP_LinearModel_Alpha158_csi300_custom_step0_s_20260727_14,4da7ffeba76b45f395251b9976f75470,0.047,,,
341,2026-07-27,SH601018,0.04093725234270096,EXP_LinearModel_Alpha158_csi300_custom_step0_s_20260727_14,4da7ffeba76b45f395251b9976f75470,0.047,,,
342,2026-07-27,SH601012,-0.12380208820104599,EXP_LinearModel_Alpha158_csi300_custom_step0_s_20260727_14,4da7ffeba76b45f395251b9976f75470,0.047,,,
343,2026-07-27,SH601009,0.03126996383070946,EXP_LinearModel_Alpha158_csi300_custom_step0_s_20260727_14,4da7ffeba76b45f395251b9976f75470,0.047,,,
344,2026-07-27,SH601006,0.08222393691539764,EXP_LinearModel_Alpha158_csi300_custom_step0_s_20260727_14,4da7ffeba76b45f395251b9976f75470,0.047,,,
345,2026-07-27,SH600999,-0.1415209323167801,EXP_LinearModel_Alpha158_csi300_custom_step0_s_20260727_14,4da7ffeba76b45f395251b9976f75470,0.047,,,
346,2026-07-27,SH600989,-0.1379467397928238,EXP_LinearModel_Alpha158_csi300_custom_step0_s_20260727_14,4da7ffeba76b45f395251b9976f75470,0.047,,,
347,2026-07-27,SH600958,,EXP_LinearModel_Alpha158_csi300_custom_step0_s_20260727_14,4da7ffeba76b45f395251b9976f75470,0.047,,,
348,2026-07-27,SH600941,0.08490512520074844,EXP_LinearModel_Alpha158_csi300_custom_step0_s_20260727_14,4da7ffeba76b45f395251b9976f75470,0.047,,,
349,2026-07-27,SH600938,-0.20266325771808624,EXP_LinearModel_Alpha158_csi300_custom_step0_s_20260727_14,4da7ffeba76b45f395251b9976f75470,0.047,,,
350,2026-07-27,SH600930,0.05346399173140526,EXP_LinearModel_Alpha158_csi300_custom_step0_s_20260727_14,4da7ffeba76b45f395251b9976f75470,0.047,,,
351,2026-07-27,SH600926,-0.040818799287080765,EXP_LinearModel_Alpha158_csi300_custom_step0_s_20260727_14,4da7ffeba76b45f395251b9976f75470,0.047,,,
352,2026-07-27,SH600919,0.060495346784591675,EXP_LinearModel_Alpha158_csi300_custom_step0_s_20260727_14,4da7ffeba76b45f395251b9976f75470,0.047,,,
353,2026-07-27,SH600522,0.20422764122486115,EXP_LinearModel_Alpha158_csi300_custom_step0_s_20260727_14,4da7ffeba76b45f395251b9976f75470,0.047,,,
354,2026-07-27,SZ002938,-0.05601806938648224,EXP_LinearModel_Alpha158_csi300_custom_step0_s_20260727_14,bd375c134d1449b584a18c6b55360ec9,0.026,,,
355,2026-07-27,SH600048,-0.013425314798951149,EXP_LinearModel_Alpha158_csi300_custom_step0_s_20260727_14,6d6219862050466a98a99f9c009d69e0,0.075,,,
356,2026-07-27,SH600061,0.00930862408131361,EXP_LinearModel_Alpha158_csi300_custom_step0_s_20260727_14,6d6219862050466a98a99f9c009d69e0,0.075,,,
357,2026-07-27,SZ002837,-0.22663603723049164,EXP_LinearModel_Alpha158_csi300_custom_step0_s_20260727_14,6d6219862050466a98a99f9c009d69e0,0.075,,,
358,2026-07-27,SZ002736,-0.024066731333732605,EXP_LinearModel_Alpha158_csi300_custom_step0_s_20260727_14,6d6219862050466a98a99f9c009d69e0,0.075,,,
359,2026-07-27,SZ002714,0.025493856519460678,EXP_LinearModel_Alpha158_csi300_custom_step0_s_20260727_14,6d6219862050466a98a99f9c009d69e0,0.075,,,
360,2026-07-27,SZ002709,0.16119936108589172,EXP_LinearModel_Alpha158_csi300_custom_step0_s_20260727_14,6d6219862050466a98a99f9c009d69e0,0.075,,,
361,2026-07-27,SZ002648,-0.07778976857662201,EXP_LinearModel_Alpha158_csi300_custom_step0_s_20260727_14,6d6219862050466a98a99f9c009d69e0,0.075,,,
362,2026-07-27,SZ002625,-0.061848267912864685,EXP_LinearModel_Alpha158_csi300_custom_step0_s_20260727_14,6d6219862050466a98a99f9c009d69e0,0.075,,,
363,2026-07-27,SZ002602,-0.013236197642982006,EXP_LinearModel_Alpha158_csi300_custom_step0_s_20260727_14,6d6219862050466a98a99f9c009d69e0,0.075,,,
364,2026-07-27,SZ002600,-0.12624767422676086,EXP_LinearModel_Alpha158_csi300_custom_step0_s_20260727_14,6d6219862050466a98a99f9c009d69e0,0.075,,,
365,2026-07-27,SZ002916,-0.10413649678230286,EXP_LinearModel_Alpha158_csi300_custom_step0_s_20260727_14,6d6219862050466a98a99f9c009d69e0,0.075,,,
366,2026-07-27,SZ002594,-0.052968475967645645,EXP_LinearModel_Alpha158_csi300_custom_step0_s_20260727_14,6d6219862050466a98a99f9c009d69e0,0.075,,,
367,2026-07-27,SZ002532,-0.1490439921617508,EXP_LinearModel_Alpha158_csi300_custom_step0_s_20260727_14,6d6219862050466a98a99f9c009d69e0,0.075,,,
368,2026-07-27,SZ002493,-0.039950378239154816,EXP_LinearModel_Alpha158_csi300_custom_step0_s_20260727_14,6d6219862050466a98a99f9c009d69e0,0.075,,,
369,2026-07-27,SZ002475,-0.07349702715873718,EXP_LinearModel_Alpha158_csi300_custom_step0_s_20260727_14,6d6219862050466a98a99f9c009d69e0,0.075,,,
370,2026-07-27,SZ002466,0.1329546570777893,EXP_LinearModel_Alpha158_csi300_custom_step0_s_20260727_14,6d6219862050466a98a99f9c009d69e0,0.075,,,
371,2026-07-27,SZ002463,-0.21556034684181213,EXP_LinearModel_Alpha158_csi300_custom_step0_s_20260727_14,6d6219862050466a98a99f9c009d69e0,0.075,,,
372,2026-07-27,SZ002460,0.06782257556915283,EXP_LinearModel_Alpha158_csi300_custom_step0_s_20260727_14,6d6219862050466a98a99f9c009d69e0,0.075,,,
373,2026-07-27,SZ002422,-0.09008605778217316,EXP_LinearModel_Alpha158_csi300_custom_step0_s_20260727_14,6d6219862050466a98a99f9c009d69e0,0.075,,,
374,2026-07-27,SZ002415,-0.1897881180047989,EXP_LinearModel_Alpha158_csi300_custom_step0_s_20260727_14,6d6219862050466a98a99f9c009d69e0,0.075,,,
375,2026-07-27,SZ002558,0.03352789953351021,EXP_LinearModel_Alpha158_csi300_custom_step0_s_20260727_14,6d6219862050466a98a99f9c009d69e0,0.075,,,
376,2026-07-27,SZ002384,-0.2838349938392639,EXP_LinearModel_Alpha158_csi300_custom_step0_s_20260727_14,6d6219862050466a98a99f9c009d69e0,0.075,,,
377,2026-07-27,SZ002920,-0.019601183012127876,EXP_LinearModel_Alpha158_csi300_custom_step0_s_20260727_14,6d6219862050466a98a99f9c009d69e0,0.075,,,
378,2026-07-27,SZ003816,0.07999098300933838,EXP_LinearModel_Alpha158_csi300_custom_step0_s_20260727_14,6d6219862050466a98a99f9c009d69e0,0.075,,,
379,2026-07-27,SZ300476,-0.054091304540634155,EXP_LinearModel_Alpha158_csi300_custom_step0_s_20260727_14,6d6219862050466a98a99f9c009d69e0,0.075,,,
380,2026-07-27,SZ300450,-0.033553991466760635,EXP_LinearModel_Alpha158_csi300_custom_step0_s_20260727_14,6d6219862050466a98a99f9c009d69e0,0.075,,,
381,2026-07-27,SZ300442,-0.10406488180160522,EXP_LinearModel_Alpha158_csi300_custom_step0_s_20260727_14,6d6219862050466a98a99f9c009d69e0,0.075,,,
382,2026-07-27,SZ300433,-0.17200078070163727,EXP_LinearModel_Alpha158_csi300_custom_step0_s_20260727_14,6d6219862050466a98a99f9c009d69e0,0.075,,,
383,2026-07-27,SZ300418,-0.02979254350066185,EXP_LinearModel_Alpha158_csi300_custom_step0_s_20260727_14,6d6219862050466a98a99f9c009d69e0,0.075,,,
384,2026-07-27,SZ300413,0.007555325515568256,EXP_LinearModel_Alpha158_csi300_custom_step0_s_20260727_14,6d6219862050466a98a99f9c009d69e0,0.075,,,
385,2026-07-27,SZ300408,-0.0032236671540886164,EXP_LinearModel_Alpha158_csi300_custom_step0_s_20260727_14,6d6219862050466a98a99f9c009d69e0,0.075,,,
386,2026-07-27,SZ300394,-0.11131789535284042,EXP_LinearModel_Alpha158_csi300_custom_step0_s_20260727_14,6d6219862050466a98a99f9c009d69e0,0.075,,,
387,2026-07-27,SZ002938,-0.13092494010925293,EXP_LinearModel_Alpha158_csi300_custom_step0_s_20260727_14,6d6219862050466a98a99f9c009d69e0,0.075,,,
388,2026-07-27,SZ300316,-0.014988500624895096,EXP_LinearModel_Alpha158_csi300_custom_step0_s_20260727_14,6d6219862050466a98a99f9c009d69e0,0.075,,,
389,2026-07-27,SZ300274,0.012451901100575924,EXP_LinearModel_Alpha158_csi300_custom_step0_s_20260727_14,6d6219862050466a98a99f9c009d69e0,0.075,,,
390,2026-07-27,SZ300251,0.003994791768491268,EXP_LinearModel_Alpha158_csi300_custom_step0_s_20260727_14,6d6219862050466a98a99f9c009d69e0,0.075,,,
391,2026-07-27,SZ300124,-0.012890140525996685,EXP_LinearModel_Alpha158_csi300_custom_step0_s_20260727_14,6d6219862050466a98a99f9c009d69e0,0.075,,,
392,2026-07-27,SZ300122,-0.08711714297533035,EXP_LinearModel_Alpha158_csi300_custom_step0_s_20260727_14,6d6219862050466a98a99f9c009d69e0,0.075,,,
393,2026-07-27,SZ300059,-0.13822737336158752,EXP_LinearModel_Alpha158_csi300_custom_step0_s_20260727_14,6d6219862050466a98a99f9c009d69e0,0.075,,,
394,2026-07-27,SZ300033,-0.11749344319105148,EXP_LinearModel_Alpha158_csi300_custom_step0_s_20260727_14,6d6219862050466a98a99f9c009d69e0,0.075,,,
395,2026-07-27,SZ300015,-0.03418225422501564,EXP_LinearModel_Alpha158_csi300_custom_step0_s_20260727_14,6d6219862050466a98a99f9c009d69e0,0.075,,,
396,2026-07-27,SZ300014,0.010955183766782284,EXP_LinearModel_Alpha158_csi300_custom_step0_s_20260727_14,6d6219862050466a98a99f9c009d69e0,0.075,,,
397,2026-07-27,SZ300308,-0.22626328468322754,EXP_LinearModel_Alpha158_csi300_custom_step0_s_20260727_14,6d6219862050466a98a99f9c009d69e0,0.075,,,
398,2026-07-27,SZ002371,-0.0636504665017128,EXP_LinearModel_Alpha158_csi300_custom_step0_s_20260727_14,6d6219862050466a98a99f9c009d69e0,0.075,,,
399,2026-07-27,SZ002353,-0.08336648344993591,EXP_LinearModel_Alpha158_csi300_custom_step0_s_20260727_14,6d6219862050466a98a99f9c009d69e0,0.075,,,
400,2026-07-27,SZ002352,0.018347661942243576,EXP_LinearModel_Alpha158_csi300_custom_step0_s_20260727_14,6d6219862050466a98a99f9c009d69e0,0.075,,,
401,2026-07-27,SZ000938,-0.26928257942199707,EXP_LinearModel_Alpha158_csi300_custom_step0_s_20260727_14,6d6219862050466a98a99f9c009d69e0,0.075,,,
402,2026-07-27,SZ000895,-0.014067962765693665,EXP_LinearModel_Alpha158_csi300_custom_step0_s_20260727_14,6d6219862050466a98a99f9c009d69e0,0.075,,,
403,2026-07-27,SZ000858,-0.07876753062009811,EXP_LinearModel_Alpha158_csi300_custom_step0_s_20260727_14,6d6219862050466a98a99f9c009d69e0,0.075,,,
404,2026-07-27,SZ000807,-0.07406168431043625,EXP_LinearModel_Alpha158_csi300_custom_step0_s_20260727_14,6d6219862050466a98a99f9c009d69e0,0.075,,,
405,2026-07-27,SZ000792,-0.04234893620014191,EXP_LinearModel_Alpha158_csi300_custom_step0_s_20260727_14,6d6219862050466a98a99f9c009d69e0,0.075,,,
406,2026-07-27,SZ000776,-0.14751765131950378,EXP_LinearModel_Alpha158_csi300_custom_step0_s_20260727_14,6d6219862050466a98a99f9c009d69e0,0.075,,,
407,2026-07-27,SZ000768,0.024029456079006195,EXP_LinearModel_Alpha158_csi300_custom_step0_s_20260727_14,6d6219862050466a98a99f9c009d69e0,0.075,,,
408,2026-07-27,SZ000725,-0.039707645773887634,EXP_LinearModel_Alpha158_csi300_custom_step0_s_20260727_14,6d6219862050466a98a99f9c009d69e0,0.075,,,
409,2026-07-27,SZ000963,-0.06789322197437286,EXP_LinearModel_Alpha158_csi300_custom_step0_s_20260727_14,6d6219862050466a98a99f9c009d69e0,0.075,,,
410,2026-07-27,SZ000708,0.036184486001729965,EXP_LinearModel_Alpha158_csi300_custom_step0_s_20260727_14,6d6219862050466a98a99f9c009d69e0,0.075,,,
411,2026-07-27,SZ000651,0.061705417931079865,EXP_LinearModel_Alpha158_csi300_custom_step0_s_20260727_14,6d6219862050466a98a99f9c009d69e0,0.075,,,
412,2026-07-27,SZ000630,-0.0032659692224115133,EXP_LinearModel_Alpha158_csi300_custom_step0_s_20260727_14,6d6219862050466a98a99f9c009d69e0,0.075,,,
413,2026-07-27,SZ000625,-0.1235036551952362,EXP_LinearModel_Alpha158_csi300_custom_step0_s_20260727_14,6d6219862050466a98a99f9c009d69e0,0.075,,,
414,2026-07-27,SZ000617,-0.07951223105192184,EXP_LinearModel_Alpha158_csi300_custom_step0_s_20260727_14,6d6219862050466a98a99f9c009d69e0,0.075,,,
415,2026-07-27,SZ000596,-0.11104926466941833,EXP_LinearModel_Alpha158_csi300_custom_step0_s_20260727_14,6d6219862050466a98a99f9c009d69e0,0.075,,,
416,2026-07-27,SZ000568,-0.08077359944581985,EXP_LinearModel_Alpha158_csi300_custom_step0_s_20260727_14,6d6219862050466a98a99f9c009d69e0,0.075,,,
417,2026-07-27,SZ000538,-0.011826807633042336,EXP_LinearModel_Alpha158_csi300_custom_step0_s_20260727_14,6d6219862050466a98a99f9c009d69e0,0.075,,,
418,2026-07-27,SZ000425,-0.014856928959488869,EXP_LinearModel_Alpha158_csi300_custom_step0_s_20260727_14,6d6219862050466a98a99f9c009d69e0,0.075,,,
419,2026-07-27,SZ000657,-0.06672026216983795,EXP_LinearModel_Alpha158_csi300_custom_step0_s_20260727_14,6d6219862050466a98a99f9c009d69e0,0.075,,,
420,2026-07-27,SZ000975,-0.26369574666023254,EXP_LinearModel_Alpha158_csi300_custom_step0_s_20260727_14,6d6219862050466a98a99f9c009d69e0,0.075,,,
421,2026-07-27,SZ000977,-0.0967574343085289,EXP_LinearModel_Alpha158_csi300_custom_step0_s_20260727_14,6d6219862050466a98a99f9c009d69e0,0.075,,,
422,2026-07-27,SZ000988,0.015651047229766846,EXP_LinearModel_Alpha158_csi300_custom_step0_s_20260727_14,6d6219862050466a98a99f9c009d69e0,0.075,,,
423,2026-07-27,SZ002311,0.035355646163225174,EXP_LinearModel_Alpha158_csi300_custom_step0_s_20260727_14,6d6219862050466a98a99f9c009d69e0,0.075,,,
424,2026-07-27,SZ002304,-0.05556159466505051,EXP_LinearModel_Alpha158_csi300_custom_step0_s_20260727_14,6d6219862050466a98a99f9c009d69e0,0.075,,,
425,2026-07-27,SZ002241,-0.13925087451934814,EXP_LinearModel_Alpha158_csi300_custom_step0_s_20260727_14,6d6219862050466a98a99f9c009d69e0,0.075,,,
426,2026-07-27,SZ002236,-0.026166487485170364,EXP_LinearModel_Alpha158_csi300_custom_step0_s_20260727_14,6d6219862050466a98a99f9c009d69e0,0.075,,,
427,2026-07-27,SZ002230,-0.06543102115392685,EXP_LinearModel_Alpha158_csi300_custom_step0_s_20260727_14,6d6219862050466a98a99f9c009d69e0,0.075,,,
428,2026-07-27,SZ002202,-0.017538458108901978,EXP_LinearModel_Alpha158_csi300_custom_step0_s_20260727_14,6d6219862050466a98a99f9c009d69e0,0.075,,,
429,2026-07-27,SZ002179,0.03680996596813202,EXP_LinearModel_Alpha158_csi300_custom_step0_s_20260727_14,6d6219862050466a98a99f9c009d69e0,0.075,,,
430,2026-07-27,SZ002142,-0.04441274330019951,EXP_LinearModel_Alpha158_csi300_custom_step0_s_20260727_14,6d6219862050466a98a99f9c009d69e0,0.075,,,
431,2026-07-27,SZ002074,-0.13359232246875763,EXP_LinearModel_Alpha158_csi300_custom_step0_s_20260727_14,6d6219862050466a98a99f9c009d69e0,0.075,,,
432,2026-07-27,SZ002050,-0.03599800169467926,EXP_LinearModel_Alpha158_csi300_custom_step0_s_20260727_14,6d6219862050466a98a99f9c009d69e0,0.075,,,
433,2026-07-27,SZ002049,-0.05095057189464569,EXP_LinearModel_Alpha158_csi300_custom_step0_s_20260727_14,6d6219862050466a98a99f9c009d69e0,0.075,,,
434,2026-07-27,SZ002028,-0.05651657283306122,EXP_LinearModel_Alpha158_csi300_custom_step0_s_20260727_14,6d6219862050466a98a99f9c009d69e0,0.075,,,
435,2026-07-27,SZ002027,0.021108154207468033,EXP_LinearModel_Alpha158_csi300_custom_step0_s_20260727_14,6d6219862050466a98a99f9c009d69e0,0.075,,,
436,2026-07-27,SZ002001,-0.030190013349056244,EXP_LinearModel_Alpha158_csi300_custom_step0_s_20260727_14,6d6219862050466a98a99f9c009d69e0,0.075,,,
437,2026-07-27,SZ001979,0.06375996768474579,EXP_LinearModel_Alpha158_csi300_custom_step0_s_20260727_14,6d6219862050466a98a99f9c009d69e0,0.075,,,
438,2026-07-27,SZ001965,0.055761028081178665,EXP_LinearModel_Alpha158_csi300_custom_step0_s_20260727_14,6d6219862050466a98a99f9c009d69e0,0.075,,,
439,2026-07-27,SZ001391,0.07860506325960159,EXP_LinearModel_Alpha158_csi300_custom_step0_s_20260727_14,6d6219862050466a98a99f9c009d69e0,0.075,,,
440,2026-07-27,SZ001280,0.08136725425720215,EXP_LinearModel_Alpha158_csi300_custom_step0_s_20260727_14,6d6219862050466a98a99f9c009d69e0,0.075,,,
441,2026-07-27,SZ000999,-0.016505420207977295,EXP_LinearModel_Alpha158_csi300_custom_step0_s_20260727_14,6d6219862050466a98a99f9c009d69e0,0.075,,,
442,2026-07-27,SZ300498,0.0021526003256440163,EXP_LinearModel_Alpha158_csi300_custom_step0_s_20260727_14,6d6219862050466a98a99f9c009d69e0,0.075,,,
443,2026-07-27,SZ000408,-0.10567322373390198,EXP_LinearModel_Alpha158_csi300_custom_step0_s_20260727_14,6d6219862050466a98a99f9c009d69e0,0.075,,,
444,2026-07-27,SZ300502,-0.2161421775817871,EXP_LinearModel_Alpha158_csi300_custom_step0_s_20260727_14,6d6219862050466a98a99f9c009d69e0,0.075,,,
445,2026-07-27,SZ300661,-0.16689768433570862,EXP_LinearModel_Alpha158_csi300_custom_step0_s_20260727_14,6d6219862050466a98a99f9c009d69e0,0.075,,,
446,2026-07-27,SH600515,0.009011914022266865,EXP_LinearModel_Alpha158_csi300_custom_step0_s_20260727_14,86e4de9a395b4543b87a20950284b40d,0.006,,,
447,2026-07-27,SH600489,-0.001733587123453617,EXP_LinearModel_Alpha158_csi300_custom_step0_s_20260727_14,86e4de9a395b4543b87a20950284b40d,0.006,,,
448,2026-07-27,SH600482,-0.1952231228351593,EXP_LinearModel_Alpha158_csi300_custom_step0_s_20260727_14,86e4de9a395b4543b87a20950284b40d,0.006,,,
449,2026-07-27,SH600460,0.05838995426893234,EXP_LinearModel_Alpha158_csi300_custom_step0_s_20260727_14,86e4de9a395b4543b87a20950284b40d,0.006,,,
450,2026-07-27,SH600438,0.062259383499622345,EXP_LinearModel_Alpha158_csi300_custom_step0_s_20260727_14,86e4de9a395b4543b87a20950284b40d,0.006,,,
451,2026-07-27,SH600436,0.13881708681583405,EXP_LinearModel_Alpha158_csi300_custom_step0_s_20260727_14,86e4de9a395b4543b87a20950284b40d,0.006,,,
452,2026-07-27,SH600426,0.023648856207728386,EXP_LinearModel_Alpha158_csi300_custom_step0_s_20260727_14,86e4de9a395b4543b87a20950284b40d,0.006,,,
453,2026-07-27,SH600415,-0.07503639161586761,EXP_LinearModel_Alpha158_csi300_custom_step0_s_20260727_14,86e4de9a395b4543b87a20950284b40d,0.006,,,
454,2026-07-27,SH600519,0.08023819327354431,EXP_LinearModel_Alpha158_csi300_custom_step0_s_20260727_14,86e4de9a395b4543b87a20950284b40d,0.006,,,
455,2026-07-27,SH600406,-0.018227016553282738,EXP_LinearModel_Alpha158_csi300_custom_step0_s_20260727_14,86e4de9a395b4543b87a20950284b40d,0.006,,,
456,2026-07-27,SH600362,-0.08036504685878754,EXP_LinearModel_Alpha158_csi300_custom_step0_s_20260727_14,86e4de9a395b4543b87a20950284b40d,0.006,,,
457,2026-07-27,SH600346,0.010924333706498146,EXP_LinearModel_Alpha158_csi300_custom_step0_s_20260727_14,86e4de9a395b4543b87a20950284b40d,0.006,,,
458,2026-07-27,SH600309,-0.06986460089683533,EXP_LinearModel_Alpha158_csi300_custom_step0_s_20260727_14,86e4de9a395b4543b87a20950284b40d,0.006,,,
459,2026-07-27,SH600276,0.14122506976127625,EXP_LinearModel_Alpha158_csi300_custom_step0_s_20260727_14,86e4de9a395b4543b87a20950284b40d,0.006,,,
460,2026-07-27,SH600233,-0.15453189611434937,EXP_LinearModel_Alpha158_csi300_custom_step0_s_20260727_14,86e4de9a395b4543b87a20950284b40d,0.006,,,
461,2026-07-27,SH600221,0.08674709498882294,EXP_LinearModel_Alpha158_csi300_custom_step0_s_20260727_14,86e4de9a395b4543b87a20950284b40d,0.006,,,
462,2026-07-27,SH600219,-0.17367903888225555,EXP_LinearModel_Alpha158_csi300_custom_step0_s_20260727_14,86e4de9a395b4543b87a20950284b40d,0.006,,,
463,2026-07-27,SH600196,-0.007536020595580339,EXP_LinearModel_Alpha158_csi300_custom_step0_s_20260727_14,86e4de9a395b4543b87a20950284b40d,0.006,,,
464,2026-07-27,SH600372,-0.0426865853369236,EXP_LinearModel_Alpha158_csi300_custom_step0_s_20260727_14,86e4de9a395b4543b87a20950284b40d,0.006,,,
465,2026-07-27,SH600188,-0.03199107572436333,EXP_LinearModel_Alpha158_csi300_custom_step0_s_20260727_14,86e4de9a395b4543b87a20950284b40d,0.006,,,
466,2026-07-27,SH600522,0.29845839738845825,EXP_LinearModel_Alpha158_csi300_custom_step0_s_20260727_14,86e4de9a395b4543b87a20950284b40d,0.006,,,
467,2026-07-27,SH600549,0.14515675604343414,EXP_LinearModel_Alpha158_csi300_custom_step0_s_20260727_14,86e4de9a395b4543b87a20950284b40d,0.006,,,
468,2026-07-27,SH600893,0.06870477646589279,EXP_LinearModel_Alpha158_csi300_custom_step0_s_20260727_14,86e4de9a395b4543b87a20950284b40d,0.006,,,
469,2026-07-27,SH600887,-0.005669877864420414,EXP_LinearModel_Alpha158_csi300_custom_step0_s_20260727_14,86e4de9a395b4543b87a20950284b40d,0.006,,,
470,2026-07-27,SH600886,0.04895617067813873,EXP_LinearModel_Alpha158_csi300_custom_step0_s_20260727_14,86e4de9a395b4543b87a20950284b40d,0.006,,,
471,2026-07-27,SH600875,-0.036266449838876724,EXP_LinearModel_Alpha158_csi300_custom_step0_s_20260727_14,86e4de9a395b4543b87a20950284b40d,0.006,,,
472,2026-07-27,SH600845,0.1410892754793167,EXP_LinearModel_Alpha158_csi300_custom_step0_s_20260727_14,86e4de9a395b4543b87a20950284b40d,0.006,,,
473,2026-07-27,SH600809,-0.02222023718059063,EXP_LinearModel_Alpha158_csi300_custom_step0_s_20260727_14,86e4de9a395b4543b87a20950284b40d,0.006,,,
474,2026-07-27,SH600803,-0.028365066275000572,EXP_LinearModel_Alpha158_csi300_custom_step0_s_20260727_14,86e4de9a395b4543b87a20950284b40d,0.006,,,
475,2026-07-27,SH600795,0.006181653589010239,EXP_LinearModel_Alpha158_csi300_custom_step0_s_20260727_14,86e4de9a395b4543b87a20950284b40d,0.006,,,
476,2026-07-27,SH600547,-0.029009489342570305,EXP_LinearModel_Alpha158_csi300_custom_step0_s_20260727_14,86e4de9a395b4543b87a20950284b40d,0.006,,,
477,2026-07-27,SH600760,-0.01278721634298563,EXP_LinearModel_Alpha158_csi300_custom_step0_s_20260727_14,86e4de9a395b4543b87a20950284b40d,0.006,,,
478,2026-07-27,SH600690,0.05973777920007706,EXP_LinearModel_Alpha158_csi300_custom_step0_s_20260727_14,86e4de9a395b4543b87a20950284b40d,0.006,,,
479,2026-07-27,SH600674,0.1026712954044342,EXP_LinearModel_Alpha158_csi300_custom_step0_s_20260727_14,86e4de9a395b4543b87a20950284b40d,0.006,,,
480,2026-07-27,SH600660,0.09566496312618256,EXP_LinearModel_Alpha158_csi300_custom_step0_s_20260727_14,86e4de9a395b4543b87a20950284b40d,0.006,,,
481,2026-07-27,SH600600,0.050620656460523605,EXP_LinearModel_Alpha158_csi300_custom_step0_s_20260727_14,86e4de9a395b4543b87a20950284b40d,0.006,,,
482,2026-07-27,SH600588,-0.03345461189746857,EXP_LinearModel_Alpha158_csi300_custom_step0_s_20260727_14,86e4de9a395b4543b87a20950284b40d,0.006,,,
483,2026-07-27,SH600585,0.0024799213279038668,EXP_LinearModel_Alpha158_csi300_custom_step0_s_20260727_14,86e4de9a395b4543b87a20950284b40d,0.006,,,
484,2026-07-27,SH600584,-0.07806844264268875,EXP_LinearModel_Alpha158_csi300_custom_step0_s_20260727_14,86e4de9a395b4543b87a20950284b40d,0.006,,,
485,2026-07-27,SH600570,-0.0734429880976677,EXP_LinearModel_Alpha158_csi300_custom_step0_s_20260727_14,86e4de9a395b4543b87a20950284b40d,0.006,,,
486,2026-07-27,SH600741,0.11771447956562042,EXP_LinearModel_Alpha158_csi300_custom_step0_s_20260727_14,86e4de9a395b4543b87a20950284b40d,0.006,,,
487,2026-07-27,SH600183,-0.2541099488735199,EXP_LinearModel_Alpha158_csi300_custom_step0_s_20260727_14,86e4de9a395b4543b87a20950284b40d,0.006,,,
488,2026-07-27,SH600176,0.355440616607666,EXP_LinearModel_Alpha158_csi300_custom_step0_s_20260727_14,86e4de9a395b4543b87a20950284b40d,0.006,,,
489,2026-07-27,SH600160,0.0843159630894661,EXP_LinearModel_Alpha158_csi300_custom_step0_s_20260727_14,86e4de9a395b4543b87a20950284b40d,0.006,,,
490,2026-07-27,SH600016,-0.030846476554870605,EXP_LinearModel_Alpha158_csi300_custom_step0_s_20260727_14,86e4de9a395b4543b87a20950284b40d,0.006,,,
491,2026-07-27,SH600015,0.06895735114812851,EXP_LinearModel_Alpha158_csi300_custom_step0_s_20260727_14,86e4de9a395b4543b87a20950284b40d,0.006,,,
492,2026-07-27,SH600011,-0.10719851404428482,EXP_LinearModel_Alpha158_csi300_custom_step0_s_20260727_14,86e4de9a395b4543b87a20950284b40d,0.006,,,
493,2026-07-27,SH600010,-0.030161991715431213,EXP_LinearModel_Alpha158_csi300_custom_step0_s_20260727_14,86e4de9a395b4543b87a20950284b40d,0.006,,,
494,2026-07-27,SH600009,0.014813811518251896,EXP_LinearModel_Alpha158_csi300_custom_step0_s_20260727_14,86e4de9a395b4543b87a20950284b40d,0.006,,,
495,2026-07-27,SH600000,-0.006526352372020483,EXP_LinearModel_Alpha158_csi300_custom_step0_s_20260727_14,86e4de9a395b4543b87a20950284b40d,0.006,,,
496,2026-07-27,SZ302132,-0.12167598307132721,EXP_LinearModel_Alpha158_csi300_custom_step0_s_20260727_14,6d6219862050466a98a99f9c009d69e0,0.075,,,
497,2026-07-27,SZ301308,0.12449994683265686,EXP_LinearModel_Alpha158_csi300_custom_step0_s_20260727_14,6d6219862050466a98a99f9c009d69e0,0.075,,,
498,2026-07-27,SH600018,0.05666857957839966,EXP_LinearModel_Alpha158_csi300_custom_step0_s_20260727_14,86e4de9a395b4543b87a20950284b40d,0.006,,,
499,2026-07-27,SZ301269,-0.03165903687477112,EXP_LinearModel_Alpha158_csi300_custom_step0_s_20260727_14,6d6219862050466a98a99f9c009d69e0,0.075,,,
500,2026-07-27,SZ301165,-0.558579683303833,EXP_LinearModel_Alpha158_csi300_custom_step0_s_20260727_14,6d6219862050466a98a99f9c009d69e0,0.075,,,
501,2026-07-27,SZ300999,-0.0331391878426075,EXP_LinearModel_Alpha158_csi300_custom_step0_s_20260727_14,6d6219862050466a98a99f9c009d69e0,0.075,,,
502,2026-07-27,SZ300896,-0.08224645256996155,EXP_LinearModel_Alpha158_csi300_custom_step0_s_20260727_14,6d6219862050466a98a99f9c009d69e0,0.075,,,
503,2026-07-27,SZ300866,0.014091022312641144,EXP_LinearModel_Alpha158_csi300_custom_step0_s_20260727_14,6d6219862050466a98a99f9c009d69e0,0.075,,,
504,2026-07-27,SZ300832,-0.0973602905869484,EXP_LinearModel_Alpha158_csi300_custom_step0_s_20260727_14,6d6219862050466a98a99f9c009d69e0,0.075,,,
505,2026-07-27,SZ300803,-0.08268602192401886,EXP_LinearModel_Alpha158_csi300_custom_step0_s_20260727_14,6d6219862050466a98a99f9c009d69e0,0.075,,,
506,2026-07-27,SZ300760,0.028624383732676506,EXP_LinearModel_Alpha158_csi300_custom_step0_s_20260727_14,6d6219862050466a98a99f9c009d69e0,0.075,,,
507,2026-07-27,SZ300750,-0.04829259216785431,EXP_LinearModel_Alpha158_csi300_custom_step0_s_20260727_14,6d6219862050466a98a99f9c009d69e0,0.075,,,
508,2026-07-27,SZ301236,-0.028945552185177803,EXP_LinearModel_Alpha158_csi300_custom_step0_s_20260727_14,6d6219862050466a98a99f9c009d69e0,0.075,,,
509,2026-07-27,SH600019,0.04981105774641037,EXP_LinearModel_Alpha158_csi300_custom_step0_s_20260727_14,86e4de9a395b4543b87a20950284b40d,0.006,,,
510,2026-07-27,SH600023,0.08158513903617859,EXP_LinearModel_Alpha158_csi300_custom_step0_s_20260727_14,86e4de9a395b4543b87a20950284b40d,0.006,,,
511,2026-07-27,SH600025,0.016247209161520004,EXP_LinearModel_Alpha158_csi300_custom_step0_s_20260727_14,86e4de9a395b4543b87a20950284b40d,0.006,,,
512,2026-07-27,SH600150,0.028842411935329437,EXP_LinearModel_Alpha158_csi300_custom_step0_s_20260727_14,86e4de9a395b4543b87a20950284b40d,0.006,,,
513,2026-07-27,SH600118,0.34745946526527405,EXP_LinearModel_Alpha158_csi300_custom_step0_s_20260727_14,86e4de9a395b4543b87a20950284b40d,0.006,,,
514,2026-07-27,SH600115,-0.0029049906879663467,EXP_LinearModel_Alpha158_csi300_custom_step0_s_20260727_14,86e4de9a395b4543b87a20950284b40d,0.006,,,
515,2026-07-27,SH600111,0.17631004750728607,EXP_LinearModel_Alpha158_csi300_custom_step0_s_20260727_14,86e4de9a395b4543b87a20950284b40d,0.006,,,
516,2026-07-27,SH600104,0.08752431720495224,EXP_LinearModel_Alpha158_csi300_custom_step0_s_20260727_14,86e4de9a395b4543b87a20950284b40d,0.006,,,
517,2026-07-27,SH600089,-0.022172685712575912,EXP_LinearModel_Alpha158_csi300_custom_step0_s_20260727_14,86e4de9a395b4543b87a20950284b40d,0.006,,,
518,2026-07-27,SH600085,0.08466841280460358,EXP_LinearModel_Alpha158_csi300_custom_step0_s_20260727_14,86e4de9a395b4543b87a20950284b40d,0.006,,,
519,2026-07-27,SH600066,-0.018110089004039764,EXP_LinearModel_Alpha158_csi300_custom_step0_s_20260727_14,86e4de9a395b4543b87a20950284b40d,0.006,,,
520,2026-07-27,SH600061,0.016764627769589424,EXP_LinearModel_Alpha158_csi300_custom_step0_s_20260727_14,86e4de9a395b4543b87a20950284b40d,0.006,,,
521,2026-07-27,SH600050,0.19561323523521423,EXP_LinearModel_Alpha158_csi300_custom_step0_s_20260727_14,86e4de9a395b4543b87a20950284b40d,0.006,,,
522,2026-07-27,SH600048,0.0800432339310646,EXP_LinearModel_Alpha158_csi300_custom_step0_s_20260727_14,86e4de9a395b4543b87a20950284b40d,0.006,,,
523,2026-07-27,SH600039,-0.029369493946433067,EXP_LinearModel_Alpha158_csi300_custom_step0_s_20260727_14,86e4de9a395b4543b87a20950284b40d,0.006,,,
524,2026-07-27,SH600036,0.049009017646312714,EXP_LinearModel_Alpha158_csi300_custom_step0_s_20260727_14,86e4de9a395b4543b87a20950284b40d,0.006,,,
525,2026-07-27,SH600031,0.13959097862243652,EXP_LinearModel_Alpha158_csi300_custom_step0_s_20260727_14,86e4de9a395b4543b87a20950284b40d,0.006,,,
526,2026-07-27,SH600030,-0.034226641058921814,EXP_LinearModel_Alpha158_csi300_custom_step0_s_20260727_14,86e4de9a395b4543b87a20950284b40d,0.006,,,
527,2026-07-27,SH600029,0.036372050642967224,EXP_LinearModel_Alpha158_csi300_custom_step0_s_20260727_14,86e4de9a395b4543b87a20950284b40d,0.006,,,
528,2026-07-27,SH600028,0.0839390680193901,EXP_LinearModel_Alpha158_csi300_custom_step0_s_20260727_14,86e4de9a395b4543b87a20950284b40d,0.006,,,
529,2026-07-27,SH600027,-0.01132475957274437,EXP_LinearModel_Alpha158_csi300_custom_step0_s_20260727_14,86e4de9a395b4543b87a20950284b40d,0.006,,,
530,2026-07-27,SH600026,0.042360417544841766,EXP_LinearModel_Alpha158_csi300_custom_step0_s_20260727_14,86e4de9a395b4543b87a20950284b40d,0.006,,,
531,2026-07-27,SZ300628,0.03441309183835983,EXP_LinearModel_Alpha158_csi300_custom_step0_s_20260727_14,6d6219862050466a98a99f9c009d69e0,0.075,,,
532,2026-07-27,SH600050,0.15625867247581482,EXP_LinearModel_Alpha158_csi300_custom_step0_s_20260727_14,6d6219862050466a98a99f9c009d69e0,0.075,,,
533,2026-07-27,SZ000338,-0.14596891403198242,EXP_LinearModel_Alpha158_csi300_custom_step0_s_20260727_14,6d6219862050466a98a99f9c009d69e0,0.075,,,
534,2026-07-27,SZ000301,-0.10130796581506729,EXP_LinearModel_Alpha158_csi300_custom_step0_s_20260727_14,6d6219862050466a98a99f9c009d69e0,0.075,,,
535,2026-07-27,SH600999,-0.1991005539894104,EXP_LinearModel_Alpha158_csi300_custom_step0_s_20260727_14,6d6219862050466a98a99f9c009d69e0,0.075,,,
536,2026-07-27,SH600989,-0.21165591478347778,EXP_LinearModel_Alpha158_csi300_custom_step0_s_20260727_14,6d6219862050466a98a99f9c009d69e0,0.075,,,
537,2026-07-27,SH600958,,EXP_LinearModel_Alpha158_csi300_custom_step0_s_20260727_14,6d6219862050466a98a99f9c009d69e0,0.075,,,
538,2026-07-27,SH600941,0.07112624496221542,EXP_LinearModel_Alpha158_csi300_custom_step0_s_20260727_14,6d6219862050466a98a99f9c009d69e0,0.075,,,
539,2026-07-27,SH600938,-0.2497127652168274,EXP_LinearModel_Alpha158_csi300_custom_step0_s_20260727_14,6d6219862050466a98a99f9c009d69e0,0.075,,,
540,2026-07-27,SH600930,0.04797784239053726,EXP_LinearModel_Alpha158_csi300_custom_step0_s_20260727_14,6d6219862050466a98a99f9c009d69e0,0.075,,,
541,2026-07-27,SH600926,-0.02712072990834713,EXP_LinearModel_Alpha158_csi300_custom_step0_s_20260727_14,6d6219862050466a98a99f9c009d69e0,0.075,,,
542,2026-07-27,SH600919,0.04264882951974869,EXP_LinearModel_Alpha158_csi300_custom_step0_s_20260727_14,6d6219862050466a98a99f9c009d69e0,0.075,,,
543,2026-07-27,SH601006,0.045365262776613235,EXP_LinearModel_Alpha158_csi300_custom_step0_s_20260727_14,6d6219862050466a98a99f9c009d69e0,0.075,,,
544,2026-07-27,SH600918,-0.058239955455064774,EXP_LinearModel_Alpha158_csi300_custom_step0_s_20260727_14,6d6219862050466a98a99f9c009d69e0,0.075,,,
545,2026-07-27,SH600900,0.04647474363446236,EXP_LinearModel_Alpha158_csi300_custom_step0_s_20260727_14,6d6219862050466a98a99f9c009d69e0,0.075,,,
546,2026-07-27,SH600893,-0.029972106218338013,EXP_LinearModel_Alpha158_csi300_custom_step0_s_20260727_14,6d6219862050466a98a99f9c009d69e0,0.075,,,
547,2026-07-27,SH600887,-0.0514933206140995,EXP_LinearModel_Alpha158_csi300_custom_step0_s_20260727_14,6d6219862050466a98a99f9c009d69e0,0.075,,,
548,2026-07-27,SH600886,0.059829894453287125,EXP_LinearModel_Alpha158_csi300_custom_step0_s_20260727_14,6d6219862050466a98a99f9c009d69e0,0.075,,,
549,2026-07-27,SH600875,-0.11275028437376022,EXP_LinearModel_Alpha158_csi300_custom_step0_s_20260727_14,6d6219862050466a98a99f9c009d69e0,0.075,,,
550,2026-07-27,SH600845,0.02528928592801094,EXP_LinearModel_Alpha158_csi300_custom_step0_s_20260727_14,6d6219862050466a98a99f9c009d69e0,0.075,,,
551,2026-07-27,SH600809,-0.04355683922767639,EXP_LinearModel_Alpha158_csi300_custom_step0_s_20260727_14,6d6219862050466a98a99f9c009d69e0,0.075,,,
552,2026-07-27,SH600803,-0.03443772718310356,EXP_LinearModel_Alpha158_csi300_custom_step0_s_20260727_14,6d6219862050466a98a99f9c009d69e0,0.075,,,
553,2026-07-27,SH600905,0.031619347631931305,EXP_LinearModel_Alpha158_csi300_custom_step0_s_20260727_14,6d6219862050466a98a99f9c009d69e0,0.075,,,
554,2026-07-27,SH600795,0.007333374582231045,EXP_LinearModel_Alpha158_csi300_custom_step0_s_20260727_14,6d6219862050466a98a99f9c009d69e0,0.075,,,
555,2026-07-27,SH601009,0.017283357679843903,EXP_LinearModel_Alpha158_csi300_custom_step0_s_20260727_14,6d6219862050466a98a99f9c009d69e0,0.075,,,
556,2026-07-27,SH601018,0.032308001071214676,EXP_LinearModel_Alpha158_csi300_custom_step0_s_20260727_14,6d6219862050466a98a99f9c009d69e0,0.075,,,
557,2026-07-27,SH601229,-0.0948355421423912,EXP_LinearModel_Alpha158_csi300_custom_step0_s_20260727_14,6d6219862050466a98a99f9c009d69e0,0.075,,,
558,2026-07-27,SH601225,-0.033147554844617844,EXP_LinearModel_Alpha158_csi300_custom_step0_s_20260727_14,6d6219862050466a98a99f9c009d69e0,0.075,,,
559,2026-07-27,SH601211,-0.034467846155166626,EXP_LinearModel_Alpha158_csi300_custom_step0_s_20260727_14,6d6219862050466a98a99f9c009d69e0,0.075,,,
560,2026-07-27,SH601186,0.06841176748275757,EXP_LinearModel_Alpha158_csi300_custom_step0_s_20260727_14,6d6219862050466a98a99f9c009d69e0,0.075,,,
561,2026-07-27,SH601169,0.1483006328344345,EXP_LinearModel_Alpha158_csi300_custom_step0_s_20260727_14,6d6219862050466a98a99f9c009d69e0,0.075,,,
562,2026-07-27,SH601166,-0.018937142565846443,EXP_LinearModel_Alpha158_csi300_custom_step0_s_20260727_14,6d6219862050466a98a99f9c009d69e0,0.075,,,
563,2026-07-27,SH601138,-0.11642297357320786,EXP_LinearModel_Alpha158_csi300_custom_step0_s_20260727_14,6d6219862050466a98a99f9c009d69e0,0.075,,,
564,2026-07-27,SH601136,-0.12368638813495636,EXP_LinearModel_Alpha158_csi300_custom_step0_s_20260727_14,6d6219862050466a98a99f9c009d69e0,0.075,,,
565,2026-07-27,SH601012,-0.16041335463523865,EXP_LinearModel_Alpha158_csi300_custom_step0_s_20260727_14,6d6219862050466a98a99f9c009d69e0,0.075,,,
566,2026-07-27,SH601127,-0.03048701584339142,EXP_LinearModel_Alpha158_csi300_custom_step0_s_20260727_14,6d6219862050466a98a99f9c009d69e0,0.075,,,
567,2026-07-27,SH601111,-0.05396418273448944,EXP_LinearModel_Alpha158_csi300_custom_step0_s_20260727_14,6d6219862050466a98a99f9c009d69e0,0.075,,,
568,2026-07-27,SH601100,0.04985160380601883,EXP_LinearModel_Alpha158_csi300_custom_step0_s_20260727_14,6d6219862050466a98a99f9c009d69e0,0.075,,,
569,2026-07-27,SH601088,0.05544191971421242,EXP_LinearModel_Alpha158_csi300_custom_step0_s_20260727_14,6d6219862050466a98a99f9c009d69e0,0.075,,,
570,2026-07-27,SH601077,0.02772410959005356,EXP_LinearModel_Alpha158_csi300_custom_step0_s_20260727_14,6d6219862050466a98a99f9c009d69e0,0.075,,,
571,2026-07-27,SH601066,-0.014048848301172256,EXP_LinearModel_Alpha158_csi300_custom_step0_s_20260727_14,6d6219862050466a98a99f9c009d69e0,0.075,,,
572,2026-07-27,SH601059,-0.11629500240087509,EXP_LinearModel_Alpha158_csi300_custom_step0_s_20260727_14,6d6219862050466a98a99f9c009d69e0,0.075,,,
573,2026-07-27,SH601058,0.05371857061982155,EXP_LinearModel_Alpha158_csi300_custom_step0_s_20260727_14,6d6219862050466a98a99f9c009d69e0,0.075,,,
574,2026-07-27,SH601021,-0.08350998908281326,EXP_LinearModel_Alpha158_csi300_custom_step0_s_20260727_14,6d6219862050466a98a99f9c009d69e0,0.075,,,
575,2026-07-27,SH601117,0.017686504870653152,EXP_LinearModel_Alpha158_csi300_custom_step0_s_20260727_14,6d6219862050466a98a99f9c009d69e0,0.075,,,
576,2026-07-27,SH600760,-0.026612862944602966,EXP_LinearModel_Alpha158_csi300_custom_step0_s_20260727_14,6d6219862050466a98a99f9c009d69e0,0.075,,,
577,2026-07-27,SH600741,0.09589699655771255,EXP_LinearModel_Alpha158_csi300_custom_step0_s_20260727_14,6d6219862050466a98a99f9c009d69e0,0.075,,,
578,2026-07-27,SH600690,-0.00979057140648365,EXP_LinearModel_Alpha158_csi300_custom_step0_s_20260727_14,6d6219862050466a98a99f9c009d69e0,0.075,,,
579,2026-07-27,SH600309,-0.12917861342430115,EXP_LinearModel_Alpha158_csi300_custom_step0_s_20260727_14,6d6219862050466a98a99f9c009d69e0,0.075,,,
580,2026-07-27,SH600276,0.04444549232721329,EXP_LinearModel_Alpha158_csi300_custom_step0_s_20260727_14,6d6219862050466a98a99f9c009d69e0,0.075,,,
581,2026-07-27,SH600233,-0.12044043093919754,EXP_LinearModel_Alpha158_csi300_custom_step0_s_20260727_14,6d6219862050466a98a99f9c009d69e0,0.075,,,
582,2026-07-27,SH600221,0.12034807354211807,EXP_LinearModel_Alpha158_csi300_custom_step0_s_20260727_14,6d6219862050466a98a99f9c009d69e0,0.075,,,
583,2026-07-27,SH600219,-0.1705542355775833,EXP_LinearModel_Alpha158_csi300_custom_step0_s_20260727_14,6d6219862050466a98a99f9c009d69e0,0.075,,,
584,2026-07-27,SH600196,-0.03359994664788246,EXP_LinearModel_Alpha158_csi300_custom_step0_s_20260727_14,6d6219862050466a98a99f9c009d69e0,0.075,,,
585,2026-07-27,SH600188,-0.11398544907569885,EXP_LinearModel_Alpha158_csi300_custom_step0_s_20260727_14,6d6219862050466a98a99f9c009d69e0,0.075,,,
586,2026-07-27,SH600183,-0.2002669721841812,EXP_LinearModel_Alpha158_csi300_custom_step0_s_20260727_14,6d6219862050466a98a99f9c009d69e0,0.075,,,
587,2026-07-27,SH600346,-0.05735091120004654,EXP_LinearModel_Alpha158_csi300_custom_step0_s_20260727_14,6d6219862050466a98a99f9c009d69e0,0.075,,,
588,2026-07-27,SH600176,0.10966487973928452,EXP_LinearModel_Alpha158_csi300_custom_step0_s_20260727_14,6d6219862050466a98a99f9c009d69e0,0.075,,,
589,2026-07-27,SH600150,0.0056516993790864944,EXP_LinearModel_Alpha158_csi300_custom_step0_s_20260727_14,6d6219862050466a98a99f9c009d69e0,0.075,,,
590,2026-07-27,SH600118,0.06709326058626175,EXP_LinearModel_Alpha158_csi300_custom_step0_s_20260727_14,6d6219862050466a98a99f9c009d69e0,0.075,,,
591,2026-07-27,SH600115,-0.023323969915509224,EXP_LinearModel_Alpha158_csi300_custom_step0_s_20260727_14,6d6219862050466a98a99f9c009d69e0,0.075,,,
592,2026-07-27,SH600111,0.12623067200183868,EXP_LinearModel_Alpha158_csi300_custom_step0_s_20260727_14,6d6219862050466a98a99f9c009d69e0,0.075,,,
593,2026-07-27,SH600104,0.005409841425716877,EXP_LinearModel_Alpha158_csi300_custom_step0_s_20260727_14,6d6219862050466a98a99f9c009d69e0,0.075,,,
594,2026-07-27,SH600089,-0.07084183394908905,EXP_LinearModel_Alpha158_csi300_custom_step0_s_20260727_14,6d6219862050466a98a99f9c009d69e0,0.075,,,
595,2026-07-27,SH600085,0.015165713615715504,EXP_LinearModel_Alpha158_csi300_custom_step0_s_20260727_14,6d6219862050466a98a99f9c009d69e0,0.075,,,
596,2026-07-27,SH600066,-0.05348684638738632,EXP_LinearModel_Alpha158_csi300_custom_step0_s_20260727_14,6d6219862050466a98a99f9c009d69e0,0.075,,,
597,2026-07-27,SH600160,0.03187405690550804,EXP_LinearModel_Alpha158_csi300_custom_step0_s_20260727_14,6d6219862050466a98a99f9c009d69e0,0.075,,,
598,2026-07-27,SH600362,-0.11871743202209473,EXP_LinearModel_Alpha158_csi300_custom_step0_s_20260727_14,6d6219862050466a98a99f9c009d69e0,0.075,,,
599,2026-07-27,SH600372,-0.022982817143201828,EXP_LinearModel_Alpha158_csi300_custom_step0_s_20260727_14,6d6219862050466a98a99f9c009d69e0,0.075,,,
600,2026-07-27,SH600406,-0.04024431109428406,EXP_LinearModel_Alpha158_csi300_custom_step0_s_20260727_14,6d6219862050466a98a99f9c009d69e0,0.075,,,
601,2026-07-27,SH600674,0.07840052992105484,EXP_LinearModel_Alpha158_csi300_custom_step0_s_20260727_14,6d6219862050466a98a99f9c009d69e0,0.075,,,
602,2026-07-27,SH600660,0.029355905950069427,EXP_LinearModel_Alpha158_csi300_custom_step0_s_20260727_14,6d6219862050466a98a99f9c009d69e0,0.075,,,
603,2026-07-27,SH600600,0.01728586107492447,EXP_LinearModel_Alpha158_csi300_custom_step0_s_20260727_14,6d6219862050466a98a99f9c009d69e0,0.075,,,
604,2026-07-27,SH600588,-0.08816659450531006,EXP_LinearModel_Alpha158_csi300_custom_step0_s_20260727_14,6d6219862050466a98a99f9c009d69e0,0.075,,,
605,2026-07-27,SH600585,0.0028849984519183636,EXP_LinearModel_Alpha158_csi300_custom_step0_s_20260727_14,6d6219862050466a98a99f9c009d69e0,0.075,,,
606,2026-07-27,SH600584,-0.10305707901716232,EXP_LinearModel_Alpha158_csi300_custom_step0_s_20260727_14,6d6219862050466a98a99f9c009d69e0,0.075,,,
607,2026-07-27,SH600570,-0.0660046860575676,EXP_LinearModel_Alpha158_csi300_custom_step0_s_20260727_14,6d6219862050466a98a99f9c009d69e0,0.075,,,
608,2026-07-27,SH600549,-0.05303856357932091,EXP_LinearModel_Alpha158_csi300_custom_step0_s_20260727_14,6d6219862050466a98a99f9c009d69e0,0.075,,,
609,2026-07-27,SH600547,-0.09841205179691315,EXP_LinearModel_Alpha158_csi300_custom_step0_s_20260727_14,6d6219862050466a98a99f9c009d69e0,0.075,,,
610,2026-07-27,SH600522,0.10281490534543991,EXP_LinearModel_Alpha158_csi300_custom_step0_s_20260727_14,6d6219862050466a98a99f9c009d69e0,0.075,,,
611,2026-07-27,SH600519,0.028585102409124374,EXP_LinearModel_Alpha158_csi300_custom_step0_s_20260727_14,6d6219862050466a98a99f9c009d69e0,0.075,,,
612,2026-07-27,SH600515,-0.018050897866487503,EXP_LinearModel_Alpha158_csi300_custom_step0_s_20260727_14,6d6219862050466a98a99f9c009d69e0,0.075,,,
613,2026-07-27,SH600489,-0.052540168166160583,EXP_LinearModel_Alpha158_csi300_custom_step0_s_20260727_14,6d6219862050466a98a99f9c009d69e0,0.075,,,
614,2026-07-27,SH600482,-0.27814146876335144,EXP_LinearModel_Alpha158_csi300_custom_step0_s_20260727_14,6d6219862050466a98a99f9c009d69e0,0.075,,,
615,2026-07-27,SH600460,-0.04802676662802696,EXP_LinearModel_Alpha158_csi300_custom_step0_s_20260727_14,6d6219862050466a98a99f9c009d69e0,0.075,,,
616,2026-07-27,SH600438,-0.05216355249285698,EXP_LinearModel_Alpha158_csi300_custom_step0_s_20260727_14,6d6219862050466a98a99f9c009d69e0,0.075,,,
617,2026-07-27,SH600436,0.05324528366327286,EXP_LinearModel_Alpha158_csi300_custom_step0_s_20260727_14,6d6219862050466a98a99f9c009d69e0,0.075,,,
618,2026-07-27,SH600426,-0.054562047123909,EXP_LinearModel_Alpha158_csi300_custom_step0_s_20260727_14,6d6219862050466a98a99f9c009d69e0,0.075,,,
619,2026-07-27,SH600415,-0.06705812364816666,EXP_LinearModel_Alpha158_csi300_custom_step0_s_20260727_14,6d6219862050466a98a99f9c009d69e0,0.075,,,
620,2026-07-27,SH601238,-0.055736806243658066,EXP_LinearModel_Alpha158_csi300_custom_step0_s_20260727_14,6d6219862050466a98a99f9c009d69e0,0.075,,,
621,2026-07-27,SZ000333,0.10319798439741135,EXP_LinearModel_Alpha158_csi300_custom_step0_s_20260727_14,6d6219862050466a98a99f9c009d69e0,0.075,,,
622,2026-07-27,SH601288,0.022138191387057304,EXP_LinearModel_Alpha158_csi300_custom_step0_s_20260727_14,6d6219862050466a98a99f9c009d69e0,0.075,,,
623,2026-07-27,SH601319,-0.033283378928899765,EXP_LinearModel_Alpha158_csi300_custom_step0_s_20260727_14,6d6219862050466a98a99f9c009d69e0,0.075,,,
624,2026-07-27,SH688036,-0.01377150509506464,EXP_LinearModel_Alpha158_csi300_custom_step0_s_20260727_14,6d6219862050466a98a99f9c009d69e0,0.075,,,
625,2026-07-27,SH688012,-0.10959173738956451,EXP_LinearModel_Alpha158_csi300_custom_step0_s_20260727_14,6d6219862050466a98a99f9c009d69e0,0.075,,,
626,2026-07-27,SH688009,0.03079504892230034,EXP_LinearModel_Alpha158_csi300_custom_step0_s_20260727_14,6d6219862050466a98a99f9c009d69e0,0.075,,,
627,2026-07-27,SH688008,-0.37054443359375,EXP_LinearModel_Alpha158_csi300_custom_step0_s_20260727_14,6d6219862050466a98a99f9c009d69e0,0.075,,,
628,2026-07-27,SH605499,-0.06256387382745743,EXP_LinearModel_Alpha158_csi300_custom_step0_s_20260727_14,6d6219862050466a98a99f9c009d69e0,0.075,,,
629,2026-07-27,SH605117,0.04763532802462578,EXP_LinearModel_Alpha158_csi300_custom_step0_s_20260727_14,6d6219862050466a98a99f9c009d69e0,0.075,,,
630,2026-07-27,SH603993,-0.13323093950748444,EXP_LinearModel_Alpha158_csi300_custom_step0_s_20260727_14,6d6219862050466a98a99f9c009d69e0,0.075,,,
631,2026-07-27,SH603986,-0.06109362840652466,EXP_LinearModel_Alpha158_csi300_custom_step0_s_20260727_14,6d6219862050466a98a99f9c009d69e0,0.075,,,
632,2026-07-27,SH688041,-0.19002752006053925,EXP_LinearModel_Alpha158_csi300_custom_step0_s_20260727_14,6d6219862050466a98a99f9c009d69e0,0.075,,,
633,2026-07-27,SH603893,-0.16582231223583221,EXP_LinearModel_Alpha158_csi300_custom_step0_s_20260727_14,6d6219862050466a98a99f9c009d69e0,0.075,,,
634,2026-07-27,SH603501,-0.12254313379526138,EXP_LinearModel_Alpha158_csi300_custom_step0_s_20260727_14,6d6219862050466a98a99f9c009d69e0,0.075,,,
635,2026-07-27,SH603392,-0.11400496959686279,EXP_LinearModel_Alpha158_csi300_custom_step0_s_20260727_14,6d6219862050466a98a99f9c009d69e0,0.075,,,
636,2026-07-27,SH603369,-0.0859028697013855,EXP_LinearModel_Alpha158_csi300_custom_step0_s_20260727_14,6d6219862050466a98a99f9c009d69e0,0.075,,,
637,2026-07-27,SH603296,-0.2655351758003235,EXP_LinearModel_Alpha158_csi300_custom_step0_s_20260727_14,6d6219862050466a98a99f9c009d69e0,0.075,,,
638,2026-07-27,SH603288,-0.007513867691159248,EXP_LinearModel_Alpha158_csi300_custom_step0_s_20260727_14,6d6219862050466a98a99f9c009d69e0,0.075,,,
639,2026-07-27,SH603260,-0.014904424548149109,EXP_LinearModel_Alpha158_csi300_custom_step0_s_20260727_14,6d6219862050466a98a99f9c009d69e0,0.075,,,
640,2026-07-27,SH603259,0.043176405131816864,EXP_LinearModel_Alpha158_csi300_custom_step0_s_20260727_14,6d6219862050466a98a99f9c009d69e0,0.075,,,
641,2026-07-27,SH603019,-0.10688091814517975,EXP_LinearModel_Alpha158_csi300_custom_step0_s_20260727_14,6d6219862050466a98a99f9c009d69e0,0.075,,,
642,2026-07-27,SH603799,-0.025657452642917633,EXP_LinearModel_Alpha158_csi300_custom_step0_s_20260727_14,6d6219862050466a98a99f9c009d69e0,0.075,,,
643,2026-07-27,SH601998,0.005346299149096012,EXP_LinearModel_Alpha158_csi300_custom_step0_s_20260727_14,6d6219862050466a98a99f9c009d69e0,0.075,,,
644,2026-07-27,SH688047,-0.04905303195118904,EXP_LinearModel_Alpha158_csi300_custom_step0_s_20260727_14,6d6219862050466a98a99f9c009d69e0,0.075,,,
645,2026-07-27,SH688082,0.10730582475662231,EXP_LinearModel_Alpha158_csi300_custom_step0_s_20260727_14,6d6219862050466a98a99f9c009d69e0,0.075,,,
646,2026-07-27,SZ000166,0.023601755499839783,EXP_LinearModel_Alpha158_csi300_custom_step0_s_20260727_14,6d6219862050466a98a99f9c009d69e0,0.075,,,
647,2026-07-27,SZ000157,0.005448977462947369,EXP_LinearModel_Alpha158_csi300_custom_step0_s_20260727_14,6d6219862050466a98a99f9c009d69e0,0.075,,,
648,2026-07-27,SZ000100,-0.1676732301712036,EXP_LinearModel_Alpha158_csi300_custom_step0_s_20260727_14,6d6219862050466a98a99f9c009d69e0,0.075,,,
649,2026-07-27,SZ000063,-0.21324095129966736,EXP_LinearModel_Alpha158_csi300_custom_step0_s_20260727_14,6d6219862050466a98a99f9c009d69e0,0.075,,,
650,2026-07-27,SZ000002,-0.05089749023318291,EXP_LinearModel_Alpha158_csi300_custom_step0_s_20260727_14,6d6219862050466a98a99f9c009d69e0,0.075,,,
651,2026-07-27,SZ000001,0.005914292298257351,EXP_LinearModel_Alpha158_csi300_custom_step0_s_20260727_14,6d6219862050466a98a99f9c009d69e0,0.075,,,
652,2026-07-27,SH688981,-0.24477404356002808,EXP_LinearModel_Alpha158_csi300_custom_step0_s_20260727_14,6d6219862050466a98a99f9c009d69e0,0.075,,,
653,2026-07-27,SH688521,0.03637389466166496,EXP_LinearModel_Alpha158_csi300_custom_step0_s_20260727_14,6d6219862050466a98a99f9c009d69e0,0.075,,,
654,2026-07-27,SH688072,,EXP_LinearModel_Alpha158_csi300_custom_step0_s_20260727_14,6d6219862050466a98a99f9c009d69e0,0.075,,,
655,2026-07-27,SH688506,0.061491504311561584,EXP_LinearModel_Alpha158_csi300_custom_step0_s_20260727_14,6d6219862050466a98a99f9c009d69e0,0.075,,,
656,2026-07-27,SH688396,-0.005905386060476303,EXP_LinearModel_Alpha158_csi300_custom_step0_s_20260727_14,6d6219862050466a98a99f9c009d69e0,0.075,,,
657,2026-07-27,SH688303,-0.020175611600279808,EXP_LinearModel_Alpha158_csi300_custom_step0_s_20260727_14,6d6219862050466a98a99f9c009d69e0,0.075,,,
658,2026-07-27,SH688271,-0.0380132831633091,EXP_LinearModel_Alpha158_csi300_custom_step0_s_20260727_14,6d6219862050466a98a99f9c009d69e0,0.075,,,
659,2026-07-27,SH688256,-0.19474008679389954,EXP_LinearModel_Alpha158_csi300_custom_step0_s_20260727_14,6d6219862050466a98a99f9c009d69e0,0.075,,,
660,2026-07-27,SH688223,0.008813096210360527,EXP_LinearModel_Alpha158_csi300_custom_step0_s_20260727_14,6d6219862050466a98a99f9c009d69e0,0.075,,,
661,2026-07-27,SH688183,-0.3549615144729614,EXP_LinearModel_Alpha158_csi300_custom_step0_s_20260727_14,6d6219862050466a98a99f9c009d69e0,0.075,,,
662,2026-07-27,SH688126,0.0439215786755085,EXP_LinearModel_Alpha158_csi300_custom_step0_s_20260727_14,6d6219862050466a98a99f9c009d69e0,0.075,,,
663,2026-07-27,SH688111,-0.09571026265621185,EXP_LinearModel_Alpha158_csi300_custom_step0_s_20260727_14,6d6219862050466a98a99f9c009d69e0,0.075,,,
664,2026-07-27,SH688472,0.03552873060107231,EXP_LinearModel_Alpha158_csi300_custom_step0_s_20260727_14,6d6219862050466a98a99f9c009d69e0,0.075,,,
665,2026-07-27,SH601995,-0.11330191045999527,EXP_LinearModel_Alpha158_csi300_custom_step0_s_20260727_14,6d6219862050466a98a99f9c009d69e0,0.075,,,
666,2026-07-27,SH601988,0.013414287008345127,EXP_LinearModel_Alpha158_csi300_custom_step0_s_20260727_14,6d6219862050466a98a99f9c009d69e0,0.075,,,
667,2026-07-27,SH601985,0.04346568509936333,EXP_LinearModel_Alpha158_csi300_custom_step0_s_20260727_14,6d6219862050466a98a99f9c009d69e0,0.075,,,
668,2026-07-27,SH601689,-0.12758949398994446,EXP_LinearModel_Alpha158_csi300_custom_step0_s_20260727_14,6d6219862050466a98a99f9c009d69e0,0.075,,,
669,2026-07-27,SH601688,-0.004065715707838535,EXP_LinearModel_Alpha158_csi300_custom_step0_s_20260727_14,6d6219862050466a98a99f9c009d69e0,0.075,,,
670,2026-07-27,SH601669,0.0010551237501204014,EXP_LinearModel_Alpha158_csi300_custom_step0_s_20260727_14,6d6219862050466a98a99f9c009d69e0,0.075,,,
671,2026-07-27,SH601668,0.09075776487588882,EXP_LinearModel_Alpha158_csi300_custom_step0_s_20260727_14,6d6219862050466a98a99f9c009d69e0,0.075,,,
672,2026-07-27,SH601658,0.08765465021133423,EXP_LinearModel_Alpha158_csi300_custom_step0_s_20260727_14,6d6219862050466a98a99f9c009d69e0,0.075,,,
673,2026-07-27,SH601633,-0.03865357115864754,EXP_LinearModel_Alpha158_csi300_custom_step0_s_20260727_14,6d6219862050466a98a99f9c009d69e0,0.075,,,
674,2026-07-27,SH601628,-0.06518574059009552,EXP_LinearModel_Alpha158_csi300_custom_step0_s_20260727_14,6d6219862050466a98a99f9c009d69e0,0.075,,,
675,2026-07-27,SH601618,0.05308279022574425,EXP_LinearModel_Alpha158_csi300_custom_step0_s_20260727_14,6d6219862050466a98a99f9c009d69e0,0.075,,,
676,2026-07-27,SH601698,0.0198921300470829,EXP_LinearModel_Alpha158_csi300_custom_step0_s_20260727_14,6d6219862050466a98a99f9c009d69e0,0.075,,,
677,2026-07-27,SH601607,-0.01967562362551689,EXP_LinearModel_Alpha158_csi300_custom_step0_s_20260727_14,6d6219862050466a98a99f9c009d69e0,0.075,,,
678,2026-07-27,SH601600,-0.05743143707513809,EXP_LinearModel_Alpha158_csi300_custom_step0_s_20260727_14,6d6219862050466a98a99f9c009d69e0,0.075,,,
679,2026-07-27,SH601456,-0.011879593133926392,EXP_LinearModel_Alpha158_csi300_custom_step0_s_20260727_14,6d6219862050466a98a99f9c009d69e0,0.075,,,
680,2026-07-27,SH601398,0.05265063792467117,EXP_LinearModel_Alpha158_csi300_custom_step0_s_20260727_14,6d6219862050466a98a99f9c009d69e0,0.075,,,
681,2026-07-27,SH601390,0.05501338094472885,EXP_LinearModel_Alpha158_csi300_custom_step0_s_20260727_14,6d6219862050466a98a99f9c009d69e0,0.075,,,
682,2026-07-27,SH601377,0.005531040485948324,EXP_LinearModel_Alpha158_csi300_custom_step0_s_20260727_14,6d6219862050466a98a99f9c009d69e0,0.075,,,
683,2026-07-27,SH601360,-0.08413288742303848,EXP_LinearModel_Alpha158_csi300_custom_step0_s_20260727_14,6d6219862050466a98a99f9c009d69e0,0.075,,,
684,2026-07-27,SH601336,-0.129887193441391,EXP_LinearModel_Alpha158_csi300_custom_step0_s_20260727_14,6d6219862050466a98a99f9c009d69e0,0.075,,,
685,2026-07-27,SH601328,0.06420885771512985,EXP_LinearModel_Alpha158_csi300_custom_step0_s_20260727_14,6d6219862050466a98a99f9c009d69e0,0.075,,,
686,2026-07-27,SH601601,-0.004266283009201288,EXP_LinearModel_Alpha158_csi300_custom_step0_s_20260727_14,6d6219862050466a98a99f9c009d69e0,0.075,,,
687,2026-07-27,SH601727,-0.033670905977487564,EXP_LinearModel_Alpha158_csi300_custom_step0_s_20260727_14,6d6219862050466a98a99f9c009d69e0,0.075,,,
688,2026-07-27,SH601728,0.055896028876304626,EXP_LinearModel_Alpha158_csi300_custom_step0_s_20260727_14,6d6219862050466a98a99f9c009d69e0,0.075,,,
689,2026-07-27,SH601766,0.06533835828304291,EXP_LinearModel_Alpha158_csi300_custom_step0_s_20260727_14,6d6219862050466a98a99f9c009d69e0,0.075,,,
690,2026-07-27,SH601939,-0.015534445643424988,EXP_LinearModel_Alpha158_csi300_custom_step0_s_20260727_14,6d6219862050466a98a99f9c009d69e0,0.075,,,
691,2026-07-27,SH601919,-0.022731337696313858,EXP_LinearModel_Alpha158_csi300_custom_step0_s_20260727_14,6d6219862050466a98a99f9c009d69e0,0.075,,,
692,2026-07-27,SH601916,0.011199558153748512,EXP_LinearModel_Alpha158_csi300_custom_step0_s_20260727_14,6d6219862050466a98a99f9c009d69e0,0.075,,,
693,2026-07-27,SH601901,-0.08052258938550949,EXP_LinearModel_Alpha158_csi300_custom_step0_s_20260727_14,6d6219862050466a98a99f9c009d69e0,0.075,,,
694,2026-07-27,SH601899,-0.14357544481754303,EXP_LinearModel_Alpha158_csi300_custom_step0_s_20260727_14,6d6219862050466a98a99f9c009d69e0,0.075,,,
695,2026-07-27,SH601898,-0.07241644710302353,EXP_LinearModel_Alpha158_csi300_custom_step0_s_20260727_14,6d6219862050466a98a99f9c009d69e0,0.075,,,
696,2026-07-27,SH601888,-0.127268984913826,EXP_LinearModel_Alpha158_csi300_custom_step0_s_20260727_14,6d6219862050466a98a99f9c009d69e0,0.075,,,
697,2026-07-27,SH601881,-0.04989030957221985,EXP_LinearModel_Alpha158_csi300_custom_step0_s_20260727_14,6d6219862050466a98a99f9c009d69e0,0.075,,,
698,2026-07-27,SH601878,-0.00849619135260582,EXP_LinearModel_Alpha158_csi300_custom_step0_s_20260727_14,6d6219862050466a98a99f9c009d69e0,0.075,,,
699,2026-07-27,SH601877,-0.03433648496866226,EXP_LinearModel_Alpha158_csi300_custom_step0_s_20260727_14,6d6219862050466a98a99f9c009d69e0,0.075,,,
700,2026-07-27,SH601872,-0.16011835634708405,EXP_LinearModel_Alpha158_csi300_custom_step0_s_20260727_14,6d6219862050466a98a99f9c009d69e0,0.075,,,
701,2026-07-27,SH601868,0.015818674117326736,EXP_LinearModel_Alpha158_csi300_custom_step0_s_20260727_14,6d6219862050466a98a99f9c009d69e0,0.075,,,
702,2026-07-27,SH601857,-0.04674982652068138,EXP_LinearModel_Alpha158_csi300_custom_step0_s_20260727_14,6d6219862050466a98a99f9c009d69e0,0.075,,,
703,2026-07-27,SH601838,-0.001364008174277842,EXP_LinearModel_Alpha158_csi300_custom_step0_s_20260727_14,6d6219862050466a98a99f9c009d69e0,0.075,,,
704,2026-07-27,SH601825,-0.07904790341854095,EXP_LinearModel_Alpha158_csi300_custom_step0_s_20260727_14,6d6219862050466a98a99f9c009d69e0,0.075,,,
705,2026-07-27,SH601818,-0.013434911146759987,EXP_LinearModel_Alpha158_csi300_custom_step0_s_20260727_14,6d6219862050466a98a99f9c009d69e0,0.075,,,
706,2026-07-27,SH601816,0.07597797363996506,EXP_LinearModel_Alpha158_csi300_custom_step0_s_20260727_14,6d6219862050466a98a99f9c009d69e0,0.075,,,
707,2026-07-27,SH601800,0.021207859739661217,EXP_LinearModel_Alpha158_csi300_custom_step0_s_20260727_14,6d6219862050466a98a99f9c009d69e0,0.075,,,
708,2026-07-27,SH601788,-0.023502908647060394,EXP_LinearModel_Alpha158_csi300_custom_step0_s_20260727_14,6d6219862050466a98a99f9c009d69e0,0.075,,,
709,2026-07-27,SH601318,0.0291775930672884,EXP_LinearModel_Alpha158_csi300_custom_step0_s_20260727_14,6d6219862050466a98a99f9c009d69e0,0.075,,,
710,2026-07-27,SZ002920,0.04156351834535599,EXP_LinearModel_Alpha158_csi300_custom_step0_s_20260727_14,bd375c134d1449b584a18c6b55360ec9,0.026,,,
711,2026-07-27,SZ002916,-0.08519966155290604,EXP_LinearModel_Alpha158_csi300_custom_step0_s_20260727_14,bd375c134d1449b584a18c6b55360ec9,0.026,,,
712,2026-07-27,SZ002837,-0.1710880696773529,EXP_LinearModel_Alpha158_csi300_custom_step0_s_20260727_14,bd375c134d1449b584a18c6b55360ec9,0.026,,,
713,2026-07-27,SH601077,0.03106638789176941,EXP_LinearModel_Alpha158_csi300_custom_step0_s_20260727_14,e47ecf22ef9a436fa398e3964fa7d5d4,0.027,,,
714,2026-07-27,SH601066,-0.04592122137546539,EXP_LinearModel_Alpha158_csi300_custom_step0_s_20260727_14,e47ecf22ef9a436fa398e3964fa7d5d4,0.027,,,
715,2026-07-27,SH601059,-0.061164677143096924,EXP_LinearModel_Alpha158_csi300_custom_step0_s_20260727_14,e47ecf22ef9a436fa398e3964fa7d5d4,0.027,,,
716,2026-07-27,SH601058,0.04419006034731865,EXP_LinearModel_Alpha158_csi300_custom_step0_s_20260727_14,e47ecf22ef9a436fa398e3964fa7d5d4,0.027,,,
717,2026-07-27,SH601021,-0.04731796681880951,EXP_LinearModel_Alpha158_csi300_custom_step0_s_20260727_14,e47ecf22ef9a436fa398e3964fa7d5d4,0.027,,,
718,2026-07-27,SH601018,0.04494933784008026,EXP_LinearModel_Alpha158_csi300_custom_step0_s_20260727_14,e47ecf22ef9a436fa398e3964fa7d5d4,0.027,,,
719,2026-07-27,SH601012,-0.05464094877243042,EXP_LinearModel_Alpha158_csi300_custom_step0_s_20260727_14,e47ecf22ef9a436fa398e3964fa7d5d4,0.027,,,
720,2026-07-27,SH601009,0.02496686950325966,EXP_LinearModel_Alpha158_csi300_custom_step0_s_20260727_14,e47ecf22ef9a436fa398e3964fa7d5d4,0.027,,,
721,2026-07-27,SH601088,0.0461723655462265,EXP_LinearModel_Alpha158_csi300_custom_step0_s_20260727_14,e47ecf22ef9a436fa398e3964fa7d5d4,0.027,,,
722,2026-07-27,SH601006,0.04504894092679024,EXP_LinearModel_Alpha158_csi300_custom_step0_s_20260727_14,e47ecf22ef9a436fa398e3964fa7d5d4,0.027,,,
723,2026-07-27,SH600989,-0.09814134240150452,EXP_LinearModel_Alpha158_csi300_custom_step0_s_20260727_14,e47ecf22ef9a436fa398e3964fa7d5d4,0.027,,,
724,2026-07-27,SH600958,,EXP_LinearModel_Alpha158_csi300_custom_step0_s_20260727_14,e47ecf22ef9a436fa398e3964fa7d5d4,0.027,,,
725,2026-07-27,SH600941,0.08721783757209778,EXP_LinearModel_Alpha158_csi300_custom_step0_s_20260727_14,e47ecf22ef9a436fa398e3964fa7d5d4,0.027,,,
726,2026-07-27,SH600938,-0.2053750604391098,EXP_LinearModel_Alpha158_csi300_custom_step0_s_20260727_14,e47ecf22ef9a436fa398e3964fa7d5d4,0.027,,,
727,2026-07-27,SH600930,0.06912460923194885,EXP_LinearModel_Alpha158_csi300_custom_step0_s_20260727_14,e47ecf22ef9a436fa398e3964fa7d5d4,0.027,,,
728,2026-07-27,SH600926,-0.031817320734262466,EXP_LinearModel_Alpha158_csi300_custom_step0_s_20260727_14,e47ecf22ef9a436fa398e3964fa7d5d4,0.027,,,
729,2026-07-27,SH600919,0.03663359954953194,EXP_LinearModel_Alpha158_csi300_custom_step0_s_20260727_14,e47ecf22ef9a436fa398e3964fa7d5d4,0.027,,,
730,2026-07-27,SH600918,-0.033792514353990555,EXP_LinearModel_Alpha158_csi300_custom_step0_s_20260727_14,e47ecf22ef9a436fa398e3964fa7d5d4,0.027,,,
731,2026-07-27,SH600999,-0.12607598304748535,EXP_LinearModel_Alpha158_csi300_custom_step0_s_20260727_14,e47ecf22ef9a436fa398e3964fa7d5d4,0.027,,,
732,2026-07-27,SH600905,0.0616258941590786,EXP_LinearModel_Alpha158_csi300_custom_step0_s_20260727_14,e47ecf22ef9a436fa398e3964fa7d5d4,0.027,,,
733,2026-07-27,SH601100,0.022089418023824692,EXP_LinearModel_Alpha158_csi300_custom_step0_s_20260727_14,e47ecf22ef9a436fa398e3964fa7d5d4,0.027,,,
734,2026-07-27,SH601117,-0.01210733875632286,EXP_LinearModel_Alpha158_csi300_custom_step0_s_20260727_14,e47ecf22ef9a436fa398e3964fa7d5d4,0.027,,,
735,2026-07-27,SH601390,0.07745366543531418,EXP_LinearModel_Alpha158_csi300_custom_step0_s_20260727_14,e47ecf22ef9a436fa398e3964fa7d5d4,0.027,,,
736,2026-07-27,SH601377,0.04184409976005554,EXP_LinearModel_Alpha158_csi300_custom_step0_s_20260727_14,e47ecf22ef9a436fa398e3964fa7d5d4,0.027,,,
737,2026-07-27,SH601360,-0.028058091178536415,EXP_LinearModel_Alpha158_csi300_custom_step0_s_20260727_14,e47ecf22ef9a436fa398e3964fa7d5d4,0.027,,,
738,2026-07-27,SH601336,-0.09879408031702042,EXP_LinearModel_Alpha158_csi300_custom_step0_s_20260727_14,e47ecf22ef9a436fa398e3964fa7d5d4,0.027,,,
739,2026-07-27,SH601328,0.08450295031070709,EXP_LinearModel_Alpha158_csi300_custom_step0_s_20260727_14,e47ecf22ef9a436fa398e3964fa7d5d4,0.027,,,
740,2026-07-27,SH601319,0.009778502397239208,EXP_LinearModel_Alpha158_csi300_custom_step0_s_20260727_14,e47ecf22ef9a436fa398e3964fa7d5d4,0.027,,,
741,2026-07-27,SH601318,0.030383434146642685,EXP_LinearModel_Alpha158_csi300_custom_step0_s_20260727_14,e47ecf22ef9a436fa398e3964fa7d5d4,0.027,,,
742,2026-07-27,SH601288,0.01935427635908127,EXP_LinearModel_Alpha158_csi300_custom_step0_s_20260727_14,e47ecf22ef9a436fa398e3964fa7d5d4,0.027,,,
743,2026-07-27,SH601111,-0.041995275765657425,EXP_LinearModel_Alpha158_csi300_custom_step0_s_20260727_14,e47ecf22ef9a436fa398e3964fa7d5d4,0.027,,,
744,2026-07-27,SH601238,-0.051654282957315445,EXP_LinearModel_Alpha158_csi300_custom_step0_s_20260727_14,e47ecf22ef9a436fa398e3964fa7d5d4,0.027,,,
745,2026-07-27,SH601225,-0.05242394283413887,EXP_LinearModel_Alpha158_csi300_custom_step0_s_20260727_14,e47ecf22ef9a436fa398e3964fa7d5d4,0.027,,,
746,2026-07-27,SH601211,-0.0653008446097374,EXP_LinearModel_Alpha158_csi300_custom_step0_s_20260727_14,e47ecf22ef9a436fa398e3964fa7d5d4,0.027,,,
747,2026-07-27,SH601186,0.09170368313789368,EXP_LinearModel_Alpha158_csi300_custom_step0_s_20260727_14,e47ecf22ef9a436fa398e3964fa7d5d4,0.027,,,
748,2026-07-27,SH601169,0.1895390748977661,EXP_LinearModel_Alpha158_csi300_custom_step0_s_20260727_14,e47ecf22ef9a436fa398e3964fa7d5d4,0.027,,,
749,2026-07-27,SH601166,0.043061718344688416,EXP_LinearModel_Alpha158_csi300_custom_step0_s_20260727_14,e47ecf22ef9a436fa398e3964fa7d5d4,0.027,,,
750,2026-07-27,SH601138,-0.12601765990257263,EXP_LinearModel_Alpha158_csi300_custom_step0_s_20260727_14,e47ecf22ef9a436fa398e3964fa7d5d4,0.027,,,
751,2026-07-27,SH601136,-0.06650026887655258,EXP_LinearModel_Alpha158_csi300_custom_step0_s_20260727_14,e47ecf22ef9a436fa398e3964fa7d5d4,0.027,,,
752,2026-07-27,SH601127,0.06725607067346573,EXP_LinearModel_Alpha158_csi300_custom_step0_s_20260727_14,e47ecf22ef9a436fa398e3964fa7d5d4,0.027,,,
753,2026-07-27,SH601229,-0.02557610161602497,EXP_LinearModel_Alpha158_csi300_custom_step0_s_20260727_14,e47ecf22ef9a436fa398e3964fa7d5d4,0.027,,,
754,2026-07-27,SH600900,0.07026223838329315,EXP_LinearModel_Alpha158_csi300_custom_step0_s_20260727_14,e47ecf22ef9a436fa398e3964fa7d5d4,0.027,,,
755,2026-07-27,SH600893,-0.030238710343837738,EXP_LinearModel_Alpha158_csi300_custom_step0_s_20260727_14,e47ecf22ef9a436fa398e3964fa7d5d4,0.027,,,
756,2026-07-27,SH600887,0.03328825160861015,EXP_LinearModel_Alpha158_csi300_custom_step0_s_20260727_14,e47ecf22ef9a436fa398e3964fa7d5d4,0.027,,,
757,2026-07-27,SH600460,0.03329119458794594,EXP_LinearModel_Alpha158_csi300_custom_step0_s_20260727_14,e47ecf22ef9a436fa398e3964fa7d5d4,0.027,,,
758,2026-07-27,SH600438,-0.001368619385175407,EXP_LinearModel_Alpha158_csi300_custom_step0_s_20260727_14,e47ecf22ef9a436fa398e3964fa7d5d4,0.027,,,
759,2026-07-27,SH600436,0.03097430244088173,EXP_LinearModel_Alpha158_csi300_custom_step0_s_20260727_14,e47ecf22ef9a436fa398e3964fa7d5d4,0.027,,,
760,2026-07-27,SH600426,-0.02638770267367363,EXP_LinearModel_Alpha158_csi300_custom_step0_s_20260727_14,e47ecf22ef9a436fa398e3964fa7d5d4,0.027,,,
761,2026-07-27,SH600415,-0.0003794524818658829,EXP_LinearModel_Alpha158_csi300_custom_step0_s_20260727_14,e47ecf22ef9a436fa398e3964fa7d5d4,0.027,,,
762,2026-07-27,SH600406,-0.034684889018535614,EXP_LinearModel_Alpha158_csi300_custom_step0_s_20260727_14,e47ecf22ef9a436fa398e3964fa7d5d4,0.027,,,
763,2026-07-27,SH600372,-0.05579185485839844,EXP_LinearModel_Alpha158_csi300_custom_step0_s_20260727_14,e47ecf22ef9a436fa398e3964fa7d5d4,0.027,,,
764,2026-07-27,SH600362,-0.15275868773460388,EXP_LinearModel_Alpha158_csi300_custom_step0_s_20260727_14,e47ecf22ef9a436fa398e3964fa7d5d4,0.027,,,
765,2026-07-27,SH600482,-0.16694912314414978,EXP_LinearModel_Alpha158_csi300_custom_step0_s_20260727_14,e47ecf22ef9a436fa398e3964fa7d5d4,0.027,,,
766,2026-07-27,SH600346,-0.04422362521290779,EXP_LinearModel_Alpha158_csi300_custom_step0_s_20260727_14,e47ecf22ef9a436fa398e3964fa7d5d4,0.027,,,
767,2026-07-27,SH600276,-0.04286819323897362,EXP_LinearModel_Alpha158_csi300_custom_step0_s_20260727_14,e47ecf22ef9a436fa398e3964fa7d5d4,0.027,,,
768,2026-07-27,SH600233,0.0013047081883996725,EXP_LinearModel_Alpha158_csi300_custom_step0_s_20260727_14,e47ecf22ef9a436fa398e3964fa7d5d4,0.027,,,
769,2026-07-27,SH600221,0.04488159716129303,EXP_LinearModel_Alpha158_csi300_custom_step0_s_20260727_14,e47ecf22ef9a436fa398e3964fa7d5d4,0.027,,,
770,2026-07-27,SH600219,-0.14112481474876404,EXP_LinearModel_Alpha158_csi300_custom_step0_s_20260727_14,e47ecf22ef9a436fa398e3964fa7d5d4,0.027,,,
771,2026-07-27,SH600196,-0.04550774395465851,EXP_LinearModel_Alpha158_csi300_custom_step0_s_20260727_14,e47ecf22ef9a436fa398e3964fa7d5d4,0.027,,,
772,2026-07-27,SH600188,-0.11550561338663101,EXP_LinearModel_Alpha158_csi300_custom_step0_s_20260727_14,e47ecf22ef9a436fa398e3964fa7d5d4,0.027,,,
773,2026-07-27,SH600183,-0.1138262078166008,EXP_LinearModel_Alpha158_csi300_custom_step0_s_20260727_14,e47ecf22ef9a436fa398e3964fa7d5d4,0.027,,,
774,2026-07-27,SH600176,0.1993643045425415,EXP_LinearModel_Alpha158_csi300_custom_step0_s_20260727_14,e47ecf22ef9a436fa398e3964fa7d5d4,0.027,,,
775,2026-07-27,SH600309,-0.12822911143302917,EXP_LinearModel_Alpha158_csi300_custom_step0_s_20260727_14,e47ecf22ef9a436fa398e3964fa7d5d4,0.027,,,
776,2026-07-27,SH600489,-0.07228162884712219,EXP_LinearModel_Alpha158_csi300_custom_step0_s_20260727_14,e47ecf22ef9a436fa398e3964fa7d5d4,0.027,,,
777,2026-07-27,SH600515,0.012199276126921177,EXP_LinearModel_Alpha158_csi300_custom_step0_s_20260727_14,e47ecf22ef9a436fa398e3964fa7d5d4,0.027,,,
778,2026-07-27,SH600519,0.022345617413520813,EXP_LinearModel_Alpha158_csi300_custom_step0_s_20260727_14,e47ecf22ef9a436fa398e3964fa7d5d4,0.027,,,
779,2026-07-27,SH600886,0.0918940082192421,EXP_LinearModel_Alpha158_csi300_custom_step0_s_20260727_14,e47ecf22ef9a436fa398e3964fa7d5d4,0.027,,,
780,2026-07-27,SH600875,-0.07393194735050201,EXP_LinearModel_Alpha158_csi300_custom_step0_s_20260727_14,e47ecf22ef9a436fa398e3964fa7d5d4,0.027,,,
781,2026-07-27,SH600845,0.04069219157099724,EXP_LinearModel_Alpha158_csi300_custom_step0_s_20260727_14,e47ecf22ef9a436fa398e3964fa7d5d4,0.027,,,
782,2026-07-27,SH600809,-0.01412190217524767,EXP_LinearModel_Alpha158_csi300_custom_step0_s_20260727_14,e47ecf22ef9a436fa398e3964fa7d5d4,0.027,,,
783,2026-07-27,SH600803,-0.05465950444340706,EXP_LinearModel_Alpha158_csi300_custom_step0_s_20260727_14,e47ecf22ef9a436fa398e3964fa7d5d4,0.027,,,
784,2026-07-27,SH600795,0.013073009438812733,EXP_LinearModel_Alpha158_csi300_custom_step0_s_20260727_14,e47ecf22ef9a436fa398e3964fa7d5d4,0.027,,,
785,2026-07-27,SH600760,-0.01106114499270916,EXP_LinearModel_Alpha158_csi300_custom_step0_s_20260727_14,e47ecf22ef9a436fa398e3964fa7d5d4,0.027,,,
786,2026-07-27,SH600741,0.07780680060386658,EXP_LinearModel_Alpha158_csi300_custom_step0_s_20260727_14,e47ecf22ef9a436fa398e3964fa7d5d4,0.027,,,
787,2026-07-27,SH600690,0.0346648246049881,EXP_LinearModel_Alpha158_csi300_custom_step0_s_20260727_14,e47ecf22ef9a436fa398e3964fa7d5d4,0.027,,,
788,2026-07-27,SH600674,0.12489953637123108,EXP_LinearModel_Alpha158_csi300_custom_step0_s_20260727_14,e47ecf22ef9a436fa398e3964fa7d5d4,0.027,,,
789,2026-07-27,SH600660,-0.017906581982970238,EXP_LinearModel_Alpha158_csi300_custom_step0_s_20260727_14,e47ecf22ef9a436fa398e3964fa7d5d4,0.027,,,
790,2026-07-27,SH600600,-0.011011459864675999,EXP_LinearModel_Alpha158_csi300_custom_step0_s_20260727_14,e47ecf22ef9a436fa398e3964fa7d5d4,0.027,,,
791,2026-07-27,SH600588,-0.02757842093706131,EXP_LinearModel_Alpha158_csi300_custom_step0_s_20260727_14,e47ecf22ef9a436fa398e3964fa7d5d4,0.027,,,
792,2026-07-27,SH600585,0.03622523322701454,EXP_LinearModel_Alpha158_csi300_custom_step0_s_20260727_14,e47ecf22ef9a436fa398e3964fa7d5d4,0.027,,,
793,2026-07-27,SH600584,-0.1517983227968216,EXP_LinearModel_Alpha158_csi300_custom_step0_s_20260727_14,e47ecf22ef9a436fa398e3964fa7d5d4,0.027,,,
794,2026-07-27,SH600570,-0.0030261531937867403,EXP_LinearModel_Alpha158_csi300_custom_step0_s_20260727_14,e47ecf22ef9a436fa398e3964fa7d5d4,0.027,,,
795,2026-07-27,SH600549,0.009379023686051369,EXP_LinearModel_Alpha158_csi300_custom_step0_s_20260727_14,e47ecf22ef9a436fa398e3964fa7d5d4,0.027,,,
796,2026-07-27,SH600547,-0.09905048459768295,EXP_LinearModel_Alpha158_csi300_custom_step0_s_20260727_14,e47ecf22ef9a436fa398e3964fa7d5d4,0.027,,,
797,2026-07-27,SH600522,0.0898539125919342,EXP_LinearModel_Alpha158_csi300_custom_step0_s_20260727_14,e47ecf22ef9a436fa398e3964fa7d5d4,0.027,,,
798,2026-07-27,SH601398,0.09546636044979095,EXP_LinearModel_Alpha158_csi300_custom_step0_s_20260727_14,e47ecf22ef9a436fa398e3964fa7d5d4,0.027,,,
799,2026-07-27,SH600160,0.04172078147530556,EXP_LinearModel_Alpha158_csi300_custom_step0_s_20260727_14,e47ecf22ef9a436fa398e3964fa7d5d4,0.027,,,
800,2026-07-27,SH601456,-0.019363701343536377,EXP_LinearModel_Alpha158_csi300_custom_step0_s_20260727_14,e47ecf22ef9a436fa398e3964fa7d5d4,0.027,,,
801,2026-07-27,SH601601,-0.04227442294359207,EXP_LinearModel_Alpha158_csi300_custom_step0_s_20260727_14,e47ecf22ef9a436fa398e3964fa7d5d4,0.027,,,
802,2026-07-27,SH688256,-0.15397495031356812,EXP_LinearModel_Alpha158_csi300_custom_step0_s_20260727_14,e47ecf22ef9a436fa398e3964fa7d5d4,0.027,,,
803,2026-07-27,SH688223,0.11669935286045074,EXP_LinearModel_Alpha158_csi300_custom_step0_s_20260727_14,e47ecf22ef9a436fa398e3964fa7d5d4,0.027,,,
804,2026-07-27,SH688183,-0.181693896651268,EXP_LinearModel_Alpha158_csi300_custom_step0_s_20260727_14,e47ecf22ef9a436fa398e3964fa7d5d4,0.027,,,
805,2026-07-27,SH688126,0.03345669060945511,EXP_LinearModel_Alpha158_csi300_custom_step0_s_20260727_14,e47ecf22ef9a436fa398e3964fa7d5d4,0.027,,,
806,2026-07-27,SH688111,-0.03323112800717354,EXP_LinearModel_Alpha158_csi300_custom_step0_s_20260727_14,e47ecf22ef9a436fa398e3964fa7d5d4,0.027,,,
807,2026-07-27,SH688082,-0.08522865176200867,EXP_LinearModel_Alpha158_csi300_custom_step0_s_20260727_14,e47ecf22ef9a436fa398e3964fa7d5d4,0.027,,,
808,2026-07-27,SH688072,,EXP_LinearModel_Alpha158_csi300_custom_step0_s_20260727_14,e47ecf22ef9a436fa398e3964fa7d5d4,0.027,,,
809,2026-07-27,SH688047,0.06701071560382843,EXP_LinearModel_Alpha158_csi300_custom_step0_s_20260727_14,e47ecf22ef9a436fa398e3964fa7d5d4,0.027,,,
810,2026-07-27,SH688271,-0.05550088360905647,EXP_LinearModel_Alpha158_csi300_custom_step0_s_20260727_14,e47ecf22ef9a436fa398e3964fa7d5d4,0.027,,,
811,2026-07-27,SH688041,-0.1641847938299179,EXP_LinearModel_Alpha158_csi300_custom_step0_s_20260727_14,e47ecf22ef9a436fa398e3964fa7d5d4,0.027,,,
812,2026-07-27,SH688012,-0.15962651371955872,EXP_LinearModel_Alpha158_csi300_custom_step0_s_20260727_14,e47ecf22ef9a436fa398e3964fa7d5d4,0.027,,,
813,2026-07-27,SH688009,0.0032999571412801743,EXP_LinearModel_Alpha158_csi300_custom_step0_s_20260727_14,e47ecf22ef9a436fa398e3964fa7d5d4,0.027,,,
814,2026-07-27,SH688008,-0.2668551504611969,EXP_LinearModel_Alpha158_csi300_custom_step0_s_20260727_14,e47ecf22ef9a436fa398e3964fa7d5d4,0.027,,,
815,2026-07-27,SH605499,-0.0625036358833313,EXP_LinearModel_Alpha158_csi300_custom_step0_s_20260727_14,e47ecf22ef9a436fa398e3964fa7d5d4,0.027,,,
816,2026-07-27,SH605117,0.06188137084245682,EXP_LinearModel_Alpha158_csi300_custom_step0_s_20260727_14,e47ecf22ef9a436fa398e3964fa7d5d4,0.027,,,
817,2026-07-27,SH603993,-0.1507713794708252,EXP_LinearModel_Alpha158_csi300_custom_step0_s_20260727_14,e47ecf22ef9a436fa398e3964fa7d5d4,0.027,,,
818,2026-07-27,SH603986,-0.04129090532660484,EXP_LinearModel_Alpha158_csi300_custom_step0_s_20260727_14,e47ecf22ef9a436fa398e3964fa7d5d4,0.027,,,
819,2026-07-27,SH603893,-0.13057374954223633,EXP_LinearModel_Alpha158_csi300_custom_step0_s_20260727_14,e47ecf22ef9a436fa398e3964fa7d5d4,0.027,,,
820,2026-07-27,SH688036,-0.06892405450344086,EXP_LinearModel_Alpha158_csi300_custom_step0_s_20260727_14,e47ecf22ef9a436fa398e3964fa7d5d4,0.027,,,
821,2026-07-27,SH603799,-0.01742272637784481,EXP_LinearModel_Alpha158_csi300_custom_step0_s_20260727_14,e47ecf22ef9a436fa398e3964fa7d5d4,0.027,,,
822,2026-07-27,SH688303,-0.044325072318315506,EXP_LinearModel_Alpha158_csi300_custom_step0_s_20260727_14,e47ecf22ef9a436fa398e3964fa7d5d4,0.027,,,
823,2026-07-27,SH688472,0.11760979145765305,EXP_LinearModel_Alpha158_csi300_custom_step0_s_20260727_14,e47ecf22ef9a436fa398e3964fa7d5d4,0.027,,,
824,2026-07-27,SZ000617,-0.03562470152974129,EXP_LinearModel_Alpha158_csi300_custom_step0_s_20260727_14,e47ecf22ef9a436fa398e3964fa7d5d4,0.027,,,
825,2026-07-27,SZ000596,-0.06766875833272934,EXP_LinearModel_Alpha158_csi300_custom_step0_s_20260727_14,e47ecf22ef9a436fa398e3964fa7d5d4,0.027,,,
826,2026-07-27,SZ000568,-0.05918347090482712,EXP_LinearModel_Alpha158_csi300_custom_step0_s_20260727_14,e47ecf22ef9a436fa398e3964fa7d5d4,0.027,,,
827,2026-07-27,SZ000538,-0.0067012133076786995,EXP_LinearModel_Alpha158_csi300_custom_step0_s_20260727_14,e47ecf22ef9a436fa398e3964fa7d5d4,0.027,,,
828,2026-07-27,SZ000425,-0.029237253591418266,EXP_LinearModel_Alpha158_csi300_custom_step0_s_20260727_14,e47ecf22ef9a436fa398e3964fa7d5d4,0.027,,,
829,2026-07-27,SZ000408,-0.07693585008382797,EXP_LinearModel_Alpha158_csi300_custom_step0_s_20260727_14,e47ecf22ef9a436fa398e3964fa7d5d4,0.027,,,
830,2026-07-27,SZ000338,-0.07531268149614334,EXP_LinearModel_Alpha158_csi300_custom_step0_s_20260727_14,e47ecf22ef9a436fa398e3964fa7d5d4,0.027,,,
831,2026-07-27,SZ000333,0.09977026283740997,EXP_LinearModel_Alpha158_csi300_custom_step0_s_20260727_14,e47ecf22ef9a436fa398e3964fa7d5d4,0.027,,,
832,2026-07-27,SH688396,0.028043435886502266,EXP_LinearModel_Alpha158_csi300_custom_step0_s_20260727_14,e47ecf22ef9a436fa398e3964fa7d5d4,0.027,,,
833,2026-07-27,SZ000301,-0.1172560304403305,EXP_LinearModel_Alpha158_csi300_custom_step0_s_20260727_14,e47ecf22ef9a436fa398e3964fa7d5d4,0.027,,,
834,2026-07-27,SZ000157,-0.03784330189228058,EXP_LinearModel_Alpha158_csi300_custom_step0_s_20260727_14,e47ecf22ef9a436fa398e3964fa7d5d4,0.027,,,
835,2026-07-27,SZ000100,-0.07646995037794113,EXP_LinearModel_Alpha158_csi300_custom_step0_s_20260727_14,e47ecf22ef9a436fa398e3964fa7d5d4,0.027,,,
836,2026-07-27,SZ000063,-0.1785290539264679,EXP_LinearModel_Alpha158_csi300_custom_step0_s_20260727_14,e47ecf22ef9a436fa398e3964fa7d5d4,0.027,,,
837,2026-07-27,SZ000002,-0.015179275535047054,EXP_LinearModel_Alpha158_csi300_custom_step0_s_20260727_14,e47ecf22ef9a436fa398e3964fa7d5d4,0.027,,,
838,2026-07-27,SZ000001,0.0604492723941803,EXP_LinearModel_Alpha158_csi300_custom_step0_s_20260727_14,e47ecf22ef9a436fa398e3964fa7d5d4,0.027,,,
839,2026-07-27,SH688981,-0.21639947593212128,EXP_LinearModel_Alpha158_csi300_custom_step0_s_20260727_14,e47ecf22ef9a436fa398e3964fa7d5d4,0.027,,,
840,2026-07-27,SH688521,-0.003645081538707018,EXP_LinearModel_Alpha158_csi300_custom_step0_s_20260727_14,e47ecf22ef9a436fa398e3964fa7d5d4,0.027,,,
841,2026-07-27,SH688506,-0.018416069447994232,EXP_LinearModel_Alpha158_csi300_custom_step0_s_20260727_14,e47ecf22ef9a436fa398e3964fa7d5d4,0.027,,,
842,2026-07-27,SZ000166,0.007350710220634937,EXP_LinearModel_Alpha158_csi300_custom_step0_s_20260727_14,e47ecf22ef9a436fa398e3964fa7d5d4,0.027,,,
843,2026-07-27,SH603501,-0.12517739832401276,EXP_LinearModel_Alpha158_csi300_custom_step0_s_20260727_14,e47ecf22ef9a436fa398e3964fa7d5d4,0.027,,,
844,2026-07-27,SH603392,0.026964060962200165,EXP_LinearModel_Alpha158_csi300_custom_step0_s_20260727_14,e47ecf22ef9a436fa398e3964fa7d5d4,0.027,,,
845,2026-07-27,SH603369,-0.03581280633807182,EXP_LinearModel_Alpha158_csi300_custom_step0_s_20260727_14,e47ecf22ef9a436fa398e3964fa7d5d4,0.027,,,
846,2026-07-27,SH601825,-0.08982756733894348,EXP_LinearModel_Alpha158_csi300_custom_step0_s_20260727_14,e47ecf22ef9a436fa398e3964fa7d5d4,0.027,,,
847,2026-07-27,SH601818,0.036828018724918365,EXP_LinearModel_Alpha158_csi300_custom_step0_s_20260727_14,e47ecf22ef9a436fa398e3964fa7d5d4,0.027,,,
848,2026-07-27,SH601816,0.09290927648544312,EXP_LinearModel_Alpha158_csi300_custom_step0_s_20260727_14,e47ecf22ef9a436fa398e3964fa7d5d4,0.027,,,
849,2026-07-27,SH601800,0.007399749010801315,EXP_LinearModel_Alpha158_csi300_custom_step0_s_20260727_14,e47ecf22ef9a436fa398e3964fa7d5d4,0.027,,,
850,2026-07-27,SH601788,-0.033531203866004944,EXP_LinearModel_Alpha158_csi300_custom_step0_s_20260727_14,e47ecf22ef9a436fa398e3964fa7d5d4,0.027,,,
851,2026-07-27,SH601766,0.06534033268690109,EXP_LinearModel_Alpha158_csi300_custom_step0_s_20260727_14,e47ecf22ef9a436fa398e3964fa7d5d4,0.027,,,
852,2026-07-27,SH601728,0.06486556679010391,EXP_LinearModel_Alpha158_csi300_custom_step0_s_20260727_14,e47ecf22ef9a436fa398e3964fa7d5d4,0.027,,,
853,2026-07-27,SH601727,-0.006978714372962713,EXP_LinearModel_Alpha158_csi300_custom_step0_s_20260727_14,e47ecf22ef9a436fa398e3964fa7d5d4,0.027,,,
854,2026-07-27,SH601838,0.03387819230556488,EXP_LinearModel_Alpha158_csi300_custom_step0_s_20260727_14,e47ecf22ef9a436fa398e3964fa7d5d4,0.027,,,
855,2026-07-27,SH601698,-0.009753418155014515,EXP_LinearModel_Alpha158_csi300_custom_step0_s_20260727_14,e47ecf22ef9a436fa398e3964fa7d5d4,0.027,,,
856,2026-07-27,SH601688,-0.021269481629133224,EXP_LinearModel_Alpha158_csi300_custom_step0_s_20260727_14,e47ecf22ef9a436fa398e3964fa7d5d4,0.027,,,
857,2026-07-27,SH601669,0.0018163854256272316,EXP_LinearModel_Alpha158_csi300_custom_step0_s_20260727_14,e47ecf22ef9a436fa398e3964fa7d5d4,0.027,,,
858,2026-07-27,SH601668,0.09010493755340576,EXP_LinearModel_Alpha158_csi300_custom_step0_s_20260727_14,e47ecf22ef9a436fa398e3964fa7d5d4,0.027,,,
859,2026-07-27,SH601658,0.10062945634126663,EXP_LinearModel_Alpha158_csi300_custom_step0_s_20260727_14,e47ecf22ef9a436fa398e3964fa7d5d4,0.027,,,
860,2026-07-27,SH601633,-0.0707317367196083,EXP_LinearModel_Alpha158_csi300_custom_step0_s_20260727_14,e47ecf22ef9a436fa398e3964fa7d5d4,0.027,,,
861,2026-07-27,SH601628,-0.03712670877575874,EXP_LinearModel_Alpha158_csi300_custom_step0_s_20260727_14,e47ecf22ef9a436fa398e3964fa7d5d4,0.027,,,
862,2026-07-27,SH601618,0.022654984146356583,EXP_LinearModel_Alpha158_csi300_custom_step0_s_20260727_14,e47ecf22ef9a436fa398e3964fa7d5d4,0.027,,,
863,2026-07-27,SH601607,0.028985824435949326,EXP_LinearModel_Alpha158_csi300_custom_step0_s_20260727_14,e47ecf22ef9a436fa398e3964fa7d5d4,0.027,,,
864,2026-07-27,SH601689,0.021173745393753052,EXP_LinearModel_Alpha158_csi300_custom_step0_s_20260727_14,e47ecf22ef9a436fa398e3964fa7d5d4,0.027,,,
865,2026-07-27,SH601857,-0.03481671214103699,EXP_LinearModel_Alpha158_csi300_custom_step0_s_20260727_14,e47ecf22ef9a436fa398e3964fa7d5d4,0.027,,,
866,2026-07-27,SH601868,-0.00895638670772314,EXP_LinearModel_Alpha158_csi300_custom_step0_s_20260727_14,e47ecf22ef9a436fa398e3964fa7d5d4,0.027,,,
867,2026-07-27,SH601872,-0.09834228456020355,EXP_LinearModel_Alpha158_csi300_custom_step0_s_20260727_14,e47ecf22ef9a436fa398e3964fa7d5d4,0.027,,,
868,2026-07-27,SH603296,-0.11718496680259705,EXP_LinearModel_Alpha158_csi300_custom_step0_s_20260727_14,e47ecf22ef9a436fa398e3964fa7d5d4,0.027,,,
869,2026-07-27,SH603288,-0.018040917813777924,EXP_LinearModel_Alpha158_csi300_custom_step0_s_20260727_14,e47ecf22ef9a436fa398e3964fa7d5d4,0.027,,,
870,2026-07-27,SH603260,0.033019665628671646,EXP_LinearModel_Alpha158_csi300_custom_step0_s_20260727_14,e47ecf22ef9a436fa398e3964fa7d5d4,0.027,,,
871,2026-07-27,SH603259,-0.010164428502321243,EXP_LinearModel_Alpha158_csi300_custom_step0_s_20260727_14,e47ecf22ef9a436fa398e3964fa7d5d4,0.027,,,
872,2026-07-27,SH603019,-0.08786371350288391,EXP_LinearModel_Alpha158_csi300_custom_step0_s_20260727_14,e47ecf22ef9a436fa398e3964fa7d5d4,0.027,,,
873,2026-07-27,SH601998,-0.039132632315158844,EXP_LinearModel_Alpha158_csi300_custom_step0_s_20260727_14,e47ecf22ef9a436fa398e3964fa7d5d4,0.027,,,
874,2026-07-27,SH601995,-0.1258910596370697,EXP_LinearModel_Alpha158_csi300_custom_step0_s_20260727_14,e47ecf22ef9a436fa398e3964fa7d5d4,0.027,,,
875,2026-07-27,SH601988,0.06495368480682373,EXP_LinearModel_Alpha158_csi300_custom_step0_s_20260727_14,e47ecf22ef9a436fa398e3964fa7d5d4,0.027,,,
876,2026-07-27,SH601985,0.05894799157977104,EXP_LinearModel_Alpha158_csi300_custom_step0_s_20260727_14,e47ecf22ef9a436fa398e3964fa7d5d4,0.027,,,
877,2026-07-27,SH601939,0.01945246383547783,EXP_LinearModel_Alpha158_csi300_custom_step0_s_20260727_14,e47ecf22ef9a436fa398e3964fa7d5d4,0.027,,,
878,2026-07-27,SH601919,0.014752084389328957,EXP_LinearModel_Alpha158_csi300_custom_step0_s_20260727_14,e47ecf22ef9a436fa398e3964fa7d5d4,0.027,,,
879,2026-07-27,SH601916,0.056331194937229156,EXP_LinearModel_Alpha158_csi300_custom_step0_s_20260727_14,e47ecf22ef9a436fa398e3964fa7d5d4,0.027,,,
880,2026-07-27,SH601901,-0.050541769713163376,EXP_LinearModel_Alpha158_csi300_custom_step0_s_20260727_14,e47ecf22ef9a436fa398e3964fa7d5d4,0.027,,,
881,2026-07-27,SH601899,-0.1270577311515808,EXP_LinearModel_Alpha158_csi300_custom_step0_s_20260727_14,e47ecf22ef9a436fa398e3964fa7d5d4,0.027,,,
882,2026-07-27,SH601898,-0.10797786712646484,EXP_LinearModel_Alpha158_csi300_custom_step0_s_20260727_14,e47ecf22ef9a436fa398e3964fa7d5d4,0.027,,,
883,2026-07-27,SH601888,-0.09301435202360153,EXP_LinearModel_Alpha158_csi300_custom_step0_s_20260727_14,e47ecf22ef9a436fa398e3964fa7d5d4,0.027,,,
884,2026-07-27,SH601881,-0.038440585136413574,EXP_LinearModel_Alpha158_csi300_custom_step0_s_20260727_14,e47ecf22ef9a436fa398e3964fa7d5d4,0.027,,,
885,2026-07-27,SH601878,0.0038109906017780304,EXP_LinearModel_Alpha158_csi300_custom_step0_s_20260727_14,e47ecf22ef9a436fa398e3964fa7d5d4,0.027,,,
886,2026-07-27,SH601877,-0.029502371326088905,EXP_LinearModel_Alpha158_csi300_custom_step0_s_20260727_14,e47ecf22ef9a436fa398e3964fa7d5d4,0.027,,,
887,2026-07-27,SH601600,-0.06376554816961288,EXP_LinearModel_Alpha158_csi300_custom_step0_s_20260727_14,e47ecf22ef9a436fa398e3964fa7d5d4,0.027,,,
888,2026-07-27,SZ000625,-0.08624152094125748,EXP_LinearModel_Alpha158_csi300_custom_step0_s_20260727_14,e47ecf22ef9a436fa398e3964fa7d5d4,0.027,,,
889,2026-07-27,SH600150,-0.03099917620420456,EXP_LinearModel_Alpha158_csi300_custom_step0_s_20260727_14,e47ecf22ef9a436fa398e3964fa7d5d4,0.027,,,
890,2026-07-27,SH600115,-0.027789508923888206,EXP_LinearModel_Alpha158_csi300_custom_step0_s_20260727_14,e47ecf22ef9a436fa398e3964fa7d5d4,0.027,,,
891,2026-07-27,SZ000858,-0.02314402328064721,EXP_LGBModel_Alpha158_csi300_custom_step0_s_20260727_14,f3485a9546bd4ed2a15c9336951d7abd,0.024,,,
892,2026-07-27,SZ000807,-0.03334000856359759,EXP_LGBModel_Alpha158_csi300_custom_step0_s_20260727_14,f3485a9546bd4ed2a15c9336951d7abd,0.024,,,
893,2026-07-27,SZ000792,0.022368620378713944,EXP_LGBModel_Alpha158_csi300_custom_step0_s_20260727_14,f3485a9546bd4ed2a15c9336951d7abd,0.024,,,
894,2026-07-27,SZ000776,-0.0856555777544979,EXP_LGBModel_Alpha158_csi300_custom_step0_s_20260727_14,f3485a9546bd4ed2a15c9336951d7abd,0.024,,,
895,2026-07-27,SZ000768,-0.05834135304107264,EXP_LGBModel_Alpha158_csi300_custom_step0_s_20260727_14,f3485a9546bd4ed2a15c9336951d7abd,0.024,,,
896,2026-07-27,SZ000725,0.12194876661867711,EXP_LGBModel_Alpha158_csi300_custom_step0_s_20260727_14,f3485a9546bd4ed2a15c9336951d7abd,0.024,,,
897,2026-07-27,SZ000708,0.014841122766090103,EXP_LGBModel_Alpha158_csi300_custom_step0_s_20260727_14,f3485a9546bd4ed2a15c9336951d7abd,0.024,,,
898,2026-07-27,SZ000657,0.03595912468616592,EXP_LGBModel_Alpha158_csi300_custom_step0_s_20260727_14,f3485a9546bd4ed2a15c9336951d7abd,0.024,,,
899,2026-07-27,SZ000895,0.02061747060886746,EXP_LGBModel_Alpha158_csi300_custom_step0_s_20260727_14,f3485a9546bd4ed2a15c9336951d7abd,0.024,,,
900,2026-07-27,SZ000651,0.05086544206808009,EXP_LGBModel_Alpha158_csi300_custom_step0_s_20260727_14,f3485a9546bd4ed2a15c9336951d7abd,0.024,,,
901,2026-07-27,SZ000625,-0.0024764812988270976,EXP_LGBModel_Alpha158_csi300_custom_step0_s_20260727_14,f3485a9546bd4ed2a15c9336951d7abd,0.024,,,
902,2026-07-27,SZ000617,-0.04772257410242184,EXP_LGBModel_Alpha158_csi300_custom_step0_s_20260727_14,f3485a9546bd4ed2a15c9336951d7abd,0.024,,,
903,2026-07-27,SZ000596,-0.01361793130950402,EXP_LGBModel_Alpha158_csi300_custom_step0_s_20260727_14,f3485a9546bd4ed2a15c9336951d7abd,0.024,,,
904,2026-07-27,SZ000568,-0.032431129832073254,EXP_LGBModel_Alpha158_csi300_custom_step0_s_20260727_14,f3485a9546bd4ed2a15c9336951d7abd,0.024,,,
905,2026-07-27,SZ000538,0.02911819978569679,EXP_LGBModel_Alpha158_csi300_custom_step0_s_20260727_14,f3485a9546bd4ed2a15c9336951d7abd,0.024,,,
906,2026-07-27,SZ000425,0.0464030359595902,EXP_LGBModel_Alpha158_csi300_custom_step0_s_20260727_14,f3485a9546bd4ed2a15c9336951d7abd,0.024,,,
907,2026-07-27,SZ000408,-0.008310126052956418,EXP_LGBModel_Alpha158_csi300_custom_step0_s_20260727_14,f3485a9546bd4ed2a15c9336951d7abd,0.024,,,
908,2026-07-27,SZ000338,-0.029112576456734887,EXP_LGBModel_Alpha158_csi300_custom_step0_s_20260727_14,f3485a9546bd4ed2a15c9336951d7abd,0.024,,,
909,2026-07-27,SZ000630,0.0003402788414738644,EXP_LGBModel_Alpha158_csi300_custom_step0_s_20260727_14,f3485a9546bd4ed2a15c9336951d7abd,0.024,,,
910,2026-07-27,SZ000333,0.027953946406022025,EXP_LGBModel_Alpha158_csi300_custom_step0_s_20260727_14,f3485a9546bd4ed2a15c9336951d7abd,0.024,,,
911,2026-07-27,SZ000938,-0.09698604081676536,EXP_LGBModel_Alpha158_csi300_custom_step0_s_20260727_14,f3485a9546bd4ed2a15c9336951d7abd,0.024,,,
912,2026-07-27,SZ000975,-0.13013769666376238,EXP_LGBModel_Alpha158_csi300_custom_step0_s_20260727_14,f3485a9546bd4ed2a15c9336951d7abd,0.024,,,
913,2026-07-27,SZ002236,0.013866226867156507,EXP_LGBModel_Alpha158_csi300_custom_step0_s_20260727_14,f3485a9546bd4ed2a15c9336951d7abd,0.024,,,
914,2026-07-27,SZ002230,-0.035035703555294104,EXP_LGBModel_Alpha158_csi300_custom_step0_s_20260727_14,f3485a9546bd4ed2a15c9336951d7abd,0.024,,,
915,2026-07-27,SZ002202,0.08877175154879723,EXP_LGBModel_Alpha158_csi300_custom_step0_s_20260727_14,f3485a9546bd4ed2a15c9336951d7abd,0.024,,,
916,2026-07-27,SZ002179,0.08412917814223603,EXP_LGBModel_Alpha158_csi300_custom_step0_s_20260727_14,f3485a9546bd4ed2a15c9336951d7abd,0.024,,,
917,2026-07-27,SZ002142,0.017209788947585184,EXP_LGBModel_Alpha158_csi300_custom_step0_s_20260727_14,f3485a9546bd4ed2a15c9336951d7abd,0.024,,,
918,2026-07-27,SZ002074,-0.03176743772666397,EXP_LGBModel_Alpha158_csi300_custom_step0_s_20260727_14,f3485a9546bd4ed2a15c9336951d7abd,0.024,,,
919,2026-07-27,SZ002050,0.11118635711654327,EXP_LGBModel_Alpha158_csi300_custom_step0_s_20260727_14,f3485a9546bd4ed2a15c9336951d7abd,0.024,,,
920,2026-07-27,SZ002049,0.031490343227805695,EXP_LGBModel_Alpha158_csi300_custom_step0_s_20260727_14,f3485a9546bd4ed2a15c9336951d7abd,0.024,,,
921,2026-07-27,SZ000963,-0.023594952349694606,EXP_LGBModel_Alpha158_csi300_custom_step0_s_20260727_14,f3485a9546bd4ed2a15c9336951d7abd,0.024,,,
922,2026-07-27,SZ002028,-0.030743334932172205,EXP_LGBModel_Alpha158_csi300_custom_step0_s_20260727_14,f3485a9546bd4ed2a15c9336951d7abd,0.024,,,
923,2026-07-27,SZ002001,-0.031980582390887385,EXP_LGBModel_Alpha158_csi300_custom_step0_s_20260727_14,f3485a9546bd4ed2a15c9336951d7abd,0.024,,,
924,2026-07-27,SZ001979,0.0086492590094969,EXP_LGBModel_Alpha158_csi300_custom_step0_s_20260727_14,f3485a9546bd4ed2a15c9336951d7abd,0.024,,,
925,2026-07-27,SZ001965,0.03545280285372796,EXP_LGBModel_Alpha158_csi300_custom_step0_s_20260727_14,f3485a9546bd4ed2a15c9336951d7abd,0.024,,,
926,2026-07-27,SZ001391,-0.02103040900881279,EXP_LGBModel_Alpha158_csi300_custom_step0_s_20260727_14,f3485a9546bd4ed2a15c9336951d7abd,0.024,,,
927,2026-07-27,SZ001280,0.04043935453530622,EXP_LGBModel_Alpha158_csi300_custom_step0_s_20260727_14,f3485a9546bd4ed2a15c9336951d7abd,0.024,,,
928,2026-07-27,SZ000999,0.01912789192694586,EXP_LGBModel_Alpha158_csi300_custom_step0_s_20260727_14,f3485a9546bd4ed2a15c9336951d7abd,0.024,,,
929,2026-07-27,SZ000988,0.04949532517573862,EXP_LGBModel_Alpha158_csi300_custom_step0_s_20260727_14,f3485a9546bd4ed2a15c9336951d7abd,0.024,,,
930,2026-07-27,SZ000977,0.04700024038174744,EXP_LGBModel_Alpha158_csi300_custom_step0_s_20260727_14,f3485a9546bd4ed2a15c9336951d7abd,0.024,,,
931,2026-07-27,SZ002027,-0.010582367223276977,EXP_LGBModel_Alpha158_csi300_custom_step0_s_20260727_14,f3485a9546bd4ed2a15c9336951d7abd,0.024,,,
932,2026-07-27,SZ000301,-0.02920138627530075,EXP_LGBModel_Alpha158_csi300_custom_step0_s_20260727_14,f3485a9546bd4ed2a15c9336951d7abd,0.024,,,
933,2026-07-27,SZ000166,0.035511652493854816,EXP_LGBModel_Alpha158_csi300_custom_step0_s_20260727_14,f3485a9546bd4ed2a15c9336951d7abd,0.024,,,
934,2026-07-27,SZ000157,-0.01686850160761077,EXP_LGBModel_Alpha158_csi300_custom_step0_s_20260727_14,f3485a9546bd4ed2a15c9336951d7abd,0.024,,,
935,2026-07-27,SH688008,0.0035875045237741027,EXP_LGBModel_Alpha158_csi300_custom_step0_s_20260727_14,f3485a9546bd4ed2a15c9336951d7abd,0.024,,,
936,2026-07-27,SH605499,-0.07469006317152557,EXP_LGBModel_Alpha158_csi300_custom_step0_s_20260727_14,f3485a9546bd4ed2a15c9336951d7abd,0.024,,,
937,2026-07-27,SH605117,0.01508966452057883,EXP_LGBModel_Alpha158_csi300_custom_step0_s_20260727_14,f3485a9546bd4ed2a15c9336951d7abd,0.024,,,
938,2026-07-27,SH603993,-0.08956219875630257,EXP_LGBModel_Alpha158_csi300_custom_step0_s_20260727_14,f3485a9546bd4ed2a15c9336951d7abd,0.024,,,
939,2026-07-27,SH603986,0.07061248427987432,EXP_LGBModel_Alpha158_csi300_custom_step0_s_20260727_14,f3485a9546bd4ed2a15c9336951d7abd,0.024,,,
940,2026-07-27,SH603893,-0.11327152626596187,EXP_LGBModel_Alpha158_csi300_custom_step0_s_20260727_14,f3485a9546bd4ed2a15c9336951d7abd,0.024,,,
941,2026-07-27,SH603799,0.07283880561477676,EXP_LGBModel_Alpha158_csi300_custom_step0_s_20260727_14,f3485a9546bd4ed2a15c9336951d7abd,0.024,,,
942,2026-07-27,SH603501,0.004042912357864974,EXP_LGBModel_Alpha158_csi300_custom_step0_s_20260727_14,f3485a9546bd4ed2a15c9336951d7abd,0.024,,,
943,2026-07-27,SH688009,0.01815574422129005,EXP_LGBModel_Alpha158_csi300_custom_step0_s_20260727_14,f3485a9546bd4ed2a15c9336951d7abd,0.024,,,
944,2026-07-27,SH603392,-0.04395410053166548,EXP_LGBModel_Alpha158_csi300_custom_step0_s_20260727_14,f3485a9546bd4ed2a15c9336951d7abd,0.024,,,
945,2026-07-27,SH603296,-0.006645298222335995,EXP_LGBModel_Alpha158_csi300_custom_step0_s_20260727_14,f3485a9546bd4ed2a15c9336951d7abd,0.024,,,
946,2026-07-27,SH603288,0.0028860309964761923,EXP_LGBModel_Alpha158_csi300_custom_step0_s_20260727_14,f3485a9546bd4ed2a15c9336951d7abd,0.024,,,
947,2026-07-27,SH603260,0.08458739454417308,EXP_LGBModel_Alpha158_csi300_custom_step0_s_20260727_14,f3485a9546bd4ed2a15c9336951d7abd,0.024,,,
948,2026-07-27,SH603259,0.02706316954892448,EXP_LGBModel_Alpha158_csi300_custom_step0_s_20260727_14,f3485a9546bd4ed2a15c9336951d7abd,0.024,,,
949,2026-07-27,SH603019,-0.03791689481454217,EXP_LGBModel_Alpha158_csi300_custom_step0_s_20260727_14,f3485a9546bd4ed2a15c9336951d7abd,0.024,,,
950,2026-07-27,SH601998,-0.00805068394846194,EXP_LGBModel_Alpha158_csi300_custom_step0_s_20260727_14,f3485a9546bd4ed2a15c9336951d7abd,0.024,,,
951,2026-07-27,SH601995,-0.054134525738755206,EXP_LGBModel_Alpha158_csi300_custom_step0_s_20260727_14,f3485a9546bd4ed2a15c9336951d7abd,0.024,,,
952,2026-07-27,SH601988,0.026893458261666968,EXP_LGBModel_Alpha158_csi300_custom_step0_s_20260727_14,f3485a9546bd4ed2a15c9336951d7abd,0.024,,,
953,2026-07-27,SH603369,-0.03398851754784314,EXP_LGBModel_Alpha158_csi300_custom_step0_s_20260727_14,f3485a9546bd4ed2a15c9336951d7abd,0.024,,,
954,2026-07-27,SH688012,0.016145880730563868,EXP_LGBModel_Alpha158_csi300_custom_step0_s_20260727_14,f3485a9546bd4ed2a15c9336951d7abd,0.024,,,
955,2026-07-27,SH688036,-0.053741360758473376,EXP_LGBModel_Alpha158_csi300_custom_step0_s_20260727_14,f3485a9546bd4ed2a15c9336951d7abd,0.024,,,
956,2026-07-27,SH688041,0.0023431486932527293,EXP_LGBModel_Alpha158_csi300_custom_step0_s_20260727_14,f3485a9546bd4ed2a15c9336951d7abd,0.024,,,
957,2026-07-27,SZ000100,-0.034210698100150136,EXP_LGBModel_Alpha158_csi300_custom_step0_s_20260727_14,f3485a9546bd4ed2a15c9336951d7abd,0.024,,,
958,2026-07-27,SZ000063,-0.07072025792655794,EXP_LGBModel_Alpha158_csi300_custom_step0_s_20260727_14,f3485a9546bd4ed2a15c9336951d7abd,0.024,,,
959,2026-07-27,SZ000002,-0.009560032819458754,EXP_LGBModel_Alpha158_csi300_custom_step0_s_20260727_14,f3485a9546bd4ed2a15c9336951d7abd,0.024,,,
960,2026-07-27,SZ000001,-0.002921006548619927,EXP_LGBModel_Alpha158_csi300_custom_step0_s_20260727_14,f3485a9546bd4ed2a15c9336951d7abd,0.024,,,
961,2026-07-27,SH688981,0.00298750995347057,EXP_LGBModel_Alpha158_csi300_custom_step0_s_20260727_14,f3485a9546bd4ed2a15c9336951d7abd,0.024,,,
962,2026-07-27,SH688521,0.12870222591734035,EXP_LGBModel_Alpha158_csi300_custom_step0_s_20260727_14,f3485a9546bd4ed2a15c9336951d7abd,0.024,,,
963,2026-07-27,SH688506,0.13552592907658143,EXP_LGBModel_Alpha158_csi300_custom_step0_s_20260727_14,f3485a9546bd4ed2a15c9336951d7abd,0.024,,,
964,2026-07-27,SH688472,0.021824851052183927,EXP_LGBModel_Alpha158_csi300_custom_step0_s_20260727_14,f3485a9546bd4ed2a15c9336951d7abd,0.024,,,
965,2026-07-27,SH688396,0.08044476562233395,EXP_LGBModel_Alpha158_csi300_custom_step0_s_20260727_14,f3485a9546bd4ed2a15c9336951d7abd,0.024,,,
966,2026-07-27,SH688303,0.04291011127505937,EXP_LGBModel_Alpha158_csi300_custom_step0_s_20260727_14,f3485a9546bd4ed2a15c9336951d7abd,0.024,,,
967,2026-07-27,SH688271,-0.045526573309106165,EXP_LGBModel_Alpha158_csi300_custom_step0_s_20260727_14,f3485a9546bd4ed2a15c9336951d7abd,0.024,,,
968,2026-07-27,SH688256,0.04418346216882723,EXP_LGBModel_Alpha158_csi300_custom_step0_s_20260727_14,f3485a9546bd4ed2a15c9336951d7abd,0.024,,,
969,2026-07-27,SH688223,0.1039858240446746,EXP_LGBModel_Alpha158_csi300_custom_step0_s_20260727_14,f3485a9546bd4ed2a15c9336951d7abd,0.024,,,
970,2026-07-27,SH688183,0.0649323341544307,EXP_LGBModel_Alpha158_csi300_custom_step0_s_20260727_14,f3485a9546bd4ed2a15c9336951d7abd,0.024,,,
971,2026-07-27,SH688126,0.05708530598457199,EXP_LGBModel_Alpha158_csi300_custom_step0_s_20260727_14,f3485a9546bd4ed2a15c9336951d7abd,0.024,,,
972,2026-07-27,SH688111,-0.06283121152855685,EXP_LGBModel_Alpha158_csi300_custom_step0_s_20260727_14,f3485a9546bd4ed2a15c9336951d7abd,0.024,,,
973,2026-07-27,SH688082,0.05962360045444178,EXP_LGBModel_Alpha158_csi300_custom_step0_s_20260727_14,f3485a9546bd4ed2a15c9336951d7abd,0.024,,,
974,2026-07-27,SH688072,-0.047008248016142284,EXP_LGBModel_Alpha158_csi300_custom_step0_s_20260727_14,f3485a9546bd4ed2a15c9336951d7abd,0.024,,,
975,2026-07-27,SH688047,0.09487133453635455,EXP_LGBModel_Alpha158_csi300_custom_step0_s_20260727_14,f3485a9546bd4ed2a15c9336951d7abd,0.024,,,
976,2026-07-27,SZ002241,-0.08966848343892364,EXP_LGBModel_Alpha158_csi300_custom_step0_s_20260727_14,f3485a9546bd4ed2a15c9336951d7abd,0.024,,,
977,2026-07-27,SH600118,0.09727445989847183,EXP_LinearModel_Alpha158_csi300_custom_step0_s_20260727_14,e47ecf22ef9a436fa398e3964fa7d5d4,0.027,,,
978,2026-07-27,SZ002304,-0.0159123498932493,EXP_LGBModel_Alpha158_csi300_custom_step0_s_20260727_14,f3485a9546bd4ed2a15c9336951d7abd,0.024,,,
979,2026-07-27,SZ002352,0.030402613983620506,EXP_LGBModel_Alpha158_csi300_custom_step0_s_20260727_14,f3485a9546bd4ed2a15c9336951d7abd,0.024,,,
980,2026-07-27,SH600011,0.0015230921562761068,EXP_LinearModel_Alpha158_csi300_custom_step0_s_20260727_14,e47ecf22ef9a436fa398e3964fa7d5d4,0.027,,,
981,2026-07-27,SH600010,-0.08388117700815201,EXP_LinearModel_Alpha158_csi300_custom_step0_s_20260727_14,e47ecf22ef9a436fa398e3964fa7d5d4,0.027,,,
982,2026-07-27,SH600009,-0.07035630196332932,EXP_LinearModel_Alpha158_csi300_custom_step0_s_20260727_14,e47ecf22ef9a436fa398e3964fa7d5d4,0.027,,,
983,2026-07-27,SH600000,-0.002014548983424902,EXP_LinearModel_Alpha158_csi300_custom_step0_s_20260727_14,e47ecf22ef9a436fa398e3964fa7d5d4,0.027,,,
984,2026-07-27,SZ302132,-0.12968526947409742,EXP_LGBModel_Alpha158_csi300_custom_step0_s_20260727_14,f3485a9546bd4ed2a15c9336951d7abd,0.024,,,
985,2026-07-27,SZ301308,0.0931858176909082,EXP_LGBModel_Alpha158_csi300_custom_step0_s_20260727_14,f3485a9546bd4ed2a15c9336951d7abd,0.024,,,
986,2026-07-27,SZ301269,0.08784829195802592,EXP_LGBModel_Alpha158_csi300_custom_step0_s_20260727_14,f3485a9546bd4ed2a15c9336951d7abd,0.024,,,
987,2026-07-27,SZ301236,0.008171336972552914,EXP_LGBModel_Alpha158_csi300_custom_step0_s_20260727_14,f3485a9546bd4ed2a15c9336951d7abd,0.024,,,
988,2026-07-27,SH600015,0.08030816167593002,EXP_LinearModel_Alpha158_csi300_custom_step0_s_20260727_14,e47ecf22ef9a436fa398e3964fa7d5d4,0.027,,,
989,2026-07-27,SZ301165,-0.2202430973564071,EXP_LGBModel_Alpha158_csi300_custom_step0_s_20260727_14,f3485a9546bd4ed2a15c9336951d7abd,0.024,,,
990,2026-07-27,SZ300896,-0.03733228525980449,EXP_LGBModel_Alpha158_csi300_custom_step0_s_20260727_14,f3485a9546bd4ed2a15c9336951d7abd,0.024,,,
991,2026-07-27,SZ300866,-0.05511156857350528,EXP_LGBModel_Alpha158_csi300_custom_step0_s_20260727_14,f3485a9546bd4ed2a15c9336951d7abd,0.024,,,
992,2026-07-27,SZ300832,0.020613030565418924,EXP_LGBModel_Alpha158_csi300_custom_step0_s_20260727_14,f3485a9546bd4ed2a15c9336951d7abd,0.024,,,
993,2026-07-27,SZ300803,0.15381736110411018,EXP_LGBModel_Alpha158_csi300_custom_step0_s_20260727_14,f3485a9546bd4ed2a15c9336951d7abd,0.024,,,
994,2026-07-27,SZ300760,-0.019213891815856674,EXP_LGBModel_Alpha158_csi300_custom_step0_s_20260727_14,f3485a9546bd4ed2a15c9336951d7abd,0.024,,,
995,2026-07-27,SZ300750,-0.018852810821630636,EXP_LGBModel_Alpha158_csi300_custom_step0_s_20260727_14,f3485a9546bd4ed2a15c9336951d7abd,0.024,,,
996,2026-07-27,SZ300661,0.12298314982978034,EXP_LGBModel_Alpha158_csi300_custom_step0_s_20260727_14,f3485a9546bd4ed2a15c9336951d7abd,0.024,,,
997,2026-07-27,SZ300628,0.04317751452481759,EXP_LGBModel_Alpha158_csi300_custom_step0_s_20260727_14,f3485a9546bd4ed2a15c9336951d7abd,0.024,,,
998,2026-07-27,SZ300999,0.006919006677146697,EXP_LGBModel_Alpha158_csi300_custom_step0_s_20260727_14,f3485a9546bd4ed2a15c9336951d7abd,0.024,,,
999,2026-07-27,SZ300502,0.03200577963271383,EXP_LGBModel_Alpha158_csi300_custom_step0_s_20260727_14,f3485a9546bd4ed2a15c9336951d7abd,0.024,,,
1000,2026-07-27,SH600016,0.028863798826932907,EXP_LinearModel_Alpha158_csi300_custom_step0_s_20260727_14,e47ecf22ef9a436fa398e3964fa7d5d4,0.027,,,
1001,2026-07-27,SH600019,0.024247895926237106,EXP_LinearModel_Alpha158_csi300_custom_step0_s_20260727_14,e47ecf22ef9a436fa398e3964fa7d5d4,0.027,,,
1002,2026-07-27,SH600111,0.054787613451480865,EXP_LinearModel_Alpha158_csi300_custom_step0_s_20260727_14,e47ecf22ef9a436fa398e3964fa7d5d4,0.027,,,
1003,2026-07-27,SH600104,0.007313132751733065,EXP_LinearModel_Alpha158_csi300_custom_step0_s_20260727_14,e47ecf22ef9a436fa398e3964fa7d5d4,0.027,,,
1004,2026-07-27,SH600089,-0.06169550493359566,EXP_LinearModel_Alpha158_csi300_custom_step0_s_20260727_14,e47ecf22ef9a436fa398e3964fa7d5d4,0.027,,,
1005,2026-07-27,SH600085,-0.010898580774664879,EXP_LinearModel_Alpha158_csi300_custom_step0_s_20260727_14,e47ecf22ef9a436fa398e3964fa7d5d4,0.027,,,
1006,2026-07-27,SH600066,-0.014853093773126602,EXP_LinearModel_Alpha158_csi300_custom_step0_s_20260727_14,e47ecf22ef9a436fa398e3964fa7d5d4,0.027,,,
1007,2026-07-27,SH600061,0.005105789750814438,EXP_LinearModel_Alpha158_csi300_custom_step0_s_20260727_14,e47ecf22ef9a436fa398e3964fa7d5d4,0.027,,,
1008,2026-07-27,SH600050,0.13224752247333527,EXP_LinearModel_Alpha158_csi300_custom_step0_s_20260727_14,e47ecf22ef9a436fa398e3964fa7d5d4,0.027,,,
1009,2026-07-27,SH600048,0.02605362981557846,EXP_LinearModel_Alpha158_csi300_custom_step0_s_20260727_14,e47ecf22ef9a436fa398e3964fa7d5d4,0.027,,,
1010,2026-07-27,SH600018,0.07396911829710007,EXP_LinearModel_Alpha158_csi300_custom_step0_s_20260727_14,e47ecf22ef9a436fa398e3964fa7d5d4,0.027,,,
1011,2026-07-27,SH600039,0.031176088377833366,EXP_LinearModel_Alpha158_csi300_custom_step0_s_20260727_14,e47ecf22ef9a436fa398e3964fa7d5d4,0.027,,,
1012,2026-07-27,SH600031,0.00367225194349885,EXP_LinearModel_Alpha158_csi300_custom_step0_s_20260727_14,e47ecf22ef9a436fa398e3964fa7d5d4,0.027,,,
1013,2026-07-27,SH600030,0.0021830429323017597,EXP_LinearModel_Alpha158_csi300_custom_step0_s_20260727_14,e47ecf22ef9a436fa398e3964fa7d5d4,0.027,,,
1014,2026-07-27,SH600029,-0.022521372884511948,EXP_LinearModel_Alpha158_csi300_custom_step0_s_20260727_14,e47ecf22ef9a436fa398e3964fa7d5d4,0.027,,,
1015,2026-07-27,SH600028,0.004221112933009863,EXP_LinearModel_Alpha158_csi300_custom_step0_s_20260727_14,e47ecf22ef9a436fa398e3964fa7d5d4,0.027,,,
1016,2026-07-27,SH600027,0.036431726068258286,EXP_LinearModel_Alpha158_csi300_custom_step0_s_20260727_14,e47ecf22ef9a436fa398e3964fa7d5d4,0.027,,,
1017,2026-07-27,SH600026,-0.033874157816171646,EXP_LinearModel_Alpha158_csi300_custom_step0_s_20260727_14,e47ecf22ef9a436fa398e3964fa7d5d4,0.027,,,
1018,2026-07-27,SH600025,0.08185817301273346,EXP_LinearModel_Alpha158_csi300_custom_step0_s_20260727_14,e47ecf22ef9a436fa398e3964fa7d5d4,0.027,,,
1019,2026-07-27,SH600023,0.0029047485440969467,EXP_LinearModel_Alpha158_csi300_custom_step0_s_20260727_14,e47ecf22ef9a436fa398e3964fa7d5d4,0.027,,,
1020,2026-07-27,SH600036,0.06939534097909927,EXP_LinearModel_Alpha158_csi300_custom_step0_s_20260727_14,e47ecf22ef9a436fa398e3964fa7d5d4,0.027,,,
1021,2026-07-27,SZ300498,-0.008155091276161954,EXP_LGBModel_Alpha158_csi300_custom_step0_s_20260727_14,f3485a9546bd4ed2a15c9336951d7abd,0.024,,,
1022,2026-07-27,SZ300476,0.06348692124494243,EXP_LGBModel_Alpha158_csi300_custom_step0_s_20260727_14,f3485a9546bd4ed2a15c9336951d7abd,0.024,,,
1023,2026-07-27,SZ300450,0.006319913218334738,EXP_LGBModel_Alpha158_csi300_custom_step0_s_20260727_14,f3485a9546bd4ed2a15c9336951d7abd,0.024,,,
1024,2026-07-27,SZ002709,0.01794449204550015,EXP_LGBModel_Alpha158_csi300_custom_step0_s_20260727_14,f3485a9546bd4ed2a15c9336951d7abd,0.024,,,
1025,2026-07-27,SZ002648,-0.015272832753653903,EXP_LGBModel_Alpha158_csi300_custom_step0_s_20260727_14,f3485a9546bd4ed2a15c9336951d7abd,0.024,,,
1026,2026-07-27,SZ002625,-0.01898648359203774,EXP_LGBModel_Alpha158_csi300_custom_step0_s_20260727_14,f3485a9546bd4ed2a15c9336951d7abd,0.024,,,
1027,2026-07-27,SZ002602,-0.004756277283932047,EXP_LGBModel_Alpha158_csi300_custom_step0_s_20260727_14,f3485a9546bd4ed2a15c9336951d7abd,0.024,,,
1028,2026-07-27,SZ002600,0.05298499047617439,EXP_LGBModel_Alpha158_csi300_custom_step0_s_20260727_14,f3485a9546bd4ed2a15c9336951d7abd,0.024,,,
1029,2026-07-27,SZ002594,-0.0047178671525515605,EXP_LGBModel_Alpha158_csi300_custom_step0_s_20260727_14,f3485a9546bd4ed2a15c9336951d7abd,0.024,,,
1030,2026-07-27,SZ002558,0.048258433142439695,EXP_LGBModel_Alpha158_csi300_custom_step0_s_20260727_14,f3485a9546bd4ed2a15c9336951d7abd,0.024,,,
1031,2026-07-27,SZ002532,-0.04345190944090372,EXP_LGBModel_Alpha158_csi300_custom_step0_s_20260727_14,f3485a9546bd4ed2a15c9336951d7abd,0.024,,,
1032,2026-07-27,SZ002714,-0.019320259041569386,EXP_LGBModel_Alpha158_csi300_custom_step0_s_20260727_14,f3485a9546bd4ed2a15c9336951d7abd,0.024,,,
1033,2026-07-27,SZ002493,-0.03125427053638278,EXP_LGBModel_Alpha158_csi300_custom_step0_s_20260727_14,f3485a9546bd4ed2a15c9336951d7abd,0.024,,,
1034,2026-07-27,SZ002466,0.05557852356924957,EXP_LGBModel_Alpha158_csi300_custom_step0_s_20260727_14,f3485a9546bd4ed2a15c9336951d7abd,0.024,,,
1035,2026-07-27,SZ002463,0.06844434018496398,EXP_LGBModel_Alpha158_csi300_custom_step0_s_20260727_14,f3485a9546bd4ed2a15c9336951d7abd,0.024,,,
1036,2026-07-27,SZ002460,0.030205908641621315,EXP_LGBModel_Alpha158_csi300_custom_step0_s_20260727_14,f3485a9546bd4ed2a15c9336951d7abd,0.024,,,
1037,2026-07-27,SZ002422,0.01781122566996473,EXP_LGBModel_Alpha158_csi300_custom_step0_s_20260727_14,f3485a9546bd4ed2a15c9336951d7abd,0.024,,,
1038,2026-07-27,SZ002415,-0.13325589270430283,EXP_LGBModel_Alpha158_csi300_custom_step0_s_20260727_14,f3485a9546bd4ed2a15c9336951d7abd,0.024,,,
1039,2026-07-27,SZ002384,0.05550935870246443,EXP_LGBModel_Alpha158_csi300_custom_step0_s_20260727_14,f3485a9546bd4ed2a15c9336951d7abd,0.024,,,
1040,2026-07-27,SZ002371,-0.011771306523469213,EXP_LGBModel_Alpha158_csi300_custom_step0_s_20260727_14,f3485a9546bd4ed2a15c9336951d7abd,0.024,,,
1041,2026-07-27,SZ002353,0.05816166077141092,EXP_LGBModel_Alpha158_csi300_custom_step0_s_20260727_14,f3485a9546bd4ed2a15c9336951d7abd,0.024,,,
1042,2026-07-27,SZ002475,-0.040794595067724766,EXP_LGBModel_Alpha158_csi300_custom_step0_s_20260727_14,f3485a9546bd4ed2a15c9336951d7abd,0.024,,,
1043,2026-07-27,SZ002736,0.014075519462915777,EXP_LGBModel_Alpha158_csi300_custom_step0_s_20260727_14,f3485a9546bd4ed2a15c9336951d7abd,0.024,,,
1044,2026-07-27,SZ002837,0.04678605939970657,EXP_LGBModel_Alpha158_csi300_custom_step0_s_20260727_14,f3485a9546bd4ed2a15c9336951d7abd,0.024,,,
1045,2026-07-27,SZ002916,0.032708060926419064,EXP_LGBModel_Alpha158_csi300_custom_step0_s_20260727_14,f3485a9546bd4ed2a15c9336951d7abd,0.024,,,
1046,2026-07-27,SZ300442,0.13333363958262934,EXP_LGBModel_Alpha158_csi300_custom_step0_s_20260727_14,f3485a9546bd4ed2a15c9336951d7abd,0.024,,,
1047,2026-07-27,SZ300433,0.0783779086404453,EXP_LGBModel_Alpha158_csi300_custom_step0_s_20260727_14,f3485a9546bd4ed2a15c9336951d7abd,0.024,,,
1048,2026-07-27,SZ300418,0.1001329322262033,EXP_LGBModel_Alpha158_csi300_custom_step0_s_20260727_14,f3485a9546bd4ed2a15c9336951d7abd,0.024,,,
1049,2026-07-27,SZ300413,-0.03912097321522801,EXP_LGBModel_Alpha158_csi300_custom_step0_s_20260727_14,f3485a9546bd4ed2a15c9336951d7abd,0.024,,,
1050,2026-07-27,SZ300408,-0.031313569113400004,EXP_LGBModel_Alpha158_csi300_custom_step0_s_20260727_14,f3485a9546bd4ed2a15c9336951d7abd,0.024,,,
1051,2026-07-27,SZ300394,0.09232635433598088,EXP_LGBModel_Alpha158_csi300_custom_step0_s_20260727_14,f3485a9546bd4ed2a15c9336951d7abd,0.024,,,
1052,2026-07-27,SZ300316,0.038267928371024294,EXP_LGBModel_Alpha158_csi300_custom_step0_s_20260727_14,f3485a9546bd4ed2a15c9336951d7abd,0.024,,,
1053,2026-07-27,SZ300308,0.013414088362474907,EXP_LGBModel_Alpha158_csi300_custom_step0_s_20260727_14,f3485a9546bd4ed2a15c9336951d7abd,0.024,,,
1054,2026-07-27,SZ300274,0.011020710076099142,EXP_LGBModel_Alpha158_csi300_custom_step0_s_20260727_14,f3485a9546bd4ed2a15c9336951d7abd,0.024,,,
1055,2026-07-27,SZ300251,-0.033519725707037,EXP_LGBModel_Alpha158_csi300_custom_step0_s_20260727_14,f3485a9546bd4ed2a15c9336951d7abd,0.024,,,
1056,2026-07-27,SZ300124,0.04888110316123103,EXP_LGBModel_Alpha158_csi300_custom_step0_s_20260727_14,f3485a9546bd4ed2a15c9336951d7abd,0.024,,,
1057,2026-07-27,SZ300122,-0.05198149439770029,EXP_LGBModel_Alpha158_csi300_custom_step0_s_20260727_14,f3485a9546bd4ed2a15c9336951d7abd,0.024,,,
1058,2026-07-27,SZ300059,-0.02890119857425659,EXP_LGBModel_Alpha158_csi300_custom_step0_s_20260727_14,f3485a9546bd4ed2a15c9336951d7abd,0.024,,,
1059,2026-07-27,SZ300033,-0.005572467495916352,EXP_LGBModel_Alpha158_csi300_custom_step0_s_20260727_14,f3485a9546bd4ed2a15c9336951d7abd,0.024,,,
1060,2026-07-27,SZ300015,-0.0072781930881951114,EXP_LGBModel_Alpha158_csi300_custom_step0_s_20260727_14,f3485a9546bd4ed2a15c9336951d7abd,0.024,,,
1061,2026-07-27,SZ300014,0.04121486778487408,EXP_LGBModel_Alpha158_csi300_custom_step0_s_20260727_14,f3485a9546bd4ed2a15c9336951d7abd,0.024,,,
1062,2026-07-27,SZ003816,0.02416922648618722,EXP_LGBModel_Alpha158_csi300_custom_step0_s_20260727_14,f3485a9546bd4ed2a15c9336951d7abd,0.024,,,
1063,2026-07-27,SZ002938,0.06597307801290413,EXP_LGBModel_Alpha158_csi300_custom_step0_s_20260727_14,f3485a9546bd4ed2a15c9336951d7abd,0.024,,,
1064,2026-07-27,SZ002920,-0.01841373521648889,EXP_LGBModel_Alpha158_csi300_custom_step0_s_20260727_14,f3485a9546bd4ed2a15c9336951d7abd,0.024,,,
1065,2026-07-27,SZ002311,-0.007894378112950948,EXP_LGBModel_Alpha158_csi300_custom_step0_s_20260727_14,f3485a9546bd4ed2a15c9336951d7abd,0.024,,,
1066,2026-07-27,SZ000630,-0.1072048470377922,EXP_LinearModel_Alpha158_csi300_custom_step0_s_20260727_14,e47ecf22ef9a436fa398e3964fa7d5d4,0.027,,,
1067,2026-07-27,SZ000651,0.10429470241069794,EXP_LinearModel_Alpha158_csi300_custom_step0_s_20260727_14,e47ecf22ef9a436fa398e3964fa7d5d4,0.027,,,
1068,2026-07-27,SZ000657,-0.032965756952762604,EXP_LinearModel_Alpha158_csi300_custom_step0_s_20260727_14,e47ecf22ef9a436fa398e3964fa7d5d4,0.027,,,
1069,2026-07-27,SH601919,0.003210413968190551,EXP_LinearModel_Alpha158_csi300_custom_step0_s_20260727_14,bd375c134d1449b584a18c6b55360ec9,0.026,,,
1070,2026-07-27,SH601916,0.07463658601045609,EXP_LinearModel_Alpha158_csi300_custom_step0_s_20260727_14,bd375c134d1449b584a18c6b55360ec9,0.026,,,
1071,2026-07-27,SH601901,-0.045609861612319946,EXP_LinearModel_Alpha158_csi300_custom_step0_s_20260727_14,bd375c134d1449b584a18c6b55360ec9,0.026,,,
1072,2026-07-27,SH601899,-0.15423355996608734,EXP_LinearModel_Alpha158_csi300_custom_step0_s_20260727_14,bd375c134d1449b584a18c6b55360ec9,0.026,,,
1073,2026-07-27,SH601898,-0.08872279524803162,EXP_LinearModel_Alpha158_csi300_custom_step0_s_20260727_14,bd375c134d1449b584a18c6b55360ec9,0.026,,,
1074,2026-07-27,SH601888,-0.09927287697792053,EXP_LinearModel_Alpha158_csi300_custom_step0_s_20260727_14,bd375c134d1449b584a18c6b55360ec9,0.026,,,
1075,2026-07-27,SH601881,-0.03623361885547638,EXP_LinearModel_Alpha158_csi300_custom_step0_s_20260727_14,bd375c134d1449b584a18c6b55360ec9,0.026,,,
1076,2026-07-27,SH601878,-0.000627562403678894,EXP_LinearModel_Alpha158_csi300_custom_step0_s_20260727_14,bd375c134d1449b584a18c6b55360ec9,0.026,,,
1077,2026-07-27,SH601939,0.013034282252192497,EXP_LinearModel_Alpha158_csi300_custom_step0_s_20260727_14,bd375c134d1449b584a18c6b55360ec9,0.026,,,
1078,2026-07-27,SH601877,-0.020753489807248116,EXP_LinearModel_Alpha158_csi300_custom_step0_s_20260727_14,bd375c134d1449b584a18c6b55360ec9,0.026,,,
1079,2026-07-27,SH601868,-0.001570915337651968,EXP_LinearModel_Alpha158_csi300_custom_step0_s_20260727_14,bd375c134d1449b584a18c6b55360ec9,0.026,,,
1080,2026-07-27,SH601857,-0.028407886624336243,EXP_LinearModel_Alpha158_csi300_custom_step0_s_20260727_14,bd375c134d1449b584a18c6b55360ec9,0.026,,,
1081,2026-07-27,SH601838,0.03713127225637436,EXP_LinearModel_Alpha158_csi300_custom_step0_s_20260727_14,bd375c134d1449b584a18c6b55360ec9,0.026,,,
1082,2026-07-27,SH601825,-0.08895222097635269,EXP_LinearModel_Alpha158_csi300_custom_step0_s_20260727_14,bd375c134d1449b584a18c6b55360ec9,0.026,,,
1083,2026-07-27,SH601818,0.04321317374706268,EXP_LinearModel_Alpha158_csi300_custom_step0_s_20260727_14,bd375c134d1449b584a18c6b55360ec9,0.026,,,
1084,2026-07-27,SH601816,0.07949653267860413,EXP_LinearModel_Alpha158_csi300_custom_step0_s_20260727_14,bd375c134d1449b584a18c6b55360ec9,0.026,,,
1085,2026-07-27,SH601800,0.017184043303132057,EXP_LinearModel_Alpha158_csi300_custom_step0_s_20260727_14,bd375c134d1449b584a18c6b55360ec9,0.026,,,
1086,2026-07-27,SH601788,-0.03791772946715355,EXP_LinearModel_Alpha158_csi300_custom_step0_s_20260727_14,bd375c134d1449b584a18c6b55360ec9,0.026,,,
1087,2026-07-27,SH601872,-0.09892678260803223,EXP_LinearModel_Alpha158_csi300_custom_step0_s_20260727_14,bd375c134d1449b584a18c6b55360ec9,0.026,,,
1088,2026-07-27,SH601766,0.08147961646318436,EXP_LinearModel_Alpha158_csi300_custom_step0_s_20260727_14,bd375c134d1449b584a18c6b55360ec9,0.026,,,
1089,2026-07-27,SH601985,0.055398471653461456,EXP_LinearModel_Alpha158_csi300_custom_step0_s_20260727_14,bd375c134d1449b584a18c6b55360ec9,0.026,,,
1090,2026-07-27,SH601995,-0.11846856772899628,EXP_LinearModel_Alpha158_csi300_custom_step0_s_20260727_14,bd375c134d1449b584a18c6b55360ec9,0.026,,,
1091,2026-07-27,SH688012,-0.2654871940612793,EXP_LinearModel_Alpha158_csi300_custom_step0_s_20260727_14,bd375c134d1449b584a18c6b55360ec9,0.026,,,
1092,2026-07-27,SH688009,0.014058453030884266,EXP_LinearModel_Alpha158_csi300_custom_step0_s_20260727_14,bd375c134d1449b584a18c6b55360ec9,0.026,,,
1093,2026-07-27,SH688008,-0.3907717168331146,EXP_LinearModel_Alpha158_csi300_custom_step0_s_20260727_14,bd375c134d1449b584a18c6b55360ec9,0.026,,,
1094,2026-07-27,SH605499,-0.08505643159151077,EXP_LinearModel_Alpha158_csi300_custom_step0_s_20260727_14,bd375c134d1449b584a18c6b55360ec9,0.026,,,
1095,2026-07-27,SH605117,0.044663820415735245,EXP_LinearModel_Alpha158_csi300_custom_step0_s_20260727_14,bd375c134d1449b584a18c6b55360ec9,0.026,,,
1096,2026-07-27,SH603993,-0.17460910975933075,EXP_LinearModel_Alpha158_csi300_custom_step0_s_20260727_14,bd375c134d1449b584a18c6b55360ec9,0.026,,,
1097,2026-07-27,SH603986,-0.18737635016441345,EXP_LinearModel_Alpha158_csi300_custom_step0_s_20260727_14,bd375c134d1449b584a18c6b55360ec9,0.026,,,
1098,2026-07-27,SH603893,-0.17819349467754364,EXP_LinearModel_Alpha158_csi300_custom_step0_s_20260727_14,bd375c134d1449b584a18c6b55360ec9,0.026,,,
1099,2026-07-27,SH601988,0.05871255695819855,EXP_LinearModel_Alpha158_csi300_custom_step0_s_20260727_14,bd375c134d1449b584a18c6b55360ec9,0.026,,,
1100,2026-07-27,SH603799,-0.03478119894862175,EXP_LinearModel_Alpha158_csi300_custom_step0_s_20260727_14,bd375c134d1449b584a18c6b55360ec9,0.026,,,
1101,2026-07-27,SH603392,0.009821537882089615,EXP_LinearModel_Alpha158_csi300_custom_step0_s_20260727_14,bd375c134d1449b584a18c6b55360ec9,0.026,,,
1102,2026-07-27,SH603369,-0.04129702225327492,EXP_LinearModel_Alpha158_csi300_custom_step0_s_20260727_14,bd375c134d1449b584a18c6b55360ec9,0.026,,,
1103,2026-07-27,SH603296,-0.18231162428855896,EXP_LinearModel_Alpha158_csi300_custom_step0_s_20260727_14,bd375c134d1449b584a18c6b55360ec9,0.026,,,
1104,2026-07-27,SH603288,-0.020120788365602493,EXP_LinearModel_Alpha158_csi300_custom_step0_s_20260727_14,bd375c134d1449b584a18c6b55360ec9,0.026,,,
1105,2026-07-27,SH603260,0.009551448747515678,EXP_LinearModel_Alpha158_csi300_custom_step0_s_20260727_14,bd375c134d1449b584a18c6b55360ec9,0.026,,,
1106,2026-07-27,SH603259,-0.03929349035024643,EXP_LinearModel_Alpha158_csi300_custom_step0_s_20260727_14,bd375c134d1449b584a18c6b55360ec9,0.026,,,
1107,2026-07-27,SH603019,-0.15139490365982056,EXP_LinearModel_Alpha158_csi300_custom_step0_s_20260727_14,bd375c134d1449b584a18c6b55360ec9,0.026,,,
1108,2026-07-27,SH601998,-0.030365237966179848,EXP_LinearModel_Alpha158_csi300_custom_step0_s_20260727_14,bd375c134d1449b584a18c6b55360ec9,0.026,,,
1109,2026-07-27,SH603501,-0.1253029704093933,EXP_LinearModel_Alpha158_csi300_custom_step0_s_20260727_14,bd375c134d1449b584a18c6b55360ec9,0.026,,,
1110,2026-07-27,SH601728,0.058997612446546555,EXP_LinearModel_Alpha158_csi300_custom_step0_s_20260727_14,bd375c134d1449b584a18c6b55360ec9,0.026,,,
1111,2026-07-27,SH601727,0.01886831223964691,EXP_LinearModel_Alpha158_csi300_custom_step0_s_20260727_14,bd375c134d1449b584a18c6b55360ec9,0.026,,,
1112,2026-07-27,SH601698,-0.018712656572461128,EXP_LinearModel_Alpha158_csi300_custom_step0_s_20260727_14,bd375c134d1449b584a18c6b55360ec9,0.026,,,
1113,2026-07-27,SH601225,-0.06431611627340317,EXP_LinearModel_Alpha158_csi300_custom_step0_s_20260727_14,bd375c134d1449b584a18c6b55360ec9,0.026,,,
1114,2026-07-27,SH601211,-0.09330090880393982,EXP_LinearModel_Alpha158_csi300_custom_step0_s_20260727_14,bd375c134d1449b584a18c6b55360ec9,0.026,,,
1115,2026-07-27,SH601186,0.0748300850391388,EXP_LinearModel_Alpha158_csi300_custom_step0_s_20260727_14,bd375c134d1449b584a18c6b55360ec9,0.026,,,
1116,2026-07-27,SH601169,0.1773930788040161,EXP_LinearModel_Alpha158_csi300_custom_step0_s_20260727_14,bd375c134d1449b584a18c6b55360ec9,0.026,,,
1117,2026-07-27,SH601166,0.043186821043491364,EXP_LinearModel_Alpha158_csi300_custom_step0_s_20260727_14,bd375c134d1449b584a18c6b55360ec9,0.026,,,
1118,2026-07-27,SH601138,-0.14527638256549835,EXP_LinearModel_Alpha158_csi300_custom_step0_s_20260727_14,bd375c134d1449b584a18c6b55360ec9,0.026,,,
1119,2026-07-27,SH601136,-0.059617239981889725,EXP_LinearModel_Alpha158_csi300_custom_step0_s_20260727_14,bd375c134d1449b584a18c6b55360ec9,0.026,,,
1120,2026-07-27,SH601127,0.0642475038766861,EXP_LinearModel_Alpha158_csi300_custom_step0_s_20260727_14,bd375c134d1449b584a18c6b55360ec9,0.026,,,
1121,2026-07-27,SH601229,-0.02770996280014515,EXP_LinearModel_Alpha158_csi300_custom_step0_s_20260727_14,bd375c134d1449b584a18c6b55360ec9,0.026,,,
1122,2026-07-27,SH601117,-0.02301228605210781,EXP_LinearModel_Alpha158_csi300_custom_step0_s_20260727_14,bd375c134d1449b584a18c6b55360ec9,0.026,,,
1123,2026-07-27,SH601100,0.009635117836296558,EXP_LinearModel_Alpha158_csi300_custom_step0_s_20260727_14,bd375c134d1449b584a18c6b55360ec9,0.026,,,
1124,2026-07-27,SH601088,0.028879251331090927,EXP_LinearModel_Alpha158_csi300_custom_step0_s_20260727_14,bd375c134d1449b584a18c6b55360ec9,0.026,,,
1125,2026-07-27,SH601077,0.028403649106621742,EXP_LinearModel_Alpha158_csi300_custom_step0_s_20260727_14,bd375c134d1449b584a18c6b55360ec9,0.026,,,
1126,2026-07-27,SH601066,-0.03720953315496445,EXP_LinearModel_Alpha158_csi300_custom_step0_s_20260727_14,bd375c134d1449b584a18c6b55360ec9,0.026,,,
1127,2026-07-27,SH601059,-0.06917278468608856,EXP_LinearModel_Alpha158_csi300_custom_step0_s_20260727_14,bd375c134d1449b584a18c6b55360ec9,0.026,,,
1128,2026-07-27,SH601058,0.009793005883693695,EXP_LinearModel_Alpha158_csi300_custom_step0_s_20260727_14,bd375c134d1449b584a18c6b55360ec9,0.026,,,
1129,2026-07-27,SH601021,-0.06242561712861061,EXP_LinearModel_Alpha158_csi300_custom_step0_s_20260727_14,bd375c134d1449b584a18c6b55360ec9,0.026,,,
1130,2026-07-27,SH601018,0.03950527682900429,EXP_LinearModel_Alpha158_csi300_custom_step0_s_20260727_14,bd375c134d1449b584a18c6b55360ec9,0.026,,,
1131,2026-07-27,SH601111,-0.05571672320365906,EXP_LinearModel_Alpha158_csi300_custom_step0_s_20260727_14,bd375c134d1449b584a18c6b55360ec9,0.026,,,
1132,2026-07-27,SH601238,-0.0339934378862381,EXP_LinearModel_Alpha158_csi300_custom_step0_s_20260727_14,bd375c134d1449b584a18c6b55360ec9,0.026,,,
1133,2026-07-27,SH601288,0.029823333024978638,EXP_LinearModel_Alpha158_csi300_custom_step0_s_20260727_14,bd375c134d1449b584a18c6b55360ec9,0.026,,,
1134,2026-07-27,SH601318,0.03838879615068436,EXP_LinearModel_Alpha158_csi300_custom_step0_s_20260727_14,bd375c134d1449b584a18c6b55360ec9,0.026,,,
1135,2026-07-27,SH601689,0.009142722003161907,EXP_LinearModel_Alpha158_csi300_custom_step0_s_20260727_14,bd375c134d1449b584a18c6b55360ec9,0.026,,,
1136,2026-07-27,SH601688,-0.028531759977340698,EXP_LinearModel_Alpha158_csi300_custom_step0_s_20260727_14,bd375c134d1449b584a18c6b55360ec9,0.026,,,
1137,2026-07-27,SH601669,-0.004167032893747091,EXP_LinearModel_Alpha158_csi300_custom_step0_s_20260727_14,bd375c134d1449b584a18c6b55360ec9,0.026,,,
1138,2026-07-27,SH601668,0.10161039233207703,EXP_LinearModel_Alpha158_csi300_custom_step0_s_20260727_14,bd375c134d1449b584a18c6b55360ec9,0.026,,,
1139,2026-07-27,SH601658,0.0911288782954216,EXP_LinearModel_Alpha158_csi300_custom_step0_s_20260727_14,bd375c134d1449b584a18c6b55360ec9,0.026,,,
1140,2026-07-27,SH601633,-0.060370031744241714,EXP_LinearModel_Alpha158_csi300_custom_step0_s_20260727_14,bd375c134d1449b584a18c6b55360ec9,0.026,,,
1141,2026-07-27,SH601628,-0.03489353135228157,EXP_LinearModel_Alpha158_csi300_custom_step0_s_20260727_14,bd375c134d1449b584a18c6b55360ec9,0.026,,,
1142,2026-07-27,SH601618,0.01602092944085598,EXP_LinearModel_Alpha158_csi300_custom_step0_s_20260727_14,bd375c134d1449b584a18c6b55360ec9,0.026,,,
1143,2026-07-27,SH601607,0.037582166492938995,EXP_LinearModel_Alpha158_csi300_custom_step0_s_20260727_14,bd375c134d1449b584a18c6b55360ec9,0.026,,,
1144,2026-07-27,SH601601,-0.026655420660972595,EXP_LinearModel_Alpha158_csi300_custom_step0_s_20260727_14,bd375c134d1449b584a18c6b55360ec9,0.026,,,
1145,2026-07-27,SH601600,-0.0633620023727417,EXP_LinearModel_Alpha158_csi300_custom_step0_s_20260727_14,bd375c134d1449b584a18c6b55360ec9,0.026,,,
1146,2026-07-27,SH601456,0.013226568698883057,EXP_LinearModel_Alpha158_csi300_custom_step0_s_20260727_14,bd375c134d1449b584a18c6b55360ec9,0.026,,,
1147,2026-07-27,SH601398,0.08927081525325775,EXP_LinearModel_Alpha158_csi300_custom_step0_s_20260727_14,bd375c134d1449b584a18c6b55360ec9,0.026,,,
1148,2026-07-27,SH601390,0.07474057376384735,EXP_LinearModel_Alpha158_csi300_custom_step0_s_20260727_14,bd375c134d1449b584a18c6b55360ec9,0.026,,,
1149,2026-07-27,SH601377,0.03293449059128761,EXP_LinearModel_Alpha158_csi300_custom_step0_s_20260727_14,bd375c134d1449b584a18c6b55360ec9,0.026,,,
1150,2026-07-27,SH601360,-0.002011643722653389,EXP_LinearModel_Alpha158_csi300_custom_step0_s_20260727_14,bd375c134d1449b584a18c6b55360ec9,0.026,,,
1151,2026-07-27,SH601336,-0.09401477128267288,EXP_LinearModel_Alpha158_csi300_custom_step0_s_20260727_14,bd375c134d1449b584a18c6b55360ec9,0.026,,,
1152,2026-07-27,SH601328,0.08163570612668991,EXP_LinearModel_Alpha158_csi300_custom_step0_s_20260727_14,bd375c134d1449b584a18c6b55360ec9,0.026,,,
1153,2026-07-27,SH601319,0.010073387064039707,EXP_LinearModel_Alpha158_csi300_custom_step0_s_20260727_14,bd375c134d1449b584a18c6b55360ec9,0.026,,,
1154,2026-07-27,SH688036,-0.04968073591589928,EXP_LinearModel_Alpha158_csi300_custom_step0_s_20260727_14,bd375c134d1449b584a18c6b55360ec9,0.026,,,
1155,2026-07-27,SH601012,-0.09147543460130692,EXP_LinearModel_Alpha158_csi300_custom_step0_s_20260727_14,bd375c134d1449b584a18c6b55360ec9,0.026,,,
1156,2026-07-27,SH688041,-0.22635385394096375,EXP_LinearModel_Alpha158_csi300_custom_step0_s_20260727_14,bd375c134d1449b584a18c6b55360ec9,0.026,,,
1157,2026-07-27,SH688072,,EXP_LinearModel_Alpha158_csi300_custom_step0_s_20260727_14,bd375c134d1449b584a18c6b55360ec9,0.026,,,
1158,2026-07-27,SZ002304,-0.04693736881017685,EXP_LinearModel_Alpha158_csi300_custom_step0_s_20260727_14,bd375c134d1449b584a18c6b55360ec9,0.026,,,
1159,2026-07-27,SZ002241,-0.05549207329750061,EXP_LinearModel_Alpha158_csi300_custom_step0_s_20260727_14,bd375c134d1449b584a18c6b55360ec9,0.026,,,
1160,2026-07-27,SZ002236,-0.043084338307380676,EXP_LinearModel_Alpha158_csi300_custom_step0_s_20260727_14,bd375c134d1449b584a18c6b55360ec9,0.026,,,
1161,2026-07-27,SZ002230,-0.008910462260246277,EXP_LinearModel_Alpha158_csi300_custom_step0_s_20260727_14,bd375c134d1449b584a18c6b55360ec9,0.026,,,
1162,2026-07-27,SZ002202,0.11267676949501038,EXP_LinearModel_Alpha158_csi300_custom_step0_s_20260727_14,bd375c134d1449b584a18c6b55360ec9,0.026,,,
1163,2026-07-27,SZ002179,0.03682664409279823,EXP_LinearModel_Alpha158_csi300_custom_step0_s_20260727_14,bd375c134d1449b584a18c6b55360ec9,0.026,,,
1164,2026-07-27,SZ002142,-0.013308078981935978,EXP_LinearModel_Alpha158_csi300_custom_step0_s_20260727_14,bd375c134d1449b584a18c6b55360ec9,0.026,,,
1165,2026-07-27,SZ002074,-0.03882075846195221,EXP_LinearModel_Alpha158_csi300_custom_step0_s_20260727_14,bd375c134d1449b584a18c6b55360ec9,0.026,,,
1166,2026-07-27,SZ002311,0.04832614213228226,EXP_LinearModel_Alpha158_csi300_custom_step0_s_20260727_14,bd375c134d1449b584a18c6b55360ec9,0.026,,,
1167,2026-07-27,SZ002050,0.0583324171602726,EXP_LinearModel_Alpha158_csi300_custom_step0_s_20260727_14,bd375c134d1449b584a18c6b55360ec9,0.026,,,
1168,2026-07-27,SZ002028,-0.04218699783086777,EXP_LinearModel_Alpha158_csi300_custom_step0_s_20260727_14,bd375c134d1449b584a18c6b55360ec9,0.026,,,
1169,2026-07-27,SZ002027,0.014741898514330387,EXP_LinearModel_Alpha158_csi300_custom_step0_s_20260727_14,bd375c134d1449b584a18c6b55360ec9,0.026,,,
1170,2026-07-27,SZ002001,-0.042671896517276764,EXP_LinearModel_Alpha158_csi300_custom_step0_s_20260727_14,bd375c134d1449b584a18c6b55360ec9,0.026,,,
1171,2026-07-27,SZ001979,0.044438980519771576,EXP_LinearModel_Alpha158_csi300_custom_step0_s_20260727_14,bd375c134d1449b584a18c6b55360ec9,0.026,,,
1172,2026-07-27,SZ001965,0.07183153927326202,EXP_LinearModel_Alpha158_csi300_custom_step0_s_20260727_14,bd375c134d1449b584a18c6b55360ec9,0.026,,,
1173,2026-07-27,SZ001391,0.09306562691926956,EXP_LinearModel_Alpha158_csi300_custom_step0_s_20260727_14,bd375c134d1449b584a18c6b55360ec9,0.026,,,
1174,2026-07-27,SZ001280,0.011867983266711235,EXP_LinearModel_Alpha158_csi300_custom_step0_s_20260727_14,bd375c134d1449b584a18c6b55360ec9,0.026,,,
1175,2026-07-27,SZ000999,0.034427348524332047,EXP_LinearModel_Alpha158_csi300_custom_step0_s_20260727_14,bd375c134d1449b584a18c6b55360ec9,0.026,,,
1176,2026-07-27,SZ002049,-0.054902948439121246,EXP_LinearModel_Alpha158_csi300_custom_step0_s_20260727_14,bd375c134d1449b584a18c6b55360ec9,0.026,,,
1177,2026-07-27,SZ000988,-0.08685176074504852,EXP_LinearModel_Alpha158_csi300_custom_step0_s_20260727_14,bd375c134d1449b584a18c6b55360ec9,0.026,,,
1178,2026-07-27,SZ002352,0.04280037060379982,EXP_LinearModel_Alpha158_csi300_custom_step0_s_20260727_14,bd375c134d1449b584a18c6b55360ec9,0.026,,,
1179,2026-07-27,SZ002371,-0.1572629064321518,EXP_LinearModel_Alpha158_csi300_custom_step0_s_20260727_14,bd375c134d1449b584a18c6b55360ec9,0.026,,,
1180,2026-07-27,SZ002736,-0.002812944818288088,EXP_LinearModel_Alpha158_csi300_custom_step0_s_20260727_14,bd375c134d1449b584a18c6b55360ec9,0.026,,,
1181,2026-07-27,SZ002714,-0.07173356413841248,EXP_LinearModel_Alpha158_csi300_custom_step0_s_20260727_14,bd375c134d1449b584a18c6b55360ec9,0.026,,,
1182,2026-07-27,SZ002709,0.19154603779315948,EXP_LinearModel_Alpha158_csi300_custom_step0_s_20260727_14,bd375c134d1449b584a18c6b55360ec9,0.026,,,
1183,2026-07-27,SZ002648,-0.020560016855597496,EXP_LinearModel_Alpha158_csi300_custom_step0_s_20260727_14,bd375c134d1449b584a18c6b55360ec9,0.026,,,
1184,2026-07-27,SZ002625,-0.027150165289640427,EXP_LinearModel_Alpha158_csi300_custom_step0_s_20260727_14,bd375c134d1449b584a18c6b55360ec9,0.026,,,
1185,2026-07-27,SZ002602,-0.07189080864191055,EXP_LinearModel_Alpha158_csi300_custom_step0_s_20260727_14,bd375c134d1449b584a18c6b55360ec9,0.026,,,
1186,2026-07-27,SZ002600,0.016400815919041634,EXP_LinearModel_Alpha158_csi300_custom_step0_s_20260727_14,bd375c134d1449b584a18c6b55360ec9,0.026,,,
1187,2026-07-27,SZ002594,-0.053495071828365326,EXP_LinearModel_Alpha158_csi300_custom_step0_s_20260727_14,bd375c134d1449b584a18c6b55360ec9,0.026,,,
1188,2026-07-27,SZ002353,-0.0606120228767395,EXP_LinearModel_Alpha158_csi300_custom_step0_s_20260727_14,bd375c134d1449b584a18c6b55360ec9,0.026,,,
1189,2026-07-27,SZ002558,0.025794198736548424,EXP_LinearModel_Alpha158_csi300_custom_step0_s_20260727_14,bd375c134d1449b584a18c6b55360ec9,0.026,,,
1190,2026-07-27,SZ002493,-0.040299687534570694,EXP_LinearModel_Alpha158_csi300_custom_step0_s_20260727_14,bd375c134d1449b584a18c6b55360ec9,0.026,,,
1191,2026-07-27,SZ002475,-0.03764890879392624,EXP_LinearModel_Alpha158_csi300_custom_step0_s_20260727_14,bd375c134d1449b584a18c6b55360ec9,0.026,,,
1192,2026-07-27,SZ002466,0.13107585906982422,EXP_LinearModel_Alpha158_csi300_custom_step0_s_20260727_14,bd375c134d1449b584a18c6b55360ec9,0.026,,,
1193,2026-07-27,SZ002463,-0.14943715929985046,EXP_LinearModel_Alpha158_csi300_custom_step0_s_20260727_14,bd375c134d1449b584a18c6b55360ec9,0.026,,,
1194,2026-07-27,SZ002460,0.0862097442150116,EXP_LinearModel_Alpha158_csi300_custom_step0_s_20260727_14,bd375c134d1449b584a18c6b55360ec9,0.026,,,
1195,2026-07-27,SZ002422,-0.15122130513191223,EXP_LinearModel_Alpha158_csi300_custom_step0_s_20260727_14,bd375c134d1449b584a18c6b55360ec9,0.026,,,
1196,2026-07-27,SZ002415,-0.1562553346157074,EXP_LinearModel_Alpha158_csi300_custom_step0_s_20260727_14,bd375c134d1449b584a18c6b55360ec9,0.026,,,
1197,2026-07-27,SZ002384,-0.17636649310588837,EXP_LinearModel_Alpha158_csi300_custom_step0_s_20260727_14,bd375c134d1449b584a18c6b55360ec9,0.026,,,
1198,2026-07-27,SZ002532,-0.12593236565589905,EXP_LinearModel_Alpha158_csi300_custom_step0_s_20260727_14,bd375c134d1449b584a18c6b55360ec9,0.026,,,
1199,2026-07-27,SZ000977,-0.17502492666244507,EXP_LinearModel_Alpha158_csi300_custom_step0_s_20260727_14,bd375c134d1449b584a18c6b55360ec9,0.026,,,
1200,2026-07-27,SZ000975,-0.22593161463737488,EXP_LinearModel_Alpha158_csi300_custom_step0_s_20260727_14,bd375c134d1449b584a18c6b55360ec9,0.026,,,
1201,2026-07-27,SZ000963,-0.038147807121276855,EXP_LinearModel_Alpha158_csi300_custom_step0_s_20260727_14,bd375c134d1449b584a18c6b55360ec9,0.026,,,
1202,2026-07-27,SZ000157,-0.032642073929309845,EXP_LinearModel_Alpha158_csi300_custom_step0_s_20260727_14,bd375c134d1449b584a18c6b55360ec9,0.026,,,
1203,2026-07-27,SZ000100,-0.12516018748283386,EXP_LinearModel_Alpha158_csi300_custom_step0_s_20260727_14,bd375c134d1449b584a18c6b55360ec9,0.026,,,
1204,2026-07-27,SZ000063,-0.171894833445549,EXP_LinearModel_Alpha158_csi300_custom_step0_s_20260727_14,bd375c134d1449b584a18c6b55360ec9,0.026,,,
1205,2026-07-27,SZ000002,-0.025777749717235565,EXP_LinearModel_Alpha158_csi300_custom_step0_s_20260727_14,bd375c134d1449b584a18c6b55360ec9,0.026,,,
1206,2026-07-27,SZ000001,0.05968760326504707,EXP_LinearModel_Alpha158_csi300_custom_step0_s_20260727_14,bd375c134d1449b584a18c6b55360ec9,0.026,,,
1207,2026-07-27,SH688981,-0.26691320538520813,EXP_LinearModel_Alpha158_csi300_custom_step0_s_20260727_14,bd375c134d1449b584a18c6b55360ec9,0.026,,,
1208,2026-07-27,SH688521,-0.08938004076480865,EXP_LinearModel_Alpha158_csi300_custom_step0_s_20260727_14,bd375c134d1449b584a18c6b55360ec9,0.026,,,
1209,2026-07-27,SH688506,-0.047471512109041214,EXP_LinearModel_Alpha158_csi300_custom_step0_s_20260727_14,bd375c134d1449b584a18c6b55360ec9,0.026,,,
1210,2026-07-27,SZ000166,-0.009747517295181751,EXP_LinearModel_Alpha158_csi300_custom_step0_s_20260727_14,bd375c134d1449b584a18c6b55360ec9,0.026,,,
1211,2026-07-27,SH688472,0.10177642107009888,EXP_LinearModel_Alpha158_csi300_custom_step0_s_20260727_14,bd375c134d1449b584a18c6b55360ec9,0.026,,,
1212,2026-07-27,SH688303,-0.047715310007333755,EXP_LinearModel_Alpha158_csi300_custom_step0_s_20260727_14,bd375c134d1449b584a18c6b55360ec9,0.026,,,
1213,2026-07-27,SH688271,-0.04312329366803169,EXP_LinearModel_Alpha158_csi300_custom_step0_s_20260727_14,bd375c134d1449b584a18c6b55360ec9,0.026,,,
1214,2026-07-27,SH688256,-0.22642019391059875,EXP_LinearModel_Alpha158_csi300_custom_step0_s_20260727_14,bd375c134d1449b584a18c6b55360ec9,0.026,,,
1215,2026-07-27,SH688223,0.09703526645898819,EXP_LinearModel_Alpha158_csi300_custom_step0_s_20260727_14,bd375c134d1449b584a18c6b55360ec9,0.026,,,
1216,2026-07-27,SH688183,-0.22099226713180542,EXP_LinearModel_Alpha158_csi300_custom_step0_s_20260727_14,bd375c134d1449b584a18c6b55360ec9,0.026,,,
1217,2026-07-27,SH688126,-0.10635840892791748,EXP_LinearModel_Alpha158_csi300_custom_step0_s_20260727_14,bd375c134d1449b584a18c6b55360ec9,0.026,,,
1218,2026-07-27,SH688111,-0.06551482528448105,EXP_LinearModel_Alpha158_csi300_custom_step0_s_20260727_14,bd375c134d1449b584a18c6b55360ec9,0.026,,,
1219,2026-07-27,SH688082,-0.21566282212734222,EXP_LinearModel_Alpha158_csi300_custom_step0_s_20260727_14,bd375c134d1449b584a18c6b55360ec9,0.026,,,
1220,2026-07-27,SH688396,-0.09728321433067322,EXP_LinearModel_Alpha158_csi300_custom_step0_s_20260727_14,bd375c134d1449b584a18c6b55360ec9,0.026,,,
1221,2026-07-27,SZ000301,-0.0891680046916008,EXP_LinearModel_Alpha158_csi300_custom_step0_s_20260727_14,bd375c134d1449b584a18c6b55360ec9,0.026,,,
1222,2026-07-27,SZ000333,0.0711507722735405,EXP_LinearModel_Alpha158_csi300_custom_step0_s_20260727_14,bd375c134d1449b584a18c6b55360ec9,0.026,,,
1223,2026-07-27,SZ000338,-0.07824143767356873,EXP_LinearModel_Alpha158_csi300_custom_step0_s_20260727_14,bd375c134d1449b584a18c6b55360ec9,0.026,,,
1224,2026-07-27,SZ000938,-0.3280487060546875,EXP_LinearModel_Alpha158_csi300_custom_step0_s_20260727_14,bd375c134d1449b584a18c6b55360ec9,0.026,,,
1225,2026-07-27,SZ000895,-0.026099305599927902,EXP_LinearModel_Alpha158_csi300_custom_step0_s_20260727_14,bd375c134d1449b584a18c6b55360ec9,0.026,,,
1226,2026-07-27,SZ000858,-0.03901278227567673,EXP_LinearModel_Alpha158_csi300_custom_step0_s_20260727_14,bd375c134d1449b584a18c6b55360ec9,0.026,,,
1227,2026-07-27,SZ000807,-0.08096785843372345,EXP_LinearModel_Alpha158_csi300_custom_step0_s_20260727_14,bd375c134d1449b584a18c6b55360ec9,0.026,,,
1228,2026-07-27,SZ000792,0.006006586365401745,EXP_LinearModel_Alpha158_csi300_custom_step0_s_20260727_14,bd375c134d1449b584a18c6b55360ec9,0.026,,,
1229,2026-07-27,SZ000776,-0.08244553953409195,EXP_LinearModel_Alpha158_csi300_custom_step0_s_20260727_14,bd375c134d1449b584a18c6b55360ec9,0.026,,,
1230,2026-07-27,SZ000768,0.037848617881536484,EXP_LinearModel_Alpha158_csi300_custom_step0_s_20260727_14,bd375c134d1449b584a18c6b55360ec9,0.026,,,
1231,2026-07-27,SZ000725,-0.060289278626441956,EXP_LinearModel_Alpha158_csi300_custom_step0_s_20260727_14,bd375c134d1449b584a18c6b55360ec9,0.026,,,
1232,2026-07-27,SZ000708,0.040448907762765884,EXP_LinearModel_Alpha158_csi300_custom_step0_s_20260727_14,bd375c134d1449b584a18c6b55360ec9,0.026,,,
1233,2026-07-27,SZ000657,-0.1240217462182045,EXP_LinearModel_Alpha158_csi300_custom_step0_s_20260727_14,bd375c134d1449b584a18c6b55360ec9,0.026,,,
1234,2026-07-27,SZ000651,0.10160132497549057,EXP_LinearModel_Alpha158_csi300_custom_step0_s_20260727_14,bd375c134d1449b584a18c6b55360ec9,0.026,,,
1235,2026-07-27,SZ000630,-0.11064726859331131,EXP_LinearModel_Alpha158_csi300_custom_step0_s_20260727_14,bd375c134d1449b584a18c6b55360ec9,0.026,,,
1236,2026-07-27,SZ000625,-0.09429916739463806,EXP_LinearModel_Alpha158_csi300_custom_step0_s_20260727_14,bd375c134d1449b584a18c6b55360ec9,0.026,,,
1237,2026-07-27,SZ000617,-0.02469763718545437,EXP_LinearModel_Alpha158_csi300_custom_step0_s_20260727_14,bd375c134d1449b584a18c6b55360ec9,0.026,,,
1238,2026-07-27,SZ000596,-0.057832375168800354,EXP_LinearModel_Alpha158_csi300_custom_step0_s_20260727_14,bd375c134d1449b584a18c6b55360ec9,0.026,,,
1239,2026-07-27,SZ000568,-0.05901356413960457,EXP_LinearModel_Alpha158_csi300_custom_step0_s_20260727_14,bd375c134d1449b584a18c6b55360ec9,0.026,,,
1240,2026-07-27,SZ000538,0.005595697555691004,EXP_LinearModel_Alpha158_csi300_custom_step0_s_20260727_14,bd375c134d1449b584a18c6b55360ec9,0.026,,,
1241,2026-07-27,SZ000425,-0.04568643122911453,EXP_LinearModel_Alpha158_csi300_custom_step0_s_20260727_14,bd375c134d1449b584a18c6b55360ec9,0.026,,,
1242,2026-07-27,SZ000408,-0.10400738567113876,EXP_LinearModel_Alpha158_csi300_custom_step0_s_20260727_14,bd375c134d1449b584a18c6b55360ec9,0.026,,,
1243,2026-07-27,SH688047,0.032919153571128845,EXP_LinearModel_Alpha158_csi300_custom_step0_s_20260727_14,bd375c134d1449b584a18c6b55360ec9,0.026,,,
1244,2026-07-27,SH601009,0.03019578754901886,EXP_LinearModel_Alpha158_csi300_custom_step0_s_20260727_14,bd375c134d1449b584a18c6b55360ec9,0.026,,,
1245,2026-07-27,SH601006,0.058045558631420135,EXP_LinearModel_Alpha158_csi300_custom_step0_s_20260727_14,bd375c134d1449b584a18c6b55360ec9,0.026,,,
1246,2026-07-27,SH600999,-0.1788209229707718,EXP_LinearModel_Alpha158_csi300_custom_step0_s_20260727_14,bd375c134d1449b584a18c6b55360ec9,0.026,,,
1247,2026-07-27,SZ300122,-0.016460813581943512,EXP_LinearModel_Alpha158_csi300_custom_step0_s_20260727_14,e47ecf22ef9a436fa398e3964fa7d5d4,0.027,,,
1248,2026-07-27,SZ300059,-0.07945985347032547,EXP_LinearModel_Alpha158_csi300_custom_step0_s_20260727_14,e47ecf22ef9a436fa398e3964fa7d5d4,0.027,,,
1249,2026-07-27,SZ300033,-0.06844207644462585,EXP_LinearModel_Alpha158_csi300_custom_step0_s_20260727_14,e47ecf22ef9a436fa398e3964fa7d5d4,0.027,,,
1250,2026-07-27,SZ300015,-0.003426401875913143,EXP_LinearModel_Alpha158_csi300_custom_step0_s_20260727_14,e47ecf22ef9a436fa398e3964fa7d5d4,0.027,,,
1251,2026-07-27,SZ300014,0.00033090892247855663,EXP_LinearModel_Alpha158_csi300_custom_step0_s_20260727_14,e47ecf22ef9a436fa398e3964fa7d5d4,0.027,,,
1252,2026-07-27,SZ003816,0.06635740399360657,EXP_LinearModel_Alpha158_csi300_custom_step0_s_20260727_14,e47ecf22ef9a436fa398e3964fa7d5d4,0.027,,,
1253,2026-07-27,SZ002938,-0.013273303396999836,EXP_LinearModel_Alpha158_csi300_custom_step0_s_20260727_14,e47ecf22ef9a436fa398e3964fa7d5d4,0.027,,,
1254,2026-07-27,SZ002920,0.018601691350340843,EXP_LinearModel_Alpha158_csi300_custom_step0_s_20260727_14,e47ecf22ef9a436fa398e3964fa7d5d4,0.027,,,
1255,2026-07-27,SZ300124,0.04127819091081619,EXP_LinearModel_Alpha158_csi300_custom_step0_s_20260727_14,e47ecf22ef9a436fa398e3964fa7d5d4,0.027,,,
1256,2026-07-27,SZ002916,-0.04011322930455208,EXP_LinearModel_Alpha158_csi300_custom_step0_s_20260727_14,e47ecf22ef9a436fa398e3964fa7d5d4,0.027,,,
1257,2026-07-27,SZ002736,0.004239268600940704,EXP_LinearModel_Alpha158_csi300_custom_step0_s_20260727_14,e47ecf22ef9a436fa398e3964fa7d5d4,0.027,,,
1258,2026-07-27,SZ002714,-0.06179385632276535,EXP_LinearModel_Alpha158_csi300_custom_step0_s_20260727_14,e47ecf22ef9a436fa398e3964fa7d5d4,0.027,,,
1259,2026-07-27,SZ002709,0.20346786081790924,EXP_LinearModel_Alpha158_csi300_custom_step0_s_20260727_14,e47ecf22ef9a436fa398e3964fa7d5d4,0.027,,,
1260,2026-07-27,SZ002648,-0.03506701439619064,EXP_LinearModel_Alpha158_csi300_custom_step0_s_20260727_14,e47ecf22ef9a436fa398e3964fa7d5d4,0.027,,,
1261,2026-07-27,SZ002625,-0.047335077077150345,EXP_LinearModel_Alpha158_csi300_custom_step0_s_20260727_14,e47ecf22ef9a436fa398e3964fa7d5d4,0.027,,,
1262,2026-07-27,SZ002602,-0.08810831606388092,EXP_LinearModel_Alpha158_csi300_custom_step0_s_20260727_14,e47ecf22ef9a436fa398e3964fa7d5d4,0.027,,,
1263,2026-07-27,SZ002600,0.05593143031001091,EXP_LinearModel_Alpha158_csi300_custom_step0_s_20260727_14,e47ecf22ef9a436fa398e3964fa7d5d4,0.027,,,
1264,2026-07-27,SZ002594,-0.0669085755944252,EXP_LinearModel_Alpha158_csi300_custom_step0_s_20260727_14,e47ecf22ef9a436fa398e3964fa7d5d4,0.027,,,
1265,2026-07-27,SZ002837,-0.13823014497756958,EXP_LinearModel_Alpha158_csi300_custom_step0_s_20260727_14,e47ecf22ef9a436fa398e3964fa7d5d4,0.027,,,
1266,2026-07-27,SZ002558,-0.025322288274765015,EXP_LinearModel_Alpha158_csi300_custom_step0_s_20260727_14,e47ecf22ef9a436fa398e3964fa7d5d4,0.027,,,
1267,2026-07-27,SZ300251,-0.05343271791934967,EXP_LinearModel_Alpha158_csi300_custom_step0_s_20260727_14,e47ecf22ef9a436fa398e3964fa7d5d4,0.027,,,
1268,2026-07-27,SZ300308,-0.13260792195796967,EXP_LinearModel_Alpha158_csi300_custom_step0_s_20260727_14,e47ecf22ef9a436fa398e3964fa7d5d4,0.027,,,
1269,2026-07-27,SZ300866,0.011865958571434021,EXP_LinearModel_Alpha158_csi300_custom_step0_s_20260727_14,e47ecf22ef9a436fa398e3964fa7d5d4,0.027,,,
1270,2026-07-27,SZ300832,-0.030397359281778336,EXP_LinearModel_Alpha158_csi300_custom_step0_s_20260727_14,e47ecf22ef9a436fa398e3964fa7d5d4,0.027,,,
1271,2026-07-27,SZ300803,-0.030233459547162056,EXP_LinearModel_Alpha158_csi300_custom_step0_s_20260727_14,e47ecf22ef9a436fa398e3964fa7d5d4,0.027,,,
1272,2026-07-27,SZ300760,0.02053944021463394,EXP_LinearModel_Alpha158_csi300_custom_step0_s_20260727_14,e47ecf22ef9a436fa398e3964fa7d5d4,0.027,,,
1273,2026-07-27,SZ300750,0.003767929971218109,EXP_LinearModel_Alpha158_csi300_custom_step0_s_20260727_14,e47ecf22ef9a436fa398e3964fa7d5d4,0.027,,,
1274,2026-07-27,SZ300661,-0.03261023387312889,EXP_LinearModel_Alpha158_csi300_custom_step0_s_20260727_14,e47ecf22ef9a436fa398e3964fa7d5d4,0.027,,,
1275,2026-07-27,SZ300628,0.07190340757369995,EXP_LinearModel_Alpha158_csi300_custom_step0_s_20260727_14,e47ecf22ef9a436fa398e3964fa7d5d4,0.027,,,
1276,2026-07-27,SZ300502,-0.054596807807683945,EXP_LinearModel_Alpha158_csi300_custom_step0_s_20260727_14,e47ecf22ef9a436fa398e3964fa7d5d4,0.027,,,
1277,2026-07-27,SZ300274,-0.037470169365406036,EXP_LinearModel_Alpha158_csi300_custom_step0_s_20260727_14,e47ecf22ef9a436fa398e3964fa7d5d4,0.027,,,
1278,2026-07-27,SZ300498,-0.04949144273996353,EXP_LinearModel_Alpha158_csi300_custom_step0_s_20260727_14,e47ecf22ef9a436fa398e3964fa7d5d4,0.027,,,
1279,2026-07-27,SZ300450,0.01072667259722948,EXP_LinearModel_Alpha158_csi300_custom_step0_s_20260727_14,e47ecf22ef9a436fa398e3964fa7d5d4,0.027,,,
1280,2026-07-27,SZ300442,0.028177965432405472,EXP_LinearModel_Alpha158_csi300_custom_step0_s_20260727_14,e47ecf22ef9a436fa398e3964fa7d5d4,0.027,,,
1281,2026-07-27,SZ300433,-0.06428688019514084,EXP_LinearModel_Alpha158_csi300_custom_step0_s_20260727_14,e47ecf22ef9a436fa398e3964fa7d5d4,0.027,,,
1282,2026-07-27,SZ300418,-0.03905292972922325,EXP_LinearModel_Alpha158_csi300_custom_step0_s_20260727_14,e47ecf22ef9a436fa398e3964fa7d5d4,0.027,,,
1283,2026-07-27,SZ300413,0.03992075473070145,EXP_LinearModel_Alpha158_csi300_custom_step0_s_20260727_14,e47ecf22ef9a436fa398e3964fa7d5d4,0.027,,,
1284,2026-07-27,SZ300408,0.044366829097270966,EXP_LinearModel_Alpha158_csi300_custom_step0_s_20260727_14,e47ecf22ef9a436fa398e3964fa7d5d4,0.027,,,
1285,2026-07-27,SZ300394,-0.07460393011569977,EXP_LinearModel_Alpha158_csi300_custom_step0_s_20260727_14,e47ecf22ef9a436fa398e3964fa7d5d4,0.027,,,
1286,2026-07-27,SZ300316,0.05489537492394447,EXP_LinearModel_Alpha158_csi300_custom_step0_s_20260727_14,e47ecf22ef9a436fa398e3964fa7d5d4,0.027,,,
1287,2026-07-27,SZ300476,0.07764679938554764,EXP_LinearModel_Alpha158_csi300_custom_step0_s_20260727_14,e47ecf22ef9a436fa398e3964fa7d5d4,0.027,,,
1288,2026-07-27,SZ002532,-0.11570645868778229,EXP_LinearModel_Alpha158_csi300_custom_step0_s_20260727_14,e47ecf22ef9a436fa398e3964fa7d5d4,0.027,,,
1289,2026-07-27,SZ002493,-0.03680448606610298,EXP_LinearModel_Alpha158_csi300_custom_step0_s_20260727_14,e47ecf22ef9a436fa398e3964fa7d5d4,0.027,,,
1290,2026-07-27,SZ002475,-0.022058751434087753,EXP_LinearModel_Alpha158_csi300_custom_step0_s_20260727_14,e47ecf22ef9a436fa398e3964fa7d5d4,0.027,,,
1291,2026-07-27,SZ001979,0.03443578630685806,EXP_LinearModel_Alpha158_csi300_custom_step0_s_20260727_14,e47ecf22ef9a436fa398e3964fa7d5d4,0.027,,,
1292,2026-07-27,SZ001965,0.0856069028377533,EXP_LinearModel_Alpha158_csi300_custom_step0_s_20260727_14,e47ecf22ef9a436fa398e3964fa7d5d4,0.027,,,
1293,2026-07-27,SZ001391,0.06715291738510132,EXP_LinearModel_Alpha158_csi300_custom_step0_s_20260727_14,e47ecf22ef9a436fa398e3964fa7d5d4,0.027,,,
1294,2026-07-27,SZ001280,0.017048122361302376,EXP_LinearModel_Alpha158_csi300_custom_step0_s_20260727_14,e47ecf22ef9a436fa398e3964fa7d5d4,0.027,,,
1295,2026-07-27,SZ000999,0.02475198358297348,EXP_LinearModel_Alpha158_csi300_custom_step0_s_20260727_14,e47ecf22ef9a436fa398e3964fa7d5d4,0.027,,,
1296,2026-07-27,SZ000988,0.020032260566949844,EXP_LinearModel_Alpha158_csi300_custom_step0_s_20260727_14,e47ecf22ef9a436fa398e3964fa7d5d4,0.027,,,
1297,2026-07-27,SZ000977,-0.1353551745414734,EXP_LinearModel_Alpha158_csi300_custom_step0_s_20260727_14,e47ecf22ef9a436fa398e3964fa7d5d4,0.027,,,
1298,2026-07-27,SZ000975,-0.1755264401435852,EXP_LinearModel_Alpha158_csi300_custom_step0_s_20260727_14,e47ecf22ef9a436fa398e3964fa7d5d4,0.027,,,
1299,2026-07-27,SZ002001,-0.03177030384540558,EXP_LinearModel_Alpha158_csi300_custom_step0_s_20260727_14,e47ecf22ef9a436fa398e3964fa7d5d4,0.027,,,
1300,2026-07-27,SZ000963,-0.045059192925691605,EXP_LinearModel_Alpha158_csi300_custom_step0_s_20260727_14,e47ecf22ef9a436fa398e3964fa7d5d4,0.027,,,
1301,2026-07-27,SZ000895,-0.025352468714118004,EXP_LinearModel_Alpha158_csi300_custom_step0_s_20260727_14,e47ecf22ef9a436fa398e3964fa7d5d4,0.027,,,
1302,2026-07-27,SZ000858,-0.06165909767150879,EXP_LinearModel_Alpha158_csi300_custom_step0_s_20260727_14,e47ecf22ef9a436fa398e3964fa7d5d4,0.027,,,
1303,2026-07-27,SZ000807,-0.09578108042478561,EXP_LinearModel_Alpha158_csi300_custom_step0_s_20260727_14,e47ecf22ef9a436fa398e3964fa7d5d4,0.027,,,
1304,2026-07-27,SZ000792,0.022304365411400795,EXP_LinearModel_Alpha158_csi300_custom_step0_s_20260727_14,e47ecf22ef9a436fa398e3964fa7d5d4,0.027,,,
1305,2026-07-27,SZ000776,-0.07423350214958191,EXP_LinearModel_Alpha158_csi300_custom_step0_s_20260727_14,e47ecf22ef9a436fa398e3964fa7d5d4,0.027,,,
1306,2026-07-27,SZ000768,0.027205482125282288,EXP_LinearModel_Alpha158_csi300_custom_step0_s_20260727_14,e47ecf22ef9a436fa398e3964fa7d5d4,0.027,,,
1307,2026-07-27,SZ000725,0.03172247111797333,EXP_LinearModel_Alpha158_csi300_custom_step0_s_20260727_14,e47ecf22ef9a436fa398e3964fa7d5d4,0.027,,,
1308,2026-07-27,SZ000708,0.05363956838846207,EXP_LinearModel_Alpha158_csi300_custom_step0_s_20260727_14,e47ecf22ef9a436fa398e3964fa7d5d4,0.027,,,
1309,2026-07-27,SZ000938,-0.2566443085670471,EXP_LinearModel_Alpha158_csi300_custom_step0_s_20260727_14,e47ecf22ef9a436fa398e3964fa7d5d4,0.027,,,
1310,2026-07-27,SZ002027,0.009298564866185188,EXP_LinearModel_Alpha158_csi300_custom_step0_s_20260727_14,e47ecf22ef9a436fa398e3964fa7d5d4,0.027,,,
1311,2026-07-27,SZ002028,-0.030754832550883293,EXP_LinearModel_Alpha158_csi300_custom_step0_s_20260727_14,e47ecf22ef9a436fa398e3964fa7d5d4,0.027,,,
1312,2026-07-27,SZ002049,-0.011603192426264286,EXP_LinearModel_Alpha158_csi300_custom_step0_s_20260727_14,e47ecf22ef9a436fa398e3964fa7d5d4,0.027,,,
1313,2026-07-27,SZ002466,0.13841064274311066,EXP_LinearModel_Alpha158_csi300_custom_step0_s_20260727_14,e47ecf22ef9a436fa398e3964fa7d5d4,0.027,,,
1314,2026-07-27,SZ002463,-0.0884656086564064,EXP_LinearModel_Alpha158_csi300_custom_step0_s_20260727_14,e47ecf22ef9a436fa398e3964fa7d5d4,0.027,,,
1315,2026-07-27,SZ002460,0.08596863597631454,EXP_LinearModel_Alpha158_csi300_custom_step0_s_20260727_14,e47ecf22ef9a436fa398e3964fa7d5d4,0.027,,,
1316,2026-07-27,SZ002422,-0.10824213176965714,EXP_LinearModel_Alpha158_csi300_custom_step0_s_20260727_14,e47ecf22ef9a436fa398e3964fa7d5d4,0.027,,,
1317,2026-07-27,SZ002415,-0.13366380333900452,EXP_LinearModel_Alpha158_csi300_custom_step0_s_20260727_14,e47ecf22ef9a436fa398e3964fa7d5d4,0.027,,,
1318,2026-07-27,SZ002384,-0.1486160159111023,EXP_LinearModel_Alpha158_csi300_custom_step0_s_20260727_14,e47ecf22ef9a436fa398e3964fa7d5d4,0.027,,,
1319,2026-07-27,SZ002371,-0.11615106463432312,EXP_LinearModel_Alpha158_csi300_custom_step0_s_20260727_14,e47ecf22ef9a436fa398e3964fa7d5d4,0.027,,,
1320,2026-07-27,SZ002353,-0.07565289735794067,EXP_LinearModel_Alpha158_csi300_custom_step0_s_20260727_14,e47ecf22ef9a436fa398e3964fa7d5d4,0.027,,,
1321,2026-07-27,SZ002352,0.04414423182606697,EXP_LinearModel_Alpha158_csi300_custom_step0_s_20260727_14,e47ecf22ef9a436fa398e3964fa7d5d4,0.027,,,
1322,2026-07-27,SZ002311,0.04930491745471954,EXP_LinearModel_Alpha158_csi300_custom_step0_s_20260727_14,e47ecf22ef9a436fa398e3964fa7d5d4,0.027,,,
1323,2026-07-27,SZ002304,-0.060363367199897766,EXP_LinearModel_Alpha158_csi300_custom_step0_s_20260727_14,e47ecf22ef9a436fa398e3964fa7d5d4,0.027,,,
1324,2026-07-27,SZ002241,-0.05963215231895447,EXP_LinearModel_Alpha158_csi300_custom_step0_s_20260727_14,e47ecf22ef9a436fa398e3964fa7d5d4,0.027,,,
1325,2026-07-27,SZ002236,-0.049221087247133255,EXP_LinearModel_Alpha158_csi300_custom_step0_s_20260727_14,e47ecf22ef9a436fa398e3964fa7d5d4,0.027,,,
1326,2026-07-27,SZ002230,-0.010284465737640858,EXP_LinearModel_Alpha158_csi300_custom_step0_s_20260727_14,e47ecf22ef9a436fa398e3964fa7d5d4,0.027,,,
1327,2026-07-27,SZ002202,0.1316514015197754,EXP_LinearModel_Alpha158_csi300_custom_step0_s_20260727_14,e47ecf22ef9a436fa398e3964fa7d5d4,0.027,,,
1328,2026-07-27,SZ002179,0.07129886746406555,EXP_LinearModel_Alpha158_csi300_custom_step0_s_20260727_14,e47ecf22ef9a436fa398e3964fa7d5d4,0.027,,,
1329,2026-07-27,SZ002142,-0.019389497116208076,EXP_LinearModel_Alpha158_csi300_custom_step0_s_20260727_14,e47ecf22ef9a436fa398e3964fa7d5d4,0.027,,,
1330,2026-07-27,SZ002074,-0.031035294756293297,EXP_LinearModel_Alpha158_csi300_custom_step0_s_20260727_14,e47ecf22ef9a436fa398e3964fa7d5d4,0.027,,,
1331,2026-07-27,SZ002050,0.05542612820863724,EXP_LinearModel_Alpha158_csi300_custom_step0_s_20260727_14,e47ecf22ef9a436fa398e3964fa7d5d4,0.027,,,
1332,2026-07-27,SZ300896,0.024429671466350555,EXP_LinearModel_Alpha158_csi300_custom_step0_s_20260727_14,e47ecf22ef9a436fa398e3964fa7d5d4,0.027,,,
1333,2026-07-27,SZ300999,-0.024602999910712242,EXP_LinearModel_Alpha158_csi300_custom_step0_s_20260727_14,e47ecf22ef9a436fa398e3964fa7d5d4,0.027,,,
1334,2026-07-27,SZ301165,-0.512935996055603,EXP_LinearModel_Alpha158_csi300_custom_step0_s_20260727_14,e47ecf22ef9a436fa398e3964fa7d5d4,0.027,,,
1335,2026-07-27,SZ301236,-0.027626728639006615,EXP_LinearModel_Alpha158_csi300_custom_step0_s_20260727_14,e47ecf22ef9a436fa398e3964fa7d5d4,0.027,,,
1336,2026-07-27,SH600600,-0.008395896293222904,EXP_LinearModel_Alpha158_csi300_custom_step0_s_20260727_14,bd375c134d1449b584a18c6b55360ec9,0.026,,,
1337,2026-07-27,SH600588,-0.02491881512105465,EXP_LinearModel_Alpha158_csi300_custom_step0_s_20260727_14,bd375c134d1449b584a18c6b55360ec9,0.026,,,
1338,2026-07-27,SH600585,0.028249843046069145,EXP_LinearModel_Alpha158_csi300_custom_step0_s_20260727_14,bd375c134d1449b584a18c6b55360ec9,0.026,,,
1339,2026-07-27,SH600584,-0.26965272426605225,EXP_LinearModel_Alpha158_csi300_custom_step0_s_20260727_14,bd375c134d1449b584a18c6b55360ec9,0.026,,,
1340,2026-07-27,SH600570,-0.017218243330717087,EXP_LinearModel_Alpha158_csi300_custom_step0_s_20260727_14,bd375c134d1449b584a18c6b55360ec9,0.026,,,
1341,2026-07-27,SH600549,-0.11299464851617813,EXP_LinearModel_Alpha158_csi300_custom_step0_s_20260727_14,bd375c134d1449b584a18c6b55360ec9,0.026,,,
1342,2026-07-27,SH600547,-0.10798430442810059,EXP_LinearModel_Alpha158_csi300_custom_step0_s_20260727_14,bd375c134d1449b584a18c6b55360ec9,0.026,,,
1343,2026-07-27,SH600522,-0.015147397294640541,EXP_LinearModel_Alpha158_csi300_custom_step0_s_20260727_14,bd375c134d1449b584a18c6b55360ec9,0.026,,,
1344,2026-07-27,SH600660,-0.016483228653669357,EXP_LinearModel_Alpha158_csi300_custom_step0_s_20260727_14,bd375c134d1449b584a18c6b55360ec9,0.026,,,
1345,2026-07-27,SH600519,0.03229744732379913,EXP_LinearModel_Alpha158_csi300_custom_step0_s_20260727_14,bd375c134d1449b584a18c6b55360ec9,0.026,,,
1346,2026-07-27,SH600489,-0.09491589665412903,EXP_LinearModel_Alpha158_csi300_custom_step0_s_20260727_14,bd375c134d1449b584a18c6b55360ec9,0.026,,,
1347,2026-07-27,SH600482,-0.18262669444084167,EXP_LinearModel_Alpha158_csi300_custom_step0_s_20260727_14,bd375c134d1449b584a18c6b55360ec9,0.026,,,
1348,2026-07-27,SH600460,-0.09566177427768707,EXP_LinearModel_Alpha158_csi300_custom_step0_s_20260727_14,bd375c134d1449b584a18c6b55360ec9,0.026,,,
1349,2026-07-27,SH600438,-0.021097145974636078,EXP_LinearModel_Alpha158_csi300_custom_step0_s_20260727_14,bd375c134d1449b584a18c6b55360ec9,0.026,,,
1350,2026-07-27,SH600436,0.05814525485038757,EXP_LinearModel_Alpha158_csi300_custom_step0_s_20260727_14,bd375c134d1449b584a18c6b55360ec9,0.026,,,
1351,2026-07-27,SH600426,-0.01981302723288536,EXP_LinearModel_Alpha158_csi300_custom_step0_s_20260727_14,bd375c134d1449b584a18c6b55360ec9,0.026,,,
1352,2026-07-27,SH600415,-0.02757290191948414,EXP_LinearModel_Alpha158_csi300_custom_step0_s_20260727_14,bd375c134d1449b584a18c6b55360ec9,0.026,,,
1353,2026-07-27,SH600406,-0.06201440468430519,EXP_LinearModel_Alpha158_csi300_custom_step0_s_20260727_14,bd375c134d1449b584a18c6b55360ec9,0.026,,,
1354,2026-07-27,SH600515,0.005218392703682184,EXP_LinearModel_Alpha158_csi300_custom_step0_s_20260727_14,bd375c134d1449b584a18c6b55360ec9,0.026,,,
1355,2026-07-27,SH600674,0.11418663710355759,EXP_LinearModel_Alpha158_csi300_custom_step0_s_20260727_14,bd375c134d1449b584a18c6b55360ec9,0.026,,,
1356,2026-07-27,SH600690,0.02422678843140602,EXP_LinearModel_Alpha158_csi300_custom_step0_s_20260727_14,bd375c134d1449b584a18c6b55360ec9,0.026,,,
1357,2026-07-27,SH600741,0.08294598013162613,EXP_LinearModel_Alpha158_csi300_custom_step0_s_20260727_14,bd375c134d1449b584a18c6b55360ec9,0.026,,,
1358,2026-07-27,SH600989,-0.10048387199640274,EXP_LinearModel_Alpha158_csi300_custom_step0_s_20260727_14,bd375c134d1449b584a18c6b55360ec9,0.026,,,
1359,2026-07-27,SH600958,,EXP_LinearModel_Alpha158_csi300_custom_step0_s_20260727_14,bd375c134d1449b584a18c6b55360ec9,0.026,,,
1360,2026-07-27,SH600941,0.06656146049499512,EXP_LinearModel_Alpha158_csi300_custom_step0_s_20260727_14,bd375c134d1449b584a18c6b55360ec9,0.026,,,
1361,2026-07-27,SH600938,-0.18949201703071594,EXP_LinearModel_Alpha158_csi300_custom_step0_s_20260727_14,bd375c134d1449b584a18c6b55360ec9,0.026,,,
1362,2026-07-27,SH600930,0.07153116166591644,EXP_LinearModel_Alpha158_csi300_custom_step0_s_20260727_14,bd375c134d1449b584a18c6b55360ec9,0.026,,,
1363,2026-07-27,SH600926,-0.022387759760022163,EXP_LinearModel_Alpha158_csi300_custom_step0_s_20260727_14,bd375c134d1449b584a18c6b55360ec9,0.026,,,
1364,2026-07-27,SH600919,0.04341121017932892,EXP_LinearModel_Alpha158_csi300_custom_step0_s_20260727_14,bd375c134d1449b584a18c6b55360ec9,0.026,,,
1365,2026-07-27,SH600918,-0.03776772692799568,EXP_LinearModel_Alpha158_csi300_custom_step0_s_20260727_14,bd375c134d1449b584a18c6b55360ec9,0.026,,,
1366,2026-07-27,SH600905,0.07385119795799255,EXP_LinearModel_Alpha158_csi300_custom_step0_s_20260727_14,bd375c134d1449b584a18c6b55360ec9,0.026,,,
1367,2026-07-27,SH600900,0.06416203826665878,EXP_LinearModel_Alpha158_csi300_custom_step0_s_20260727_14,bd375c134d1449b584a18c6b55360ec9,0.026,,,
1368,2026-07-27,SH600893,-0.015283704735338688,EXP_LinearModel_Alpha158_csi300_custom_step0_s_20260727_14,bd375c134d1449b584a18c6b55360ec9,0.026,,,
1369,2026-07-27,SH600887,0.026164880022406578,EXP_LinearModel_Alpha158_csi300_custom_step0_s_20260727_14,bd375c134d1449b584a18c6b55360ec9,0.026,,,
1370,2026-07-27,SH600886,0.07964932173490524,EXP_LinearModel_Alpha158_csi300_custom_step0_s_20260727_14,bd375c134d1449b584a18c6b55360ec9,0.026,,,
1371,2026-07-27,SH600875,-0.09062297642230988,EXP_LinearModel_Alpha158_csi300_custom_step0_s_20260727_14,bd375c134d1449b584a18c6b55360ec9,0.026,,,
1372,2026-07-27,SH600845,0.06520451605319977,EXP_LinearModel_Alpha158_csi300_custom_step0_s_20260727_14,bd375c134d1449b584a18c6b55360ec9,0.026,,,
1373,2026-07-27,SH600809,-0.054530128836631775,EXP_LinearModel_Alpha158_csi300_custom_step0_s_20260727_14,bd375c134d1449b584a18c6b55360ec9,0.026,,,
1374,2026-07-27,SH600803,-0.05959460511803627,EXP_LinearModel_Alpha158_csi300_custom_step0_s_20260727_14,bd375c134d1449b584a18c6b55360ec9,0.026,,,
1375,2026-07-27,SH600795,-0.008630434982478619,EXP_LinearModel_Alpha158_csi300_custom_step0_s_20260727_14,bd375c134d1449b584a18c6b55360ec9,0.026,,,
1376,2026-07-27,SH600760,-0.007945786230266094,EXP_LinearModel_Alpha158_csi300_custom_step0_s_20260727_14,bd375c134d1449b584a18c6b55360ec9,0.026,,,
1377,2026-07-27,SH600372,-0.04226556047797203,EXP_LinearModel_Alpha158_csi300_custom_step0_s_20260727_14,bd375c134d1449b584a18c6b55360ec9,0.026,,,
1378,2026-07-27,SH600900,0.07067256420850754,EXP_LinearModel_Alpha158_csi300_custom_step0_s_20260727_14,86e4de9a395b4543b87a20950284b40d,0.006,,,
1379,2026-07-27,SH600362,-0.18095864355564117,EXP_LinearModel_Alpha158_csi300_custom_step0_s_20260727_14,bd375c134d1449b584a18c6b55360ec9,0.026,,,
1380,2026-07-27,SH600309,-0.15390068292617798,EXP_LinearModel_Alpha158_csi300_custom_step0_s_20260727_14,bd375c134d1449b584a18c6b55360ec9,0.026,,,
1381,2026-07-27,SH600030,-0.021871067583560944,EXP_LinearModel_Alpha158_csi300_custom_step0_s_20260727_14,bd375c134d1449b584a18c6b55360ec9,0.026,,,
1382,2026-07-27,SH600029,-0.022781161591410637,EXP_LinearModel_Alpha158_csi300_custom_step0_s_20260727_14,bd375c134d1449b584a18c6b55360ec9,0.026,,,
1383,2026-07-27,SH600028,0.011307895183563232,EXP_LinearModel_Alpha158_csi300_custom_step0_s_20260727_14,bd375c134d1449b584a18c6b55360ec9,0.026,,,
1384,2026-07-27,SH600027,0.02372833713889122,EXP_LinearModel_Alpha158_csi300_custom_step0_s_20260727_14,bd375c134d1449b584a18c6b55360ec9,0.026,,,
1385,2026-07-27,SH600026,-0.03197048604488373,EXP_LinearModel_Alpha158_csi300_custom_step0_s_20260727_14,bd375c134d1449b584a18c6b55360ec9,0.026,,,
1386,2026-07-27,SH600025,0.07603897154331207,EXP_LinearModel_Alpha158_csi300_custom_step0_s_20260727_14,bd375c134d1449b584a18c6b55360ec9,0.026,,,
1387,2026-07-27,SH600023,0.016368119046092033,EXP_LinearModel_Alpha158_csi300_custom_step0_s_20260727_14,bd375c134d1449b584a18c6b55360ec9,0.026,,,
1388,2026-07-27,SH600019,0.010006487369537354,EXP_LinearModel_Alpha158_csi300_custom_step0_s_20260727_14,bd375c134d1449b584a18c6b55360ec9,0.026,,,
1389,2026-07-27,SH600031,0.0010050074197351933,EXP_LinearModel_Alpha158_csi300_custom_step0_s_20260727_14,bd375c134d1449b584a18c6b55360ec9,0.026,,,
1390,2026-07-27,SH600018,0.08158886432647705,EXP_LinearModel_Alpha158_csi300_custom_step0_s_20260727_14,bd375c134d1449b584a18c6b55360ec9,0.026,,,
1391,2026-07-27,SH600015,0.08208318054676056,EXP_LinearModel_Alpha158_csi300_custom_step0_s_20260727_14,bd375c134d1449b584a18c6b55360ec9,0.026,,,
1392,2026-07-27,SH600011,-0.007928484119474888,EXP_LinearModel_Alpha158_csi300_custom_step0_s_20260727_14,bd375c134d1449b584a18c6b55360ec9,0.026,,,
1393,2026-07-27,SH600010,-0.07755467295646667,EXP_LinearModel_Alpha158_csi300_custom_step0_s_20260727_14,bd375c134d1449b584a18c6b55360ec9,0.026,,,
1394,2026-07-27,SH600009,-0.0780365914106369,EXP_LinearModel_Alpha158_csi300_custom_step0_s_20260727_14,bd375c134d1449b584a18c6b55360ec9,0.026,,,
1395,2026-07-27,SH600000,-0.0037808362394571304,EXP_LinearModel_Alpha158_csi300_custom_step0_s_20260727_14,bd375c134d1449b584a18c6b55360ec9,0.026,,,
1396,2026-07-27,SZ302132,-0.11591397225856781,EXP_LinearModel_Alpha158_csi300_custom_step0_s_20260727_14,e47ecf22ef9a436fa398e3964fa7d5d4,0.027,,,
1397,2026-07-27,SZ301308,0.15792018175125122,EXP_LinearModel_Alpha158_csi300_custom_step0_s_20260727_14,e47ecf22ef9a436fa398e3964fa7d5d4,0.027,,,
1398,2026-07-27,SZ301269,-0.015549879521131516,EXP_LinearModel_Alpha158_csi300_custom_step0_s_20260727_14,e47ecf22ef9a436fa398e3964fa7d5d4,0.027,,,
1399,2026-07-27,SH600016,0.034285854548215866,EXP_LinearModel_Alpha158_csi300_custom_step0_s_20260727_14,bd375c134d1449b584a18c6b55360ec9,0.026,,,
1400,2026-07-27,SH600036,0.06867831200361252,EXP_LinearModel_Alpha158_csi300_custom_step0_s_20260727_14,bd375c134d1449b584a18c6b55360ec9,0.026,,,
1401,2026-07-27,SH600039,0.005683392286300659,EXP_LinearModel_Alpha158_csi300_custom_step0_s_20260727_14,bd375c134d1449b584a18c6b55360ec9,0.026,,,
1402,2026-07-27,SH600048,0.023949695751070976,EXP_LinearModel_Alpha158_csi300_custom_step0_s_20260727_14,bd375c134d1449b584a18c6b55360ec9,0.026,,,
1403,2026-07-27,SH600276,-0.05784795433282852,EXP_LinearModel_Alpha158_csi300_custom_step0_s_20260727_14,bd375c134d1449b584a18c6b55360ec9,0.026,,,
1404,2026-07-27,SH600233,-0.023447664454579353,EXP_LinearModel_Alpha158_csi300_custom_step0_s_20260727_14,bd375c134d1449b584a18c6b55360ec9,0.026,,,
1405,2026-07-27,SH600221,0.06209889426827431,EXP_LinearModel_Alpha158_csi300_custom_step0_s_20260727_14,bd375c134d1449b584a18c6b55360ec9,0.026,,,
1406,2026-07-27,SH600219,-0.15191471576690674,EXP_LinearModel_Alpha158_csi300_custom_step0_s_20260727_14,bd375c134d1449b584a18c6b55360ec9,0.026,,,
1407,2026-07-27,SH600196,-0.04899657145142555,EXP_LinearModel_Alpha158_csi300_custom_step0_s_20260727_14,bd375c134d1449b584a18c6b55360ec9,0.026,,,
1408,2026-07-27,SH600188,-0.07735957205295563,EXP_LinearModel_Alpha158_csi300_custom_step0_s_20260727_14,bd375c134d1449b584a18c6b55360ec9,0.026,,,
1409,2026-07-27,SH600183,-0.2172202169895172,EXP_LinearModel_Alpha158_csi300_custom_step0_s_20260727_14,bd375c134d1449b584a18c6b55360ec9,0.026,,,
1410,2026-07-27,SH600176,0.08535465598106384,EXP_LinearModel_Alpha158_csi300_custom_step0_s_20260727_14,bd375c134d1449b584a18c6b55360ec9,0.026,,,
1411,2026-07-27,SH600160,-0.05037365481257439,EXP_LinearModel_Alpha158_csi300_custom_step0_s_20260727_14,bd375c134d1449b584a18c6b55360ec9,0.026,,,
1412,2026-07-27,SH600150,-0.013250239193439484,EXP_LinearModel_Alpha158_csi300_custom_step0_s_20260727_14,bd375c134d1449b584a18c6b55360ec9,0.026,,,
1413,2026-07-27,SH600118,0.030619073659181595,EXP_LinearModel_Alpha158_csi300_custom_step0_s_20260727_14,bd375c134d1449b584a18c6b55360ec9,0.026,,,
1414,2026-07-27,SH600115,-0.031437672674655914,EXP_LinearModel_Alpha158_csi300_custom_step0_s_20260727_14,bd375c134d1449b584a18c6b55360ec9,0.026,,,
1415,2026-07-27,SH600111,0.06537529826164246,EXP_LinearModel_Alpha158_csi300_custom_step0_s_20260727_14,bd375c134d1449b584a18c6b55360ec9,0.026,,,
1416,2026-07-27,SH600104,0.015956580638885498,EXP_LinearModel_Alpha158_csi300_custom_step0_s_20260727_14,bd375c134d1449b584a18c6b55360ec9,0.026,,,
1417,2026-07-27,SH600089,-0.07753763347864151,EXP_LinearModel_Alpha158_csi300_custom_step0_s_20260727_14,bd375c134d1449b584a18c6b55360ec9,0.026,,,
1418,2026-07-27,SH600085,0.01729038543999195,EXP_LinearModel_Alpha158_csi300_custom_step0_s_20260727_14,bd375c134d1449b584a18c6b55360ec9,0.026,,,
1419,2026-07-27,SH600066,-0.039293769747018814,EXP_LinearModel_Alpha158_csi300_custom_step0_s_20260727_14,bd375c134d1449b584a18c6b55360ec9,0.026,,,
1420,2026-07-27,SH600061,0.0049659861251711845,EXP_LinearModel_Alpha158_csi300_custom_step0_s_20260727_14,bd375c134d1449b584a18c6b55360ec9,0.026,,,
1421,2026-07-27,SH600050,0.14791318774223328,EXP_LinearModel_Alpha158_csi300_custom_step0_s_20260727_14,bd375c134d1449b584a18c6b55360ec9,0.026,,,
1422,2026-07-27,SH600346,-0.05869732052087784,EXP_LinearModel_Alpha158_csi300_custom_step0_s_20260727_14,bd375c134d1449b584a18c6b55360ec9,0.026,,,
1423,2026-07-27,SH601985,0.029400086383971753,EXP_LGBModel_Alpha158_csi300_custom_step0_s_20260727_14,f3485a9546bd4ed2a15c9336951d7abd,0.024,,,
1424,2026-07-27,SH600905,0.0558084212243557,EXP_LinearModel_Alpha158_csi300_custom_step0_s_20260727_14,86e4de9a395b4543b87a20950284b40d,0.006,,,
1425,2026-07-27,SH600919,0.06348875910043716,EXP_LinearModel_Alpha158_csi300_custom_step0_s_20260727_14,86e4de9a395b4543b87a20950284b40d,0.006,,,
1426,2026-07-27,SH601728,0.029226241633296013,EXP_XGBModel_Alpha158_csi300_custom_step0_s_20260727_14,2809a33f3862498cac3f944dd392b0f4,0.071,,,
1427,2026-07-27,SH601727,-0.0075297229923307896,EXP_XGBModel_Alpha158_csi300_custom_step0_s_20260727_14,2809a33f3862498cac3f944dd392b0f4,0.071,,,
1428,2026-07-27,SH601698,0.08931317925453186,EXP_XGBModel_Alpha158_csi300_custom_step0_s_20260727_14,2809a33f3862498cac3f944dd392b0f4,0.071,,,
1429,2026-07-27,SH601689,0.034352969378232956,EXP_XGBModel_Alpha158_csi300_custom_step0_s_20260727_14,2809a33f3862498cac3f944dd392b0f4,0.071,,,
1430,2026-07-27,SH601688,-0.016703708097338676,EXP_XGBModel_Alpha158_csi300_custom_step0_s_20260727_14,2809a33f3862498cac3f944dd392b0f4,0.071,,,
1431,2026-07-27,SH601669,-0.008617490530014038,EXP_XGBModel_Alpha158_csi300_custom_step0_s_20260727_14,2809a33f3862498cac3f944dd392b0f4,0.071,,,
1432,2026-07-27,SH601668,0.057189714163541794,EXP_XGBModel_Alpha158_csi300_custom_step0_s_20260727_14,2809a33f3862498cac3f944dd392b0f4,0.071,,,
1433,2026-07-27,SH601658,0.04652972146868706,EXP_XGBModel_Alpha158_csi300_custom_step0_s_20260727_14,2809a33f3862498cac3f944dd392b0f4,0.071,,,
1434,2026-07-27,SH601766,0.024875931441783905,EXP_XGBModel_Alpha158_csi300_custom_step0_s_20260727_14,2809a33f3862498cac3f944dd392b0f4,0.071,,,
1435,2026-07-27,SH601633,-0.038373444229364395,EXP_XGBModel_Alpha158_csi300_custom_step0_s_20260727_14,2809a33f3862498cac3f944dd392b0f4,0.071,,,
1436,2026-07-27,SH601618,0.008290610276162624,EXP_XGBModel_Alpha158_csi300_custom_step0_s_20260727_14,2809a33f3862498cac3f944dd392b0f4,0.071,,,
1437,2026-07-27,SH601607,-0.006625581532716751,EXP_XGBModel_Alpha158_csi300_custom_step0_s_20260727_14,2809a33f3862498cac3f944dd392b0f4,0.071,,,
1438,2026-07-27,SH601601,-0.019195064902305603,EXP_XGBModel_Alpha158_csi300_custom_step0_s_20260727_14,2809a33f3862498cac3f944dd392b0f4,0.071,,,
1439,2026-07-27,SH601600,-0.02784733660519123,EXP_XGBModel_Alpha158_csi300_custom_step0_s_20260727_14,2809a33f3862498cac3f944dd392b0f4,0.071,,,
1440,2026-07-27,SH601456,0.02734789252281189,EXP_XGBModel_Alpha158_csi300_custom_step0_s_20260727_14,2809a33f3862498cac3f944dd392b0f4,0.071,,,
1441,2026-07-27,SH601398,0.03429858386516571,EXP_XGBModel_Alpha158_csi300_custom_step0_s_20260727_14,2809a33f3862498cac3f944dd392b0f4,0.071,,,
1442,2026-07-27,SH601390,0.014532089233398438,EXP_XGBModel_Alpha158_csi300_custom_step0_s_20260727_14,2809a33f3862498cac3f944dd392b0f4,0.071,,,
1443,2026-07-27,SH601377,0.04098624363541603,EXP_XGBModel_Alpha158_csi300_custom_step0_s_20260727_14,2809a33f3862498cac3f944dd392b0f4,0.071,,,
1444,2026-07-27,SH601628,-0.012236453592777252,EXP_XGBModel_Alpha158_csi300_custom_step0_s_20260727_14,2809a33f3862498cac3f944dd392b0f4,0.071,,,
1445,2026-07-27,SH601360,-0.1241941824555397,EXP_XGBModel_Alpha158_csi300_custom_step0_s_20260727_14,2809a33f3862498cac3f944dd392b0f4,0.071,,,
1446,2026-07-27,SH601788,0.03901532292366028,EXP_XGBModel_Alpha158_csi300_custom_step0_s_20260727_14,2809a33f3862498cac3f944dd392b0f4,0.071,,,
1447,2026-07-27,SH601816,0.03944503143429756,EXP_XGBModel_Alpha158_csi300_custom_step0_s_20260727_14,2809a33f3862498cac3f944dd392b0f4,0.071,,,
1448,2026-07-27,SH601988,0.037814561277627945,EXP_XGBModel_Alpha158_csi300_custom_step0_s_20260727_14,2809a33f3862498cac3f944dd392b0f4,0.071,,,
1449,2026-07-27,SH601985,0.04458794370293617,EXP_XGBModel_Alpha158_csi300_custom_step0_s_20260727_14,2809a33f3862498cac3f944dd392b0f4,0.071,,,
1450,2026-07-27,SH601939,0.020451243966817856,EXP_XGBModel_Alpha158_csi300_custom_step0_s_20260727_14,2809a33f3862498cac3f944dd392b0f4,0.071,,,
1451,2026-07-27,SH601919,0.004862621426582336,EXP_XGBModel_Alpha158_csi300_custom_step0_s_20260727_14,2809a33f3862498cac3f944dd392b0f4,0.071,,,
1452,2026-07-27,SH601916,0.04358183965086937,EXP_XGBModel_Alpha158_csi300_custom_step0_s_20260727_14,2809a33f3862498cac3f944dd392b0f4,0.071,,,
1453,2026-07-27,SH601901,-0.00012988768867217004,EXP_XGBModel_Alpha158_csi300_custom_step0_s_20260727_14,2809a33f3862498cac3f944dd392b0f4,0.071,,,
1454,2026-07-27,SH601899,-0.07154286652803421,EXP_XGBModel_Alpha158_csi300_custom_step0_s_20260727_14,2809a33f3862498cac3f944dd392b0f4,0.071,,,
1455,2026-07-27,SH601898,-0.12869498133659363,EXP_XGBModel_Alpha158_csi300_custom_step0_s_20260727_14,2809a33f3862498cac3f944dd392b0f4,0.071,,,
1456,2026-07-27,SH601800,0.015410180203616619,EXP_XGBModel_Alpha158_csi300_custom_step0_s_20260727_14,2809a33f3862498cac3f944dd392b0f4,0.071,,,
1457,2026-07-27,SH601888,-0.061546340584754944,EXP_XGBModel_Alpha158_csi300_custom_step0_s_20260727_14,2809a33f3862498cac3f944dd392b0f4,0.071,,,
1458,2026-07-27,SH601878,0.014272247441112995,EXP_XGBModel_Alpha158_csi300_custom_step0_s_20260727_14,2809a33f3862498cac3f944dd392b0f4,0.071,,,
1459,2026-07-27,SH601877,-0.0036454815417528152,EXP_XGBModel_Alpha158_csi300_custom_step0_s_20260727_14,2809a33f3862498cac3f944dd392b0f4,0.071,,,
1460,2026-07-27,SH601872,0.046243589371442795,EXP_XGBModel_Alpha158_csi300_custom_step0_s_20260727_14,2809a33f3862498cac3f944dd392b0f4,0.071,,,
1461,2026-07-27,SH601868,-0.022478096187114716,EXP_XGBModel_Alpha158_csi300_custom_step0_s_20260727_14,2809a33f3862498cac3f944dd392b0f4,0.071,,,
1462,2026-07-27,SH601857,-0.11995198577642441,EXP_XGBModel_Alpha158_csi300_custom_step0_s_20260727_14,2809a33f3862498cac3f944dd392b0f4,0.071,,,
1463,2026-07-27,SH601838,0.03223040699958801,EXP_XGBModel_Alpha158_csi300_custom_step0_s_20260727_14,2809a33f3862498cac3f944dd392b0f4,0.071,,,
1464,2026-07-27,SH601825,-0.00162013981025666,EXP_XGBModel_Alpha158_csi300_custom_step0_s_20260727_14,2809a33f3862498cac3f944dd392b0f4,0.071,,,
1465,2026-07-27,SH601818,0.0408567413687706,EXP_XGBModel_Alpha158_csi300_custom_step0_s_20260727_14,2809a33f3862498cac3f944dd392b0f4,0.071,,,
1466,2026-07-27,SH601881,-0.0034121570643037558,EXP_XGBModel_Alpha158_csi300_custom_step0_s_20260727_14,2809a33f3862498cac3f944dd392b0f4,0.071,,,
1467,2026-07-27,SH601336,-0.11070041358470917,EXP_XGBModel_Alpha158_csi300_custom_step0_s_20260727_14,2809a33f3862498cac3f944dd392b0f4,0.071,,,
1468,2026-07-27,SH601328,0.03813498839735985,EXP_XGBModel_Alpha158_csi300_custom_step0_s_20260727_14,2809a33f3862498cac3f944dd392b0f4,0.071,,,
1469,2026-07-27,SH601319,-0.004626061301678419,EXP_XGBModel_Alpha158_csi300_custom_step0_s_20260727_14,2809a33f3862498cac3f944dd392b0f4,0.071,,,
1470,2026-07-27,SH601009,0.02113933488726616,EXP_XGBModel_Alpha158_csi300_custom_step0_s_20260727_14,2809a33f3862498cac3f944dd392b0f4,0.071,,,
1471,2026-07-27,SH601006,0.03149189054965973,EXP_XGBModel_Alpha158_csi300_custom_step0_s_20260727_14,2809a33f3862498cac3f944dd392b0f4,0.071,,,
1472,2026-07-27,SH600999,-0.10697527229785919,EXP_XGBModel_Alpha158_csi300_custom_step0_s_20260727_14,2809a33f3862498cac3f944dd392b0f4,0.071,,,
1473,2026-07-27,SH600989,-0.16592836380004883,EXP_XGBModel_Alpha158_csi300_custom_step0_s_20260727_14,2809a33f3862498cac3f944dd392b0f4,0.071,,,
1474,2026-07-27,SH600958,-0.006123863160610199,EXP_XGBModel_Alpha158_csi300_custom_step0_s_20260727_14,2809a33f3862498cac3f944dd392b0f4,0.071,,,
1475,2026-07-27,SH600941,0.03847918659448624,EXP_XGBModel_Alpha158_csi300_custom_step0_s_20260727_14,2809a33f3862498cac3f944dd392b0f4,0.071,,,
1476,2026-07-27,SH600938,-0.1861466020345688,EXP_XGBModel_Alpha158_csi300_custom_step0_s_20260727_14,2809a33f3862498cac3f944dd392b0f4,0.071,,,
1477,2026-07-27,SH600930,0.024290604516863823,EXP_XGBModel_Alpha158_csi300_custom_step0_s_20260727_14,2809a33f3862498cac3f944dd392b0f4,0.071,,,
1478,2026-07-27,SH601012,-0.05470193177461624,EXP_XGBModel_Alpha158_csi300_custom_step0_s_20260727_14,2809a33f3862498cac3f944dd392b0f4,0.071,,,
1479,2026-07-27,SH600926,-0.016833007335662842,EXP_XGBModel_Alpha158_csi300_custom_step0_s_20260727_14,2809a33f3862498cac3f944dd392b0f4,0.071,,,
1480,2026-07-27,SH600918,-0.02170543186366558,EXP_XGBModel_Alpha158_csi300_custom_step0_s_20260727_14,2809a33f3862498cac3f944dd392b0f4,0.071,,,
1481,2026-07-27,SH600905,0.009540796279907227,EXP_XGBModel_Alpha158_csi300_custom_step0_s_20260727_14,2809a33f3862498cac3f944dd392b0f4,0.071,,,
1482,2026-07-27,SH600900,0.036214444786310196,EXP_XGBModel_Alpha158_csi300_custom_step0_s_20260727_14,2809a33f3862498cac3f944dd392b0f4,0.071,,,
1483,2026-07-27,SH600893,-0.004114513285458088,EXP_XGBModel_Alpha158_csi300_custom_step0_s_20260727_14,2809a33f3862498cac3f944dd392b0f4,0.071,,,
1484,2026-07-27,SH600887,0.0478416383266449,EXP_XGBModel_Alpha158_csi300_custom_step0_s_20260727_14,2809a33f3862498cac3f944dd392b0f4,0.071,,,
1485,2026-07-27,SH600886,0.03380191698670387,EXP_XGBModel_Alpha158_csi300_custom_step0_s_20260727_14,2809a33f3862498cac3f944dd392b0f4,0.071,,,
1486,2026-07-27,SH600875,-0.04064403474330902,EXP_XGBModel_Alpha158_csi300_custom_step0_s_20260727_14,2809a33f3862498cac3f944dd392b0f4,0.071,,,
1487,2026-07-27,SH600845,-0.06085218861699104,EXP_XGBModel_Alpha158_csi300_custom_step0_s_20260727_14,2809a33f3862498cac3f944dd392b0f4,0.071,,,
1488,2026-07-27,SH600919,0.04826417565345764,EXP_XGBModel_Alpha158_csi300_custom_step0_s_20260727_14,2809a33f3862498cac3f944dd392b0f4,0.071,,,
1489,2026-07-27,SH601018,0.027064822614192963,EXP_XGBModel_Alpha158_csi300_custom_step0_s_20260727_14,2809a33f3862498cac3f944dd392b0f4,0.071,,,
1490,2026-07-27,SH601021,0.01954938843846321,EXP_XGBModel_Alpha158_csi300_custom_step0_s_20260727_14,2809a33f3862498cac3f944dd392b0f4,0.071,,,
1491,2026-07-27,SH601058,-0.021380534395575523,EXP_XGBModel_Alpha158_csi300_custom_step0_s_20260727_14,2809a33f3862498cac3f944dd392b0f4,0.071,,,
1492,2026-07-27,SH601318,0.012336106970906258,EXP_XGBModel_Alpha158_csi300_custom_step0_s_20260727_14,2809a33f3862498cac3f944dd392b0f4,0.071,,,
1493,2026-07-27,SH601288,0.05595014616847038,EXP_XGBModel_Alpha158_csi300_custom_step0_s_20260727_14,2809a33f3862498cac3f944dd392b0f4,0.071,,,
1494,2026-07-27,SH601238,-0.003708368632942438,EXP_XGBModel_Alpha158_csi300_custom_step0_s_20260727_14,2809a33f3862498cac3f944dd392b0f4,0.071,,,
1495,2026-07-27,SH601229,0.05052677169442177,EXP_XGBModel_Alpha158_csi300_custom_step0_s_20260727_14,2809a33f3862498cac3f944dd392b0f4,0.071,,,
1496,2026-07-27,SH601225,-0.07562623918056488,EXP_XGBModel_Alpha158_csi300_custom_step0_s_20260727_14,2809a33f3862498cac3f944dd392b0f4,0.071,,,
1497,2026-07-27,SH601211,-0.03444140404462814,EXP_XGBModel_Alpha158_csi300_custom_step0_s_20260727_14,2809a33f3862498cac3f944dd392b0f4,0.071,,,
1498,2026-07-27,SH601186,0.035440199077129364,EXP_XGBModel_Alpha158_csi300_custom_step0_s_20260727_14,2809a33f3862498cac3f944dd392b0f4,0.071,,,
1499,2026-07-27,SH601169,0.04142278805375099,EXP_XGBModel_Alpha158_csi300_custom_step0_s_20260727_14,2809a33f3862498cac3f944dd392b0f4,0.071,,,
1500,2026-07-27,SH601166,0.032422419637441635,EXP_XGBModel_Alpha158_csi300_custom_step0_s_20260727_14,2809a33f3862498cac3f944dd392b0f4,0.071,,,
1501,2026-07-27,SH601138,-0.04884025454521179,EXP_XGBModel_Alpha158_csi300_custom_step0_s_20260727_14,2809a33f3862498cac3f944dd392b0f4,0.071,,,
1502,2026-07-27,SH601136,-0.08456512540578842,EXP_XGBModel_Alpha158_csi300_custom_step0_s_20260727_14,2809a33f3862498cac3f944dd392b0f4,0.071,,,
1503,2026-07-27,SH601127,-0.05677252635359764,EXP_XGBModel_Alpha158_csi300_custom_step0_s_20260727_14,2809a33f3862498cac3f944dd392b0f4,0.071,,,
1504,2026-07-27,SH601117,-0.012573804706335068,EXP_XGBModel_Alpha158_csi300_custom_step0_s_20260727_14,2809a33f3862498cac3f944dd392b0f4,0.071,,,
1505,2026-07-27,SH601111,-0.01151793822646141,EXP_XGBModel_Alpha158_csi300_custom_step0_s_20260727_14,2809a33f3862498cac3f944dd392b0f4,0.071,,,
1506,2026-07-27,SH601100,-0.010347564704716206,EXP_XGBModel_Alpha158_csi300_custom_step0_s_20260727_14,2809a33f3862498cac3f944dd392b0f4,0.071,,,
1507,2026-07-27,SH601088,0.011777189560234547,EXP_XGBModel_Alpha158_csi300_custom_step0_s_20260727_14,2809a33f3862498cac3f944dd392b0f4,0.071,,,
1508,2026-07-27,SH601077,0.010775523260235786,EXP_XGBModel_Alpha158_csi300_custom_step0_s_20260727_14,2809a33f3862498cac3f944dd392b0f4,0.071,,,
1509,2026-07-27,SH601066,-0.09423349052667618,EXP_XGBModel_Alpha158_csi300_custom_step0_s_20260727_14,2809a33f3862498cac3f944dd392b0f4,0.071,,,
1510,2026-07-27,SH601059,0.0120262261480093,EXP_XGBModel_Alpha158_csi300_custom_step0_s_20260727_14,2809a33f3862498cac3f944dd392b0f4,0.071,,,
1511,2026-07-27,SH601995,-0.13592390716075897,EXP_XGBModel_Alpha158_csi300_custom_step0_s_20260727_14,2809a33f3862498cac3f944dd392b0f4,0.071,,,
1512,2026-07-27,SH600809,-0.05024140328168869,EXP_XGBModel_Alpha158_csi300_custom_step0_s_20260727_14,2809a33f3862498cac3f944dd392b0f4,0.071,,,
1513,2026-07-27,SH601998,-0.002302562352269888,EXP_XGBModel_Alpha158_csi300_custom_step0_s_20260727_14,2809a33f3862498cac3f944dd392b0f4,0.071,,,
1514,2026-07-27,SH603259,-0.05585093796253204,EXP_XGBModel_Alpha158_csi300_custom_step0_s_20260727_14,2809a33f3862498cac3f944dd392b0f4,0.071,,,
1515,2026-07-27,SZ000977,-0.05748695135116577,EXP_XGBModel_Alpha158_csi300_custom_step0_s_20260727_14,2809a33f3862498cac3f944dd392b0f4,0.071,,,
1516,2026-07-27,SZ000975,-0.20681659877300262,EXP_XGBModel_Alpha158_csi300_custom_step0_s_20260727_14,2809a33f3862498cac3f944dd392b0f4,0.071,,,
1517,2026-07-27,SZ000963,-0.015055879019200802,EXP_XGBModel_Alpha158_csi300_custom_step0_s_20260727_14,2809a33f3862498cac3f944dd392b0f4,0.071,,,
1518,2026-07-27,SZ000938,-0.5590740442276001,EXP_XGBModel_Alpha158_csi300_custom_step0_s_20260727_14,2809a33f3862498cac3f944dd392b0f4,0.071,,,
1519,2026-07-27,SZ000895,0.003144973423331976,EXP_XGBModel_Alpha158_csi300_custom_step0_s_20260727_14,2809a33f3862498cac3f944dd392b0f4,0.071,,,
1520,2026-07-27,SZ000858,-0.004685713443905115,EXP_XGBModel_Alpha158_csi300_custom_step0_s_20260727_14,2809a33f3862498cac3f944dd392b0f4,0.071,,,
1521,2026-07-27,SZ000807,-0.06386560946702957,EXP_XGBModel_Alpha158_csi300_custom_step0_s_20260727_14,2809a33f3862498cac3f944dd392b0f4,0.071,,,
1522,2026-07-27,SZ000792,-0.012574408203363419,EXP_XGBModel_Alpha158_csi300_custom_step0_s_20260727_14,2809a33f3862498cac3f944dd392b0f4,0.071,,,
1523,2026-07-27,SZ000988,0.2675682306289673,EXP_XGBModel_Alpha158_csi300_custom_step0_s_20260727_14,2809a33f3862498cac3f944dd392b0f4,0.071,,,
1524,2026-07-27,SZ000776,-0.13384872674942017,EXP_XGBModel_Alpha158_csi300_custom_step0_s_20260727_14,2809a33f3862498cac3f944dd392b0f4,0.071,,,
1525,2026-07-27,SZ000725,0.27899518609046936,EXP_XGBModel_Alpha158_csi300_custom_step0_s_20260727_14,2809a33f3862498cac3f944dd392b0f4,0.071,,,
1526,2026-07-27,SZ000708,0.010011850856244564,EXP_XGBModel_Alpha158_csi300_custom_step0_s_20260727_14,2809a33f3862498cac3f944dd392b0f4,0.071,,,
1527,2026-07-27,SZ000657,0.46576905250549316,EXP_XGBModel_Alpha158_csi300_custom_step0_s_20260727_14,2809a33f3862498cac3f944dd392b0f4,0.071,,,
1528,2026-07-27,SZ000651,0.028936345130205154,EXP_XGBModel_Alpha158_csi300_custom_step0_s_20260727_14,2809a33f3862498cac3f944dd392b0f4,0.071,,,
1529,2026-07-27,SZ000630,-0.06122586131095886,EXP_XGBModel_Alpha158_csi300_custom_step0_s_20260727_14,2809a33f3862498cac3f944dd392b0f4,0.071,,,
1530,2026-07-27,SZ000625,-0.02764374576508999,EXP_XGBModel_Alpha158_csi300_custom_step0_s_20260727_14,2809a33f3862498cac3f944dd392b0f4,0.071,,,
1531,2026-07-27,SZ000617,-0.08227445930242538,EXP_XGBModel_Alpha158_csi300_custom_step0_s_20260727_14,2809a33f3862498cac3f944dd392b0f4,0.071,,,
1532,2026-07-27,SZ000596,-0.06369918584823608,EXP_XGBModel_Alpha158_csi300_custom_step0_s_20260727_14,2809a33f3862498cac3f944dd392b0f4,0.071,,,
1533,2026-07-27,SZ000768,-0.06729676574468613,EXP_XGBModel_Alpha158_csi300_custom_step0_s_20260727_14,2809a33f3862498cac3f944dd392b0f4,0.071,,,
1534,2026-07-27,SZ000568,-0.03897206857800484,EXP_XGBModel_Alpha158_csi300_custom_step0_s_20260727_14,2809a33f3862498cac3f944dd392b0f4,0.071,,,
1535,2026-07-27,SZ000999,-0.011957988142967224,EXP_XGBModel_Alpha158_csi300_custom_step0_s_20260727_14,2809a33f3862498cac3f944dd392b0f4,0.071,,,
1536,2026-07-27,SZ001391,-0.036982398480176926,EXP_XGBModel_Alpha158_csi300_custom_step0_s_20260727_14,2809a33f3862498cac3f944dd392b0f4,0.071,,,
1537,2026-07-27,SZ002353,0.26612386107444763,EXP_XGBModel_Alpha158_csi300_custom_step0_s_20260727_14,2809a33f3862498cac3f944dd392b0f4,0.071,,,
1538,2026-07-27,SZ002352,-0.006678675301373005,EXP_XGBModel_Alpha158_csi300_custom_step0_s_20260727_14,2809a33f3862498cac3f944dd392b0f4,0.071,,,
1539,2026-07-27,SZ002311,-0.00937837827950716,EXP_XGBModel_Alpha158_csi300_custom_step0_s_20260727_14,2809a33f3862498cac3f944dd392b0f4,0.071,,,
1540,2026-07-27,SZ002304,-0.04334002360701561,EXP_XGBModel_Alpha158_csi300_custom_step0_s_20260727_14,2809a33f3862498cac3f944dd392b0f4,0.071,,,
1541,2026-07-27,SZ002241,-0.10829965770244598,EXP_XGBModel_Alpha158_csi300_custom_step0_s_20260727_14,2809a33f3862498cac3f944dd392b0f4,0.071,,,
1542,2026-07-27,SZ002236,0.004507819190621376,EXP_XGBModel_Alpha158_csi300_custom_step0_s_20260727_14,2809a33f3862498cac3f944dd392b0f4,0.071,,,
1543,2026-07-27,SZ002230,-0.10426433384418488,EXP_XGBModel_Alpha158_csi300_custom_step0_s_20260727_14,2809a33f3862498cac3f944dd392b0f4,0.071,,,
1544,2026-07-27,SZ002202,0.13446223735809326,EXP_XGBModel_Alpha158_csi300_custom_step0_s_20260727_14,2809a33f3862498cac3f944dd392b0f4,0.071,,,
1545,2026-07-27,SZ001280,-0.017558729276061058,EXP_XGBModel_Alpha158_csi300_custom_step0_s_20260727_14,2809a33f3862498cac3f944dd392b0f4,0.071,,,
1546,2026-07-27,SZ002179,0.10761082172393799,EXP_XGBModel_Alpha158_csi300_custom_step0_s_20260727_14,2809a33f3862498cac3f944dd392b0f4,0.071,,,
1547,2026-07-27,SZ002074,-0.08935362845659256,EXP_XGBModel_Alpha158_csi300_custom_step0_s_20260727_14,2809a33f3862498cac3f944dd392b0f4,0.071,,,
1548,2026-07-27,SZ002050,-0.028140997514128685,EXP_XGBModel_Alpha158_csi300_custom_step0_s_20260727_14,2809a33f3862498cac3f944dd392b0f4,0.071,,,
1549,2026-07-27,SZ002049,0.03181104734539986,EXP_XGBModel_Alpha158_csi300_custom_step0_s_20260727_14,2809a33f3862498cac3f944dd392b0f4,0.071,,,
1550,2026-07-27,SZ002028,-0.11802145838737488,EXP_XGBModel_Alpha158_csi300_custom_step0_s_20260727_14,2809a33f3862498cac3f944dd392b0f4,0.071,,,
1551,2026-07-27,SZ002027,-0.0352960005402565,EXP_XGBModel_Alpha158_csi300_custom_step0_s_20260727_14,2809a33f3862498cac3f944dd392b0f4,0.071,,,
1552,2026-07-27,SZ002001,-0.055771198123693466,EXP_XGBModel_Alpha158_csi300_custom_step0_s_20260727_14,2809a33f3862498cac3f944dd392b0f4,0.071,,,
1553,2026-07-27,SZ001979,0.006501706317067146,EXP_XGBModel_Alpha158_csi300_custom_step0_s_20260727_14,2809a33f3862498cac3f944dd392b0f4,0.071,,,
1554,2026-07-27,SZ001965,0.011964966543018818,EXP_XGBModel_Alpha158_csi300_custom_step0_s_20260727_14,2809a33f3862498cac3f944dd392b0f4,0.071,,,
1555,2026-07-27,SZ002142,0.006798145826905966,EXP_XGBModel_Alpha158_csi300_custom_step0_s_20260727_14,2809a33f3862498cac3f944dd392b0f4,0.071,,,
1556,2026-07-27,SZ000538,0.013140305876731873,EXP_XGBModel_Alpha158_csi300_custom_step0_s_20260727_14,2809a33f3862498cac3f944dd392b0f4,0.071,,,
1557,2026-07-27,SZ000425,-0.04405181109905243,EXP_XGBModel_Alpha158_csi300_custom_step0_s_20260727_14,2809a33f3862498cac3f944dd392b0f4,0.071,,,
1558,2026-07-27,SZ000408,-0.07508959621191025,EXP_XGBModel_Alpha158_csi300_custom_step0_s_20260727_14,2809a33f3862498cac3f944dd392b0f4,0.071,,,
1559,2026-07-27,SH688047,0.031763508915901184,EXP_XGBModel_Alpha158_csi300_custom_step0_s_20260727_14,2809a33f3862498cac3f944dd392b0f4,0.071,,,
1560,2026-07-27,SH688041,-0.14936448633670807,EXP_XGBModel_Alpha158_csi300_custom_step0_s_20260727_14,2809a33f3862498cac3f944dd392b0f4,0.071,,,
1561,2026-07-27,SH688036,-0.1023603305220604,EXP_XGBModel_Alpha158_csi300_custom_step0_s_20260727_14,2809a33f3862498cac3f944dd392b0f4,0.071,,,
1562,2026-07-27,SH688012,-0.08866524696350098,EXP_XGBModel_Alpha158_csi300_custom_step0_s_20260727_14,2809a33f3862498cac3f944dd392b0f4,0.071,,,
1563,2026-07-27,SH688009,0.021474044770002365,EXP_XGBModel_Alpha158_csi300_custom_step0_s_20260727_14,2809a33f3862498cac3f944dd392b0f4,0.071,,,
1564,2026-07-27,SH688008,-0.0008318747859448195,EXP_XGBModel_Alpha158_csi300_custom_step0_s_20260727_14,2809a33f3862498cac3f944dd392b0f4,0.071,,,
1565,2026-07-27,SH605499,-0.14358046650886536,EXP_XGBModel_Alpha158_csi300_custom_step0_s_20260727_14,2809a33f3862498cac3f944dd392b0f4,0.071,,,
1566,2026-07-27,SH605117,-0.03744718059897423,EXP_XGBModel_Alpha158_csi300_custom_step0_s_20260727_14,2809a33f3862498cac3f944dd392b0f4,0.071,,,
1567,2026-07-27,SH688072,-0.1929466426372528,EXP_XGBModel_Alpha158_csi300_custom_step0_s_20260727_14,2809a33f3862498cac3f944dd392b0f4,0.071,,,
1568,2026-07-27,SH603993,-0.17146340012550354,EXP_XGBModel_Alpha158_csi300_custom_step0_s_20260727_14,2809a33f3862498cac3f944dd392b0f4,0.071,,,
1569,2026-07-27,SH603893,-0.11101849377155304,EXP_XGBModel_Alpha158_csi300_custom_step0_s_20260727_14,2809a33f3862498cac3f944dd392b0f4,0.071,,,
1570,2026-07-27,SH603799,0.1421930491924286,EXP_XGBModel_Alpha158_csi300_custom_step0_s_20260727_14,2809a33f3862498cac3f944dd392b0f4,0.071,,,
1571,2026-07-27,SH603501,-0.062347058206796646,EXP_XGBModel_Alpha158_csi300_custom_step0_s_20260727_14,2809a33f3862498cac3f944dd392b0f4,0.071,,,
1572,2026-07-27,SH603392,-0.07052169740200043,EXP_XGBModel_Alpha158_csi300_custom_step0_s_20260727_14,2809a33f3862498cac3f944dd392b0f4,0.071,,,
1573,2026-07-27,SH603369,-0.03047529235482216,EXP_XGBModel_Alpha158_csi300_custom_step0_s_20260727_14,2809a33f3862498cac3f944dd392b0f4,0.071,,,
1574,2026-07-27,SH603296,-0.04773842170834541,EXP_XGBModel_Alpha158_csi300_custom_step0_s_20260727_14,2809a33f3862498cac3f944dd392b0f4,0.071,,,
1575,2026-07-27,SH603288,0.006526187062263489,EXP_XGBModel_Alpha158_csi300_custom_step0_s_20260727_14,2809a33f3862498cac3f944dd392b0f4,0.071,,,
1576,2026-07-27,SH603260,0.13740432262420654,EXP_XGBModel_Alpha158_csi300_custom_step0_s_20260727_14,2809a33f3862498cac3f944dd392b0f4,0.071,,,
1577,2026-07-27,SH603986,0.15229538083076477,EXP_XGBModel_Alpha158_csi300_custom_step0_s_20260727_14,2809a33f3862498cac3f944dd392b0f4,0.071,,,
1578,2026-07-27,SH688082,0.3338976204395294,EXP_XGBModel_Alpha158_csi300_custom_step0_s_20260727_14,2809a33f3862498cac3f944dd392b0f4,0.071,,,
1579,2026-07-27,SH688111,-0.11371515691280365,EXP_XGBModel_Alpha158_csi300_custom_step0_s_20260727_14,2809a33f3862498cac3f944dd392b0f4,0.071,,,
1580,2026-07-27,SH688126,0.2511807978153229,EXP_XGBModel_Alpha158_csi300_custom_step0_s_20260727_14,2809a33f3862498cac3f944dd392b0f4,0.071,,,
1581,2026-07-27,SZ000338,-0.2398090362548828,EXP_XGBModel_Alpha158_csi300_custom_step0_s_20260727_14,2809a33f3862498cac3f944dd392b0f4,0.071,,,
1582,2026-07-27,SZ000333,0.015336179174482822,EXP_XGBModel_Alpha158_csi300_custom_step0_s_20260727_14,2809a33f3862498cac3f944dd392b0f4,0.071,,,
1583,2026-07-27,SZ000301,-0.05956195294857025,EXP_XGBModel_Alpha158_csi300_custom_step0_s_20260727_14,2809a33f3862498cac3f944dd392b0f4,0.071,,,
1584,2026-07-27,SZ000166,0.04058033972978592,EXP_XGBModel_Alpha158_csi300_custom_step0_s_20260727_14,2809a33f3862498cac3f944dd392b0f4,0.071,,,
1585,2026-07-27,SZ000157,-0.003036333015188575,EXP_XGBModel_Alpha158_csi300_custom_step0_s_20260727_14,2809a33f3862498cac3f944dd392b0f4,0.071,,,
1586,2026-07-27,SZ000100,-0.1389714628458023,EXP_XGBModel_Alpha158_csi300_custom_step0_s_20260727_14,2809a33f3862498cac3f944dd392b0f4,0.071,,,
1587,2026-07-27,SZ000063,-0.11470644176006317,EXP_XGBModel_Alpha158_csi300_custom_step0_s_20260727_14,2809a33f3862498cac3f944dd392b0f4,0.071,,,
1588,2026-07-27,SZ000002,-0.024153826758265495,EXP_XGBModel_Alpha158_csi300_custom_step0_s_20260727_14,2809a33f3862498cac3f944dd392b0f4,0.071,,,
1589,2026-07-27,SZ000001,0.03064882941544056,EXP_XGBModel_Alpha158_csi300_custom_step0_s_20260727_14,2809a33f3862498cac3f944dd392b0f4,0.071,,,
1590,2026-07-27,SH688981,-0.1094629317522049,EXP_XGBModel_Alpha158_csi300_custom_step0_s_20260727_14,2809a33f3862498cac3f944dd392b0f4,0.071,,,
1591,2026-07-27,SH688521,0.2698906660079956,EXP_XGBModel_Alpha158_csi300_custom_step0_s_20260727_14,2809a33f3862498cac3f944dd392b0f4,0.071,,,
1592,2026-07-27,SH688506,0.05571052432060242,EXP_XGBModel_Alpha158_csi300_custom_step0_s_20260727_14,2809a33f3862498cac3f944dd392b0f4,0.071,,,
1593,2026-07-27,SH688472,-0.0666336640715599,EXP_XGBModel_Alpha158_csi300_custom_step0_s_20260727_14,2809a33f3862498cac3f944dd392b0f4,0.071,,,
1594,2026-07-27,SH688396,0.13123992085456848,EXP_XGBModel_Alpha158_csi300_custom_step0_s_20260727_14,2809a33f3862498cac3f944dd392b0f4,0.071,,,
1595,2026-07-27,SH688303,0.09559053182601929,EXP_XGBModel_Alpha158_csi300_custom_step0_s_20260727_14,2809a33f3862498cac3f944dd392b0f4,0.071,,,
1596,2026-07-27,SH688271,-0.010796528309583664,EXP_XGBModel_Alpha158_csi300_custom_step0_s_20260727_14,2809a33f3862498cac3f944dd392b0f4,0.071,,,
1597,2026-07-27,SH688256,-0.1087195873260498,EXP_XGBModel_Alpha158_csi300_custom_step0_s_20260727_14,2809a33f3862498cac3f944dd392b0f4,0.071,,,
1598,2026-07-27,SH688223,0.003463061060756445,EXP_XGBModel_Alpha158_csi300_custom_step0_s_20260727_14,2809a33f3862498cac3f944dd392b0f4,0.071,,,
1599,2026-07-27,SH688183,0.08245803415775299,EXP_XGBModel_Alpha158_csi300_custom_step0_s_20260727_14,2809a33f3862498cac3f944dd392b0f4,0.071,,,
1600,2026-07-27,SH603019,-0.16997092962265015,EXP_XGBModel_Alpha158_csi300_custom_step0_s_20260727_14,2809a33f3862498cac3f944dd392b0f4,0.071,,,
1601,2026-07-27,SZ002371,-0.1056445986032486,EXP_XGBModel_Alpha158_csi300_custom_step0_s_20260727_14,2809a33f3862498cac3f944dd392b0f4,0.071,,,
1602,2026-07-27,SH600803,-0.010808502323925495,EXP_XGBModel_Alpha158_csi300_custom_step0_s_20260727_14,2809a33f3862498cac3f944dd392b0f4,0.071,,,
1603,2026-07-27,SH600760,-0.03884294629096985,EXP_XGBModel_Alpha158_csi300_custom_step0_s_20260727_14,2809a33f3862498cac3f944dd392b0f4,0.071,,,
1604,2026-07-27,SZ002558,-0.060466863214969635,EXP_XGBModel_Alpha158_csi300_custom_step0_s_20260727_14,74e6bbdc51b24b8d8a8f80121b8e31e4,0.052,,,
1605,2026-07-27,SZ002532,-0.10007631033658981,EXP_XGBModel_Alpha158_csi300_custom_step0_s_20260727_14,74e6bbdc51b24b8d8a8f80121b8e31e4,0.052,,,
1606,2026-07-27,SZ002493,-0.11336496472358704,EXP_XGBModel_Alpha158_csi300_custom_step0_s_20260727_14,74e6bbdc51b24b8d8a8f80121b8e31e4,0.052,,,
1607,2026-07-27,SZ002475,-0.062457650899887085,EXP_XGBModel_Alpha158_csi300_custom_step0_s_20260727_14,74e6bbdc51b24b8d8a8f80121b8e31e4,0.052,,,
1608,2026-07-27,SZ002466,-0.020219938829541206,EXP_XGBModel_Alpha158_csi300_custom_step0_s_20260727_14,74e6bbdc51b24b8d8a8f80121b8e31e4,0.052,,,
1609,2026-07-27,SZ002463,0.0012094788253307343,EXP_XGBModel_Alpha158_csi300_custom_step0_s_20260727_14,74e6bbdc51b24b8d8a8f80121b8e31e4,0.052,,,
1610,2026-07-27,SZ002460,-0.04043208807706833,EXP_XGBModel_Alpha158_csi300_custom_step0_s_20260727_14,74e6bbdc51b24b8d8a8f80121b8e31e4,0.052,,,
1611,2026-07-27,SZ002422,-0.14077496528625488,EXP_XGBModel_Alpha158_csi300_custom_step0_s_20260727_14,74e6bbdc51b24b8d8a8f80121b8e31e4,0.052,,,
1612,2026-07-27,SZ002594,-0.025913534685969353,EXP_XGBModel_Alpha158_csi300_custom_step0_s_20260727_14,74e6bbdc51b24b8d8a8f80121b8e31e4,0.052,,,
1613,2026-07-27,SZ002415,-0.21846166253089905,EXP_XGBModel_Alpha158_csi300_custom_step0_s_20260727_14,74e6bbdc51b24b8d8a8f80121b8e31e4,0.052,,,
1614,2026-07-27,SZ002371,-0.26273342967033386,EXP_XGBModel_Alpha158_csi300_custom_step0_s_20260727_14,74e6bbdc51b24b8d8a8f80121b8e31e4,0.052,,,
1615,2026-07-27,SZ002353,0.22365333139896393,EXP_XGBModel_Alpha158_csi300_custom_step0_s_20260727_14,74e6bbdc51b24b8d8a8f80121b8e31e4,0.052,,,
1616,2026-07-27,SZ002352,0.011015930213034153,EXP_XGBModel_Alpha158_csi300_custom_step0_s_20260727_14,74e6bbdc51b24b8d8a8f80121b8e31e4,0.052,,,
1617,2026-07-27,SZ002311,0.01901443488895893,EXP_XGBModel_Alpha158_csi300_custom_step0_s_20260727_14,74e6bbdc51b24b8d8a8f80121b8e31e4,0.052,,,
1618,2026-07-27,SZ002304,0.0009831044590100646,EXP_XGBModel_Alpha158_csi300_custom_step0_s_20260727_14,74e6bbdc51b24b8d8a8f80121b8e31e4,0.052,,,
1619,2026-07-27,SZ002241,-0.11563961207866669,EXP_XGBModel_Alpha158_csi300_custom_step0_s_20260727_14,74e6bbdc51b24b8d8a8f80121b8e31e4,0.052,,,
1620,2026-07-27,SZ002236,0.01267677266150713,EXP_XGBModel_Alpha158_csi300_custom_step0_s_20260727_14,74e6bbdc51b24b8d8a8f80121b8e31e4,0.052,,,
1621,2026-07-27,SZ002230,-0.06957516074180603,EXP_XGBModel_Alpha158_csi300_custom_step0_s_20260727_14,74e6bbdc51b24b8d8a8f80121b8e31e4,0.052,,,
1622,2026-07-27,SZ002384,-0.1588994413614273,EXP_XGBModel_Alpha158_csi300_custom_step0_s_20260727_14,74e6bbdc51b24b8d8a8f80121b8e31e4,0.052,,,
1623,2026-07-27,SZ002202,0.05222473293542862,EXP_XGBModel_Alpha158_csi300_custom_step0_s_20260727_14,74e6bbdc51b24b8d8a8f80121b8e31e4,0.052,,,
1624,2026-07-27,SZ002600,0.07776482403278351,EXP_XGBModel_Alpha158_csi300_custom_step0_s_20260727_14,74e6bbdc51b24b8d8a8f80121b8e31e4,0.052,,,
1625,2026-07-27,SZ002625,-0.03614801913499832,EXP_XGBModel_Alpha158_csi300_custom_step0_s_20260727_14,74e6bbdc51b24b8d8a8f80121b8e31e4,0.052,,,
1626,2026-07-27,SZ300308,-0.11620622873306274,EXP_XGBModel_Alpha158_csi300_custom_step0_s_20260727_14,74e6bbdc51b24b8d8a8f80121b8e31e4,0.052,,,
1627,2026-07-27,SZ300274,-0.01189894787967205,EXP_XGBModel_Alpha158_csi300_custom_step0_s_20260727_14,74e6bbdc51b24b8d8a8f80121b8e31e4,0.052,,,
1628,2026-07-27,SZ300251,-0.04188535362482071,EXP_XGBModel_Alpha158_csi300_custom_step0_s_20260727_14,74e6bbdc51b24b8d8a8f80121b8e31e4,0.052,,,
1629,2026-07-27,SZ300124,-0.012944841757416725,EXP_XGBModel_Alpha158_csi300_custom_step0_s_20260727_14,74e6bbdc51b24b8d8a8f80121b8e31e4,0.052,,,
1630,2026-07-27,SZ300122,-0.06025565415620804,EXP_XGBModel_Alpha158_csi300_custom_step0_s_20260727_14,74e6bbdc51b24b8d8a8f80121b8e31e4,0.052,,,
1631,2026-07-27,SZ300059,-0.06136045232415199,EXP_XGBModel_Alpha158_csi300_custom_step0_s_20260727_14,74e6bbdc51b24b8d8a8f80121b8e31e4,0.052,,,
1632,2026-07-27,SZ300033,-0.07856497168540955,EXP_XGBModel_Alpha158_csi300_custom_step0_s_20260727_14,74e6bbdc51b24b8d8a8f80121b8e31e4,0.052,,,
1633,2026-07-27,SZ300015,-0.03496011346578598,EXP_XGBModel_Alpha158_csi300_custom_step0_s_20260727_14,74e6bbdc51b24b8d8a8f80121b8e31e4,0.052,,,
1634,2026-07-27,SZ002602,-0.060289427638053894,EXP_XGBModel_Alpha158_csi300_custom_step0_s_20260727_14,74e6bbdc51b24b8d8a8f80121b8e31e4,0.052,,,
1635,2026-07-27,SZ300014,-0.007406712044030428,EXP_XGBModel_Alpha158_csi300_custom_step0_s_20260727_14,74e6bbdc51b24b8d8a8f80121b8e31e4,0.052,,,
1636,2026-07-27,SZ002938,-0.11433558166027069,EXP_XGBModel_Alpha158_csi300_custom_step0_s_20260727_14,74e6bbdc51b24b8d8a8f80121b8e31e4,0.052,,,
1637,2026-07-27,SZ002920,-0.020856823772192,EXP_XGBModel_Alpha158_csi300_custom_step0_s_20260727_14,74e6bbdc51b24b8d8a8f80121b8e31e4,0.052,,,
1638,2026-07-27,SZ002916,0.03852831572294235,EXP_XGBModel_Alpha158_csi300_custom_step0_s_20260727_14,74e6bbdc51b24b8d8a8f80121b8e31e4,0.052,,,
1639,2026-07-27,SZ002837,-0.04772109165787697,EXP_XGBModel_Alpha158_csi300_custom_step0_s_20260727_14,74e6bbdc51b24b8d8a8f80121b8e31e4,0.052,,,
1640,2026-07-27,SZ002736,0.037044037133455276,EXP_XGBModel_Alpha158_csi300_custom_step0_s_20260727_14,74e6bbdc51b24b8d8a8f80121b8e31e4,0.052,,,
1641,2026-07-27,SZ002714,-0.025878487154841423,EXP_XGBModel_Alpha158_csi300_custom_step0_s_20260727_14,74e6bbdc51b24b8d8a8f80121b8e31e4,0.052,,,
1642,2026-07-27,SZ002709,0.23210038244724274,EXP_XGBModel_Alpha158_csi300_custom_step0_s_20260727_14,74e6bbdc51b24b8d8a8f80121b8e31e4,0.052,,,
1643,2026-07-27,SZ002648,-0.07663064450025558,EXP_XGBModel_Alpha158_csi300_custom_step0_s_20260727_14,74e6bbdc51b24b8d8a8f80121b8e31e4,0.052,,,
1644,2026-07-27,SZ003816,0.01937657780945301,EXP_XGBModel_Alpha158_csi300_custom_step0_s_20260727_14,74e6bbdc51b24b8d8a8f80121b8e31e4,0.052,,,
1645,2026-07-27,SZ002179,0.02899951860308647,EXP_XGBModel_Alpha158_csi300_custom_step0_s_20260727_14,74e6bbdc51b24b8d8a8f80121b8e31e4,0.052,,,
1646,2026-07-27,SZ002142,0.02779601328074932,EXP_XGBModel_Alpha158_csi300_custom_step0_s_20260727_14,74e6bbdc51b24b8d8a8f80121b8e31e4,0.052,,,
1647,2026-07-27,SZ002074,-0.032773543149232864,EXP_XGBModel_Alpha158_csi300_custom_step0_s_20260727_14,74e6bbdc51b24b8d8a8f80121b8e31e4,0.052,,,
1648,2026-07-27,SZ000657,0.059288203716278076,EXP_XGBModel_Alpha158_csi300_custom_step0_s_20260727_14,74e6bbdc51b24b8d8a8f80121b8e31e4,0.052,,,
1649,2026-07-27,SZ000651,0.022597536444664,EXP_XGBModel_Alpha158_csi300_custom_step0_s_20260727_14,74e6bbdc51b24b8d8a8f80121b8e31e4,0.052,,,
1650,2026-07-27,SZ000630,-0.07781458646059036,EXP_XGBModel_Alpha158_csi300_custom_step0_s_20260727_14,74e6bbdc51b24b8d8a8f80121b8e31e4,0.052,,,
1651,2026-07-27,SZ000625,-0.008722738362848759,EXP_XGBModel_Alpha158_csi300_custom_step0_s_20260727_14,74e6bbdc51b24b8d8a8f80121b8e31e4,0.052,,,
1652,2026-07-27,SZ000617,-0.04343657195568085,EXP_XGBModel_Alpha158_csi300_custom_step0_s_20260727_14,74e6bbdc51b24b8d8a8f80121b8e31e4,0.052,,,
1653,2026-07-27,SZ000596,0.004538221284747124,EXP_XGBModel_Alpha158_csi300_custom_step0_s_20260727_14,74e6bbdc51b24b8d8a8f80121b8e31e4,0.052,,,
1654,2026-07-27,SZ000568,0.014137915335595608,EXP_XGBModel_Alpha158_csi300_custom_step0_s_20260727_14,74e6bbdc51b24b8d8a8f80121b8e31e4,0.052,,,
1655,2026-07-27,SZ000538,0.008691716939210892,EXP_XGBModel_Alpha158_csi300_custom_step0_s_20260727_14,74e6bbdc51b24b8d8a8f80121b8e31e4,0.052,,,
1656,2026-07-27,SZ000708,0.009838234633207321,EXP_XGBModel_Alpha158_csi300_custom_step0_s_20260727_14,74e6bbdc51b24b8d8a8f80121b8e31e4,0.052,,,
1657,2026-07-27,SZ000425,-0.010346430353820324,EXP_XGBModel_Alpha158_csi300_custom_step0_s_20260727_14,74e6bbdc51b24b8d8a8f80121b8e31e4,0.052,,,
1658,2026-07-27,SZ000338,-0.14785797894001007,EXP_XGBModel_Alpha158_csi300_custom_step0_s_20260727_14,74e6bbdc51b24b8d8a8f80121b8e31e4,0.052,,,
1659,2026-07-27,SZ000333,0.028029894456267357,EXP_XGBModel_Alpha158_csi300_custom_step0_s_20260727_14,74e6bbdc51b24b8d8a8f80121b8e31e4,0.052,,,
1660,2026-07-27,SZ000301,-0.06224354729056358,EXP_XGBModel_Alpha158_csi300_custom_step0_s_20260727_14,74e6bbdc51b24b8d8a8f80121b8e31e4,0.052,,,
1661,2026-07-27,SZ000166,0.05343308299779892,EXP_XGBModel_Alpha158_csi300_custom_step0_s_20260727_14,74e6bbdc51b24b8d8a8f80121b8e31e4,0.052,,,
1662,2026-07-27,SZ000157,-0.014118983410298824,EXP_XGBModel_Alpha158_csi300_custom_step0_s_20260727_14,74e6bbdc51b24b8d8a8f80121b8e31e4,0.052,,,
1663,2026-07-27,SZ000100,-0.1787821501493454,EXP_XGBModel_Alpha158_csi300_custom_step0_s_20260727_14,74e6bbdc51b24b8d8a8f80121b8e31e4,0.052,,,
1664,2026-07-27,SZ000063,-0.12825323641300201,EXP_XGBModel_Alpha158_csi300_custom_step0_s_20260727_14,74e6bbdc51b24b8d8a8f80121b8e31e4,0.052,,,
1665,2026-07-27,SZ000002,-0.011094325222074986,EXP_XGBModel_Alpha158_csi300_custom_step0_s_20260727_14,74e6bbdc51b24b8d8a8f80121b8e31e4,0.052,,,
1666,2026-07-27,SZ000408,-0.01592552289366722,EXP_XGBModel_Alpha158_csi300_custom_step0_s_20260727_14,74e6bbdc51b24b8d8a8f80121b8e31e4,0.052,,,
1667,2026-07-27,SZ000725,-0.005216460675001144,EXP_XGBModel_Alpha158_csi300_custom_step0_s_20260727_14,74e6bbdc51b24b8d8a8f80121b8e31e4,0.052,,,
1668,2026-07-27,SZ000768,-0.04025416448712349,EXP_XGBModel_Alpha158_csi300_custom_step0_s_20260727_14,74e6bbdc51b24b8d8a8f80121b8e31e4,0.052,,,
1669,2026-07-27,SZ000776,-0.16640323400497437,EXP_XGBModel_Alpha158_csi300_custom_step0_s_20260727_14,74e6bbdc51b24b8d8a8f80121b8e31e4,0.052,,,
1670,2026-07-27,SZ002050,-0.02612205222249031,EXP_XGBModel_Alpha158_csi300_custom_step0_s_20260727_14,74e6bbdc51b24b8d8a8f80121b8e31e4,0.052,,,
1671,2026-07-27,SZ002049,-0.09998643398284912,EXP_XGBModel_Alpha158_csi300_custom_step0_s_20260727_14,74e6bbdc51b24b8d8a8f80121b8e31e4,0.052,,,
1672,2026-07-27,SZ002028,-0.04957079142332077,EXP_XGBModel_Alpha158_csi300_custom_step0_s_20260727_14,74e6bbdc51b24b8d8a8f80121b8e31e4,0.052,,,
1673,2026-07-27,SZ002027,-0.0045014116913080215,EXP_XGBModel_Alpha158_csi300_custom_step0_s_20260727_14,74e6bbdc51b24b8d8a8f80121b8e31e4,0.052,,,
1674,2026-07-27,SZ002001,-0.050604354590177536,EXP_XGBModel_Alpha158_csi300_custom_step0_s_20260727_14,74e6bbdc51b24b8d8a8f80121b8e31e4,0.052,,,
1675,2026-07-27,SZ001979,0.020092856138944626,EXP_XGBModel_Alpha158_csi300_custom_step0_s_20260727_14,74e6bbdc51b24b8d8a8f80121b8e31e4,0.052,,,
1676,2026-07-27,SZ001965,0.028177745640277863,EXP_XGBModel_Alpha158_csi300_custom_step0_s_20260727_14,74e6bbdc51b24b8d8a8f80121b8e31e4,0.052,,,
1677,2026-07-27,SZ001391,-0.0019415143178775907,EXP_XGBModel_Alpha158_csi300_custom_step0_s_20260727_14,74e6bbdc51b24b8d8a8f80121b8e31e4,0.052,,,
1678,2026-07-27,SZ001280,-0.030506115406751633,EXP_XGBModel_Alpha158_csi300_custom_step0_s_20260727_14,74e6bbdc51b24b8d8a8f80121b8e31e4,0.052,,,
1679,2026-07-27,SZ000999,0.010946134105324745,EXP_XGBModel_Alpha158_csi300_custom_step0_s_20260727_14,74e6bbdc51b24b8d8a8f80121b8e31e4,0.052,,,
1680,2026-07-27,SZ000988,0.11215358972549438,EXP_XGBModel_Alpha158_csi300_custom_step0_s_20260727_14,74e6bbdc51b24b8d8a8f80121b8e31e4,0.052,,,
1681,2026-07-27,SZ000977,-0.09011596441268921,EXP_XGBModel_Alpha158_csi300_custom_step0_s_20260727_14,74e6bbdc51b24b8d8a8f80121b8e31e4,0.052,,,
1682,2026-07-27,SZ000975,-0.16575372219085693,EXP_XGBModel_Alpha158_csi300_custom_step0_s_20260727_14,74e6bbdc51b24b8d8a8f80121b8e31e4,0.052,,,
1683,2026-07-27,SZ000963,-0.014901968650519848,EXP_XGBModel_Alpha158_csi300_custom_step0_s_20260727_14,74e6bbdc51b24b8d8a8f80121b8e31e4,0.052,,,
1684,2026-07-27,SZ000938,-0.5140114426612854,EXP_XGBModel_Alpha158_csi300_custom_step0_s_20260727_14,74e6bbdc51b24b8d8a8f80121b8e31e4,0.052,,,
1685,2026-07-27,SZ000895,0.005122076719999313,EXP_XGBModel_Alpha158_csi300_custom_step0_s_20260727_14,74e6bbdc51b24b8d8a8f80121b8e31e4,0.052,,,
1686,2026-07-27,SZ000858,-0.001750034629367292,EXP_XGBModel_Alpha158_csi300_custom_step0_s_20260727_14,74e6bbdc51b24b8d8a8f80121b8e31e4,0.052,,,
1687,2026-07-27,SZ000807,-0.050742536783218384,EXP_XGBModel_Alpha158_csi300_custom_step0_s_20260727_14,74e6bbdc51b24b8d8a8f80121b8e31e4,0.052,,,
1688,2026-07-27,SZ000792,-0.00670720124617219,EXP_XGBModel_Alpha158_csi300_custom_step0_s_20260727_14,74e6bbdc51b24b8d8a8f80121b8e31e4,0.052,,,
1689,2026-07-27,SZ300316,0.11682016402482986,EXP_XGBModel_Alpha158_csi300_custom_step0_s_20260727_14,74e6bbdc51b24b8d8a8f80121b8e31e4,0.052,,,
1690,2026-07-27,SH600795,0.02211153879761696,EXP_XGBModel_Alpha158_csi300_custom_step0_s_20260727_14,2809a33f3862498cac3f944dd392b0f4,0.071,,,
1691,2026-07-27,SZ300394,0.18826186656951904,EXP_XGBModel_Alpha158_csi300_custom_step0_s_20260727_14,74e6bbdc51b24b8d8a8f80121b8e31e4,0.052,,,
1692,2026-07-27,SZ300413,-0.04481983929872513,EXP_XGBModel_Alpha158_csi300_custom_step0_s_20260727_14,74e6bbdc51b24b8d8a8f80121b8e31e4,0.052,,,
1693,2026-07-27,SH600372,0.014120575040578842,EXP_XGBModel_Alpha158_csi300_custom_step0_s_20260727_14,2809a33f3862498cac3f944dd392b0f4,0.071,,,
1694,2026-07-27,SH600362,-0.1505880504846573,EXP_XGBModel_Alpha158_csi300_custom_step0_s_20260727_14,2809a33f3862498cac3f944dd392b0f4,0.071,,,
1695,2026-07-27,SH600346,-0.0339505709707737,EXP_XGBModel_Alpha158_csi300_custom_step0_s_20260727_14,2809a33f3862498cac3f944dd392b0f4,0.071,,,
1696,2026-07-27,SH600309,-0.06491760909557343,EXP_XGBModel_Alpha158_csi300_custom_step0_s_20260727_14,2809a33f3862498cac3f944dd392b0f4,0.071,,,
1697,2026-07-27,SH600276,-0.048674773424863815,EXP_XGBModel_Alpha158_csi300_custom_step0_s_20260727_14,2809a33f3862498cac3f944dd392b0f4,0.071,,,
1698,2026-07-27,SH600233,-0.06303880363702774,EXP_XGBModel_Alpha158_csi300_custom_step0_s_20260727_14,2809a33f3862498cac3f944dd392b0f4,0.071,,,
1699,2026-07-27,SH600221,0.005993738770484924,EXP_XGBModel_Alpha158_csi300_custom_step0_s_20260727_14,2809a33f3862498cac3f944dd392b0f4,0.071,,,
1700,2026-07-27,SH600219,-0.15251858532428741,EXP_XGBModel_Alpha158_csi300_custom_step0_s_20260727_14,2809a33f3862498cac3f944dd392b0f4,0.071,,,
1701,2026-07-27,SH600406,-0.030165763571858406,EXP_XGBModel_Alpha158_csi300_custom_step0_s_20260727_14,2809a33f3862498cac3f944dd392b0f4,0.071,,,
1702,2026-07-27,SH600196,-0.062325507402420044,EXP_XGBModel_Alpha158_csi300_custom_step0_s_20260727_14,2809a33f3862498cac3f944dd392b0f4,0.071,,,
1703,2026-07-27,SH600183,0.49540168046951294,EXP_XGBModel_Alpha158_csi300_custom_step0_s_20260727_14,2809a33f3862498cac3f944dd392b0f4,0.071,,,
1704,2026-07-27,SH600176,0.7505829930305481,EXP_XGBModel_Alpha158_csi300_custom_step0_s_20260727_14,2809a33f3862498cac3f944dd392b0f4,0.071,,,
1705,2026-07-27,SH600160,-0.003980891313403845,EXP_XGBModel_Alpha158_csi300_custom_step0_s_20260727_14,2809a33f3862498cac3f944dd392b0f4,0.071,,,
1706,2026-07-27,SH600150,-0.03739728406071663,EXP_XGBModel_Alpha158_csi300_custom_step0_s_20260727_14,2809a33f3862498cac3f944dd392b0f4,0.071,,,
1707,2026-07-27,SH600118,0.18773043155670166,EXP_XGBModel_Alpha158_csi300_custom_step0_s_20260727_14,2809a33f3862498cac3f944dd392b0f4,0.071,,,
1708,2026-07-27,SH600115,-0.026382243260741234,EXP_XGBModel_Alpha158_csi300_custom_step0_s_20260727_14,2809a33f3862498cac3f944dd392b0f4,0.071,,,
1709,2026-07-27,SH600111,0.13385751843452454,EXP_XGBModel_Alpha158_csi300_custom_step0_s_20260727_14,2809a33f3862498cac3f944dd392b0f4,0.071,,,
1710,2026-07-27,SH600104,-0.0120594697073102,EXP_XGBModel_Alpha158_csi300_custom_step0_s_20260727_14,2809a33f3862498cac3f944dd392b0f4,0.071,,,
1711,2026-07-27,SH600188,-0.08044634759426117,EXP_XGBModel_Alpha158_csi300_custom_step0_s_20260727_14,2809a33f3862498cac3f944dd392b0f4,0.071,,,
1712,2026-07-27,SH600089,-0.058235250413417816,EXP_XGBModel_Alpha158_csi300_custom_step0_s_20260727_14,2809a33f3862498cac3f944dd392b0f4,0.071,,,
1713,2026-07-27,SH600415,-0.048624731600284576,EXP_XGBModel_Alpha158_csi300_custom_step0_s_20260727_14,2809a33f3862498cac3f944dd392b0f4,0.071,,,
1714,2026-07-27,SH600436,-0.003404499962925911,EXP_XGBModel_Alpha158_csi300_custom_step0_s_20260727_14,2809a33f3862498cac3f944dd392b0f4,0.071,,,
1715,2026-07-27,SH600741,0.05079047754406929,EXP_XGBModel_Alpha158_csi300_custom_step0_s_20260727_14,2809a33f3862498cac3f944dd392b0f4,0.071,,,
1716,2026-07-27,SH600690,0.006985513027757406,EXP_XGBModel_Alpha158_csi300_custom_step0_s_20260727_14,2809a33f3862498cac3f944dd392b0f4,0.071,,,
1717,2026-07-27,SH600674,0.03765211999416351,EXP_XGBModel_Alpha158_csi300_custom_step0_s_20260727_14,2809a33f3862498cac3f944dd392b0f4,0.071,,,
1718,2026-07-27,SH600660,0.020960628986358643,EXP_XGBModel_Alpha158_csi300_custom_step0_s_20260727_14,2809a33f3862498cac3f944dd392b0f4,0.071,,,
1719,2026-07-27,SH600600,-0.0041172257624566555,EXP_XGBModel_Alpha158_csi300_custom_step0_s_20260727_14,2809a33f3862498cac3f944dd392b0f4,0.071,,,
1720,2026-07-27,SH600588,-0.09925024956464767,EXP_XGBModel_Alpha158_csi300_custom_step0_s_20260727_14,2809a33f3862498cac3f944dd392b0f4,0.071,,,
1721,2026-07-27,SH600585,0.0046275826171040535,EXP_XGBModel_Alpha158_csi300_custom_step0_s_20260727_14,2809a33f3862498cac3f944dd392b0f4,0.071,,,
1722,2026-07-27,SH600584,-0.18086761236190796,EXP_XGBModel_Alpha158_csi300_custom_step0_s_20260727_14,2809a33f3862498cac3f944dd392b0f4,0.071,,,
1723,2026-07-27,SH600426,-0.1193157434463501,EXP_XGBModel_Alpha158_csi300_custom_step0_s_20260727_14,2809a33f3862498cac3f944dd392b0f4,0.071,,,
1724,2026-07-27,SH600570,-0.0306883305311203,EXP_XGBModel_Alpha158_csi300_custom_step0_s_20260727_14,2809a33f3862498cac3f944dd392b0f4,0.071,,,
1725,2026-07-27,SH600547,-0.0959271565079689,EXP_XGBModel_Alpha158_csi300_custom_step0_s_20260727_14,2809a33f3862498cac3f944dd392b0f4,0.071,,,
1726,2026-07-27,SH600522,0.27884089946746826,EXP_XGBModel_Alpha158_csi300_custom_step0_s_20260727_14,2809a33f3862498cac3f944dd392b0f4,0.071,,,
1727,2026-07-27,SH600519,0.003274001181125641,EXP_XGBModel_Alpha158_csi300_custom_step0_s_20260727_14,2809a33f3862498cac3f944dd392b0f4,0.071,,,
1728,2026-07-27,SH600515,0.0018495128024369478,EXP_XGBModel_Alpha158_csi300_custom_step0_s_20260727_14,2809a33f3862498cac3f944dd392b0f4,0.071,,,
1729,2026-07-27,SH600489,-0.10713611543178558,EXP_XGBModel_Alpha158_csi300_custom_step0_s_20260727_14,2809a33f3862498cac3f944dd392b0f4,0.071,,,
1730,2026-07-27,SH600482,-0.10663124173879623,EXP_XGBModel_Alpha158_csi300_custom_step0_s_20260727_14,2809a33f3862498cac3f944dd392b0f4,0.071,,,
1731,2026-07-27,SH600460,0.2187650501728058,EXP_XGBModel_Alpha158_csi300_custom_step0_s_20260727_14,2809a33f3862498cac3f944dd392b0f4,0.071,,,
1732,2026-07-27,SH600438,-0.026933619752526283,EXP_XGBModel_Alpha158_csi300_custom_step0_s_20260727_14,2809a33f3862498cac3f944dd392b0f4,0.071,,,
1733,2026-07-27,SH600549,0.2327483743429184,EXP_XGBModel_Alpha158_csi300_custom_step0_s_20260727_14,2809a33f3862498cac3f944dd392b0f4,0.071,,,
1734,2026-07-27,SH600085,-0.02647249773144722,EXP_XGBModel_Alpha158_csi300_custom_step0_s_20260727_14,2809a33f3862498cac3f944dd392b0f4,0.071,,,
1735,2026-07-27,SH600066,-0.042250923812389374,EXP_XGBModel_Alpha158_csi300_custom_step0_s_20260727_14,2809a33f3862498cac3f944dd392b0f4,0.071,,,
1736,2026-07-27,SH600061,0.013084044679999352,EXP_XGBModel_Alpha158_csi300_custom_step0_s_20260727_14,2809a33f3862498cac3f944dd392b0f4,0.071,,,
1737,2026-07-27,SZ301236,-0.1347440481185913,EXP_XGBModel_Alpha158_csi300_custom_step0_s_20260727_14,74e6bbdc51b24b8d8a8f80121b8e31e4,0.052,,,
1738,2026-07-27,SZ301165,-1.3380398750305176,EXP_XGBModel_Alpha158_csi300_custom_step0_s_20260727_14,74e6bbdc51b24b8d8a8f80121b8e31e4,0.052,,,
1739,2026-07-27,SZ300999,-0.009106548503041267,EXP_XGBModel_Alpha158_csi300_custom_step0_s_20260727_14,74e6bbdc51b24b8d8a8f80121b8e31e4,0.052,,,
1740,2026-07-27,SZ300896,-0.03415386751294136,EXP_XGBModel_Alpha158_csi300_custom_step0_s_20260727_14,74e6bbdc51b24b8d8a8f80121b8e31e4,0.052,,,
1741,2026-07-27,SZ300866,-0.12413334846496582,EXP_XGBModel_Alpha158_csi300_custom_step0_s_20260727_14,74e6bbdc51b24b8d8a8f80121b8e31e4,0.052,,,
1742,2026-07-27,SZ300832,-0.014778180047869682,EXP_XGBModel_Alpha158_csi300_custom_step0_s_20260727_14,74e6bbdc51b24b8d8a8f80121b8e31e4,0.052,,,
1743,2026-07-27,SZ300803,-0.055583350360393524,EXP_XGBModel_Alpha158_csi300_custom_step0_s_20260727_14,74e6bbdc51b24b8d8a8f80121b8e31e4,0.052,,,
1744,2026-07-27,SZ300760,-0.0018158383900299668,EXP_XGBModel_Alpha158_csi300_custom_step0_s_20260727_14,74e6bbdc51b24b8d8a8f80121b8e31e4,0.052,,,
1745,2026-07-27,SZ301269,-0.09210486710071564,EXP_XGBModel_Alpha158_csi300_custom_step0_s_20260727_14,74e6bbdc51b24b8d8a8f80121b8e31e4,0.052,,,
1746,2026-07-27,SZ300750,0.00629358971491456,EXP_XGBModel_Alpha158_csi300_custom_step0_s_20260727_14,74e6bbdc51b24b8d8a8f80121b8e31e4,0.052,,,
1747,2026-07-27,SZ300628,-0.013238610699772835,EXP_XGBModel_Alpha158_csi300_custom_step0_s_20260727_14,74e6bbdc51b24b8d8a8f80121b8e31e4,0.052,,,
1748,2026-07-27,SZ300502,-0.12584815919399261,EXP_XGBModel_Alpha158_csi300_custom_step0_s_20260727_14,74e6bbdc51b24b8d8a8f80121b8e31e4,0.052,,,
1749,2026-07-27,SZ300498,0.0027866815216839314,EXP_XGBModel_Alpha158_csi300_custom_step0_s_20260727_14,74e6bbdc51b24b8d8a8f80121b8e31e4,0.052,,,
1750,2026-07-27,SZ300476,0.17486052215099335,EXP_XGBModel_Alpha158_csi300_custom_step0_s_20260727_14,74e6bbdc51b24b8d8a8f80121b8e31e4,0.052,,,
1751,2026-07-27,SZ300450,0.03785276040434837,EXP_XGBModel_Alpha158_csi300_custom_step0_s_20260727_14,74e6bbdc51b24b8d8a8f80121b8e31e4,0.052,,,
1752,2026-07-27,SZ300442,0.00516200065612793,EXP_XGBModel_Alpha158_csi300_custom_step0_s_20260727_14,74e6bbdc51b24b8d8a8f80121b8e31e4,0.052,,,
1753,2026-07-27,SZ300433,-0.057242125272750854,EXP_XGBModel_Alpha158_csi300_custom_step0_s_20260727_14,74e6bbdc51b24b8d8a8f80121b8e31e4,0.052,,,
1754,2026-07-27,SZ300418,-0.18612825870513916,EXP_XGBModel_Alpha158_csi300_custom_step0_s_20260727_14,74e6bbdc51b24b8d8a8f80121b8e31e4,0.052,,,
1755,2026-07-27,SZ300661,0.1366649568080902,EXP_XGBModel_Alpha158_csi300_custom_step0_s_20260727_14,74e6bbdc51b24b8d8a8f80121b8e31e4,0.052,,,
1756,2026-07-27,SZ301308,0.1786690056324005,EXP_XGBModel_Alpha158_csi300_custom_step0_s_20260727_14,74e6bbdc51b24b8d8a8f80121b8e31e4,0.052,,,
1757,2026-07-27,SZ302132,-0.0984591543674469,EXP_XGBModel_Alpha158_csi300_custom_step0_s_20260727_14,74e6bbdc51b24b8d8a8f80121b8e31e4,0.052,,,
1758,2026-07-27,SH600000,0.025235258042812347,EXP_XGBModel_Alpha158_csi300_custom_step0_s_20260727_14,2809a33f3862498cac3f944dd392b0f4,0.071,,,
1759,2026-07-27,SH600050,0.03271976858377457,EXP_XGBModel_Alpha158_csi300_custom_step0_s_20260727_14,2809a33f3862498cac3f944dd392b0f4,0.071,,,
1760,2026-07-27,SH600048,-0.019510086625814438,EXP_XGBModel_Alpha158_csi300_custom_step0_s_20260727_14,2809a33f3862498cac3f944dd392b0f4,0.071,,,
1761,2026-07-27,SH600039,0.0281244944781065,EXP_XGBModel_Alpha158_csi300_custom_step0_s_20260727_14,2809a33f3862498cac3f944dd392b0f4,0.071,,,
1762,2026-07-27,SH600036,0.026084892451763153,EXP_XGBModel_Alpha158_csi300_custom_step0_s_20260727_14,2809a33f3862498cac3f944dd392b0f4,0.071,,,
1763,2026-07-27,SH600031,0.029973765835165977,EXP_XGBModel_Alpha158_csi300_custom_step0_s_20260727_14,2809a33f3862498cac3f944dd392b0f4,0.071,,,
1764,2026-07-27,SH600030,-0.014879445545375347,EXP_XGBModel_Alpha158_csi300_custom_step0_s_20260727_14,2809a33f3862498cac3f944dd392b0f4,0.071,,,
1765,2026-07-27,SH600029,-0.018881138414144516,EXP_XGBModel_Alpha158_csi300_custom_step0_s_20260727_14,2809a33f3862498cac3f944dd392b0f4,0.071,,,
1766,2026-07-27,SH600028,0.01047723088413477,EXP_XGBModel_Alpha158_csi300_custom_step0_s_20260727_14,2809a33f3862498cac3f944dd392b0f4,0.071,,,
1767,2026-07-27,SH600027,0.003842107718810439,EXP_XGBModel_Alpha158_csi300_custom_step0_s_20260727_14,2809a33f3862498cac3f944dd392b0f4,0.071,,,
1768,2026-07-27,SH600026,-0.004814913496375084,EXP_XGBModel_Alpha158_csi300_custom_step0_s_20260727_14,2809a33f3862498cac3f944dd392b0f4,0.071,,,
1769,2026-07-27,SH600025,0.040652476251125336,EXP_XGBModel_Alpha158_csi300_custom_step0_s_20260727_14,2809a33f3862498cac3f944dd392b0f4,0.071,,,
1770,2026-07-27,SH600023,-0.004821213893592358,EXP_XGBModel_Alpha158_csi300_custom_step0_s_20260727_14,2809a33f3862498cac3f944dd392b0f4,0.071,,,
1771,2026-07-27,SH600019,0.0075998976826667786,EXP_XGBModel_Alpha158_csi300_custom_step0_s_20260727_14,2809a33f3862498cac3f944dd392b0f4,0.071,,,
1772,2026-07-27,SH600018,0.05045608431100845,EXP_XGBModel_Alpha158_csi300_custom_step0_s_20260727_14,2809a33f3862498cac3f944dd392b0f4,0.071,,,
1773,2026-07-27,SH600016,0.0553598627448082,EXP_XGBModel_Alpha158_csi300_custom_step0_s_20260727_14,2809a33f3862498cac3f944dd392b0f4,0.071,,,
1774,2026-07-27,SH600015,0.04064785689115524,EXP_XGBModel_Alpha158_csi300_custom_step0_s_20260727_14,2809a33f3862498cac3f944dd392b0f4,0.071,,,
1775,2026-07-27,SH600011,-0.018454330042004585,EXP_XGBModel_Alpha158_csi300_custom_step0_s_20260727_14,2809a33f3862498cac3f944dd392b0f4,0.071,,,
1776,2026-07-27,SH600010,-0.04957108572125435,EXP_XGBModel_Alpha158_csi300_custom_step0_s_20260727_14,2809a33f3862498cac3f944dd392b0f4,0.071,,,
1777,2026-07-27,SH600009,0.007076698821038008,EXP_XGBModel_Alpha158_csi300_custom_step0_s_20260727_14,2809a33f3862498cac3f944dd392b0f4,0.071,,,
1778,2026-07-27,SZ300408,0.02054155245423317,EXP_XGBModel_Alpha158_csi300_custom_step0_s_20260727_14,74e6bbdc51b24b8d8a8f80121b8e31e4,0.052,,,
1779,2026-07-27,SZ000001,0.03783586993813515,EXP_XGBModel_Alpha158_csi300_custom_step0_s_20260727_14,74e6bbdc51b24b8d8a8f80121b8e31e4,0.052,,,
1780,2026-07-27,SZ002384,0.5259050726890564,EXP_XGBModel_Alpha158_csi300_custom_step0_s_20260727_14,2809a33f3862498cac3f944dd392b0f4,0.071,,,
1781,2026-07-27,SZ002422,-0.09764648228883743,EXP_XGBModel_Alpha158_csi300_custom_step0_s_20260727_14,2809a33f3862498cac3f944dd392b0f4,0.071,,,
1782,2026-07-27,SH688506,0.14525805413722992,EXP_XGBModel_Alpha158_csi300_custom_step0_s_20260727_14,7e3f17c37ff346eabb3256edd3dbc50f,0.03,,,
1783,2026-07-27,SH688472,0.4854988753795624,EXP_XGBModel_Alpha158_csi300_custom_step0_s_20260727_14,7e3f17c37ff346eabb3256edd3dbc50f,0.03,,,
1784,2026-07-27,SH688396,0.3104008436203003,EXP_XGBModel_Alpha158_csi300_custom_step0_s_20260727_14,7e3f17c37ff346eabb3256edd3dbc50f,0.03,,,
1785,2026-07-27,SH688303,0.046581387519836426,EXP_XGBModel_Alpha158_csi300_custom_step0_s_20260727_14,7e3f17c37ff346eabb3256edd3dbc50f,0.03,,,
1786,2026-07-27,SH688271,-0.00045473274076357484,EXP_XGBModel_Alpha158_csi300_custom_step0_s_20260727_14,7e3f17c37ff346eabb3256edd3dbc50f,0.03,,,
1787,2026-07-27,SH688256,0.11209773272275925,EXP_XGBModel_Alpha158_csi300_custom_step0_s_20260727_14,7e3f17c37ff346eabb3256edd3dbc50f,0.03,,,
1788,2026-07-27,SH688223,0.7830413579940796,EXP_XGBModel_Alpha158_csi300_custom_step0_s_20260727_14,7e3f17c37ff346eabb3256edd3dbc50f,0.03,,,
1789,2026-07-27,SH688183,0.1606701761484146,EXP_XGBModel_Alpha158_csi300_custom_step0_s_20260727_14,7e3f17c37ff346eabb3256edd3dbc50f,0.03,,,
1790,2026-07-27,SH688521,0.2610645890235901,EXP_XGBModel_Alpha158_csi300_custom_step0_s_20260727_14,7e3f17c37ff346eabb3256edd3dbc50f,0.03,,,
1791,2026-07-27,SH688126,0.14092397689819336,EXP_XGBModel_Alpha158_csi300_custom_step0_s_20260727_14,7e3f17c37ff346eabb3256edd3dbc50f,0.03,,,
1792,2026-07-27,SH688082,0.5342437028884888,EXP_XGBModel_Alpha158_csi300_custom_step0_s_20260727_14,7e3f17c37ff346eabb3256edd3dbc50f,0.03,,,
1793,2026-07-27,SH688072,-0.2147248238325119,EXP_XGBModel_Alpha158_csi300_custom_step0_s_20260727_14,7e3f17c37ff346eabb3256edd3dbc50f,0.03,,,
1794,2026-07-27,SH688047,0.5476638078689575,EXP_XGBModel_Alpha158_csi300_custom_step0_s_20260727_14,7e3f17c37ff346eabb3256edd3dbc50f,0.03,,,
1795,2026-07-27,SH688041,-0.032675452530384064,EXP_XGBModel_Alpha158_csi300_custom_step0_s_20260727_14,7e3f17c37ff346eabb3256edd3dbc50f,0.03,,,
1796,2026-07-27,SH688036,-0.04827340319752693,EXP_XGBModel_Alpha158_csi300_custom_step0_s_20260727_14,7e3f17c37ff346eabb3256edd3dbc50f,0.03,,,
1797,2026-07-27,SH688012,-0.055006179958581924,EXP_XGBModel_Alpha158_csi300_custom_step0_s_20260727_14,7e3f17c37ff346eabb3256edd3dbc50f,0.03,,,
1798,2026-07-27,SH688009,0.009457220323383808,EXP_XGBModel_Alpha158_csi300_custom_step0_s_20260727_14,7e3f17c37ff346eabb3256edd3dbc50f,0.03,,,
1799,2026-07-27,SH688008,-0.4294653832912445,EXP_XGBModel_Alpha158_csi300_custom_step0_s_20260727_14,7e3f17c37ff346eabb3256edd3dbc50f,0.03,,,
1800,2026-07-27,SH688111,-0.07033970952033997,EXP_XGBModel_Alpha158_csi300_custom_step0_s_20260727_14,7e3f17c37ff346eabb3256edd3dbc50f,0.03,,,
1801,2026-07-27,SH605499,-0.08333995938301086,EXP_XGBModel_Alpha158_csi300_custom_step0_s_20260727_14,7e3f17c37ff346eabb3256edd3dbc50f,0.03,,,
1802,2026-07-27,SH688981,-0.008962222374975681,EXP_XGBModel_Alpha158_csi300_custom_step0_s_20260727_14,7e3f17c37ff346eabb3256edd3dbc50f,0.03,,,
1803,2026-07-27,SZ000002,-0.01546922605484724,EXP_XGBModel_Alpha158_csi300_custom_step0_s_20260727_14,7e3f17c37ff346eabb3256edd3dbc50f,0.03,,,
1804,2026-07-27,SZ000708,0.00431744335219264,EXP_XGBModel_Alpha158_csi300_custom_step0_s_20260727_14,7e3f17c37ff346eabb3256edd3dbc50f,0.03,,,
1805,2026-07-27,SZ000657,0.34962669014930725,EXP_XGBModel_Alpha158_csi300_custom_step0_s_20260727_14,7e3f17c37ff346eabb3256edd3dbc50f,0.03,,,
1806,2026-07-27,SZ000651,0.01600481942296028,EXP_XGBModel_Alpha158_csi300_custom_step0_s_20260727_14,7e3f17c37ff346eabb3256edd3dbc50f,0.03,,,
1807,2026-07-27,SZ000630,0.09002721309661865,EXP_XGBModel_Alpha158_csi300_custom_step0_s_20260727_14,7e3f17c37ff346eabb3256edd3dbc50f,0.03,,,
1808,2026-07-27,SZ000625,-0.01816631481051445,EXP_XGBModel_Alpha158_csi300_custom_step0_s_20260727_14,7e3f17c37ff346eabb3256edd3dbc50f,0.03,,,
1809,2026-07-27,SZ000617,-0.03849531710147858,EXP_XGBModel_Alpha158_csi300_custom_step0_s_20260727_14,7e3f17c37ff346eabb3256edd3dbc50f,0.03,,,
1810,2026-07-27,SZ000596,-0.020341262221336365,EXP_XGBModel_Alpha158_csi300_custom_step0_s_20260727_14,7e3f17c37ff346eabb3256edd3dbc50f,0.03,,,
1811,2026-07-27,SZ000568,-0.01621115952730179,EXP_XGBModel_Alpha158_csi300_custom_step0_s_20260727_14,7e3f17c37ff346eabb3256edd3dbc50f,0.03,,,
1812,2026-07-27,SZ000001,0.020750408992171288,EXP_XGBModel_Alpha158_csi300_custom_step0_s_20260727_14,7e3f17c37ff346eabb3256edd3dbc50f,0.03,,,
1813,2026-07-27,SZ000538,0.006719888187944889,EXP_XGBModel_Alpha158_csi300_custom_step0_s_20260727_14,7e3f17c37ff346eabb3256edd3dbc50f,0.03,,,
1814,2026-07-27,SZ000408,0.007109456229954958,EXP_XGBModel_Alpha158_csi300_custom_step0_s_20260727_14,7e3f17c37ff346eabb3256edd3dbc50f,0.03,,,
1815,2026-07-27,SZ000338,-0.019844379276037216,EXP_XGBModel_Alpha158_csi300_custom_step0_s_20260727_14,7e3f17c37ff346eabb3256edd3dbc50f,0.03,,,
1816,2026-07-27,SZ000333,0.01975063607096672,EXP_XGBModel_Alpha158_csi300_custom_step0_s_20260727_14,7e3f17c37ff346eabb3256edd3dbc50f,0.03,,,
1817,2026-07-27,SZ000301,-0.0027591155376285315,EXP_XGBModel_Alpha158_csi300_custom_step0_s_20260727_14,7e3f17c37ff346eabb3256edd3dbc50f,0.03,,,
1818,2026-07-27,SZ000166,0.008335871621966362,EXP_XGBModel_Alpha158_csi300_custom_step0_s_20260727_14,7e3f17c37ff346eabb3256edd3dbc50f,0.03,,,
1819,2026-07-27,SZ000157,0.002292169025167823,EXP_XGBModel_Alpha158_csi300_custom_step0_s_20260727_14,7e3f17c37ff346eabb3256edd3dbc50f,0.03,,,
1820,2026-07-27,SZ000100,-0.08405877649784088,EXP_XGBModel_Alpha158_csi300_custom_step0_s_20260727_14,7e3f17c37ff346eabb3256edd3dbc50f,0.03,,,
1821,2026-07-27,SZ000063,-0.0536358468234539,EXP_XGBModel_Alpha158_csi300_custom_step0_s_20260727_14,7e3f17c37ff346eabb3256edd3dbc50f,0.03,,,
1822,2026-07-27,SZ000425,0.025951918214559555,EXP_XGBModel_Alpha158_csi300_custom_step0_s_20260727_14,7e3f17c37ff346eabb3256edd3dbc50f,0.03,,,
1823,2026-07-27,SH605117,0.09877663105726242,EXP_XGBModel_Alpha158_csi300_custom_step0_s_20260727_14,7e3f17c37ff346eabb3256edd3dbc50f,0.03,,,
1824,2026-07-27,SH603993,-0.09031328558921814,EXP_XGBModel_Alpha158_csi300_custom_step0_s_20260727_14,7e3f17c37ff346eabb3256edd3dbc50f,0.03,,,
1825,2026-07-27,SH603986,0.6859666705131531,EXP_XGBModel_Alpha158_csi300_custom_step0_s_20260727_14,7e3f17c37ff346eabb3256edd3dbc50f,0.03,,,
1826,2026-07-27,SH601877,-0.010939966887235641,EXP_XGBModel_Alpha158_csi300_custom_step0_s_20260727_14,7e3f17c37ff346eabb3256edd3dbc50f,0.03,,,
1827,2026-07-27,SH601872,0.12342286854982376,EXP_XGBModel_Alpha158_csi300_custom_step0_s_20260727_14,7e3f17c37ff346eabb3256edd3dbc50f,0.03,,,
1828,2026-07-27,SH601868,-0.0009578187600709498,EXP_XGBModel_Alpha158_csi300_custom_step0_s_20260727_14,7e3f17c37ff346eabb3256edd3dbc50f,0.03,,,
1829,2026-07-27,SH601857,-0.06171002984046936,EXP_XGBModel_Alpha158_csi300_custom_step0_s_20260727_14,7e3f17c37ff346eabb3256edd3dbc50f,0.03,,,
1830,2026-07-27,SH601838,0.005408269818872213,EXP_XGBModel_Alpha158_csi300_custom_step0_s_20260727_14,7e3f17c37ff346eabb3256edd3dbc50f,0.03,,,
1831,2026-07-27,SH601825,-0.019191298633813858,EXP_XGBModel_Alpha158_csi300_custom_step0_s_20260727_14,7e3f17c37ff346eabb3256edd3dbc50f,0.03,,,
1832,2026-07-27,SH601818,0.023449204862117767,EXP_XGBModel_Alpha158_csi300_custom_step0_s_20260727_14,7e3f17c37ff346eabb3256edd3dbc50f,0.03,,,
1833,2026-07-27,SH601816,0.026351789012551308,EXP_XGBModel_Alpha158_csi300_custom_step0_s_20260727_14,7e3f17c37ff346eabb3256edd3dbc50f,0.03,,,
1834,2026-07-27,SH601878,-0.006226355209946632,EXP_XGBModel_Alpha158_csi300_custom_step0_s_20260727_14,7e3f17c37ff346eabb3256edd3dbc50f,0.03,,,
1835,2026-07-27,SH601800,-0.0018825732404366136,EXP_XGBModel_Alpha158_csi300_custom_step0_s_20260727_14,7e3f17c37ff346eabb3256edd3dbc50f,0.03,,,
1836,2026-07-27,SH601766,0.0019873357377946377,EXP_XGBModel_Alpha158_csi300_custom_step0_s_20260727_14,7e3f17c37ff346eabb3256edd3dbc50f,0.03,,,
1837,2026-07-27,SH601728,0.03369581699371338,EXP_XGBModel_Alpha158_csi300_custom_step0_s_20260727_14,7e3f17c37ff346eabb3256edd3dbc50f,0.03,,,
1838,2026-07-27,SH601727,0.014198385179042816,EXP_XGBModel_Alpha158_csi300_custom_step0_s_20260727_14,7e3f17c37ff346eabb3256edd3dbc50f,0.03,,,
1839,2026-07-27,SH601698,0.20338097214698792,EXP_XGBModel_Alpha158_csi300_custom_step0_s_20260727_14,7e3f17c37ff346eabb3256edd3dbc50f,0.03,,,
1840,2026-07-27,SH601689,0.360843688249588,EXP_XGBModel_Alpha158_csi300_custom_step0_s_20260727_14,7e3f17c37ff346eabb3256edd3dbc50f,0.03,,,
1841,2026-07-27,SH601688,-0.005292911548167467,EXP_XGBModel_Alpha158_csi300_custom_step0_s_20260727_14,7e3f17c37ff346eabb3256edd3dbc50f,0.03,,,
1842,2026-07-27,SH601669,0.005754851270467043,EXP_XGBModel_Alpha158_csi300_custom_step0_s_20260727_14,7e3f17c37ff346eabb3256edd3dbc50f,0.03,,,
1843,2026-07-27,SH601668,-4.639786493498832e-05,EXP_XGBModel_Alpha158_csi300_custom_step0_s_20260727_14,7e3f17c37ff346eabb3256edd3dbc50f,0.03,,,
1844,2026-07-27,SH601788,-0.001189506845548749,EXP_XGBModel_Alpha158_csi300_custom_step0_s_20260727_14,7e3f17c37ff346eabb3256edd3dbc50f,0.03,,,
1845,2026-07-27,SH601881,-0.0051829032599925995,EXP_XGBModel_Alpha158_csi300_custom_step0_s_20260727_14,7e3f17c37ff346eabb3256edd3dbc50f,0.03,,,
1846,2026-07-27,SH601888,-0.010805205442011356,EXP_XGBModel_Alpha158_csi300_custom_step0_s_20260727_14,7e3f17c37ff346eabb3256edd3dbc50f,0.03,,,
1847,2026-07-27,SH601898,-0.08841986209154129,EXP_XGBModel_Alpha158_csi300_custom_step0_s_20260727_14,7e3f17c37ff346eabb3256edd3dbc50f,0.03,,,
1848,2026-07-27,SH603893,-0.15595486760139465,EXP_XGBModel_Alpha158_csi300_custom_step0_s_20260727_14,7e3f17c37ff346eabb3256edd3dbc50f,0.03,,,
1849,2026-07-27,SH603799,0.4960577189922333,EXP_XGBModel_Alpha158_csi300_custom_step0_s_20260727_14,7e3f17c37ff346eabb3256edd3dbc50f,0.03,,,
1850,2026-07-27,SH603501,-0.12096695601940155,EXP_XGBModel_Alpha158_csi300_custom_step0_s_20260727_14,7e3f17c37ff346eabb3256edd3dbc50f,0.03,,,
1851,2026-07-27,SH603392,0.24975451827049255,EXP_XGBModel_Alpha158_csi300_custom_step0_s_20260727_14,7e3f17c37ff346eabb3256edd3dbc50f,0.03,,,
1852,2026-07-27,SH603369,-0.005861692596226931,EXP_XGBModel_Alpha158_csi300_custom_step0_s_20260727_14,7e3f17c37ff346eabb3256edd3dbc50f,0.03,,,
1853,2026-07-27,SH603296,-0.0713205486536026,EXP_XGBModel_Alpha158_csi300_custom_step0_s_20260727_14,7e3f17c37ff346eabb3256edd3dbc50f,0.03,,,
1854,2026-07-27,SH603288,-0.0008652827818877995,EXP_XGBModel_Alpha158_csi300_custom_step0_s_20260727_14,7e3f17c37ff346eabb3256edd3dbc50f,0.03,,,
1855,2026-07-27,SH603260,0.37436679005622864,EXP_XGBModel_Alpha158_csi300_custom_step0_s_20260727_14,7e3f17c37ff346eabb3256edd3dbc50f,0.03,,,
1856,2026-07-27,SH603259,-0.05357537418603897,EXP_XGBModel_Alpha158_csi300_custom_step0_s_20260727_14,7e3f17c37ff346eabb3256edd3dbc50f,0.03,,,
1857,2026-07-27,SH603019,-0.15779174864292145,EXP_XGBModel_Alpha158_csi300_custom_step0_s_20260727_14,7e3f17c37ff346eabb3256edd3dbc50f,0.03,,,
1858,2026-07-27,SH601998,-0.010879043489694595,EXP_XGBModel_Alpha158_csi300_custom_step0_s_20260727_14,7e3f17c37ff346eabb3256edd3dbc50f,0.03,,,
1859,2026-07-27,SH601995,-0.021312003955245018,EXP_XGBModel_Alpha158_csi300_custom_step0_s_20260727_14,7e3f17c37ff346eabb3256edd3dbc50f,0.03,,,
1860,2026-07-27,SH601988,0.0156562477350235,EXP_XGBModel_Alpha158_csi300_custom_step0_s_20260727_14,7e3f17c37ff346eabb3256edd3dbc50f,0.03,,,
1861,2026-07-27,SH601985,0.00424448074772954,EXP_XGBModel_Alpha158_csi300_custom_step0_s_20260727_14,7e3f17c37ff346eabb3256edd3dbc50f,0.03,,,
1862,2026-07-27,SH601939,0.021984586492180824,EXP_XGBModel_Alpha158_csi300_custom_step0_s_20260727_14,7e3f17c37ff346eabb3256edd3dbc50f,0.03,,,
1863,2026-07-27,SH601919,0.006563895381987095,EXP_XGBModel_Alpha158_csi300_custom_step0_s_20260727_14,7e3f17c37ff346eabb3256edd3dbc50f,0.03,,,
1864,2026-07-27,SH601916,0.0018433666555210948,EXP_XGBModel_Alpha158_csi300_custom_step0_s_20260727_14,7e3f17c37ff346eabb3256edd3dbc50f,0.03,,,
1865,2026-07-27,SH601901,-0.00857448298484087,EXP_XGBModel_Alpha158_csi300_custom_step0_s_20260727_14,7e3f17c37ff346eabb3256edd3dbc50f,0.03,,,
1866,2026-07-27,SH601899,-0.10054513812065125,EXP_XGBModel_Alpha158_csi300_custom_step0_s_20260727_14,7e3f17c37ff346eabb3256edd3dbc50f,0.03,,,
1867,2026-07-27,SZ000725,0.22568199038505554,EXP_XGBModel_Alpha158_csi300_custom_step0_s_20260727_14,7e3f17c37ff346eabb3256edd3dbc50f,0.03,,,
1868,2026-07-27,SH601658,0.02102978155016899,EXP_XGBModel_Alpha158_csi300_custom_step0_s_20260727_14,7e3f17c37ff346eabb3256edd3dbc50f,0.03,,,
1869,2026-07-27,SZ000768,-0.04331882670521736,EXP_XGBModel_Alpha158_csi300_custom_step0_s_20260727_14,7e3f17c37ff346eabb3256edd3dbc50f,0.03,,,
1870,2026-07-27,SZ000792,0.08107493817806244,EXP_XGBModel_Alpha158_csi300_custom_step0_s_20260727_14,7e3f17c37ff346eabb3256edd3dbc50f,0.03,,,
1871,2026-07-27,SZ300316,0.1654224395751953,EXP_XGBModel_Alpha158_csi300_custom_step0_s_20260727_14,7e3f17c37ff346eabb3256edd3dbc50f,0.03,,,
1872,2026-07-27,SZ300308,0.02346862480044365,EXP_XGBModel_Alpha158_csi300_custom_step0_s_20260727_14,7e3f17c37ff346eabb3256edd3dbc50f,0.03,,,
1873,2026-07-27,SZ300274,0.036706287413835526,EXP_XGBModel_Alpha158_csi300_custom_step0_s_20260727_14,7e3f17c37ff346eabb3256edd3dbc50f,0.03,,,
1874,2026-07-27,SZ300251,-0.016365710645914078,EXP_XGBModel_Alpha158_csi300_custom_step0_s_20260727_14,7e3f17c37ff346eabb3256edd3dbc50f,0.03,,,
1875,2026-07-27,SZ300124,0.013471722602844238,EXP_XGBModel_Alpha158_csi300_custom_step0_s_20260727_14,7e3f17c37ff346eabb3256edd3dbc50f,0.03,,,
1876,2026-07-27,SZ300122,-0.03214346617460251,EXP_XGBModel_Alpha158_csi300_custom_step0_s_20260727_14,7e3f17c37ff346eabb3256edd3dbc50f,0.03,,,
1877,2026-07-27,SZ300059,-0.011110973544418812,EXP_XGBModel_Alpha158_csi300_custom_step0_s_20260727_14,7e3f17c37ff346eabb3256edd3dbc50f,0.03,,,
1878,2026-07-27,SZ300033,-0.017726343125104904,EXP_XGBModel_Alpha158_csi300_custom_step0_s_20260727_14,7e3f17c37ff346eabb3256edd3dbc50f,0.03,,,
1879,2026-07-27,SZ300394,0.6971345543861389,EXP_XGBModel_Alpha158_csi300_custom_step0_s_20260727_14,7e3f17c37ff346eabb3256edd3dbc50f,0.03,,,
1880,2026-07-27,SZ300015,-0.026581937447190285,EXP_XGBModel_Alpha158_csi300_custom_step0_s_20260727_14,7e3f17c37ff346eabb3256edd3dbc50f,0.03,,,
1881,2026-07-27,SZ003816,0.01161072589457035,EXP_XGBModel_Alpha158_csi300_custom_step0_s_20260727_14,7e3f17c37ff346eabb3256edd3dbc50f,0.03,,,
1882,2026-07-27,SZ002938,-0.08486086875200272,EXP_XGBModel_Alpha158_csi300_custom_step0_s_20260727_14,7e3f17c37ff346eabb3256edd3dbc50f,0.03,,,
1883,2026-07-27,SZ002920,-0.035903241485357285,EXP_XGBModel_Alpha158_csi300_custom_step0_s_20260727_14,7e3f17c37ff346eabb3256edd3dbc50f,0.03,,,
1884,2026-07-27,SZ002916,-0.030710775405168533,EXP_XGBModel_Alpha158_csi300_custom_step0_s_20260727_14,7e3f17c37ff346eabb3256edd3dbc50f,0.03,,,
1885,2026-07-27,SZ002837,-0.061008233577013016,EXP_XGBModel_Alpha158_csi300_custom_step0_s_20260727_14,7e3f17c37ff346eabb3256edd3dbc50f,0.03,,,
1886,2026-07-27,SZ002736,-0.00012212697765789926,EXP_XGBModel_Alpha158_csi300_custom_step0_s_20260727_14,7e3f17c37ff346eabb3256edd3dbc50f,0.03,,,
1887,2026-07-27,SZ002714,-0.01286518294364214,EXP_XGBModel_Alpha158_csi300_custom_step0_s_20260727_14,7e3f17c37ff346eabb3256edd3dbc50f,0.03,,,
1888,2026-07-27,SZ002709,0.20051385462284088,EXP_XGBModel_Alpha158_csi300_custom_step0_s_20260727_14,7e3f17c37ff346eabb3256edd3dbc50f,0.03,,,
1889,2026-07-27,SZ300014,0.05801677331328392,EXP_XGBModel_Alpha158_csi300_custom_step0_s_20260727_14,7e3f17c37ff346eabb3256edd3dbc50f,0.03,,,
1890,2026-07-27,SZ002648,-0.0402350090444088,EXP_XGBModel_Alpha158_csi300_custom_step0_s_20260727_14,7e3f17c37ff346eabb3256edd3dbc50f,0.03,,,
1891,2026-07-27,SZ300408,0.23868922889232635,EXP_XGBModel_Alpha158_csi300_custom_step0_s_20260727_14,7e3f17c37ff346eabb3256edd3dbc50f,0.03,,,
1892,2026-07-27,SZ300418,0.2876586616039276,EXP_XGBModel_Alpha158_csi300_custom_step0_s_20260727_14,7e3f17c37ff346eabb3256edd3dbc50f,0.03,,,
1893,2026-07-27,SZ301269,0.26161396503448486,EXP_XGBModel_Alpha158_csi300_custom_step0_s_20260727_14,7e3f17c37ff346eabb3256edd3dbc50f,0.03,,,
1894,2026-07-27,SZ301236,0.01775125041604042,EXP_XGBModel_Alpha158_csi300_custom_step0_s_20260727_14,7e3f17c37ff346eabb3256edd3dbc50f,0.03,,,
1895,2026-07-27,SZ301165,-1.2113465070724487,EXP_XGBModel_Alpha158_csi300_custom_step0_s_20260727_14,7e3f17c37ff346eabb3256edd3dbc50f,0.03,,,
1896,2026-07-27,SZ300999,-0.0003715672646649182,EXP_XGBModel_Alpha158_csi300_custom_step0_s_20260727_14,7e3f17c37ff346eabb3256edd3dbc50f,0.03,,,
1897,2026-07-27,SZ300896,0.11965234577655792,EXP_XGBModel_Alpha158_csi300_custom_step0_s_20260727_14,7e3f17c37ff346eabb3256edd3dbc50f,0.03,,,
1898,2026-07-27,SZ300866,-0.02518082968890667,EXP_XGBModel_Alpha158_csi300_custom_step0_s_20260727_14,7e3f17c37ff346eabb3256edd3dbc50f,0.03,,,
1899,2026-07-27,SZ300832,0.0372292697429657,EXP_XGBModel_Alpha158_csi300_custom_step0_s_20260727_14,7e3f17c37ff346eabb3256edd3dbc50f,0.03,,,
1900,2026-07-27,SZ300803,0.16327731311321259,EXP_XGBModel_Alpha158_csi300_custom_step0_s_20260727_14,7e3f17c37ff346eabb3256edd3dbc50f,0.03,,,
1901,2026-07-27,SZ300413,-0.032443102449178696,EXP_XGBModel_Alpha158_csi300_custom_step0_s_20260727_14,7e3f17c37ff346eabb3256edd3dbc50f,0.03,,,
1902,2026-07-27,SZ300760,-0.014122536405920982,EXP_XGBModel_Alpha158_csi300_custom_step0_s_20260727_14,7e3f17c37ff346eabb3256edd3dbc50f,0.03,,,
1903,2026-07-27,SZ300661,0.14208807051181793,EXP_XGBModel_Alpha158_csi300_custom_step0_s_20260727_14,7e3f17c37ff346eabb3256edd3dbc50f,0.03,,,
1904,2026-07-27,SZ300628,0.000876950507517904,EXP_XGBModel_Alpha158_csi300_custom_step0_s_20260727_14,7e3f17c37ff346eabb3256edd3dbc50f,0.03,,,
1905,2026-07-27,SZ300502,-0.014771539717912674,EXP_XGBModel_Alpha158_csi300_custom_step0_s_20260727_14,7e3f17c37ff346eabb3256edd3dbc50f,0.03,,,
1906,2026-07-27,SZ300498,-0.014216028153896332,EXP_XGBModel_Alpha158_csi300_custom_step0_s_20260727_14,7e3f17c37ff346eabb3256edd3dbc50f,0.03,,,
1907,2026-07-27,SZ300476,0.1811181902885437,EXP_XGBModel_Alpha158_csi300_custom_step0_s_20260727_14,7e3f17c37ff346eabb3256edd3dbc50f,0.03,,,
1908,2026-07-27,SZ300450,0.14471785724163055,EXP_XGBModel_Alpha158_csi300_custom_step0_s_20260727_14,7e3f17c37ff346eabb3256edd3dbc50f,0.03,,,
1909,2026-07-27,SZ300442,0.6627211570739746,EXP_XGBModel_Alpha158_csi300_custom_step0_s_20260727_14,7e3f17c37ff346eabb3256edd3dbc50f,0.03,,,
1910,2026-07-27,SZ300433,0.5831505060195923,EXP_XGBModel_Alpha158_csi300_custom_step0_s_20260727_14,7e3f17c37ff346eabb3256edd3dbc50f,0.03,,,
1911,2026-07-27,SZ300750,-0.034398067742586136,EXP_XGBModel_Alpha158_csi300_custom_step0_s_20260727_14,7e3f17c37ff346eabb3256edd3dbc50f,0.03,,,
1912,2026-07-27,SZ002625,-0.12437093257904053,EXP_XGBModel_Alpha158_csi300_custom_step0_s_20260727_14,7e3f17c37ff346eabb3256edd3dbc50f,0.03,,,
1913,2026-07-27,SZ002602,0.08374691754579544,EXP_XGBModel_Alpha158_csi300_custom_step0_s_20260727_14,7e3f17c37ff346eabb3256edd3dbc50f,0.03,,,
1914,2026-07-27,SZ002600,0.06154988333582878,EXP_XGBModel_Alpha158_csi300_custom_step0_s_20260727_14,7e3f17c37ff346eabb3256edd3dbc50f,0.03,,,
1915,2026-07-27,SZ002050,0.253187358379364,EXP_XGBModel_Alpha158_csi300_custom_step0_s_20260727_14,7e3f17c37ff346eabb3256edd3dbc50f,0.03,,,
1916,2026-07-27,SZ002049,-0.09169123321771622,EXP_XGBModel_Alpha158_csi300_custom_step0_s_20260727_14,7e3f17c37ff346eabb3256edd3dbc50f,0.03,,,
1917,2026-07-27,SZ002028,-0.010866635479032993,EXP_XGBModel_Alpha158_csi300_custom_step0_s_20260727_14,7e3f17c37ff346eabb3256edd3dbc50f,0.03,,,
1918,2026-07-27,SZ002027,-0.006837115157395601,EXP_XGBModel_Alpha158_csi300_custom_step0_s_20260727_14,7e3f17c37ff346eabb3256edd3dbc50f,0.03,,,
1919,2026-07-27,SZ002001,-0.010061684064567089,EXP_XGBModel_Alpha158_csi300_custom_step0_s_20260727_14,7e3f17c37ff346eabb3256edd3dbc50f,0.03,,,
1920,2026-07-27,SZ001979,-0.022979533299803734,EXP_XGBModel_Alpha158_csi300_custom_step0_s_20260727_14,7e3f17c37ff346eabb3256edd3dbc50f,0.03,,,
1921,2026-07-27,SZ001965,0.033979371190071106,EXP_XGBModel_Alpha158_csi300_custom_step0_s_20260727_14,7e3f17c37ff346eabb3256edd3dbc50f,0.03,,,
1922,2026-07-27,SZ001391,0.0047281598672270775,EXP_XGBModel_Alpha158_csi300_custom_step0_s_20260727_14,7e3f17c37ff346eabb3256edd3dbc50f,0.03,,,
1923,2026-07-27,SZ002074,-0.06375480443239212,EXP_XGBModel_Alpha158_csi300_custom_step0_s_20260727_14,7e3f17c37ff346eabb3256edd3dbc50f,0.03,,,
1924,2026-07-27,SZ001280,-0.06372040510177612,EXP_XGBModel_Alpha158_csi300_custom_step0_s_20260727_14,7e3f17c37ff346eabb3256edd3dbc50f,0.03,,,
1925,2026-07-27,SZ000988,-0.16639940440654755,EXP_XGBModel_Alpha158_csi300_custom_step0_s_20260727_14,7e3f17c37ff346eabb3256edd3dbc50f,0.03,,,
1926,2026-07-27,SZ000977,-0.022975511848926544,EXP_XGBModel_Alpha158_csi300_custom_step0_s_20260727_14,7e3f17c37ff346eabb3256edd3dbc50f,0.03,,,
1927,2026-07-27,SZ000975,-0.2770935297012329,EXP_XGBModel_Alpha158_csi300_custom_step0_s_20260727_14,7e3f17c37ff346eabb3256edd3dbc50f,0.03,,,
1928,2026-07-27,SZ000963,-0.008207614533603191,EXP_XGBModel_Alpha158_csi300_custom_step0_s_20260727_14,7e3f17c37ff346eabb3256edd3dbc50f,0.03,,,
1929,2026-07-27,SZ000938,-0.3178340494632721,EXP_XGBModel_Alpha158_csi300_custom_step0_s_20260727_14,7e3f17c37ff346eabb3256edd3dbc50f,0.03,,,
1930,2026-07-27,SZ000895,-0.004367110785096884,EXP_XGBModel_Alpha158_csi300_custom_step0_s_20260727_14,7e3f17c37ff346eabb3256edd3dbc50f,0.03,,,
1931,2026-07-27,SZ000858,-0.0101185766980052,EXP_XGBModel_Alpha158_csi300_custom_step0_s_20260727_14,7e3f17c37ff346eabb3256edd3dbc50f,0.03,,,
1932,2026-07-27,SZ000807,-0.04047086462378502,EXP_XGBModel_Alpha158_csi300_custom_step0_s_20260727_14,7e3f17c37ff346eabb3256edd3dbc50f,0.03,,,
1933,2026-07-27,SZ000999,0.006478467490524054,EXP_XGBModel_Alpha158_csi300_custom_step0_s_20260727_14,7e3f17c37ff346eabb3256edd3dbc50f,0.03,,,
1934,2026-07-27,SZ002142,-0.00938652828335762,EXP_XGBModel_Alpha158_csi300_custom_step0_s_20260727_14,7e3f17c37ff346eabb3256edd3dbc50f,0.03,,,
1935,2026-07-27,SZ002179,0.04363470524549484,EXP_XGBModel_Alpha158_csi300_custom_step0_s_20260727_14,7e3f17c37ff346eabb3256edd3dbc50f,0.03,,,
1936,2026-07-27,SZ002202,0.34929564595222473,EXP_XGBModel_Alpha158_csi300_custom_step0_s_20260727_14,7e3f17c37ff346eabb3256edd3dbc50f,0.03,,,
1937,2026-07-27,SZ002594,-0.008883381262421608,EXP_XGBModel_Alpha158_csi300_custom_step0_s_20260727_14,7e3f17c37ff346eabb3256edd3dbc50f,0.03,,,
1938,2026-07-27,SZ002558,0.14075139164924622,EXP_XGBModel_Alpha158_csi300_custom_step0_s_20260727_14,7e3f17c37ff346eabb3256edd3dbc50f,0.03,,,
1939,2026-07-27,SZ002532,-0.16811086237430573,EXP_XGBModel_Alpha158_csi300_custom_step0_s_20260727_14,7e3f17c37ff346eabb3256edd3dbc50f,0.03,,,
1940,2026-07-27,SZ002493,0.03827007859945297,EXP_XGBModel_Alpha158_csi300_custom_step0_s_20260727_14,7e3f17c37ff346eabb3256edd3dbc50f,0.03,,,
1941,2026-07-27,SZ002475,-0.0037624698597937822,EXP_XGBModel_Alpha158_csi300_custom_step0_s_20260727_14,7e3f17c37ff346eabb3256edd3dbc50f,0.03,,,
1942,2026-07-27,SZ002466,0.3115154802799225,EXP_XGBModel_Alpha158_csi300_custom_step0_s_20260727_14,7e3f17c37ff346eabb3256edd3dbc50f,0.03,,,
1943,2026-07-27,SZ002463,-0.021342888474464417,EXP_XGBModel_Alpha158_csi300_custom_step0_s_20260727_14,7e3f17c37ff346eabb3256edd3dbc50f,0.03,,,
1944,2026-07-27,SZ002460,0.5289093255996704,EXP_XGBModel_Alpha158_csi300_custom_step0_s_20260727_14,7e3f17c37ff346eabb3256edd3dbc50f,0.03,,,
1945,2026-07-27,SZ002422,-0.07458837330341339,EXP_XGBModel_Alpha158_csi300_custom_step0_s_20260727_14,7e3f17c37ff346eabb3256edd3dbc50f,0.03,,,
1946,2026-07-27,SZ002415,-0.12718699872493744,EXP_XGBModel_Alpha158_csi300_custom_step0_s_20260727_14,7e3f17c37ff346eabb3256edd3dbc50f,0.03,,,
1947,2026-07-27,SZ002384,0.4694685935974121,EXP_XGBModel_Alpha158_csi300_custom_step0_s_20260727_14,7e3f17c37ff346eabb3256edd3dbc50f,0.03,,,
1948,2026-07-27,SZ002371,-0.011875413358211517,EXP_XGBModel_Alpha158_csi300_custom_step0_s_20260727_14,7e3f17c37ff346eabb3256edd3dbc50f,0.03,,,
1949,2026-07-27,SZ002353,0.5428583025932312,EXP_XGBModel_Alpha158_csi300_custom_step0_s_20260727_14,7e3f17c37ff346eabb3256edd3dbc50f,0.03,,,
1950,2026-07-27,SZ002352,0.0014473556075245142,EXP_XGBModel_Alpha158_csi300_custom_step0_s_20260727_14,7e3f17c37ff346eabb3256edd3dbc50f,0.03,,,
1951,2026-07-27,SZ002311,-0.0008228643564507365,EXP_XGBModel_Alpha158_csi300_custom_step0_s_20260727_14,7e3f17c37ff346eabb3256edd3dbc50f,0.03,,,
1952,2026-07-27,SZ002304,-0.0011076818918809295,EXP_XGBModel_Alpha158_csi300_custom_step0_s_20260727_14,7e3f17c37ff346eabb3256edd3dbc50f,0.03,,,
1953,2026-07-27,SZ002241,-0.055993594229221344,EXP_XGBModel_Alpha158_csi300_custom_step0_s_20260727_14,7e3f17c37ff346eabb3256edd3dbc50f,0.03,,,
1954,2026-07-27,SZ002236,0.015365581959486008,EXP_XGBModel_Alpha158_csi300_custom_step0_s_20260727_14,7e3f17c37ff346eabb3256edd3dbc50f,0.03,,,
1955,2026-07-27,SZ002230,-0.05387982726097107,EXP_XGBModel_Alpha158_csi300_custom_step0_s_20260727_14,7e3f17c37ff346eabb3256edd3dbc50f,0.03,,,
1956,2026-07-27,SZ000776,-0.08002331852912903,EXP_XGBModel_Alpha158_csi300_custom_step0_s_20260727_14,7e3f17c37ff346eabb3256edd3dbc50f,0.03,,,
1957,2026-07-27,SZ002415,-0.13382385671138763,EXP_XGBModel_Alpha158_csi300_custom_step0_s_20260727_14,2809a33f3862498cac3f944dd392b0f4,0.071,,,
1958,2026-07-27,SH601633,-0.019614938646554947,EXP_XGBModel_Alpha158_csi300_custom_step0_s_20260727_14,7e3f17c37ff346eabb3256edd3dbc50f,0.03,,,
1959,2026-07-27,SH601618,0.015762003138661385,EXP_XGBModel_Alpha158_csi300_custom_step0_s_20260727_14,7e3f17c37ff346eabb3256edd3dbc50f,0.03,,,
1960,2026-07-27,SH600023,-0.003330784384161234,EXP_XGBModel_Alpha158_csi300_custom_step0_s_20260727_14,7e3f17c37ff346eabb3256edd3dbc50f,0.03,,,
1961,2026-07-27,SH600019,-0.00899047777056694,EXP_XGBModel_Alpha158_csi300_custom_step0_s_20260727_14,7e3f17c37ff346eabb3256edd3dbc50f,0.03,,,
1962,2026-07-27,SH600018,0.021004673093557358,EXP_XGBModel_Alpha158_csi300_custom_step0_s_20260727_14,7e3f17c37ff346eabb3256edd3dbc50f,0.03,,,
1963,2026-07-27,SH600016,0.029748696833848953,EXP_XGBModel_Alpha158_csi300_custom_step0_s_20260727_14,7e3f17c37ff346eabb3256edd3dbc50f,0.03,,,
1964,2026-07-27,SH600015,0.02936026081442833,EXP_XGBModel_Alpha158_csi300_custom_step0_s_20260727_14,7e3f17c37ff346eabb3256edd3dbc50f,0.03,,,
1965,2026-07-27,SH600011,-0.007309250067919493,EXP_XGBModel_Alpha158_csi300_custom_step0_s_20260727_14,7e3f17c37ff346eabb3256edd3dbc50f,0.03,,,
1966,2026-07-27,SH600010,-0.0032549859024584293,EXP_XGBModel_Alpha158_csi300_custom_step0_s_20260727_14,7e3f17c37ff346eabb3256edd3dbc50f,0.03,,,
1967,2026-07-27,SH600009,0.009555204771459103,EXP_XGBModel_Alpha158_csi300_custom_step0_s_20260727_14,7e3f17c37ff346eabb3256edd3dbc50f,0.03,,,
1968,2026-07-27,SH600025,0.033185627311468124,EXP_XGBModel_Alpha158_csi300_custom_step0_s_20260727_14,7e3f17c37ff346eabb3256edd3dbc50f,0.03,,,
1969,2026-07-27,SH600000,0.013934467919170856,EXP_XGBModel_Alpha158_csi300_custom_step0_s_20260727_14,7e3f17c37ff346eabb3256edd3dbc50f,0.03,,,
1970,2026-07-27,SZ301308,0.3683381676673889,EXP_XGBModel_Alpha158_csi300_custom_step0_s_20260727_14,2809a33f3862498cac3f944dd392b0f4,0.071,,,
1971,2026-07-27,SZ301269,-0.0631466805934906,EXP_XGBModel_Alpha158_csi300_custom_step0_s_20260727_14,2809a33f3862498cac3f944dd392b0f4,0.071,,,
1972,2026-07-27,SZ301236,-0.11726362258195877,EXP_XGBModel_Alpha158_csi300_custom_step0_s_20260727_14,2809a33f3862498cac3f944dd392b0f4,0.071,,,
1973,2026-07-27,SZ301165,-1.3416386842727661,EXP_XGBModel_Alpha158_csi300_custom_step0_s_20260727_14,2809a33f3862498cac3f944dd392b0f4,0.071,,,
1974,2026-07-27,SZ300999,-0.006574757397174835,EXP_XGBModel_Alpha158_csi300_custom_step0_s_20260727_14,2809a33f3862498cac3f944dd392b0f4,0.071,,,
1975,2026-07-27,SZ300896,-0.13962264358997345,EXP_XGBModel_Alpha158_csi300_custom_step0_s_20260727_14,2809a33f3862498cac3f944dd392b0f4,0.071,,,
1976,2026-07-27,SZ300866,-0.11589236557483673,EXP_XGBModel_Alpha158_csi300_custom_step0_s_20260727_14,2809a33f3862498cac3f944dd392b0f4,0.071,,,
1977,2026-07-27,SZ300832,0.0018255043542012572,EXP_XGBModel_Alpha158_csi300_custom_step0_s_20260727_14,2809a33f3862498cac3f944dd392b0f4,0.071,,,
1978,2026-07-27,SZ302132,-0.1357332020998001,EXP_XGBModel_Alpha158_csi300_custom_step0_s_20260727_14,2809a33f3862498cac3f944dd392b0f4,0.071,,,
1979,2026-07-27,SZ300803,-0.04845961928367615,EXP_XGBModel_Alpha158_csi300_custom_step0_s_20260727_14,2809a33f3862498cac3f944dd392b0f4,0.071,,,
1980,2026-07-27,SH600026,-0.04141896590590477,EXP_XGBModel_Alpha158_csi300_custom_step0_s_20260727_14,7e3f17c37ff346eabb3256edd3dbc50f,0.03,,,
1981,2026-07-27,SH600028,0.004355831537395716,EXP_XGBModel_Alpha158_csi300_custom_step0_s_20260727_14,7e3f17c37ff346eabb3256edd3dbc50f,0.03,,,
1982,2026-07-27,SH600176,0.8074272274971008,EXP_XGBModel_Alpha158_csi300_custom_step0_s_20260727_14,7e3f17c37ff346eabb3256edd3dbc50f,0.03,,,
1983,2026-07-27,SH600160,-0.0835542306303978,EXP_XGBModel_Alpha158_csi300_custom_step0_s_20260727_14,7e3f17c37ff346eabb3256edd3dbc50f,0.03,,,
1984,2026-07-27,SH600150,0.00044699280988425016,EXP_XGBModel_Alpha158_csi300_custom_step0_s_20260727_14,7e3f17c37ff346eabb3256edd3dbc50f,0.03,,,
1985,2026-07-27,SH600118,0.664460301399231,EXP_XGBModel_Alpha158_csi300_custom_step0_s_20260727_14,7e3f17c37ff346eabb3256edd3dbc50f,0.03,,,
1986,2026-07-27,SH600115,-0.0013016598531976342,EXP_XGBModel_Alpha158_csi300_custom_step0_s_20260727_14,7e3f17c37ff346eabb3256edd3dbc50f,0.03,,,
1987,2026-07-27,SH600111,0.18769969046115875,EXP_XGBModel_Alpha158_csi300_custom_step0_s_20260727_14,7e3f17c37ff346eabb3256edd3dbc50f,0.03,,,
1988,2026-07-27,SH600104,0.008981120772659779,EXP_XGBModel_Alpha158_csi300_custom_step0_s_20260727_14,7e3f17c37ff346eabb3256edd3dbc50f,0.03,,,
1989,2026-07-27,SH600089,-0.14359542727470398,EXP_XGBModel_Alpha158_csi300_custom_step0_s_20260727_14,7e3f17c37ff346eabb3256edd3dbc50f,0.03,,,
1990,2026-07-27,SH600027,-0.00020655133994296193,EXP_XGBModel_Alpha158_csi300_custom_step0_s_20260727_14,7e3f17c37ff346eabb3256edd3dbc50f,0.03,,,
1991,2026-07-27,SH600085,-0.005117875523865223,EXP_XGBModel_Alpha158_csi300_custom_step0_s_20260727_14,7e3f17c37ff346eabb3256edd3dbc50f,0.03,,,
1992,2026-07-27,SH600061,-0.00594618683680892,EXP_XGBModel_Alpha158_csi300_custom_step0_s_20260727_14,7e3f17c37ff346eabb3256edd3dbc50f,0.03,,,
1993,2026-07-27,SH600050,0.053404245525598526,EXP_XGBModel_Alpha158_csi300_custom_step0_s_20260727_14,7e3f17c37ff346eabb3256edd3dbc50f,0.03,,,
1994,2026-07-27,SH600048,-0.0318208709359169,EXP_XGBModel_Alpha158_csi300_custom_step0_s_20260727_14,7e3f17c37ff346eabb3256edd3dbc50f,0.03,,,
1995,2026-07-27,SH600039,0.049826137721538544,EXP_XGBModel_Alpha158_csi300_custom_step0_s_20260727_14,7e3f17c37ff346eabb3256edd3dbc50f,0.03,,,
1996,2026-07-27,SH600036,0.02862679585814476,EXP_XGBModel_Alpha158_csi300_custom_step0_s_20260727_14,7e3f17c37ff346eabb3256edd3dbc50f,0.03,,,
1997,2026-07-27,SH600031,0.027466949075460434,EXP_XGBModel_Alpha158_csi300_custom_step0_s_20260727_14,7e3f17c37ff346eabb3256edd3dbc50f,0.03,,,
1998,2026-07-27,SH600030,-0.03818286582827568,EXP_XGBModel_Alpha158_csi300_custom_step0_s_20260727_14,7e3f17c37ff346eabb3256edd3dbc50f,0.03,,,
1999,2026-07-27,SH600029,-0.007960221730172634,EXP_XGBModel_Alpha158_csi300_custom_step0_s_20260727_14,7e3f17c37ff346eabb3256edd3dbc50f,0.03,,,
2000,2026-07-27,SH600066,-0.04132140800356865,EXP_XGBModel_Alpha158_csi300_custom_step0_s_20260727_14,7e3f17c37ff346eabb3256edd3dbc50f,0.03,,,
2001,2026-07-27,SZ300760,-0.030640773475170135,EXP_XGBModel_Alpha158_csi300_custom_step0_s_20260727_14,2809a33f3862498cac3f944dd392b0f4,0.071,,,
2002,2026-07-27,SZ300750,-0.03123284876346588,EXP_XGBModel_Alpha158_csi300_custom_step0_s_20260727_14,2809a33f3862498cac3f944dd392b0f4,0.071,,,
2003,2026-07-27,SZ300661,0.11983019858598709,EXP_XGBModel_Alpha158_csi300_custom_step0_s_20260727_14,2809a33f3862498cac3f944dd392b0f4,0.071,,,
2004,2026-07-27,SZ002920,-0.038169633597135544,EXP_XGBModel_Alpha158_csi300_custom_step0_s_20260727_14,2809a33f3862498cac3f944dd392b0f4,0.071,,,
2005,2026-07-27,SZ002916,0.16456660628318787,EXP_XGBModel_Alpha158_csi300_custom_step0_s_20260727_14,2809a33f3862498cac3f944dd392b0f4,0.071,,,
2006,2026-07-27,SZ002837,-0.13481423258781433,EXP_XGBModel_Alpha158_csi300_custom_step0_s_20260727_14,2809a33f3862498cac3f944dd392b0f4,0.071,,,
2007,2026-07-27,SZ002736,0.03943596035242081,EXP_XGBModel_Alpha158_csi300_custom_step0_s_20260727_14,2809a33f3862498cac3f944dd392b0f4,0.071,,,
2008,2026-07-27,SZ002714,-0.058611515909433365,EXP_XGBModel_Alpha158_csi300_custom_step0_s_20260727_14,2809a33f3862498cac3f944dd392b0f4,0.071,,,
2009,2026-07-27,SZ002709,0.15928906202316284,EXP_XGBModel_Alpha158_csi300_custom_step0_s_20260727_14,2809a33f3862498cac3f944dd392b0f4,0.071,,,
2010,2026-07-27,SZ002648,-0.09561924636363983,EXP_XGBModel_Alpha158_csi300_custom_step0_s_20260727_14,2809a33f3862498cac3f944dd392b0f4,0.071,,,
2011,2026-07-27,SZ002625,0.0035717375576496124,EXP_XGBModel_Alpha158_csi300_custom_step0_s_20260727_14,2809a33f3862498cac3f944dd392b0f4,0.071,,,
2012,2026-07-27,SZ002938,0.02083779312670231,EXP_XGBModel_Alpha158_csi300_custom_step0_s_20260727_14,2809a33f3862498cac3f944dd392b0f4,0.071,,,
2013,2026-07-27,SZ002602,-0.08316407352685928,EXP_XGBModel_Alpha158_csi300_custom_step0_s_20260727_14,2809a33f3862498cac3f944dd392b0f4,0.071,,,
2014,2026-07-27,SZ002594,-0.02406606823205948,EXP_XGBModel_Alpha158_csi300_custom_step0_s_20260727_14,2809a33f3862498cac3f944dd392b0f4,0.071,,,
2015,2026-07-27,SZ002558,0.0936473086476326,EXP_XGBModel_Alpha158_csi300_custom_step0_s_20260727_14,2809a33f3862498cac3f944dd392b0f4,0.071,,,
2016,2026-07-27,SZ002532,-0.09647384285926819,EXP_XGBModel_Alpha158_csi300_custom_step0_s_20260727_14,2809a33f3862498cac3f944dd392b0f4,0.071,,,
2017,2026-07-27,SZ002493,-0.14999417960643768,EXP_XGBModel_Alpha158_csi300_custom_step0_s_20260727_14,2809a33f3862498cac3f944dd392b0f4,0.071,,,
2018,2026-07-27,SZ002475,-0.13941429555416107,EXP_XGBModel_Alpha158_csi300_custom_step0_s_20260727_14,2809a33f3862498cac3f944dd392b0f4,0.071,,,
2019,2026-07-27,SZ002466,0.21012935042381287,EXP_XGBModel_Alpha158_csi300_custom_step0_s_20260727_14,2809a33f3862498cac3f944dd392b0f4,0.071,,,
2020,2026-07-27,SZ002463,0.0051221223548054695,EXP_XGBModel_Alpha158_csi300_custom_step0_s_20260727_14,2809a33f3862498cac3f944dd392b0f4,0.071,,,
2021,2026-07-27,SZ002460,0.1735749989748001,EXP_XGBModel_Alpha158_csi300_custom_step0_s_20260727_14,2809a33f3862498cac3f944dd392b0f4,0.071,,,
2022,2026-07-27,SZ002600,0.17184703052043915,EXP_XGBModel_Alpha158_csi300_custom_step0_s_20260727_14,2809a33f3862498cac3f944dd392b0f4,0.071,,,
2023,2026-07-27,SZ003816,0.016580183058977127,EXP_XGBModel_Alpha158_csi300_custom_step0_s_20260727_14,2809a33f3862498cac3f944dd392b0f4,0.071,,,
2024,2026-07-27,SZ300014,0.0891379863023758,EXP_XGBModel_Alpha158_csi300_custom_step0_s_20260727_14,2809a33f3862498cac3f944dd392b0f4,0.071,,,
2025,2026-07-27,SZ300015,-0.05228837579488754,EXP_XGBModel_Alpha158_csi300_custom_step0_s_20260727_14,2809a33f3862498cac3f944dd392b0f4,0.071,,,
2026,2026-07-27,SZ300628,-0.04905284196138382,EXP_XGBModel_Alpha158_csi300_custom_step0_s_20260727_14,2809a33f3862498cac3f944dd392b0f4,0.071,,,
2027,2026-07-27,SZ300502,-0.06333203613758087,EXP_XGBModel_Alpha158_csi300_custom_step0_s_20260727_14,2809a33f3862498cac3f944dd392b0f4,0.071,,,
2028,2026-07-27,SZ300498,-0.03228140249848366,EXP_XGBModel_Alpha158_csi300_custom_step0_s_20260727_14,2809a33f3862498cac3f944dd392b0f4,0.071,,,
2029,2026-07-27,SZ300476,0.29942697286605835,EXP_XGBModel_Alpha158_csi300_custom_step0_s_20260727_14,2809a33f3862498cac3f944dd392b0f4,0.071,,,
2030,2026-07-27,SZ300450,0.1054731011390686,EXP_XGBModel_Alpha158_csi300_custom_step0_s_20260727_14,2809a33f3862498cac3f944dd392b0f4,0.071,,,
2031,2026-07-27,SZ300442,-0.023288153111934662,EXP_XGBModel_Alpha158_csi300_custom_step0_s_20260727_14,2809a33f3862498cac3f944dd392b0f4,0.071,,,
2032,2026-07-27,SZ300433,0.17759129405021667,EXP_XGBModel_Alpha158_csi300_custom_step0_s_20260727_14,2809a33f3862498cac3f944dd392b0f4,0.071,,,
2033,2026-07-27,SZ300418,-0.10040143877267838,EXP_XGBModel_Alpha158_csi300_custom_step0_s_20260727_14,2809a33f3862498cac3f944dd392b0f4,0.071,,,
2034,2026-07-27,SZ300413,-0.06411581486463547,EXP_XGBModel_Alpha158_csi300_custom_step0_s_20260727_14,2809a33f3862498cac3f944dd392b0f4,0.071,,,
2035,2026-07-27,SZ300408,-0.04130616784095764,EXP_XGBModel_Alpha158_csi300_custom_step0_s_20260727_14,2809a33f3862498cac3f944dd392b0f4,0.071,,,
2036,2026-07-27,SZ300394,0.26431095600128174,EXP_XGBModel_Alpha158_csi300_custom_step0_s_20260727_14,2809a33f3862498cac3f944dd392b0f4,0.071,,,
2037,2026-07-27,SZ300316,0.253188818693161,EXP_XGBModel_Alpha158_csi300_custom_step0_s_20260727_14,2809a33f3862498cac3f944dd392b0f4,0.071,,,
2038,2026-07-27,SZ300308,-0.04819069802761078,EXP_XGBModel_Alpha158_csi300_custom_step0_s_20260727_14,2809a33f3862498cac3f944dd392b0f4,0.071,,,
2039,2026-07-27,SZ300274,0.0776982381939888,EXP_XGBModel_Alpha158_csi300_custom_step0_s_20260727_14,2809a33f3862498cac3f944dd392b0f4,0.071,,,
2040,2026-07-27,SZ300251,-0.07820069044828415,EXP_XGBModel_Alpha158_csi300_custom_step0_s_20260727_14,2809a33f3862498cac3f944dd392b0f4,0.071,,,
2041,2026-07-27,SZ300124,-0.004036875907331705,EXP_XGBModel_Alpha158_csi300_custom_step0_s_20260727_14,2809a33f3862498cac3f944dd392b0f4,0.071,,,
2042,2026-07-27,SZ300122,-0.09066789597272873,EXP_XGBModel_Alpha158_csi300_custom_step0_s_20260727_14,2809a33f3862498cac3f944dd392b0f4,0.071,,,
2043,2026-07-27,SZ300059,-0.07221443951129913,EXP_XGBModel_Alpha158_csi300_custom_step0_s_20260727_14,2809a33f3862498cac3f944dd392b0f4,0.071,,,
2044,2026-07-27,SZ300033,-0.08987133204936981,EXP_XGBModel_Alpha158_csi300_custom_step0_s_20260727_14,2809a33f3862498cac3f944dd392b0f4,0.071,,,
2045,2026-07-27,SH600183,0.08829237520694733,EXP_XGBModel_Alpha158_csi300_custom_step0_s_20260727_14,7e3f17c37ff346eabb3256edd3dbc50f,0.03,,,
2046,2026-07-27,SH601628,0.0018911230145022273,EXP_XGBModel_Alpha158_csi300_custom_step0_s_20260727_14,7e3f17c37ff346eabb3256edd3dbc50f,0.03,,,
2047,2026-07-27,SH600188,-0.005596465896815062,EXP_XGBModel_Alpha158_csi300_custom_step0_s_20260727_14,7e3f17c37ff346eabb3256edd3dbc50f,0.03,,,
2048,2026-07-27,SH600219,-0.1776084452867508,EXP_XGBModel_Alpha158_csi300_custom_step0_s_20260727_14,7e3f17c37ff346eabb3256edd3dbc50f,0.03,,,
2049,2026-07-27,SH601127,0.6267337799072266,EXP_XGBModel_Alpha158_csi300_custom_step0_s_20260727_14,7e3f17c37ff346eabb3256edd3dbc50f,0.03,,,
2050,2026-07-27,SH601117,-3.520618338370696e-05,EXP_XGBModel_Alpha158_csi300_custom_step0_s_20260727_14,7e3f17c37ff346eabb3256edd3dbc50f,0.03,,,
2051,2026-07-27,SH601111,-0.003969722893089056,EXP_XGBModel_Alpha158_csi300_custom_step0_s_20260727_14,7e3f17c37ff346eabb3256edd3dbc50f,0.03,,,
2052,2026-07-27,SH601100,0.02565716952085495,EXP_XGBModel_Alpha158_csi300_custom_step0_s_20260727_14,7e3f17c37ff346eabb3256edd3dbc50f,0.03,,,
2053,2026-07-27,SH601088,0.07206113636493683,EXP_XGBModel_Alpha158_csi300_custom_step0_s_20260727_14,7e3f17c37ff346eabb3256edd3dbc50f,0.03,,,
2054,2026-07-27,SH601077,0.005990510806441307,EXP_XGBModel_Alpha158_csi300_custom_step0_s_20260727_14,7e3f17c37ff346eabb3256edd3dbc50f,0.03,,,
2055,2026-07-27,SH601066,-0.05909496918320656,EXP_XGBModel_Alpha158_csi300_custom_step0_s_20260727_14,7e3f17c37ff346eabb3256edd3dbc50f,0.03,,,
2056,2026-07-27,SH601059,-0.0016770289512351155,EXP_XGBModel_Alpha158_csi300_custom_step0_s_20260727_14,7e3f17c37ff346eabb3256edd3dbc50f,0.03,,,
2057,2026-07-27,SH601136,-0.04724842309951782,EXP_XGBModel_Alpha158_csi300_custom_step0_s_20260727_14,7e3f17c37ff346eabb3256edd3dbc50f,0.03,,,
2058,2026-07-27,SH601058,0.010608666576445103,EXP_XGBModel_Alpha158_csi300_custom_step0_s_20260727_14,7e3f17c37ff346eabb3256edd3dbc50f,0.03,,,
2059,2026-07-27,SH601018,0.02772010862827301,EXP_XGBModel_Alpha158_csi300_custom_step0_s_20260727_14,7e3f17c37ff346eabb3256edd3dbc50f,0.03,,,
2060,2026-07-27,SH601012,-0.130240797996521,EXP_XGBModel_Alpha158_csi300_custom_step0_s_20260727_14,7e3f17c37ff346eabb3256edd3dbc50f,0.03,,,
2061,2026-07-27,SH601009,0.005257883574813604,EXP_XGBModel_Alpha158_csi300_custom_step0_s_20260727_14,7e3f17c37ff346eabb3256edd3dbc50f,0.03,,,
2062,2026-07-27,SH601006,0.034999724477529526,EXP_XGBModel_Alpha158_csi300_custom_step0_s_20260727_14,7e3f17c37ff346eabb3256edd3dbc50f,0.03,,,
2063,2026-07-27,SH600999,0.016693733632564545,EXP_XGBModel_Alpha158_csi300_custom_step0_s_20260727_14,7e3f17c37ff346eabb3256edd3dbc50f,0.03,,,
2064,2026-07-27,SH600989,-0.07380127161741257,EXP_XGBModel_Alpha158_csi300_custom_step0_s_20260727_14,7e3f17c37ff346eabb3256edd3dbc50f,0.03,,,
2065,2026-07-27,SH600958,-0.00606790604069829,EXP_XGBModel_Alpha158_csi300_custom_step0_s_20260727_14,7e3f17c37ff346eabb3256edd3dbc50f,0.03,,,
2066,2026-07-27,SH600941,0.022716861218214035,EXP_XGBModel_Alpha158_csi300_custom_step0_s_20260727_14,7e3f17c37ff346eabb3256edd3dbc50f,0.03,,,
2067,2026-07-27,SH601021,-0.004241384100168943,EXP_XGBModel_Alpha158_csi300_custom_step0_s_20260727_14,7e3f17c37ff346eabb3256edd3dbc50f,0.03,,,
2068,2026-07-27,SH600938,-0.10924076288938522,EXP_XGBModel_Alpha158_csi300_custom_step0_s_20260727_14,7e3f17c37ff346eabb3256edd3dbc50f,0.03,,,
2069,2026-07-27,SH601138,0.04917464032769203,EXP_XGBModel_Alpha158_csi300_custom_step0_s_20260727_14,7e3f17c37ff346eabb3256edd3dbc50f,0.03,,,
2070,2026-07-27,SH601169,0.016832787543535233,EXP_XGBModel_Alpha158_csi300_custom_step0_s_20260727_14,7e3f17c37ff346eabb3256edd3dbc50f,0.03,,,
2071,2026-07-27,SH601607,0.017156235873699188,EXP_XGBModel_Alpha158_csi300_custom_step0_s_20260727_14,7e3f17c37ff346eabb3256edd3dbc50f,0.03,,,
2072,2026-07-27,SH601601,0.014197923243045807,EXP_XGBModel_Alpha158_csi300_custom_step0_s_20260727_14,7e3f17c37ff346eabb3256edd3dbc50f,0.03,,,
2073,2026-07-27,SH601600,-0.09952426701784134,EXP_XGBModel_Alpha158_csi300_custom_step0_s_20260727_14,7e3f17c37ff346eabb3256edd3dbc50f,0.03,,,
2074,2026-07-27,SH601456,-0.0020179941784590483,EXP_XGBModel_Alpha158_csi300_custom_step0_s_20260727_14,7e3f17c37ff346eabb3256edd3dbc50f,0.03,,,
2075,2026-07-27,SH601398,0.034185610711574554,EXP_XGBModel_Alpha158_csi300_custom_step0_s_20260727_14,7e3f17c37ff346eabb3256edd3dbc50f,0.03,,,
2076,2026-07-27,SH601390,0.04624517261981964,EXP_XGBModel_Alpha158_csi300_custom_step0_s_20260727_14,7e3f17c37ff346eabb3256edd3dbc50f,0.03,,,
2077,2026-07-27,SH601377,0.0016226437874138355,EXP_XGBModel_Alpha158_csi300_custom_step0_s_20260727_14,7e3f17c37ff346eabb3256edd3dbc50f,0.03,,,
2078,2026-07-27,SH601360,-0.04648882895708084,EXP_XGBModel_Alpha158_csi300_custom_step0_s_20260727_14,7e3f17c37ff346eabb3256edd3dbc50f,0.03,,,
2079,2026-07-27,SH601166,0.012642890214920044,EXP_XGBModel_Alpha158_csi300_custom_step0_s_20260727_14,7e3f17c37ff346eabb3256edd3dbc50f,0.03,,,
2080,2026-07-27,SH601336,-0.05235580727458,EXP_XGBModel_Alpha158_csi300_custom_step0_s_20260727_14,7e3f17c37ff346eabb3256edd3dbc50f,0.03,,,
2081,2026-07-27,SH601319,0.010035545565187931,EXP_XGBModel_Alpha158_csi300_custom_step0_s_20260727_14,7e3f17c37ff346eabb3256edd3dbc50f,0.03,,,
2082,2026-07-27,SH601318,0.019293908029794693,EXP_XGBModel_Alpha158_csi300_custom_step0_s_20260727_14,7e3f17c37ff346eabb3256edd3dbc50f,0.03,,,
2083,2026-07-27,SH601288,0.025675805285573006,EXP_XGBModel_Alpha158_csi300_custom_step0_s_20260727_14,7e3f17c37ff346eabb3256edd3dbc50f,0.03,,,
2084,2026-07-27,SH601238,-0.012416454963386059,EXP_XGBModel_Alpha158_csi300_custom_step0_s_20260727_14,7e3f17c37ff346eabb3256edd3dbc50f,0.03,,,
2085,2026-07-27,SH601229,0.008413133211433887,EXP_XGBModel_Alpha158_csi300_custom_step0_s_20260727_14,7e3f17c37ff346eabb3256edd3dbc50f,0.03,,,
2086,2026-07-27,SH601225,-0.06934322416782379,EXP_XGBModel_Alpha158_csi300_custom_step0_s_20260727_14,7e3f17c37ff346eabb3256edd3dbc50f,0.03,,,
2087,2026-07-27,SH601211,0.014387400820851326,EXP_XGBModel_Alpha158_csi300_custom_step0_s_20260727_14,7e3f17c37ff346eabb3256edd3dbc50f,0.03,,,
2088,2026-07-27,SH601186,0.01832365058362484,EXP_XGBModel_Alpha158_csi300_custom_step0_s_20260727_14,7e3f17c37ff346eabb3256edd3dbc50f,0.03,,,
2089,2026-07-27,SH601328,0.033303629606962204,EXP_XGBModel_Alpha158_csi300_custom_step0_s_20260727_14,7e3f17c37ff346eabb3256edd3dbc50f,0.03,,,
2090,2026-07-27,SH600930,0.41835442185401917,EXP_XGBModel_Alpha158_csi300_custom_step0_s_20260727_14,7e3f17c37ff346eabb3256edd3dbc50f,0.03,,,
2091,2026-07-27,SH600926,0.0006634076125919819,EXP_XGBModel_Alpha158_csi300_custom_step0_s_20260727_14,7e3f17c37ff346eabb3256edd3dbc50f,0.03,,,
2092,2026-07-27,SH600919,0.016515664756298065,EXP_XGBModel_Alpha158_csi300_custom_step0_s_20260727_14,7e3f17c37ff346eabb3256edd3dbc50f,0.03,,,
2093,2026-07-27,SH600522,0.6417028307914734,EXP_XGBModel_Alpha158_csi300_custom_step0_s_20260727_14,7e3f17c37ff346eabb3256edd3dbc50f,0.03,,,
2094,2026-07-27,SH600519,-0.009709314443171024,EXP_XGBModel_Alpha158_csi300_custom_step0_s_20260727_14,7e3f17c37ff346eabb3256edd3dbc50f,0.03,,,
2095,2026-07-27,SH600515,-0.01618831790983677,EXP_XGBModel_Alpha158_csi300_custom_step0_s_20260727_14,7e3f17c37ff346eabb3256edd3dbc50f,0.03,,,
2096,2026-07-27,SH600489,-0.12468893826007843,EXP_XGBModel_Alpha158_csi300_custom_step0_s_20260727_14,7e3f17c37ff346eabb3256edd3dbc50f,0.03,,,
2097,2026-07-27,SH600482,-0.03450765833258629,EXP_XGBModel_Alpha158_csi300_custom_step0_s_20260727_14,7e3f17c37ff346eabb3256edd3dbc50f,0.03,,,
2098,2026-07-27,SH600460,0.12785720825195312,EXP_XGBModel_Alpha158_csi300_custom_step0_s_20260727_14,7e3f17c37ff346eabb3256edd3dbc50f,0.03,,,
2099,2026-07-27,SH600438,0.30292975902557373,EXP_XGBModel_Alpha158_csi300_custom_step0_s_20260727_14,7e3f17c37ff346eabb3256edd3dbc50f,0.03,,,
2100,2026-07-27,SH600436,0.007609774358570576,EXP_XGBModel_Alpha158_csi300_custom_step0_s_20260727_14,7e3f17c37ff346eabb3256edd3dbc50f,0.03,,,
2101,2026-07-27,SH600547,-0.13916438817977905,EXP_XGBModel_Alpha158_csi300_custom_step0_s_20260727_14,7e3f17c37ff346eabb3256edd3dbc50f,0.03,,,
2102,2026-07-27,SH600426,-0.07051706314086914,EXP_XGBModel_Alpha158_csi300_custom_step0_s_20260727_14,7e3f17c37ff346eabb3256edd3dbc50f,0.03,,,
2103,2026-07-27,SH600406,-0.009407717734575272,EXP_XGBModel_Alpha158_csi300_custom_step0_s_20260727_14,7e3f17c37ff346eabb3256edd3dbc50f,0.03,,,
2104,2026-07-27,SH600372,-0.0034687253646552563,EXP_XGBModel_Alpha158_csi300_custom_step0_s_20260727_14,7e3f17c37ff346eabb3256edd3dbc50f,0.03,,,
2105,2026-07-27,SH600362,-0.03932107239961624,EXP_XGBModel_Alpha158_csi300_custom_step0_s_20260727_14,7e3f17c37ff346eabb3256edd3dbc50f,0.03,,,
2106,2026-07-27,SH600346,-0.12838473916053772,EXP_XGBModel_Alpha158_csi300_custom_step0_s_20260727_14,7e3f17c37ff346eabb3256edd3dbc50f,0.03,,,
2107,2026-07-27,SH600309,-0.058692675083875656,EXP_XGBModel_Alpha158_csi300_custom_step0_s_20260727_14,7e3f17c37ff346eabb3256edd3dbc50f,0.03,,,
2108,2026-07-27,SH600276,-0.0038197501562535763,EXP_XGBModel_Alpha158_csi300_custom_step0_s_20260727_14,7e3f17c37ff346eabb3256edd3dbc50f,0.03,,,
2109,2026-07-27,SH600233,-0.039932698011398315,EXP_XGBModel_Alpha158_csi300_custom_step0_s_20260727_14,7e3f17c37ff346eabb3256edd3dbc50f,0.03,,,
2110,2026-07-27,SH600221,-0.004476919304579496,EXP_XGBModel_Alpha158_csi300_custom_step0_s_20260727_14,7e3f17c37ff346eabb3256edd3dbc50f,0.03,,,
2111,2026-07-27,SH600415,-0.009861080907285213,EXP_XGBModel_Alpha158_csi300_custom_step0_s_20260727_14,7e3f17c37ff346eabb3256edd3dbc50f,0.03,,,
2112,2026-07-27,SH600549,0.3145952522754669,EXP_XGBModel_Alpha158_csi300_custom_step0_s_20260727_14,7e3f17c37ff346eabb3256edd3dbc50f,0.03,,,
2113,2026-07-27,SH600570,-0.014713852666318417,EXP_XGBModel_Alpha158_csi300_custom_step0_s_20260727_14,7e3f17c37ff346eabb3256edd3dbc50f,0.03,,,
2114,2026-07-27,SH600584,0.2819395363330841,EXP_XGBModel_Alpha158_csi300_custom_step0_s_20260727_14,7e3f17c37ff346eabb3256edd3dbc50f,0.03,,,
2115,2026-07-27,SH600918,-0.000956649542786181,EXP_XGBModel_Alpha158_csi300_custom_step0_s_20260727_14,7e3f17c37ff346eabb3256edd3dbc50f,0.03,,,
2116,2026-07-27,SH600905,0.0010897208703681827,EXP_XGBModel_Alpha158_csi300_custom_step0_s_20260727_14,7e3f17c37ff346eabb3256edd3dbc50f,0.03,,,
2117,2026-07-27,SH600900,0.012461462989449501,EXP_XGBModel_Alpha158_csi300_custom_step0_s_20260727_14,7e3f17c37ff346eabb3256edd3dbc50f,0.03,,,
2118,2026-07-27,SH600893,-0.09603021293878555,EXP_XGBModel_Alpha158_csi300_custom_step0_s_20260727_14,7e3f17c37ff346eabb3256edd3dbc50f,0.03,,,
2119,2026-07-27,SH600887,-0.042714256793260574,EXP_XGBModel_Alpha158_csi300_custom_step0_s_20260727_14,7e3f17c37ff346eabb3256edd3dbc50f,0.03,,,
2120,2026-07-27,SH600886,0.02055991068482399,EXP_XGBModel_Alpha158_csi300_custom_step0_s_20260727_14,7e3f17c37ff346eabb3256edd3dbc50f,0.03,,,
2121,2026-07-27,SH600875,0.3573860228061676,EXP_XGBModel_Alpha158_csi300_custom_step0_s_20260727_14,7e3f17c37ff346eabb3256edd3dbc50f,0.03,,,
2122,2026-07-27,SH600845,-0.04047174006700516,EXP_XGBModel_Alpha158_csi300_custom_step0_s_20260727_14,7e3f17c37ff346eabb3256edd3dbc50f,0.03,,,
2123,2026-07-27,SH600809,-0.053824204951524734,EXP_XGBModel_Alpha158_csi300_custom_step0_s_20260727_14,7e3f17c37ff346eabb3256edd3dbc50f,0.03,,,
2124,2026-07-27,SH600803,-0.014310377649962902,EXP_XGBModel_Alpha158_csi300_custom_step0_s_20260727_14,7e3f17c37ff346eabb3256edd3dbc50f,0.03,,,
2125,2026-07-27,SH600795,0.001827825210057199,EXP_XGBModel_Alpha158_csi300_custom_step0_s_20260727_14,7e3f17c37ff346eabb3256edd3dbc50f,0.03,,,
2126,2026-07-27,SH600760,-0.02740064635872841,EXP_XGBModel_Alpha158_csi300_custom_step0_s_20260727_14,7e3f17c37ff346eabb3256edd3dbc50f,0.03,,,
2127,2026-07-27,SH600741,0.04477917402982712,EXP_XGBModel_Alpha158_csi300_custom_step0_s_20260727_14,7e3f17c37ff346eabb3256edd3dbc50f,0.03,,,
2128,2026-07-27,SH600690,0.0017312000272795558,EXP_XGBModel_Alpha158_csi300_custom_step0_s_20260727_14,7e3f17c37ff346eabb3256edd3dbc50f,0.03,,,
2129,2026-07-27,SH600674,0.028466293588280678,EXP_XGBModel_Alpha158_csi300_custom_step0_s_20260727_14,7e3f17c37ff346eabb3256edd3dbc50f,0.03,,,
2130,2026-07-27,SH600660,0.018471213057637215,EXP_XGBModel_Alpha158_csi300_custom_step0_s_20260727_14,7e3f17c37ff346eabb3256edd3dbc50f,0.03,,,
2131,2026-07-27,SH600600,0.008408650755882263,EXP_XGBModel_Alpha158_csi300_custom_step0_s_20260727_14,7e3f17c37ff346eabb3256edd3dbc50f,0.03,,,
2132,2026-07-27,SH600588,-0.03249559924006462,EXP_XGBModel_Alpha158_csi300_custom_step0_s_20260727_14,7e3f17c37ff346eabb3256edd3dbc50f,0.03,,,
2133,2026-07-27,SH600585,0.005106515716761351,EXP_XGBModel_Alpha158_csi300_custom_step0_s_20260727_14,7e3f17c37ff346eabb3256edd3dbc50f,0.03,,,
2134,2026-07-27,SH600196,-0.010304350405931473,EXP_XGBModel_Alpha158_csi300_custom_step0_s_20260727_14,7e3f17c37ff346eabb3256edd3dbc50f,0.03,,,
2135,2026-07-27,SH688981,-0.2437548190355301,EXP_XGBModel_Alpha158_csi300_custom_step0_s_20260727_14,74e6bbdc51b24b8d8a8f80121b8e31e4,0.052,,,
2136,2026-07-27,SH688521,0.032946206629276276,EXP_XGBModel_Alpha158_csi300_custom_step0_s_20260727_14,74e6bbdc51b24b8d8a8f80121b8e31e4,0.052,,,
2137,2026-07-27,SH688506,0.033165425062179565,EXP_XGBModel_Alpha158_csi300_custom_step0_s_20260727_14,74e6bbdc51b24b8d8a8f80121b8e31e4,0.052,,,
2138,2026-07-27,SH600039,0.055240780115127563,EXP_XGBModel_Alpha158_csi300_custom_step0_s_20260727_14,5623588085794fa2b3c0623478426cc3,0.054,,,
2139,2026-07-27,SH600036,0.018573738634586334,EXP_XGBModel_Alpha158_csi300_custom_step0_s_20260727_14,5623588085794fa2b3c0623478426cc3,0.054,,,
2140,2026-07-27,SH600031,0.035038698464632034,EXP_XGBModel_Alpha158_csi300_custom_step0_s_20260727_14,5623588085794fa2b3c0623478426cc3,0.054,,,
2141,2026-07-27,SH600030,-0.02263990044593811,EXP_XGBModel_Alpha158_csi300_custom_step0_s_20260727_14,5623588085794fa2b3c0623478426cc3,0.054,,,
2142,2026-07-27,SH600029,-0.009863467887043953,EXP_XGBModel_Alpha158_csi300_custom_step0_s_20260727_14,5623588085794fa2b3c0623478426cc3,0.054,,,
2143,2026-07-27,SH600028,0.008836302906274796,EXP_XGBModel_Alpha158_csi300_custom_step0_s_20260727_14,5623588085794fa2b3c0623478426cc3,0.054,,,
2144,2026-07-27,SH600027,0.004350441973656416,EXP_XGBModel_Alpha158_csi300_custom_step0_s_20260727_14,5623588085794fa2b3c0623478426cc3,0.054,,,
2145,2026-07-27,SH600026,0.005057853646576405,EXP_XGBModel_Alpha158_csi300_custom_step0_s_20260727_14,5623588085794fa2b3c0623478426cc3,0.054,,,
2146,2026-07-27,SH600048,0.02037409320473671,EXP_XGBModel_Alpha158_csi300_custom_step0_s_20260727_14,5623588085794fa2b3c0623478426cc3,0.054,,,
2147,2026-07-27,SH600025,0.06277241557836533,EXP_XGBModel_Alpha158_csi300_custom_step0_s_20260727_14,5623588085794fa2b3c0623478426cc3,0.054,,,
2148,2026-07-27,SH600019,0.012299204245209694,EXP_XGBModel_Alpha158_csi300_custom_step0_s_20260727_14,5623588085794fa2b3c0623478426cc3,0.054,,,
2149,2026-07-27,SH600018,0.0384090282022953,EXP_XGBModel_Alpha158_csi300_custom_step0_s_20260727_14,5623588085794fa2b3c0623478426cc3,0.054,,,
2150,2026-07-27,SH600016,0.02290203981101513,EXP_XGBModel_Alpha158_csi300_custom_step0_s_20260727_14,5623588085794fa2b3c0623478426cc3,0.054,,,
2151,2026-07-27,SH600015,0.056965943425893784,EXP_XGBModel_Alpha158_csi300_custom_step0_s_20260727_14,5623588085794fa2b3c0623478426cc3,0.054,,,
2152,2026-07-27,SH600011,-0.03269047290086746,EXP_XGBModel_Alpha158_csi300_custom_step0_s_20260727_14,5623588085794fa2b3c0623478426cc3,0.054,,,
2153,2026-07-27,SH600010,-0.017774401232600212,EXP_XGBModel_Alpha158_csi300_custom_step0_s_20260727_14,5623588085794fa2b3c0623478426cc3,0.054,,,
2154,2026-07-27,SH600009,0.028061555698513985,EXP_XGBModel_Alpha158_csi300_custom_step0_s_20260727_14,5623588085794fa2b3c0623478426cc3,0.054,,,
2155,2026-07-27,SH600000,0.02954154647886753,EXP_XGBModel_Alpha158_csi300_custom_step0_s_20260727_14,5623588085794fa2b3c0623478426cc3,0.054,,,
2156,2026-07-27,SH600023,0.01188143901526928,EXP_XGBModel_Alpha158_csi300_custom_step0_s_20260727_14,5623588085794fa2b3c0623478426cc3,0.054,,,
2157,2026-07-27,SZ302132,-0.025782078504562378,EXP_LinearModel_Alpha158_csi300_custom_step0_s_20260727_14,86e4de9a395b4543b87a20950284b40d,0.006,,,
2158,2026-07-27,SH600050,0.04984384775161743,EXP_XGBModel_Alpha158_csi300_custom_step0_s_20260727_14,5623588085794fa2b3c0623478426cc3,0.054,,,
2159,2026-07-27,SH600066,-0.05744488537311554,EXP_XGBModel_Alpha158_csi300_custom_step0_s_20260727_14,5623588085794fa2b3c0623478426cc3,0.054,,,
2160,2026-07-27,SH600346,-0.07955107092857361,EXP_XGBModel_Alpha158_csi300_custom_step0_s_20260727_14,5623588085794fa2b3c0623478426cc3,0.054,,,
2161,2026-07-27,SH600309,-0.04879573732614517,EXP_XGBModel_Alpha158_csi300_custom_step0_s_20260727_14,5623588085794fa2b3c0623478426cc3,0.054,,,
2162,2026-07-27,SH600276,-0.041984207928180695,EXP_XGBModel_Alpha158_csi300_custom_step0_s_20260727_14,5623588085794fa2b3c0623478426cc3,0.054,,,
2163,2026-07-27,SH600233,-0.04131200537085533,EXP_XGBModel_Alpha158_csi300_custom_step0_s_20260727_14,5623588085794fa2b3c0623478426cc3,0.054,,,
2164,2026-07-27,SH600221,-0.017471572384238243,EXP_XGBModel_Alpha158_csi300_custom_step0_s_20260727_14,5623588085794fa2b3c0623478426cc3,0.054,,,
2165,2026-07-27,SH600219,-0.10063496232032776,EXP_XGBModel_Alpha158_csi300_custom_step0_s_20260727_14,5623588085794fa2b3c0623478426cc3,0.054,,,
2166,2026-07-27,SH600196,-0.03396720811724663,EXP_XGBModel_Alpha158_csi300_custom_step0_s_20260727_14,5623588085794fa2b3c0623478426cc3,0.054,,,
2167,2026-07-27,SH600188,-0.021332809701561928,EXP_XGBModel_Alpha158_csi300_custom_step0_s_20260727_14,5623588085794fa2b3c0623478426cc3,0.054,,,
2168,2026-07-27,SH600061,0.005718943662941456,EXP_XGBModel_Alpha158_csi300_custom_step0_s_20260727_14,5623588085794fa2b3c0623478426cc3,0.054,,,
2169,2026-07-27,SH600183,-0.01310325600206852,EXP_XGBModel_Alpha158_csi300_custom_step0_s_20260727_14,5623588085794fa2b3c0623478426cc3,0.054,,,
2170,2026-07-27,SH600160,0.007732853759080172,EXP_XGBModel_Alpha158_csi300_custom_step0_s_20260727_14,5623588085794fa2b3c0623478426cc3,0.054,,,
2171,2026-07-27,SH600150,-0.018020490184426308,EXP_XGBModel_Alpha158_csi300_custom_step0_s_20260727_14,5623588085794fa2b3c0623478426cc3,0.054,,,
2172,2026-07-27,SH600118,0.05983138084411621,EXP_XGBModel_Alpha158_csi300_custom_step0_s_20260727_14,5623588085794fa2b3c0623478426cc3,0.054,,,
2173,2026-07-27,SH600115,-0.02538161724805832,EXP_XGBModel_Alpha158_csi300_custom_step0_s_20260727_14,5623588085794fa2b3c0623478426cc3,0.054,,,
2174,2026-07-27,SH600111,0.03621808439493179,EXP_XGBModel_Alpha158_csi300_custom_step0_s_20260727_14,5623588085794fa2b3c0623478426cc3,0.054,,,
2175,2026-07-27,SH600104,0.009022174403071404,EXP_XGBModel_Alpha158_csi300_custom_step0_s_20260727_14,5623588085794fa2b3c0623478426cc3,0.054,,,
2176,2026-07-27,SH600089,-0.04373558238148689,EXP_XGBModel_Alpha158_csi300_custom_step0_s_20260727_14,5623588085794fa2b3c0623478426cc3,0.054,,,
2177,2026-07-27,SH600085,-0.0171261727809906,EXP_XGBModel_Alpha158_csi300_custom_step0_s_20260727_14,5623588085794fa2b3c0623478426cc3,0.054,,,
2178,2026-07-27,SH600176,0.6539228558540344,EXP_XGBModel_Alpha158_csi300_custom_step0_s_20260727_14,5623588085794fa2b3c0623478426cc3,0.054,,,
2179,2026-07-27,SZ301308,0.40982913970947266,EXP_LinearModel_Alpha158_csi300_custom_step0_s_20260727_14,86e4de9a395b4543b87a20950284b40d,0.006,,,
2180,2026-07-27,SZ301269,0.023494822904467583,EXP_LinearModel_Alpha158_csi300_custom_step0_s_20260727_14,86e4de9a395b4543b87a20950284b40d,0.006,,,
2181,2026-07-27,SZ301236,0.01544639840722084,EXP_LinearModel_Alpha158_csi300_custom_step0_s_20260727_14,86e4de9a395b4543b87a20950284b40d,0.006,,,
2182,2026-07-27,SZ300251,0.10258449614048004,EXP_LinearModel_Alpha158_csi300_custom_step0_s_20260727_14,86e4de9a395b4543b87a20950284b40d,0.006,,,
2183,2026-07-27,SZ300124,0.01216061133891344,EXP_LinearModel_Alpha158_csi300_custom_step0_s_20260727_14,86e4de9a395b4543b87a20950284b40d,0.006,,,
2184,2026-07-27,SZ300122,-0.01576797291636467,EXP_LinearModel_Alpha158_csi300_custom_step0_s_20260727_14,86e4de9a395b4543b87a20950284b40d,0.006,,,
2185,2026-07-27,SZ300059,-0.1154036894440651,EXP_LinearModel_Alpha158_csi300_custom_step0_s_20260727_14,86e4de9a395b4543b87a20950284b40d,0.006,,,
2186,2026-07-27,SZ300033,-0.046734388917684555,EXP_LinearModel_Alpha158_csi300_custom_step0_s_20260727_14,86e4de9a395b4543b87a20950284b40d,0.006,,,
2187,2026-07-27,SZ300015,0.06744750589132309,EXP_LinearModel_Alpha158_csi300_custom_step0_s_20260727_14,86e4de9a395b4543b87a20950284b40d,0.006,,,
2188,2026-07-27,SZ300014,0.0923755094408989,EXP_LinearModel_Alpha158_csi300_custom_step0_s_20260727_14,86e4de9a395b4543b87a20950284b40d,0.006,,,
2189,2026-07-27,SZ003816,0.08977855741977692,EXP_LinearModel_Alpha158_csi300_custom_step0_s_20260727_14,86e4de9a395b4543b87a20950284b40d,0.006,,,
2190,2026-07-27,SZ300274,0.12530997395515442,EXP_LinearModel_Alpha158_csi300_custom_step0_s_20260727_14,86e4de9a395b4543b87a20950284b40d,0.006,,,
2191,2026-07-27,SZ002938,-0.15887394547462463,EXP_LinearModel_Alpha158_csi300_custom_step0_s_20260727_14,86e4de9a395b4543b87a20950284b40d,0.006,,,
2192,2026-07-27,SZ002916,-0.009138849563896656,EXP_LinearModel_Alpha158_csi300_custom_step0_s_20260727_14,86e4de9a395b4543b87a20950284b40d,0.006,,,
2193,2026-07-27,SZ002837,-0.1814286857843399,EXP_LinearModel_Alpha158_csi300_custom_step0_s_20260727_14,86e4de9a395b4543b87a20950284b40d,0.006,,,
2194,2026-07-27,SZ002736,-0.00924209039658308,EXP_LinearModel_Alpha158_csi300_custom_step0_s_20260727_14,86e4de9a395b4543b87a20950284b40d,0.006,,,
2195,2026-07-27,SZ002714,0.16950669884681702,EXP_LinearModel_Alpha158_csi300_custom_step0_s_20260727_14,86e4de9a395b4543b87a20950284b40d,0.006,,,
2196,2026-07-27,SZ002709,0.34972167015075684,EXP_LinearModel_Alpha158_csi300_custom_step0_s_20260727_14,86e4de9a395b4543b87a20950284b40d,0.006,,,
2197,2026-07-27,SZ002648,-0.04295552521944046,EXP_LinearModel_Alpha158_csi300_custom_step0_s_20260727_14,86e4de9a395b4543b87a20950284b40d,0.006,,,
2198,2026-07-27,SZ002625,-0.0053266496397554874,EXP_LinearModel_Alpha158_csi300_custom_step0_s_20260727_14,86e4de9a395b4543b87a20950284b40d,0.006,,,
2199,2026-07-27,SZ002602,0.12464623898267746,EXP_LinearModel_Alpha158_csi300_custom_step0_s_20260727_14,86e4de9a395b4543b87a20950284b40d,0.006,,,
2200,2026-07-27,SZ002920,0.09066502004861832,EXP_LinearModel_Alpha158_csi300_custom_step0_s_20260727_14,86e4de9a395b4543b87a20950284b40d,0.006,,,
2201,2026-07-27,SZ300308,-0.2851889133453369,EXP_LinearModel_Alpha158_csi300_custom_step0_s_20260727_14,86e4de9a395b4543b87a20950284b40d,0.006,,,
2202,2026-07-27,SZ300316,0.12614616751670837,EXP_LinearModel_Alpha158_csi300_custom_step0_s_20260727_14,86e4de9a395b4543b87a20950284b40d,0.006,,,
2203,2026-07-27,SZ300394,0.02172834612429142,EXP_LinearModel_Alpha158_csi300_custom_step0_s_20260727_14,86e4de9a395b4543b87a20950284b40d,0.006,,,
2204,2026-07-27,SZ301165,-0.6104491353034973,EXP_LinearModel_Alpha158_csi300_custom_step0_s_20260727_14,86e4de9a395b4543b87a20950284b40d,0.006,,,
2205,2026-07-27,SZ300999,0.03447423875331879,EXP_LinearModel_Alpha158_csi300_custom_step0_s_20260727_14,86e4de9a395b4543b87a20950284b40d,0.006,,,
2206,2026-07-27,SZ300896,-0.08166693896055222,EXP_LinearModel_Alpha158_csi300_custom_step0_s_20260727_14,86e4de9a395b4543b87a20950284b40d,0.006,,,
2207,2026-07-27,SZ300866,0.07111761718988419,EXP_LinearModel_Alpha158_csi300_custom_step0_s_20260727_14,86e4de9a395b4543b87a20950284b40d,0.006,,,
2208,2026-07-27,SZ300832,-0.14892412722110748,EXP_LinearModel_Alpha158_csi300_custom_step0_s_20260727_14,86e4de9a395b4543b87a20950284b40d,0.006,,,
2209,2026-07-27,SZ300803,0.0313863679766655,EXP_LinearModel_Alpha158_csi300_custom_step0_s_20260727_14,86e4de9a395b4543b87a20950284b40d,0.006,,,
2210,2026-07-27,SZ300760,0.09659595042467117,EXP_LinearModel_Alpha158_csi300_custom_step0_s_20260727_14,86e4de9a395b4543b87a20950284b40d,0.006,,,
2211,2026-07-27,SZ300750,-0.033566128462553024,EXP_LinearModel_Alpha158_csi300_custom_step0_s_20260727_14,86e4de9a395b4543b87a20950284b40d,0.006,,,
2212,2026-07-27,SZ300661,-0.09780150651931763,EXP_LinearModel_Alpha158_csi300_custom_step0_s_20260727_14,86e4de9a395b4543b87a20950284b40d,0.006,,,
2213,2026-07-27,SZ300628,0.04428522288799286,EXP_LinearModel_Alpha158_csi300_custom_step0_s_20260727_14,86e4de9a395b4543b87a20950284b40d,0.006,,,
2214,2026-07-27,SZ300502,-0.24310825765132904,EXP_LinearModel_Alpha158_csi300_custom_step0_s_20260727_14,86e4de9a395b4543b87a20950284b40d,0.006,,,
2215,2026-07-27,SZ300498,0.11545012146234512,EXP_LinearModel_Alpha158_csi300_custom_step0_s_20260727_14,86e4de9a395b4543b87a20950284b40d,0.006,,,
2216,2026-07-27,SZ300476,-0.04165404289960861,EXP_LinearModel_Alpha158_csi300_custom_step0_s_20260727_14,86e4de9a395b4543b87a20950284b40d,0.006,,,
2217,2026-07-27,SZ300450,0.13376672565937042,EXP_LinearModel_Alpha158_csi300_custom_step0_s_20260727_14,86e4de9a395b4543b87a20950284b40d,0.006,,,
2218,2026-07-27,SZ300442,0.08344754576683044,EXP_LinearModel_Alpha158_csi300_custom_step0_s_20260727_14,86e4de9a395b4543b87a20950284b40d,0.006,,,
2219,2026-07-27,SZ300433,-0.10307254642248154,EXP_LinearModel_Alpha158_csi300_custom_step0_s_20260727_14,86e4de9a395b4543b87a20950284b40d,0.006,,,
2220,2026-07-27,SZ300418,0.1823144108057022,EXP_LinearModel_Alpha158_csi300_custom_step0_s_20260727_14,86e4de9a395b4543b87a20950284b40d,0.006,,,
2221,2026-07-27,SZ300413,0.07524654269218445,EXP_LinearModel_Alpha158_csi300_custom_step0_s_20260727_14,86e4de9a395b4543b87a20950284b40d,0.006,,,
2222,2026-07-27,SZ300408,0.08134164661169052,EXP_LinearModel_Alpha158_csi300_custom_step0_s_20260727_14,86e4de9a395b4543b87a20950284b40d,0.006,,,
2223,2026-07-27,SH600362,-0.20566700398921967,EXP_XGBModel_Alpha158_csi300_custom_step0_s_20260727_14,5623588085794fa2b3c0623478426cc3,0.054,,,
2224,2026-07-27,SZ002600,-0.03228265047073364,EXP_LinearModel_Alpha158_csi300_custom_step0_s_20260727_14,86e4de9a395b4543b87a20950284b40d,0.006,,,
2225,2026-07-27,SH600372,0.003156824503093958,EXP_XGBModel_Alpha158_csi300_custom_step0_s_20260727_14,5623588085794fa2b3c0623478426cc3,0.054,,,
2226,2026-07-27,SH600415,-0.011144827120006084,EXP_XGBModel_Alpha158_csi300_custom_step0_s_20260727_14,5623588085794fa2b3c0623478426cc3,0.054,,,
2227,2026-07-27,SH601238,-0.004067141562700272,EXP_XGBModel_Alpha158_csi300_custom_step0_s_20260727_14,5623588085794fa2b3c0623478426cc3,0.054,,,
2228,2026-07-27,SH601229,0.06635919213294983,EXP_XGBModel_Alpha158_csi300_custom_step0_s_20260727_14,5623588085794fa2b3c0623478426cc3,0.054,,,
2229,2026-07-27,SH601225,-0.04038671776652336,EXP_XGBModel_Alpha158_csi300_custom_step0_s_20260727_14,5623588085794fa2b3c0623478426cc3,0.054,,,
2230,2026-07-27,SH601211,-0.01736469939351082,EXP_XGBModel_Alpha158_csi300_custom_step0_s_20260727_14,5623588085794fa2b3c0623478426cc3,0.054,,,
2231,2026-07-27,SH601186,0.04913872480392456,EXP_XGBModel_Alpha158_csi300_custom_step0_s_20260727_14,5623588085794fa2b3c0623478426cc3,0.054,,,
2232,2026-07-27,SH601169,0.047833867371082306,EXP_XGBModel_Alpha158_csi300_custom_step0_s_20260727_14,5623588085794fa2b3c0623478426cc3,0.054,,,
2233,2026-07-27,SH601166,0.03787823021411896,EXP_XGBModel_Alpha158_csi300_custom_step0_s_20260727_14,5623588085794fa2b3c0623478426cc3,0.054,,,
2234,2026-07-27,SH601138,-0.09473492950201035,EXP_XGBModel_Alpha158_csi300_custom_step0_s_20260727_14,5623588085794fa2b3c0623478426cc3,0.054,,,
2235,2026-07-27,SH601288,0.03549457713961601,EXP_XGBModel_Alpha158_csi300_custom_step0_s_20260727_14,5623588085794fa2b3c0623478426cc3,0.054,,,
2236,2026-07-27,SH601136,-0.038648802787065506,EXP_XGBModel_Alpha158_csi300_custom_step0_s_20260727_14,5623588085794fa2b3c0623478426cc3,0.054,,,
2237,2026-07-27,SH601117,0.002878578146919608,EXP_XGBModel_Alpha158_csi300_custom_step0_s_20260727_14,5623588085794fa2b3c0623478426cc3,0.054,,,
2238,2026-07-27,SH601111,0.00925065390765667,EXP_XGBModel_Alpha158_csi300_custom_step0_s_20260727_14,5623588085794fa2b3c0623478426cc3,0.054,,,
2239,2026-07-27,SH601100,-0.011614405550062656,EXP_XGBModel_Alpha158_csi300_custom_step0_s_20260727_14,5623588085794fa2b3c0623478426cc3,0.054,,,
2240,2026-07-27,SH601088,0.010054443031549454,EXP_XGBModel_Alpha158_csi300_custom_step0_s_20260727_14,5623588085794fa2b3c0623478426cc3,0.054,,,
2241,2026-07-27,SH601077,0.011073884554207325,EXP_XGBModel_Alpha158_csi300_custom_step0_s_20260727_14,5623588085794fa2b3c0623478426cc3,0.054,,,
2242,2026-07-27,SH601066,-0.08087566494941711,EXP_XGBModel_Alpha158_csi300_custom_step0_s_20260727_14,5623588085794fa2b3c0623478426cc3,0.054,,,
2243,2026-07-27,SH601059,-0.007033482193946838,EXP_XGBModel_Alpha158_csi300_custom_step0_s_20260727_14,5623588085794fa2b3c0623478426cc3,0.054,,,
2244,2026-07-27,SH601058,-0.014655654318630695,EXP_XGBModel_Alpha158_csi300_custom_step0_s_20260727_14,5623588085794fa2b3c0623478426cc3,0.054,,,
2245,2026-07-27,SH601127,0.021153826266527176,EXP_XGBModel_Alpha158_csi300_custom_step0_s_20260727_14,5623588085794fa2b3c0623478426cc3,0.054,,,
2246,2026-07-27,SH601021,0.016046421602368355,EXP_XGBModel_Alpha158_csi300_custom_step0_s_20260727_14,5623588085794fa2b3c0623478426cc3,0.054,,,
2247,2026-07-27,SH601318,0.0223279669880867,EXP_XGBModel_Alpha158_csi300_custom_step0_s_20260727_14,5623588085794fa2b3c0623478426cc3,0.054,,,
2248,2026-07-27,SH601328,0.04856203868985176,EXP_XGBModel_Alpha158_csi300_custom_step0_s_20260727_14,5623588085794fa2b3c0623478426cc3,0.054,,,
2249,2026-07-27,SH601698,0.08864235877990723,EXP_XGBModel_Alpha158_csi300_custom_step0_s_20260727_14,5623588085794fa2b3c0623478426cc3,0.054,,,
2250,2026-07-27,SH601689,0.009330501779913902,EXP_XGBModel_Alpha158_csi300_custom_step0_s_20260727_14,5623588085794fa2b3c0623478426cc3,0.054,,,
2251,2026-07-27,SH601688,-0.010915967635810375,EXP_XGBModel_Alpha158_csi300_custom_step0_s_20260727_14,5623588085794fa2b3c0623478426cc3,0.054,,,
2252,2026-07-27,SH601669,-0.0005699462490156293,EXP_XGBModel_Alpha158_csi300_custom_step0_s_20260727_14,5623588085794fa2b3c0623478426cc3,0.054,,,
2253,2026-07-27,SH601668,0.06083691120147705,EXP_XGBModel_Alpha158_csi300_custom_step0_s_20260727_14,5623588085794fa2b3c0623478426cc3,0.054,,,
2254,2026-07-27,SH601658,0.04375830292701721,EXP_XGBModel_Alpha158_csi300_custom_step0_s_20260727_14,5623588085794fa2b3c0623478426cc3,0.054,,,
2255,2026-07-27,SH601633,-0.032782819122076035,EXP_XGBModel_Alpha158_csi300_custom_step0_s_20260727_14,5623588085794fa2b3c0623478426cc3,0.054,,,
2256,2026-07-27,SH601628,0.01182907447218895,EXP_XGBModel_Alpha158_csi300_custom_step0_s_20260727_14,5623588085794fa2b3c0623478426cc3,0.054,,,
2257,2026-07-27,SH601319,0.0035375712905079126,EXP_XGBModel_Alpha158_csi300_custom_step0_s_20260727_14,5623588085794fa2b3c0623478426cc3,0.054,,,
2258,2026-07-27,SH601618,0.012061208486557007,EXP_XGBModel_Alpha158_csi300_custom_step0_s_20260727_14,5623588085794fa2b3c0623478426cc3,0.054,,,
2259,2026-07-27,SH601601,-0.004323822911828756,EXP_XGBModel_Alpha158_csi300_custom_step0_s_20260727_14,5623588085794fa2b3c0623478426cc3,0.054,,,
2260,2026-07-27,SH601600,-0.034512463957071304,EXP_XGBModel_Alpha158_csi300_custom_step0_s_20260727_14,5623588085794fa2b3c0623478426cc3,0.054,,,
2261,2026-07-27,SH601456,0.007755693048238754,EXP_XGBModel_Alpha158_csi300_custom_step0_s_20260727_14,5623588085794fa2b3c0623478426cc3,0.054,,,
2262,2026-07-27,SH601398,0.02238992601633072,EXP_XGBModel_Alpha158_csi300_custom_step0_s_20260727_14,5623588085794fa2b3c0623478426cc3,0.054,,,
2263,2026-07-27,SH601390,0.01942623406648636,EXP_XGBModel_Alpha158_csi300_custom_step0_s_20260727_14,5623588085794fa2b3c0623478426cc3,0.054,,,
2264,2026-07-27,SH601377,0.0242263562977314,EXP_XGBModel_Alpha158_csi300_custom_step0_s_20260727_14,5623588085794fa2b3c0623478426cc3,0.054,,,
2265,2026-07-27,SH601360,-0.0644250363111496,EXP_XGBModel_Alpha158_csi300_custom_step0_s_20260727_14,5623588085794fa2b3c0623478426cc3,0.054,,,
2266,2026-07-27,SH601336,-0.09505078196525574,EXP_XGBModel_Alpha158_csi300_custom_step0_s_20260727_14,5623588085794fa2b3c0623478426cc3,0.054,,,
2267,2026-07-27,SH601607,0.020171761512756348,EXP_XGBModel_Alpha158_csi300_custom_step0_s_20260727_14,5623588085794fa2b3c0623478426cc3,0.054,,,
2268,2026-07-27,SH601018,0.03461510315537453,EXP_XGBModel_Alpha158_csi300_custom_step0_s_20260727_14,5623588085794fa2b3c0623478426cc3,0.054,,,
2269,2026-07-27,SH601012,-0.038209058344364166,EXP_XGBModel_Alpha158_csi300_custom_step0_s_20260727_14,5623588085794fa2b3c0623478426cc3,0.054,,,
2270,2026-07-27,SH601009,0.02263222262263298,EXP_XGBModel_Alpha158_csi300_custom_step0_s_20260727_14,5623588085794fa2b3c0623478426cc3,0.054,,,
2271,2026-07-27,SH600674,0.0745459720492363,EXP_XGBModel_Alpha158_csi300_custom_step0_s_20260727_14,5623588085794fa2b3c0623478426cc3,0.054,,,
2272,2026-07-27,SH600660,0.009323340840637684,EXP_XGBModel_Alpha158_csi300_custom_step0_s_20260727_14,5623588085794fa2b3c0623478426cc3,0.054,,,
2273,2026-07-27,SH600600,-0.008576308377087116,EXP_XGBModel_Alpha158_csi300_custom_step0_s_20260727_14,5623588085794fa2b3c0623478426cc3,0.054,,,
2274,2026-07-27,SH600588,-0.06303110718727112,EXP_XGBModel_Alpha158_csi300_custom_step0_s_20260727_14,5623588085794fa2b3c0623478426cc3,0.054,,,
2275,2026-07-27,SH600585,0.01913997158408165,EXP_XGBModel_Alpha158_csi300_custom_step0_s_20260727_14,5623588085794fa2b3c0623478426cc3,0.054,,,
2276,2026-07-27,SH600584,-0.11307431012392044,EXP_XGBModel_Alpha158_csi300_custom_step0_s_20260727_14,5623588085794fa2b3c0623478426cc3,0.054,,,
2277,2026-07-27,SH600570,0.00046165069215931,EXP_XGBModel_Alpha158_csi300_custom_step0_s_20260727_14,5623588085794fa2b3c0623478426cc3,0.054,,,
2278,2026-07-27,SH600549,0.3815748691558838,EXP_XGBModel_Alpha158_csi300_custom_step0_s_20260727_14,5623588085794fa2b3c0623478426cc3,0.054,,,
2279,2026-07-27,SH600690,0.03805376961827278,EXP_XGBModel_Alpha158_csi300_custom_step0_s_20260727_14,5623588085794fa2b3c0623478426cc3,0.054,,,
2280,2026-07-27,SH600547,-0.0558282807469368,EXP_XGBModel_Alpha158_csi300_custom_step0_s_20260727_14,5623588085794fa2b3c0623478426cc3,0.054,,,
2281,2026-07-27,SH600519,0.006376989651471376,EXP_XGBModel_Alpha158_csi300_custom_step0_s_20260727_14,5623588085794fa2b3c0623478426cc3,0.054,,,
2282,2026-07-27,SH600515,0.015655148774385452,EXP_XGBModel_Alpha158_csi300_custom_step0_s_20260727_14,5623588085794fa2b3c0623478426cc3,0.054,,,
2283,2026-07-27,SH600489,-0.0457037128508091,EXP_XGBModel_Alpha158_csi300_custom_step0_s_20260727_14,5623588085794fa2b3c0623478426cc3,0.054,,,
2284,2026-07-27,SH600482,-0.10817117244005203,EXP_XGBModel_Alpha158_csi300_custom_step0_s_20260727_14,5623588085794fa2b3c0623478426cc3,0.054,,,
2285,2026-07-27,SH600460,0.22408705949783325,EXP_XGBModel_Alpha158_csi300_custom_step0_s_20260727_14,5623588085794fa2b3c0623478426cc3,0.054,,,
2286,2026-07-27,SH600438,-0.019261322915554047,EXP_XGBModel_Alpha158_csi300_custom_step0_s_20260727_14,5623588085794fa2b3c0623478426cc3,0.054,,,
2287,2026-07-27,SH600436,-0.09115082025527954,EXP_XGBModel_Alpha158_csi300_custom_step0_s_20260727_14,5623588085794fa2b3c0623478426cc3,0.054,,,
2288,2026-07-27,SH600426,-0.041785482317209244,EXP_XGBModel_Alpha158_csi300_custom_step0_s_20260727_14,5623588085794fa2b3c0623478426cc3,0.054,,,
2289,2026-07-27,SH600522,0.210247203707695,EXP_XGBModel_Alpha158_csi300_custom_step0_s_20260727_14,5623588085794fa2b3c0623478426cc3,0.054,,,
2290,2026-07-27,SH600741,0.041889093816280365,EXP_XGBModel_Alpha158_csi300_custom_step0_s_20260727_14,5623588085794fa2b3c0623478426cc3,0.054,,,
2291,2026-07-27,SH600760,-0.029061244800686836,EXP_XGBModel_Alpha158_csi300_custom_step0_s_20260727_14,5623588085794fa2b3c0623478426cc3,0.054,,,
2292,2026-07-27,SH600795,0.03482143208384514,EXP_XGBModel_Alpha158_csi300_custom_step0_s_20260727_14,5623588085794fa2b3c0623478426cc3,0.054,,,
2293,2026-07-27,SH601006,0.030638914555311203,EXP_XGBModel_Alpha158_csi300_custom_step0_s_20260727_14,5623588085794fa2b3c0623478426cc3,0.054,,,
2294,2026-07-27,SH600999,-0.03598548099398613,EXP_XGBModel_Alpha158_csi300_custom_step0_s_20260727_14,5623588085794fa2b3c0623478426cc3,0.054,,,
2295,2026-07-27,SH600989,-0.033096276223659515,EXP_XGBModel_Alpha158_csi300_custom_step0_s_20260727_14,5623588085794fa2b3c0623478426cc3,0.054,,,
2296,2026-07-27,SH600958,-0.01560139562934637,EXP_XGBModel_Alpha158_csi300_custom_step0_s_20260727_14,5623588085794fa2b3c0623478426cc3,0.054,,,
2297,2026-07-27,SH600941,0.04342738538980484,EXP_XGBModel_Alpha158_csi300_custom_step0_s_20260727_14,5623588085794fa2b3c0623478426cc3,0.054,,,
2298,2026-07-27,SH600938,-0.10498019307851791,EXP_XGBModel_Alpha158_csi300_custom_step0_s_20260727_14,5623588085794fa2b3c0623478426cc3,0.054,,,
2299,2026-07-27,SH600930,0.10041637718677521,EXP_XGBModel_Alpha158_csi300_custom_step0_s_20260727_14,5623588085794fa2b3c0623478426cc3,0.054,,,
2300,2026-07-27,SH600926,0.02018875628709793,EXP_XGBModel_Alpha158_csi300_custom_step0_s_20260727_14,5623588085794fa2b3c0623478426cc3,0.054,,,
2301,2026-07-27,SH600919,0.04901649430394173,EXP_XGBModel_Alpha158_csi300_custom_step0_s_20260727_14,5623588085794fa2b3c0623478426cc3,0.054,,,
2302,2026-07-27,SH600918,-0.00113133923150599,EXP_XGBModel_Alpha158_csi300_custom_step0_s_20260727_14,5623588085794fa2b3c0623478426cc3,0.054,,,
2303,2026-07-27,SH600905,0.018345611169934273,EXP_XGBModel_Alpha158_csi300_custom_step0_s_20260727_14,5623588085794fa2b3c0623478426cc3,0.054,,,
2304,2026-07-27,SH600900,0.07646872848272324,EXP_XGBModel_Alpha158_csi300_custom_step0_s_20260727_14,5623588085794fa2b3c0623478426cc3,0.054,,,
2305,2026-07-27,SH600893,-0.0061587560921907425,EXP_XGBModel_Alpha158_csi300_custom_step0_s_20260727_14,5623588085794fa2b3c0623478426cc3,0.054,,,
2306,2026-07-27,SH600887,0.06071770563721657,EXP_XGBModel_Alpha158_csi300_custom_step0_s_20260727_14,5623588085794fa2b3c0623478426cc3,0.054,,,
2307,2026-07-27,SH600886,0.05387460067868233,EXP_XGBModel_Alpha158_csi300_custom_step0_s_20260727_14,5623588085794fa2b3c0623478426cc3,0.054,,,
2308,2026-07-27,SH600875,-0.011890482157468796,EXP_XGBModel_Alpha158_csi300_custom_step0_s_20260727_14,5623588085794fa2b3c0623478426cc3,0.054,,,
2309,2026-07-27,SH600845,-0.010774200782179832,EXP_XGBModel_Alpha158_csi300_custom_step0_s_20260727_14,5623588085794fa2b3c0623478426cc3,0.054,,,
2310,2026-07-27,SH600809,-0.03816565126180649,EXP_XGBModel_Alpha158_csi300_custom_step0_s_20260727_14,5623588085794fa2b3c0623478426cc3,0.054,,,
2311,2026-07-27,SH600803,-0.00546448677778244,EXP_XGBModel_Alpha158_csi300_custom_step0_s_20260727_14,5623588085794fa2b3c0623478426cc3,0.054,,,
2312,2026-07-27,SH600406,-0.006718719843775034,EXP_XGBModel_Alpha158_csi300_custom_step0_s_20260727_14,5623588085794fa2b3c0623478426cc3,0.054,,,
2313,2026-07-27,SH601727,-0.014152334071695805,EXP_XGBModel_Alpha158_csi300_custom_step0_s_20260727_14,5623588085794fa2b3c0623478426cc3,0.054,,,
2314,2026-07-27,SZ002594,0.03461654484272003,EXP_LinearModel_Alpha158_csi300_custom_step0_s_20260727_14,86e4de9a395b4543b87a20950284b40d,0.006,,,
2315,2026-07-27,SZ002532,-0.09498361498117447,EXP_LinearModel_Alpha158_csi300_custom_step0_s_20260727_14,86e4de9a395b4543b87a20950284b40d,0.006,,,
2316,2026-07-27,SH601868,0.09833309054374695,EXP_LinearModel_Alpha158_csi300_custom_step0_s_20260727_14,86e4de9a395b4543b87a20950284b40d,0.006,,,
2317,2026-07-27,SH601857,-0.0707014799118042,EXP_LinearModel_Alpha158_csi300_custom_step0_s_20260727_14,86e4de9a395b4543b87a20950284b40d,0.006,,,
2318,2026-07-27,SH601838,0.02047320269048214,EXP_LinearModel_Alpha158_csi300_custom_step0_s_20260727_14,86e4de9a395b4543b87a20950284b40d,0.006,,,
2319,2026-07-27,SH601825,-0.10917062312364578,EXP_LinearModel_Alpha158_csi300_custom_step0_s_20260727_14,86e4de9a395b4543b87a20950284b40d,0.006,,,
2320,2026-07-27,SH601818,0.010608837008476257,EXP_LinearModel_Alpha158_csi300_custom_step0_s_20260727_14,86e4de9a395b4543b87a20950284b40d,0.006,,,
2321,2026-07-27,SH601816,0.05932561680674553,EXP_LinearModel_Alpha158_csi300_custom_step0_s_20260727_14,86e4de9a395b4543b87a20950284b40d,0.006,,,
2322,2026-07-27,SH601800,0.04961804673075676,EXP_LinearModel_Alpha158_csi300_custom_step0_s_20260727_14,86e4de9a395b4543b87a20950284b40d,0.006,,,
2323,2026-07-27,SH601788,-0.046574629843235016,EXP_LinearModel_Alpha158_csi300_custom_step0_s_20260727_14,86e4de9a395b4543b87a20950284b40d,0.006,,,
2324,2026-07-27,SH601872,-0.026181204244494438,EXP_LinearModel_Alpha158_csi300_custom_step0_s_20260727_14,86e4de9a395b4543b87a20950284b40d,0.006,,,
2325,2026-07-27,SH601766,0.07140737771987915,EXP_LinearModel_Alpha158_csi300_custom_step0_s_20260727_14,86e4de9a395b4543b87a20950284b40d,0.006,,,
2326,2026-07-27,SH601727,0.007834495045244694,EXP_LinearModel_Alpha158_csi300_custom_step0_s_20260727_14,86e4de9a395b4543b87a20950284b40d,0.006,,,
2327,2026-07-27,SH601698,0.148906871676445,EXP_LinearModel_Alpha158_csi300_custom_step0_s_20260727_14,86e4de9a395b4543b87a20950284b40d,0.006,,,
2328,2026-07-27,SH601689,-0.08165950328111649,EXP_LinearModel_Alpha158_csi300_custom_step0_s_20260727_14,86e4de9a395b4543b87a20950284b40d,0.006,,,
2329,2026-07-27,SH601688,-0.011860227212309837,EXP_LinearModel_Alpha158_csi300_custom_step0_s_20260727_14,86e4de9a395b4543b87a20950284b40d,0.006,,,
2330,2026-07-27,SH601669,0.04083362594246864,EXP_LinearModel_Alpha158_csi300_custom_step0_s_20260727_14,86e4de9a395b4543b87a20950284b40d,0.006,,,
2331,2026-07-27,SH601668,0.07609137892723083,EXP_LinearModel_Alpha158_csi300_custom_step0_s_20260727_14,86e4de9a395b4543b87a20950284b40d,0.006,,,
2332,2026-07-27,SH601658,0.099727563560009,EXP_LinearModel_Alpha158_csi300_custom_step0_s_20260727_14,86e4de9a395b4543b87a20950284b40d,0.006,,,
2333,2026-07-27,SH601633,0.07712284475564957,EXP_LinearModel_Alpha158_csi300_custom_step0_s_20260727_14,86e4de9a395b4543b87a20950284b40d,0.006,,,
2334,2026-07-27,SH601728,0.13314026594161987,EXP_LinearModel_Alpha158_csi300_custom_step0_s_20260727_14,86e4de9a395b4543b87a20950284b40d,0.006,,,
2335,2026-07-27,SH601628,-0.012443646788597107,EXP_LinearModel_Alpha158_csi300_custom_step0_s_20260727_14,86e4de9a395b4543b87a20950284b40d,0.006,,,
2336,2026-07-27,SH601877,0.09153017401695251,EXP_LinearModel_Alpha158_csi300_custom_step0_s_20260727_14,86e4de9a395b4543b87a20950284b40d,0.006,,,
2337,2026-07-27,SH601881,-0.04689234867691994,EXP_LinearModel_Alpha158_csi300_custom_step0_s_20260727_14,86e4de9a395b4543b87a20950284b40d,0.006,,,
2338,2026-07-27,SH603392,0.054254818707704544,EXP_LinearModel_Alpha158_csi300_custom_step0_s_20260727_14,86e4de9a395b4543b87a20950284b40d,0.006,,,
2339,2026-07-27,SH603369,-0.03741675615310669,EXP_LinearModel_Alpha158_csi300_custom_step0_s_20260727_14,86e4de9a395b4543b87a20950284b40d,0.006,,,
2340,2026-07-27,SH603296,-0.3316134810447693,EXP_LinearModel_Alpha158_csi300_custom_step0_s_20260727_14,86e4de9a395b4543b87a20950284b40d,0.006,,,
2341,2026-07-27,SH603288,0.057749852538108826,EXP_LinearModel_Alpha158_csi300_custom_step0_s_20260727_14,86e4de9a395b4543b87a20950284b40d,0.006,,,
2342,2026-07-27,SH603260,0.1959606260061264,EXP_LinearModel_Alpha158_csi300_custom_step0_s_20260727_14,86e4de9a395b4543b87a20950284b40d,0.006,,,
2343,2026-07-27,SH603259,0.12424606084823608,EXP_LinearModel_Alpha158_csi300_custom_step0_s_20260727_14,86e4de9a395b4543b87a20950284b40d,0.006,,,
2344,2026-07-27,SH603019,-0.09836100041866302,EXP_LinearModel_Alpha158_csi300_custom_step0_s_20260727_14,86e4de9a395b4543b87a20950284b40d,0.006,,,
2345,2026-07-27,SH601998,0.02520749904215336,EXP_LinearModel_Alpha158_csi300_custom_step0_s_20260727_14,86e4de9a395b4543b87a20950284b40d,0.006,,,
2346,2026-07-27,SH601878,-0.027490738779306412,EXP_LinearModel_Alpha158_csi300_custom_step0_s_20260727_14,86e4de9a395b4543b87a20950284b40d,0.006,,,
2347,2026-07-27,SH601995,-0.05431508272886276,EXP_LinearModel_Alpha158_csi300_custom_step0_s_20260727_14,86e4de9a395b4543b87a20950284b40d,0.006,,,
2348,2026-07-27,SH601985,0.04250381514430046,EXP_LinearModel_Alpha158_csi300_custom_step0_s_20260727_14,86e4de9a395b4543b87a20950284b40d,0.006,,,
2349,2026-07-27,SH601939,-0.009543866850435734,EXP_LinearModel_Alpha158_csi300_custom_step0_s_20260727_14,86e4de9a395b4543b87a20950284b40d,0.006,,,
2350,2026-07-27,SH601919,-0.028196265920996666,EXP_LinearModel_Alpha158_csi300_custom_step0_s_20260727_14,86e4de9a395b4543b87a20950284b40d,0.006,,,
2351,2026-07-27,SH601916,0.009130377322435379,EXP_LinearModel_Alpha158_csi300_custom_step0_s_20260727_14,86e4de9a395b4543b87a20950284b40d,0.006,,,
2352,2026-07-27,SH601901,-0.13847631216049194,EXP_LinearModel_Alpha158_csi300_custom_step0_s_20260727_14,86e4de9a395b4543b87a20950284b40d,0.006,,,
2353,2026-07-27,SH601899,-0.11479759961366653,EXP_LinearModel_Alpha158_csi300_custom_step0_s_20260727_14,86e4de9a395b4543b87a20950284b40d,0.006,,,
2354,2026-07-27,SH601898,-0.09453287720680237,EXP_LinearModel_Alpha158_csi300_custom_step0_s_20260727_14,86e4de9a395b4543b87a20950284b40d,0.006,,,
2355,2026-07-27,SH601888,-0.045023608952760696,EXP_LinearModel_Alpha158_csi300_custom_step0_s_20260727_14,86e4de9a395b4543b87a20950284b40d,0.006,,,
2356,2026-07-27,SH601988,0.03175234794616699,EXP_LinearModel_Alpha158_csi300_custom_step0_s_20260727_14,86e4de9a395b4543b87a20950284b40d,0.006,,,
2357,2026-07-27,SH601618,0.08775924891233444,EXP_LinearModel_Alpha158_csi300_custom_step0_s_20260727_14,86e4de9a395b4543b87a20950284b40d,0.006,,,
2358,2026-07-27,SH601607,0.01439799927175045,EXP_LinearModel_Alpha158_csi300_custom_step0_s_20260727_14,86e4de9a395b4543b87a20950284b40d,0.006,,,
2359,2026-07-27,SH601601,0.04055997356772423,EXP_LinearModel_Alpha158_csi300_custom_step0_s_20260727_14,86e4de9a395b4543b87a20950284b40d,0.006,,,
2360,2026-07-27,SH601100,0.09848244488239288,EXP_LinearModel_Alpha158_csi300_custom_step0_s_20260727_14,86e4de9a395b4543b87a20950284b40d,0.006,,,
2361,2026-07-27,SH601088,0.0984514057636261,EXP_LinearModel_Alpha158_csi300_custom_step0_s_20260727_14,86e4de9a395b4543b87a20950284b40d,0.006,,,
2362,2026-07-27,SH601077,0.05854636803269386,EXP_LinearModel_Alpha158_csi300_custom_step0_s_20260727_14,86e4de9a395b4543b87a20950284b40d,0.006,,,
2363,2026-07-27,SH601066,-0.033295467495918274,EXP_LinearModel_Alpha158_csi300_custom_step0_s_20260727_14,86e4de9a395b4543b87a20950284b40d,0.006,,,
2364,2026-07-27,SH601059,-0.0702996551990509,EXP_LinearModel_Alpha158_csi300_custom_step0_s_20260727_14,86e4de9a395b4543b87a20950284b40d,0.006,,,
2365,2026-07-27,SH601058,0.05367882549762726,EXP_LinearModel_Alpha158_csi300_custom_step0_s_20260727_14,86e4de9a395b4543b87a20950284b40d,0.006,,,
2366,2026-07-27,SH601021,-0.02607659064233303,EXP_LinearModel_Alpha158_csi300_custom_step0_s_20260727_14,86e4de9a395b4543b87a20950284b40d,0.006,,,
2367,2026-07-27,SH601018,0.06515105068683624,EXP_LinearModel_Alpha158_csi300_custom_step0_s_20260727_14,86e4de9a395b4543b87a20950284b40d,0.006,,,
2368,2026-07-27,SH601111,-0.011956588365137577,EXP_LinearModel_Alpha158_csi300_custom_step0_s_20260727_14,86e4de9a395b4543b87a20950284b40d,0.006,,,
2369,2026-07-27,SH601012,-0.1351662427186966,EXP_LinearModel_Alpha158_csi300_custom_step0_s_20260727_14,86e4de9a395b4543b87a20950284b40d,0.006,,,
2370,2026-07-27,SH601006,0.10441544651985168,EXP_LinearModel_Alpha158_csi300_custom_step0_s_20260727_14,86e4de9a395b4543b87a20950284b40d,0.006,,,
2371,2026-07-27,SH600999,-0.23041465878486633,EXP_LinearModel_Alpha158_csi300_custom_step0_s_20260727_14,86e4de9a395b4543b87a20950284b40d,0.006,,,
2372,2026-07-27,SH600989,-0.2155562937259674,EXP_LinearModel_Alpha158_csi300_custom_step0_s_20260727_14,86e4de9a395b4543b87a20950284b40d,0.006,,,
2373,2026-07-27,SH600958,,EXP_LinearModel_Alpha158_csi300_custom_step0_s_20260727_14,86e4de9a395b4543b87a20950284b40d,0.006,,,
2374,2026-07-27,SH600941,0.1334993541240692,EXP_LinearModel_Alpha158_csi300_custom_step0_s_20260727_14,86e4de9a395b4543b87a20950284b40d,0.006,,,
2375,2026-07-27,SH600938,-0.2534770369529724,EXP_LinearModel_Alpha158_csi300_custom_step0_s_20260727_14,86e4de9a395b4543b87a20950284b40d,0.006,,,
2376,2026-07-27,SH600930,0.03688352182507515,EXP_LinearModel_Alpha158_csi300_custom_step0_s_20260727_14,86e4de9a395b4543b87a20950284b40d,0.006,,,
2377,2026-07-27,SH600926,-0.035155829042196274,EXP_LinearModel_Alpha158_csi300_custom_step0_s_20260727_14,86e4de9a395b4543b87a20950284b40d,0.006,,,
2378,2026-07-27,SH601009,-0.0006092970725148916,EXP_LinearModel_Alpha158_csi300_custom_step0_s_20260727_14,86e4de9a395b4543b87a20950284b40d,0.006,,,
2379,2026-07-27,SH601117,0.08175483345985413,EXP_LinearModel_Alpha158_csi300_custom_step0_s_20260727_14,86e4de9a395b4543b87a20950284b40d,0.006,,,
2380,2026-07-27,SH601127,0.09275834262371063,EXP_LinearModel_Alpha158_csi300_custom_step0_s_20260727_14,86e4de9a395b4543b87a20950284b40d,0.006,,,
2381,2026-07-27,SH601136,-0.09942720830440521,EXP_LinearModel_Alpha158_csi300_custom_step0_s_20260727_14,86e4de9a395b4543b87a20950284b40d,0.006,,,
2382,2026-07-27,SH601600,-0.03831353038549423,EXP_LinearModel_Alpha158_csi300_custom_step0_s_20260727_14,86e4de9a395b4543b87a20950284b40d,0.006,,,
2383,2026-07-27,SH601456,0.009122047573328018,EXP_LinearModel_Alpha158_csi300_custom_step0_s_20260727_14,86e4de9a395b4543b87a20950284b40d,0.006,,,
2384,2026-07-27,SH601398,0.061040498316287994,EXP_LinearModel_Alpha158_csi300_custom_step0_s_20260727_14,86e4de9a395b4543b87a20950284b40d,0.006,,,
2385,2026-07-27,SH601390,0.10771960020065308,EXP_LinearModel_Alpha158_csi300_custom_step0_s_20260727_14,86e4de9a395b4543b87a20950284b40d,0.006,,,
2386,2026-07-27,SH601377,-0.03701746463775635,EXP_LinearModel_Alpha158_csi300_custom_step0_s_20260727_14,86e4de9a395b4543b87a20950284b40d,0.006,,,
2387,2026-07-27,SH601360,-0.041278548538684845,EXP_LinearModel_Alpha158_csi300_custom_step0_s_20260727_14,86e4de9a395b4543b87a20950284b40d,0.006,,,
2388,2026-07-27,SH601336,-0.06743039190769196,EXP_LinearModel_Alpha158_csi300_custom_step0_s_20260727_14,86e4de9a395b4543b87a20950284b40d,0.006,,,
2389,2026-07-27,SH601328,0.050657257437705994,EXP_LinearModel_Alpha158_csi300_custom_step0_s_20260727_14,86e4de9a395b4543b87a20950284b40d,0.006,,,
2390,2026-07-27,SH601319,-0.007679739501327276,EXP_LinearModel_Alpha158_csi300_custom_step0_s_20260727_14,86e4de9a395b4543b87a20950284b40d,0.006,,,
2391,2026-07-27,SH601318,0.07333765923976898,EXP_LinearModel_Alpha158_csi300_custom_step0_s_20260727_14,86e4de9a395b4543b87a20950284b40d,0.006,,,
2392,2026-07-27,SH601288,0.011643202044069767,EXP_LinearModel_Alpha158_csi300_custom_step0_s_20260727_14,86e4de9a395b4543b87a20950284b40d,0.006,,,
2393,2026-07-27,SH601238,0.03333403915166855,EXP_LinearModel_Alpha158_csi300_custom_step0_s_20260727_14,86e4de9a395b4543b87a20950284b40d,0.006,,,
2394,2026-07-27,SH601229,-0.026073679327964783,EXP_LinearModel_Alpha158_csi300_custom_step0_s_20260727_14,86e4de9a395b4543b87a20950284b40d,0.006,,,
2395,2026-07-27,SH601225,-0.07282231748104095,EXP_LinearModel_Alpha158_csi300_custom_step0_s_20260727_14,86e4de9a395b4543b87a20950284b40d,0.006,,,
2396,2026-07-27,SH601211,-0.025657007470726967,EXP_LinearModel_Alpha158_csi300_custom_step0_s_20260727_14,86e4de9a395b4543b87a20950284b40d,0.006,,,
2397,2026-07-27,SH601186,0.06087871640920639,EXP_LinearModel_Alpha158_csi300_custom_step0_s_20260727_14,86e4de9a395b4543b87a20950284b40d,0.006,,,
2398,2026-07-27,SH601169,0.20875811576843262,EXP_LinearModel_Alpha158_csi300_custom_step0_s_20260727_14,86e4de9a395b4543b87a20950284b40d,0.006,,,
2399,2026-07-27,SH601166,0.027928078547120094,EXP_LinearModel_Alpha158_csi300_custom_step0_s_20260727_14,86e4de9a395b4543b87a20950284b40d,0.006,,,
2400,2026-07-27,SH601138,-0.058535873889923096,EXP_LinearModel_Alpha158_csi300_custom_step0_s_20260727_14,86e4de9a395b4543b87a20950284b40d,0.006,,,
2401,2026-07-27,SH603501,-0.003309134393930435,EXP_LinearModel_Alpha158_csi300_custom_step0_s_20260727_14,86e4de9a395b4543b87a20950284b40d,0.006,,,
2402,2026-07-27,SZ002558,0.28739821910858154,EXP_LinearModel_Alpha158_csi300_custom_step0_s_20260727_14,86e4de9a395b4543b87a20950284b40d,0.006,,,
2403,2026-07-27,SH603799,0.12878456711769104,EXP_LinearModel_Alpha158_csi300_custom_step0_s_20260727_14,86e4de9a395b4543b87a20950284b40d,0.006,,,
2404,2026-07-27,SH603986,0.11253594607114792,EXP_LinearModel_Alpha158_csi300_custom_step0_s_20260727_14,86e4de9a395b4543b87a20950284b40d,0.006,,,
2405,2026-07-27,SZ002028,-0.06673064082860947,EXP_LinearModel_Alpha158_csi300_custom_step0_s_20260727_14,86e4de9a395b4543b87a20950284b40d,0.006,,,
2406,2026-07-27,SZ002027,0.04898587986826897,EXP_LinearModel_Alpha158_csi300_custom_step0_s_20260727_14,86e4de9a395b4543b87a20950284b40d,0.006,,,
2407,2026-07-27,SZ002001,0.023410044610500336,EXP_LinearModel_Alpha158_csi300_custom_step0_s_20260727_14,86e4de9a395b4543b87a20950284b40d,0.006,,,
2408,2026-07-27,SZ001979,0.11661311984062195,EXP_LinearModel_Alpha158_csi300_custom_step0_s_20260727_14,86e4de9a395b4543b87a20950284b40d,0.006,,,
2409,2026-07-27,SZ001965,0.045109424740076065,EXP_LinearModel_Alpha158_csi300_custom_step0_s_20260727_14,86e4de9a395b4543b87a20950284b40d,0.006,,,
2410,2026-07-27,SZ001391,0.056312017142772675,EXP_LinearModel_Alpha158_csi300_custom_step0_s_20260727_14,86e4de9a395b4543b87a20950284b40d,0.006,,,
2411,2026-07-27,SZ001280,0.15144909918308258,EXP_LinearModel_Alpha158_csi300_custom_step0_s_20260727_14,86e4de9a395b4543b87a20950284b40d,0.006,,,
2412,2026-07-27,SZ000999,0.04085473716259003,EXP_LinearModel_Alpha158_csi300_custom_step0_s_20260727_14,86e4de9a395b4543b87a20950284b40d,0.006,,,
2413,2026-07-27,SZ002049,0.03828665241599083,EXP_LinearModel_Alpha158_csi300_custom_step0_s_20260727_14,86e4de9a395b4543b87a20950284b40d,0.006,,,
2414,2026-07-27,SZ000988,0.10518506914377213,EXP_LinearModel_Alpha158_csi300_custom_step0_s_20260727_14,86e4de9a395b4543b87a20950284b40d,0.006,,,
2415,2026-07-27,SZ000975,-0.30279651284217834,EXP_LinearModel_Alpha158_csi300_custom_step0_s_20260727_14,86e4de9a395b4543b87a20950284b40d,0.006,,,
2416,2026-07-27,SZ000963,-0.003463535103946924,EXP_LinearModel_Alpha158_csi300_custom_step0_s_20260727_14,86e4de9a395b4543b87a20950284b40d,0.006,,,
2417,2026-07-27,SZ000938,-0.3320726454257965,EXP_LinearModel_Alpha158_csi300_custom_step0_s_20260727_14,86e4de9a395b4543b87a20950284b40d,0.006,,,
2418,2026-07-27,SZ000895,0.05904329568147659,EXP_LinearModel_Alpha158_csi300_custom_step0_s_20260727_14,86e4de9a395b4543b87a20950284b40d,0.006,,,
2419,2026-07-27,SZ000858,0.0213933102786541,EXP_LinearModel_Alpha158_csi300_custom_step0_s_20260727_14,86e4de9a395b4543b87a20950284b40d,0.006,,,
2420,2026-07-27,SZ000807,0.0013118534116074443,EXP_LinearModel_Alpha158_csi300_custom_step0_s_20260727_14,86e4de9a395b4543b87a20950284b40d,0.006,,,
2421,2026-07-27,SZ000792,0.07396644353866577,EXP_LinearModel_Alpha158_csi300_custom_step0_s_20260727_14,86e4de9a395b4543b87a20950284b40d,0.006,,,
2422,2026-07-27,SZ000776,-0.12970153987407684,EXP_LinearModel_Alpha158_csi300_custom_step0_s_20260727_14,86e4de9a395b4543b87a20950284b40d,0.006,,,
2423,2026-07-27,SZ000977,-0.14178414642810822,EXP_LinearModel_Alpha158_csi300_custom_step0_s_20260727_14,86e4de9a395b4543b87a20950284b40d,0.006,,,
2424,2026-07-27,SZ000768,0.06947462260723114,EXP_LinearModel_Alpha158_csi300_custom_step0_s_20260727_14,86e4de9a395b4543b87a20950284b40d,0.006,,,
2425,2026-07-27,SZ002050,0.015806013718247414,EXP_LinearModel_Alpha158_csi300_custom_step0_s_20260727_14,86e4de9a395b4543b87a20950284b40d,0.006,,,
2426,2026-07-27,SZ002142,0.002308995695784688,EXP_LinearModel_Alpha158_csi300_custom_step0_s_20260727_14,86e4de9a395b4543b87a20950284b40d,0.006,,,
2427,2026-07-27,SZ002493,0.04337065666913986,EXP_LinearModel_Alpha158_csi300_custom_step0_s_20260727_14,86e4de9a395b4543b87a20950284b40d,0.006,,,
2428,2026-07-27,SZ002475,-0.06204336881637573,EXP_LinearModel_Alpha158_csi300_custom_step0_s_20260727_14,86e4de9a395b4543b87a20950284b40d,0.006,,,
2429,2026-07-27,SZ002466,0.41734760999679565,EXP_LinearModel_Alpha158_csi300_custom_step0_s_20260727_14,86e4de9a395b4543b87a20950284b40d,0.006,,,
2430,2026-07-27,SZ002463,-0.21999448537826538,EXP_LinearModel_Alpha158_csi300_custom_step0_s_20260727_14,86e4de9a395b4543b87a20950284b40d,0.006,,,
2431,2026-07-27,SZ002460,0.29279282689094543,EXP_LinearModel_Alpha158_csi300_custom_step0_s_20260727_14,86e4de9a395b4543b87a20950284b40d,0.006,,,
2432,2026-07-27,SZ002422,-0.09984742105007172,EXP_LinearModel_Alpha158_csi300_custom_step0_s_20260727_14,86e4de9a395b4543b87a20950284b40d,0.006,,,
2433,2026-07-27,SZ002415,-0.17694281041622162,EXP_LinearModel_Alpha158_csi300_custom_step0_s_20260727_14,86e4de9a395b4543b87a20950284b40d,0.006,,,
2434,2026-07-27,SZ002384,-0.2841414511203766,EXP_LinearModel_Alpha158_csi300_custom_step0_s_20260727_14,86e4de9a395b4543b87a20950284b40d,0.006,,,
2435,2026-07-27,SZ002074,-0.057491764426231384,EXP_LinearModel_Alpha158_csi300_custom_step0_s_20260727_14,86e4de9a395b4543b87a20950284b40d,0.006,,,
2436,2026-07-27,SZ002371,-0.10736586898565292,EXP_LinearModel_Alpha158_csi300_custom_step0_s_20260727_14,86e4de9a395b4543b87a20950284b40d,0.006,,,
2437,2026-07-27,SZ002352,0.030383866280317307,EXP_LinearModel_Alpha158_csi300_custom_step0_s_20260727_14,86e4de9a395b4543b87a20950284b40d,0.006,,,
2438,2026-07-27,SZ002311,0.06605135649442673,EXP_LinearModel_Alpha158_csi300_custom_step0_s_20260727_14,86e4de9a395b4543b87a20950284b40d,0.006,,,
2439,2026-07-27,SZ002304,-0.009292377158999443,EXP_LinearModel_Alpha158_csi300_custom_step0_s_20260727_14,86e4de9a395b4543b87a20950284b40d,0.006,,,
2440,2026-07-27,SZ002241,-0.07299960404634476,EXP_LinearModel_Alpha158_csi300_custom_step0_s_20260727_14,86e4de9a395b4543b87a20950284b40d,0.006,,,
2441,2026-07-27,SZ002236,-0.05616332218050957,EXP_LinearModel_Alpha158_csi300_custom_step0_s_20260727_14,86e4de9a395b4543b87a20950284b40d,0.006,,,
2442,2026-07-27,SZ002230,-0.08126914501190186,EXP_LinearModel_Alpha158_csi300_custom_step0_s_20260727_14,86e4de9a395b4543b87a20950284b40d,0.006,,,
2443,2026-07-27,SZ002202,0.1337297260761261,EXP_LinearModel_Alpha158_csi300_custom_step0_s_20260727_14,86e4de9a395b4543b87a20950284b40d,0.006,,,
2444,2026-07-27,SZ002179,0.14683131873607635,EXP_LinearModel_Alpha158_csi300_custom_step0_s_20260727_14,86e4de9a395b4543b87a20950284b40d,0.006,,,
2445,2026-07-27,SZ002353,-0.07466165721416473,EXP_LinearModel_Alpha158_csi300_custom_step0_s_20260727_14,86e4de9a395b4543b87a20950284b40d,0.006,,,
2446,2026-07-27,SZ000725,0.05614382028579712,EXP_LinearModel_Alpha158_csi300_custom_step0_s_20260727_14,86e4de9a395b4543b87a20950284b40d,0.006,,,
2447,2026-07-27,SZ000708,0.031080061569809914,EXP_LinearModel_Alpha158_csi300_custom_step0_s_20260727_14,86e4de9a395b4543b87a20950284b40d,0.006,,,
2448,2026-07-27,SZ000657,0.08762899786233902,EXP_LinearModel_Alpha158_csi300_custom_step0_s_20260727_14,86e4de9a395b4543b87a20950284b40d,0.006,,,
2449,2026-07-27,SH688303,0.08938348293304443,EXP_LinearModel_Alpha158_csi300_custom_step0_s_20260727_14,86e4de9a395b4543b87a20950284b40d,0.006,,,
2450,2026-07-27,SH688271,0.02666616439819336,EXP_LinearModel_Alpha158_csi300_custom_step0_s_20260727_14,86e4de9a395b4543b87a20950284b40d,0.006,,,
2451,2026-07-27,SH688256,-0.18154403567314148,EXP_LinearModel_Alpha158_csi300_custom_step0_s_20260727_14,86e4de9a395b4543b87a20950284b40d,0.006,,,
2452,2026-07-27,SH688223,0.17563512921333313,EXP_LinearModel_Alpha158_csi300_custom_step0_s_20260727_14,86e4de9a395b4543b87a20950284b40d,0.006,,,
2453,2026-07-27,SH688183,-0.3068915009498596,EXP_LinearModel_Alpha158_csi300_custom_step0_s_20260727_14,86e4de9a395b4543b87a20950284b40d,0.006,,,
2454,2026-07-27,SH688126,0.14793550968170166,EXP_LinearModel_Alpha158_csi300_custom_step0_s_20260727_14,86e4de9a395b4543b87a20950284b40d,0.006,,,
2455,2026-07-27,SH688111,-0.007947679609060287,EXP_LinearModel_Alpha158_csi300_custom_step0_s_20260727_14,86e4de9a395b4543b87a20950284b40d,0.006,,,
2456,2026-07-27,SH688082,0.2935258746147156,EXP_LinearModel_Alpha158_csi300_custom_step0_s_20260727_14,86e4de9a395b4543b87a20950284b40d,0.006,,,
2457,2026-07-27,SH688396,0.15128187835216522,EXP_LinearModel_Alpha158_csi300_custom_step0_s_20260727_14,86e4de9a395b4543b87a20950284b40d,0.006,,,
2458,2026-07-27,SH688072,,EXP_LinearModel_Alpha158_csi300_custom_step0_s_20260727_14,86e4de9a395b4543b87a20950284b40d,0.006,,,
2459,2026-07-27,SH688041,-0.12712758779525757,EXP_LinearModel_Alpha158_csi300_custom_step0_s_20260727_14,86e4de9a395b4543b87a20950284b40d,0.006,,,
2460,2026-07-27,SH688036,0.03601884841918945,EXP_LinearModel_Alpha158_csi300_custom_step0_s_20260727_14,86e4de9a395b4543b87a20950284b40d,0.006,,,
2461,2026-07-27,SH688012,-0.10862035304307938,EXP_LinearModel_Alpha158_csi300_custom_step0_s_20260727_14,86e4de9a395b4543b87a20950284b40d,0.006,,,
2462,2026-07-27,SH688009,0.009539574384689331,EXP_LinearModel_Alpha158_csi300_custom_step0_s_20260727_14,86e4de9a395b4543b87a20950284b40d,0.006,,,
2463,2026-07-27,SH688008,-0.3684577941894531,EXP_LinearModel_Alpha158_csi300_custom_step0_s_20260727_14,86e4de9a395b4543b87a20950284b40d,0.006,,,
2464,2026-07-27,SH605499,-0.02153722196817398,EXP_LinearModel_Alpha158_csi300_custom_step0_s_20260727_14,86e4de9a395b4543b87a20950284b40d,0.006,,,
2465,2026-07-27,SH605117,0.05049316585063934,EXP_LinearModel_Alpha158_csi300_custom_step0_s_20260727_14,86e4de9a395b4543b87a20950284b40d,0.006,,,
2466,2026-07-27,SH603993,-0.11416132003068924,EXP_LinearModel_Alpha158_csi300_custom_step0_s_20260727_14,86e4de9a395b4543b87a20950284b40d,0.006,,,
2467,2026-07-27,SH688047,0.12111568450927734,EXP_LinearModel_Alpha158_csi300_custom_step0_s_20260727_14,86e4de9a395b4543b87a20950284b40d,0.006,,,
2468,2026-07-27,SH688472,0.14530977606773376,EXP_LinearModel_Alpha158_csi300_custom_step0_s_20260727_14,86e4de9a395b4543b87a20950284b40d,0.006,,,
2469,2026-07-27,SH688506,0.2006870061159134,EXP_LinearModel_Alpha158_csi300_custom_step0_s_20260727_14,86e4de9a395b4543b87a20950284b40d,0.006,,,
2470,2026-07-27,SH688521,0.3552286922931671,EXP_LinearModel_Alpha158_csi300_custom_step0_s_20260727_14,86e4de9a395b4543b87a20950284b40d,0.006,,,
2471,2026-07-27,SZ000651,0.1602146029472351,EXP_LinearModel_Alpha158_csi300_custom_step0_s_20260727_14,86e4de9a395b4543b87a20950284b40d,0.006,,,
2472,2026-07-27,SZ000630,0.04010040685534477,EXP_LinearModel_Alpha158_csi300_custom_step0_s_20260727_14,86e4de9a395b4543b87a20950284b40d,0.006,,,
2473,2026-07-27,SZ000625,-0.005235794931650162,EXP_LinearModel_Alpha158_csi300_custom_step0_s_20260727_14,86e4de9a395b4543b87a20950284b40d,0.006,,,
2474,2026-07-27,SZ000617,-0.07335768640041351,EXP_LinearModel_Alpha158_csi300_custom_step0_s_20260727_14,86e4de9a395b4543b87a20950284b40d,0.006,,,
2475,2026-07-27,SZ000596,-0.11109870672225952,EXP_LinearModel_Alpha158_csi300_custom_step0_s_20260727_14,86e4de9a395b4543b87a20950284b40d,0.006,,,
2476,2026-07-27,SZ000568,-0.0430586114525795,EXP_LinearModel_Alpha158_csi300_custom_step0_s_20260727_14,86e4de9a395b4543b87a20950284b40d,0.006,,,
2477,2026-07-27,SZ000538,0.058281149715185165,EXP_LinearModel_Alpha158_csi300_custom_step0_s_20260727_14,86e4de9a395b4543b87a20950284b40d,0.006,,,
2478,2026-07-27,SZ000425,0.029106058180332184,EXP_LinearModel_Alpha158_csi300_custom_step0_s_20260727_14,86e4de9a395b4543b87a20950284b40d,0.006,,,
2479,2026-07-27,SZ000408,-0.07060281932353973,EXP_LinearModel_Alpha158_csi300_custom_step0_s_20260727_14,86e4de9a395b4543b87a20950284b40d,0.006,,,
2480,2026-07-27,SZ000338,-0.20778128504753113,EXP_LinearModel_Alpha158_csi300_custom_step0_s_20260727_14,86e4de9a395b4543b87a20950284b40d,0.006,,,
2481,2026-07-27,SZ000333,0.1272929310798645,EXP_LinearModel_Alpha158_csi300_custom_step0_s_20260727_14,86e4de9a395b4543b87a20950284b40d,0.006,,,
2482,2026-07-27,SZ000301,-0.06984889507293701,EXP_LinearModel_Alpha158_csi300_custom_step0_s_20260727_14,86e4de9a395b4543b87a20950284b40d,0.006,,,
2483,2026-07-27,SZ000166,0.056908223778009415,EXP_LinearModel_Alpha158_csi300_custom_step0_s_20260727_14,86e4de9a395b4543b87a20950284b40d,0.006,,,
2484,2026-07-27,SZ000157,0.055178865790367126,EXP_LinearModel_Alpha158_csi300_custom_step0_s_20260727_14,86e4de9a395b4543b87a20950284b40d,0.006,,,
2485,2026-07-27,SZ000100,-0.24461378157138824,EXP_LinearModel_Alpha158_csi300_custom_step0_s_20260727_14,86e4de9a395b4543b87a20950284b40d,0.006,,,
2486,2026-07-27,SZ000063,-0.18357998132705688,EXP_LinearModel_Alpha158_csi300_custom_step0_s_20260727_14,86e4de9a395b4543b87a20950284b40d,0.006,,,
2487,2026-07-27,SZ000002,0.04129360616207123,EXP_LinearModel_Alpha158_csi300_custom_step0_s_20260727_14,86e4de9a395b4543b87a20950284b40d,0.006,,,
2488,2026-07-27,SZ000001,0.03048086166381836,EXP_LinearModel_Alpha158_csi300_custom_step0_s_20260727_14,86e4de9a395b4543b87a20950284b40d,0.006,,,
2489,2026-07-27,SH688981,-0.22362163662910461,EXP_LinearModel_Alpha158_csi300_custom_step0_s_20260727_14,86e4de9a395b4543b87a20950284b40d,0.006,,,
2490,2026-07-27,SH603893,-0.19172891974449158,EXP_LinearModel_Alpha158_csi300_custom_step0_s_20260727_14,86e4de9a395b4543b87a20950284b40d,0.006,,,
2491,2026-07-27,SH601728,0.026409948244690895,EXP_XGBModel_Alpha158_csi300_custom_step0_s_20260727_14,5623588085794fa2b3c0623478426cc3,0.054,,,
2492,2026-07-27,SH601766,0.04994955286383629,EXP_XGBModel_Alpha158_csi300_custom_step0_s_20260727_14,5623588085794fa2b3c0623478426cc3,0.054,,,
2493,2026-07-27,SH601788,0.033538222312927246,EXP_XGBModel_Alpha158_csi300_custom_step0_s_20260727_14,5623588085794fa2b3c0623478426cc3,0.054,,,
2494,2026-07-27,SH600905,0.011305354535579681,EXP_XGBModel_Alpha158_csi300_custom_step0_s_20260727_14,74e6bbdc51b24b8d8a8f80121b8e31e4,0.052,,,
2495,2026-07-27,SH600900,0.05094531178474426,EXP_XGBModel_Alpha158_csi300_custom_step0_s_20260727_14,74e6bbdc51b24b8d8a8f80121b8e31e4,0.052,,,
2496,2026-07-27,SH600893,-0.0014730301918461919,EXP_XGBModel_Alpha158_csi300_custom_step0_s_20260727_14,74e6bbdc51b24b8d8a8f80121b8e31e4,0.052,,,
2497,2026-07-27,SH600887,0.06129717081785202,EXP_XGBModel_Alpha158_csi300_custom_step0_s_20260727_14,74e6bbdc51b24b8d8a8f80121b8e31e4,0.052,,,
2498,2026-07-27,SH600886,0.060476381331682205,EXP_XGBModel_Alpha158_csi300_custom_step0_s_20260727_14,74e6bbdc51b24b8d8a8f80121b8e31e4,0.052,,,
2499,2026-07-27,SH600875,-0.039031341671943665,EXP_XGBModel_Alpha158_csi300_custom_step0_s_20260727_14,74e6bbdc51b24b8d8a8f80121b8e31e4,0.052,,,
2500,2026-07-27,SH600845,-0.010750356130301952,EXP_XGBModel_Alpha158_csi300_custom_step0_s_20260727_14,74e6bbdc51b24b8d8a8f80121b8e31e4,0.052,,,
2501,2026-07-27,SH600809,-0.06053321808576584,EXP_XGBModel_Alpha158_csi300_custom_step0_s_20260727_14,74e6bbdc51b24b8d8a8f80121b8e31e4,0.052,,,
2502,2026-07-27,SH600918,-0.0020569851621985435,EXP_XGBModel_Alpha158_csi300_custom_step0_s_20260727_14,74e6bbdc51b24b8d8a8f80121b8e31e4,0.052,,,
2503,2026-07-27,SH600803,-0.008958088234066963,EXP_XGBModel_Alpha158_csi300_custom_step0_s_20260727_14,74e6bbdc51b24b8d8a8f80121b8e31e4,0.052,,,
2504,2026-07-27,SH600760,-0.028822923079133034,EXP_XGBModel_Alpha158_csi300_custom_step0_s_20260727_14,74e6bbdc51b24b8d8a8f80121b8e31e4,0.052,,,
2505,2026-07-27,SH600741,0.03389323875308037,EXP_XGBModel_Alpha158_csi300_custom_step0_s_20260727_14,74e6bbdc51b24b8d8a8f80121b8e31e4,0.052,,,
2506,2026-07-27,SH600690,0.016748135909438133,EXP_XGBModel_Alpha158_csi300_custom_step0_s_20260727_14,74e6bbdc51b24b8d8a8f80121b8e31e4,0.052,,,
2507,2026-07-27,SH600674,0.048449691385030746,EXP_XGBModel_Alpha158_csi300_custom_step0_s_20260727_14,74e6bbdc51b24b8d8a8f80121b8e31e4,0.052,,,
2508,2026-07-27,SH600660,0.005343487020581961,EXP_XGBModel_Alpha158_csi300_custom_step0_s_20260727_14,74e6bbdc51b24b8d8a8f80121b8e31e4,0.052,,,
2509,2026-07-27,SH600600,-0.011010131798684597,EXP_XGBModel_Alpha158_csi300_custom_step0_s_20260727_14,74e6bbdc51b24b8d8a8f80121b8e31e4,0.052,,,
2510,2026-07-27,SH600588,-0.03494300693273544,EXP_XGBModel_Alpha158_csi300_custom_step0_s_20260727_14,74e6bbdc51b24b8d8a8f80121b8e31e4,0.052,,,
2511,2026-07-27,SH600585,0.0017777768662199378,EXP_XGBModel_Alpha158_csi300_custom_step0_s_20260727_14,74e6bbdc51b24b8d8a8f80121b8e31e4,0.052,,,
2512,2026-07-27,SH600795,0.026545170694589615,EXP_XGBModel_Alpha158_csi300_custom_step0_s_20260727_14,74e6bbdc51b24b8d8a8f80121b8e31e4,0.052,,,
2513,2026-07-27,SH600584,-0.05804073065519333,EXP_XGBModel_Alpha158_csi300_custom_step0_s_20260727_14,74e6bbdc51b24b8d8a8f80121b8e31e4,0.052,,,
2514,2026-07-27,SH600919,0.04940784350037575,EXP_XGBModel_Alpha158_csi300_custom_step0_s_20260727_14,74e6bbdc51b24b8d8a8f80121b8e31e4,0.052,,,
2515,2026-07-27,SH600930,0.03289634734392166,EXP_XGBModel_Alpha158_csi300_custom_step0_s_20260727_14,74e6bbdc51b24b8d8a8f80121b8e31e4,0.052,,,
2516,2026-07-27,SH601117,-0.015999572351574898,EXP_XGBModel_Alpha158_csi300_custom_step0_s_20260727_14,74e6bbdc51b24b8d8a8f80121b8e31e4,0.052,,,
2517,2026-07-27,SH601111,-0.0007535660406574607,EXP_XGBModel_Alpha158_csi300_custom_step0_s_20260727_14,74e6bbdc51b24b8d8a8f80121b8e31e4,0.052,,,
2518,2026-07-27,SH601100,-0.021242976188659668,EXP_XGBModel_Alpha158_csi300_custom_step0_s_20260727_14,74e6bbdc51b24b8d8a8f80121b8e31e4,0.052,,,
2519,2026-07-27,SH601088,-0.0020675596315413713,EXP_XGBModel_Alpha158_csi300_custom_step0_s_20260727_14,74e6bbdc51b24b8d8a8f80121b8e31e4,0.052,,,
2520,2026-07-27,SH601077,0.015471086837351322,EXP_XGBModel_Alpha158_csi300_custom_step0_s_20260727_14,74e6bbdc51b24b8d8a8f80121b8e31e4,0.052,,,
2521,2026-07-27,SH601066,-0.11064605414867401,EXP_XGBModel_Alpha158_csi300_custom_step0_s_20260727_14,74e6bbdc51b24b8d8a8f80121b8e31e4,0.052,,,
2522,2026-07-27,SH601059,0.006206103600561619,EXP_XGBModel_Alpha158_csi300_custom_step0_s_20260727_14,74e6bbdc51b24b8d8a8f80121b8e31e4,0.052,,,
2523,2026-07-27,SH601058,-0.05587621405720711,EXP_XGBModel_Alpha158_csi300_custom_step0_s_20260727_14,74e6bbdc51b24b8d8a8f80121b8e31e4,0.052,,,
2524,2026-07-27,SH600926,0.019824480637907982,EXP_XGBModel_Alpha158_csi300_custom_step0_s_20260727_14,74e6bbdc51b24b8d8a8f80121b8e31e4,0.052,,,
2525,2026-07-27,SH601021,0.03433656692504883,EXP_XGBModel_Alpha158_csi300_custom_step0_s_20260727_14,74e6bbdc51b24b8d8a8f80121b8e31e4,0.052,,,
2526,2026-07-27,SH601012,-0.06474793702363968,EXP_XGBModel_Alpha158_csi300_custom_step0_s_20260727_14,74e6bbdc51b24b8d8a8f80121b8e31e4,0.052,,,
2527,2026-07-27,SH601009,0.02504611760377884,EXP_XGBModel_Alpha158_csi300_custom_step0_s_20260727_14,74e6bbdc51b24b8d8a8f80121b8e31e4,0.052,,,
2528,2026-07-27,SH601006,0.017062537372112274,EXP_XGBModel_Alpha158_csi300_custom_step0_s_20260727_14,74e6bbdc51b24b8d8a8f80121b8e31e4,0.052,,,
2529,2026-07-27,SH600999,-0.05505848303437233,EXP_XGBModel_Alpha158_csi300_custom_step0_s_20260727_14,74e6bbdc51b24b8d8a8f80121b8e31e4,0.052,,,
2530,2026-07-27,SH600989,-0.024156389757990837,EXP_XGBModel_Alpha158_csi300_custom_step0_s_20260727_14,74e6bbdc51b24b8d8a8f80121b8e31e4,0.052,,,
2531,2026-07-27,SH600958,-0.005346704740077257,EXP_XGBModel_Alpha158_csi300_custom_step0_s_20260727_14,74e6bbdc51b24b8d8a8f80121b8e31e4,0.052,,,
2532,2026-07-27,SH600941,0.018947042524814606,EXP_XGBModel_Alpha158_csi300_custom_step0_s_20260727_14,74e6bbdc51b24b8d8a8f80121b8e31e4,0.052,,,
2533,2026-07-27,SH600938,-0.09620936959981918,EXP_XGBModel_Alpha158_csi300_custom_step0_s_20260727_14,74e6bbdc51b24b8d8a8f80121b8e31e4,0.052,,,
2534,2026-07-27,SH601018,0.01773194596171379,EXP_XGBModel_Alpha158_csi300_custom_step0_s_20260727_14,74e6bbdc51b24b8d8a8f80121b8e31e4,0.052,,,
2535,2026-07-27,SH600570,-0.01347388792783022,EXP_XGBModel_Alpha158_csi300_custom_step0_s_20260727_14,74e6bbdc51b24b8d8a8f80121b8e31e4,0.052,,,
2536,2026-07-27,SH600549,0.05731576681137085,EXP_XGBModel_Alpha158_csi300_custom_step0_s_20260727_14,74e6bbdc51b24b8d8a8f80121b8e31e4,0.052,,,
2537,2026-07-27,SH600547,-0.06059686094522476,EXP_XGBModel_Alpha158_csi300_custom_step0_s_20260727_14,74e6bbdc51b24b8d8a8f80121b8e31e4,0.052,,,
2538,2026-07-27,SH600160,-0.06942488998174667,EXP_XGBModel_Alpha158_csi300_custom_step0_s_20260727_14,74e6bbdc51b24b8d8a8f80121b8e31e4,0.052,,,
2539,2026-07-27,SH600150,-0.017715824767947197,EXP_XGBModel_Alpha158_csi300_custom_step0_s_20260727_14,74e6bbdc51b24b8d8a8f80121b8e31e4,0.052,,,
2540,2026-07-27,SH600118,0.06295978277921677,EXP_XGBModel_Alpha158_csi300_custom_step0_s_20260727_14,74e6bbdc51b24b8d8a8f80121b8e31e4,0.052,,,
2541,2026-07-27,SH600115,-0.01564200222492218,EXP_XGBModel_Alpha158_csi300_custom_step0_s_20260727_14,74e6bbdc51b24b8d8a8f80121b8e31e4,0.052,,,
2542,2026-07-27,SH600111,0.054112132638692856,EXP_XGBModel_Alpha158_csi300_custom_step0_s_20260727_14,74e6bbdc51b24b8d8a8f80121b8e31e4,0.052,,,
2543,2026-07-27,SH600104,0.009769226424396038,EXP_XGBModel_Alpha158_csi300_custom_step0_s_20260727_14,74e6bbdc51b24b8d8a8f80121b8e31e4,0.052,,,
2544,2026-07-27,SH600089,-0.053123071789741516,EXP_XGBModel_Alpha158_csi300_custom_step0_s_20260727_14,74e6bbdc51b24b8d8a8f80121b8e31e4,0.052,,,
2545,2026-07-27,SH600085,-0.019146904349327087,EXP_XGBModel_Alpha158_csi300_custom_step0_s_20260727_14,74e6bbdc51b24b8d8a8f80121b8e31e4,0.052,,,
2546,2026-07-27,SH600176,0.24720141291618347,EXP_XGBModel_Alpha158_csi300_custom_step0_s_20260727_14,74e6bbdc51b24b8d8a8f80121b8e31e4,0.052,,,
2547,2026-07-27,SH600066,-0.07044335454702377,EXP_XGBModel_Alpha158_csi300_custom_step0_s_20260727_14,74e6bbdc51b24b8d8a8f80121b8e31e4,0.052,,,
2548,2026-07-27,SH600050,0.015740452334284782,EXP_XGBModel_Alpha158_csi300_custom_step0_s_20260727_14,74e6bbdc51b24b8d8a8f80121b8e31e4,0.052,,,
2549,2026-07-27,SH600048,0.013594850897789001,EXP_XGBModel_Alpha158_csi300_custom_step0_s_20260727_14,74e6bbdc51b24b8d8a8f80121b8e31e4,0.052,,,
2550,2026-07-27,SH600039,0.031455423682928085,EXP_XGBModel_Alpha158_csi300_custom_step0_s_20260727_14,74e6bbdc51b24b8d8a8f80121b8e31e4,0.052,,,
2551,2026-07-27,SH600036,0.035168956965208054,EXP_XGBModel_Alpha158_csi300_custom_step0_s_20260727_14,74e6bbdc51b24b8d8a8f80121b8e31e4,0.052,,,
2552,2026-07-27,SH600031,0.01581883430480957,EXP_XGBModel_Alpha158_csi300_custom_step0_s_20260727_14,74e6bbdc51b24b8d8a8f80121b8e31e4,0.052,,,
2553,2026-07-27,SH600030,-0.03231361508369446,EXP_XGBModel_Alpha158_csi300_custom_step0_s_20260727_14,74e6bbdc51b24b8d8a8f80121b8e31e4,0.052,,,
2554,2026-07-27,SH600029,0.0010459140175953507,EXP_XGBModel_Alpha158_csi300_custom_step0_s_20260727_14,74e6bbdc51b24b8d8a8f80121b8e31e4,0.052,,,
2555,2026-07-27,SH600028,-0.00127563183195889,EXP_XGBModel_Alpha158_csi300_custom_step0_s_20260727_14,74e6bbdc51b24b8d8a8f80121b8e31e4,0.052,,,
2556,2026-07-27,SH600061,0.016129622235894203,EXP_XGBModel_Alpha158_csi300_custom_step0_s_20260727_14,74e6bbdc51b24b8d8a8f80121b8e31e4,0.052,,,
2557,2026-07-27,SH600183,0.2628083825111389,EXP_XGBModel_Alpha158_csi300_custom_step0_s_20260727_14,74e6bbdc51b24b8d8a8f80121b8e31e4,0.052,,,
2558,2026-07-27,SH600188,-0.030365169048309326,EXP_XGBModel_Alpha158_csi300_custom_step0_s_20260727_14,74e6bbdc51b24b8d8a8f80121b8e31e4,0.052,,,
2559,2026-07-27,SH600196,-0.030264802277088165,EXP_XGBModel_Alpha158_csi300_custom_step0_s_20260727_14,74e6bbdc51b24b8d8a8f80121b8e31e4,0.052,,,
2560,2026-07-27,SH600522,0.23432089388370514,EXP_XGBModel_Alpha158_csi300_custom_step0_s_20260727_14,74e6bbdc51b24b8d8a8f80121b8e31e4,0.052,,,
2561,2026-07-27,SH600519,0.008049147203564644,EXP_XGBModel_Alpha158_csi300_custom_step0_s_20260727_14,74e6bbdc51b24b8d8a8f80121b8e31e4,0.052,,,
2562,2026-07-27,SH600515,0.013449774123728275,EXP_XGBModel_Alpha158_csi300_custom_step0_s_20260727_14,74e6bbdc51b24b8d8a8f80121b8e31e4,0.052,,,
2563,2026-07-27,SH600489,-0.06338157504796982,EXP_XGBModel_Alpha158_csi300_custom_step0_s_20260727_14,74e6bbdc51b24b8d8a8f80121b8e31e4,0.052,,,
2564,2026-07-27,SH600482,-0.11744242906570435,EXP_XGBModel_Alpha158_csi300_custom_step0_s_20260727_14,74e6bbdc51b24b8d8a8f80121b8e31e4,0.052,,,
2565,2026-07-27,SH600460,0.014623242430388927,EXP_XGBModel_Alpha158_csi300_custom_step0_s_20260727_14,74e6bbdc51b24b8d8a8f80121b8e31e4,0.052,,,
2566,2026-07-27,SH600438,0.0010857025627046824,EXP_XGBModel_Alpha158_csi300_custom_step0_s_20260727_14,74e6bbdc51b24b8d8a8f80121b8e31e4,0.052,,,
2567,2026-07-27,SH600436,0.00487934798002243,EXP_XGBModel_Alpha158_csi300_custom_step0_s_20260727_14,74e6bbdc51b24b8d8a8f80121b8e31e4,0.052,,,
2568,2026-07-27,SH600426,-0.08736284077167511,EXP_XGBModel_Alpha158_csi300_custom_step0_s_20260727_14,74e6bbdc51b24b8d8a8f80121b8e31e4,0.052,,,
2569,2026-07-27,SH600415,-0.009094477631151676,EXP_XGBModel_Alpha158_csi300_custom_step0_s_20260727_14,74e6bbdc51b24b8d8a8f80121b8e31e4,0.052,,,
2570,2026-07-27,SH600406,-0.009364352561533451,EXP_XGBModel_Alpha158_csi300_custom_step0_s_20260727_14,74e6bbdc51b24b8d8a8f80121b8e31e4,0.052,,,
2571,2026-07-27,SH600372,0.032709360122680664,EXP_XGBModel_Alpha158_csi300_custom_step0_s_20260727_14,74e6bbdc51b24b8d8a8f80121b8e31e4,0.052,,,
2572,2026-07-27,SH600362,-0.11946145445108414,EXP_XGBModel_Alpha158_csi300_custom_step0_s_20260727_14,74e6bbdc51b24b8d8a8f80121b8e31e4,0.052,,,
2573,2026-07-27,SH600346,-0.0769132450222969,EXP_XGBModel_Alpha158_csi300_custom_step0_s_20260727_14,74e6bbdc51b24b8d8a8f80121b8e31e4,0.052,,,
2574,2026-07-27,SH600309,-0.0528516061604023,EXP_XGBModel_Alpha158_csi300_custom_step0_s_20260727_14,74e6bbdc51b24b8d8a8f80121b8e31e4,0.052,,,
2575,2026-07-27,SH600276,-0.03830733895301819,EXP_XGBModel_Alpha158_csi300_custom_step0_s_20260727_14,74e6bbdc51b24b8d8a8f80121b8e31e4,0.052,,,
2576,2026-07-27,SH600233,-0.04808388650417328,EXP_XGBModel_Alpha158_csi300_custom_step0_s_20260727_14,74e6bbdc51b24b8d8a8f80121b8e31e4,0.052,,,
2577,2026-07-27,SH600221,0.015533342957496643,EXP_XGBModel_Alpha158_csi300_custom_step0_s_20260727_14,74e6bbdc51b24b8d8a8f80121b8e31e4,0.052,,,
2578,2026-07-27,SH600219,-0.19022522866725922,EXP_XGBModel_Alpha158_csi300_custom_step0_s_20260727_14,74e6bbdc51b24b8d8a8f80121b8e31e4,0.052,,,
2579,2026-07-27,SH601127,0.010914669372141361,EXP_XGBModel_Alpha158_csi300_custom_step0_s_20260727_14,74e6bbdc51b24b8d8a8f80121b8e31e4,0.052,,,
2580,2026-07-27,SH600027,0.00380658358335495,EXP_XGBModel_Alpha158_csi300_custom_step0_s_20260727_14,74e6bbdc51b24b8d8a8f80121b8e31e4,0.052,,,
2581,2026-07-27,SH601136,-0.06180374324321747,EXP_XGBModel_Alpha158_csi300_custom_step0_s_20260727_14,74e6bbdc51b24b8d8a8f80121b8e31e4,0.052,,,
2582,2026-07-27,SH601166,0.03173771873116493,EXP_XGBModel_Alpha158_csi300_custom_step0_s_20260727_14,74e6bbdc51b24b8d8a8f80121b8e31e4,0.052,,,
2583,2026-07-27,SH603799,0.06339070200920105,EXP_XGBModel_Alpha158_csi300_custom_step0_s_20260727_14,74e6bbdc51b24b8d8a8f80121b8e31e4,0.052,,,
2584,2026-07-27,SH603501,-0.03205027058720589,EXP_XGBModel_Alpha158_csi300_custom_step0_s_20260727_14,74e6bbdc51b24b8d8a8f80121b8e31e4,0.052,,,
2585,2026-07-27,SH603392,-0.07068022340536118,EXP_XGBModel_Alpha158_csi300_custom_step0_s_20260727_14,74e6bbdc51b24b8d8a8f80121b8e31e4,0.052,,,
2586,2026-07-27,SH603369,-0.00868004746735096,EXP_XGBModel_Alpha158_csi300_custom_step0_s_20260727_14,74e6bbdc51b24b8d8a8f80121b8e31e4,0.052,,,
2587,2026-07-27,SH603296,-0.119791679084301,EXP_XGBModel_Alpha158_csi300_custom_step0_s_20260727_14,74e6bbdc51b24b8d8a8f80121b8e31e4,0.052,,,
2588,2026-07-27,SH603288,0.0013341741869226098,EXP_XGBModel_Alpha158_csi300_custom_step0_s_20260727_14,74e6bbdc51b24b8d8a8f80121b8e31e4,0.052,,,
2589,2026-07-27,SH603260,0.004034693818539381,EXP_XGBModel_Alpha158_csi300_custom_step0_s_20260727_14,74e6bbdc51b24b8d8a8f80121b8e31e4,0.052,,,
2590,2026-07-27,SH603259,-0.0498669259250164,EXP_XGBModel_Alpha158_csi300_custom_step0_s_20260727_14,74e6bbdc51b24b8d8a8f80121b8e31e4,0.052,,,
2591,2026-07-27,SH603893,-0.16050879657268524,EXP_XGBModel_Alpha158_csi300_custom_step0_s_20260727_14,74e6bbdc51b24b8d8a8f80121b8e31e4,0.052,,,
2592,2026-07-27,SH603019,-0.22422128915786743,EXP_XGBModel_Alpha158_csi300_custom_step0_s_20260727_14,74e6bbdc51b24b8d8a8f80121b8e31e4,0.052,,,
2593,2026-07-27,SH601995,-0.18432392179965973,EXP_XGBModel_Alpha158_csi300_custom_step0_s_20260727_14,74e6bbdc51b24b8d8a8f80121b8e31e4,0.052,,,
2594,2026-07-27,SH601988,0.027965350076556206,EXP_XGBModel_Alpha158_csi300_custom_step0_s_20260727_14,74e6bbdc51b24b8d8a8f80121b8e31e4,0.052,,,
2595,2026-07-27,SH601985,0.04885425046086311,EXP_XGBModel_Alpha158_csi300_custom_step0_s_20260727_14,74e6bbdc51b24b8d8a8f80121b8e31e4,0.052,,,
2596,2026-07-27,SH601939,0.032692801207304,EXP_XGBModel_Alpha158_csi300_custom_step0_s_20260727_14,74e6bbdc51b24b8d8a8f80121b8e31e4,0.052,,,
2597,2026-07-27,SH601919,0.01606898196041584,EXP_XGBModel_Alpha158_csi300_custom_step0_s_20260727_14,74e6bbdc51b24b8d8a8f80121b8e31e4,0.052,,,
2598,2026-07-27,SH601916,0.04544384405016899,EXP_XGBModel_Alpha158_csi300_custom_step0_s_20260727_14,74e6bbdc51b24b8d8a8f80121b8e31e4,0.052,,,
2599,2026-07-27,SH601901,-0.0032355324365198612,EXP_XGBModel_Alpha158_csi300_custom_step0_s_20260727_14,74e6bbdc51b24b8d8a8f80121b8e31e4,0.052,,,
2600,2026-07-27,SH601899,-0.06148340553045273,EXP_XGBModel_Alpha158_csi300_custom_step0_s_20260727_14,74e6bbdc51b24b8d8a8f80121b8e31e4,0.052,,,
2601,2026-07-27,SH601998,-0.01768876425921917,EXP_XGBModel_Alpha158_csi300_custom_step0_s_20260727_14,74e6bbdc51b24b8d8a8f80121b8e31e4,0.052,,,
2602,2026-07-27,SH601898,-0.06981739401817322,EXP_XGBModel_Alpha158_csi300_custom_step0_s_20260727_14,74e6bbdc51b24b8d8a8f80121b8e31e4,0.052,,,
2603,2026-07-27,SH603986,0.19672076404094696,EXP_XGBModel_Alpha158_csi300_custom_step0_s_20260727_14,74e6bbdc51b24b8d8a8f80121b8e31e4,0.052,,,
2604,2026-07-27,SH605117,-0.04624725133180618,EXP_XGBModel_Alpha158_csi300_custom_step0_s_20260727_14,74e6bbdc51b24b8d8a8f80121b8e31e4,0.052,,,
2605,2026-07-27,SH688472,0.011250992305576801,EXP_XGBModel_Alpha158_csi300_custom_step0_s_20260727_14,74e6bbdc51b24b8d8a8f80121b8e31e4,0.052,,,
2606,2026-07-27,SH688396,0.05442709103226662,EXP_XGBModel_Alpha158_csi300_custom_step0_s_20260727_14,74e6bbdc51b24b8d8a8f80121b8e31e4,0.052,,,
2607,2026-07-27,SH688303,-0.040018148720264435,EXP_XGBModel_Alpha158_csi300_custom_step0_s_20260727_14,74e6bbdc51b24b8d8a8f80121b8e31e4,0.052,,,
2608,2026-07-27,SH688271,0.010040869936347008,EXP_XGBModel_Alpha158_csi300_custom_step0_s_20260727_14,74e6bbdc51b24b8d8a8f80121b8e31e4,0.052,,,
2609,2026-07-27,SH688256,-0.17955349385738373,EXP_XGBModel_Alpha158_csi300_custom_step0_s_20260727_14,74e6bbdc51b24b8d8a8f80121b8e31e4,0.052,,,
2610,2026-07-27,SH688223,0.018835123628377914,EXP_XGBModel_Alpha158_csi300_custom_step0_s_20260727_14,74e6bbdc51b24b8d8a8f80121b8e31e4,0.052,,,
2611,2026-07-27,SH688183,-0.12609153985977173,EXP_XGBModel_Alpha158_csi300_custom_step0_s_20260727_14,74e6bbdc51b24b8d8a8f80121b8e31e4,0.052,,,
2612,2026-07-27,SH688126,-0.034563638269901276,EXP_XGBModel_Alpha158_csi300_custom_step0_s_20260727_14,74e6bbdc51b24b8d8a8f80121b8e31e4,0.052,,,
2613,2026-07-27,SH603993,-0.14457771182060242,EXP_XGBModel_Alpha158_csi300_custom_step0_s_20260727_14,74e6bbdc51b24b8d8a8f80121b8e31e4,0.052,,,
2614,2026-07-27,SH688111,-0.05928715318441391,EXP_XGBModel_Alpha158_csi300_custom_step0_s_20260727_14,74e6bbdc51b24b8d8a8f80121b8e31e4,0.052,,,
2615,2026-07-27,SH688072,-0.5152416229248047,EXP_XGBModel_Alpha158_csi300_custom_step0_s_20260727_14,74e6bbdc51b24b8d8a8f80121b8e31e4,0.052,,,
2616,2026-07-27,SH688047,-0.011900774203240871,EXP_XGBModel_Alpha158_csi300_custom_step0_s_20260727_14,74e6bbdc51b24b8d8a8f80121b8e31e4,0.052,,,
2617,2026-07-27,SH688041,-0.18423022329807281,EXP_XGBModel_Alpha158_csi300_custom_step0_s_20260727_14,74e6bbdc51b24b8d8a8f80121b8e31e4,0.052,,,
2618,2026-07-27,SH688036,-0.06893301755189896,EXP_XGBModel_Alpha158_csi300_custom_step0_s_20260727_14,74e6bbdc51b24b8d8a8f80121b8e31e4,0.052,,,
2619,2026-07-27,SH688012,-0.15500131249427795,EXP_XGBModel_Alpha158_csi300_custom_step0_s_20260727_14,74e6bbdc51b24b8d8a8f80121b8e31e4,0.052,,,
2620,2026-07-27,SH688009,0.03280043974518776,EXP_XGBModel_Alpha158_csi300_custom_step0_s_20260727_14,74e6bbdc51b24b8d8a8f80121b8e31e4,0.052,,,
2621,2026-07-27,SH688008,-0.13105973601341248,EXP_XGBModel_Alpha158_csi300_custom_step0_s_20260727_14,74e6bbdc51b24b8d8a8f80121b8e31e4,0.052,,,
2622,2026-07-27,SH605499,-0.1265893280506134,EXP_XGBModel_Alpha158_csi300_custom_step0_s_20260727_14,74e6bbdc51b24b8d8a8f80121b8e31e4,0.052,,,
2623,2026-07-27,SH688082,0.12070396542549133,EXP_XGBModel_Alpha158_csi300_custom_step0_s_20260727_14,74e6bbdc51b24b8d8a8f80121b8e31e4,0.052,,,
2624,2026-07-27,SH601888,-0.059906311333179474,EXP_XGBModel_Alpha158_csi300_custom_step0_s_20260727_14,74e6bbdc51b24b8d8a8f80121b8e31e4,0.052,,,
2625,2026-07-27,SH601881,0.006582597736269236,EXP_XGBModel_Alpha158_csi300_custom_step0_s_20260727_14,74e6bbdc51b24b8d8a8f80121b8e31e4,0.052,,,
2626,2026-07-27,SH601878,0.015766525641083717,EXP_XGBModel_Alpha158_csi300_custom_step0_s_20260727_14,74e6bbdc51b24b8d8a8f80121b8e31e4,0.052,,,
2627,2026-07-27,SH601601,-0.018146252259612083,EXP_XGBModel_Alpha158_csi300_custom_step0_s_20260727_14,74e6bbdc51b24b8d8a8f80121b8e31e4,0.052,,,
2628,2026-07-27,SH601600,-0.04063567891716957,EXP_XGBModel_Alpha158_csi300_custom_step0_s_20260727_14,74e6bbdc51b24b8d8a8f80121b8e31e4,0.052,,,
2629,2026-07-27,SH601456,0.027187565341591835,EXP_XGBModel_Alpha158_csi300_custom_step0_s_20260727_14,74e6bbdc51b24b8d8a8f80121b8e31e4,0.052,,,
2630,2026-07-27,SH601398,0.040279652923345566,EXP_XGBModel_Alpha158_csi300_custom_step0_s_20260727_14,74e6bbdc51b24b8d8a8f80121b8e31e4,0.052,,,
2631,2026-07-27,SH601390,0.0018261520890519023,EXP_XGBModel_Alpha158_csi300_custom_step0_s_20260727_14,74e6bbdc51b24b8d8a8f80121b8e31e4,0.052,,,
2632,2026-07-27,SH601377,0.04345465824007988,EXP_XGBModel_Alpha158_csi300_custom_step0_s_20260727_14,74e6bbdc51b24b8d8a8f80121b8e31e4,0.052,,,
2633,2026-07-27,SH601360,-0.09061573445796967,EXP_XGBModel_Alpha158_csi300_custom_step0_s_20260727_14,74e6bbdc51b24b8d8a8f80121b8e31e4,0.052,,,
2634,2026-07-27,SH601336,-0.0933406874537468,EXP_XGBModel_Alpha158_csi300_custom_step0_s_20260727_14,74e6bbdc51b24b8d8a8f80121b8e31e4,0.052,,,
2635,2026-07-27,SH601607,0.019256094470620155,EXP_XGBModel_Alpha158_csi300_custom_step0_s_20260727_14,74e6bbdc51b24b8d8a8f80121b8e31e4,0.052,,,
2636,2026-07-27,SH601328,0.04268185794353485,EXP_XGBModel_Alpha158_csi300_custom_step0_s_20260727_14,74e6bbdc51b24b8d8a8f80121b8e31e4,0.052,,,
2637,2026-07-27,SH601318,0.009632383473217487,EXP_XGBModel_Alpha158_csi300_custom_step0_s_20260727_14,74e6bbdc51b24b8d8a8f80121b8e31e4,0.052,,,
2638,2026-07-27,SH601288,0.025157742202281952,EXP_XGBModel_Alpha158_csi300_custom_step0_s_20260727_14,74e6bbdc51b24b8d8a8f80121b8e31e4,0.052,,,
2639,2026-07-27,SH601238,0.0013640096876770258,EXP_XGBModel_Alpha158_csi300_custom_step0_s_20260727_14,74e6bbdc51b24b8d8a8f80121b8e31e4,0.052,,,
2640,2026-07-27,SH601229,0.07358098030090332,EXP_XGBModel_Alpha158_csi300_custom_step0_s_20260727_14,74e6bbdc51b24b8d8a8f80121b8e31e4,0.052,,,
2641,2026-07-27,SH601225,-0.04886855185031891,EXP_XGBModel_Alpha158_csi300_custom_step0_s_20260727_14,74e6bbdc51b24b8d8a8f80121b8e31e4,0.052,,,
2642,2026-07-27,SH601211,-0.03952449560165405,EXP_XGBModel_Alpha158_csi300_custom_step0_s_20260727_14,74e6bbdc51b24b8d8a8f80121b8e31e4,0.052,,,
2643,2026-07-27,SH601186,0.040999382734298706,EXP_XGBModel_Alpha158_csi300_custom_step0_s_20260727_14,74e6bbdc51b24b8d8a8f80121b8e31e4,0.052,,,
2644,2026-07-27,SH601169,0.05088953301310539,EXP_XGBModel_Alpha158_csi300_custom_step0_s_20260727_14,74e6bbdc51b24b8d8a8f80121b8e31e4,0.052,,,
2645,2026-07-27,SH601319,0.004941128194332123,EXP_XGBModel_Alpha158_csi300_custom_step0_s_20260727_14,74e6bbdc51b24b8d8a8f80121b8e31e4,0.052,,,
2646,2026-07-27,SH601618,0.008230093866586685,EXP_XGBModel_Alpha158_csi300_custom_step0_s_20260727_14,74e6bbdc51b24b8d8a8f80121b8e31e4,0.052,,,
2647,2026-07-27,SH601628,-0.001425361493602395,EXP_XGBModel_Alpha158_csi300_custom_step0_s_20260727_14,74e6bbdc51b24b8d8a8f80121b8e31e4,0.052,,,
2648,2026-07-27,SH601633,-0.02926989644765854,EXP_XGBModel_Alpha158_csi300_custom_step0_s_20260727_14,74e6bbdc51b24b8d8a8f80121b8e31e4,0.052,,,
2649,2026-07-27,SH601877,0.007897245697677135,EXP_XGBModel_Alpha158_csi300_custom_step0_s_20260727_14,74e6bbdc51b24b8d8a8f80121b8e31e4,0.052,,,
2650,2026-07-27,SH601872,-0.0466545931994915,EXP_XGBModel_Alpha158_csi300_custom_step0_s_20260727_14,74e6bbdc51b24b8d8a8f80121b8e31e4,0.052,,,
2651,2026-07-27,SH601868,-0.01701943576335907,EXP_XGBModel_Alpha158_csi300_custom_step0_s_20260727_14,74e6bbdc51b24b8d8a8f80121b8e31e4,0.052,,,
2652,2026-07-27,SH601857,-0.0928979143500328,EXP_XGBModel_Alpha158_csi300_custom_step0_s_20260727_14,74e6bbdc51b24b8d8a8f80121b8e31e4,0.052,,,
2653,2026-07-27,SH601838,0.03949044272303581,EXP_XGBModel_Alpha158_csi300_custom_step0_s_20260727_14,74e6bbdc51b24b8d8a8f80121b8e31e4,0.052,,,
2654,2026-07-27,SH601825,-0.023188551887869835,EXP_XGBModel_Alpha158_csi300_custom_step0_s_20260727_14,74e6bbdc51b24b8d8a8f80121b8e31e4,0.052,,,
2655,2026-07-27,SH601818,0.0380675345659256,EXP_XGBModel_Alpha158_csi300_custom_step0_s_20260727_14,74e6bbdc51b24b8d8a8f80121b8e31e4,0.052,,,
2656,2026-07-27,SH601816,0.03671611472964287,EXP_XGBModel_Alpha158_csi300_custom_step0_s_20260727_14,74e6bbdc51b24b8d8a8f80121b8e31e4,0.052,,,
2657,2026-07-27,SH601800,-0.0011466768337413669,EXP_XGBModel_Alpha158_csi300_custom_step0_s_20260727_14,74e6bbdc51b24b8d8a8f80121b8e31e4,0.052,,,
2658,2026-07-27,SH601788,0.03358956798911095,EXP_XGBModel_Alpha158_csi300_custom_step0_s_20260727_14,74e6bbdc51b24b8d8a8f80121b8e31e4,0.052,,,
2659,2026-07-27,SH601766,0.03492487967014313,EXP_XGBModel_Alpha158_csi300_custom_step0_s_20260727_14,74e6bbdc51b24b8d8a8f80121b8e31e4,0.052,,,
2660,2026-07-27,SH601728,0.012901069596409798,EXP_XGBModel_Alpha158_csi300_custom_step0_s_20260727_14,74e6bbdc51b24b8d8a8f80121b8e31e4,0.052,,,
2661,2026-07-27,SH601727,-0.024417636916041374,EXP_XGBModel_Alpha158_csi300_custom_step0_s_20260727_14,74e6bbdc51b24b8d8a8f80121b8e31e4,0.052,,,
2662,2026-07-27,SH601698,0.02285941317677498,EXP_XGBModel_Alpha158_csi300_custom_step0_s_20260727_14,74e6bbdc51b24b8d8a8f80121b8e31e4,0.052,,,
2663,2026-07-27,SH601689,0.027594592422246933,EXP_XGBModel_Alpha158_csi300_custom_step0_s_20260727_14,74e6bbdc51b24b8d8a8f80121b8e31e4,0.052,,,
2664,2026-07-27,SH601688,-0.015590519644320011,EXP_XGBModel_Alpha158_csi300_custom_step0_s_20260727_14,74e6bbdc51b24b8d8a8f80121b8e31e4,0.052,,,
2665,2026-07-27,SH601669,-0.004128191154450178,EXP_XGBModel_Alpha158_csi300_custom_step0_s_20260727_14,74e6bbdc51b24b8d8a8f80121b8e31e4,0.052,,,
2666,2026-07-27,SH601668,0.04639090597629547,EXP_XGBModel_Alpha158_csi300_custom_step0_s_20260727_14,74e6bbdc51b24b8d8a8f80121b8e31e4,0.052,,,
2667,2026-07-27,SH601658,0.04011910408735275,EXP_XGBModel_Alpha158_csi300_custom_step0_s_20260727_14,74e6bbdc51b24b8d8a8f80121b8e31e4,0.052,,,
2668,2026-07-27,SH601138,-0.06913033127784729,EXP_XGBModel_Alpha158_csi300_custom_step0_s_20260727_14,74e6bbdc51b24b8d8a8f80121b8e31e4,0.052,,,
2669,2026-07-27,SH600026,-0.015797998756170273,EXP_XGBModel_Alpha158_csi300_custom_step0_s_20260727_14,74e6bbdc51b24b8d8a8f80121b8e31e4,0.052,,,
2670,2026-07-27,SH600025,0.053980372846126556,EXP_XGBModel_Alpha158_csi300_custom_step0_s_20260727_14,74e6bbdc51b24b8d8a8f80121b8e31e4,0.052,,,
2671,2026-07-27,SH600023,0.0031598475761711597,EXP_XGBModel_Alpha158_csi300_custom_step0_s_20260727_14,74e6bbdc51b24b8d8a8f80121b8e31e4,0.052,,,
2672,2026-07-27,SZ000301,-0.08664288371801376,EXP_XGBModel_Alpha158_csi300_custom_step0_s_20260727_14,5623588085794fa2b3c0623478426cc3,0.054,,,
2673,2026-07-27,SZ000166,0.04414590448141098,EXP_XGBModel_Alpha158_csi300_custom_step0_s_20260727_14,5623588085794fa2b3c0623478426cc3,0.054,,,
2674,2026-07-27,SZ000157,-0.004104109015315771,EXP_XGBModel_Alpha158_csi300_custom_step0_s_20260727_14,5623588085794fa2b3c0623478426cc3,0.054,,,
2675,2026-07-27,SZ000100,-0.14589880406856537,EXP_XGBModel_Alpha158_csi300_custom_step0_s_20260727_14,5623588085794fa2b3c0623478426cc3,0.054,,,
2676,2026-07-27,SZ000063,-0.14197470247745514,EXP_XGBModel_Alpha158_csi300_custom_step0_s_20260727_14,5623588085794fa2b3c0623478426cc3,0.054,,,
2677,2026-07-27,SZ000002,-0.012951260432600975,EXP_XGBModel_Alpha158_csi300_custom_step0_s_20260727_14,5623588085794fa2b3c0623478426cc3,0.054,,,
2678,2026-07-27,SZ000001,0.030831269919872284,EXP_XGBModel_Alpha158_csi300_custom_step0_s_20260727_14,5623588085794fa2b3c0623478426cc3,0.054,,,
2679,2026-07-27,SH688981,-0.19559526443481445,EXP_XGBModel_Alpha158_csi300_custom_step0_s_20260727_14,5623588085794fa2b3c0623478426cc3,0.054,,,
2680,2026-07-27,SZ000333,0.08644731342792511,EXP_XGBModel_Alpha158_csi300_custom_step0_s_20260727_14,5623588085794fa2b3c0623478426cc3,0.054,,,
2681,2026-07-27,SH688521,0.0825599730014801,EXP_XGBModel_Alpha158_csi300_custom_step0_s_20260727_14,5623588085794fa2b3c0623478426cc3,0.054,,,
2682,2026-07-27,SH688472,0.06238838657736778,EXP_XGBModel_Alpha158_csi300_custom_step0_s_20260727_14,5623588085794fa2b3c0623478426cc3,0.054,,,
2683,2026-07-27,SH688396,0.10406135767698288,EXP_XGBModel_Alpha158_csi300_custom_step0_s_20260727_14,5623588085794fa2b3c0623478426cc3,0.054,,,
2684,2026-07-27,SH688303,0.016153549775481224,EXP_XGBModel_Alpha158_csi300_custom_step0_s_20260727_14,5623588085794fa2b3c0623478426cc3,0.054,,,
2685,2026-07-27,SH688271,-0.0071478639729321,EXP_XGBModel_Alpha158_csi300_custom_step0_s_20260727_14,5623588085794fa2b3c0623478426cc3,0.054,,,
2686,2026-07-27,SH688256,-0.12892402708530426,EXP_XGBModel_Alpha158_csi300_custom_step0_s_20260727_14,5623588085794fa2b3c0623478426cc3,0.054,,,
2687,2026-07-27,SH688223,0.035982515662908554,EXP_XGBModel_Alpha158_csi300_custom_step0_s_20260727_14,5623588085794fa2b3c0623478426cc3,0.054,,,
2688,2026-07-27,SH688183,-0.05477466434240341,EXP_XGBModel_Alpha158_csi300_custom_step0_s_20260727_14,5623588085794fa2b3c0623478426cc3,0.054,,,
2689,2026-07-27,SH688126,0.013355029746890068,EXP_XGBModel_Alpha158_csi300_custom_step0_s_20260727_14,5623588085794fa2b3c0623478426cc3,0.054,,,
2690,2026-07-27,SH688506,-0.010828322730958462,EXP_XGBModel_Alpha158_csi300_custom_step0_s_20260727_14,5623588085794fa2b3c0623478426cc3,0.054,,,
2691,2026-07-27,SH688111,-0.072381392121315,EXP_XGBModel_Alpha158_csi300_custom_step0_s_20260727_14,5623588085794fa2b3c0623478426cc3,0.054,,,
2692,2026-07-27,SZ000338,-0.23733726143836975,EXP_XGBModel_Alpha158_csi300_custom_step0_s_20260727_14,5623588085794fa2b3c0623478426cc3,0.054,,,
2693,2026-07-27,SZ000425,0.005333523731678724,EXP_XGBModel_Alpha158_csi300_custom_step0_s_20260727_14,5623588085794fa2b3c0623478426cc3,0.054,,,
2694,2026-07-27,SZ000963,-0.009325075894594193,EXP_XGBModel_Alpha158_csi300_custom_step0_s_20260727_14,5623588085794fa2b3c0623478426cc3,0.054,,,
2695,2026-07-27,SZ000938,-0.4253307282924652,EXP_XGBModel_Alpha158_csi300_custom_step0_s_20260727_14,5623588085794fa2b3c0623478426cc3,0.054,,,
2696,2026-07-27,SZ000895,0.018545832484960556,EXP_XGBModel_Alpha158_csi300_custom_step0_s_20260727_14,5623588085794fa2b3c0623478426cc3,0.054,,,
2697,2026-07-27,SZ000858,-0.0021088100038468838,EXP_XGBModel_Alpha158_csi300_custom_step0_s_20260727_14,5623588085794fa2b3c0623478426cc3,0.054,,,
2698,2026-07-27,SZ000807,-0.03723214939236641,EXP_XGBModel_Alpha158_csi300_custom_step0_s_20260727_14,5623588085794fa2b3c0623478426cc3,0.054,,,
2699,2026-07-27,SZ000792,0.014386910945177078,EXP_XGBModel_Alpha158_csi300_custom_step0_s_20260727_14,5623588085794fa2b3c0623478426cc3,0.054,,,
2700,2026-07-27,SZ000776,-0.12663625180721283,EXP_XGBModel_Alpha158_csi300_custom_step0_s_20260727_14,5623588085794fa2b3c0623478426cc3,0.054,,,
2701,2026-07-27,SZ000768,-0.027509018778800964,EXP_XGBModel_Alpha158_csi300_custom_step0_s_20260727_14,5623588085794fa2b3c0623478426cc3,0.054,,,
2702,2026-07-27,SZ000408,-0.0059091197326779366,EXP_XGBModel_Alpha158_csi300_custom_step0_s_20260727_14,5623588085794fa2b3c0623478426cc3,0.054,,,
2703,2026-07-27,SZ000725,0.15653380751609802,EXP_XGBModel_Alpha158_csi300_custom_step0_s_20260727_14,5623588085794fa2b3c0623478426cc3,0.054,,,
2704,2026-07-27,SZ000657,0.23105281591415405,EXP_XGBModel_Alpha158_csi300_custom_step0_s_20260727_14,5623588085794fa2b3c0623478426cc3,0.054,,,
2705,2026-07-27,SZ000651,0.03714733198285103,EXP_XGBModel_Alpha158_csi300_custom_step0_s_20260727_14,5623588085794fa2b3c0623478426cc3,0.054,,,
2706,2026-07-27,SZ000630,-0.1284007728099823,EXP_XGBModel_Alpha158_csi300_custom_step0_s_20260727_14,5623588085794fa2b3c0623478426cc3,0.054,,,
2707,2026-07-27,SZ000625,0.008700511418282986,EXP_XGBModel_Alpha158_csi300_custom_step0_s_20260727_14,5623588085794fa2b3c0623478426cc3,0.054,,,
2708,2026-07-27,SZ000617,-0.04079034551978111,EXP_XGBModel_Alpha158_csi300_custom_step0_s_20260727_14,5623588085794fa2b3c0623478426cc3,0.054,,,
2709,2026-07-27,SZ000596,-0.042032770812511444,EXP_XGBModel_Alpha158_csi300_custom_step0_s_20260727_14,5623588085794fa2b3c0623478426cc3,0.054,,,
2710,2026-07-27,SZ000568,-0.0027961533050984144,EXP_XGBModel_Alpha158_csi300_custom_step0_s_20260727_14,5623588085794fa2b3c0623478426cc3,0.054,,,
2711,2026-07-27,SZ000538,0.02053673192858696,EXP_XGBModel_Alpha158_csi300_custom_step0_s_20260727_14,5623588085794fa2b3c0623478426cc3,0.054,,,
2712,2026-07-27,SZ000708,0.020606568083167076,EXP_XGBModel_Alpha158_csi300_custom_step0_s_20260727_14,5623588085794fa2b3c0623478426cc3,0.054,,,
2713,2026-07-27,SH688082,0.17121770977973938,EXP_XGBModel_Alpha158_csi300_custom_step0_s_20260727_14,5623588085794fa2b3c0623478426cc3,0.054,,,
2714,2026-07-27,SH688072,-0.07333496958017349,EXP_XGBModel_Alpha158_csi300_custom_step0_s_20260727_14,5623588085794fa2b3c0623478426cc3,0.054,,,
2715,2026-07-27,SH688047,0.04952400550246239,EXP_XGBModel_Alpha158_csi300_custom_step0_s_20260727_14,5623588085794fa2b3c0623478426cc3,0.054,,,
2716,2026-07-27,SH601939,0.03886986896395683,EXP_XGBModel_Alpha158_csi300_custom_step0_s_20260727_14,5623588085794fa2b3c0623478426cc3,0.054,,,
2717,2026-07-27,SH601919,-0.008306220173835754,EXP_XGBModel_Alpha158_csi300_custom_step0_s_20260727_14,5623588085794fa2b3c0623478426cc3,0.054,,,
2718,2026-07-27,SH601916,0.060651201754808426,EXP_XGBModel_Alpha158_csi300_custom_step0_s_20260727_14,5623588085794fa2b3c0623478426cc3,0.054,,,
2719,2026-07-27,SH601901,-0.013559880666434765,EXP_XGBModel_Alpha158_csi300_custom_step0_s_20260727_14,5623588085794fa2b3c0623478426cc3,0.054,,,
2720,2026-07-27,SH601899,-0.0593230240046978,EXP_XGBModel_Alpha158_csi300_custom_step0_s_20260727_14,5623588085794fa2b3c0623478426cc3,0.054,,,
2721,2026-07-27,SH601898,-0.06527065485715866,EXP_XGBModel_Alpha158_csi300_custom_step0_s_20260727_14,5623588085794fa2b3c0623478426cc3,0.054,,,
2722,2026-07-27,SH601888,-0.05836111679673195,EXP_XGBModel_Alpha158_csi300_custom_step0_s_20260727_14,5623588085794fa2b3c0623478426cc3,0.054,,,
2723,2026-07-27,SH601881,-0.015703681856393814,EXP_XGBModel_Alpha158_csi300_custom_step0_s_20260727_14,5623588085794fa2b3c0623478426cc3,0.054,,,
2724,2026-07-27,SH601985,0.05859723687171936,EXP_XGBModel_Alpha158_csi300_custom_step0_s_20260727_14,5623588085794fa2b3c0623478426cc3,0.054,,,
2725,2026-07-27,SH601878,0.0122357327491045,EXP_XGBModel_Alpha158_csi300_custom_step0_s_20260727_14,5623588085794fa2b3c0623478426cc3,0.054,,,
2726,2026-07-27,SH601872,-0.04317673295736313,EXP_XGBModel_Alpha158_csi300_custom_step0_s_20260727_14,5623588085794fa2b3c0623478426cc3,0.054,,,
2727,2026-07-27,SH601868,-0.0065588513389229774,EXP_XGBModel_Alpha158_csi300_custom_step0_s_20260727_14,5623588085794fa2b3c0623478426cc3,0.054,,,
2728,2026-07-27,SH601857,-0.06052853912115097,EXP_XGBModel_Alpha158_csi300_custom_step0_s_20260727_14,5623588085794fa2b3c0623478426cc3,0.054,,,
2729,2026-07-27,SH601838,0.040813617408275604,EXP_XGBModel_Alpha158_csi300_custom_step0_s_20260727_14,5623588085794fa2b3c0623478426cc3,0.054,,,
2730,2026-07-27,SH601825,-0.015250368043780327,EXP_XGBModel_Alpha158_csi300_custom_step0_s_20260727_14,5623588085794fa2b3c0623478426cc3,0.054,,,
2731,2026-07-27,SH601818,0.047171108424663544,EXP_XGBModel_Alpha158_csi300_custom_step0_s_20260727_14,5623588085794fa2b3c0623478426cc3,0.054,,,
2732,2026-07-27,SH601816,0.06448125094175339,EXP_XGBModel_Alpha158_csi300_custom_step0_s_20260727_14,5623588085794fa2b3c0623478426cc3,0.054,,,
2733,2026-07-27,SH601800,-0.00347295799292624,EXP_XGBModel_Alpha158_csi300_custom_step0_s_20260727_14,5623588085794fa2b3c0623478426cc3,0.054,,,
2734,2026-07-27,SH601877,0.0220496729016304,EXP_XGBModel_Alpha158_csi300_custom_step0_s_20260727_14,5623588085794fa2b3c0623478426cc3,0.054,,,
2735,2026-07-27,SH601988,0.02843662165105343,EXP_XGBModel_Alpha158_csi300_custom_step0_s_20260727_14,5623588085794fa2b3c0623478426cc3,0.054,,,
2736,2026-07-27,SH601995,-0.1449657827615738,EXP_XGBModel_Alpha158_csi300_custom_step0_s_20260727_14,5623588085794fa2b3c0623478426cc3,0.054,,,
2737,2026-07-27,SH601998,-0.00897190347313881,EXP_XGBModel_Alpha158_csi300_custom_step0_s_20260727_14,5623588085794fa2b3c0623478426cc3,0.054,,,
2738,2026-07-27,SH688041,-0.17971304059028625,EXP_XGBModel_Alpha158_csi300_custom_step0_s_20260727_14,5623588085794fa2b3c0623478426cc3,0.054,,,
2739,2026-07-27,SH688036,-0.10878606885671616,EXP_XGBModel_Alpha158_csi300_custom_step0_s_20260727_14,5623588085794fa2b3c0623478426cc3,0.054,,,
2740,2026-07-27,SH688012,-0.1459808349609375,EXP_XGBModel_Alpha158_csi300_custom_step0_s_20260727_14,5623588085794fa2b3c0623478426cc3,0.054,,,
2741,2026-07-27,SH688009,0.037779442965984344,EXP_XGBModel_Alpha158_csi300_custom_step0_s_20260727_14,5623588085794fa2b3c0623478426cc3,0.054,,,
2742,2026-07-27,SH688008,-0.13063102960586548,EXP_XGBModel_Alpha158_csi300_custom_step0_s_20260727_14,5623588085794fa2b3c0623478426cc3,0.054,,,
2743,2026-07-27,SH605499,-0.09940482676029205,EXP_XGBModel_Alpha158_csi300_custom_step0_s_20260727_14,5623588085794fa2b3c0623478426cc3,0.054,,,
2744,2026-07-27,SH605117,0.07478941231966019,EXP_XGBModel_Alpha158_csi300_custom_step0_s_20260727_14,5623588085794fa2b3c0623478426cc3,0.054,,,
2745,2026-07-27,SH603993,-0.16017203032970428,EXP_XGBModel_Alpha158_csi300_custom_step0_s_20260727_14,5623588085794fa2b3c0623478426cc3,0.054,,,
2746,2026-07-27,SH603986,0.34875720739364624,EXP_XGBModel_Alpha158_csi300_custom_step0_s_20260727_14,5623588085794fa2b3c0623478426cc3,0.054,,,
2747,2026-07-27,SH603893,-0.13342487812042236,EXP_XGBModel_Alpha158_csi300_custom_step0_s_20260727_14,5623588085794fa2b3c0623478426cc3,0.054,,,
2748,2026-07-27,SH603799,0.0960942953824997,EXP_XGBModel_Alpha158_csi300_custom_step0_s_20260727_14,5623588085794fa2b3c0623478426cc3,0.054,,,
2749,2026-07-27,SH603501,-0.03664160519838333,EXP_XGBModel_Alpha158_csi300_custom_step0_s_20260727_14,5623588085794fa2b3c0623478426cc3,0.054,,,
2750,2026-07-27,SH603392,0.02626343071460724,EXP_XGBModel_Alpha158_csi300_custom_step0_s_20260727_14,5623588085794fa2b3c0623478426cc3,0.054,,,
2751,2026-07-27,SH603369,-0.02278899773955345,EXP_XGBModel_Alpha158_csi300_custom_step0_s_20260727_14,5623588085794fa2b3c0623478426cc3,0.054,,,
2752,2026-07-27,SH603296,-0.0770484060049057,EXP_XGBModel_Alpha158_csi300_custom_step0_s_20260727_14,5623588085794fa2b3c0623478426cc3,0.054,,,
2753,2026-07-27,SH603288,0.0007188365561887622,EXP_XGBModel_Alpha158_csi300_custom_step0_s_20260727_14,5623588085794fa2b3c0623478426cc3,0.054,,,
2754,2026-07-27,SH603260,-0.01742132008075714,EXP_XGBModel_Alpha158_csi300_custom_step0_s_20260727_14,5623588085794fa2b3c0623478426cc3,0.054,,,
2755,2026-07-27,SH603259,-0.01915554329752922,EXP_XGBModel_Alpha158_csi300_custom_step0_s_20260727_14,5623588085794fa2b3c0623478426cc3,0.054,,,
2756,2026-07-27,SH603019,-0.2305046170949936,EXP_XGBModel_Alpha158_csi300_custom_step0_s_20260727_14,5623588085794fa2b3c0623478426cc3,0.054,,,
2757,2026-07-27,SZ000975,-0.2696293294429779,EXP_XGBModel_Alpha158_csi300_custom_step0_s_20260727_14,5623588085794fa2b3c0623478426cc3,0.054,,,
2758,2026-07-27,SZ000977,-0.027631619945168495,EXP_XGBModel_Alpha158_csi300_custom_step0_s_20260727_14,5623588085794fa2b3c0623478426cc3,0.054,,,
2759,2026-07-27,SZ000988,0.1619425117969513,EXP_XGBModel_Alpha158_csi300_custom_step0_s_20260727_14,5623588085794fa2b3c0623478426cc3,0.054,,,
2760,2026-07-27,SZ000999,0.017808564007282257,EXP_XGBModel_Alpha158_csi300_custom_step0_s_20260727_14,5623588085794fa2b3c0623478426cc3,0.054,,,
2761,2026-07-27,SZ300498,-0.0029481188394129276,EXP_XGBModel_Alpha158_csi300_custom_step0_s_20260727_14,5623588085794fa2b3c0623478426cc3,0.054,,,
2762,2026-07-27,SZ300476,0.2234315574169159,EXP_XGBModel_Alpha158_csi300_custom_step0_s_20260727_14,5623588085794fa2b3c0623478426cc3,0.054,,,
2763,2026-07-27,SZ300450,0.1853005290031433,EXP_XGBModel_Alpha158_csi300_custom_step0_s_20260727_14,5623588085794fa2b3c0623478426cc3,0.054,,,
2764,2026-07-27,SZ300442,-0.001282060518860817,EXP_XGBModel_Alpha158_csi300_custom_step0_s_20260727_14,5623588085794fa2b3c0623478426cc3,0.054,,,
2765,2026-07-27,SZ300433,0.049184057861566544,EXP_XGBModel_Alpha158_csi300_custom_step0_s_20260727_14,5623588085794fa2b3c0623478426cc3,0.054,,,
2766,2026-07-27,SZ300418,-0.21634651720523834,EXP_XGBModel_Alpha158_csi300_custom_step0_s_20260727_14,5623588085794fa2b3c0623478426cc3,0.054,,,
2767,2026-07-27,SZ300413,-0.0025019932072609663,EXP_XGBModel_Alpha158_csi300_custom_step0_s_20260727_14,5623588085794fa2b3c0623478426cc3,0.054,,,
2768,2026-07-27,SZ300408,-0.10562299191951752,EXP_XGBModel_Alpha158_csi300_custom_step0_s_20260727_14,5623588085794fa2b3c0623478426cc3,0.054,,,
2769,2026-07-27,SZ300502,-0.04824209213256836,EXP_XGBModel_Alpha158_csi300_custom_step0_s_20260727_14,5623588085794fa2b3c0623478426cc3,0.054,,,
2770,2026-07-27,SZ300394,0.025740349665284157,EXP_XGBModel_Alpha158_csi300_custom_step0_s_20260727_14,5623588085794fa2b3c0623478426cc3,0.054,,,
2771,2026-07-27,SZ300308,-0.1225888580083847,EXP_XGBModel_Alpha158_csi300_custom_step0_s_20260727_14,5623588085794fa2b3c0623478426cc3,0.054,,,
2772,2026-07-27,SZ300274,0.07150203734636307,EXP_XGBModel_Alpha158_csi300_custom_step0_s_20260727_14,5623588085794fa2b3c0623478426cc3,0.054,,,
2773,2026-07-27,SZ300251,-0.022903088480234146,EXP_XGBModel_Alpha158_csi300_custom_step0_s_20260727_14,5623588085794fa2b3c0623478426cc3,0.054,,,
2774,2026-07-27,SZ300124,-0.006603531073778868,EXP_XGBModel_Alpha158_csi300_custom_step0_s_20260727_14,5623588085794fa2b3c0623478426cc3,0.054,,,
2775,2026-07-27,SZ300122,-0.10472557693719864,EXP_XGBModel_Alpha158_csi300_custom_step0_s_20260727_14,5623588085794fa2b3c0623478426cc3,0.054,,,
2776,2026-07-27,SZ300059,-0.05777677148580551,EXP_XGBModel_Alpha158_csi300_custom_step0_s_20260727_14,5623588085794fa2b3c0623478426cc3,0.054,,,
2777,2026-07-27,SZ300033,-0.10721620172262192,EXP_XGBModel_Alpha158_csi300_custom_step0_s_20260727_14,5623588085794fa2b3c0623478426cc3,0.054,,,
2778,2026-07-27,SZ300015,0.004391079768538475,EXP_XGBModel_Alpha158_csi300_custom_step0_s_20260727_14,5623588085794fa2b3c0623478426cc3,0.054,,,
2779,2026-07-27,SZ300316,0.056723371148109436,EXP_XGBModel_Alpha158_csi300_custom_step0_s_20260727_14,5623588085794fa2b3c0623478426cc3,0.054,,,
2780,2026-07-27,SZ300628,-0.03791028633713722,EXP_XGBModel_Alpha158_csi300_custom_step0_s_20260727_14,5623588085794fa2b3c0623478426cc3,0.054,,,
2781,2026-07-27,SZ300661,0.1497911959886551,EXP_XGBModel_Alpha158_csi300_custom_step0_s_20260727_14,5623588085794fa2b3c0623478426cc3,0.054,,,
2782,2026-07-27,SZ300750,-0.004226032178848982,EXP_XGBModel_Alpha158_csi300_custom_step0_s_20260727_14,5623588085794fa2b3c0623478426cc3,0.054,,,
2783,2026-07-27,SH600019,-0.0016303976299241185,EXP_XGBModel_Alpha158_csi300_custom_step0_s_20260727_14,74e6bbdc51b24b8d8a8f80121b8e31e4,0.052,,,
2784,2026-07-27,SH600018,0.034388598054647446,EXP_XGBModel_Alpha158_csi300_custom_step0_s_20260727_14,74e6bbdc51b24b8d8a8f80121b8e31e4,0.052,,,
2785,2026-07-27,SH600016,0.019627753645181656,EXP_XGBModel_Alpha158_csi300_custom_step0_s_20260727_14,74e6bbdc51b24b8d8a8f80121b8e31e4,0.052,,,
2786,2026-07-27,SH600015,0.034741707146167755,EXP_XGBModel_Alpha158_csi300_custom_step0_s_20260727_14,74e6bbdc51b24b8d8a8f80121b8e31e4,0.052,,,
2787,2026-07-27,SH600011,-0.011249287985265255,EXP_XGBModel_Alpha158_csi300_custom_step0_s_20260727_14,74e6bbdc51b24b8d8a8f80121b8e31e4,0.052,,,
2788,2026-07-27,SH600010,-0.01621589995920658,EXP_XGBModel_Alpha158_csi300_custom_step0_s_20260727_14,74e6bbdc51b24b8d8a8f80121b8e31e4,0.052,,,
2789,2026-07-27,SH600009,0.020637409761548042,EXP_XGBModel_Alpha158_csi300_custom_step0_s_20260727_14,74e6bbdc51b24b8d8a8f80121b8e31e4,0.052,,,
2790,2026-07-27,SH600000,0.022481603547930717,EXP_XGBModel_Alpha158_csi300_custom_step0_s_20260727_14,74e6bbdc51b24b8d8a8f80121b8e31e4,0.052,,,
2791,2026-07-27,SZ302132,-0.05678267031908035,EXP_XGBModel_Alpha158_csi300_custom_step0_s_20260727_14,5623588085794fa2b3c0623478426cc3,0.054,,,
2792,2026-07-27,SZ301308,0.23689314723014832,EXP_XGBModel_Alpha158_csi300_custom_step0_s_20260727_14,5623588085794fa2b3c0623478426cc3,0.054,,,
2793,2026-07-27,SZ301269,-0.1536632776260376,EXP_XGBModel_Alpha158_csi300_custom_step0_s_20260727_14,5623588085794fa2b3c0623478426cc3,0.054,,,
2794,2026-07-27,SZ301236,-0.16964997351169586,EXP_XGBModel_Alpha158_csi300_custom_step0_s_20260727_14,5623588085794fa2b3c0623478426cc3,0.054,,,
2795,2026-07-27,SZ301165,-1.652360200881958,EXP_XGBModel_Alpha158_csi300_custom_step0_s_20260727_14,5623588085794fa2b3c0623478426cc3,0.054,,,
2796,2026-07-27,SZ300999,-0.009205972775816917,EXP_XGBModel_Alpha158_csi300_custom_step0_s_20260727_14,5623588085794fa2b3c0623478426cc3,0.054,,,
2797,2026-07-27,SZ300896,-0.08850067108869553,EXP_XGBModel_Alpha158_csi300_custom_step0_s_20260727_14,5623588085794fa2b3c0623478426cc3,0.054,,,
2798,2026-07-27,SZ300866,-0.09379270672798157,EXP_XGBModel_Alpha158_csi300_custom_step0_s_20260727_14,5623588085794fa2b3c0623478426cc3,0.054,,,
2799,2026-07-27,SZ300832,0.005870326887816191,EXP_XGBModel_Alpha158_csi300_custom_step0_s_20260727_14,5623588085794fa2b3c0623478426cc3,0.054,,,
2800,2026-07-27,SZ300803,-0.09558834880590439,EXP_XGBModel_Alpha158_csi300_custom_step0_s_20260727_14,5623588085794fa2b3c0623478426cc3,0.054,,,
2801,2026-07-27,SZ300760,0.007013807538896799,EXP_XGBModel_Alpha158_csi300_custom_step0_s_20260727_14,5623588085794fa2b3c0623478426cc3,0.054,,,
2802,2026-07-27,SZ300014,0.046683430671691895,EXP_XGBModel_Alpha158_csi300_custom_step0_s_20260727_14,5623588085794fa2b3c0623478426cc3,0.054,,,
2803,2026-07-27,SH600918,-0.0514269657433033,EXP_LinearModel_Alpha158_csi300_custom_step0_s_20260727_14,86e4de9a395b4543b87a20950284b40d,0.006,,,
2804,2026-07-27,SZ003816,0.02591608464717865,EXP_XGBModel_Alpha158_csi300_custom_step0_s_20260727_14,5623588085794fa2b3c0623478426cc3,0.054,,,
2805,2026-07-27,SZ002920,0.004936501383781433,EXP_XGBModel_Alpha158_csi300_custom_step0_s_20260727_14,5623588085794fa2b3c0623478426cc3,0.054,,,
2806,2026-07-27,SZ002311,0.04004770517349243,EXP_XGBModel_Alpha158_csi300_custom_step0_s_20260727_14,5623588085794fa2b3c0623478426cc3,0.054,,,
2807,2026-07-27,SZ002304,-0.018194831907749176,EXP_XGBModel_Alpha158_csi300_custom_step0_s_20260727_14,5623588085794fa2b3c0623478426cc3,0.054,,,
2808,2026-07-27,SZ002241,-0.1015532836318016,EXP_XGBModel_Alpha158_csi300_custom_step0_s_20260727_14,5623588085794fa2b3c0623478426cc3,0.054,,,
2809,2026-07-27,SZ002236,0.023437226191163063,EXP_XGBModel_Alpha158_csi300_custom_step0_s_20260727_14,5623588085794fa2b3c0623478426cc3,0.054,,,
2810,2026-07-27,SZ002230,-0.06777619570493698,EXP_XGBModel_Alpha158_csi300_custom_step0_s_20260727_14,5623588085794fa2b3c0623478426cc3,0.054,,,
2811,2026-07-27,SZ002202,-0.007456390652805567,EXP_XGBModel_Alpha158_csi300_custom_step0_s_20260727_14,5623588085794fa2b3c0623478426cc3,0.054,,,
2812,2026-07-27,SZ002179,0.06941980123519897,EXP_XGBModel_Alpha158_csi300_custom_step0_s_20260727_14,5623588085794fa2b3c0623478426cc3,0.054,,,
2813,2026-07-27,SZ002142,0.011066545732319355,EXP_XGBModel_Alpha158_csi300_custom_step0_s_20260727_14,5623588085794fa2b3c0623478426cc3,0.054,,,
2814,2026-07-27,SZ002352,0.05018016695976257,EXP_XGBModel_Alpha158_csi300_custom_step0_s_20260727_14,5623588085794fa2b3c0623478426cc3,0.054,,,
2815,2026-07-27,SZ002074,-0.003074610373005271,EXP_XGBModel_Alpha158_csi300_custom_step0_s_20260727_14,5623588085794fa2b3c0623478426cc3,0.054,,,
2816,2026-07-27,SZ002049,-0.014674603007733822,EXP_XGBModel_Alpha158_csi300_custom_step0_s_20260727_14,5623588085794fa2b3c0623478426cc3,0.054,,,
2817,2026-07-27,SZ002028,-0.05901928246021271,EXP_XGBModel_Alpha158_csi300_custom_step0_s_20260727_14,5623588085794fa2b3c0623478426cc3,0.054,,,
2818,2026-07-27,SZ002027,0.02488188073039055,EXP_XGBModel_Alpha158_csi300_custom_step0_s_20260727_14,5623588085794fa2b3c0623478426cc3,0.054,,,
2819,2026-07-27,SZ002001,-0.0257113017141819,EXP_XGBModel_Alpha158_csi300_custom_step0_s_20260727_14,5623588085794fa2b3c0623478426cc3,0.054,,,
2820,2026-07-27,SZ001979,0.026017241179943085,EXP_XGBModel_Alpha158_csi300_custom_step0_s_20260727_14,5623588085794fa2b3c0623478426cc3,0.054,,,
2821,2026-07-27,SZ001965,0.05831232666969299,EXP_XGBModel_Alpha158_csi300_custom_step0_s_20260727_14,5623588085794fa2b3c0623478426cc3,0.054,,,
2822,2026-07-27,SZ001391,-0.0025654963683336973,EXP_XGBModel_Alpha158_csi300_custom_step0_s_20260727_14,5623588085794fa2b3c0623478426cc3,0.054,,,
2823,2026-07-27,SZ001280,-0.0306128840893507,EXP_XGBModel_Alpha158_csi300_custom_step0_s_20260727_14,5623588085794fa2b3c0623478426cc3,0.054,,,
2824,2026-07-27,SZ002050,0.01349596120417118,EXP_XGBModel_Alpha158_csi300_custom_step0_s_20260727_14,5623588085794fa2b3c0623478426cc3,0.054,,,
2825,2026-07-27,SZ002353,0.425531268119812,EXP_XGBModel_Alpha158_csi300_custom_step0_s_20260727_14,5623588085794fa2b3c0623478426cc3,0.054,,,
2826,2026-07-27,SZ002371,-0.1245083212852478,EXP_XGBModel_Alpha158_csi300_custom_step0_s_20260727_14,5623588085794fa2b3c0623478426cc3,0.054,,,
2827,2026-07-27,SZ002384,0.899206817150116,EXP_XGBModel_Alpha158_csi300_custom_step0_s_20260727_14,5623588085794fa2b3c0623478426cc3,0.054,,,
2828,2026-07-27,SZ002916,0.019685234874486923,EXP_XGBModel_Alpha158_csi300_custom_step0_s_20260727_14,5623588085794fa2b3c0623478426cc3,0.054,,,
2829,2026-07-27,SZ002837,-0.1330634504556656,EXP_XGBModel_Alpha158_csi300_custom_step0_s_20260727_14,5623588085794fa2b3c0623478426cc3,0.054,,,
2830,2026-07-27,SZ002736,0.01848467066884041,EXP_XGBModel_Alpha158_csi300_custom_step0_s_20260727_14,5623588085794fa2b3c0623478426cc3,0.054,,,
2831,2026-07-27,SZ002714,-0.06998031586408615,EXP_XGBModel_Alpha158_csi300_custom_step0_s_20260727_14,5623588085794fa2b3c0623478426cc3,0.054,,,
2832,2026-07-27,SZ002709,0.17952507734298706,EXP_XGBModel_Alpha158_csi300_custom_step0_s_20260727_14,5623588085794fa2b3c0623478426cc3,0.054,,,
2833,2026-07-27,SZ002648,-0.06947696954011917,EXP_XGBModel_Alpha158_csi300_custom_step0_s_20260727_14,5623588085794fa2b3c0623478426cc3,0.054,,,
2834,2026-07-27,SZ002625,0.006135156843811274,EXP_XGBModel_Alpha158_csi300_custom_step0_s_20260727_14,5623588085794fa2b3c0623478426cc3,0.054,,,
2835,2026-07-27,SZ002602,-0.0777895525097847,EXP_XGBModel_Alpha158_csi300_custom_step0_s_20260727_14,5623588085794fa2b3c0623478426cc3,0.054,,,
2836,2026-07-27,SZ002600,0.06382440775632858,EXP_XGBModel_Alpha158_csi300_custom_step0_s_20260727_14,5623588085794fa2b3c0623478426cc3,0.054,,,
2837,2026-07-27,SZ002594,-0.025238579139113426,EXP_XGBModel_Alpha158_csi300_custom_step0_s_20260727_14,5623588085794fa2b3c0623478426cc3,0.054,,,
2838,2026-07-27,SZ002558,-0.3387351632118225,EXP_XGBModel_Alpha158_csi300_custom_step0_s_20260727_14,5623588085794fa2b3c0623478426cc3,0.054,,,
2839,2026-07-27,SZ002532,-0.05016084387898445,EXP_XGBModel_Alpha158_csi300_custom_step0_s_20260727_14,5623588085794fa2b3c0623478426cc3,0.054,,,
2840,2026-07-27,SZ002493,-0.11223206669092178,EXP_XGBModel_Alpha158_csi300_custom_step0_s_20260727_14,5623588085794fa2b3c0623478426cc3,0.054,,,
2841,2026-07-27,SZ002475,-0.1281399130821228,EXP_XGBModel_Alpha158_csi300_custom_step0_s_20260727_14,5623588085794fa2b3c0623478426cc3,0.054,,,
2842,2026-07-27,SZ002466,0.11558982729911804,EXP_XGBModel_Alpha158_csi300_custom_step0_s_20260727_14,5623588085794fa2b3c0623478426cc3,0.054,,,
2843,2026-07-27,SZ002463,-0.017510131001472473,EXP_XGBModel_Alpha158_csi300_custom_step0_s_20260727_14,5623588085794fa2b3c0623478426cc3,0.054,,,
2844,2026-07-27,SZ002460,0.05836557596921921,EXP_XGBModel_Alpha158_csi300_custom_step0_s_20260727_14,5623588085794fa2b3c0623478426cc3,0.054,,,
2845,2026-07-27,SZ002422,-0.10262338817119598,EXP_XGBModel_Alpha158_csi300_custom_step0_s_20260727_14,5623588085794fa2b3c0623478426cc3,0.054,,,
2846,2026-07-27,SZ002415,-0.2064228653907776,EXP_XGBModel_Alpha158_csi300_custom_step0_s_20260727_14,5623588085794fa2b3c0623478426cc3,0.054,,,
2847,2026-07-27,SZ002938,-0.13078366219997406,EXP_XGBModel_Alpha158_csi300_custom_step0_s_20260727_14,5623588085794fa2b3c0623478426cc3,0.054,,,
2848,2026-07-27,SH601939,0.014839562627746068,EXP_LGBModel_Alpha158_csi300_custom_step0_s_20260727_14,f3485a9546bd4ed2a15c9336951d7abd,0.024,,,
2849,2026-07-27,SH601919,-0.034045718227390026,EXP_LGBModel_Alpha158_csi300_custom_step0_s_20260727_14,f3485a9546bd4ed2a15c9336951d7abd,0.024,,,
2850,2026-07-27,SH601916,0.006419411967461207,EXP_LGBModel_Alpha158_csi300_custom_step0_s_20260727_14,f3485a9546bd4ed2a15c9336951d7abd,0.024,,,
2851,2026-07-27,SH600549,0.3623457724316279,EXP_CatBoostModel_Alpha158_csi300_custom_step0_s_20260727_14,a8a550abb5b84d6da2c8472a98921952,0.113,,,
2852,2026-07-27,SH600547,-0.08894163165465442,EXP_CatBoostModel_Alpha158_csi300_custom_step0_s_20260727_14,a8a550abb5b84d6da2c8472a98921952,0.113,,,
2853,2026-07-27,SH600522,0.41410320460273187,EXP_CatBoostModel_Alpha158_csi300_custom_step0_s_20260727_14,a8a550abb5b84d6da2c8472a98921952,0.113,,,
2854,2026-07-27,SH600519,-0.013596604064974465,EXP_CatBoostModel_Alpha158_csi300_custom_step0_s_20260727_14,a8a550abb5b84d6da2c8472a98921952,0.113,,,
2855,2026-07-27,SH600515,0.0047608813161204595,EXP_CatBoostModel_Alpha158_csi300_custom_step0_s_20260727_14,a8a550abb5b84d6da2c8472a98921952,0.113,,,
2856,2026-07-27,SH600489,-0.08345847429699514,EXP_CatBoostModel_Alpha158_csi300_custom_step0_s_20260727_14,a8a550abb5b84d6da2c8472a98921952,0.113,,,
2857,2026-07-27,SH600482,-0.04114921559606261,EXP_CatBoostModel_Alpha158_csi300_custom_step0_s_20260727_14,a8a550abb5b84d6da2c8472a98921952,0.113,,,
2858,2026-07-27,SH600460,0.22117540022538779,EXP_CatBoostModel_Alpha158_csi300_custom_step0_s_20260727_14,a8a550abb5b84d6da2c8472a98921952,0.113,,,
2859,2026-07-27,SH600570,-0.040271571417115175,EXP_CatBoostModel_Alpha158_csi300_custom_step0_s_20260727_14,a8a550abb5b84d6da2c8472a98921952,0.113,,,
2860,2026-07-27,SH600438,-0.00029880517700340756,EXP_CatBoostModel_Alpha158_csi300_custom_step0_s_20260727_14,a8a550abb5b84d6da2c8472a98921952,0.113,,,
2861,2026-07-27,SH600426,-0.09693401399165613,EXP_CatBoostModel_Alpha158_csi300_custom_step0_s_20260727_14,a8a550abb5b84d6da2c8472a98921952,0.113,,,
2862,2026-07-27,SH600415,-0.07955629724387997,EXP_CatBoostModel_Alpha158_csi300_custom_step0_s_20260727_14,a8a550abb5b84d6da2c8472a98921952,0.113,,,
2863,2026-07-27,SH600406,-0.03568067889591164,EXP_CatBoostModel_Alpha158_csi300_custom_step0_s_20260727_14,a8a550abb5b84d6da2c8472a98921952,0.113,,,
2864,2026-07-27,SH600372,0.031084328410580002,EXP_CatBoostModel_Alpha158_csi300_custom_step0_s_20260727_14,a8a550abb5b84d6da2c8472a98921952,0.113,,,
2865,2026-07-27,SH600362,-0.0708561577609158,EXP_CatBoostModel_Alpha158_csi300_custom_step0_s_20260727_14,a8a550abb5b84d6da2c8472a98921952,0.113,,,
2866,2026-07-27,SH600346,-0.045722388410981106,EXP_CatBoostModel_Alpha158_csi300_custom_step0_s_20260727_14,a8a550abb5b84d6da2c8472a98921952,0.113,,,
2867,2026-07-27,SH600309,-0.06786346402968166,EXP_CatBoostModel_Alpha158_csi300_custom_step0_s_20260727_14,a8a550abb5b84d6da2c8472a98921952,0.113,,,
2868,2026-07-27,SH600276,-0.03568037395344027,EXP_CatBoostModel_Alpha158_csi300_custom_step0_s_20260727_14,a8a550abb5b84d6da2c8472a98921952,0.113,,,
2869,2026-07-27,SH600436,-0.036649380128588614,EXP_CatBoostModel_Alpha158_csi300_custom_step0_s_20260727_14,a8a550abb5b84d6da2c8472a98921952,0.113,,,
2870,2026-07-27,SH600233,-0.06848095407069404,EXP_CatBoostModel_Alpha158_csi300_custom_step0_s_20260727_14,a8a550abb5b84d6da2c8472a98921952,0.113,,,
2871,2026-07-27,SH600584,0.08361421988935658,EXP_CatBoostModel_Alpha158_csi300_custom_step0_s_20260727_14,a8a550abb5b84d6da2c8472a98921952,0.113,,,
2872,2026-07-27,SH600588,-0.060671035933956445,EXP_CatBoostModel_Alpha158_csi300_custom_step0_s_20260727_14,a8a550abb5b84d6da2c8472a98921952,0.113,,,
2873,2026-07-27,SH600919,0.04851841449159368,EXP_CatBoostModel_Alpha158_csi300_custom_step0_s_20260727_14,a8a550abb5b84d6da2c8472a98921952,0.113,,,
2874,2026-07-27,SH600918,-0.012269499998284868,EXP_CatBoostModel_Alpha158_csi300_custom_step0_s_20260727_14,a8a550abb5b84d6da2c8472a98921952,0.113,,,
2875,2026-07-27,SH600905,0.00544452270137438,EXP_CatBoostModel_Alpha158_csi300_custom_step0_s_20260727_14,a8a550abb5b84d6da2c8472a98921952,0.113,,,
2876,2026-07-27,SH600900,0.010320345798053049,EXP_CatBoostModel_Alpha158_csi300_custom_step0_s_20260727_14,a8a550abb5b84d6da2c8472a98921952,0.113,,,
2877,2026-07-27,SH600893,-0.01510742705100783,EXP_CatBoostModel_Alpha158_csi300_custom_step0_s_20260727_14,a8a550abb5b84d6da2c8472a98921952,0.113,,,
2878,2026-07-27,SH600887,0.0006365193613580376,EXP_CatBoostModel_Alpha158_csi300_custom_step0_s_20260727_14,a8a550abb5b84d6da2c8472a98921952,0.113,,,
2879,2026-07-27,SH600886,0.005823448040910487,EXP_CatBoostModel_Alpha158_csi300_custom_step0_s_20260727_14,a8a550abb5b84d6da2c8472a98921952,0.113,,,
2880,2026-07-27,SH600875,-0.007650112598797654,EXP_CatBoostModel_Alpha158_csi300_custom_step0_s_20260727_14,a8a550abb5b84d6da2c8472a98921952,0.113,,,
2881,2026-07-27,SH600585,-0.004192578755882784,EXP_CatBoostModel_Alpha158_csi300_custom_step0_s_20260727_14,a8a550abb5b84d6da2c8472a98921952,0.113,,,
2882,2026-07-27,SH600845,-0.05310145168052462,EXP_CatBoostModel_Alpha158_csi300_custom_step0_s_20260727_14,a8a550abb5b84d6da2c8472a98921952,0.113,,,
2883,2026-07-27,SH600803,-0.051829333507201224,EXP_CatBoostModel_Alpha158_csi300_custom_step0_s_20260727_14,a8a550abb5b84d6da2c8472a98921952,0.113,,,
2884,2026-07-27,SH600795,0.0012987966590743475,EXP_CatBoostModel_Alpha158_csi300_custom_step0_s_20260727_14,a8a550abb5b84d6da2c8472a98921952,0.113,,,
2885,2026-07-27,SH600760,-0.058908735068572526,EXP_CatBoostModel_Alpha158_csi300_custom_step0_s_20260727_14,a8a550abb5b84d6da2c8472a98921952,0.113,,,
2886,2026-07-27,SH600741,0.019902727245857385,EXP_CatBoostModel_Alpha158_csi300_custom_step0_s_20260727_14,a8a550abb5b84d6da2c8472a98921952,0.113,,,
2887,2026-07-27,SH600690,-0.03711706001144114,EXP_CatBoostModel_Alpha158_csi300_custom_step0_s_20260727_14,a8a550abb5b84d6da2c8472a98921952,0.113,,,
2888,2026-07-27,SH600674,0.01641091929334526,EXP_CatBoostModel_Alpha158_csi300_custom_step0_s_20260727_14,a8a550abb5b84d6da2c8472a98921952,0.113,,,
2889,2026-07-27,SH600660,-0.031853157010362176,EXP_CatBoostModel_Alpha158_csi300_custom_step0_s_20260727_14,a8a550abb5b84d6da2c8472a98921952,0.113,,,
2890,2026-07-27,SH600600,-0.02602891606803569,EXP_CatBoostModel_Alpha158_csi300_custom_step0_s_20260727_14,a8a550abb5b84d6da2c8472a98921952,0.113,,,
2891,2026-07-27,SH600809,-0.07141525400055525,EXP_CatBoostModel_Alpha158_csi300_custom_step0_s_20260727_14,a8a550abb5b84d6da2c8472a98921952,0.113,,,
2892,2026-07-27,SH600221,-0.00612494757565086,EXP_CatBoostModel_Alpha158_csi300_custom_step0_s_20260727_14,a8a550abb5b84d6da2c8472a98921952,0.113,,,
2893,2026-07-27,SH600219,-0.161297611747237,EXP_CatBoostModel_Alpha158_csi300_custom_step0_s_20260727_14,a8a550abb5b84d6da2c8472a98921952,0.113,,,
2894,2026-07-27,SH600196,-0.06256557817296894,EXP_CatBoostModel_Alpha158_csi300_custom_step0_s_20260727_14,a8a550abb5b84d6da2c8472a98921952,0.113,,,
2895,2026-07-27,SH600025,0.01344609598788549,EXP_CatBoostModel_Alpha158_csi300_custom_step0_s_20260727_14,a8a550abb5b84d6da2c8472a98921952,0.113,,,
2896,2026-07-27,SH600023,-0.010746506446549864,EXP_CatBoostModel_Alpha158_csi300_custom_step0_s_20260727_14,a8a550abb5b84d6da2c8472a98921952,0.113,,,
2897,2026-07-27,SH600019,-0.0030004177412413765,EXP_CatBoostModel_Alpha158_csi300_custom_step0_s_20260727_14,a8a550abb5b84d6da2c8472a98921952,0.113,,,
2898,2026-07-27,SH600018,0.04253465336473149,EXP_CatBoostModel_Alpha158_csi300_custom_step0_s_20260727_14,a8a550abb5b84d6da2c8472a98921952,0.113,,,
2899,2026-07-27,SH600016,0.00821866413511755,EXP_CatBoostModel_Alpha158_csi300_custom_step0_s_20260727_14,a8a550abb5b84d6da2c8472a98921952,0.113,,,
2900,2026-07-27,SH600015,0.057833353184982624,EXP_CatBoostModel_Alpha158_csi300_custom_step0_s_20260727_14,a8a550abb5b84d6da2c8472a98921952,0.113,,,
2901,2026-07-27,SH600011,-0.058130617535789866,EXP_CatBoostModel_Alpha158_csi300_custom_step0_s_20260727_14,a8a550abb5b84d6da2c8472a98921952,0.113,,,
2902,2026-07-27,SH600010,-0.025489171535172984,EXP_CatBoostModel_Alpha158_csi300_custom_step0_s_20260727_14,a8a550abb5b84d6da2c8472a98921952,0.113,,,
2903,2026-07-27,SH600026,0.03844249418815428,EXP_CatBoostModel_Alpha158_csi300_custom_step0_s_20260727_14,a8a550abb5b84d6da2c8472a98921952,0.113,,,
2904,2026-07-27,SH600009,-0.023220800143470624,EXP_CatBoostModel_Alpha158_csi300_custom_step0_s_20260727_14,a8a550abb5b84d6da2c8472a98921952,0.113,,,
2905,2026-07-27,SZ302132,-0.05592391649178186,EXP_CatBoostModel_Alpha158_csi300_custom_step0_s_20260727_14,6a0f6078febb4676baa4ca99a7ee636f,0.061,,,
2906,2026-07-27,SZ301308,0.01619915450102761,EXP_CatBoostModel_Alpha158_csi300_custom_step0_s_20260727_14,6a0f6078febb4676baa4ca99a7ee636f,0.061,,,
2907,2026-07-27,SZ301269,-0.06599581402572152,EXP_CatBoostModel_Alpha158_csi300_custom_step0_s_20260727_14,6a0f6078febb4676baa4ca99a7ee636f,0.061,,,
2908,2026-07-27,SZ301236,-0.06748277135763699,EXP_CatBoostModel_Alpha158_csi300_custom_step0_s_20260727_14,6a0f6078febb4676baa4ca99a7ee636f,0.061,,,
2909,2026-07-27,SZ301165,-0.47932458795440513,EXP_CatBoostModel_Alpha158_csi300_custom_step0_s_20260727_14,6a0f6078febb4676baa4ca99a7ee636f,0.061,,,
2910,2026-07-27,SZ300999,-0.01107624242208867,EXP_CatBoostModel_Alpha158_csi300_custom_step0_s_20260727_14,6a0f6078febb4676baa4ca99a7ee636f,0.061,,,
2911,2026-07-27,SZ300896,-0.056450483798503405,EXP_CatBoostModel_Alpha158_csi300_custom_step0_s_20260727_14,6a0f6078febb4676baa4ca99a7ee636f,0.061,,,
2912,2026-07-27,SZ300866,-0.0707225898568856,EXP_CatBoostModel_Alpha158_csi300_custom_step0_s_20260727_14,6a0f6078febb4676baa4ca99a7ee636f,0.061,,,
2913,2026-07-27,SH600000,0.030192534035371872,EXP_CatBoostModel_Alpha158_csi300_custom_step0_s_20260727_14,a8a550abb5b84d6da2c8472a98921952,0.113,,,
2914,2026-07-27,SH600027,-0.01764451946714141,EXP_CatBoostModel_Alpha158_csi300_custom_step0_s_20260727_14,a8a550abb5b84d6da2c8472a98921952,0.113,,,
2915,2026-07-27,SH600028,0.0029947173675705743,EXP_CatBoostModel_Alpha158_csi300_custom_step0_s_20260727_14,a8a550abb5b84d6da2c8472a98921952,0.113,,,
2916,2026-07-27,SH600029,-0.01844222828781728,EXP_CatBoostModel_Alpha158_csi300_custom_step0_s_20260727_14,a8a550abb5b84d6da2c8472a98921952,0.113,,,
2917,2026-07-27,SH600188,-0.11191410121149033,EXP_CatBoostModel_Alpha158_csi300_custom_step0_s_20260727_14,a8a550abb5b84d6da2c8472a98921952,0.113,,,
2918,2026-07-27,SH600183,0.29351295811635103,EXP_CatBoostModel_Alpha158_csi300_custom_step0_s_20260727_14,a8a550abb5b84d6da2c8472a98921952,0.113,,,
2919,2026-07-27,SH600176,0.3925721426217974,EXP_CatBoostModel_Alpha158_csi300_custom_step0_s_20260727_14,a8a550abb5b84d6da2c8472a98921952,0.113,,,
2920,2026-07-27,SH600160,0.10551766096051565,EXP_CatBoostModel_Alpha158_csi300_custom_step0_s_20260727_14,a8a550abb5b84d6da2c8472a98921952,0.113,,,
2921,2026-07-27,SH600150,-0.013660197909749426,EXP_CatBoostModel_Alpha158_csi300_custom_step0_s_20260727_14,a8a550abb5b84d6da2c8472a98921952,0.113,,,
2922,2026-07-27,SH600118,0.2676099283779282,EXP_CatBoostModel_Alpha158_csi300_custom_step0_s_20260727_14,a8a550abb5b84d6da2c8472a98921952,0.113,,,
2923,2026-07-27,SH600115,-0.010603604176542287,EXP_CatBoostModel_Alpha158_csi300_custom_step0_s_20260727_14,a8a550abb5b84d6da2c8472a98921952,0.113,,,
2924,2026-07-27,SH600111,0.17672978996458033,EXP_CatBoostModel_Alpha158_csi300_custom_step0_s_20260727_14,a8a550abb5b84d6da2c8472a98921952,0.113,,,
2925,2026-07-27,SH600104,-0.021968605760600887,EXP_CatBoostModel_Alpha158_csi300_custom_step0_s_20260727_14,a8a550abb5b84d6da2c8472a98921952,0.113,,,
2926,2026-07-27,SH600089,-0.06808485077280026,EXP_CatBoostModel_Alpha158_csi300_custom_step0_s_20260727_14,a8a550abb5b84d6da2c8472a98921952,0.113,,,
2927,2026-07-27,SH600085,-0.0563367104822226,EXP_CatBoostModel_Alpha158_csi300_custom_step0_s_20260727_14,a8a550abb5b84d6da2c8472a98921952,0.113,,,
2928,2026-07-27,SH600066,-0.04974161617242207,EXP_CatBoostModel_Alpha158_csi300_custom_step0_s_20260727_14,a8a550abb5b84d6da2c8472a98921952,0.113,,,
2929,2026-07-27,SH600061,0.005405185792227534,EXP_CatBoostModel_Alpha158_csi300_custom_step0_s_20260727_14,a8a550abb5b84d6da2c8472a98921952,0.113,,,
2930,2026-07-27,SH600050,0.018691909874408157,EXP_CatBoostModel_Alpha158_csi300_custom_step0_s_20260727_14,a8a550abb5b84d6da2c8472a98921952,0.113,,,
2931,2026-07-27,SH600048,-0.057243074715863526,EXP_CatBoostModel_Alpha158_csi300_custom_step0_s_20260727_14,a8a550abb5b84d6da2c8472a98921952,0.113,,,
2932,2026-07-27,SH600039,0.010631290278211391,EXP_CatBoostModel_Alpha158_csi300_custom_step0_s_20260727_14,a8a550abb5b84d6da2c8472a98921952,0.113,,,
2933,2026-07-27,SH600036,-0.0004234597848664978,EXP_CatBoostModel_Alpha158_csi300_custom_step0_s_20260727_14,a8a550abb5b84d6da2c8472a98921952,0.113,,,
2934,2026-07-27,SH600031,0.002313068125863955,EXP_CatBoostModel_Alpha158_csi300_custom_step0_s_20260727_14,a8a550abb5b84d6da2c8472a98921952,0.113,,,
2935,2026-07-27,SH600030,-0.003552694832855114,EXP_CatBoostModel_Alpha158_csi300_custom_step0_s_20260727_14,a8a550abb5b84d6da2c8472a98921952,0.113,,,
2936,2026-07-27,SH600926,0.00988945492495706,EXP_CatBoostModel_Alpha158_csi300_custom_step0_s_20260727_14,a8a550abb5b84d6da2c8472a98921952,0.113,,,
2937,2026-07-27,SZ300832,-0.0064228270192932795,EXP_CatBoostModel_Alpha158_csi300_custom_step0_s_20260727_14,6a0f6078febb4676baa4ca99a7ee636f,0.061,,,
2938,2026-07-27,SH600930,0.05916525263521039,EXP_CatBoostModel_Alpha158_csi300_custom_step0_s_20260727_14,a8a550abb5b84d6da2c8472a98921952,0.113,,,
2939,2026-07-27,SH600941,0.025636282977080763,EXP_CatBoostModel_Alpha158_csi300_custom_step0_s_20260727_14,a8a550abb5b84d6da2c8472a98921952,0.113,,,
2940,2026-07-27,SH601881,0.012507692895364653,EXP_CatBoostModel_Alpha158_csi300_custom_step0_s_20260727_14,a8a550abb5b84d6da2c8472a98921952,0.113,,,
2941,2026-07-27,SH601878,0.024608497989343496,EXP_CatBoostModel_Alpha158_csi300_custom_step0_s_20260727_14,a8a550abb5b84d6da2c8472a98921952,0.113,,,
2942,2026-07-27,SH601877,-0.05375851057272037,EXP_CatBoostModel_Alpha158_csi300_custom_step0_s_20260727_14,a8a550abb5b84d6da2c8472a98921952,0.113,,,
2943,2026-07-27,SH601872,0.11553760102762928,EXP_CatBoostModel_Alpha158_csi300_custom_step0_s_20260727_14,a8a550abb5b84d6da2c8472a98921952,0.113,,,
2944,2026-07-27,SH601868,-0.025444828688580435,EXP_CatBoostModel_Alpha158_csi300_custom_step0_s_20260727_14,a8a550abb5b84d6da2c8472a98921952,0.113,,,
2945,2026-07-27,SH601857,-0.05865040377247739,EXP_CatBoostModel_Alpha158_csi300_custom_step0_s_20260727_14,a8a550abb5b84d6da2c8472a98921952,0.113,,,
2946,2026-07-27,SH601838,0.03236543790462259,EXP_CatBoostModel_Alpha158_csi300_custom_step0_s_20260727_14,a8a550abb5b84d6da2c8472a98921952,0.113,,,
2947,2026-07-27,SH601825,-0.02753284328883749,EXP_CatBoostModel_Alpha158_csi300_custom_step0_s_20260727_14,a8a550abb5b84d6da2c8472a98921952,0.113,,,
2948,2026-07-27,SH601888,-0.08670134800857034,EXP_CatBoostModel_Alpha158_csi300_custom_step0_s_20260727_14,a8a550abb5b84d6da2c8472a98921952,0.113,,,
2949,2026-07-27,SH601818,0.04468826397111128,EXP_CatBoostModel_Alpha158_csi300_custom_step0_s_20260727_14,a8a550abb5b84d6da2c8472a98921952,0.113,,,
2950,2026-07-27,SH601800,-0.014527787053947677,EXP_CatBoostModel_Alpha158_csi300_custom_step0_s_20260727_14,a8a550abb5b84d6da2c8472a98921952,0.113,,,
2951,2026-07-27,SH601788,0.03195677046033215,EXP_CatBoostModel_Alpha158_csi300_custom_step0_s_20260727_14,a8a550abb5b84d6da2c8472a98921952,0.113,,,
2952,2026-07-27,SH601766,0.017274663427173403,EXP_CatBoostModel_Alpha158_csi300_custom_step0_s_20260727_14,a8a550abb5b84d6da2c8472a98921952,0.113,,,
2953,2026-07-27,SH601728,-0.005121495800742645,EXP_CatBoostModel_Alpha158_csi300_custom_step0_s_20260727_14,a8a550abb5b84d6da2c8472a98921952,0.113,,,
2954,2026-07-27,SH601727,-0.03645691431261036,EXP_CatBoostModel_Alpha158_csi300_custom_step0_s_20260727_14,a8a550abb5b84d6da2c8472a98921952,0.113,,,
2955,2026-07-27,SH601698,0.0014085208324860698,EXP_CatBoostModel_Alpha158_csi300_custom_step0_s_20260727_14,a8a550abb5b84d6da2c8472a98921952,0.113,,,
2956,2026-07-27,SH601689,-0.00800229858709095,EXP_CatBoostModel_Alpha158_csi300_custom_step0_s_20260727_14,a8a550abb5b84d6da2c8472a98921952,0.113,,,
2957,2026-07-27,SH601688,-0.012622223415983257,EXP_CatBoostModel_Alpha158_csi300_custom_step0_s_20260727_14,a8a550abb5b84d6da2c8472a98921952,0.113,,,
2958,2026-07-27,SH601816,0.027066725405409546,EXP_CatBoostModel_Alpha158_csi300_custom_step0_s_20260727_14,a8a550abb5b84d6da2c8472a98921952,0.113,,,
2959,2026-07-27,SH601669,-0.013941407435657851,EXP_CatBoostModel_Alpha158_csi300_custom_step0_s_20260727_14,a8a550abb5b84d6da2c8472a98921952,0.113,,,
2960,2026-07-27,SH601898,-0.09788688380733256,EXP_CatBoostModel_Alpha158_csi300_custom_step0_s_20260727_14,a8a550abb5b84d6da2c8472a98921952,0.113,,,
2961,2026-07-27,SH601901,0.02116637973584305,EXP_CatBoostModel_Alpha158_csi300_custom_step0_s_20260727_14,a8a550abb5b84d6da2c8472a98921952,0.113,,,
2962,2026-07-27,SH603986,0.32461077082579415,EXP_CatBoostModel_Alpha158_csi300_custom_step0_s_20260727_14,a8a550abb5b84d6da2c8472a98921952,0.113,,,
2963,2026-07-27,SH603893,-0.11062249360176928,EXP_CatBoostModel_Alpha158_csi300_custom_step0_s_20260727_14,a8a550abb5b84d6da2c8472a98921952,0.113,,,
2964,2026-07-27,SH603799,0.19405790091365255,EXP_CatBoostModel_Alpha158_csi300_custom_step0_s_20260727_14,a8a550abb5b84d6da2c8472a98921952,0.113,,,
2965,2026-07-27,SH603501,-0.02594790542544438,EXP_CatBoostModel_Alpha158_csi300_custom_step0_s_20260727_14,a8a550abb5b84d6da2c8472a98921952,0.113,,,
2966,2026-07-27,SH603392,0.0029591992424502543,EXP_CatBoostModel_Alpha158_csi300_custom_step0_s_20260727_14,a8a550abb5b84d6da2c8472a98921952,0.113,,,
2967,2026-07-27,SH603369,-0.04994504846563137,EXP_CatBoostModel_Alpha158_csi300_custom_step0_s_20260727_14,a8a550abb5b84d6da2c8472a98921952,0.113,,,
2968,2026-07-27,SH603296,-0.014749303386025996,EXP_CatBoostModel_Alpha158_csi300_custom_step0_s_20260727_14,a8a550abb5b84d6da2c8472a98921952,0.113,,,
2969,2026-07-27,SH603288,-0.016510645085798897,EXP_CatBoostModel_Alpha158_csi300_custom_step0_s_20260727_14,a8a550abb5b84d6da2c8472a98921952,0.113,,,
2970,2026-07-27,SH601899,-0.07983967951577829,EXP_CatBoostModel_Alpha158_csi300_custom_step0_s_20260727_14,a8a550abb5b84d6da2c8472a98921952,0.113,,,
2971,2026-07-27,SH603260,0.17203721064612473,EXP_CatBoostModel_Alpha158_csi300_custom_step0_s_20260727_14,a8a550abb5b84d6da2c8472a98921952,0.113,,,
2972,2026-07-27,SH603019,-0.10127905883423191,EXP_CatBoostModel_Alpha158_csi300_custom_step0_s_20260727_14,a8a550abb5b84d6da2c8472a98921952,0.113,,,
2973,2026-07-27,SH601998,0.006857160770083265,EXP_CatBoostModel_Alpha158_csi300_custom_step0_s_20260727_14,a8a550abb5b84d6da2c8472a98921952,0.113,,,
2974,2026-07-27,SH601995,-0.05114251768520598,EXP_CatBoostModel_Alpha158_csi300_custom_step0_s_20260727_14,a8a550abb5b84d6da2c8472a98921952,0.113,,,
2975,2026-07-27,SH601988,0.01949263072433397,EXP_CatBoostModel_Alpha158_csi300_custom_step0_s_20260727_14,a8a550abb5b84d6da2c8472a98921952,0.113,,,
2976,2026-07-27,SH601985,0.03465644102432613,EXP_CatBoostModel_Alpha158_csi300_custom_step0_s_20260727_14,a8a550abb5b84d6da2c8472a98921952,0.113,,,
2977,2026-07-27,SH601939,0.010036179668074572,EXP_CatBoostModel_Alpha158_csi300_custom_step0_s_20260727_14,a8a550abb5b84d6da2c8472a98921952,0.113,,,
2978,2026-07-27,SH601919,-0.00636031631223527,EXP_CatBoostModel_Alpha158_csi300_custom_step0_s_20260727_14,a8a550abb5b84d6da2c8472a98921952,0.113,,,
2979,2026-07-27,SH601916,0.013660319487397495,EXP_CatBoostModel_Alpha158_csi300_custom_step0_s_20260727_14,a8a550abb5b84d6da2c8472a98921952,0.113,,,
2980,2026-07-27,SH603259,-0.059061192728370356,EXP_CatBoostModel_Alpha158_csi300_custom_step0_s_20260727_14,a8a550abb5b84d6da2c8472a98921952,0.113,,,
2981,2026-07-27,SH601668,-0.022312552211478626,EXP_CatBoostModel_Alpha158_csi300_custom_step0_s_20260727_14,a8a550abb5b84d6da2c8472a98921952,0.113,,,
2982,2026-07-27,SH601658,0.03614535282972064,EXP_CatBoostModel_Alpha158_csi300_custom_step0_s_20260727_14,a8a550abb5b84d6da2c8472a98921952,0.113,,,
2983,2026-07-27,SH601633,-0.06129452091385635,EXP_CatBoostModel_Alpha158_csi300_custom_step0_s_20260727_14,a8a550abb5b84d6da2c8472a98921952,0.113,,,
2984,2026-07-27,SH601136,-0.03320758238009997,EXP_CatBoostModel_Alpha158_csi300_custom_step0_s_20260727_14,a8a550abb5b84d6da2c8472a98921952,0.113,,,
2985,2026-07-27,SH601127,-0.011825962366610465,EXP_CatBoostModel_Alpha158_csi300_custom_step0_s_20260727_14,a8a550abb5b84d6da2c8472a98921952,0.113,,,
2986,2026-07-27,SH601117,0.002148088052017103,EXP_CatBoostModel_Alpha158_csi300_custom_step0_s_20260727_14,a8a550abb5b84d6da2c8472a98921952,0.113,,,
2987,2026-07-27,SH601111,0.0067809796935055875,EXP_CatBoostModel_Alpha158_csi300_custom_step0_s_20260727_14,a8a550abb5b84d6da2c8472a98921952,0.113,,,
2988,2026-07-27,SH601100,-0.0088646897100295,EXP_CatBoostModel_Alpha158_csi300_custom_step0_s_20260727_14,a8a550abb5b84d6da2c8472a98921952,0.113,,,
2989,2026-07-27,SH601088,-0.011568375507346792,EXP_CatBoostModel_Alpha158_csi300_custom_step0_s_20260727_14,a8a550abb5b84d6da2c8472a98921952,0.113,,,
2990,2026-07-27,SH601077,0.0155090981749753,EXP_CatBoostModel_Alpha158_csi300_custom_step0_s_20260727_14,a8a550abb5b84d6da2c8472a98921952,0.113,,,
2991,2026-07-27,SH601066,-0.05462524947900427,EXP_CatBoostModel_Alpha158_csi300_custom_step0_s_20260727_14,a8a550abb5b84d6da2c8472a98921952,0.113,,,
2992,2026-07-27,SH601138,0.014258168524072915,EXP_CatBoostModel_Alpha158_csi300_custom_step0_s_20260727_14,a8a550abb5b84d6da2c8472a98921952,0.113,,,
2993,2026-07-27,SH601059,0.004934816646276099,EXP_CatBoostModel_Alpha158_csi300_custom_step0_s_20260727_14,a8a550abb5b84d6da2c8472a98921952,0.113,,,
2994,2026-07-27,SH601021,0.012470903093159975,EXP_CatBoostModel_Alpha158_csi300_custom_step0_s_20260727_14,a8a550abb5b84d6da2c8472a98921952,0.113,,,
2995,2026-07-27,SH601018,0.021031438048657796,EXP_CatBoostModel_Alpha158_csi300_custom_step0_s_20260727_14,a8a550abb5b84d6da2c8472a98921952,0.113,,,
2996,2026-07-27,SH601012,-0.04422124837648929,EXP_CatBoostModel_Alpha158_csi300_custom_step0_s_20260727_14,a8a550abb5b84d6da2c8472a98921952,0.113,,,
2997,2026-07-27,SH601009,0.01568109354148483,EXP_CatBoostModel_Alpha158_csi300_custom_step0_s_20260727_14,a8a550abb5b84d6da2c8472a98921952,0.113,,,
2998,2026-07-27,SH601006,0.0160075979121808,EXP_CatBoostModel_Alpha158_csi300_custom_step0_s_20260727_14,a8a550abb5b84d6da2c8472a98921952,0.113,,,
2999,2026-07-27,SH600999,-0.08760545822368594,EXP_CatBoostModel_Alpha158_csi300_custom_step0_s_20260727_14,a8a550abb5b84d6da2c8472a98921952,0.113,,,
3000,2026-07-27,SH600989,-0.10415682113437179,EXP_CatBoostModel_Alpha158_csi300_custom_step0_s_20260727_14,a8a550abb5b84d6da2c8472a98921952,0.113,,,
3001,2026-07-27,SH600958,-0.00484816486738352,EXP_CatBoostModel_Alpha158_csi300_custom_step0_s_20260727_14,a8a550abb5b84d6da2c8472a98921952,0.113,,,
3002,2026-07-27,SH601058,-0.02488853129825376,EXP_CatBoostModel_Alpha158_csi300_custom_step0_s_20260727_14,a8a550abb5b84d6da2c8472a98921952,0.113,,,
3003,2026-07-27,SH601166,0.009830099192892145,EXP_CatBoostModel_Alpha158_csi300_custom_step0_s_20260727_14,a8a550abb5b84d6da2c8472a98921952,0.113,,,
3004,2026-07-27,SH601169,0.029528473714051467,EXP_CatBoostModel_Alpha158_csi300_custom_step0_s_20260727_14,a8a550abb5b84d6da2c8472a98921952,0.113,,,
3005,2026-07-27,SH601186,0.024307356095465967,EXP_CatBoostModel_Alpha158_csi300_custom_step0_s_20260727_14,a8a550abb5b84d6da2c8472a98921952,0.113,,,
3006,2026-07-27,SH601628,-0.02970705361395197,EXP_CatBoostModel_Alpha158_csi300_custom_step0_s_20260727_14,a8a550abb5b84d6da2c8472a98921952,0.113,,,
3007,2026-07-27,SH601618,0.005540714043327972,EXP_CatBoostModel_Alpha158_csi300_custom_step0_s_20260727_14,a8a550abb5b84d6da2c8472a98921952,0.113,,,
3008,2026-07-27,SH601607,0.015828457154419606,EXP_CatBoostModel_Alpha158_csi300_custom_step0_s_20260727_14,a8a550abb5b84d6da2c8472a98921952,0.113,,,
3009,2026-07-27,SH601601,-0.042566380428951056,EXP_CatBoostModel_Alpha158_csi300_custom_step0_s_20260727_14,a8a550abb5b84d6da2c8472a98921952,0.113,,,
3010,2026-07-27,SH601600,-0.08113603049573219,EXP_CatBoostModel_Alpha158_csi300_custom_step0_s_20260727_14,a8a550abb5b84d6da2c8472a98921952,0.113,,,
3011,2026-07-27,SH601456,0.01996056761968604,EXP_CatBoostModel_Alpha158_csi300_custom_step0_s_20260727_14,a8a550abb5b84d6da2c8472a98921952,0.113,,,
3012,2026-07-27,SH601398,0.019253709452848496,EXP_CatBoostModel_Alpha158_csi300_custom_step0_s_20260727_14,a8a550abb5b84d6da2c8472a98921952,0.113,,,
3013,2026-07-27,SH601390,-0.000769912856805236,EXP_CatBoostModel_Alpha158_csi300_custom_step0_s_20260727_14,a8a550abb5b84d6da2c8472a98921952,0.113,,,
3014,2026-07-27,SH601377,0.03862877342234919,EXP_CatBoostModel_Alpha158_csi300_custom_step0_s_20260727_14,a8a550abb5b84d6da2c8472a98921952,0.113,,,
3015,2026-07-27,SH601360,-0.09783839068425196,EXP_CatBoostModel_Alpha158_csi300_custom_step0_s_20260727_14,a8a550abb5b84d6da2c8472a98921952,0.113,,,
3016,2026-07-27,SH601336,-0.05541939045758118,EXP_CatBoostModel_Alpha158_csi300_custom_step0_s_20260727_14,a8a550abb5b84d6da2c8472a98921952,0.113,,,
3017,2026-07-27,SH601328,0.025618864492555925,EXP_CatBoostModel_Alpha158_csi300_custom_step0_s_20260727_14,a8a550abb5b84d6da2c8472a98921952,0.113,,,
3018,2026-07-27,SH601319,-0.006347053523928801,EXP_CatBoostModel_Alpha158_csi300_custom_step0_s_20260727_14,a8a550abb5b84d6da2c8472a98921952,0.113,,,
3019,2026-07-27,SH601318,-0.0128455614142265,EXP_CatBoostModel_Alpha158_csi300_custom_step0_s_20260727_14,a8a550abb5b84d6da2c8472a98921952,0.113,,,
3020,2026-07-27,SH601288,0.0167276918361125,EXP_CatBoostModel_Alpha158_csi300_custom_step0_s_20260727_14,a8a550abb5b84d6da2c8472a98921952,0.113,,,
3021,2026-07-27,SH601238,-0.03185396440390063,EXP_CatBoostModel_Alpha158_csi300_custom_step0_s_20260727_14,a8a550abb5b84d6da2c8472a98921952,0.113,,,
3022,2026-07-27,SH601229,0.05193977830924295,EXP_CatBoostModel_Alpha158_csi300_custom_step0_s_20260727_14,a8a550abb5b84d6da2c8472a98921952,0.113,,,
3023,2026-07-27,SH601225,-0.018361557659486532,EXP_CatBoostModel_Alpha158_csi300_custom_step0_s_20260727_14,a8a550abb5b84d6da2c8472a98921952,0.113,,,
3024,2026-07-27,SH601211,-0.009088137140841585,EXP_CatBoostModel_Alpha158_csi300_custom_step0_s_20260727_14,a8a550abb5b84d6da2c8472a98921952,0.113,,,
3025,2026-07-27,SH600938,-0.10964665381974735,EXP_CatBoostModel_Alpha158_csi300_custom_step0_s_20260727_14,a8a550abb5b84d6da2c8472a98921952,0.113,,,
3026,2026-07-27,SH603993,-0.12276651981421939,EXP_CatBoostModel_Alpha158_csi300_custom_step0_s_20260727_14,a8a550abb5b84d6da2c8472a98921952,0.113,,,
3027,2026-07-27,SZ300803,-0.019960740762283307,EXP_CatBoostModel_Alpha158_csi300_custom_step0_s_20260727_14,6a0f6078febb4676baa4ca99a7ee636f,0.061,,,
3028,2026-07-27,SZ300750,-0.017613233077094417,EXP_CatBoostModel_Alpha158_csi300_custom_step0_s_20260727_14,6a0f6078febb4676baa4ca99a7ee636f,0.061,,,
3029,2026-07-27,SH688082,0.017680751904606152,EXP_CatBoostModel_Alpha158_csi300_custom_step0_s_20260727_14,6a0f6078febb4676baa4ca99a7ee636f,0.061,,,
3030,2026-07-27,SH688072,-0.1470949473433592,EXP_CatBoostModel_Alpha158_csi300_custom_step0_s_20260727_14,6a0f6078febb4676baa4ca99a7ee636f,0.061,,,
3031,2026-07-27,SH688047,-0.040562912285549715,EXP_CatBoostModel_Alpha158_csi300_custom_step0_s_20260727_14,6a0f6078febb4676baa4ca99a7ee636f,0.061,,,
3032,2026-07-27,SH688041,-0.06617194933297404,EXP_CatBoostModel_Alpha158_csi300_custom_step0_s_20260727_14,6a0f6078febb4676baa4ca99a7ee636f,0.061,,,
3033,2026-07-27,SH688036,-0.058022838937272725,EXP_CatBoostModel_Alpha158_csi300_custom_step0_s_20260727_14,6a0f6078febb4676baa4ca99a7ee636f,0.061,,,
3034,2026-07-27,SH688012,-0.08041572400853349,EXP_CatBoostModel_Alpha158_csi300_custom_step0_s_20260727_14,6a0f6078febb4676baa4ca99a7ee636f,0.061,,,
3035,2026-07-27,SH688009,0.010511599526666186,EXP_CatBoostModel_Alpha158_csi300_custom_step0_s_20260727_14,6a0f6078febb4676baa4ca99a7ee636f,0.061,,,
3036,2026-07-27,SH688008,-0.07052821807561406,EXP_CatBoostModel_Alpha158_csi300_custom_step0_s_20260727_14,6a0f6078febb4676baa4ca99a7ee636f,0.061,,,
3037,2026-07-27,SH688111,-0.0715429606189397,EXP_CatBoostModel_Alpha158_csi300_custom_step0_s_20260727_14,6a0f6078febb4676baa4ca99a7ee636f,0.061,,,
3038,2026-07-27,SH605499,-0.07548492005378729,EXP_CatBoostModel_Alpha158_csi300_custom_step0_s_20260727_14,6a0f6078febb4676baa4ca99a7ee636f,0.061,,,
3039,2026-07-27,SH603993,-0.08961583823836441,EXP_CatBoostModel_Alpha158_csi300_custom_step0_s_20260727_14,6a0f6078febb4676baa4ca99a7ee636f,0.061,,,
3040,2026-07-27,SH603986,0.030274204804700056,EXP_CatBoostModel_Alpha158_csi300_custom_step0_s_20260727_14,6a0f6078febb4676baa4ca99a7ee636f,0.061,,,
3041,2026-07-27,SH603893,-0.061239917725006976,EXP_CatBoostModel_Alpha158_csi300_custom_step0_s_20260727_14,6a0f6078febb4676baa4ca99a7ee636f,0.061,,,
3042,2026-07-27,SH603799,0.06194075364229866,EXP_CatBoostModel_Alpha158_csi300_custom_step0_s_20260727_14,6a0f6078febb4676baa4ca99a7ee636f,0.061,,,
3043,2026-07-27,SH603501,-0.027340055176644222,EXP_CatBoostModel_Alpha158_csi300_custom_step0_s_20260727_14,6a0f6078febb4676baa4ca99a7ee636f,0.061,,,
3044,2026-07-27,SH603392,-0.031067658409087838,EXP_CatBoostModel_Alpha158_csi300_custom_step0_s_20260727_14,6a0f6078febb4676baa4ca99a7ee636f,0.061,,,
3045,2026-07-27,SH603369,-0.027437702379590496,EXP_CatBoostModel_Alpha158_csi300_custom_step0_s_20260727_14,6a0f6078febb4676baa4ca99a7ee636f,0.061,,,
3046,2026-07-27,SH603296,-0.022757976716033905,EXP_CatBoostModel_Alpha158_csi300_custom_step0_s_20260727_14,6a0f6078febb4676baa4ca99a7ee636f,0.061,,,
3047,2026-07-27,SH605117,-0.006496944529096591,EXP_CatBoostModel_Alpha158_csi300_custom_step0_s_20260727_14,6a0f6078febb4676baa4ca99a7ee636f,0.061,,,
3048,2026-07-27,SH603288,-0.0026527425072365484,EXP_CatBoostModel_Alpha158_csi300_custom_step0_s_20260727_14,6a0f6078febb4676baa4ca99a7ee636f,0.061,,,
3049,2026-07-27,SH688126,0.04513645809515346,EXP_CatBoostModel_Alpha158_csi300_custom_step0_s_20260727_14,6a0f6078febb4676baa4ca99a7ee636f,0.061,,,
3050,2026-07-27,SH688223,-0.0071567179480856325,EXP_CatBoostModel_Alpha158_csi300_custom_step0_s_20260727_14,6a0f6078febb4676baa4ca99a7ee636f,0.061,,,
3051,2026-07-27,SZ000408,-0.024800326133451987,EXP_CatBoostModel_Alpha158_csi300_custom_step0_s_20260727_14,6a0f6078febb4676baa4ca99a7ee636f,0.061,,,
3052,2026-07-27,SZ000338,-0.07073204171953747,EXP_CatBoostModel_Alpha158_csi300_custom_step0_s_20260727_14,6a0f6078febb4676baa4ca99a7ee636f,0.061,,,
3053,2026-07-27,SZ000333,0.0002989958581594174,EXP_CatBoostModel_Alpha158_csi300_custom_step0_s_20260727_14,6a0f6078febb4676baa4ca99a7ee636f,0.061,,,
3054,2026-07-27,SZ000301,-0.04471964740395208,EXP_CatBoostModel_Alpha158_csi300_custom_step0_s_20260727_14,6a0f6078febb4676baa4ca99a7ee636f,0.061,,,
3055,2026-07-27,SZ000166,0.02256514401445122,EXP_CatBoostModel_Alpha158_csi300_custom_step0_s_20260727_14,6a0f6078febb4676baa4ca99a7ee636f,0.061,,,
3056,2026-07-27,SZ000157,-0.009926573782800822,EXP_CatBoostModel_Alpha158_csi300_custom_step0_s_20260727_14,6a0f6078febb4676baa4ca99a7ee636f,0.061,,,
3057,2026-07-27,SZ000100,-0.07096164651847252,EXP_CatBoostModel_Alpha158_csi300_custom_step0_s_20260727_14,6a0f6078febb4676baa4ca99a7ee636f,0.061,,,
3058,2026-07-27,SZ000063,-0.07413020165497317,EXP_CatBoostModel_Alpha158_csi300_custom_step0_s_20260727_14,6a0f6078febb4676baa4ca99a7ee636f,0.061,,,
3059,2026-07-27,SH688183,0.06450960808897278,EXP_CatBoostModel_Alpha158_csi300_custom_step0_s_20260727_14,6a0f6078febb4676baa4ca99a7ee636f,0.061,,,
3060,2026-07-27,SZ000002,-0.01335478238325792,EXP_CatBoostModel_Alpha158_csi300_custom_step0_s_20260727_14,6a0f6078febb4676baa4ca99a7ee636f,0.061,,,
3061,2026-07-27,SH688981,-0.06937557244204402,EXP_CatBoostModel_Alpha158_csi300_custom_step0_s_20260727_14,6a0f6078febb4676baa4ca99a7ee636f,0.061,,,
3062,2026-07-27,SH688521,-0.016731028853874372,EXP_CatBoostModel_Alpha158_csi300_custom_step0_s_20260727_14,6a0f6078febb4676baa4ca99a7ee636f,0.061,,,
3063,2026-07-27,SH688506,0.027724868415816655,EXP_CatBoostModel_Alpha158_csi300_custom_step0_s_20260727_14,6a0f6078febb4676baa4ca99a7ee636f,0.061,,,
3064,2026-07-27,SH688472,-0.0337938312681822,EXP_CatBoostModel_Alpha158_csi300_custom_step0_s_20260727_14,6a0f6078febb4676baa4ca99a7ee636f,0.061,,,
3065,2026-07-27,SH688396,-0.02237412708930522,EXP_CatBoostModel_Alpha158_csi300_custom_step0_s_20260727_14,6a0f6078febb4676baa4ca99a7ee636f,0.061,,,
3066,2026-07-27,SH688303,-0.015179357297556798,EXP_CatBoostModel_Alpha158_csi300_custom_step0_s_20260727_14,6a0f6078febb4676baa4ca99a7ee636f,0.061,,,
3067,2026-07-27,SH688271,-0.021181627840113196,EXP_CatBoostModel_Alpha158_csi300_custom_step0_s_20260727_14,6a0f6078febb4676baa4ca99a7ee636f,0.061,,,
3068,2026-07-27,SH688256,-0.07070628388365041,EXP_CatBoostModel_Alpha158_csi300_custom_step0_s_20260727_14,6a0f6078febb4676baa4ca99a7ee636f,0.061,,,
3069,2026-07-27,SZ000001,0.024070957642434748,EXP_CatBoostModel_Alpha158_csi300_custom_step0_s_20260727_14,6a0f6078febb4676baa4ca99a7ee636f,0.061,,,
3070,2026-07-27,SH603260,0.023071879074215387,EXP_CatBoostModel_Alpha158_csi300_custom_step0_s_20260727_14,6a0f6078febb4676baa4ca99a7ee636f,0.061,,,
3071,2026-07-27,SH603259,-0.033522625049115115,EXP_CatBoostModel_Alpha158_csi300_custom_step0_s_20260727_14,6a0f6078febb4676baa4ca99a7ee636f,0.061,,,
3072,2026-07-27,SH603019,-0.08071420963259614,EXP_CatBoostModel_Alpha158_csi300_custom_step0_s_20260727_14,6a0f6078febb4676baa4ca99a7ee636f,0.061,,,
3073,2026-07-27,SH601766,0.017690878980273588,EXP_CatBoostModel_Alpha158_csi300_custom_step0_s_20260727_14,6a0f6078febb4676baa4ca99a7ee636f,0.061,,,
3074,2026-07-27,SH601728,0.023809020245350056,EXP_CatBoostModel_Alpha158_csi300_custom_step0_s_20260727_14,6a0f6078febb4676baa4ca99a7ee636f,0.061,,,
3075,2026-07-27,SH601727,-0.009542128446703766,EXP_CatBoostModel_Alpha158_csi300_custom_step0_s_20260727_14,6a0f6078febb4676baa4ca99a7ee636f,0.061,,,
3076,2026-07-27,SH601698,0.007463867867373124,EXP_CatBoostModel_Alpha158_csi300_custom_step0_s_20260727_14,6a0f6078febb4676baa4ca99a7ee636f,0.061,,,
3077,2026-07-27,SH601689,0.0006828818617411556,EXP_CatBoostModel_Alpha158_csi300_custom_step0_s_20260727_14,6a0f6078febb4676baa4ca99a7ee636f,0.061,,,
3078,2026-07-27,SH601688,-0.010441972002570014,EXP_CatBoostModel_Alpha158_csi300_custom_step0_s_20260727_14,6a0f6078febb4676baa4ca99a7ee636f,0.061,,,
3079,2026-07-27,SH601669,-0.005361428703070905,EXP_CatBoostModel_Alpha158_csi300_custom_step0_s_20260727_14,6a0f6078febb4676baa4ca99a7ee636f,0.061,,,
3080,2026-07-27,SH601668,0.021707415733717664,EXP_CatBoostModel_Alpha158_csi300_custom_step0_s_20260727_14,6a0f6078febb4676baa4ca99a7ee636f,0.061,,,
3081,2026-07-27,SH601788,0.017397005893314596,EXP_CatBoostModel_Alpha158_csi300_custom_step0_s_20260727_14,6a0f6078febb4676baa4ca99a7ee636f,0.061,,,
3082,2026-07-27,SH601658,0.02850123479161037,EXP_CatBoostModel_Alpha158_csi300_custom_step0_s_20260727_14,6a0f6078febb4676baa4ca99a7ee636f,0.061,,,
3083,2026-07-27,SH601628,-0.015490598608715345,EXP_CatBoostModel_Alpha158_csi300_custom_step0_s_20260727_14,6a0f6078febb4676baa4ca99a7ee636f,0.061,,,
3084,2026-07-27,SH601618,0.007176596496265719,EXP_CatBoostModel_Alpha158_csi300_custom_step0_s_20260727_14,6a0f6078febb4676baa4ca99a7ee636f,0.061,,,
3085,2026-07-27,SH601607,-0.0037080490231681984,EXP_CatBoostModel_Alpha158_csi300_custom_step0_s_20260727_14,6a0f6078febb4676baa4ca99a7ee636f,0.061,,,
3086,2026-07-27,SH601601,-0.009680540089501168,EXP_CatBoostModel_Alpha158_csi300_custom_step0_s_20260727_14,6a0f6078febb4676baa4ca99a7ee636f,0.061,,,
3087,2026-07-27,SH601600,-0.03213948667979022,EXP_CatBoostModel_Alpha158_csi300_custom_step0_s_20260727_14,6a0f6078febb4676baa4ca99a7ee636f,0.061,,,
3088,2026-07-27,SH601456,0.011552570573824155,EXP_CatBoostModel_Alpha158_csi300_custom_step0_s_20260727_14,6a0f6078febb4676baa4ca99a7ee636f,0.061,,,
3089,2026-07-27,SH601398,0.02500358028991685,EXP_CatBoostModel_Alpha158_csi300_custom_step0_s_20260727_14,6a0f6078febb4676baa4ca99a7ee636f,0.061,,,
3090,2026-07-27,SH601390,0.016594619483124903,EXP_CatBoostModel_Alpha158_csi300_custom_step0_s_20260727_14,6a0f6078febb4676baa4ca99a7ee636f,0.061,,,
3091,2026-07-27,SH601633,-0.02459607577646215,EXP_CatBoostModel_Alpha158_csi300_custom_step0_s_20260727_14,6a0f6078febb4676baa4ca99a7ee636f,0.061,,,
3092,2026-07-27,SH601800,0.011587350667454793,EXP_CatBoostModel_Alpha158_csi300_custom_step0_s_20260727_14,6a0f6078febb4676baa4ca99a7ee636f,0.061,,,
3093,2026-07-27,SH601816,0.029636697981151514,EXP_CatBoostModel_Alpha158_csi300_custom_step0_s_20260727_14,6a0f6078febb4676baa4ca99a7ee636f,0.061,,,
3094,2026-07-27,SH601818,0.021879801135815755,EXP_CatBoostModel_Alpha158_csi300_custom_step0_s_20260727_14,6a0f6078febb4676baa4ca99a7ee636f,0.061,,,
3095,2026-07-27,SH601998,-0.010505979485594272,EXP_CatBoostModel_Alpha158_csi300_custom_step0_s_20260727_14,6a0f6078febb4676baa4ca99a7ee636f,0.061,,,
3096,2026-07-27,SH601995,-0.06765107769032275,EXP_CatBoostModel_Alpha158_csi300_custom_step0_s_20260727_14,6a0f6078febb4676baa4ca99a7ee636f,0.061,,,
3097,2026-07-27,SH601988,0.025019814228369425,EXP_CatBoostModel_Alpha158_csi300_custom_step0_s_20260727_14,6a0f6078febb4676baa4ca99a7ee636f,0.061,,,
3098,2026-07-27,SH601985,0.028635209883691323,EXP_CatBoostModel_Alpha158_csi300_custom_step0_s_20260727_14,6a0f6078febb4676baa4ca99a7ee636f,0.061,,,
3099,2026-07-27,SH601939,0.010043090104329393,EXP_CatBoostModel_Alpha158_csi300_custom_step0_s_20260727_14,6a0f6078febb4676baa4ca99a7ee636f,0.061,,,
3100,2026-07-27,SH601919,-0.01608617536398083,EXP_CatBoostModel_Alpha158_csi300_custom_step0_s_20260727_14,6a0f6078febb4676baa4ca99a7ee636f,0.061,,,
3101,2026-07-27,SH601916,0.01783937103931077,EXP_CatBoostModel_Alpha158_csi300_custom_step0_s_20260727_14,6a0f6078febb4676baa4ca99a7ee636f,0.061,,,
3102,2026-07-27,SH601901,-0.004410821305142436,EXP_CatBoostModel_Alpha158_csi300_custom_step0_s_20260727_14,6a0f6078febb4676baa4ca99a7ee636f,0.061,,,
3103,2026-07-27,SH601899,-0.04562109029055445,EXP_CatBoostModel_Alpha158_csi300_custom_step0_s_20260727_14,6a0f6078febb4676baa4ca99a7ee636f,0.061,,,
3104,2026-07-27,SH601898,-0.0702156173155802,EXP_CatBoostModel_Alpha158_csi300_custom_step0_s_20260727_14,6a0f6078febb4676baa4ca99a7ee636f,0.061,,,
3105,2026-07-27,SH601888,-0.03691773444165986,EXP_CatBoostModel_Alpha158_csi300_custom_step0_s_20260727_14,6a0f6078febb4676baa4ca99a7ee636f,0.061,,,
3106,2026-07-27,SH601881,-0.002683587904628469,EXP_CatBoostModel_Alpha158_csi300_custom_step0_s_20260727_14,6a0f6078febb4676baa4ca99a7ee636f,0.061,,,
3107,2026-07-27,SH601878,0.02182808063323495,EXP_CatBoostModel_Alpha158_csi300_custom_step0_s_20260727_14,6a0f6078febb4676baa4ca99a7ee636f,0.061,,,
3108,2026-07-27,SH601877,-0.00999991471518703,EXP_CatBoostModel_Alpha158_csi300_custom_step0_s_20260727_14,6a0f6078febb4676baa4ca99a7ee636f,0.061,,,
3109,2026-07-27,SH601872,-0.0010932888114759125,EXP_CatBoostModel_Alpha158_csi300_custom_step0_s_20260727_14,6a0f6078febb4676baa4ca99a7ee636f,0.061,,,
3110,2026-07-27,SH601868,-0.003597354276737054,EXP_CatBoostModel_Alpha158_csi300_custom_step0_s_20260727_14,6a0f6078febb4676baa4ca99a7ee636f,0.061,,,
3111,2026-07-27,SH601857,-0.09045227641468799,EXP_CatBoostModel_Alpha158_csi300_custom_step0_s_20260727_14,6a0f6078febb4676baa4ca99a7ee636f,0.061,,,
3112,2026-07-27,SH601838,0.01813274514168247,EXP_CatBoostModel_Alpha158_csi300_custom_step0_s_20260727_14,6a0f6078febb4676baa4ca99a7ee636f,0.061,,,
3113,2026-07-27,SH601825,-0.006986345989940222,EXP_CatBoostModel_Alpha158_csi300_custom_step0_s_20260727_14,6a0f6078febb4676baa4ca99a7ee636f,0.061,,,
3114,2026-07-27,SZ000425,-0.025567402603645685,EXP_CatBoostModel_Alpha158_csi300_custom_step0_s_20260727_14,6a0f6078febb4676baa4ca99a7ee636f,0.061,,,
3115,2026-07-27,SZ300760,-0.02659657857627921,EXP_CatBoostModel_Alpha158_csi300_custom_step0_s_20260727_14,6a0f6078febb4676baa4ca99a7ee636f,0.061,,,
3116,2026-07-27,SZ000538,0.004708654366461918,EXP_CatBoostModel_Alpha158_csi300_custom_step0_s_20260727_14,6a0f6078febb4676baa4ca99a7ee636f,0.061,,,
3117,2026-07-27,SZ000596,-0.0176568671438278,EXP_CatBoostModel_Alpha158_csi300_custom_step0_s_20260727_14,6a0f6078febb4676baa4ca99a7ee636f,0.061,,,
3118,2026-07-27,SZ003816,0.003254337426865475,EXP_CatBoostModel_Alpha158_csi300_custom_step0_s_20260727_14,6a0f6078febb4676baa4ca99a7ee636f,0.061,,,
3119,2026-07-27,SZ002938,0.00812045748467307,EXP_CatBoostModel_Alpha158_csi300_custom_step0_s_20260727_14,6a0f6078febb4676baa4ca99a7ee636f,0.061,,,
3120,2026-07-27,SZ002920,-0.023337810059846444,EXP_CatBoostModel_Alpha158_csi300_custom_step0_s_20260727_14,6a0f6078febb4676baa4ca99a7ee636f,0.061,,,
3121,2026-07-27,SZ002916,0.02178127998662905,EXP_CatBoostModel_Alpha158_csi300_custom_step0_s_20260727_14,6a0f6078febb4676baa4ca99a7ee636f,0.061,,,
3122,2026-07-27,SZ002837,-0.037521644399846635,EXP_CatBoostModel_Alpha158_csi300_custom_step0_s_20260727_14,6a0f6078febb4676baa4ca99a7ee636f,0.061,,,
3123,2026-07-27,SZ002736,0.028968560074943802,EXP_CatBoostModel_Alpha158_csi300_custom_step0_s_20260727_14,6a0f6078febb4676baa4ca99a7ee636f,0.061,,,
3124,2026-07-27,SZ002714,-0.026661876442433365,EXP_CatBoostModel_Alpha158_csi300_custom_step0_s_20260727_14,6a0f6078febb4676baa4ca99a7ee636f,0.061,,,
3125,2026-07-27,SZ002709,-0.024635924700515687,EXP_CatBoostModel_Alpha158_csi300_custom_step0_s_20260727_14,6a0f6078febb4676baa4ca99a7ee636f,0.061,,,
3126,2026-07-27,SZ300014,0.04122068237915802,EXP_CatBoostModel_Alpha158_csi300_custom_step0_s_20260727_14,6a0f6078febb4676baa4ca99a7ee636f,0.061,,,
3127,2026-07-27,SZ002648,-0.058655497165439836,EXP_CatBoostModel_Alpha158_csi300_custom_step0_s_20260727_14,6a0f6078febb4676baa4ca99a7ee636f,0.061,,,
3128,2026-07-27,SZ002602,-0.0466115711310778,EXP_CatBoostModel_Alpha158_csi300_custom_step0_s_20260727_14,6a0f6078febb4676baa4ca99a7ee636f,0.061,,,
3129,2026-07-27,SZ002600,0.007620698065599644,EXP_CatBoostModel_Alpha158_csi300_custom_step0_s_20260727_14,6a0f6078febb4676baa4ca99a7ee636f,0.061,,,
3130,2026-07-27,SZ002594,-0.01629501244039045,EXP_CatBoostModel_Alpha158_csi300_custom_step0_s_20260727_14,6a0f6078febb4676baa4ca99a7ee636f,0.061,,,
3131,2026-07-27,SZ002558,-0.0364464674013296,EXP_CatBoostModel_Alpha158_csi300_custom_step0_s_20260727_14,6a0f6078febb4676baa4ca99a7ee636f,0.061,,,
3132,2026-07-27,SZ002532,-0.039832042757082194,EXP_CatBoostModel_Alpha158_csi300_custom_step0_s_20260727_14,6a0f6078febb4676baa4ca99a7ee636f,0.061,,,
3133,2026-07-27,SZ002493,-0.06699661933886213,EXP_CatBoostModel_Alpha158_csi300_custom_step0_s_20260727_14,6a0f6078febb4676baa4ca99a7ee636f,0.061,,,
3134,2026-07-27,SZ002475,-0.05995129665752943,EXP_CatBoostModel_Alpha158_csi300_custom_step0_s_20260727_14,6a0f6078febb4676baa4ca99a7ee636f,0.061,,,
3135,2026-07-27,SZ002466,0.009029698485069074,EXP_CatBoostModel_Alpha158_csi300_custom_step0_s_20260727_14,6a0f6078febb4676baa4ca99a7ee636f,0.061,,,
3136,2026-07-27,SZ002625,-0.04537675340515508,EXP_CatBoostModel_Alpha158_csi300_custom_step0_s_20260727_14,6a0f6078febb4676baa4ca99a7ee636f,0.061,,,
3137,2026-07-27,SZ002463,-0.007651286611119799,EXP_CatBoostModel_Alpha158_csi300_custom_step0_s_20260727_14,6a0f6078febb4676baa4ca99a7ee636f,0.061,,,
3138,2026-07-27,SZ300015,-0.025346470618521483,EXP_CatBoostModel_Alpha158_csi300_custom_step0_s_20260727_14,6a0f6078febb4676baa4ca99a7ee636f,0.061,,,
3139,2026-07-27,SZ300059,-0.03883551098451428,EXP_CatBoostModel_Alpha158_csi300_custom_step0_s_20260727_14,6a0f6078febb4676baa4ca99a7ee636f,0.061,,,
3140,2026-07-27,SZ300661,-0.030303621578423385,EXP_CatBoostModel_Alpha158_csi300_custom_step0_s_20260727_14,6a0f6078febb4676baa4ca99a7ee636f,0.061,,,
3141,2026-07-27,SZ300628,-0.04538028269993443,EXP_CatBoostModel_Alpha158_csi300_custom_step0_s_20260727_14,6a0f6078febb4676baa4ca99a7ee636f,0.061,,,
3142,2026-07-27,SZ300502,-0.029920306402330378,EXP_CatBoostModel_Alpha158_csi300_custom_step0_s_20260727_14,6a0f6078febb4676baa4ca99a7ee636f,0.061,,,
3143,2026-07-27,SZ300498,-0.01236302526565076,EXP_CatBoostModel_Alpha158_csi300_custom_step0_s_20260727_14,6a0f6078febb4676baa4ca99a7ee636f,0.061,,,
3144,2026-07-27,SZ300476,-0.025977595347724387,EXP_CatBoostModel_Alpha158_csi300_custom_step0_s_20260727_14,6a0f6078febb4676baa4ca99a7ee636f,0.061,,,
3145,2026-07-27,SZ300450,0.039225765368065824,EXP_CatBoostModel_Alpha158_csi300_custom_step0_s_20260727_14,6a0f6078febb4676baa4ca99a7ee636f,0.061,,,
3146,2026-07-27,SZ300442,-0.03263391941673359,EXP_CatBoostModel_Alpha158_csi300_custom_step0_s_20260727_14,6a0f6078febb4676baa4ca99a7ee636f,0.061,,,
3147,2026-07-27,SZ300433,0.0010426282351218335,EXP_CatBoostModel_Alpha158_csi300_custom_step0_s_20260727_14,6a0f6078febb4676baa4ca99a7ee636f,0.061,,,
3148,2026-07-27,SZ300033,-0.04608613228485739,EXP_CatBoostModel_Alpha158_csi300_custom_step0_s_20260727_14,6a0f6078febb4676baa4ca99a7ee636f,0.061,,,
3149,2026-07-27,SZ300418,-0.06379663254853482,EXP_CatBoostModel_Alpha158_csi300_custom_step0_s_20260727_14,6a0f6078febb4676baa4ca99a7ee636f,0.061,,,
3150,2026-07-27,SZ300408,-0.07027423227916042,EXP_CatBoostModel_Alpha158_csi300_custom_step0_s_20260727_14,6a0f6078febb4676baa4ca99a7ee636f,0.061,,,
3151,2026-07-27,SZ300394,0.03545325770089273,EXP_CatBoostModel_Alpha158_csi300_custom_step0_s_20260727_14,6a0f6078febb4676baa4ca99a7ee636f,0.061,,,
3152,2026-07-27,SZ300316,0.03424846776045456,EXP_CatBoostModel_Alpha158_csi300_custom_step0_s_20260727_14,6a0f6078febb4676baa4ca99a7ee636f,0.061,,,
3153,2026-07-27,SZ300308,-0.031704090526432104,EXP_CatBoostModel_Alpha158_csi300_custom_step0_s_20260727_14,6a0f6078febb4676baa4ca99a7ee636f,0.061,,,
3154,2026-07-27,SZ300274,-0.003879260245348859,EXP_CatBoostModel_Alpha158_csi300_custom_step0_s_20260727_14,6a0f6078febb4676baa4ca99a7ee636f,0.061,,,
3155,2026-07-27,SZ300251,-0.026964790825519364,EXP_CatBoostModel_Alpha158_csi300_custom_step0_s_20260727_14,6a0f6078febb4676baa4ca99a7ee636f,0.061,,,
3156,2026-07-27,SZ300124,-0.0087076569671231,EXP_CatBoostModel_Alpha158_csi300_custom_step0_s_20260727_14,6a0f6078febb4676baa4ca99a7ee636f,0.061,,,
3157,2026-07-27,SZ300122,-0.05942794355082508,EXP_CatBoostModel_Alpha158_csi300_custom_step0_s_20260727_14,6a0f6078febb4676baa4ca99a7ee636f,0.061,,,
3158,2026-07-27,SZ300413,-0.04714361827180244,EXP_CatBoostModel_Alpha158_csi300_custom_step0_s_20260727_14,6a0f6078febb4676baa4ca99a7ee636f,0.061,,,
3159,2026-07-27,SZ002460,0.021218936742660198,EXP_CatBoostModel_Alpha158_csi300_custom_step0_s_20260727_14,6a0f6078febb4676baa4ca99a7ee636f,0.061,,,
3160,2026-07-27,SZ002422,-0.01782780138687736,EXP_CatBoostModel_Alpha158_csi300_custom_step0_s_20260727_14,6a0f6078febb4676baa4ca99a7ee636f,0.061,,,
3161,2026-07-27,SZ002415,-0.0730285005441985,EXP_CatBoostModel_Alpha158_csi300_custom_step0_s_20260727_14,6a0f6078febb4676baa4ca99a7ee636f,0.061,,,
3162,2026-07-27,SZ000988,-0.05382372741768498,EXP_CatBoostModel_Alpha158_csi300_custom_step0_s_20260727_14,6a0f6078febb4676baa4ca99a7ee636f,0.061,,,
3163,2026-07-27,SZ000977,-0.06096092569285592,EXP_CatBoostModel_Alpha158_csi300_custom_step0_s_20260727_14,6a0f6078febb4676baa4ca99a7ee636f,0.061,,,
3164,2026-07-27,SZ000975,-0.11138759603731552,EXP_CatBoostModel_Alpha158_csi300_custom_step0_s_20260727_14,6a0f6078febb4676baa4ca99a7ee636f,0.061,,,
3165,2026-07-27,SZ000963,-0.017274776502228677,EXP_CatBoostModel_Alpha158_csi300_custom_step0_s_20260727_14,6a0f6078febb4676baa4ca99a7ee636f,0.061,,,
3166,2026-07-27,SZ000938,-0.2724167971508218,EXP_CatBoostModel_Alpha158_csi300_custom_step0_s_20260727_14,6a0f6078febb4676baa4ca99a7ee636f,0.061,,,
3167,2026-07-27,SZ000895,0.00111589072103014,EXP_CatBoostModel_Alpha158_csi300_custom_step0_s_20260727_14,6a0f6078febb4676baa4ca99a7ee636f,0.061,,,
3168,2026-07-27,SZ000858,-0.0030146287695662684,EXP_CatBoostModel_Alpha158_csi300_custom_step0_s_20260727_14,6a0f6078febb4676baa4ca99a7ee636f,0.061,,,
3169,2026-07-27,SZ000807,-0.05042814643653175,EXP_CatBoostModel_Alpha158_csi300_custom_step0_s_20260727_14,6a0f6078febb4676baa4ca99a7ee636f,0.061,,,
3170,2026-07-27,SZ000999,-0.0040132622038919295,EXP_CatBoostModel_Alpha158_csi300_custom_step0_s_20260727_14,6a0f6078febb4676baa4ca99a7ee636f,0.061,,,
3171,2026-07-27,SZ000792,0.012960206646492662,EXP_CatBoostModel_Alpha158_csi300_custom_step0_s_20260727_14,6a0f6078febb4676baa4ca99a7ee636f,0.061,,,
3172,2026-07-27,SZ000768,-0.0469706413796017,EXP_CatBoostModel_Alpha158_csi300_custom_step0_s_20260727_14,6a0f6078febb4676baa4ca99a7ee636f,0.061,,,
3173,2026-07-27,SZ000725,-0.01790114713197969,EXP_CatBoostModel_Alpha158_csi300_custom_step0_s_20260727_14,6a0f6078febb4676baa4ca99a7ee636f,0.061,,,
3174,2026-07-27,SZ000708,0.009999008981735317,EXP_CatBoostModel_Alpha158_csi300_custom_step0_s_20260727_14,6a0f6078febb4676baa4ca99a7ee636f,0.061,,,
3175,2026-07-27,SZ000657,0.07352747298277289,EXP_CatBoostModel_Alpha158_csi300_custom_step0_s_20260727_14,6a0f6078febb4676baa4ca99a7ee636f,0.061,,,
3176,2026-07-27,SZ000651,0.028334794159916462,EXP_CatBoostModel_Alpha158_csi300_custom_step0_s_20260727_14,6a0f6078febb4676baa4ca99a7ee636f,0.061,,,
3177,2026-07-27,SZ000630,-0.0505585058789591,EXP_CatBoostModel_Alpha158_csi300_custom_step0_s_20260727_14,6a0f6078febb4676baa4ca99a7ee636f,0.061,,,
3178,2026-07-27,SZ000625,-0.011222830217720118,EXP_CatBoostModel_Alpha158_csi300_custom_step0_s_20260727_14,6a0f6078febb4676baa4ca99a7ee636f,0.061,,,
3179,2026-07-27,SZ000617,-0.05376632304257024,EXP_CatBoostModel_Alpha158_csi300_custom_step0_s_20260727_14,6a0f6078febb4676baa4ca99a7ee636f,0.061,,,
3180,2026-07-27,SZ000776,-0.07216967147831163,EXP_CatBoostModel_Alpha158_csi300_custom_step0_s_20260727_14,6a0f6078febb4676baa4ca99a7ee636f,0.061,,,
3181,2026-07-27,SZ001280,-0.019328546706128043,EXP_CatBoostModel_Alpha158_csi300_custom_step0_s_20260727_14,6a0f6078febb4676baa4ca99a7ee636f,0.061,,,
3182,2026-07-27,SZ001391,-0.01799966853783063,EXP_CatBoostModel_Alpha158_csi300_custom_step0_s_20260727_14,6a0f6078febb4676baa4ca99a7ee636f,0.061,,,
3183,2026-07-27,SZ001965,0.002568827509254485,EXP_CatBoostModel_Alpha158_csi300_custom_step0_s_20260727_14,6a0f6078febb4676baa4ca99a7ee636f,0.061,,,
3184,2026-07-27,SZ002384,0.0902502908604209,EXP_CatBoostModel_Alpha158_csi300_custom_step0_s_20260727_14,6a0f6078febb4676baa4ca99a7ee636f,0.061,,,
3185,2026-07-27,SZ002371,-0.07027541725581944,EXP_CatBoostModel_Alpha158_csi300_custom_step0_s_20260727_14,6a0f6078febb4676baa4ca99a7ee636f,0.061,,,
3186,2026-07-27,SZ002353,0.07376019839321865,EXP_CatBoostModel_Alpha158_csi300_custom_step0_s_20260727_14,6a0f6078febb4676baa4ca99a7ee636f,0.061,,,
3187,2026-07-27,SZ002352,-0.00012051513179781823,EXP_CatBoostModel_Alpha158_csi300_custom_step0_s_20260727_14,6a0f6078febb4676baa4ca99a7ee636f,0.061,,,
3188,2026-07-27,SZ002311,-0.012415752047709061,EXP_CatBoostModel_Alpha158_csi300_custom_step0_s_20260727_14,6a0f6078febb4676baa4ca99a7ee636f,0.061,,,
3189,2026-07-27,SZ002304,-0.014794655566288053,EXP_CatBoostModel_Alpha158_csi300_custom_step0_s_20260727_14,6a0f6078febb4676baa4ca99a7ee636f,0.061,,,
3190,2026-07-27,SZ002241,-0.056307741458423634,EXP_CatBoostModel_Alpha158_csi300_custom_step0_s_20260727_14,6a0f6078febb4676baa4ca99a7ee636f,0.061,,,
3191,2026-07-27,SZ002236,0.002916636563299068,EXP_CatBoostModel_Alpha158_csi300_custom_step0_s_20260727_14,6a0f6078febb4676baa4ca99a7ee636f,0.061,,,
3192,2026-07-27,SZ002230,-0.061933808858532974,EXP_CatBoostModel_Alpha158_csi300_custom_step0_s_20260727_14,6a0f6078febb4676baa4ca99a7ee636f,0.061,,,
3193,2026-07-27,SZ002202,0.031149409573462267,EXP_CatBoostModel_Alpha158_csi300_custom_step0_s_20260727_14,6a0f6078febb4676baa4ca99a7ee636f,0.061,,,
3194,2026-07-27,SZ002179,0.05348905581360153,EXP_CatBoostModel_Alpha158_csi300_custom_step0_s_20260727_14,6a0f6078febb4676baa4ca99a7ee636f,0.061,,,
3195,2026-07-27,SZ002142,-0.001831855389981199,EXP_CatBoostModel_Alpha158_csi300_custom_step0_s_20260727_14,6a0f6078febb4676baa4ca99a7ee636f,0.061,,,
3196,2026-07-27,SZ002074,-0.024684012577563055,EXP_CatBoostModel_Alpha158_csi300_custom_step0_s_20260727_14,6a0f6078febb4676baa4ca99a7ee636f,0.061,,,
3197,2026-07-27,SZ002050,-0.033635008278522026,EXP_CatBoostModel_Alpha158_csi300_custom_step0_s_20260727_14,6a0f6078febb4676baa4ca99a7ee636f,0.061,,,
3198,2026-07-27,SZ002049,-0.02064971450509793,EXP_CatBoostModel_Alpha158_csi300_custom_step0_s_20260727_14,6a0f6078febb4676baa4ca99a7ee636f,0.061,,,
3199,2026-07-27,SZ002028,-0.06991760600808325,EXP_CatBoostModel_Alpha158_csi300_custom_step0_s_20260727_14,6a0f6078febb4676baa4ca99a7ee636f,0.061,,,
3200,2026-07-27,SZ002027,-0.026572368320222826,EXP_CatBoostModel_Alpha158_csi300_custom_step0_s_20260727_14,6a0f6078febb4676baa4ca99a7ee636f,0.061,,,
3201,2026-07-27,SZ002001,-0.04647076764412667,EXP_CatBoostModel_Alpha158_csi300_custom_step0_s_20260727_14,6a0f6078febb4676baa4ca99a7ee636f,0.061,,,
3202,2026-07-27,SZ001979,-0.0025516792653354266,EXP_CatBoostModel_Alpha158_csi300_custom_step0_s_20260727_14,6a0f6078febb4676baa4ca99a7ee636f,0.061,,,
3203,2026-07-27,SZ000568,-0.01715207581024706,EXP_CatBoostModel_Alpha158_csi300_custom_step0_s_20260727_14,6a0f6078febb4676baa4ca99a7ee636f,0.061,,,
3204,2026-07-27,SH601377,0.026814935741653,EXP_CatBoostModel_Alpha158_csi300_custom_step0_s_20260727_14,6a0f6078febb4676baa4ca99a7ee636f,0.061,,,
3205,2026-07-27,SH605117,-0.014109122409602073,EXP_CatBoostModel_Alpha158_csi300_custom_step0_s_20260727_14,a8a550abb5b84d6da2c8472a98921952,0.113,,,
3206,2026-07-27,SH688008,-0.0334358293559858,EXP_CatBoostModel_Alpha158_csi300_custom_step0_s_20260727_14,a8a550abb5b84d6da2c8472a98921952,0.113,,,
3207,2026-07-27,SH601328,0.024190312864292622,EXP_CatBoostModel_Alpha158_csi300_custom_step0_s_20260727_14,aa65c60831b24bfab74611cf1ff575d0,0.029,,,
3208,2026-07-27,SH601319,0.014555799446807408,EXP_CatBoostModel_Alpha158_csi300_custom_step0_s_20260727_14,aa65c60831b24bfab74611cf1ff575d0,0.029,,,
3209,2026-07-27,SH601318,0.015844782799976028,EXP_CatBoostModel_Alpha158_csi300_custom_step0_s_20260727_14,aa65c60831b24bfab74611cf1ff575d0,0.029,,,
3210,2026-07-27,SH601288,0.007705734117776375,EXP_CatBoostModel_Alpha158_csi300_custom_step0_s_20260727_14,aa65c60831b24bfab74611cf1ff575d0,0.029,,,
3211,2026-07-27,SH601238,0.0009108058602476043,EXP_CatBoostModel_Alpha158_csi300_custom_step0_s_20260727_14,aa65c60831b24bfab74611cf1ff575d0,0.029,,,
3212,2026-07-27,SH601229,0.008195664218051865,EXP_CatBoostModel_Alpha158_csi300_custom_step0_s_20260727_14,aa65c60831b24bfab74611cf1ff575d0,0.029,,,
3213,2026-07-27,SH601225,-0.03428700620121461,EXP_CatBoostModel_Alpha158_csi300_custom_step0_s_20260727_14,aa65c60831b24bfab74611cf1ff575d0,0.029,,,
3214,2026-07-27,SH601211,0.010016461291527,EXP_CatBoostModel_Alpha158_csi300_custom_step0_s_20260727_14,aa65c60831b24bfab74611cf1ff575d0,0.029,,,
3215,2026-07-27,SH601336,-0.051496655706160084,EXP_CatBoostModel_Alpha158_csi300_custom_step0_s_20260727_14,aa65c60831b24bfab74611cf1ff575d0,0.029,,,
3216,2026-07-27,SH601186,0.028726504794534837,EXP_CatBoostModel_Alpha158_csi300_custom_step0_s_20260727_14,aa65c60831b24bfab74611cf1ff575d0,0.029,,,
3217,2026-07-27,SH601166,0.015370180208376999,EXP_CatBoostModel_Alpha158_csi300_custom_step0_s_20260727_14,aa65c60831b24bfab74611cf1ff575d0,0.029,,,
3218,2026-07-27,SH601138,0.017405901317149617,EXP_CatBoostModel_Alpha158_csi300_custom_step0_s_20260727_14,aa65c60831b24bfab74611cf1ff575d0,0.029,,,
3219,2026-07-27,SH601136,-0.052796495760189854,EXP_CatBoostModel_Alpha158_csi300_custom_step0_s_20260727_14,aa65c60831b24bfab74611cf1ff575d0,0.029,,,
3220,2026-07-27,SH601127,0.34913223304062124,EXP_CatBoostModel_Alpha158_csi300_custom_step0_s_20260727_14,aa65c60831b24bfab74611cf1ff575d0,0.029,,,
3221,2026-07-27,SH601117,0.01912716660975156,EXP_CatBoostModel_Alpha158_csi300_custom_step0_s_20260727_14,aa65c60831b24bfab74611cf1ff575d0,0.029,,,
3222,2026-07-27,SH601111,-0.004649682969717407,EXP_CatBoostModel_Alpha158_csi300_custom_step0_s_20260727_14,aa65c60831b24bfab74611cf1ff575d0,0.029,,,
3223,2026-07-27,SH601100,0.02177362179368237,EXP_CatBoostModel_Alpha158_csi300_custom_step0_s_20260727_14,aa65c60831b24bfab74611cf1ff575d0,0.029,,,
3224,2026-07-27,SH601088,0.00954054162682843,EXP_CatBoostModel_Alpha158_csi300_custom_step0_s_20260727_14,aa65c60831b24bfab74611cf1ff575d0,0.029,,,
3225,2026-07-27,SH601169,0.022658080926098504,EXP_CatBoostModel_Alpha158_csi300_custom_step0_s_20260727_14,aa65c60831b24bfab74611cf1ff575d0,0.029,,,
3226,2026-07-27,SH601077,0.006235058637326971,EXP_CatBoostModel_Alpha158_csi300_custom_step0_s_20260727_14,aa65c60831b24bfab74611cf1ff575d0,0.029,,,
3227,2026-07-27,SH601360,-0.03414965711380679,EXP_CatBoostModel_Alpha158_csi300_custom_step0_s_20260727_14,aa65c60831b24bfab74611cf1ff575d0,0.029,,,
3228,2026-07-27,SH601390,0.03558513492982899,EXP_CatBoostModel_Alpha158_csi300_custom_step0_s_20260727_14,aa65c60831b24bfab74611cf1ff575d0,0.029,,,
3229,2026-07-27,SH601788,-0.005480429052110754,EXP_CatBoostModel_Alpha158_csi300_custom_step0_s_20260727_14,aa65c60831b24bfab74611cf1ff575d0,0.029,,,
3230,2026-07-27,SH601766,0.016939221260497978,EXP_CatBoostModel_Alpha158_csi300_custom_step0_s_20260727_14,aa65c60831b24bfab74611cf1ff575d0,0.029,,,
3231,2026-07-27,SH601728,0.02284706380832664,EXP_CatBoostModel_Alpha158_csi300_custom_step0_s_20260727_14,aa65c60831b24bfab74611cf1ff575d0,0.029,,,
3232,2026-07-27,SH601727,-0.0010347667580730816,EXP_CatBoostModel_Alpha158_csi300_custom_step0_s_20260727_14,aa65c60831b24bfab74611cf1ff575d0,0.029,,,
3233,2026-07-27,SH601698,0.14621158705150317,EXP_CatBoostModel_Alpha158_csi300_custom_step0_s_20260727_14,aa65c60831b24bfab74611cf1ff575d0,0.029,,,
3234,2026-07-27,SH601689,0.30718178636797006,EXP_CatBoostModel_Alpha158_csi300_custom_step0_s_20260727_14,aa65c60831b24bfab74611cf1ff575d0,0.029,,,
3235,2026-07-27,SH601688,-0.004881367886614591,EXP_CatBoostModel_Alpha158_csi300_custom_step0_s_20260727_14,aa65c60831b24bfab74611cf1ff575d0,0.029,,,
3236,2026-07-27,SH601669,0.013295374763170432,EXP_CatBoostModel_Alpha158_csi300_custom_step0_s_20260727_14,aa65c60831b24bfab74611cf1ff575d0,0.029,,,
3237,2026-07-27,SH601377,-0.008161463926105002,EXP_CatBoostModel_Alpha158_csi300_custom_step0_s_20260727_14,aa65c60831b24bfab74611cf1ff575d0,0.029,,,
3238,2026-07-27,SH601668,0.026601966497985123,EXP_CatBoostModel_Alpha158_csi300_custom_step0_s_20260727_14,aa65c60831b24bfab74611cf1ff575d0,0.029,,,
3239,2026-07-27,SH601633,-0.0042105260994682895,EXP_CatBoostModel_Alpha158_csi300_custom_step0_s_20260727_14,aa65c60831b24bfab74611cf1ff575d0,0.029,,,
3240,2026-07-27,SH601628,-0.009639194969660588,EXP_CatBoostModel_Alpha158_csi300_custom_step0_s_20260727_14,aa65c60831b24bfab74611cf1ff575d0,0.029,,,
3241,2026-07-27,SH601618,0.01727926455588073,EXP_CatBoostModel_Alpha158_csi300_custom_step0_s_20260727_14,aa65c60831b24bfab74611cf1ff575d0,0.029,,,
3242,2026-07-27,SH601607,-0.0014044712086186764,EXP_CatBoostModel_Alpha158_csi300_custom_step0_s_20260727_14,aa65c60831b24bfab74611cf1ff575d0,0.029,,,
3243,2026-07-27,SH601601,0.017521904526854416,EXP_CatBoostModel_Alpha158_csi300_custom_step0_s_20260727_14,aa65c60831b24bfab74611cf1ff575d0,0.029,,,
3244,2026-07-27,SH601600,-0.06730812770036379,EXP_CatBoostModel_Alpha158_csi300_custom_step0_s_20260727_14,aa65c60831b24bfab74611cf1ff575d0,0.029,,,
3245,2026-07-27,SH601456,-0.0028680037992084985,EXP_CatBoostModel_Alpha158_csi300_custom_step0_s_20260727_14,aa65c60831b24bfab74611cf1ff575d0,0.029,,,
3246,2026-07-27,SH601398,0.022205374167614873,EXP_CatBoostModel_Alpha158_csi300_custom_step0_s_20260727_14,aa65c60831b24bfab74611cf1ff575d0,0.029,,,
3247,2026-07-27,SH601658,0.01979582186523277,EXP_CatBoostModel_Alpha158_csi300_custom_step0_s_20260727_14,aa65c60831b24bfab74611cf1ff575d0,0.029,,,
3248,2026-07-27,SH601066,-0.05139836088755771,EXP_CatBoostModel_Alpha158_csi300_custom_step0_s_20260727_14,aa65c60831b24bfab74611cf1ff575d0,0.029,,,
3249,2026-07-27,SH601059,-0.004620270976608498,EXP_CatBoostModel_Alpha158_csi300_custom_step0_s_20260727_14,aa65c60831b24bfab74611cf1ff575d0,0.029,,,
3250,2026-07-27,SH601058,0.0016861215388110679,EXP_CatBoostModel_Alpha158_csi300_custom_step0_s_20260727_14,aa65c60831b24bfab74611cf1ff575d0,0.029,,,
3251,2026-07-27,SH600795,0.011799939843896018,EXP_CatBoostModel_Alpha158_csi300_custom_step0_s_20260727_14,aa65c60831b24bfab74611cf1ff575d0,0.029,,,
3252,2026-07-27,SH600760,5.706093950878429e-05,EXP_CatBoostModel_Alpha158_csi300_custom_step0_s_20260727_14,aa65c60831b24bfab74611cf1ff575d0,0.029,,,
3253,2026-07-27,SH600741,0.03762500943222271,EXP_CatBoostModel_Alpha158_csi300_custom_step0_s_20260727_14,aa65c60831b24bfab74611cf1ff575d0,0.029,,,
3254,2026-07-27,SH600690,-0.00030309070052661604,EXP_CatBoostModel_Alpha158_csi300_custom_step0_s_20260727_14,aa65c60831b24bfab74611cf1ff575d0,0.029,,,
3255,2026-07-27,SH600674,0.014724393632179075,EXP_CatBoostModel_Alpha158_csi300_custom_step0_s_20260727_14,aa65c60831b24bfab74611cf1ff575d0,0.029,,,
3256,2026-07-27,SH600660,0.009126662091232616,EXP_CatBoostModel_Alpha158_csi300_custom_step0_s_20260727_14,aa65c60831b24bfab74611cf1ff575d0,0.029,,,
3257,2026-07-27,SH600600,0.01069431439703004,EXP_CatBoostModel_Alpha158_csi300_custom_step0_s_20260727_14,aa65c60831b24bfab74611cf1ff575d0,0.029,,,
3258,2026-07-27,SH600588,-0.07323375177438161,EXP_CatBoostModel_Alpha158_csi300_custom_step0_s_20260727_14,aa65c60831b24bfab74611cf1ff575d0,0.029,,,
3259,2026-07-27,SH600803,-0.019584821141535314,EXP_CatBoostModel_Alpha158_csi300_custom_step0_s_20260727_14,aa65c60831b24bfab74611cf1ff575d0,0.029,,,
3260,2026-07-27,SH600585,0.008106427115672605,EXP_CatBoostModel_Alpha158_csi300_custom_step0_s_20260727_14,aa65c60831b24bfab74611cf1ff575d0,0.029,,,
3261,2026-07-27,SH600570,-0.01605496301719829,EXP_CatBoostModel_Alpha158_csi300_custom_step0_s_20260727_14,aa65c60831b24bfab74611cf1ff575d0,0.029,,,
3262,2026-07-27,SH600549,0.0649177068788627,EXP_CatBoostModel_Alpha158_csi300_custom_step0_s_20260727_14,aa65c60831b24bfab74611cf1ff575d0,0.029,,,
3263,2026-07-27,SH600547,-0.09501109561716013,EXP_CatBoostModel_Alpha158_csi300_custom_step0_s_20260727_14,aa65c60831b24bfab74611cf1ff575d0,0.029,,,
3264,2026-07-27,SH600522,0.40625638585786283,EXP_CatBoostModel_Alpha158_csi300_custom_step0_s_20260727_14,aa65c60831b24bfab74611cf1ff575d0,0.029,,,
3265,2026-07-27,SH600519,0.002188580884213177,EXP_CatBoostModel_Alpha158_csi300_custom_step0_s_20260727_14,aa65c60831b24bfab74611cf1ff575d0,0.029,,,
3266,2026-07-27,SH600515,-0.009505636034613709,EXP_CatBoostModel_Alpha158_csi300_custom_step0_s_20260727_14,aa65c60831b24bfab74611cf1ff575d0,0.029,,,
3267,2026-07-27,SH600489,-0.03929859796998052,EXP_CatBoostModel_Alpha158_csi300_custom_step0_s_20260727_14,aa65c60831b24bfab74611cf1ff575d0,0.029,,,
3268,2026-07-27,SH600482,-0.03760775545259531,EXP_CatBoostModel_Alpha158_csi300_custom_step0_s_20260727_14,aa65c60831b24bfab74611cf1ff575d0,0.029,,,
3269,2026-07-27,SH600584,0.09251958179885754,EXP_CatBoostModel_Alpha158_csi300_custom_step0_s_20260727_14,aa65c60831b24bfab74611cf1ff575d0,0.029,,,
3270,2026-07-27,SH600809,-0.021118289566303475,EXP_CatBoostModel_Alpha158_csi300_custom_step0_s_20260727_14,aa65c60831b24bfab74611cf1ff575d0,0.029,,,
3271,2026-07-27,SH600845,-0.04131127456544511,EXP_CatBoostModel_Alpha158_csi300_custom_step0_s_20260727_14,aa65c60831b24bfab74611cf1ff575d0,0.029,,,
3272,2026-07-27,SH600875,0.24549969327958165,EXP_CatBoostModel_Alpha158_csi300_custom_step0_s_20260727_14,aa65c60831b24bfab74611cf1ff575d0,0.029,,,
3273,2026-07-27,SH601021,-0.0058800846413322215,EXP_CatBoostModel_Alpha158_csi300_custom_step0_s_20260727_14,aa65c60831b24bfab74611cf1ff575d0,0.029,,,
3274,2026-07-27,SH601018,0.01404180920771109,EXP_CatBoostModel_Alpha158_csi300_custom_step0_s_20260727_14,aa65c60831b24bfab74611cf1ff575d0,0.029,,,
3275,2026-07-27,SH601012,-0.10194335937298496,EXP_CatBoostModel_Alpha158_csi300_custom_step0_s_20260727_14,aa65c60831b24bfab74611cf1ff575d0,0.029,,,
3276,2026-07-27,SH601009,0.013023292624231401,EXP_CatBoostModel_Alpha158_csi300_custom_step0_s_20260727_14,aa65c60831b24bfab74611cf1ff575d0,0.029,,,
3277,2026-07-27,SH601006,0.02928796524073048,EXP_CatBoostModel_Alpha158_csi300_custom_step0_s_20260727_14,aa65c60831b24bfab74611cf1ff575d0,0.029,,,
3278,2026-07-27,SH600999,-0.03216104279017468,EXP_CatBoostModel_Alpha158_csi300_custom_step0_s_20260727_14,aa65c60831b24bfab74611cf1ff575d0,0.029,,,
3279,2026-07-27,SH600989,-0.09437173699052358,EXP_CatBoostModel_Alpha158_csi300_custom_step0_s_20260727_14,aa65c60831b24bfab74611cf1ff575d0,0.029,,,
3280,2026-07-27,SH600958,-0.026264264938822456,EXP_CatBoostModel_Alpha158_csi300_custom_step0_s_20260727_14,aa65c60831b24bfab74611cf1ff575d0,0.029,,,
3281,2026-07-27,SH600941,0.016000383569739634,EXP_CatBoostModel_Alpha158_csi300_custom_step0_s_20260727_14,aa65c60831b24bfab74611cf1ff575d0,0.029,,,
3282,2026-07-27,SH600938,-0.0588286808620761,EXP_CatBoostModel_Alpha158_csi300_custom_step0_s_20260727_14,aa65c60831b24bfab74611cf1ff575d0,0.029,,,
3283,2026-07-27,SH600930,0.3042116821359487,EXP_CatBoostModel_Alpha158_csi300_custom_step0_s_20260727_14,aa65c60831b24bfab74611cf1ff575d0,0.029,,,
3284,2026-07-27,SH600926,-0.009843095712167934,EXP_CatBoostModel_Alpha158_csi300_custom_step0_s_20260727_14,aa65c60831b24bfab74611cf1ff575d0,0.029,,,
3285,2026-07-27,SH600919,0.0066385772215692895,EXP_CatBoostModel_Alpha158_csi300_custom_step0_s_20260727_14,aa65c60831b24bfab74611cf1ff575d0,0.029,,,
3286,2026-07-27,SH600918,0.0007011664265011332,EXP_CatBoostModel_Alpha158_csi300_custom_step0_s_20260727_14,aa65c60831b24bfab74611cf1ff575d0,0.029,,,
3287,2026-07-27,SH600905,0.005613843027141445,EXP_CatBoostModel_Alpha158_csi300_custom_step0_s_20260727_14,aa65c60831b24bfab74611cf1ff575d0,0.029,,,
3288,2026-07-27,SH600900,0.0184867356700575,EXP_CatBoostModel_Alpha158_csi300_custom_step0_s_20260727_14,aa65c60831b24bfab74611cf1ff575d0,0.029,,,
3289,2026-07-27,SH600893,-0.01577880643386018,EXP_CatBoostModel_Alpha158_csi300_custom_step0_s_20260727_14,aa65c60831b24bfab74611cf1ff575d0,0.029,,,
3290,2026-07-27,SH600887,0.014727495326777995,EXP_CatBoostModel_Alpha158_csi300_custom_step0_s_20260727_14,aa65c60831b24bfab74611cf1ff575d0,0.029,,,
3291,2026-07-27,SH600886,0.009463602005722053,EXP_CatBoostModel_Alpha158_csi300_custom_step0_s_20260727_14,aa65c60831b24bfab74611cf1ff575d0,0.029,,,
3292,2026-07-27,SH601800,0.007725461406837743,EXP_CatBoostModel_Alpha158_csi300_custom_step0_s_20260727_14,aa65c60831b24bfab74611cf1ff575d0,0.029,,,
3293,2026-07-27,SH600460,0.2923955045201902,EXP_CatBoostModel_Alpha158_csi300_custom_step0_s_20260727_14,aa65c60831b24bfab74611cf1ff575d0,0.029,,,
3294,2026-07-27,SH601816,0.03489552596304311,EXP_CatBoostModel_Alpha158_csi300_custom_step0_s_20260727_14,aa65c60831b24bfab74611cf1ff575d0,0.029,,,
3295,2026-07-27,SH601825,-0.02154630240964868,EXP_CatBoostModel_Alpha158_csi300_custom_step0_s_20260727_14,aa65c60831b24bfab74611cf1ff575d0,0.029,,,
3296,2026-07-27,SZ000425,0.01985470575837193,EXP_CatBoostModel_Alpha158_csi300_custom_step0_s_20260727_14,aa65c60831b24bfab74611cf1ff575d0,0.029,,,
3297,2026-07-27,SZ000408,-0.057117088954669985,EXP_CatBoostModel_Alpha158_csi300_custom_step0_s_20260727_14,aa65c60831b24bfab74611cf1ff575d0,0.029,,,
3298,2026-07-27,SZ000338,-0.09545149818898978,EXP_CatBoostModel_Alpha158_csi300_custom_step0_s_20260727_14,aa65c60831b24bfab74611cf1ff575d0,0.029,,,
3299,2026-07-27,SZ000333,0.02254813287110663,EXP_CatBoostModel_Alpha158_csi300_custom_step0_s_20260727_14,aa65c60831b24bfab74611cf1ff575d0,0.029,,,
3300,2026-07-27,SZ000301,-0.01074089288903437,EXP_CatBoostModel_Alpha158_csi300_custom_step0_s_20260727_14,aa65c60831b24bfab74611cf1ff575d0,0.029,,,
3301,2026-07-27,SZ000166,0.013484739469244621,EXP_CatBoostModel_Alpha158_csi300_custom_step0_s_20260727_14,aa65c60831b24bfab74611cf1ff575d0,0.029,,,
3302,2026-07-27,SZ000157,0.004174858123421445,EXP_CatBoostModel_Alpha158_csi300_custom_step0_s_20260727_14,aa65c60831b24bfab74611cf1ff575d0,0.029,,,
3303,2026-07-27,SZ000100,-0.08073838405154833,EXP_CatBoostModel_Alpha158_csi300_custom_step0_s_20260727_14,aa65c60831b24bfab74611cf1ff575d0,0.029,,,
3304,2026-07-27,SZ000538,0.00851845433482088,EXP_CatBoostModel_Alpha158_csi300_custom_step0_s_20260727_14,aa65c60831b24bfab74611cf1ff575d0,0.029,,,
3305,2026-07-27,SZ000063,-0.06552567811957725,EXP_CatBoostModel_Alpha158_csi300_custom_step0_s_20260727_14,aa65c60831b24bfab74611cf1ff575d0,0.029,,,
3306,2026-07-27,SZ000001,0.011718441027713434,EXP_CatBoostModel_Alpha158_csi300_custom_step0_s_20260727_14,aa65c60831b24bfab74611cf1ff575d0,0.029,,,
3307,2026-07-27,SH688981,-0.048051690909809326,EXP_CatBoostModel_Alpha158_csi300_custom_step0_s_20260727_14,aa65c60831b24bfab74611cf1ff575d0,0.029,,,
3308,2026-07-27,SH688521,0.19323261571536504,EXP_CatBoostModel_Alpha158_csi300_custom_step0_s_20260727_14,aa65c60831b24bfab74611cf1ff575d0,0.029,,,
3309,2026-07-27,SH688506,0.19196907191460283,EXP_CatBoostModel_Alpha158_csi300_custom_step0_s_20260727_14,aa65c60831b24bfab74611cf1ff575d0,0.029,,,
3310,2026-07-27,SH688472,0.2102488407501732,EXP_CatBoostModel_Alpha158_csi300_custom_step0_s_20260727_14,aa65c60831b24bfab74611cf1ff575d0,0.029,,,
3311,2026-07-27,SH688396,0.3232062487351486,EXP_CatBoostModel_Alpha158_csi300_custom_step0_s_20260727_14,aa65c60831b24bfab74611cf1ff575d0,0.029,,,
3312,2026-07-27,SH688303,0.010621392295643147,EXP_CatBoostModel_Alpha158_csi300_custom_step0_s_20260727_14,aa65c60831b24bfab74611cf1ff575d0,0.029,,,
3313,2026-07-27,SH688271,-0.004821340381201388,EXP_CatBoostModel_Alpha158_csi300_custom_step0_s_20260727_14,aa65c60831b24bfab74611cf1ff575d0,0.029,,,
3314,2026-07-27,SZ000002,-0.0019210715149282976,EXP_CatBoostModel_Alpha158_csi300_custom_step0_s_20260727_14,aa65c60831b24bfab74611cf1ff575d0,0.029,,,
3315,2026-07-27,SH688256,0.010054221106253541,EXP_CatBoostModel_Alpha158_csi300_custom_step0_s_20260727_14,aa65c60831b24bfab74611cf1ff575d0,0.029,,,
3316,2026-07-27,SZ000568,0.000898428376921997,EXP_CatBoostModel_Alpha158_csi300_custom_step0_s_20260727_14,aa65c60831b24bfab74611cf1ff575d0,0.029,,,
3317,2026-07-27,SZ000617,-0.04490152280337646,EXP_CatBoostModel_Alpha158_csi300_custom_step0_s_20260727_14,aa65c60831b24bfab74611cf1ff575d0,0.029,,,
3318,2026-07-27,SZ000999,0.004078023514051707,EXP_CatBoostModel_Alpha158_csi300_custom_step0_s_20260727_14,aa65c60831b24bfab74611cf1ff575d0,0.029,,,
3319,2026-07-27,SZ000988,0.030858126774780045,EXP_CatBoostModel_Alpha158_csi300_custom_step0_s_20260727_14,aa65c60831b24bfab74611cf1ff575d0,0.029,,,
3320,2026-07-27,SZ000977,0.013836957005382084,EXP_CatBoostModel_Alpha158_csi300_custom_step0_s_20260727_14,aa65c60831b24bfab74611cf1ff575d0,0.029,,,
3321,2026-07-27,SZ000975,-0.11571413594934804,EXP_CatBoostModel_Alpha158_csi300_custom_step0_s_20260727_14,aa65c60831b24bfab74611cf1ff575d0,0.029,,,
3322,2026-07-27,SZ000963,-0.003364561130725644,EXP_CatBoostModel_Alpha158_csi300_custom_step0_s_20260727_14,aa65c60831b24bfab74611cf1ff575d0,0.029,,,
3323,2026-07-27,SZ000938,-0.19361437799556136,EXP_CatBoostModel_Alpha158_csi300_custom_step0_s_20260727_14,aa65c60831b24bfab74611cf1ff575d0,0.029,,,
3324,2026-07-27,SZ000895,0.005565787784646225,EXP_CatBoostModel_Alpha158_csi300_custom_step0_s_20260727_14,aa65c60831b24bfab74611cf1ff575d0,0.029,,,
3325,2026-07-27,SZ000858,-0.00037776966073520306,EXP_CatBoostModel_Alpha158_csi300_custom_step0_s_20260727_14,aa65c60831b24bfab74611cf1ff575d0,0.029,,,
3326,2026-07-27,SZ000596,0.013966606779987279,EXP_CatBoostModel_Alpha158_csi300_custom_step0_s_20260727_14,aa65c60831b24bfab74611cf1ff575d0,0.029,,,
3327,2026-07-27,SZ000807,-0.045477095598125496,EXP_CatBoostModel_Alpha158_csi300_custom_step0_s_20260727_14,aa65c60831b24bfab74611cf1ff575d0,0.029,,,
3328,2026-07-27,SZ000776,-0.07053100877319238,EXP_CatBoostModel_Alpha158_csi300_custom_step0_s_20260727_14,aa65c60831b24bfab74611cf1ff575d0,0.029,,,
3329,2026-07-27,SZ000768,-0.02225968325284053,EXP_CatBoostModel_Alpha158_csi300_custom_step0_s_20260727_14,aa65c60831b24bfab74611cf1ff575d0,0.029,,,
3330,2026-07-27,SZ000725,0.22533164433491085,EXP_CatBoostModel_Alpha158_csi300_custom_step0_s_20260727_14,aa65c60831b24bfab74611cf1ff575d0,0.029,,,
3331,2026-07-27,SZ000708,0.009244365113855532,EXP_CatBoostModel_Alpha158_csi300_custom_step0_s_20260727_14,aa65c60831b24bfab74611cf1ff575d0,0.029,,,
3332,2026-07-27,SZ000657,0.3107270513448181,EXP_CatBoostModel_Alpha158_csi300_custom_step0_s_20260727_14,aa65c60831b24bfab74611cf1ff575d0,0.029,,,
3333,2026-07-27,SZ000651,0.020218042541833302,EXP_CatBoostModel_Alpha158_csi300_custom_step0_s_20260727_14,aa65c60831b24bfab74611cf1ff575d0,0.029,,,
3334,2026-07-27,SZ000630,0.028573959061047736,EXP_CatBoostModel_Alpha158_csi300_custom_step0_s_20260727_14,aa65c60831b24bfab74611cf1ff575d0,0.029,,,
3335,2026-07-27,SZ000625,-0.0009768288834853189,EXP_CatBoostModel_Alpha158_csi300_custom_step0_s_20260727_14,aa65c60831b24bfab74611cf1ff575d0,0.029,,,
3336,2026-07-27,SZ000792,-0.07860116204415428,EXP_CatBoostModel_Alpha158_csi300_custom_step0_s_20260727_14,aa65c60831b24bfab74611cf1ff575d0,0.029,,,
3337,2026-07-27,SH688223,0.2471355053116515,EXP_CatBoostModel_Alpha158_csi300_custom_step0_s_20260727_14,aa65c60831b24bfab74611cf1ff575d0,0.029,,,
3338,2026-07-27,SH688183,0.006168901563075687,EXP_CatBoostModel_Alpha158_csi300_custom_step0_s_20260727_14,aa65c60831b24bfab74611cf1ff575d0,0.029,,,
3339,2026-07-27,SH688126,0.10048247519116098,EXP_CatBoostModel_Alpha158_csi300_custom_step0_s_20260727_14,aa65c60831b24bfab74611cf1ff575d0,0.029,,,
3340,2026-07-27,SH601998,-0.0035351744517394808,EXP_CatBoostModel_Alpha158_csi300_custom_step0_s_20260727_14,aa65c60831b24bfab74611cf1ff575d0,0.029,,,
3341,2026-07-27,SH601995,-0.03767008187001403,EXP_CatBoostModel_Alpha158_csi300_custom_step0_s_20260727_14,aa65c60831b24bfab74611cf1ff575d0,0.029,,,
3342,2026-07-27,SH601988,0.022145990568317828,EXP_CatBoostModel_Alpha158_csi300_custom_step0_s_20260727_14,aa65c60831b24bfab74611cf1ff575d0,0.029,,,
3343,2026-07-27,SH601985,0.011265805334448568,EXP_CatBoostModel_Alpha158_csi300_custom_step0_s_20260727_14,aa65c60831b24bfab74611cf1ff575d0,0.029,,,
3344,2026-07-27,SH601939,-0.0018977565906608304,EXP_CatBoostModel_Alpha158_csi300_custom_step0_s_20260727_14,aa65c60831b24bfab74611cf1ff575d0,0.029,,,
3345,2026-07-27,SH601919,-0.002035323751900806,EXP_CatBoostModel_Alpha158_csi300_custom_step0_s_20260727_14,aa65c60831b24bfab74611cf1ff575d0,0.029,,,
3346,2026-07-27,SH601916,0.002340733205405213,EXP_CatBoostModel_Alpha158_csi300_custom_step0_s_20260727_14,aa65c60831b24bfab74611cf1ff575d0,0.029,,,
3347,2026-07-27,SH601901,-0.016759612825121884,EXP_CatBoostModel_Alpha158_csi300_custom_step0_s_20260727_14,aa65c60831b24bfab74611cf1ff575d0,0.029,,,
3348,2026-07-27,SH603019,-0.05859416164280521,EXP_CatBoostModel_Alpha158_csi300_custom_step0_s_20260727_14,aa65c60831b24bfab74611cf1ff575d0,0.029,,,
3349,2026-07-27,SH601899,-0.08898995964474406,EXP_CatBoostModel_Alpha158_csi300_custom_step0_s_20260727_14,aa65c60831b24bfab74611cf1ff575d0,0.029,,,
3350,2026-07-27,SH601888,-0.015798041376481237,EXP_CatBoostModel_Alpha158_csi300_custom_step0_s_20260727_14,aa65c60831b24bfab74611cf1ff575d0,0.029,,,
3351,2026-07-27,SH601881,-0.012724593612559348,EXP_CatBoostModel_Alpha158_csi300_custom_step0_s_20260727_14,aa65c60831b24bfab74611cf1ff575d0,0.029,,,
3352,2026-07-27,SH601878,-0.014835910107625663,EXP_CatBoostModel_Alpha158_csi300_custom_step0_s_20260727_14,aa65c60831b24bfab74611cf1ff575d0,0.029,,,
3353,2026-07-27,SH601877,-0.004446125098900457,EXP_CatBoostModel_Alpha158_csi300_custom_step0_s_20260727_14,aa65c60831b24bfab74611cf1ff575d0,0.029,,,
3354,2026-07-27,SH601872,0.06678968738307926,EXP_CatBoostModel_Alpha158_csi300_custom_step0_s_20260727_14,aa65c60831b24bfab74611cf1ff575d0,0.029,,,
3355,2026-07-27,SH601868,-0.0023629143301119805,EXP_CatBoostModel_Alpha158_csi300_custom_step0_s_20260727_14,aa65c60831b24bfab74611cf1ff575d0,0.029,,,
3356,2026-07-27,SH601857,-0.015604197008122146,EXP_CatBoostModel_Alpha158_csi300_custom_step0_s_20260727_14,aa65c60831b24bfab74611cf1ff575d0,0.029,,,
3357,2026-07-27,SH601838,0.010806465088908378,EXP_CatBoostModel_Alpha158_csi300_custom_step0_s_20260727_14,aa65c60831b24bfab74611cf1ff575d0,0.029,,,
3358,2026-07-27,SH601898,-0.13056211365262718,EXP_CatBoostModel_Alpha158_csi300_custom_step0_s_20260727_14,aa65c60831b24bfab74611cf1ff575d0,0.029,,,
3359,2026-07-27,SH603259,-0.017517023980924036,EXP_CatBoostModel_Alpha158_csi300_custom_step0_s_20260727_14,aa65c60831b24bfab74611cf1ff575d0,0.029,,,
3360,2026-07-27,SH603260,0.27710257589405657,EXP_CatBoostModel_Alpha158_csi300_custom_step0_s_20260727_14,aa65c60831b24bfab74611cf1ff575d0,0.029,,,
3361,2026-07-27,SH603288,0.005506331540033489,EXP_CatBoostModel_Alpha158_csi300_custom_step0_s_20260727_14,aa65c60831b24bfab74611cf1ff575d0,0.029,,,
3362,2026-07-27,SH688111,-0.05215709233896114,EXP_CatBoostModel_Alpha158_csi300_custom_step0_s_20260727_14,aa65c60831b24bfab74611cf1ff575d0,0.029,,,
3363,2026-07-27,SH688082,0.3372654474324828,EXP_CatBoostModel_Alpha158_csi300_custom_step0_s_20260727_14,aa65c60831b24bfab74611cf1ff575d0,0.029,,,
3364,2026-07-27,SH688072,-0.2864962692265524,EXP_CatBoostModel_Alpha158_csi300_custom_step0_s_20260727_14,aa65c60831b24bfab74611cf1ff575d0,0.029,,,
3365,2026-07-27,SH688047,0.3860419322904504,EXP_CatBoostModel_Alpha158_csi300_custom_step0_s_20260727_14,aa65c60831b24bfab74611cf1ff575d0,0.029,,,
3366,2026-07-27,SH688041,-0.036778756033258454,EXP_CatBoostModel_Alpha158_csi300_custom_step0_s_20260727_14,aa65c60831b24bfab74611cf1ff575d0,0.029,,,
3367,2026-07-27,SH688036,-0.03484610939752004,EXP_CatBoostModel_Alpha158_csi300_custom_step0_s_20260727_14,aa65c60831b24bfab74611cf1ff575d0,0.029,,,
3368,2026-07-27,SH688012,-0.0554268636179755,EXP_CatBoostModel_Alpha158_csi300_custom_step0_s_20260727_14,aa65c60831b24bfab74611cf1ff575d0,0.029,,,
3369,2026-07-27,SH688009,0.009242420804916242,EXP_CatBoostModel_Alpha158_csi300_custom_step0_s_20260727_14,aa65c60831b24bfab74611cf1ff575d0,0.029,,,
3370,2026-07-27,SH688008,-0.2156285755178678,EXP_CatBoostModel_Alpha158_csi300_custom_step0_s_20260727_14,aa65c60831b24bfab74611cf1ff575d0,0.029,,,
3371,2026-07-27,SH605499,-0.06017971027648383,EXP_CatBoostModel_Alpha158_csi300_custom_step0_s_20260727_14,aa65c60831b24bfab74611cf1ff575d0,0.029,,,
3372,2026-07-27,SH605117,-0.04704507096492986,EXP_CatBoostModel_Alpha158_csi300_custom_step0_s_20260727_14,aa65c60831b24bfab74611cf1ff575d0,0.029,,,
3373,2026-07-27,SH603993,-0.08592847631851316,EXP_CatBoostModel_Alpha158_csi300_custom_step0_s_20260727_14,aa65c60831b24bfab74611cf1ff575d0,0.029,,,
3374,2026-07-27,SH603986,0.24023271068302343,EXP_CatBoostModel_Alpha158_csi300_custom_step0_s_20260727_14,aa65c60831b24bfab74611cf1ff575d0,0.029,,,
3375,2026-07-27,SH603893,-0.10751792928681092,EXP_CatBoostModel_Alpha158_csi300_custom_step0_s_20260727_14,aa65c60831b24bfab74611cf1ff575d0,0.029,,,
3376,2026-07-27,SH603799,0.14352022238350196,EXP_CatBoostModel_Alpha158_csi300_custom_step0_s_20260727_14,aa65c60831b24bfab74611cf1ff575d0,0.029,,,
3377,2026-07-27,SH603501,0.061140238912475456,EXP_CatBoostModel_Alpha158_csi300_custom_step0_s_20260727_14,aa65c60831b24bfab74611cf1ff575d0,0.029,,,
3378,2026-07-27,SH603392,0.03436966030500183,EXP_CatBoostModel_Alpha158_csi300_custom_step0_s_20260727_14,aa65c60831b24bfab74611cf1ff575d0,0.029,,,
3379,2026-07-27,SH603369,-0.005008032280821352,EXP_CatBoostModel_Alpha158_csi300_custom_step0_s_20260727_14,aa65c60831b24bfab74611cf1ff575d0,0.029,,,
3380,2026-07-27,SH603296,-0.08681972098019584,EXP_CatBoostModel_Alpha158_csi300_custom_step0_s_20260727_14,aa65c60831b24bfab74611cf1ff575d0,0.029,,,
3381,2026-07-27,SH601818,0.014892997610787191,EXP_CatBoostModel_Alpha158_csi300_custom_step0_s_20260727_14,aa65c60831b24bfab74611cf1ff575d0,0.029,,,
3382,2026-07-27,SH605499,-0.1092888447315128,EXP_CatBoostModel_Alpha158_csi300_custom_step0_s_20260727_14,a8a550abb5b84d6da2c8472a98921952,0.113,,,
3383,2026-07-27,SH600438,0.14778556001473864,EXP_CatBoostModel_Alpha158_csi300_custom_step0_s_20260727_14,aa65c60831b24bfab74611cf1ff575d0,0.029,,,
3384,2026-07-27,SH600426,-0.07523414891468308,EXP_CatBoostModel_Alpha158_csi300_custom_step0_s_20260727_14,aa65c60831b24bfab74611cf1ff575d0,0.029,,,
3385,2026-07-27,SZ002142,0.00978866665115283,EXP_CatBoostModel_Alpha158_csi300_custom_step0_s_20260727_14,a8a550abb5b84d6da2c8472a98921952,0.113,,,
3386,2026-07-27,SZ002074,-0.06788092012683894,EXP_CatBoostModel_Alpha158_csi300_custom_step0_s_20260727_14,a8a550abb5b84d6da2c8472a98921952,0.113,,,
3387,2026-07-27,SZ002050,-0.018574326293431666,EXP_CatBoostModel_Alpha158_csi300_custom_step0_s_20260727_14,a8a550abb5b84d6da2c8472a98921952,0.113,,,
3388,2026-07-27,SZ002049,-0.05016125679143184,EXP_CatBoostModel_Alpha158_csi300_custom_step0_s_20260727_14,a8a550abb5b84d6da2c8472a98921952,0.113,,,
3389,2026-07-27,SZ002028,-0.10715221782498398,EXP_CatBoostModel_Alpha158_csi300_custom_step0_s_20260727_14,a8a550abb5b84d6da2c8472a98921952,0.113,,,
3390,2026-07-27,SZ002027,-0.04453394880603118,EXP_CatBoostModel_Alpha158_csi300_custom_step0_s_20260727_14,a8a550abb5b84d6da2c8472a98921952,0.113,,,
3391,2026-07-27,SZ002001,-0.05583651442236538,EXP_CatBoostModel_Alpha158_csi300_custom_step0_s_20260727_14,a8a550abb5b84d6da2c8472a98921952,0.113,,,
3392,2026-07-27,SZ001979,-0.031740507468977316,EXP_CatBoostModel_Alpha158_csi300_custom_step0_s_20260727_14,a8a550abb5b84d6da2c8472a98921952,0.113,,,
3393,2026-07-27,SZ002179,0.1388580118911027,EXP_CatBoostModel_Alpha158_csi300_custom_step0_s_20260727_14,a8a550abb5b84d6da2c8472a98921952,0.113,,,
3394,2026-07-27,SZ001965,0.007856172598176128,EXP_CatBoostModel_Alpha158_csi300_custom_step0_s_20260727_14,a8a550abb5b84d6da2c8472a98921952,0.113,,,
3395,2026-07-27,SZ001280,-0.030265983421202042,EXP_CatBoostModel_Alpha158_csi300_custom_step0_s_20260727_14,a8a550abb5b84d6da2c8472a98921952,0.113,,,
3396,2026-07-27,SZ000999,-0.00012116244819445105,EXP_CatBoostModel_Alpha158_csi300_custom_step0_s_20260727_14,a8a550abb5b84d6da2c8472a98921952,0.113,,,
3397,2026-07-27,SZ000988,0.07146622853578195,EXP_CatBoostModel_Alpha158_csi300_custom_step0_s_20260727_14,a8a550abb5b84d6da2c8472a98921952,0.113,,,
3398,2026-07-27,SZ000977,-0.005998756580865013,EXP_CatBoostModel_Alpha158_csi300_custom_step0_s_20260727_14,a8a550abb5b84d6da2c8472a98921952,0.113,,,
3399,2026-07-27,SZ000975,-0.11632017268725661,EXP_CatBoostModel_Alpha158_csi300_custom_step0_s_20260727_14,a8a550abb5b84d6da2c8472a98921952,0.113,,,
3400,2026-07-27,SZ000963,-0.029758223639757615,EXP_CatBoostModel_Alpha158_csi300_custom_step0_s_20260727_14,a8a550abb5b84d6da2c8472a98921952,0.113,,,
3401,2026-07-27,SZ000938,-0.2896376760057153,EXP_CatBoostModel_Alpha158_csi300_custom_step0_s_20260727_14,a8a550abb5b84d6da2c8472a98921952,0.113,,,
3402,2026-07-27,SZ000895,-0.004359523747487898,EXP_CatBoostModel_Alpha158_csi300_custom_step0_s_20260727_14,a8a550abb5b84d6da2c8472a98921952,0.113,,,
3403,2026-07-27,SZ001391,-0.024669592384736802,EXP_CatBoostModel_Alpha158_csi300_custom_step0_s_20260727_14,a8a550abb5b84d6da2c8472a98921952,0.113,,,
3404,2026-07-27,SZ000858,-0.02358145649597705,EXP_CatBoostModel_Alpha158_csi300_custom_step0_s_20260727_14,a8a550abb5b84d6da2c8472a98921952,0.113,,,
3405,2026-07-27,SZ002202,0.1849306127941515,EXP_CatBoostModel_Alpha158_csi300_custom_step0_s_20260727_14,a8a550abb5b84d6da2c8472a98921952,0.113,,,
3406,2026-07-27,SZ002236,0.0102628429249833,EXP_CatBoostModel_Alpha158_csi300_custom_step0_s_20260727_14,a8a550abb5b84d6da2c8472a98921952,0.113,,,
3407,2026-07-27,SZ002600,0.1664215497151838,EXP_CatBoostModel_Alpha158_csi300_custom_step0_s_20260727_14,a8a550abb5b84d6da2c8472a98921952,0.113,,,
3408,2026-07-27,SZ002594,-0.0452405868981571,EXP_CatBoostModel_Alpha158_csi300_custom_step0_s_20260727_14,a8a550abb5b84d6da2c8472a98921952,0.113,,,
3409,2026-07-27,SZ002558,0.00941791312393778,EXP_CatBoostModel_Alpha158_csi300_custom_step0_s_20260727_14,a8a550abb5b84d6da2c8472a98921952,0.113,,,
3410,2026-07-27,SZ002532,-0.09968220385686537,EXP_CatBoostModel_Alpha158_csi300_custom_step0_s_20260727_14,a8a550abb5b84d6da2c8472a98921952,0.113,,,
3411,2026-07-27,SZ002493,-0.07448960914884768,EXP_CatBoostModel_Alpha158_csi300_custom_step0_s_20260727_14,a8a550abb5b84d6da2c8472a98921952,0.113,,,
3412,2026-07-27,SZ002475,-0.1018458988280309,EXP_CatBoostModel_Alpha158_csi300_custom_step0_s_20260727_14,a8a550abb5b84d6da2c8472a98921952,0.113,,,
3413,2026-07-27,SZ002466,0.3269143635188517,EXP_CatBoostModel_Alpha158_csi300_custom_step0_s_20260727_14,a8a550abb5b84d6da2c8472a98921952,0.113,,,
3414,2026-07-27,SZ002463,-0.031206699172753417,EXP_CatBoostModel_Alpha158_csi300_custom_step0_s_20260727_14,a8a550abb5b84d6da2c8472a98921952,0.113,,,
3415,2026-07-27,SZ002230,-0.06286384108866185,EXP_CatBoostModel_Alpha158_csi300_custom_step0_s_20260727_14,a8a550abb5b84d6da2c8472a98921952,0.113,,,
3416,2026-07-27,SZ002460,0.1873207378525053,EXP_CatBoostModel_Alpha158_csi300_custom_step0_s_20260727_14,a8a550abb5b84d6da2c8472a98921952,0.113,,,
3417,2026-07-27,SZ002415,-0.11424581259628605,EXP_CatBoostModel_Alpha158_csi300_custom_step0_s_20260727_14,a8a550abb5b84d6da2c8472a98921952,0.113,,,
3418,2026-07-27,SZ002384,0.16468838888714954,EXP_CatBoostModel_Alpha158_csi300_custom_step0_s_20260727_14,a8a550abb5b84d6da2c8472a98921952,0.113,,,
3419,2026-07-27,SZ002371,-0.012878326703526557,EXP_CatBoostModel_Alpha158_csi300_custom_step0_s_20260727_14,a8a550abb5b84d6da2c8472a98921952,0.113,,,
3420,2026-07-27,SZ002353,0.4381082863121687,EXP_CatBoostModel_Alpha158_csi300_custom_step0_s_20260727_14,a8a550abb5b84d6da2c8472a98921952,0.113,,,
3421,2026-07-27,SZ002352,-0.005085975231032409,EXP_CatBoostModel_Alpha158_csi300_custom_step0_s_20260727_14,a8a550abb5b84d6da2c8472a98921952,0.113,,,
3422,2026-07-27,SZ002311,-0.010293128502572956,EXP_CatBoostModel_Alpha158_csi300_custom_step0_s_20260727_14,a8a550abb5b84d6da2c8472a98921952,0.113,,,
3423,2026-07-27,SZ002304,-0.04257107385947429,EXP_CatBoostModel_Alpha158_csi300_custom_step0_s_20260727_14,a8a550abb5b84d6da2c8472a98921952,0.113,,,
3424,2026-07-27,SZ002241,-0.11954937054830184,EXP_CatBoostModel_Alpha158_csi300_custom_step0_s_20260727_14,a8a550abb5b84d6da2c8472a98921952,0.113,,,
3425,2026-07-27,SZ002422,-0.05780541534690551,EXP_CatBoostModel_Alpha158_csi300_custom_step0_s_20260727_14,a8a550abb5b84d6da2c8472a98921952,0.113,,,
3426,2026-07-27,SZ000807,-0.06391337124719801,EXP_CatBoostModel_Alpha158_csi300_custom_step0_s_20260727_14,a8a550abb5b84d6da2c8472a98921952,0.113,,,
3427,2026-07-27,SZ000792,0.03515873104048466,EXP_CatBoostModel_Alpha158_csi300_custom_step0_s_20260727_14,a8a550abb5b84d6da2c8472a98921952,0.113,,,
3428,2026-07-27,SZ000776,-0.11209101886277052,EXP_CatBoostModel_Alpha158_csi300_custom_step0_s_20260727_14,a8a550abb5b84d6da2c8472a98921952,0.113,,,
3429,2026-07-27,SH688521,0.040847404900859585,EXP_CatBoostModel_Alpha158_csi300_custom_step0_s_20260727_14,a8a550abb5b84d6da2c8472a98921952,0.113,,,
3430,2026-07-27,SH688506,0.13866643758949848,EXP_CatBoostModel_Alpha158_csi300_custom_step0_s_20260727_14,a8a550abb5b84d6da2c8472a98921952,0.113,,,
3431,2026-07-27,SH688472,-0.07062939059948663,EXP_CatBoostModel_Alpha158_csi300_custom_step0_s_20260727_14,a8a550abb5b84d6da2c8472a98921952,0.113,,,
3432,2026-07-27,SH688396,0.09792760209617683,EXP_CatBoostModel_Alpha158_csi300_custom_step0_s_20260727_14,a8a550abb5b84d6da2c8472a98921952,0.113,,,
3433,2026-07-27,SH688303,-0.02545808148138887,EXP_CatBoostModel_Alpha158_csi300_custom_step0_s_20260727_14,a8a550abb5b84d6da2c8472a98921952,0.113,,,
3434,2026-07-27,SH688271,-0.04246585468871071,EXP_CatBoostModel_Alpha158_csi300_custom_step0_s_20260727_14,a8a550abb5b84d6da2c8472a98921952,0.113,,,
3435,2026-07-27,SH688256,-0.05312018763746416,EXP_CatBoostModel_Alpha158_csi300_custom_step0_s_20260727_14,a8a550abb5b84d6da2c8472a98921952,0.113,,,
3436,2026-07-27,SH688223,0.05560831250058514,EXP_CatBoostModel_Alpha158_csi300_custom_step0_s_20260727_14,a8a550abb5b84d6da2c8472a98921952,0.113,,,
3437,2026-07-27,SH688981,-0.10420129921391554,EXP_CatBoostModel_Alpha158_csi300_custom_step0_s_20260727_14,a8a550abb5b84d6da2c8472a98921952,0.113,,,
3438,2026-07-27,SH688183,0.08698372348998948,EXP_CatBoostModel_Alpha158_csi300_custom_step0_s_20260727_14,a8a550abb5b84d6da2c8472a98921952,0.113,,,
3439,2026-07-27,SH688111,-0.1264794313867773,EXP_CatBoostModel_Alpha158_csi300_custom_step0_s_20260727_14,a8a550abb5b84d6da2c8472a98921952,0.113,,,
3440,2026-07-27,SH688082,0.3675993672728157,EXP_CatBoostModel_Alpha158_csi300_custom_step0_s_20260727_14,a8a550abb5b84d6da2c8472a98921952,0.113,,,
3441,2026-07-27,SH688072,-0.20351356548876448,EXP_CatBoostModel_Alpha158_csi300_custom_step0_s_20260727_14,a8a550abb5b84d6da2c8472a98921952,0.113,,,
3442,2026-07-27,SH688047,0.04817893993167285,EXP_CatBoostModel_Alpha158_csi300_custom_step0_s_20260727_14,a8a550abb5b84d6da2c8472a98921952,0.113,,,
3443,2026-07-27,SH688041,-0.11762451867193609,EXP_CatBoostModel_Alpha158_csi300_custom_step0_s_20260727_14,a8a550abb5b84d6da2c8472a98921952,0.113,,,
3444,2026-07-27,SH688036,-0.059010332665457986,EXP_CatBoostModel_Alpha158_csi300_custom_step0_s_20260727_14,a8a550abb5b84d6da2c8472a98921952,0.113,,,
3445,2026-07-27,SH688012,0.00765144136605023,EXP_CatBoostModel_Alpha158_csi300_custom_step0_s_20260727_14,a8a550abb5b84d6da2c8472a98921952,0.113,,,
3446,2026-07-27,SH688009,0.01358697587916036,EXP_CatBoostModel_Alpha158_csi300_custom_step0_s_20260727_14,a8a550abb5b84d6da2c8472a98921952,0.113,,,
3447,2026-07-27,SH688126,0.13340790090975663,EXP_CatBoostModel_Alpha158_csi300_custom_step0_s_20260727_14,a8a550abb5b84d6da2c8472a98921952,0.113,,,
3448,2026-07-27,SZ000001,0.03846703539754109,EXP_CatBoostModel_Alpha158_csi300_custom_step0_s_20260727_14,a8a550abb5b84d6da2c8472a98921952,0.113,,,
3449,2026-07-27,SZ000002,-0.0438106086635492,EXP_CatBoostModel_Alpha158_csi300_custom_step0_s_20260727_14,a8a550abb5b84d6da2c8472a98921952,0.113,,,
3450,2026-07-27,SZ000063,-0.07501163168832738,EXP_CatBoostModel_Alpha158_csi300_custom_step0_s_20260727_14,a8a550abb5b84d6da2c8472a98921952,0.113,,,
3451,2026-07-27,SZ000768,-0.06907637721118932,EXP_CatBoostModel_Alpha158_csi300_custom_step0_s_20260727_14,a8a550abb5b84d6da2c8472a98921952,0.113,,,
3452,2026-07-27,SZ000725,0.2553627541067499,EXP_CatBoostModel_Alpha158_csi300_custom_step0_s_20260727_14,a8a550abb5b84d6da2c8472a98921952,0.113,,,
3453,2026-07-27,SZ000708,0.00048236936125844304,EXP_CatBoostModel_Alpha158_csi300_custom_step0_s_20260727_14,a8a550abb5b84d6da2c8472a98921952,0.113,,,
3454,2026-07-27,SZ000657,0.4219436185813117,EXP_CatBoostModel_Alpha158_csi300_custom_step0_s_20260727_14,a8a550abb5b84d6da2c8472a98921952,0.113,,,
3455,2026-07-27,SZ000651,0.014741639091231147,EXP_CatBoostModel_Alpha158_csi300_custom_step0_s_20260727_14,a8a550abb5b84d6da2c8472a98921952,0.113,,,
3456,2026-07-27,SZ000630,-0.02105425814209126,EXP_CatBoostModel_Alpha158_csi300_custom_step0_s_20260727_14,a8a550abb5b84d6da2c8472a98921952,0.113,,,
3457,2026-07-27,SZ000625,-0.06101721578967274,EXP_CatBoostModel_Alpha158_csi300_custom_step0_s_20260727_14,a8a550abb5b84d6da2c8472a98921952,0.113,,,
3458,2026-07-27,SZ000617,-0.08202698229794339,EXP_CatBoostModel_Alpha158_csi300_custom_step0_s_20260727_14,a8a550abb5b84d6da2c8472a98921952,0.113,,,
3459,2026-07-27,SZ000596,-0.09676571139517566,EXP_CatBoostModel_Alpha158_csi300_custom_step0_s_20260727_14,a8a550abb5b84d6da2c8472a98921952,0.113,,,
3460,2026-07-27,SZ000568,-0.042020060322722375,EXP_CatBoostModel_Alpha158_csi300_custom_step0_s_20260727_14,a8a550abb5b84d6da2c8472a98921952,0.113,,,
3461,2026-07-27,SZ000538,0.003932373707526377,EXP_CatBoostModel_Alpha158_csi300_custom_step0_s_20260727_14,a8a550abb5b84d6da2c8472a98921952,0.113,,,
3462,2026-07-27,SZ000425,-0.020388308559890177,EXP_CatBoostModel_Alpha158_csi300_custom_step0_s_20260727_14,a8a550abb5b84d6da2c8472a98921952,0.113,,,
3463,2026-07-27,SZ000408,-0.08087504124347904,EXP_CatBoostModel_Alpha158_csi300_custom_step0_s_20260727_14,a8a550abb5b84d6da2c8472a98921952,0.113,,,
3464,2026-07-27,SZ000338,-0.04505170787341305,EXP_CatBoostModel_Alpha158_csi300_custom_step0_s_20260727_14,a8a550abb5b84d6da2c8472a98921952,0.113,,,
3465,2026-07-27,SZ000333,0.02868746717802201,EXP_CatBoostModel_Alpha158_csi300_custom_step0_s_20260727_14,a8a550abb5b84d6da2c8472a98921952,0.113,,,
3466,2026-07-27,SZ000301,-0.033406528301451056,EXP_CatBoostModel_Alpha158_csi300_custom_step0_s_20260727_14,a8a550abb5b84d6da2c8472a98921952,0.113,,,
3467,2026-07-27,SZ000166,0.04615700471021279,EXP_CatBoostModel_Alpha158_csi300_custom_step0_s_20260727_14,a8a550abb5b84d6da2c8472a98921952,0.113,,,
3468,2026-07-27,SZ000157,-0.031276016130071194,EXP_CatBoostModel_Alpha158_csi300_custom_step0_s_20260727_14,a8a550abb5b84d6da2c8472a98921952,0.113,,,
3469,2026-07-27,SZ000100,-0.09886699612750555,EXP_CatBoostModel_Alpha158_csi300_custom_step0_s_20260727_14,a8a550abb5b84d6da2c8472a98921952,0.113,,,
3470,2026-07-27,SZ002602,-0.082285210690459,EXP_CatBoostModel_Alpha158_csi300_custom_step0_s_20260727_14,a8a550abb5b84d6da2c8472a98921952,0.113,,,
3471,2026-07-27,SH600436,0.024160969272965665,EXP_CatBoostModel_Alpha158_csi300_custom_step0_s_20260727_14,aa65c60831b24bfab74611cf1ff575d0,0.029,,,
3472,2026-07-27,SZ002625,-0.025980157397506014,EXP_CatBoostModel_Alpha158_csi300_custom_step0_s_20260727_14,a8a550abb5b84d6da2c8472a98921952,0.113,,,
3473,2026-07-27,SZ002709,0.24137277907207436,EXP_CatBoostModel_Alpha158_csi300_custom_step0_s_20260727_14,a8a550abb5b84d6da2c8472a98921952,0.113,,,
3474,2026-07-27,SH600066,-0.02586610989078425,EXP_CatBoostModel_Alpha158_csi300_custom_step0_s_20260727_14,aa65c60831b24bfab74611cf1ff575d0,0.029,,,
3475,2026-07-27,SH600061,-0.012428464207225466,EXP_CatBoostModel_Alpha158_csi300_custom_step0_s_20260727_14,aa65c60831b24bfab74611cf1ff575d0,0.029,,,
3476,2026-07-27,SH600050,0.05068505491727576,EXP_CatBoostModel_Alpha158_csi300_custom_step0_s_20260727_14,aa65c60831b24bfab74611cf1ff575d0,0.029,,,
3477,2026-07-27,SH600048,-0.002380027008098004,EXP_CatBoostModel_Alpha158_csi300_custom_step0_s_20260727_14,aa65c60831b24bfab74611cf1ff575d0,0.029,,,
3478,2026-07-27,SH600039,0.031131285983087155,EXP_CatBoostModel_Alpha158_csi300_custom_step0_s_20260727_14,aa65c60831b24bfab74611cf1ff575d0,0.029,,,
3479,2026-07-27,SH600036,0.0006434926743416786,EXP_CatBoostModel_Alpha158_csi300_custom_step0_s_20260727_14,aa65c60831b24bfab74611cf1ff575d0,0.029,,,
3480,2026-07-27,SH600031,0.024266868766881288,EXP_CatBoostModel_Alpha158_csi300_custom_step0_s_20260727_14,aa65c60831b24bfab74611cf1ff575d0,0.029,,,
3481,2026-07-27,SH600030,-0.034514719344210285,EXP_CatBoostModel_Alpha158_csi300_custom_step0_s_20260727_14,aa65c60831b24bfab74611cf1ff575d0,0.029,,,
3482,2026-07-27,SH600085,-0.0031447829175631314,EXP_CatBoostModel_Alpha158_csi300_custom_step0_s_20260727_14,aa65c60831b24bfab74611cf1ff575d0,0.029,,,
3483,2026-07-27,SH600029,-0.004408869030945238,EXP_CatBoostModel_Alpha158_csi300_custom_step0_s_20260727_14,aa65c60831b24bfab74611cf1ff575d0,0.029,,,
3484,2026-07-27,SH600027,0.010964800461494062,EXP_CatBoostModel_Alpha158_csi300_custom_step0_s_20260727_14,aa65c60831b24bfab74611cf1ff575d0,0.029,,,
3485,2026-07-27,SH600026,0.055370197801748344,EXP_CatBoostModel_Alpha158_csi300_custom_step0_s_20260727_14,aa65c60831b24bfab74611cf1ff575d0,0.029,,,
3486,2026-07-27,SH600025,0.029969115413273826,EXP_CatBoostModel_Alpha158_csi300_custom_step0_s_20260727_14,aa65c60831b24bfab74611cf1ff575d0,0.029,,,
3487,2026-07-27,SH600023,-0.003320361920894597,EXP_CatBoostModel_Alpha158_csi300_custom_step0_s_20260727_14,aa65c60831b24bfab74611cf1ff575d0,0.029,,,
3488,2026-07-27,SH600019,0.009899196853987194,EXP_CatBoostModel_Alpha158_csi300_custom_step0_s_20260727_14,aa65c60831b24bfab74611cf1ff575d0,0.029,,,
3489,2026-07-27,SH600018,0.015693198513322525,EXP_CatBoostModel_Alpha158_csi300_custom_step0_s_20260727_14,aa65c60831b24bfab74611cf1ff575d0,0.029,,,
3490,2026-07-27,SH600016,0.0035106295542579264,EXP_CatBoostModel_Alpha158_csi300_custom_step0_s_20260727_14,aa65c60831b24bfab74611cf1ff575d0,0.029,,,
3491,2026-07-27,SH600015,0.012351359842234148,EXP_CatBoostModel_Alpha158_csi300_custom_step0_s_20260727_14,aa65c60831b24bfab74611cf1ff575d0,0.029,,,
3492,2026-07-27,SH600028,0.012198050645256154,EXP_CatBoostModel_Alpha158_csi300_custom_step0_s_20260727_14,aa65c60831b24bfab74611cf1ff575d0,0.029,,,
3493,2026-07-27,SH600011,-0.012236490886198671,EXP_CatBoostModel_Alpha158_csi300_custom_step0_s_20260727_14,aa65c60831b24bfab74611cf1ff575d0,0.029,,,
3494,2026-07-27,SH600089,-0.11412906738716035,EXP_CatBoostModel_Alpha158_csi300_custom_step0_s_20260727_14,aa65c60831b24bfab74611cf1ff575d0,0.029,,,
3495,2026-07-27,SH600111,0.1527698054127821,EXP_CatBoostModel_Alpha158_csi300_custom_step0_s_20260727_14,aa65c60831b24bfab74611cf1ff575d0,0.029,,,
3496,2026-07-27,SH600415,-0.004021381667864564,EXP_CatBoostModel_Alpha158_csi300_custom_step0_s_20260727_14,aa65c60831b24bfab74611cf1ff575d0,0.029,,,
3497,2026-07-27,SH600406,0.011783823971299016,EXP_CatBoostModel_Alpha158_csi300_custom_step0_s_20260727_14,aa65c60831b24bfab74611cf1ff575d0,0.029,,,
3498,2026-07-27,SH600372,-0.01247553298700334,EXP_CatBoostModel_Alpha158_csi300_custom_step0_s_20260727_14,aa65c60831b24bfab74611cf1ff575d0,0.029,,,
3499,2026-07-27,SH600362,-0.043384946268584156,EXP_CatBoostModel_Alpha158_csi300_custom_step0_s_20260727_14,aa65c60831b24bfab74611cf1ff575d0,0.029,,,
3500,2026-07-27,SH600346,-0.09099048414851144,EXP_CatBoostModel_Alpha158_csi300_custom_step0_s_20260727_14,aa65c60831b24bfab74611cf1ff575d0,0.029,,,
3501,2026-07-27,SH600309,-0.056741474357486055,EXP_CatBoostModel_Alpha158_csi300_custom_step0_s_20260727_14,aa65c60831b24bfab74611cf1ff575d0,0.029,,,
3502,2026-07-27,SH600276,-0.001854245502198613,EXP_CatBoostModel_Alpha158_csi300_custom_step0_s_20260727_14,aa65c60831b24bfab74611cf1ff575d0,0.029,,,
3503,2026-07-27,SH600233,-0.009186892604655874,EXP_CatBoostModel_Alpha158_csi300_custom_step0_s_20260727_14,aa65c60831b24bfab74611cf1ff575d0,0.029,,,
3504,2026-07-27,SH600104,0.0037599419468055603,EXP_CatBoostModel_Alpha158_csi300_custom_step0_s_20260727_14,aa65c60831b24bfab74611cf1ff575d0,0.029,,,
3505,2026-07-27,SH600221,-0.00473493146439882,EXP_CatBoostModel_Alpha158_csi300_custom_step0_s_20260727_14,aa65c60831b24bfab74611cf1ff575d0,0.029,,,
3506,2026-07-27,SH600196,-0.007937861688678667,EXP_CatBoostModel_Alpha158_csi300_custom_step0_s_20260727_14,aa65c60831b24bfab74611cf1ff575d0,0.029,,,
3507,2026-07-27,SH600188,-0.007000450468450169,EXP_CatBoostModel_Alpha158_csi300_custom_step0_s_20260727_14,aa65c60831b24bfab74611cf1ff575d0,0.029,,,
3508,2026-07-27,SH600183,0.13292490370776766,EXP_CatBoostModel_Alpha158_csi300_custom_step0_s_20260727_14,aa65c60831b24bfab74611cf1ff575d0,0.029,,,
3509,2026-07-27,SH600176,0.5261198191100656,EXP_CatBoostModel_Alpha158_csi300_custom_step0_s_20260727_14,aa65c60831b24bfab74611cf1ff575d0,0.029,,,
3510,2026-07-27,SH600160,0.09726344172482511,EXP_CatBoostModel_Alpha158_csi300_custom_step0_s_20260727_14,aa65c60831b24bfab74611cf1ff575d0,0.029,,,
3511,2026-07-27,SH600150,-0.010800562599338252,EXP_CatBoostModel_Alpha158_csi300_custom_step0_s_20260727_14,aa65c60831b24bfab74611cf1ff575d0,0.029,,,
3512,2026-07-27,SH600118,0.3753955274019601,EXP_CatBoostModel_Alpha158_csi300_custom_step0_s_20260727_14,aa65c60831b24bfab74611cf1ff575d0,0.029,,,
3513,2026-07-27,SH600115,-0.009956832069268106,EXP_CatBoostModel_Alpha158_csi300_custom_step0_s_20260727_14,aa65c60831b24bfab74611cf1ff575d0,0.029,,,
3514,2026-07-27,SH600219,-0.15087796646193743,EXP_CatBoostModel_Alpha158_csi300_custom_step0_s_20260727_14,aa65c60831b24bfab74611cf1ff575d0,0.029,,,
3515,2026-07-27,SH600010,-0.007084831244078003,EXP_CatBoostModel_Alpha158_csi300_custom_step0_s_20260727_14,aa65c60831b24bfab74611cf1ff575d0,0.029,,,
3516,2026-07-27,SH600009,0.009159551546889822,EXP_CatBoostModel_Alpha158_csi300_custom_step0_s_20260727_14,aa65c60831b24bfab74611cf1ff575d0,0.029,,,
3517,2026-07-27,SH600000,0.017529295124649277,EXP_CatBoostModel_Alpha158_csi300_custom_step0_s_20260727_14,aa65c60831b24bfab74611cf1ff575d0,0.029,,,
3518,2026-07-27,SZ300394,0.15007023804980035,EXP_CatBoostModel_Alpha158_csi300_custom_step0_s_20260727_14,a8a550abb5b84d6da2c8472a98921952,0.113,,,
3519,2026-07-27,SZ300316,0.10787673767753467,EXP_CatBoostModel_Alpha158_csi300_custom_step0_s_20260727_14,a8a550abb5b84d6da2c8472a98921952,0.113,,,
3520,2026-07-27,SZ300308,0.01623764323312267,EXP_CatBoostModel_Alpha158_csi300_custom_step0_s_20260727_14,a8a550abb5b84d6da2c8472a98921952,0.113,,,
3521,2026-07-27,SZ300274,0.22480285378623135,EXP_CatBoostModel_Alpha158_csi300_custom_step0_s_20260727_14,a8a550abb5b84d6da2c8472a98921952,0.113,,,
3522,2026-07-27,SZ300251,-0.052012740870489724,EXP_CatBoostModel_Alpha158_csi300_custom_step0_s_20260727_14,a8a550abb5b84d6da2c8472a98921952,0.113,,,
3523,2026-07-27,SZ300124,-0.026823393187186458,EXP_CatBoostModel_Alpha158_csi300_custom_step0_s_20260727_14,a8a550abb5b84d6da2c8472a98921952,0.113,,,
3524,2026-07-27,SZ300122,-0.10105146690703941,EXP_CatBoostModel_Alpha158_csi300_custom_step0_s_20260727_14,a8a550abb5b84d6da2c8472a98921952,0.113,,,
3525,2026-07-27,SZ300059,-0.03953420300103912,EXP_CatBoostModel_Alpha158_csi300_custom_step0_s_20260727_14,a8a550abb5b84d6da2c8472a98921952,0.113,,,
3526,2026-07-27,SZ300408,0.3202732848786427,EXP_CatBoostModel_Alpha158_csi300_custom_step0_s_20260727_14,a8a550abb5b84d6da2c8472a98921952,0.113,,,
3527,2026-07-27,SZ300033,-0.06943740713387739,EXP_CatBoostModel_Alpha158_csi300_custom_step0_s_20260727_14,a8a550abb5b84d6da2c8472a98921952,0.113,,,
3528,2026-07-27,SZ300014,0.10355323218775084,EXP_CatBoostModel_Alpha158_csi300_custom_step0_s_20260727_14,a8a550abb5b84d6da2c8472a98921952,0.113,,,
3529,2026-07-27,SZ003816,-0.0009433970053519567,EXP_CatBoostModel_Alpha158_csi300_custom_step0_s_20260727_14,a8a550abb5b84d6da2c8472a98921952,0.113,,,
3530,2026-07-27,SZ002938,-0.044872140501765266,EXP_CatBoostModel_Alpha158_csi300_custom_step0_s_20260727_14,a8a550abb5b84d6da2c8472a98921952,0.113,,,
3531,2026-07-27,SZ002920,-0.04262185142581854,EXP_CatBoostModel_Alpha158_csi300_custom_step0_s_20260727_14,a8a550abb5b84d6da2c8472a98921952,0.113,,,
3532,2026-07-27,SZ002916,0.058848110724669896,EXP_CatBoostModel_Alpha158_csi300_custom_step0_s_20260727_14,a8a550abb5b84d6da2c8472a98921952,0.113,,,
3533,2026-07-27,SZ002837,-0.04454022070170846,EXP_CatBoostModel_Alpha158_csi300_custom_step0_s_20260727_14,a8a550abb5b84d6da2c8472a98921952,0.113,,,
3534,2026-07-27,SZ002736,0.017556722934522723,EXP_CatBoostModel_Alpha158_csi300_custom_step0_s_20260727_14,a8a550abb5b84d6da2c8472a98921952,0.113,,,
3535,2026-07-27,SZ002714,-0.09606292214104889,EXP_CatBoostModel_Alpha158_csi300_custom_step0_s_20260727_14,a8a550abb5b84d6da2c8472a98921952,0.113,,,
3536,2026-07-27,SZ300015,-0.08708408421183594,EXP_CatBoostModel_Alpha158_csi300_custom_step0_s_20260727_14,a8a550abb5b84d6da2c8472a98921952,0.113,,,
3537,2026-07-27,SZ300413,-0.09079780500487879,EXP_CatBoostModel_Alpha158_csi300_custom_step0_s_20260727_14,a8a550abb5b84d6da2c8472a98921952,0.113,,,
3538,2026-07-27,SZ300418,0.04617694107912081,EXP_CatBoostModel_Alpha158_csi300_custom_step0_s_20260727_14,a8a550abb5b84d6da2c8472a98921952,0.113,,,
3539,2026-07-27,SZ300433,0.1619832432500731,EXP_CatBoostModel_Alpha158_csi300_custom_step0_s_20260727_14,a8a550abb5b84d6da2c8472a98921952,0.113,,,
3540,2026-07-27,SZ302132,-0.0945415916177108,EXP_CatBoostModel_Alpha158_csi300_custom_step0_s_20260727_14,a8a550abb5b84d6da2c8472a98921952,0.113,,,
3541,2026-07-27,SZ301308,0.585876242815443,EXP_CatBoostModel_Alpha158_csi300_custom_step0_s_20260727_14,a8a550abb5b84d6da2c8472a98921952,0.113,,,
3542,2026-07-27,SZ301269,0.03309571619035022,EXP_CatBoostModel_Alpha158_csi300_custom_step0_s_20260727_14,a8a550abb5b84d6da2c8472a98921952,0.113,,,
3543,2026-07-27,SZ301236,-0.06058455284077627,EXP_CatBoostModel_Alpha158_csi300_custom_step0_s_20260727_14,a8a550abb5b84d6da2c8472a98921952,0.113,,,
3544,2026-07-27,SZ301165,-1.080437255993426,EXP_CatBoostModel_Alpha158_csi300_custom_step0_s_20260727_14,a8a550abb5b84d6da2c8472a98921952,0.113,,,
3545,2026-07-27,SZ300999,-0.024398924715968478,EXP_CatBoostModel_Alpha158_csi300_custom_step0_s_20260727_14,a8a550abb5b84d6da2c8472a98921952,0.113,,,
3546,2026-07-27,SZ300896,-0.12003326344569766,EXP_CatBoostModel_Alpha158_csi300_custom_step0_s_20260727_14,a8a550abb5b84d6da2c8472a98921952,0.113,,,
3547,2026-07-27,SZ300866,-0.08570908250601753,EXP_CatBoostModel_Alpha158_csi300_custom_step0_s_20260727_14,a8a550abb5b84d6da2c8472a98921952,0.113,,,
3548,2026-07-27,SZ300832,-0.008147435104875636,EXP_CatBoostModel_Alpha158_csi300_custom_step0_s_20260727_14,a8a550abb5b84d6da2c8472a98921952,0.113,,,
3549,2026-07-27,SZ300803,-0.03952496605248154,EXP_CatBoostModel_Alpha158_csi300_custom_step0_s_20260727_14,a8a550abb5b84d6da2c8472a98921952,0.113,,,
3550,2026-07-27,SZ300760,-0.06381163686726764,EXP_CatBoostModel_Alpha158_csi300_custom_step0_s_20260727_14,a8a550abb5b84d6da2c8472a98921952,0.113,,,
3551,2026-07-27,SZ300750,-0.05936087210068323,EXP_CatBoostModel_Alpha158_csi300_custom_step0_s_20260727_14,a8a550abb5b84d6da2c8472a98921952,0.113,,,
3552,2026-07-27,SZ300661,0.09647900272419577,EXP_CatBoostModel_Alpha158_csi300_custom_step0_s_20260727_14,a8a550abb5b84d6da2c8472a98921952,0.113,,,
3553,2026-07-27,SZ300628,-0.03659534420950594,EXP_CatBoostModel_Alpha158_csi300_custom_step0_s_20260727_14,a8a550abb5b84d6da2c8472a98921952,0.113,,,
3554,2026-07-27,SZ300502,-0.014955163653643919,EXP_CatBoostModel_Alpha158_csi300_custom_step0_s_20260727_14,a8a550abb5b84d6da2c8472a98921952,0.113,,,
3555,2026-07-27,SZ300498,-0.0402370423992828,EXP_CatBoostModel_Alpha158_csi300_custom_step0_s_20260727_14,a8a550abb5b84d6da2c8472a98921952,0.113,,,
3556,2026-07-27,SZ300476,0.2146847262084409,EXP_CatBoostModel_Alpha158_csi300_custom_step0_s_20260727_14,a8a550abb5b84d6da2c8472a98921952,0.113,,,
3557,2026-07-27,SZ300450,0.08060716882198321,EXP_CatBoostModel_Alpha158_csi300_custom_step0_s_20260727_14,a8a550abb5b84d6da2c8472a98921952,0.113,,,
3558,2026-07-27,SZ300442,-0.007848274945043957,EXP_CatBoostModel_Alpha158_csi300_custom_step0_s_20260727_14,a8a550abb5b84d6da2c8472a98921952,0.113,,,
3559,2026-07-27,SZ002648,-0.09043483366359742,EXP_CatBoostModel_Alpha158_csi300_custom_step0_s_20260727_14,a8a550abb5b84d6da2c8472a98921952,0.113,,,
3560,2026-07-27,SH601360,-0.05308766727225374,EXP_CatBoostModel_Alpha158_csi300_custom_step0_s_20260727_14,6a0f6078febb4676baa4ca99a7ee636f,0.061,,,
3561,2026-07-27,SH601336,-0.060775472831544226,EXP_CatBoostModel_Alpha158_csi300_custom_step0_s_20260727_14,6a0f6078febb4676baa4ca99a7ee636f,0.061,,,
3562,2026-07-27,SH601328,0.028637283894095762,EXP_CatBoostModel_Alpha158_csi300_custom_step0_s_20260727_14,6a0f6078febb4676baa4ca99a7ee636f,0.061,,,
3563,2026-07-27,SZ002353,0.058400127146707025,EXP_CatBoostModel_Alpha158_csi300_custom_step0_s_20260727_14,4ad1c42903e34a9bb230e237b09ee47e,0.043,,,
3564,2026-07-27,SZ002352,0.029691018350752628,EXP_CatBoostModel_Alpha158_csi300_custom_step0_s_20260727_14,4ad1c42903e34a9bb230e237b09ee47e,0.043,,,
3565,2026-07-27,SZ002311,0.019555225494772423,EXP_CatBoostModel_Alpha158_csi300_custom_step0_s_20260727_14,4ad1c42903e34a9bb230e237b09ee47e,0.043,,,
3566,2026-07-27,SZ002304,-0.015091470533979532,EXP_CatBoostModel_Alpha158_csi300_custom_step0_s_20260727_14,4ad1c42903e34a9bb230e237b09ee47e,0.043,,,
3567,2026-07-27,SZ002241,-0.07571027867748632,EXP_CatBoostModel_Alpha158_csi300_custom_step0_s_20260727_14,4ad1c42903e34a9bb230e237b09ee47e,0.043,,,
3568,2026-07-27,SZ002236,0.022123172710195448,EXP_CatBoostModel_Alpha158_csi300_custom_step0_s_20260727_14,4ad1c42903e34a9bb230e237b09ee47e,0.043,,,
3569,2026-07-27,SZ002230,-0.06608235031198668,EXP_CatBoostModel_Alpha158_csi300_custom_step0_s_20260727_14,4ad1c42903e34a9bb230e237b09ee47e,0.043,,,
3570,2026-07-27,SZ002202,0.023092374153283794,EXP_CatBoostModel_Alpha158_csi300_custom_step0_s_20260727_14,4ad1c42903e34a9bb230e237b09ee47e,0.043,,,
3571,2026-07-27,SZ002371,-0.10952203889665996,EXP_CatBoostModel_Alpha158_csi300_custom_step0_s_20260727_14,4ad1c42903e34a9bb230e237b09ee47e,0.043,,,
3572,2026-07-27,SZ002179,0.01218252782628069,EXP_CatBoostModel_Alpha158_csi300_custom_step0_s_20260727_14,4ad1c42903e34a9bb230e237b09ee47e,0.043,,,
3573,2026-07-27,SZ002074,-0.024437024717384195,EXP_CatBoostModel_Alpha158_csi300_custom_step0_s_20260727_14,4ad1c42903e34a9bb230e237b09ee47e,0.043,,,
3574,2026-07-27,SZ002050,-0.03744078579775111,EXP_CatBoostModel_Alpha158_csi300_custom_step0_s_20260727_14,4ad1c42903e34a9bb230e237b09ee47e,0.043,,,
3575,2026-07-27,SZ002049,-0.021884630546725403,EXP_CatBoostModel_Alpha158_csi300_custom_step0_s_20260727_14,4ad1c42903e34a9bb230e237b09ee47e,0.043,,,
3576,2026-07-27,SZ002028,-0.03962059680251728,EXP_CatBoostModel_Alpha158_csi300_custom_step0_s_20260727_14,4ad1c42903e34a9bb230e237b09ee47e,0.043,,,
3577,2026-07-27,SZ002027,0.001716911636755129,EXP_CatBoostModel_Alpha158_csi300_custom_step0_s_20260727_14,4ad1c42903e34a9bb230e237b09ee47e,0.043,,,
3578,2026-07-27,SZ002001,-0.02386822839983469,EXP_CatBoostModel_Alpha158_csi300_custom_step0_s_20260727_14,4ad1c42903e34a9bb230e237b09ee47e,0.043,,,
3579,2026-07-27,SZ001979,0.011639623440021528,EXP_CatBoostModel_Alpha158_csi300_custom_step0_s_20260727_14,4ad1c42903e34a9bb230e237b09ee47e,0.043,,,
3580,2026-07-27,SZ001965,0.0511946440456682,EXP_CatBoostModel_Alpha158_csi300_custom_step0_s_20260727_14,4ad1c42903e34a9bb230e237b09ee47e,0.043,,,
3581,2026-07-27,SZ002142,0.006387637850306054,EXP_CatBoostModel_Alpha158_csi300_custom_step0_s_20260727_14,4ad1c42903e34a9bb230e237b09ee47e,0.043,,,
3582,2026-07-27,SZ001391,0.006771761908999066,EXP_CatBoostModel_Alpha158_csi300_custom_step0_s_20260727_14,4ad1c42903e34a9bb230e237b09ee47e,0.043,,,
3583,2026-07-27,SZ002384,0.2161107302868819,EXP_CatBoostModel_Alpha158_csi300_custom_step0_s_20260727_14,4ad1c42903e34a9bb230e237b09ee47e,0.043,,,
3584,2026-07-27,SZ002422,-0.03256023630990473,EXP_CatBoostModel_Alpha158_csi300_custom_step0_s_20260727_14,4ad1c42903e34a9bb230e237b09ee47e,0.043,,,
3585,2026-07-27,SZ002920,-0.013195091672425495,EXP_CatBoostModel_Alpha158_csi300_custom_step0_s_20260727_14,4ad1c42903e34a9bb230e237b09ee47e,0.043,,,
3586,2026-07-27,SZ002916,0.03551884155031141,EXP_CatBoostModel_Alpha158_csi300_custom_step0_s_20260727_14,4ad1c42903e34a9bb230e237b09ee47e,0.043,,,
3587,2026-07-27,SZ002837,-0.042455538298548465,EXP_CatBoostModel_Alpha158_csi300_custom_step0_s_20260727_14,4ad1c42903e34a9bb230e237b09ee47e,0.043,,,
3588,2026-07-27,SZ002736,0.022556107076617222,EXP_CatBoostModel_Alpha158_csi300_custom_step0_s_20260727_14,4ad1c42903e34a9bb230e237b09ee47e,0.043,,,
3589,2026-07-27,SZ002714,-0.03300289108196799,EXP_CatBoostModel_Alpha158_csi300_custom_step0_s_20260727_14,4ad1c42903e34a9bb230e237b09ee47e,0.043,,,
3590,2026-07-27,SZ002709,0.06058018891646295,EXP_CatBoostModel_Alpha158_csi300_custom_step0_s_20260727_14,4ad1c42903e34a9bb230e237b09ee47e,0.043,,,
3591,2026-07-27,SZ002648,-0.0578542633474712,EXP_CatBoostModel_Alpha158_csi300_custom_step0_s_20260727_14,4ad1c42903e34a9bb230e237b09ee47e,0.043,,,
3592,2026-07-27,SZ002625,-0.014943759040855436,EXP_CatBoostModel_Alpha158_csi300_custom_step0_s_20260727_14,4ad1c42903e34a9bb230e237b09ee47e,0.043,,,
3593,2026-07-27,SZ002415,-0.1299853986679776,EXP_CatBoostModel_Alpha158_csi300_custom_step0_s_20260727_14,4ad1c42903e34a9bb230e237b09ee47e,0.043,,,
3594,2026-07-27,SZ002602,-0.05705630445654404,EXP_CatBoostModel_Alpha158_csi300_custom_step0_s_20260727_14,4ad1c42903e34a9bb230e237b09ee47e,0.043,,,
3595,2026-07-27,SZ002594,-0.021284667973876677,EXP_CatBoostModel_Alpha158_csi300_custom_step0_s_20260727_14,4ad1c42903e34a9bb230e237b09ee47e,0.043,,,
3596,2026-07-27,SZ002558,-0.1980029633047097,EXP_CatBoostModel_Alpha158_csi300_custom_step0_s_20260727_14,4ad1c42903e34a9bb230e237b09ee47e,0.043,,,
3597,2026-07-27,SZ002532,-0.043888828476720945,EXP_CatBoostModel_Alpha158_csi300_custom_step0_s_20260727_14,4ad1c42903e34a9bb230e237b09ee47e,0.043,,,
3598,2026-07-27,SZ002493,-0.06948286324536275,EXP_CatBoostModel_Alpha158_csi300_custom_step0_s_20260727_14,4ad1c42903e34a9bb230e237b09ee47e,0.043,,,
3599,2026-07-27,SZ002475,-0.07452503109331482,EXP_CatBoostModel_Alpha158_csi300_custom_step0_s_20260727_14,4ad1c42903e34a9bb230e237b09ee47e,0.043,,,
3600,2026-07-27,SZ002466,0.023657889539028178,EXP_CatBoostModel_Alpha158_csi300_custom_step0_s_20260727_14,4ad1c42903e34a9bb230e237b09ee47e,0.043,,,
3601,2026-07-27,SZ002463,-0.017947471354739807,EXP_CatBoostModel_Alpha158_csi300_custom_step0_s_20260727_14,4ad1c42903e34a9bb230e237b09ee47e,0.043,,,
3602,2026-07-27,SZ002460,0.06645133447996189,EXP_CatBoostModel_Alpha158_csi300_custom_step0_s_20260727_14,4ad1c42903e34a9bb230e237b09ee47e,0.043,,,
3603,2026-07-27,SZ002600,-0.011473166938888812,EXP_CatBoostModel_Alpha158_csi300_custom_step0_s_20260727_14,4ad1c42903e34a9bb230e237b09ee47e,0.043,,,
3604,2026-07-27,SZ001280,-0.011440929946067494,EXP_CatBoostModel_Alpha158_csi300_custom_step0_s_20260727_14,4ad1c42903e34a9bb230e237b09ee47e,0.043,,,
3605,2026-07-27,SZ000999,0.02091441096824282,EXP_CatBoostModel_Alpha158_csi300_custom_step0_s_20260727_14,4ad1c42903e34a9bb230e237b09ee47e,0.043,,,
3606,2026-07-27,SZ000988,0.009115755215866638,EXP_CatBoostModel_Alpha158_csi300_custom_step0_s_20260727_14,4ad1c42903e34a9bb230e237b09ee47e,0.043,,,
3607,2026-07-27,SZ000333,0.04263556667955659,EXP_CatBoostModel_Alpha158_csi300_custom_step0_s_20260727_14,4ad1c42903e34a9bb230e237b09ee47e,0.043,,,
3608,2026-07-27,SZ000301,-0.061074302559907236,EXP_CatBoostModel_Alpha158_csi300_custom_step0_s_20260727_14,4ad1c42903e34a9bb230e237b09ee47e,0.043,,,
3609,2026-07-27,SZ000166,0.04208442429380172,EXP_CatBoostModel_Alpha158_csi300_custom_step0_s_20260727_14,4ad1c42903e34a9bb230e237b09ee47e,0.043,,,
3610,2026-07-27,SZ000157,0.0005852666249186574,EXP_CatBoostModel_Alpha158_csi300_custom_step0_s_20260727_14,4ad1c42903e34a9bb230e237b09ee47e,0.043,,,
3611,2026-07-27,SZ000100,-0.09203627761543247,EXP_CatBoostModel_Alpha158_csi300_custom_step0_s_20260727_14,4ad1c42903e34a9bb230e237b09ee47e,0.043,,,
3612,2026-07-27,SZ000063,-0.09532290088412362,EXP_CatBoostModel_Alpha158_csi300_custom_step0_s_20260727_14,4ad1c42903e34a9bb230e237b09ee47e,0.043,,,
3613,2026-07-27,SZ000002,-0.009284863168101093,EXP_CatBoostModel_Alpha158_csi300_custom_step0_s_20260727_14,4ad1c42903e34a9bb230e237b09ee47e,0.043,,,
3614,2026-07-27,SZ000001,0.039425044951264386,EXP_CatBoostModel_Alpha158_csi300_custom_step0_s_20260727_14,4ad1c42903e34a9bb230e237b09ee47e,0.043,,,
3615,2026-07-27,SZ000338,-0.0789230491902937,EXP_CatBoostModel_Alpha158_csi300_custom_step0_s_20260727_14,4ad1c42903e34a9bb230e237b09ee47e,0.043,,,
3616,2026-07-27,SH688981,-0.09161169751101345,EXP_CatBoostModel_Alpha158_csi300_custom_step0_s_20260727_14,4ad1c42903e34a9bb230e237b09ee47e,0.043,,,
3617,2026-07-27,SH688506,0.01972388146203671,EXP_CatBoostModel_Alpha158_csi300_custom_step0_s_20260727_14,4ad1c42903e34a9bb230e237b09ee47e,0.043,,,
3618,2026-07-27,SH688472,0.004707630757734383,EXP_CatBoostModel_Alpha158_csi300_custom_step0_s_20260727_14,4ad1c42903e34a9bb230e237b09ee47e,0.043,,,
3619,2026-07-27,SH688396,-0.004109619027795813,EXP_CatBoostModel_Alpha158_csi300_custom_step0_s_20260727_14,4ad1c42903e34a9bb230e237b09ee47e,0.043,,,
3620,2026-07-27,SH688303,-0.03520647176338984,EXP_CatBoostModel_Alpha158_csi300_custom_step0_s_20260727_14,4ad1c42903e34a9bb230e237b09ee47e,0.043,,,
3621,2026-07-27,SH688271,-0.01170666087675952,EXP_CatBoostModel_Alpha158_csi300_custom_step0_s_20260727_14,4ad1c42903e34a9bb230e237b09ee47e,0.043,,,
3622,2026-07-27,SH688256,-0.09393789100247187,EXP_CatBoostModel_Alpha158_csi300_custom_step0_s_20260727_14,4ad1c42903e34a9bb230e237b09ee47e,0.043,,,
3623,2026-07-27,SH688223,0.0008374526465236376,EXP_CatBoostModel_Alpha158_csi300_custom_step0_s_20260727_14,4ad1c42903e34a9bb230e237b09ee47e,0.043,,,
3624,2026-07-27,SH688183,0.015934076848416457,EXP_CatBoostModel_Alpha158_csi300_custom_step0_s_20260727_14,4ad1c42903e34a9bb230e237b09ee47e,0.043,,,
3625,2026-07-27,SH688521,-0.026892071475143393,EXP_CatBoostModel_Alpha158_csi300_custom_step0_s_20260727_14,4ad1c42903e34a9bb230e237b09ee47e,0.043,,,
3626,2026-07-27,SZ000408,-0.02183421407543418,EXP_CatBoostModel_Alpha158_csi300_custom_step0_s_20260727_14,4ad1c42903e34a9bb230e237b09ee47e,0.043,,,
3627,2026-07-27,SZ000425,-0.0031645244588517363,EXP_CatBoostModel_Alpha158_csi300_custom_step0_s_20260727_14,4ad1c42903e34a9bb230e237b09ee47e,0.043,,,
3628,2026-07-27,SZ000538,0.01570196865835177,EXP_CatBoostModel_Alpha158_csi300_custom_step0_s_20260727_14,4ad1c42903e34a9bb230e237b09ee47e,0.043,,,
3629,2026-07-27,SZ000977,-0.05569325984330149,EXP_CatBoostModel_Alpha158_csi300_custom_step0_s_20260727_14,4ad1c42903e34a9bb230e237b09ee47e,0.043,,,
3630,2026-07-27,SZ000975,-0.13010539137996194,EXP_CatBoostModel_Alpha158_csi300_custom_step0_s_20260727_14,4ad1c42903e34a9bb230e237b09ee47e,0.043,,,
3631,2026-07-27,SZ000963,-0.009733891357993824,EXP_CatBoostModel_Alpha158_csi300_custom_step0_s_20260727_14,4ad1c42903e34a9bb230e237b09ee47e,0.043,,,
3632,2026-07-27,SZ000938,-0.17475777949006693,EXP_CatBoostModel_Alpha158_csi300_custom_step0_s_20260727_14,4ad1c42903e34a9bb230e237b09ee47e,0.043,,,
3633,2026-07-27,SZ000895,0.012786491820621883,EXP_CatBoostModel_Alpha158_csi300_custom_step0_s_20260727_14,4ad1c42903e34a9bb230e237b09ee47e,0.043,,,
3634,2026-07-27,SZ000858,-0.007785950619310354,EXP_CatBoostModel_Alpha158_csi300_custom_step0_s_20260727_14,4ad1c42903e34a9bb230e237b09ee47e,0.043,,,
3635,2026-07-27,SZ000807,-0.05985273245740312,EXP_CatBoostModel_Alpha158_csi300_custom_step0_s_20260727_14,4ad1c42903e34a9bb230e237b09ee47e,0.043,,,
3636,2026-07-27,SZ000792,0.009720450781948735,EXP_CatBoostModel_Alpha158_csi300_custom_step0_s_20260727_14,4ad1c42903e34a9bb230e237b09ee47e,0.043,,,
3637,2026-07-27,SZ000776,-0.09958265879103308,EXP_CatBoostModel_Alpha158_csi300_custom_step0_s_20260727_14,4ad1c42903e34a9bb230e237b09ee47e,0.043,,,
3638,2026-07-27,SZ000768,-0.029647654071343635,EXP_CatBoostModel_Alpha158_csi300_custom_step0_s_20260727_14,4ad1c42903e34a9bb230e237b09ee47e,0.043,,,
3639,2026-07-27,SZ000725,-0.031549438893076875,EXP_CatBoostModel_Alpha158_csi300_custom_step0_s_20260727_14,4ad1c42903e34a9bb230e237b09ee47e,0.043,,,
3640,2026-07-27,SZ000708,0.015432631193701654,EXP_CatBoostModel_Alpha158_csi300_custom_step0_s_20260727_14,4ad1c42903e34a9bb230e237b09ee47e,0.043,,,
3641,2026-07-27,SZ000657,0.10010341788847607,EXP_CatBoostModel_Alpha158_csi300_custom_step0_s_20260727_14,4ad1c42903e34a9bb230e237b09ee47e,0.043,,,
3642,2026-07-27,SZ000651,0.03029061074337456,EXP_CatBoostModel_Alpha158_csi300_custom_step0_s_20260727_14,4ad1c42903e34a9bb230e237b09ee47e,0.043,,,
3643,2026-07-27,SZ000630,-0.07401444362840849,EXP_CatBoostModel_Alpha158_csi300_custom_step0_s_20260727_14,4ad1c42903e34a9bb230e237b09ee47e,0.043,,,
3644,2026-07-27,SZ000625,-0.0004653855356783314,EXP_CatBoostModel_Alpha158_csi300_custom_step0_s_20260727_14,4ad1c42903e34a9bb230e237b09ee47e,0.043,,,
3645,2026-07-27,SZ000617,-0.060131371537609786,EXP_CatBoostModel_Alpha158_csi300_custom_step0_s_20260727_14,4ad1c42903e34a9bb230e237b09ee47e,0.043,,,
3646,2026-07-27,SZ000596,-0.002283214062308344,EXP_CatBoostModel_Alpha158_csi300_custom_step0_s_20260727_14,4ad1c42903e34a9bb230e237b09ee47e,0.043,,,
3647,2026-07-27,SZ000568,0.0012559834626539078,EXP_CatBoostModel_Alpha158_csi300_custom_step0_s_20260727_14,4ad1c42903e34a9bb230e237b09ee47e,0.043,,,
3648,2026-07-27,SZ002938,-0.01826517725211795,EXP_CatBoostModel_Alpha158_csi300_custom_step0_s_20260727_14,4ad1c42903e34a9bb230e237b09ee47e,0.043,,,
3649,2026-07-27,SH688126,-0.0386583104512011,EXP_CatBoostModel_Alpha158_csi300_custom_step0_s_20260727_14,4ad1c42903e34a9bb230e237b09ee47e,0.043,,,
3650,2026-07-27,SZ003816,0.021267988042837624,EXP_CatBoostModel_Alpha158_csi300_custom_step0_s_20260727_14,4ad1c42903e34a9bb230e237b09ee47e,0.043,,,
3651,2026-07-27,SZ300015,-0.012679656461751333,EXP_CatBoostModel_Alpha158_csi300_custom_step0_s_20260727_14,4ad1c42903e34a9bb230e237b09ee47e,0.043,,,
3652,2026-07-27,SH600176,0.2947538101992393,EXP_CatBoostModel_Alpha158_csi300_custom_step0_s_20260727_14,b50773b62fd4473a8c325626d963c724,0.048,,,
3653,2026-07-27,SH600160,-0.020537129169180077,EXP_CatBoostModel_Alpha158_csi300_custom_step0_s_20260727_14,b50773b62fd4473a8c325626d963c724,0.048,,,
3654,2026-07-27,SH600150,-0.024636896604911213,EXP_CatBoostModel_Alpha158_csi300_custom_step0_s_20260727_14,b50773b62fd4473a8c325626d963c724,0.048,,,
3655,2026-07-27,SH600118,0.0018772328392008596,EXP_CatBoostModel_Alpha158_csi300_custom_step0_s_20260727_14,b50773b62fd4473a8c325626d963c724,0.048,,,
3656,2026-07-27,SH600115,-0.008372689377495223,EXP_CatBoostModel_Alpha158_csi300_custom_step0_s_20260727_14,b50773b62fd4473a8c325626d963c724,0.048,,,
3657,2026-07-27,SH600111,0.023216348423888387,EXP_CatBoostModel_Alpha158_csi300_custom_step0_s_20260727_14,b50773b62fd4473a8c325626d963c724,0.048,,,
3658,2026-07-27,SH600104,0.002308795457342193,EXP_CatBoostModel_Alpha158_csi300_custom_step0_s_20260727_14,b50773b62fd4473a8c325626d963c724,0.048,,,
3659,2026-07-27,SH600089,-0.041579028490916776,EXP_CatBoostModel_Alpha158_csi300_custom_step0_s_20260727_14,b50773b62fd4473a8c325626d963c724,0.048,,,
3660,2026-07-27,SH600183,0.10128870505018239,EXP_CatBoostModel_Alpha158_csi300_custom_step0_s_20260727_14,b50773b62fd4473a8c325626d963c724,0.048,,,
3661,2026-07-27,SH600085,-0.01196310964273093,EXP_CatBoostModel_Alpha158_csi300_custom_step0_s_20260727_14,b50773b62fd4473a8c325626d963c724,0.048,,,
3662,2026-07-27,SH600061,0.015398149393793551,EXP_CatBoostModel_Alpha158_csi300_custom_step0_s_20260727_14,b50773b62fd4473a8c325626d963c724,0.048,,,
3663,2026-07-27,SH600050,0.009456833377466145,EXP_CatBoostModel_Alpha158_csi300_custom_step0_s_20260727_14,b50773b62fd4473a8c325626d963c724,0.048,,,
3664,2026-07-27,SH600048,-0.005750323491920187,EXP_CatBoostModel_Alpha158_csi300_custom_step0_s_20260727_14,b50773b62fd4473a8c325626d963c724,0.048,,,
3665,2026-07-27,SH600039,0.01732388018090335,EXP_CatBoostModel_Alpha158_csi300_custom_step0_s_20260727_14,b50773b62fd4473a8c325626d963c724,0.048,,,
3666,2026-07-27,SH600036,0.018915284133698203,EXP_CatBoostModel_Alpha158_csi300_custom_step0_s_20260727_14,b50773b62fd4473a8c325626d963c724,0.048,,,
3667,2026-07-27,SH600031,0.008154557674419603,EXP_CatBoostModel_Alpha158_csi300_custom_step0_s_20260727_14,b50773b62fd4473a8c325626d963c724,0.048,,,
3668,2026-07-27,SH600030,0.0014725761708940931,EXP_CatBoostModel_Alpha158_csi300_custom_step0_s_20260727_14,b50773b62fd4473a8c325626d963c724,0.048,,,
3669,2026-07-27,SH600029,0.006267608369830977,EXP_CatBoostModel_Alpha158_csi300_custom_step0_s_20260727_14,b50773b62fd4473a8c325626d963c724,0.048,,,
3670,2026-07-27,SH600066,-0.048573708137706416,EXP_CatBoostModel_Alpha158_csi300_custom_step0_s_20260727_14,b50773b62fd4473a8c325626d963c724,0.048,,,
3671,2026-07-27,SH600028,0.0014746050341139377,EXP_CatBoostModel_Alpha158_csi300_custom_step0_s_20260727_14,b50773b62fd4473a8c325626d963c724,0.048,,,
3672,2026-07-27,SH600188,-0.028583960240960563,EXP_CatBoostModel_Alpha158_csi300_custom_step0_s_20260727_14,b50773b62fd4473a8c325626d963c724,0.048,,,
3673,2026-07-27,SH600219,-0.06255512832169507,EXP_CatBoostModel_Alpha158_csi300_custom_step0_s_20260727_14,b50773b62fd4473a8c325626d963c724,0.048,,,
3674,2026-07-27,SH600522,-0.005503426953613481,EXP_CatBoostModel_Alpha158_csi300_custom_step0_s_20260727_14,b50773b62fd4473a8c325626d963c724,0.048,,,
3675,2026-07-27,SH600519,0.0029055839588617476,EXP_CatBoostModel_Alpha158_csi300_custom_step0_s_20260727_14,b50773b62fd4473a8c325626d963c724,0.048,,,
3676,2026-07-27,SH600515,0.009602108648553377,EXP_CatBoostModel_Alpha158_csi300_custom_step0_s_20260727_14,b50773b62fd4473a8c325626d963c724,0.048,,,
3677,2026-07-27,SH600489,-0.045877125557800096,EXP_CatBoostModel_Alpha158_csi300_custom_step0_s_20260727_14,b50773b62fd4473a8c325626d963c724,0.048,,,
3678,2026-07-27,SH600482,-0.07007327568206766,EXP_CatBoostModel_Alpha158_csi300_custom_step0_s_20260727_14,b50773b62fd4473a8c325626d963c724,0.048,,,
3679,2026-07-27,SH600460,0.03007909139352226,EXP_CatBoostModel_Alpha158_csi300_custom_step0_s_20260727_14,b50773b62fd4473a8c325626d963c724,0.048,,,
3680,2026-07-27,SH600438,0.012035026922310088,EXP_CatBoostModel_Alpha158_csi300_custom_step0_s_20260727_14,b50773b62fd4473a8c325626d963c724,0.048,,,
3681,2026-07-27,SH600436,-0.018822730671056605,EXP_CatBoostModel_Alpha158_csi300_custom_step0_s_20260727_14,b50773b62fd4473a8c325626d963c724,0.048,,,
3682,2026-07-27,SH600196,-0.021704700935943375,EXP_CatBoostModel_Alpha158_csi300_custom_step0_s_20260727_14,b50773b62fd4473a8c325626d963c724,0.048,,,
3683,2026-07-27,SH600426,-0.05853949329475095,EXP_CatBoostModel_Alpha158_csi300_custom_step0_s_20260727_14,b50773b62fd4473a8c325626d963c724,0.048,,,
3684,2026-07-27,SH600406,-0.01124706697923917,EXP_CatBoostModel_Alpha158_csi300_custom_step0_s_20260727_14,b50773b62fd4473a8c325626d963c724,0.048,,,
3685,2026-07-27,SH600372,0.02504976803373914,EXP_CatBoostModel_Alpha158_csi300_custom_step0_s_20260727_14,b50773b62fd4473a8c325626d963c724,0.048,,,
3686,2026-07-27,SH600362,-0.08756921472605551,EXP_CatBoostModel_Alpha158_csi300_custom_step0_s_20260727_14,b50773b62fd4473a8c325626d963c724,0.048,,,
3687,2026-07-27,SH600346,-0.05719310356344153,EXP_CatBoostModel_Alpha158_csi300_custom_step0_s_20260727_14,b50773b62fd4473a8c325626d963c724,0.048,,,
3688,2026-07-27,SH600309,-0.04369618717925964,EXP_CatBoostModel_Alpha158_csi300_custom_step0_s_20260727_14,b50773b62fd4473a8c325626d963c724,0.048,,,
3689,2026-07-27,SH600276,-0.015413130756712369,EXP_CatBoostModel_Alpha158_csi300_custom_step0_s_20260727_14,b50773b62fd4473a8c325626d963c724,0.048,,,
3690,2026-07-27,SH600233,-0.051320727943710384,EXP_CatBoostModel_Alpha158_csi300_custom_step0_s_20260727_14,b50773b62fd4473a8c325626d963c724,0.048,,,
3691,2026-07-27,SH600221,0.013201755833661287,EXP_CatBoostModel_Alpha158_csi300_custom_step0_s_20260727_14,b50773b62fd4473a8c325626d963c724,0.048,,,
3692,2026-07-27,SH600415,-0.015148227470722598,EXP_CatBoostModel_Alpha158_csi300_custom_step0_s_20260727_14,b50773b62fd4473a8c325626d963c724,0.048,,,
3693,2026-07-27,SH600027,-4.3116991308133506e-05,EXP_CatBoostModel_Alpha158_csi300_custom_step0_s_20260727_14,b50773b62fd4473a8c325626d963c724,0.048,,,
3694,2026-07-27,SH600026,-0.045317448648287184,EXP_CatBoostModel_Alpha158_csi300_custom_step0_s_20260727_14,b50773b62fd4473a8c325626d963c724,0.048,,,
3695,2026-07-27,SH600025,0.02461756318842479,EXP_CatBoostModel_Alpha158_csi300_custom_step0_s_20260727_14,b50773b62fd4473a8c325626d963c724,0.048,,,
3696,2026-07-27,SZ300502,-0.04193038144989905,EXP_CatBoostModel_Alpha158_csi300_custom_step0_s_20260727_14,4ad1c42903e34a9bb230e237b09ee47e,0.043,,,
3697,2026-07-27,SZ300498,-0.008007349778869537,EXP_CatBoostModel_Alpha158_csi300_custom_step0_s_20260727_14,4ad1c42903e34a9bb230e237b09ee47e,0.043,,,
3698,2026-07-27,SZ300476,0.07860760491577526,EXP_CatBoostModel_Alpha158_csi300_custom_step0_s_20260727_14,4ad1c42903e34a9bb230e237b09ee47e,0.043,,,
3699,2026-07-27,SZ300450,0.09780510356032569,EXP_CatBoostModel_Alpha158_csi300_custom_step0_s_20260727_14,4ad1c42903e34a9bb230e237b09ee47e,0.043,,,
3700,2026-07-27,SZ300442,-0.046045768068257734,EXP_CatBoostModel_Alpha158_csi300_custom_step0_s_20260727_14,4ad1c42903e34a9bb230e237b09ee47e,0.043,,,
3701,2026-07-27,SZ300433,0.0910934340022974,EXP_CatBoostModel_Alpha158_csi300_custom_step0_s_20260727_14,4ad1c42903e34a9bb230e237b09ee47e,0.043,,,
3702,2026-07-27,SZ300418,-0.12475821450940151,EXP_CatBoostModel_Alpha158_csi300_custom_step0_s_20260727_14,4ad1c42903e34a9bb230e237b09ee47e,0.043,,,
3703,2026-07-27,SZ300413,-0.028694887154805348,EXP_CatBoostModel_Alpha158_csi300_custom_step0_s_20260727_14,4ad1c42903e34a9bb230e237b09ee47e,0.043,,,
3704,2026-07-27,SZ300628,-0.012351258454877556,EXP_CatBoostModel_Alpha158_csi300_custom_step0_s_20260727_14,4ad1c42903e34a9bb230e237b09ee47e,0.043,,,
3705,2026-07-27,SZ300408,0.03167940740952032,EXP_CatBoostModel_Alpha158_csi300_custom_step0_s_20260727_14,4ad1c42903e34a9bb230e237b09ee47e,0.043,,,
3706,2026-07-27,SZ300316,0.023700725056998165,EXP_CatBoostModel_Alpha158_csi300_custom_step0_s_20260727_14,4ad1c42903e34a9bb230e237b09ee47e,0.043,,,
3707,2026-07-27,SZ300308,-0.0795239508409978,EXP_CatBoostModel_Alpha158_csi300_custom_step0_s_20260727_14,4ad1c42903e34a9bb230e237b09ee47e,0.043,,,
3708,2026-07-27,SZ300274,0.041105648391788006,EXP_CatBoostModel_Alpha158_csi300_custom_step0_s_20260727_14,4ad1c42903e34a9bb230e237b09ee47e,0.043,,,
3709,2026-07-27,SZ300251,-0.0297154101303376,EXP_CatBoostModel_Alpha158_csi300_custom_step0_s_20260727_14,4ad1c42903e34a9bb230e237b09ee47e,0.043,,,
3710,2026-07-27,SZ300124,-0.025391600286041306,EXP_CatBoostModel_Alpha158_csi300_custom_step0_s_20260727_14,4ad1c42903e34a9bb230e237b09ee47e,0.043,,,
3711,2026-07-27,SZ300122,-0.05931408509293193,EXP_CatBoostModel_Alpha158_csi300_custom_step0_s_20260727_14,4ad1c42903e34a9bb230e237b09ee47e,0.043,,,
3712,2026-07-27,SZ300059,-0.05198331681004308,EXP_CatBoostModel_Alpha158_csi300_custom_step0_s_20260727_14,4ad1c42903e34a9bb230e237b09ee47e,0.043,,,
3713,2026-07-27,SZ300033,-0.07142693758975512,EXP_CatBoostModel_Alpha158_csi300_custom_step0_s_20260727_14,4ad1c42903e34a9bb230e237b09ee47e,0.043,,,
3714,2026-07-27,SZ300394,0.014190248213782695,EXP_CatBoostModel_Alpha158_csi300_custom_step0_s_20260727_14,4ad1c42903e34a9bb230e237b09ee47e,0.043,,,
3715,2026-07-27,SZ300661,0.006488878269079434,EXP_CatBoostModel_Alpha158_csi300_custom_step0_s_20260727_14,4ad1c42903e34a9bb230e237b09ee47e,0.043,,,
3716,2026-07-27,SZ300750,-0.0059935470891444576,EXP_CatBoostModel_Alpha158_csi300_custom_step0_s_20260727_14,4ad1c42903e34a9bb230e237b09ee47e,0.043,,,
3717,2026-07-27,SZ300760,-0.013947337112985084,EXP_CatBoostModel_Alpha158_csi300_custom_step0_s_20260727_14,4ad1c42903e34a9bb230e237b09ee47e,0.043,,,
3718,2026-07-27,SH600023,-0.0021251379821123372,EXP_CatBoostModel_Alpha158_csi300_custom_step0_s_20260727_14,b50773b62fd4473a8c325626d963c724,0.048,,,
3719,2026-07-27,SH600019,0.013672831318728136,EXP_CatBoostModel_Alpha158_csi300_custom_step0_s_20260727_14,b50773b62fd4473a8c325626d963c724,0.048,,,
3720,2026-07-27,SH600018,0.02565553707884689,EXP_CatBoostModel_Alpha158_csi300_custom_step0_s_20260727_14,b50773b62fd4473a8c325626d963c724,0.048,,,
3721,2026-07-27,SH600016,0.020437899937579416,EXP_CatBoostModel_Alpha158_csi300_custom_step0_s_20260727_14,b50773b62fd4473a8c325626d963c724,0.048,,,
3722,2026-07-27,SH600015,0.027067846106205884,EXP_CatBoostModel_Alpha158_csi300_custom_step0_s_20260727_14,b50773b62fd4473a8c325626d963c724,0.048,,,
3723,2026-07-27,SH600011,-0.020767454133976803,EXP_CatBoostModel_Alpha158_csi300_custom_step0_s_20260727_14,b50773b62fd4473a8c325626d963c724,0.048,,,
3724,2026-07-27,SH600010,-0.025377088254448954,EXP_CatBoostModel_Alpha158_csi300_custom_step0_s_20260727_14,b50773b62fd4473a8c325626d963c724,0.048,,,
3725,2026-07-27,SH600009,0.010398522632528379,EXP_CatBoostModel_Alpha158_csi300_custom_step0_s_20260727_14,b50773b62fd4473a8c325626d963c724,0.048,,,
3726,2026-07-27,SH600000,0.022526037377402882,EXP_CatBoostModel_Alpha158_csi300_custom_step0_s_20260727_14,b50773b62fd4473a8c325626d963c724,0.048,,,
3727,2026-07-27,SZ302132,-0.05508651778995432,EXP_CatBoostModel_Alpha158_csi300_custom_step0_s_20260727_14,4ad1c42903e34a9bb230e237b09ee47e,0.043,,,
3728,2026-07-27,SZ301308,0.01980604344318031,EXP_CatBoostModel_Alpha158_csi300_custom_step0_s_20260727_14,4ad1c42903e34a9bb230e237b09ee47e,0.043,,,
3729,2026-07-27,SZ301269,-0.053816959882546984,EXP_CatBoostModel_Alpha158_csi300_custom_step0_s_20260727_14,4ad1c42903e34a9bb230e237b09ee47e,0.043,,,
3730,2026-07-27,SZ301236,-0.1066552512603948,EXP_CatBoostModel_Alpha158_csi300_custom_step0_s_20260727_14,4ad1c42903e34a9bb230e237b09ee47e,0.043,,,
3731,2026-07-27,SZ301165,-0.7950316321692164,EXP_CatBoostModel_Alpha158_csi300_custom_step0_s_20260727_14,4ad1c42903e34a9bb230e237b09ee47e,0.043,,,
3732,2026-07-27,SZ300999,0.00018467813979739517,EXP_CatBoostModel_Alpha158_csi300_custom_step0_s_20260727_14,4ad1c42903e34a9bb230e237b09ee47e,0.043,,,
3733,2026-07-27,SZ300896,0.0036174814750094585,EXP_CatBoostModel_Alpha158_csi300_custom_step0_s_20260727_14,4ad1c42903e34a9bb230e237b09ee47e,0.043,,,
3734,2026-07-27,SZ300866,-0.0785011413888441,EXP_CatBoostModel_Alpha158_csi300_custom_step0_s_20260727_14,4ad1c42903e34a9bb230e237b09ee47e,0.043,,,
3735,2026-07-27,SZ300832,0.01392160594784805,EXP_CatBoostModel_Alpha158_csi300_custom_step0_s_20260727_14,4ad1c42903e34a9bb230e237b09ee47e,0.043,,,
3736,2026-07-27,SZ300803,-0.0273017641740398,EXP_CatBoostModel_Alpha158_csi300_custom_step0_s_20260727_14,4ad1c42903e34a9bb230e237b09ee47e,0.043,,,
3737,2026-07-27,SZ300014,0.00902010756434876,EXP_CatBoostModel_Alpha158_csi300_custom_step0_s_20260727_14,4ad1c42903e34a9bb230e237b09ee47e,0.043,,,
3738,2026-07-27,SH600547,-0.053035243018540575,EXP_CatBoostModel_Alpha158_csi300_custom_step0_s_20260727_14,b50773b62fd4473a8c325626d963c724,0.048,,,
3739,2026-07-27,SH688111,-0.06908626852192354,EXP_CatBoostModel_Alpha158_csi300_custom_step0_s_20260727_14,4ad1c42903e34a9bb230e237b09ee47e,0.043,,,
3740,2026-07-27,SH688072,-0.11935858476705469,EXP_CatBoostModel_Alpha158_csi300_custom_step0_s_20260727_14,4ad1c42903e34a9bb230e237b09ee47e,0.043,,,
3741,2026-07-27,SH600741,0.04765549917293331,EXP_CatBoostModel_Alpha158_csi300_custom_step0_s_20260727_14,4ad1c42903e34a9bb230e237b09ee47e,0.043,,,
3742,2026-07-27,SH600690,0.034758544509373206,EXP_CatBoostModel_Alpha158_csi300_custom_step0_s_20260727_14,4ad1c42903e34a9bb230e237b09ee47e,0.043,,,
3743,2026-07-27,SH600674,0.04799648429994209,EXP_CatBoostModel_Alpha158_csi300_custom_step0_s_20260727_14,4ad1c42903e34a9bb230e237b09ee47e,0.043,,,
3744,2026-07-27,SH600660,0.009601817596856776,EXP_CatBoostModel_Alpha158_csi300_custom_step0_s_20260727_14,4ad1c42903e34a9bb230e237b09ee47e,0.043,,,
3745,2026-07-27,SH600600,-0.011011751196335965,EXP_CatBoostModel_Alpha158_csi300_custom_step0_s_20260727_14,4ad1c42903e34a9bb230e237b09ee47e,0.043,,,
3746,2026-07-27,SH600588,-0.039368548291561896,EXP_CatBoostModel_Alpha158_csi300_custom_step0_s_20260727_14,4ad1c42903e34a9bb230e237b09ee47e,0.043,,,
3747,2026-07-27,SH600585,0.010223565217893485,EXP_CatBoostModel_Alpha158_csi300_custom_step0_s_20260727_14,4ad1c42903e34a9bb230e237b09ee47e,0.043,,,
3748,2026-07-27,SH600584,-0.026835967030529952,EXP_CatBoostModel_Alpha158_csi300_custom_step0_s_20260727_14,4ad1c42903e34a9bb230e237b09ee47e,0.043,,,
3749,2026-07-27,SH600760,-0.015198942393321802,EXP_CatBoostModel_Alpha158_csi300_custom_step0_s_20260727_14,4ad1c42903e34a9bb230e237b09ee47e,0.043,,,
3750,2026-07-27,SH600570,-0.01849570480856755,EXP_CatBoostModel_Alpha158_csi300_custom_step0_s_20260727_14,4ad1c42903e34a9bb230e237b09ee47e,0.043,,,
3751,2026-07-27,SH600547,-0.04823681838501937,EXP_CatBoostModel_Alpha158_csi300_custom_step0_s_20260727_14,4ad1c42903e34a9bb230e237b09ee47e,0.043,,,
3752,2026-07-27,SH600522,0.02742521903772991,EXP_CatBoostModel_Alpha158_csi300_custom_step0_s_20260727_14,4ad1c42903e34a9bb230e237b09ee47e,0.043,,,
3753,2026-07-27,SH600519,0.016360456516287324,EXP_CatBoostModel_Alpha158_csi300_custom_step0_s_20260727_14,4ad1c42903e34a9bb230e237b09ee47e,0.043,,,
3754,2026-07-27,SH600515,0.004070027326630427,EXP_CatBoostModel_Alpha158_csi300_custom_step0_s_20260727_14,4ad1c42903e34a9bb230e237b09ee47e,0.043,,,
3755,2026-07-27,SH600489,-0.024021826337364504,EXP_CatBoostModel_Alpha158_csi300_custom_step0_s_20260727_14,4ad1c42903e34a9bb230e237b09ee47e,0.043,,,
3756,2026-07-27,SH600482,-0.07239541569270488,EXP_CatBoostModel_Alpha158_csi300_custom_step0_s_20260727_14,4ad1c42903e34a9bb230e237b09ee47e,0.043,,,
3757,2026-07-27,SH600460,-0.008470773489982831,EXP_CatBoostModel_Alpha158_csi300_custom_step0_s_20260727_14,4ad1c42903e34a9bb230e237b09ee47e,0.043,,,
3758,2026-07-27,SH600438,0.008401631455215188,EXP_CatBoostModel_Alpha158_csi300_custom_step0_s_20260727_14,4ad1c42903e34a9bb230e237b09ee47e,0.043,,,
3759,2026-07-27,SH600549,0.09319063567074813,EXP_CatBoostModel_Alpha158_csi300_custom_step0_s_20260727_14,4ad1c42903e34a9bb230e237b09ee47e,0.043,,,
3760,2026-07-27,SH600436,-0.05234565488436909,EXP_CatBoostModel_Alpha158_csi300_custom_step0_s_20260727_14,4ad1c42903e34a9bb230e237b09ee47e,0.043,,,
3761,2026-07-27,SH600795,0.01668006446857242,EXP_CatBoostModel_Alpha158_csi300_custom_step0_s_20260727_14,4ad1c42903e34a9bb230e237b09ee47e,0.043,,,
3762,2026-07-27,SH600809,-0.018073085309130637,EXP_CatBoostModel_Alpha158_csi300_custom_step0_s_20260727_14,4ad1c42903e34a9bb230e237b09ee47e,0.043,,,
3763,2026-07-27,SH601009,0.03205034594510584,EXP_CatBoostModel_Alpha158_csi300_custom_step0_s_20260727_14,4ad1c42903e34a9bb230e237b09ee47e,0.043,,,
3764,2026-07-27,SH601006,0.022712455489670956,EXP_CatBoostModel_Alpha158_csi300_custom_step0_s_20260727_14,4ad1c42903e34a9bb230e237b09ee47e,0.043,,,
3765,2026-07-27,SH600999,-0.03524892185814623,EXP_CatBoostModel_Alpha158_csi300_custom_step0_s_20260727_14,4ad1c42903e34a9bb230e237b09ee47e,0.043,,,
3766,2026-07-27,SH600989,-0.03578238030318522,EXP_CatBoostModel_Alpha158_csi300_custom_step0_s_20260727_14,4ad1c42903e34a9bb230e237b09ee47e,0.043,,,
3767,2026-07-27,SH600958,0.027883844748079176,EXP_CatBoostModel_Alpha158_csi300_custom_step0_s_20260727_14,4ad1c42903e34a9bb230e237b09ee47e,0.043,,,
3768,2026-07-27,SH600941,0.03233618029339087,EXP_CatBoostModel_Alpha158_csi300_custom_step0_s_20260727_14,4ad1c42903e34a9bb230e237b09ee47e,0.043,,,
3769,2026-07-27,SH600938,-0.04362358283157577,EXP_CatBoostModel_Alpha158_csi300_custom_step0_s_20260727_14,4ad1c42903e34a9bb230e237b09ee47e,0.043,,,
3770,2026-07-27,SH600930,0.025319700809459784,EXP_CatBoostModel_Alpha158_csi300_custom_step0_s_20260727_14,4ad1c42903e34a9bb230e237b09ee47e,0.043,,,
3771,2026-07-27,SH600803,-0.01932451302558788,EXP_CatBoostModel_Alpha158_csi300_custom_step0_s_20260727_14,4ad1c42903e34a9bb230e237b09ee47e,0.043,,,
3772,2026-07-27,SH600926,0.005800973712036328,EXP_CatBoostModel_Alpha158_csi300_custom_step0_s_20260727_14,4ad1c42903e34a9bb230e237b09ee47e,0.043,,,
3773,2026-07-27,SH600918,-0.006075924258148024,EXP_CatBoostModel_Alpha158_csi300_custom_step0_s_20260727_14,4ad1c42903e34a9bb230e237b09ee47e,0.043,,,
3774,2026-07-27,SH600905,0.01922637195721847,EXP_CatBoostModel_Alpha158_csi300_custom_step0_s_20260727_14,4ad1c42903e34a9bb230e237b09ee47e,0.043,,,
3775,2026-07-27,SH600900,0.05720343669731281,EXP_CatBoostModel_Alpha158_csi300_custom_step0_s_20260727_14,4ad1c42903e34a9bb230e237b09ee47e,0.043,,,
3776,2026-07-27,SH600893,-0.014204350816756578,EXP_CatBoostModel_Alpha158_csi300_custom_step0_s_20260727_14,4ad1c42903e34a9bb230e237b09ee47e,0.043,,,
3777,2026-07-27,SH600887,0.06976313897321353,EXP_CatBoostModel_Alpha158_csi300_custom_step0_s_20260727_14,4ad1c42903e34a9bb230e237b09ee47e,0.043,,,
3778,2026-07-27,SH600886,0.042812389681222335,EXP_CatBoostModel_Alpha158_csi300_custom_step0_s_20260727_14,4ad1c42903e34a9bb230e237b09ee47e,0.043,,,
3779,2026-07-27,SH600875,-0.05890447768997835,EXP_CatBoostModel_Alpha158_csi300_custom_step0_s_20260727_14,4ad1c42903e34a9bb230e237b09ee47e,0.043,,,
3780,2026-07-27,SH600845,-0.019800799126608398,EXP_CatBoostModel_Alpha158_csi300_custom_step0_s_20260727_14,4ad1c42903e34a9bb230e237b09ee47e,0.043,,,
3781,2026-07-27,SH600919,0.048079198621603876,EXP_CatBoostModel_Alpha158_csi300_custom_step0_s_20260727_14,4ad1c42903e34a9bb230e237b09ee47e,0.043,,,
3782,2026-07-27,SH600426,-0.05038515621244097,EXP_CatBoostModel_Alpha158_csi300_custom_step0_s_20260727_14,4ad1c42903e34a9bb230e237b09ee47e,0.043,,,
3783,2026-07-27,SH600415,-0.023157849708888442,EXP_CatBoostModel_Alpha158_csi300_custom_step0_s_20260727_14,4ad1c42903e34a9bb230e237b09ee47e,0.043,,,
3784,2026-07-27,SH600406,-0.0035362380098095344,EXP_CatBoostModel_Alpha158_csi300_custom_step0_s_20260727_14,4ad1c42903e34a9bb230e237b09ee47e,0.043,,,
3785,2026-07-27,SH600048,0.005702034706951216,EXP_CatBoostModel_Alpha158_csi300_custom_step0_s_20260727_14,4ad1c42903e34a9bb230e237b09ee47e,0.043,,,
3786,2026-07-27,SH600039,0.049190953101241545,EXP_CatBoostModel_Alpha158_csi300_custom_step0_s_20260727_14,4ad1c42903e34a9bb230e237b09ee47e,0.043,,,
3787,2026-07-27,SH600036,0.02277518855554289,EXP_CatBoostModel_Alpha158_csi300_custom_step0_s_20260727_14,4ad1c42903e34a9bb230e237b09ee47e,0.043,,,
3788,2026-07-27,SH600031,0.0262953874751109,EXP_CatBoostModel_Alpha158_csi300_custom_step0_s_20260727_14,4ad1c42903e34a9bb230e237b09ee47e,0.043,,,
3789,2026-07-27,SH600030,-0.012026696900368327,EXP_CatBoostModel_Alpha158_csi300_custom_step0_s_20260727_14,4ad1c42903e34a9bb230e237b09ee47e,0.043,,,
3790,2026-07-27,SH600029,0.001902882700234429,EXP_CatBoostModel_Alpha158_csi300_custom_step0_s_20260727_14,4ad1c42903e34a9bb230e237b09ee47e,0.043,,,
3791,2026-07-27,SH600028,0.0027005708095359446,EXP_CatBoostModel_Alpha158_csi300_custom_step0_s_20260727_14,4ad1c42903e34a9bb230e237b09ee47e,0.043,,,
3792,2026-07-27,SH600027,-0.0017156690749027279,EXP_CatBoostModel_Alpha158_csi300_custom_step0_s_20260727_14,4ad1c42903e34a9bb230e237b09ee47e,0.043,,,
3793,2026-07-27,SH600050,0.03306674114224711,EXP_CatBoostModel_Alpha158_csi300_custom_step0_s_20260727_14,4ad1c42903e34a9bb230e237b09ee47e,0.043,,,
3794,2026-07-27,SH600026,0.024853635818014527,EXP_CatBoostModel_Alpha158_csi300_custom_step0_s_20260727_14,4ad1c42903e34a9bb230e237b09ee47e,0.043,,,
3795,2026-07-27,SH600023,0.0023979237677733863,EXP_CatBoostModel_Alpha158_csi300_custom_step0_s_20260727_14,4ad1c42903e34a9bb230e237b09ee47e,0.043,,,
3796,2026-07-27,SH600019,0.018943986683927078,EXP_CatBoostModel_Alpha158_csi300_custom_step0_s_20260727_14,4ad1c42903e34a9bb230e237b09ee47e,0.043,,,
3797,2026-07-27,SH600018,0.04184174323179094,EXP_CatBoostModel_Alpha158_csi300_custom_step0_s_20260727_14,4ad1c42903e34a9bb230e237b09ee47e,0.043,,,
3798,2026-07-27,SH600016,0.017579434569357726,EXP_CatBoostModel_Alpha158_csi300_custom_step0_s_20260727_14,4ad1c42903e34a9bb230e237b09ee47e,0.043,,,
3799,2026-07-27,SH600015,0.036578369046958194,EXP_CatBoostModel_Alpha158_csi300_custom_step0_s_20260727_14,4ad1c42903e34a9bb230e237b09ee47e,0.043,,,
3800,2026-07-27,SH600011,-0.03411267767023481,EXP_CatBoostModel_Alpha158_csi300_custom_step0_s_20260727_14,4ad1c42903e34a9bb230e237b09ee47e,0.043,,,
3801,2026-07-27,SH600010,-0.026946399621310187,EXP_CatBoostModel_Alpha158_csi300_custom_step0_s_20260727_14,4ad1c42903e34a9bb230e237b09ee47e,0.043,,,
3802,2026-07-27,SH600009,0.017819574861053605,EXP_CatBoostModel_Alpha158_csi300_custom_step0_s_20260727_14,4ad1c42903e34a9bb230e237b09ee47e,0.043,,,
3803,2026-07-27,SH600025,0.06418956478401304,EXP_CatBoostModel_Alpha158_csi300_custom_step0_s_20260727_14,4ad1c42903e34a9bb230e237b09ee47e,0.043,,,
3804,2026-07-27,SH600061,0.015172366116748687,EXP_CatBoostModel_Alpha158_csi300_custom_step0_s_20260727_14,4ad1c42903e34a9bb230e237b09ee47e,0.043,,,
3805,2026-07-27,SH600066,-0.031105524247812513,EXP_CatBoostModel_Alpha158_csi300_custom_step0_s_20260727_14,4ad1c42903e34a9bb230e237b09ee47e,0.043,,,
3806,2026-07-27,SH600085,-0.0214251772774288,EXP_CatBoostModel_Alpha158_csi300_custom_step0_s_20260727_14,4ad1c42903e34a9bb230e237b09ee47e,0.043,,,
3807,2026-07-27,SH600372,0.005688767254042884,EXP_CatBoostModel_Alpha158_csi300_custom_step0_s_20260727_14,4ad1c42903e34a9bb230e237b09ee47e,0.043,,,
3808,2026-07-27,SH600362,-0.10275412728539818,EXP_CatBoostModel_Alpha158_csi300_custom_step0_s_20260727_14,4ad1c42903e34a9bb230e237b09ee47e,0.043,,,
3809,2026-07-27,SH600346,-0.07438984901390437,EXP_CatBoostModel_Alpha158_csi300_custom_step0_s_20260727_14,4ad1c42903e34a9bb230e237b09ee47e,0.043,,,
3810,2026-07-27,SH600309,-0.04077574808387645,EXP_CatBoostModel_Alpha158_csi300_custom_step0_s_20260727_14,4ad1c42903e34a9bb230e237b09ee47e,0.043,,,
3811,2026-07-27,SH600276,-0.035138104352522716,EXP_CatBoostModel_Alpha158_csi300_custom_step0_s_20260727_14,4ad1c42903e34a9bb230e237b09ee47e,0.043,,,
3812,2026-07-27,SH600233,-0.030610664581520383,EXP_CatBoostModel_Alpha158_csi300_custom_step0_s_20260727_14,4ad1c42903e34a9bb230e237b09ee47e,0.043,,,
3813,2026-07-27,SH600221,-0.011512701398450611,EXP_CatBoostModel_Alpha158_csi300_custom_step0_s_20260727_14,4ad1c42903e34a9bb230e237b09ee47e,0.043,,,
3814,2026-07-27,SH600219,-0.08700754342007583,EXP_CatBoostModel_Alpha158_csi300_custom_step0_s_20260727_14,4ad1c42903e34a9bb230e237b09ee47e,0.043,,,
3815,2026-07-27,SH600196,-0.02378153746921547,EXP_CatBoostModel_Alpha158_csi300_custom_step0_s_20260727_14,4ad1c42903e34a9bb230e237b09ee47e,0.043,,,
3816,2026-07-27,SH600188,-0.0384750956204069,EXP_CatBoostModel_Alpha158_csi300_custom_step0_s_20260727_14,4ad1c42903e34a9bb230e237b09ee47e,0.043,,,
3817,2026-07-27,SH600183,0.10677438084063695,EXP_CatBoostModel_Alpha158_csi300_custom_step0_s_20260727_14,4ad1c42903e34a9bb230e237b09ee47e,0.043,,,
3818,2026-07-27,SH600176,0.44409467421841664,EXP_CatBoostModel_Alpha158_csi300_custom_step0_s_20260727_14,4ad1c42903e34a9bb230e237b09ee47e,0.043,,,
3819,2026-07-27,SH600160,0.003637098534912313,EXP_CatBoostModel_Alpha158_csi300_custom_step0_s_20260727_14,4ad1c42903e34a9bb230e237b09ee47e,0.043,,,
3820,2026-07-27,SH600150,-0.04677770799585848,EXP_CatBoostModel_Alpha158_csi300_custom_step0_s_20260727_14,4ad1c42903e34a9bb230e237b09ee47e,0.043,,,
3821,2026-07-27,SH600118,-0.002177802512270643,EXP_CatBoostModel_Alpha158_csi300_custom_step0_s_20260727_14,4ad1c42903e34a9bb230e237b09ee47e,0.043,,,
3822,2026-07-27,SH600115,-0.026497610304480654,EXP_CatBoostModel_Alpha158_csi300_custom_step0_s_20260727_14,4ad1c42903e34a9bb230e237b09ee47e,0.043,,,
3823,2026-07-27,SH600111,0.060738919812748746,EXP_CatBoostModel_Alpha158_csi300_custom_step0_s_20260727_14,4ad1c42903e34a9bb230e237b09ee47e,0.043,,,
3824,2026-07-27,SH600104,0.004684065345819795,EXP_CatBoostModel_Alpha158_csi300_custom_step0_s_20260727_14,4ad1c42903e34a9bb230e237b09ee47e,0.043,,,
3825,2026-07-27,SH600089,-0.03846086775022127,EXP_CatBoostModel_Alpha158_csi300_custom_step0_s_20260727_14,4ad1c42903e34a9bb230e237b09ee47e,0.043,,,
3826,2026-07-27,SH601012,-0.04953931364363259,EXP_CatBoostModel_Alpha158_csi300_custom_step0_s_20260727_14,4ad1c42903e34a9bb230e237b09ee47e,0.043,,,
3827,2026-07-27,SH688082,-0.021585621308317936,EXP_CatBoostModel_Alpha158_csi300_custom_step0_s_20260727_14,4ad1c42903e34a9bb230e237b09ee47e,0.043,,,
3828,2026-07-27,SH601018,0.02519726828416923,EXP_CatBoostModel_Alpha158_csi300_custom_step0_s_20260727_14,4ad1c42903e34a9bb230e237b09ee47e,0.043,,,
3829,2026-07-27,SH601058,-0.02011953583299132,EXP_CatBoostModel_Alpha158_csi300_custom_step0_s_20260727_14,4ad1c42903e34a9bb230e237b09ee47e,0.043,,,
3830,2026-07-27,SH601988,0.0312800358234624,EXP_CatBoostModel_Alpha158_csi300_custom_step0_s_20260727_14,4ad1c42903e34a9bb230e237b09ee47e,0.043,,,
3831,2026-07-27,SH601985,0.05209313296075025,EXP_CatBoostModel_Alpha158_csi300_custom_step0_s_20260727_14,4ad1c42903e34a9bb230e237b09ee47e,0.043,,,
3832,2026-07-27,SH601939,0.02611193730097011,EXP_CatBoostModel_Alpha158_csi300_custom_step0_s_20260727_14,4ad1c42903e34a9bb230e237b09ee47e,0.043,,,
3833,2026-07-27,SH601919,-0.0017167600698121993,EXP_CatBoostModel_Alpha158_csi300_custom_step0_s_20260727_14,4ad1c42903e34a9bb230e237b09ee47e,0.043,,,
3834,2026-07-27,SH601916,0.04103470377114327,EXP_CatBoostModel_Alpha158_csi300_custom_step0_s_20260727_14,4ad1c42903e34a9bb230e237b09ee47e,0.043,,,
3835,2026-07-27,SH601901,-0.0091053589985707,EXP_CatBoostModel_Alpha158_csi300_custom_step0_s_20260727_14,4ad1c42903e34a9bb230e237b09ee47e,0.043,,,
3836,2026-07-27,SH601899,-0.07074030537552613,EXP_CatBoostModel_Alpha158_csi300_custom_step0_s_20260727_14,4ad1c42903e34a9bb230e237b09ee47e,0.043,,,
3837,2026-07-27,SH601898,-0.054497197258713555,EXP_CatBoostModel_Alpha158_csi300_custom_step0_s_20260727_14,4ad1c42903e34a9bb230e237b09ee47e,0.043,,,
3838,2026-07-27,SH601995,-0.09899242078904388,EXP_CatBoostModel_Alpha158_csi300_custom_step0_s_20260727_14,4ad1c42903e34a9bb230e237b09ee47e,0.043,,,
3839,2026-07-27,SH601888,-0.038505258729466765,EXP_CatBoostModel_Alpha158_csi300_custom_step0_s_20260727_14,4ad1c42903e34a9bb230e237b09ee47e,0.043,,,
3840,2026-07-27,SH601878,0.009741704673278407,EXP_CatBoostModel_Alpha158_csi300_custom_step0_s_20260727_14,4ad1c42903e34a9bb230e237b09ee47e,0.043,,,
3841,2026-07-27,SH601877,0.0005514105234716718,EXP_CatBoostModel_Alpha158_csi300_custom_step0_s_20260727_14,4ad1c42903e34a9bb230e237b09ee47e,0.043,,,
3842,2026-07-27,SH601872,-0.004144214263064399,EXP_CatBoostModel_Alpha158_csi300_custom_step0_s_20260727_14,4ad1c42903e34a9bb230e237b09ee47e,0.043,,,
3843,2026-07-27,SH601868,-0.015472984364003533,EXP_CatBoostModel_Alpha158_csi300_custom_step0_s_20260727_14,4ad1c42903e34a9bb230e237b09ee47e,0.043,,,
3844,2026-07-27,SH601857,-0.07863467885717444,EXP_CatBoostModel_Alpha158_csi300_custom_step0_s_20260727_14,4ad1c42903e34a9bb230e237b09ee47e,0.043,,,
3845,2026-07-27,SH601838,0.03970682291419635,EXP_CatBoostModel_Alpha158_csi300_custom_step0_s_20260727_14,4ad1c42903e34a9bb230e237b09ee47e,0.043,,,
3846,2026-07-27,SH601825,-0.015497108043461194,EXP_CatBoostModel_Alpha158_csi300_custom_step0_s_20260727_14,4ad1c42903e34a9bb230e237b09ee47e,0.043,,,
3847,2026-07-27,SH601818,0.042026300832457064,EXP_CatBoostModel_Alpha158_csi300_custom_step0_s_20260727_14,4ad1c42903e34a9bb230e237b09ee47e,0.043,,,
3848,2026-07-27,SH601881,-0.015283991903526964,EXP_CatBoostModel_Alpha158_csi300_custom_step0_s_20260727_14,4ad1c42903e34a9bb230e237b09ee47e,0.043,,,
3849,2026-07-27,SH601816,0.05938073491602452,EXP_CatBoostModel_Alpha158_csi300_custom_step0_s_20260727_14,4ad1c42903e34a9bb230e237b09ee47e,0.043,,,
3850,2026-07-27,SH601998,-0.014395909045589713,EXP_CatBoostModel_Alpha158_csi300_custom_step0_s_20260727_14,4ad1c42903e34a9bb230e237b09ee47e,0.043,,,
3851,2026-07-27,SH603259,-0.028123417976147272,EXP_CatBoostModel_Alpha158_csi300_custom_step0_s_20260727_14,4ad1c42903e34a9bb230e237b09ee47e,0.043,,,
3852,2026-07-27,SH688047,0.010340099079311263,EXP_CatBoostModel_Alpha158_csi300_custom_step0_s_20260727_14,4ad1c42903e34a9bb230e237b09ee47e,0.043,,,
3853,2026-07-27,SH688041,-0.08737563057904243,EXP_CatBoostModel_Alpha158_csi300_custom_step0_s_20260727_14,4ad1c42903e34a9bb230e237b09ee47e,0.043,,,
3854,2026-07-27,SH688036,-0.09529915700709354,EXP_CatBoostModel_Alpha158_csi300_custom_step0_s_20260727_14,4ad1c42903e34a9bb230e237b09ee47e,0.043,,,
3855,2026-07-27,SH688012,-0.10258164768945612,EXP_CatBoostModel_Alpha158_csi300_custom_step0_s_20260727_14,4ad1c42903e34a9bb230e237b09ee47e,0.043,,,
3856,2026-07-27,SH688009,0.0240237882607492,EXP_CatBoostModel_Alpha158_csi300_custom_step0_s_20260727_14,4ad1c42903e34a9bb230e237b09ee47e,0.043,,,
3857,2026-07-27,SH688008,-0.07399136431993522,EXP_CatBoostModel_Alpha158_csi300_custom_step0_s_20260727_14,4ad1c42903e34a9bb230e237b09ee47e,0.043,,,
3858,2026-07-27,SH605499,-0.059241480910024895,EXP_CatBoostModel_Alpha158_csi300_custom_step0_s_20260727_14,4ad1c42903e34a9bb230e237b09ee47e,0.043,,,
3859,2026-07-27,SH605117,0.00946985916937306,EXP_CatBoostModel_Alpha158_csi300_custom_step0_s_20260727_14,4ad1c42903e34a9bb230e237b09ee47e,0.043,,,
3860,2026-07-27,SH603019,-0.12148302984664154,EXP_CatBoostModel_Alpha158_csi300_custom_step0_s_20260727_14,4ad1c42903e34a9bb230e237b09ee47e,0.043,,,
3861,2026-07-27,SH603993,-0.1323928479258969,EXP_CatBoostModel_Alpha158_csi300_custom_step0_s_20260727_14,4ad1c42903e34a9bb230e237b09ee47e,0.043,,,
3862,2026-07-27,SH603893,-0.11022817316091431,EXP_CatBoostModel_Alpha158_csi300_custom_step0_s_20260727_14,4ad1c42903e34a9bb230e237b09ee47e,0.043,,,
3863,2026-07-27,SH603799,0.0556818033026273,EXP_CatBoostModel_Alpha158_csi300_custom_step0_s_20260727_14,4ad1c42903e34a9bb230e237b09ee47e,0.043,,,
3864,2026-07-27,SH603501,-0.02459705170089324,EXP_CatBoostModel_Alpha158_csi300_custom_step0_s_20260727_14,4ad1c42903e34a9bb230e237b09ee47e,0.043,,,
3865,2026-07-27,SH603392,0.0019062619348168008,EXP_CatBoostModel_Alpha158_csi300_custom_step0_s_20260727_14,4ad1c42903e34a9bb230e237b09ee47e,0.043,,,
3866,2026-07-27,SH603369,-0.018894298322871025,EXP_CatBoostModel_Alpha158_csi300_custom_step0_s_20260727_14,4ad1c42903e34a9bb230e237b09ee47e,0.043,,,
3867,2026-07-27,SH603296,-0.018666416692042092,EXP_CatBoostModel_Alpha158_csi300_custom_step0_s_20260727_14,4ad1c42903e34a9bb230e237b09ee47e,0.043,,,
3868,2026-07-27,SH603288,0.007397528867835355,EXP_CatBoostModel_Alpha158_csi300_custom_step0_s_20260727_14,4ad1c42903e34a9bb230e237b09ee47e,0.043,,,
3869,2026-07-27,SH603260,-0.017216290915984114,EXP_CatBoostModel_Alpha158_csi300_custom_step0_s_20260727_14,4ad1c42903e34a9bb230e237b09ee47e,0.043,,,
3870,2026-07-27,SH603986,0.13446479563010716,EXP_CatBoostModel_Alpha158_csi300_custom_step0_s_20260727_14,4ad1c42903e34a9bb230e237b09ee47e,0.043,,,
3871,2026-07-27,SH601800,0.005061174440523804,EXP_CatBoostModel_Alpha158_csi300_custom_step0_s_20260727_14,4ad1c42903e34a9bb230e237b09ee47e,0.043,,,
3872,2026-07-27,SH601788,0.02855567053628138,EXP_CatBoostModel_Alpha158_csi300_custom_step0_s_20260727_14,4ad1c42903e34a9bb230e237b09ee47e,0.043,,,
3873,2026-07-27,SH601766,0.036994340515397676,EXP_CatBoostModel_Alpha158_csi300_custom_step0_s_20260727_14,4ad1c42903e34a9bb230e237b09ee47e,0.043,,,
3874,2026-07-27,SH601288,0.03721495282414255,EXP_CatBoostModel_Alpha158_csi300_custom_step0_s_20260727_14,4ad1c42903e34a9bb230e237b09ee47e,0.043,,,
3875,2026-07-27,SH601238,0.006266930536772905,EXP_CatBoostModel_Alpha158_csi300_custom_step0_s_20260727_14,4ad1c42903e34a9bb230e237b09ee47e,0.043,,,
3876,2026-07-27,SH601229,0.05382713574490098,EXP_CatBoostModel_Alpha158_csi300_custom_step0_s_20260727_14,4ad1c42903e34a9bb230e237b09ee47e,0.043,,,
3877,2026-07-27,SH601225,-0.04448062299460324,EXP_CatBoostModel_Alpha158_csi300_custom_step0_s_20260727_14,4ad1c42903e34a9bb230e237b09ee47e,0.043,,,
3878,2026-07-27,SH601211,-0.02366317079026417,EXP_CatBoostModel_Alpha158_csi300_custom_step0_s_20260727_14,4ad1c42903e34a9bb230e237b09ee47e,0.043,,,
3879,2026-07-27,SH601186,0.03143828511468454,EXP_CatBoostModel_Alpha158_csi300_custom_step0_s_20260727_14,4ad1c42903e34a9bb230e237b09ee47e,0.043,,,
3880,2026-07-27,SH601169,0.038632645107007035,EXP_CatBoostModel_Alpha158_csi300_custom_step0_s_20260727_14,4ad1c42903e34a9bb230e237b09ee47e,0.043,,,
3881,2026-07-27,SH601166,0.02838531314159301,EXP_CatBoostModel_Alpha158_csi300_custom_step0_s_20260727_14,4ad1c42903e34a9bb230e237b09ee47e,0.043,,,
3882,2026-07-27,SH601318,0.016528001770347793,EXP_CatBoostModel_Alpha158_csi300_custom_step0_s_20260727_14,4ad1c42903e34a9bb230e237b09ee47e,0.043,,,
3883,2026-07-27,SH601138,-0.06244542552203571,EXP_CatBoostModel_Alpha158_csi300_custom_step0_s_20260727_14,4ad1c42903e34a9bb230e237b09ee47e,0.043,,,
3884,2026-07-27,SH601127,0.004838553217115798,EXP_CatBoostModel_Alpha158_csi300_custom_step0_s_20260727_14,4ad1c42903e34a9bb230e237b09ee47e,0.043,,,
3885,2026-07-27,SH601117,0.014086152481897925,EXP_CatBoostModel_Alpha158_csi300_custom_step0_s_20260727_14,4ad1c42903e34a9bb230e237b09ee47e,0.043,,,
3886,2026-07-27,SH601111,0.00683223639154697,EXP_CatBoostModel_Alpha158_csi300_custom_step0_s_20260727_14,4ad1c42903e34a9bb230e237b09ee47e,0.043,,,
3887,2026-07-27,SH601100,-0.01438976870456944,EXP_CatBoostModel_Alpha158_csi300_custom_step0_s_20260727_14,4ad1c42903e34a9bb230e237b09ee47e,0.043,,,
3888,2026-07-27,SH601088,0.015873062014884427,EXP_CatBoostModel_Alpha158_csi300_custom_step0_s_20260727_14,4ad1c42903e34a9bb230e237b09ee47e,0.043,,,
3889,2026-07-27,SH601077,0.021718162382654792,EXP_CatBoostModel_Alpha158_csi300_custom_step0_s_20260727_14,4ad1c42903e34a9bb230e237b09ee47e,0.043,,,
3890,2026-07-27,SH601066,-0.07985215446640213,EXP_CatBoostModel_Alpha158_csi300_custom_step0_s_20260727_14,4ad1c42903e34a9bb230e237b09ee47e,0.043,,,
3891,2026-07-27,SH601059,0.015469791151593715,EXP_CatBoostModel_Alpha158_csi300_custom_step0_s_20260727_14,4ad1c42903e34a9bb230e237b09ee47e,0.043,,,
3892,2026-07-27,SH601136,-0.04228967460889054,EXP_CatBoostModel_Alpha158_csi300_custom_step0_s_20260727_14,4ad1c42903e34a9bb230e237b09ee47e,0.043,,,
3893,2026-07-27,SH601319,-0.0018207829878249943,EXP_CatBoostModel_Alpha158_csi300_custom_step0_s_20260727_14,4ad1c42903e34a9bb230e237b09ee47e,0.043,,,
3894,2026-07-27,SH601328,0.043404664863694896,EXP_CatBoostModel_Alpha158_csi300_custom_step0_s_20260727_14,4ad1c42903e34a9bb230e237b09ee47e,0.043,,,
3895,2026-07-27,SH601336,-0.07615216418758437,EXP_CatBoostModel_Alpha158_csi300_custom_step0_s_20260727_14,4ad1c42903e34a9bb230e237b09ee47e,0.043,,,
3896,2026-07-27,SH601728,0.028353945048882993,EXP_CatBoostModel_Alpha158_csi300_custom_step0_s_20260727_14,4ad1c42903e34a9bb230e237b09ee47e,0.043,,,
3897,2026-07-27,SH601727,-0.013769259060895529,EXP_CatBoostModel_Alpha158_csi300_custom_step0_s_20260727_14,4ad1c42903e34a9bb230e237b09ee47e,0.043,,,
3898,2026-07-27,SH601698,0.030703651321526883,EXP_CatBoostModel_Alpha158_csi300_custom_step0_s_20260727_14,4ad1c42903e34a9bb230e237b09ee47e,0.043,,,
3899,2026-07-27,SH601689,0.03297009528244194,EXP_CatBoostModel_Alpha158_csi300_custom_step0_s_20260727_14,4ad1c42903e34a9bb230e237b09ee47e,0.043,,,
3900,2026-07-27,SH601688,-0.0023879437359935495,EXP_CatBoostModel_Alpha158_csi300_custom_step0_s_20260727_14,4ad1c42903e34a9bb230e237b09ee47e,0.043,,,
3901,2026-07-27,SH601669,-0.006497989351383026,EXP_CatBoostModel_Alpha158_csi300_custom_step0_s_20260727_14,4ad1c42903e34a9bb230e237b09ee47e,0.043,,,
3902,2026-07-27,SH601668,0.0438501997454353,EXP_CatBoostModel_Alpha158_csi300_custom_step0_s_20260727_14,4ad1c42903e34a9bb230e237b09ee47e,0.043,,,
3903,2026-07-27,SH601658,0.03354718966795684,EXP_CatBoostModel_Alpha158_csi300_custom_step0_s_20260727_14,4ad1c42903e34a9bb230e237b09ee47e,0.043,,,
3904,2026-07-27,SH601633,-0.02278149011313679,EXP_CatBoostModel_Alpha158_csi300_custom_step0_s_20260727_14,4ad1c42903e34a9bb230e237b09ee47e,0.043,,,
3905,2026-07-27,SH601628,0.016128053801554,EXP_CatBoostModel_Alpha158_csi300_custom_step0_s_20260727_14,4ad1c42903e34a9bb230e237b09ee47e,0.043,,,
3906,2026-07-27,SH601618,0.016743262975071165,EXP_CatBoostModel_Alpha158_csi300_custom_step0_s_20260727_14,4ad1c42903e34a9bb230e237b09ee47e,0.043,,,
3907,2026-07-27,SH601607,0.007197897151009185,EXP_CatBoostModel_Alpha158_csi300_custom_step0_s_20260727_14,4ad1c42903e34a9bb230e237b09ee47e,0.043,,,
3908,2026-07-27,SH601601,0.0021147632472428017,EXP_CatBoostModel_Alpha158_csi300_custom_step0_s_20260727_14,4ad1c42903e34a9bb230e237b09ee47e,0.043,,,
3909,2026-07-27,SH601600,-0.05277201756925424,EXP_CatBoostModel_Alpha158_csi300_custom_step0_s_20260727_14,4ad1c42903e34a9bb230e237b09ee47e,0.043,,,
3910,2026-07-27,SH601456,0.008566355301367394,EXP_CatBoostModel_Alpha158_csi300_custom_step0_s_20260727_14,4ad1c42903e34a9bb230e237b09ee47e,0.043,,,
3911,2026-07-27,SH601398,0.03835504559759369,EXP_CatBoostModel_Alpha158_csi300_custom_step0_s_20260727_14,4ad1c42903e34a9bb230e237b09ee47e,0.043,,,
3912,2026-07-27,SH601390,0.019536650512212525,EXP_CatBoostModel_Alpha158_csi300_custom_step0_s_20260727_14,4ad1c42903e34a9bb230e237b09ee47e,0.043,,,
3913,2026-07-27,SH601377,0.0025462880124004785,EXP_CatBoostModel_Alpha158_csi300_custom_step0_s_20260727_14,4ad1c42903e34a9bb230e237b09ee47e,0.043,,,
3914,2026-07-27,SH601360,-0.055471325902756184,EXP_CatBoostModel_Alpha158_csi300_custom_step0_s_20260727_14,4ad1c42903e34a9bb230e237b09ee47e,0.043,,,
3915,2026-07-27,SH601021,0.023731918884972322,EXP_CatBoostModel_Alpha158_csi300_custom_step0_s_20260727_14,4ad1c42903e34a9bb230e237b09ee47e,0.043,,,
3916,2026-07-27,SH600549,0.043877878095677156,EXP_CatBoostModel_Alpha158_csi300_custom_step0_s_20260727_14,b50773b62fd4473a8c325626d963c724,0.048,,,
3917,2026-07-27,SH600570,-0.021176115570052015,EXP_CatBoostModel_Alpha158_csi300_custom_step0_s_20260727_14,b50773b62fd4473a8c325626d963c724,0.048,,,
3918,2026-07-27,SH600584,-0.0786041579246946,EXP_CatBoostModel_Alpha158_csi300_custom_step0_s_20260727_14,b50773b62fd4473a8c325626d963c724,0.048,,,
3919,2026-07-27,SZ301308,0.04665635119450513,EXP_CatBoostModel_Alpha158_csi300_custom_step0_s_20260727_14,b50773b62fd4473a8c325626d963c724,0.048,,,
3920,2026-07-27,SZ301269,-0.041159979459946976,EXP_CatBoostModel_Alpha158_csi300_custom_step0_s_20260727_14,b50773b62fd4473a8c325626d963c724,0.048,,,
3921,2026-07-27,SZ301236,-0.07785045997110458,EXP_CatBoostModel_Alpha158_csi300_custom_step0_s_20260727_14,b50773b62fd4473a8c325626d963c724,0.048,,,
3922,2026-07-27,SZ301165,-0.38137703009944135,EXP_CatBoostModel_Alpha158_csi300_custom_step0_s_20260727_14,b50773b62fd4473a8c325626d963c724,0.048,,,
3923,2026-07-27,SZ300999,-0.005394654469337267,EXP_CatBoostModel_Alpha158_csi300_custom_step0_s_20260727_14,b50773b62fd4473a8c325626d963c724,0.048,,,
3924,2026-07-27,SZ300896,-0.041675663951226315,EXP_CatBoostModel_Alpha158_csi300_custom_step0_s_20260727_14,b50773b62fd4473a8c325626d963c724,0.048,,,
3925,2026-07-27,SZ300866,-0.07987350461611926,EXP_CatBoostModel_Alpha158_csi300_custom_step0_s_20260727_14,b50773b62fd4473a8c325626d963c724,0.048,,,
3926,2026-07-27,SZ300832,-0.0022400306030686628,EXP_CatBoostModel_Alpha158_csi300_custom_step0_s_20260727_14,b50773b62fd4473a8c325626d963c724,0.048,,,
3927,2026-07-27,SZ302132,-0.05736096049753402,EXP_CatBoostModel_Alpha158_csi300_custom_step0_s_20260727_14,b50773b62fd4473a8c325626d963c724,0.048,,,
3928,2026-07-27,SZ300803,-0.043795414565400946,EXP_CatBoostModel_Alpha158_csi300_custom_step0_s_20260727_14,b50773b62fd4473a8c325626d963c724,0.048,,,
3929,2026-07-27,SZ300750,-0.006313723982026313,EXP_CatBoostModel_Alpha158_csi300_custom_step0_s_20260727_14,b50773b62fd4473a8c325626d963c724,0.048,,,
3930,2026-07-27,SZ300661,0.017683706170485775,EXP_CatBoostModel_Alpha158_csi300_custom_step0_s_20260727_14,b50773b62fd4473a8c325626d963c724,0.048,,,
3931,2026-07-27,SZ300628,-0.018204531204674558,EXP_CatBoostModel_Alpha158_csi300_custom_step0_s_20260727_14,b50773b62fd4473a8c325626d963c724,0.048,,,
3932,2026-07-27,SZ300502,-0.05605484718789798,EXP_CatBoostModel_Alpha158_csi300_custom_step0_s_20260727_14,b50773b62fd4473a8c325626d963c724,0.048,,,
3933,2026-07-27,SZ300498,0.004382060193521477,EXP_CatBoostModel_Alpha158_csi300_custom_step0_s_20260727_14,b50773b62fd4473a8c325626d963c724,0.048,,,
3934,2026-07-27,SZ300476,0.10849441214927466,EXP_CatBoostModel_Alpha158_csi300_custom_step0_s_20260727_14,b50773b62fd4473a8c325626d963c724,0.048,,,
3935,2026-07-27,SZ300450,0.014891679177826044,EXP_CatBoostModel_Alpha158_csi300_custom_step0_s_20260727_14,b50773b62fd4473a8c325626d963c724,0.048,,,
3936,2026-07-27,SZ300442,-0.033812280040089925,EXP_CatBoostModel_Alpha158_csi300_custom_step0_s_20260727_14,b50773b62fd4473a8c325626d963c724,0.048,,,
3937,2026-07-27,SZ300760,-0.016024233347963424,EXP_CatBoostModel_Alpha158_csi300_custom_step0_s_20260727_14,b50773b62fd4473a8c325626d963c724,0.048,,,
3938,2026-07-27,SZ300433,0.010577732018727005,EXP_CatBoostModel_Alpha158_csi300_custom_step0_s_20260727_14,b50773b62fd4473a8c325626d963c724,0.048,,,
3939,2026-07-27,SH600000,0.012870383572350586,EXP_CatBoostModel_Alpha158_csi300_custom_step0_s_20260727_14,6a0f6078febb4676baa4ca99a7ee636f,0.061,,,
3940,2026-07-27,SH600010,-0.01714022846641084,EXP_CatBoostModel_Alpha158_csi300_custom_step0_s_20260727_14,6a0f6078febb4676baa4ca99a7ee636f,0.061,,,
3941,2026-07-27,SH600061,0.016570380047313694,EXP_CatBoostModel_Alpha158_csi300_custom_step0_s_20260727_14,6a0f6078febb4676baa4ca99a7ee636f,0.061,,,
3942,2026-07-27,SH600050,0.0307891561570684,EXP_CatBoostModel_Alpha158_csi300_custom_step0_s_20260727_14,6a0f6078febb4676baa4ca99a7ee636f,0.061,,,
3943,2026-07-27,SH600048,-0.017073785176303015,EXP_CatBoostModel_Alpha158_csi300_custom_step0_s_20260727_14,6a0f6078febb4676baa4ca99a7ee636f,0.061,,,
3944,2026-07-27,SH600039,0.02225372599494304,EXP_CatBoostModel_Alpha158_csi300_custom_step0_s_20260727_14,6a0f6078febb4676baa4ca99a7ee636f,0.061,,,
3945,2026-07-27,SH600036,0.009824303896546708,EXP_CatBoostModel_Alpha158_csi300_custom_step0_s_20260727_14,6a0f6078febb4676baa4ca99a7ee636f,0.061,,,
3946,2026-07-27,SH600031,0.013468444995227315,EXP_CatBoostModel_Alpha158_csi300_custom_step0_s_20260727_14,6a0f6078febb4676baa4ca99a7ee636f,0.061,,,
3947,2026-07-27,SH600030,0.007261998503707835,EXP_CatBoostModel_Alpha158_csi300_custom_step0_s_20260727_14,6a0f6078febb4676baa4ca99a7ee636f,0.061,,,
3948,2026-07-27,SH600029,0.0013445692584819473,EXP_CatBoostModel_Alpha158_csi300_custom_step0_s_20260727_14,6a0f6078febb4676baa4ca99a7ee636f,0.061,,,
3949,2026-07-27,SH600009,0.0062733136120542085,EXP_CatBoostModel_Alpha158_csi300_custom_step0_s_20260727_14,6a0f6078febb4676baa4ca99a7ee636f,0.061,,,
3950,2026-07-27,SH600028,-0.0008916662430560121,EXP_CatBoostModel_Alpha158_csi300_custom_step0_s_20260727_14,6a0f6078febb4676baa4ca99a7ee636f,0.061,,,
3951,2026-07-27,SH600026,-0.004863456707490137,EXP_CatBoostModel_Alpha158_csi300_custom_step0_s_20260727_14,6a0f6078febb4676baa4ca99a7ee636f,0.061,,,
3952,2026-07-27,SH600025,0.02176602431094926,EXP_CatBoostModel_Alpha158_csi300_custom_step0_s_20260727_14,6a0f6078febb4676baa4ca99a7ee636f,0.061,,,
3953,2026-07-27,SH600023,-0.005311100583600269,EXP_CatBoostModel_Alpha158_csi300_custom_step0_s_20260727_14,6a0f6078febb4676baa4ca99a7ee636f,0.061,,,
3954,2026-07-27,SH600019,0.008893576601963514,EXP_CatBoostModel_Alpha158_csi300_custom_step0_s_20260727_14,6a0f6078febb4676baa4ca99a7ee636f,0.061,,,
3955,2026-07-27,SH600018,0.02280495639718377,EXP_CatBoostModel_Alpha158_csi300_custom_step0_s_20260727_14,6a0f6078febb4676baa4ca99a7ee636f,0.061,,,
3956,2026-07-27,SH600016,0.00648254094122873,EXP_CatBoostModel_Alpha158_csi300_custom_step0_s_20260727_14,6a0f6078febb4676baa4ca99a7ee636f,0.061,,,
3957,2026-07-27,SH600015,0.027783289635715202,EXP_CatBoostModel_Alpha158_csi300_custom_step0_s_20260727_14,6a0f6078febb4676baa4ca99a7ee636f,0.061,,,
3958,2026-07-27,SH600011,-0.023356935282700126,EXP_CatBoostModel_Alpha158_csi300_custom_step0_s_20260727_14,6a0f6078febb4676baa4ca99a7ee636f,0.061,,,
3959,2026-07-27,SH600027,0.00036410906871430464,EXP_CatBoostModel_Alpha158_csi300_custom_step0_s_20260727_14,6a0f6078febb4676baa4ca99a7ee636f,0.061,,,
3960,2026-07-27,SZ300418,-0.07988484739863573,EXP_CatBoostModel_Alpha158_csi300_custom_step0_s_20260727_14,b50773b62fd4473a8c325626d963c724,0.048,,,
3961,2026-07-27,SZ300413,-0.0209699966835528,EXP_CatBoostModel_Alpha158_csi300_custom_step0_s_20260727_14,b50773b62fd4473a8c325626d963c724,0.048,,,
3962,2026-07-27,SZ300408,-0.06509068594537909,EXP_CatBoostModel_Alpha158_csi300_custom_step0_s_20260727_14,b50773b62fd4473a8c325626d963c724,0.048,,,
3963,2026-07-27,SZ002594,-0.01019090783505183,EXP_CatBoostModel_Alpha158_csi300_custom_step0_s_20260727_14,b50773b62fd4473a8c325626d963c724,0.048,,,
3964,2026-07-27,SZ002558,0.03779238970331633,EXP_CatBoostModel_Alpha158_csi300_custom_step0_s_20260727_14,b50773b62fd4473a8c325626d963c724,0.048,,,
3965,2026-07-27,SZ002532,-0.04814724566935964,EXP_CatBoostModel_Alpha158_csi300_custom_step0_s_20260727_14,b50773b62fd4473a8c325626d963c724,0.048,,,
3966,2026-07-27,SZ002493,-0.06159297124118153,EXP_CatBoostModel_Alpha158_csi300_custom_step0_s_20260727_14,b50773b62fd4473a8c325626d963c724,0.048,,,
3967,2026-07-27,SZ002475,-0.05283944677261718,EXP_CatBoostModel_Alpha158_csi300_custom_step0_s_20260727_14,b50773b62fd4473a8c325626d963c724,0.048,,,
3968,2026-07-27,SZ002466,0.031978095000425935,EXP_CatBoostModel_Alpha158_csi300_custom_step0_s_20260727_14,b50773b62fd4473a8c325626d963c724,0.048,,,
3969,2026-07-27,SZ002463,-0.02284120840331797,EXP_CatBoostModel_Alpha158_csi300_custom_step0_s_20260727_14,b50773b62fd4473a8c325626d963c724,0.048,,,
3970,2026-07-27,SZ002460,0.028451537200700983,EXP_CatBoostModel_Alpha158_csi300_custom_step0_s_20260727_14,b50773b62fd4473a8c325626d963c724,0.048,,,
3971,2026-07-27,SZ002600,-0.004705922257574099,EXP_CatBoostModel_Alpha158_csi300_custom_step0_s_20260727_14,b50773b62fd4473a8c325626d963c724,0.048,,,
3972,2026-07-27,SZ002422,-0.0761302800214082,EXP_CatBoostModel_Alpha158_csi300_custom_step0_s_20260727_14,b50773b62fd4473a8c325626d963c724,0.048,,,
3973,2026-07-27,SZ002384,0.12431621944314358,EXP_CatBoostModel_Alpha158_csi300_custom_step0_s_20260727_14,b50773b62fd4473a8c325626d963c724,0.048,,,
3974,2026-07-27,SZ002371,-0.10743708963173906,EXP_CatBoostModel_Alpha158_csi300_custom_step0_s_20260727_14,b50773b62fd4473a8c325626d963c724,0.048,,,
3975,2026-07-27,SZ002353,0.05291208886915969,EXP_CatBoostModel_Alpha158_csi300_custom_step0_s_20260727_14,b50773b62fd4473a8c325626d963c724,0.048,,,
3976,2026-07-27,SZ002352,0.010714858990277099,EXP_CatBoostModel_Alpha158_csi300_custom_step0_s_20260727_14,b50773b62fd4473a8c325626d963c724,0.048,,,
3977,2026-07-27,SZ002311,-0.002691683011385646,EXP_CatBoostModel_Alpha158_csi300_custom_step0_s_20260727_14,b50773b62fd4473a8c325626d963c724,0.048,,,
3978,2026-07-27,SZ002304,-0.0032497371874042605,EXP_CatBoostModel_Alpha158_csi300_custom_step0_s_20260727_14,b50773b62fd4473a8c325626d963c724,0.048,,,
3979,2026-07-27,SZ002241,-0.07584324201832073,EXP_CatBoostModel_Alpha158_csi300_custom_step0_s_20260727_14,b50773b62fd4473a8c325626d963c724,0.048,,,
3980,2026-07-27,SZ002236,0.028203590470134682,EXP_CatBoostModel_Alpha158_csi300_custom_step0_s_20260727_14,b50773b62fd4473a8c325626d963c724,0.048,,,
3981,2026-07-27,SZ002415,-0.11800179273655392,EXP_CatBoostModel_Alpha158_csi300_custom_step0_s_20260727_14,b50773b62fd4473a8c325626d963c724,0.048,,,
3982,2026-07-27,SZ002602,-0.05809231058746198,EXP_CatBoostModel_Alpha158_csi300_custom_step0_s_20260727_14,b50773b62fd4473a8c325626d963c724,0.048,,,
3983,2026-07-27,SZ002625,-0.05947036903796962,EXP_CatBoostModel_Alpha158_csi300_custom_step0_s_20260727_14,b50773b62fd4473a8c325626d963c724,0.048,,,
3984,2026-07-27,SZ002648,-0.055489279488418,EXP_CatBoostModel_Alpha158_csi300_custom_step0_s_20260727_14,b50773b62fd4473a8c325626d963c724,0.048,,,
3985,2026-07-27,SZ300394,0.0010008757324476622,EXP_CatBoostModel_Alpha158_csi300_custom_step0_s_20260727_14,b50773b62fd4473a8c325626d963c724,0.048,,,
3986,2026-07-27,SZ300316,0.022476808568413442,EXP_CatBoostModel_Alpha158_csi300_custom_step0_s_20260727_14,b50773b62fd4473a8c325626d963c724,0.048,,,
3987,2026-07-27,SZ300308,-0.041433334913010815,EXP_CatBoostModel_Alpha158_csi300_custom_step0_s_20260727_14,b50773b62fd4473a8c325626d963c724,0.048,,,
3988,2026-07-27,SZ300274,0.023560883391627367,EXP_CatBoostModel_Alpha158_csi300_custom_step0_s_20260727_14,b50773b62fd4473a8c325626d963c724,0.048,,,
3989,2026-07-27,SZ300251,-0.021663631012435205,EXP_CatBoostModel_Alpha158_csi300_custom_step0_s_20260727_14,b50773b62fd4473a8c325626d963c724,0.048,,,
3990,2026-07-27,SZ300124,-0.009368430286792578,EXP_CatBoostModel_Alpha158_csi300_custom_step0_s_20260727_14,b50773b62fd4473a8c325626d963c724,0.048,,,
3991,2026-07-27,SZ300122,-0.05132883528756529,EXP_CatBoostModel_Alpha158_csi300_custom_step0_s_20260727_14,b50773b62fd4473a8c325626d963c724,0.048,,,
3992,2026-07-27,SZ300059,-0.051793016600262226,EXP_CatBoostModel_Alpha158_csi300_custom_step0_s_20260727_14,b50773b62fd4473a8c325626d963c724,0.048,,,
3993,2026-07-27,SZ300033,-0.045655126664176544,EXP_CatBoostModel_Alpha158_csi300_custom_step0_s_20260727_14,b50773b62fd4473a8c325626d963c724,0.048,,,
3994,2026-07-27,SZ300015,-0.016097325268185792,EXP_CatBoostModel_Alpha158_csi300_custom_step0_s_20260727_14,b50773b62fd4473a8c325626d963c724,0.048,,,
3995,2026-07-27,SZ300014,-0.012881861894689537,EXP_CatBoostModel_Alpha158_csi300_custom_step0_s_20260727_14,b50773b62fd4473a8c325626d963c724,0.048,,,
3996,2026-07-27,SZ003816,0.0036272784150384284,EXP_CatBoostModel_Alpha158_csi300_custom_step0_s_20260727_14,b50773b62fd4473a8c325626d963c724,0.048,,,
3997,2026-07-27,SZ002938,-0.030209926266176492,EXP_CatBoostModel_Alpha158_csi300_custom_step0_s_20260727_14,b50773b62fd4473a8c325626d963c724,0.048,,,
3998,2026-07-27,SZ002920,-0.021436093661592753,EXP_CatBoostModel_Alpha158_csi300_custom_step0_s_20260727_14,b50773b62fd4473a8c325626d963c724,0.048,,,
3999,2026-07-27,SZ002916,0.021911411291712042,EXP_CatBoostModel_Alpha158_csi300_custom_step0_s_20260727_14,b50773b62fd4473a8c325626d963c724,0.048,,,
4000,2026-07-27,SZ002837,-0.02786690407039179,EXP_CatBoostModel_Alpha158_csi300_custom_step0_s_20260727_14,b50773b62fd4473a8c325626d963c724,0.048,,,
4001,2026-07-27,SZ002736,0.03221861525115375,EXP_CatBoostModel_Alpha158_csi300_custom_step0_s_20260727_14,b50773b62fd4473a8c325626d963c724,0.048,,,
4002,2026-07-27,SZ002714,-0.023816744116106275,EXP_CatBoostModel_Alpha158_csi300_custom_step0_s_20260727_14,b50773b62fd4473a8c325626d963c724,0.048,,,
4003,2026-07-27,SZ002709,0.07671662629608203,EXP_CatBoostModel_Alpha158_csi300_custom_step0_s_20260727_14,b50773b62fd4473a8c325626d963c724,0.048,,,
4004,2026-07-27,SH600066,-0.037046267624296025,EXP_CatBoostModel_Alpha158_csi300_custom_step0_s_20260727_14,6a0f6078febb4676baa4ca99a7ee636f,0.061,,,
4005,2026-07-27,SZ002230,-0.056212142323616994,EXP_CatBoostModel_Alpha158_csi300_custom_step0_s_20260727_14,b50773b62fd4473a8c325626d963c724,0.048,,,
4006,2026-07-27,SH600085,-0.01698437218381037,EXP_CatBoostModel_Alpha158_csi300_custom_step0_s_20260727_14,6a0f6078febb4676baa4ca99a7ee636f,0.061,,,
4007,2026-07-27,SH600104,-0.0036276729478433257,EXP_CatBoostModel_Alpha158_csi300_custom_step0_s_20260727_14,6a0f6078febb4676baa4ca99a7ee636f,0.061,,,
4008,2026-07-27,SH601018,0.016604650491430582,EXP_CatBoostModel_Alpha158_csi300_custom_step0_s_20260727_14,6a0f6078febb4676baa4ca99a7ee636f,0.061,,,
4009,2026-07-27,SH601012,-0.042967814904276876,EXP_CatBoostModel_Alpha158_csi300_custom_step0_s_20260727_14,6a0f6078febb4676baa4ca99a7ee636f,0.061,,,
4010,2026-07-27,SH601009,0.0054301973251758145,EXP_CatBoostModel_Alpha158_csi300_custom_step0_s_20260727_14,6a0f6078febb4676baa4ca99a7ee636f,0.061,,,
4011,2026-07-27,SH601006,0.02350882931288981,EXP_CatBoostModel_Alpha158_csi300_custom_step0_s_20260727_14,6a0f6078febb4676baa4ca99a7ee636f,0.061,,,
4012,2026-07-27,SH600999,-0.06868927156364124,EXP_CatBoostModel_Alpha158_csi300_custom_step0_s_20260727_14,6a0f6078febb4676baa4ca99a7ee636f,0.061,,,
4013,2026-07-27,SH600989,-0.07382766175219112,EXP_CatBoostModel_Alpha158_csi300_custom_step0_s_20260727_14,6a0f6078febb4676baa4ca99a7ee636f,0.061,,,
4014,2026-07-27,SH600958,-0.017150912406926885,EXP_CatBoostModel_Alpha158_csi300_custom_step0_s_20260727_14,6a0f6078febb4676baa4ca99a7ee636f,0.061,,,
4015,2026-07-27,SH600941,0.029305820326191407,EXP_CatBoostModel_Alpha158_csi300_custom_step0_s_20260727_14,6a0f6078febb4676baa4ca99a7ee636f,0.061,,,
4016,2026-07-27,SH601021,0.017815499614035696,EXP_CatBoostModel_Alpha158_csi300_custom_step0_s_20260727_14,6a0f6078febb4676baa4ca99a7ee636f,0.061,,,
4017,2026-07-27,SH600938,-0.08040912949708459,EXP_CatBoostModel_Alpha158_csi300_custom_step0_s_20260727_14,6a0f6078febb4676baa4ca99a7ee636f,0.061,,,
4018,2026-07-27,SH600926,-0.015583583751352145,EXP_CatBoostModel_Alpha158_csi300_custom_step0_s_20260727_14,6a0f6078febb4676baa4ca99a7ee636f,0.061,,,
4019,2026-07-27,SH600919,0.03146016442979537,EXP_CatBoostModel_Alpha158_csi300_custom_step0_s_20260727_14,6a0f6078febb4676baa4ca99a7ee636f,0.061,,,
4020,2026-07-27,SH600918,-0.012650144171031887,EXP_CatBoostModel_Alpha158_csi300_custom_step0_s_20260727_14,6a0f6078febb4676baa4ca99a7ee636f,0.061,,,
4021,2026-07-27,SH600905,0.007123753089270066,EXP_CatBoostModel_Alpha158_csi300_custom_step0_s_20260727_14,6a0f6078febb4676baa4ca99a7ee636f,0.061,,,
4022,2026-07-27,SH600900,0.027236987217084434,EXP_CatBoostModel_Alpha158_csi300_custom_step0_s_20260727_14,6a0f6078febb4676baa4ca99a7ee636f,0.061,,,
4023,2026-07-27,SH600893,0.001967188536109823,EXP_CatBoostModel_Alpha158_csi300_custom_step0_s_20260727_14,6a0f6078febb4676baa4ca99a7ee636f,0.061,,,
4024,2026-07-27,SH600887,0.022627942793968278,EXP_CatBoostModel_Alpha158_csi300_custom_step0_s_20260727_14,6a0f6078febb4676baa4ca99a7ee636f,0.061,,,
4025,2026-07-27,SH600886,0.013129677886874785,EXP_CatBoostModel_Alpha158_csi300_custom_step0_s_20260727_14,6a0f6078febb4676baa4ca99a7ee636f,0.061,,,
4026,2026-07-27,SH600930,0.0012327438438652768,EXP_CatBoostModel_Alpha158_csi300_custom_step0_s_20260727_14,6a0f6078febb4676baa4ca99a7ee636f,0.061,,,
4027,2026-07-27,SH600875,-0.03410419299451453,EXP_CatBoostModel_Alpha158_csi300_custom_step0_s_20260727_14,6a0f6078febb4676baa4ca99a7ee636f,0.061,,,
4028,2026-07-27,SH601058,-0.023750907833532123,EXP_CatBoostModel_Alpha158_csi300_custom_step0_s_20260727_14,6a0f6078febb4676baa4ca99a7ee636f,0.061,,,
4029,2026-07-27,SH601066,-0.06051031326061432,EXP_CatBoostModel_Alpha158_csi300_custom_step0_s_20260727_14,6a0f6078febb4676baa4ca99a7ee636f,0.061,,,
4030,2026-07-27,SH601319,-0.007962194904675902,EXP_CatBoostModel_Alpha158_csi300_custom_step0_s_20260727_14,6a0f6078febb4676baa4ca99a7ee636f,0.061,,,
4031,2026-07-27,SH601318,0.006521191726576852,EXP_CatBoostModel_Alpha158_csi300_custom_step0_s_20260727_14,6a0f6078febb4676baa4ca99a7ee636f,0.061,,,
4032,2026-07-27,SH601288,0.010690037239832726,EXP_CatBoostModel_Alpha158_csi300_custom_step0_s_20260727_14,6a0f6078febb4676baa4ca99a7ee636f,0.061,,,
4033,2026-07-27,SH601238,-0.004690243906757235,EXP_CatBoostModel_Alpha158_csi300_custom_step0_s_20260727_14,6a0f6078febb4676baa4ca99a7ee636f,0.061,,,
4034,2026-07-27,SH601229,0.030782866969777476,EXP_CatBoostModel_Alpha158_csi300_custom_step0_s_20260727_14,6a0f6078febb4676baa4ca99a7ee636f,0.061,,,
4035,2026-07-27,SH601225,-0.04662205686723995,EXP_CatBoostModel_Alpha158_csi300_custom_step0_s_20260727_14,6a0f6078febb4676baa4ca99a7ee636f,0.061,,,
4036,2026-07-27,SH601211,-0.013045818330969525,EXP_CatBoostModel_Alpha158_csi300_custom_step0_s_20260727_14,6a0f6078febb4676baa4ca99a7ee636f,0.061,,,
4037,2026-07-27,SH601186,0.02282436807303989,EXP_CatBoostModel_Alpha158_csi300_custom_step0_s_20260727_14,6a0f6078febb4676baa4ca99a7ee636f,0.061,,,
4038,2026-07-27,SH601059,0.010457609340906126,EXP_CatBoostModel_Alpha158_csi300_custom_step0_s_20260727_14,6a0f6078febb4676baa4ca99a7ee636f,0.061,,,
4039,2026-07-27,SH601169,0.029660066513958236,EXP_CatBoostModel_Alpha158_csi300_custom_step0_s_20260727_14,6a0f6078febb4676baa4ca99a7ee636f,0.061,,,
4040,2026-07-27,SH601138,-0.032497901815835596,EXP_CatBoostModel_Alpha158_csi300_custom_step0_s_20260727_14,6a0f6078febb4676baa4ca99a7ee636f,0.061,,,
4041,2026-07-27,SH601136,-0.028249907781298576,EXP_CatBoostModel_Alpha158_csi300_custom_step0_s_20260727_14,6a0f6078febb4676baa4ca99a7ee636f,0.061,,,
4042,2026-07-27,SH601127,-0.006292450610439965,EXP_CatBoostModel_Alpha158_csi300_custom_step0_s_20260727_14,6a0f6078febb4676baa4ca99a7ee636f,0.061,,,
4043,2026-07-27,SH601117,-0.015124523679011716,EXP_CatBoostModel_Alpha158_csi300_custom_step0_s_20260727_14,6a0f6078febb4676baa4ca99a7ee636f,0.061,,,
4044,2026-07-27,SH601111,-0.0032240707322842496,EXP_CatBoostModel_Alpha158_csi300_custom_step0_s_20260727_14,6a0f6078febb4676baa4ca99a7ee636f,0.061,,,
4045,2026-07-27,SH601100,-0.013014556100224589,EXP_CatBoostModel_Alpha158_csi300_custom_step0_s_20260727_14,6a0f6078febb4676baa4ca99a7ee636f,0.061,,,
4046,2026-07-27,SH601088,0.004547994530160462,EXP_CatBoostModel_Alpha158_csi300_custom_step0_s_20260727_14,6a0f6078febb4676baa4ca99a7ee636f,0.061,,,
4047,2026-07-27,SH601077,0.007284013930744201,EXP_CatBoostModel_Alpha158_csi300_custom_step0_s_20260727_14,6a0f6078febb4676baa4ca99a7ee636f,0.061,,,
4048,2026-07-27,SH601166,0.024360326477957932,EXP_CatBoostModel_Alpha158_csi300_custom_step0_s_20260727_14,6a0f6078febb4676baa4ca99a7ee636f,0.061,,,
4049,2026-07-27,SH600845,-0.04232771135831424,EXP_CatBoostModel_Alpha158_csi300_custom_step0_s_20260727_14,6a0f6078febb4676baa4ca99a7ee636f,0.061,,,
4050,2026-07-27,SH600809,-0.022560980151752442,EXP_CatBoostModel_Alpha158_csi300_custom_step0_s_20260727_14,6a0f6078febb4676baa4ca99a7ee636f,0.061,,,
4051,2026-07-27,SH600803,-0.02693873581435448,EXP_CatBoostModel_Alpha158_csi300_custom_step0_s_20260727_14,6a0f6078febb4676baa4ca99a7ee636f,0.061,,,
4052,2026-07-27,SH600406,-0.02811416191089844,EXP_CatBoostModel_Alpha158_csi300_custom_step0_s_20260727_14,6a0f6078febb4676baa4ca99a7ee636f,0.061,,,
4053,2026-07-27,SH600372,0.013337305951511285,EXP_CatBoostModel_Alpha158_csi300_custom_step0_s_20260727_14,6a0f6078febb4676baa4ca99a7ee636f,0.061,,,
4054,2026-07-27,SH600362,-0.0769076709070888,EXP_CatBoostModel_Alpha158_csi300_custom_step0_s_20260727_14,6a0f6078febb4676baa4ca99a7ee636f,0.061,,,
4055,2026-07-27,SH600346,-0.04728892880775424,EXP_CatBoostModel_Alpha158_csi300_custom_step0_s_20260727_14,6a0f6078febb4676baa4ca99a7ee636f,0.061,,,
4056,2026-07-27,SH600309,-0.03441132072759097,EXP_CatBoostModel_Alpha158_csi300_custom_step0_s_20260727_14,6a0f6078febb4676baa4ca99a7ee636f,0.061,,,
4057,2026-07-27,SH600276,-0.02559306553531278,EXP_CatBoostModel_Alpha158_csi300_custom_step0_s_20260727_14,6a0f6078febb4676baa4ca99a7ee636f,0.061,,,
4058,2026-07-27,SH600233,-0.0431028778747661,EXP_CatBoostModel_Alpha158_csi300_custom_step0_s_20260727_14,6a0f6078febb4676baa4ca99a7ee636f,0.061,,,
4059,2026-07-27,SH600221,0.010701966454285948,EXP_CatBoostModel_Alpha158_csi300_custom_step0_s_20260727_14,6a0f6078febb4676baa4ca99a7ee636f,0.061,,,
4060,2026-07-27,SH600415,-0.023581676987247998,EXP_CatBoostModel_Alpha158_csi300_custom_step0_s_20260727_14,6a0f6078febb4676baa4ca99a7ee636f,0.061,,,
4061,2026-07-27,SH600219,-0.1096824916894475,EXP_CatBoostModel_Alpha158_csi300_custom_step0_s_20260727_14,6a0f6078febb4676baa4ca99a7ee636f,0.061,,,
4062,2026-07-27,SH600188,-0.024836158739798327,EXP_CatBoostModel_Alpha158_csi300_custom_step0_s_20260727_14,6a0f6078febb4676baa4ca99a7ee636f,0.061,,,
4063,2026-07-27,SH600183,0.14876416334171855,EXP_CatBoostModel_Alpha158_csi300_custom_step0_s_20260727_14,6a0f6078febb4676baa4ca99a7ee636f,0.061,,,
4064,2026-07-27,SH600176,0.23058619391762686,EXP_CatBoostModel_Alpha158_csi300_custom_step0_s_20260727_14,6a0f6078febb4676baa4ca99a7ee636f,0.061,,,
4065,2026-07-27,SH600160,-0.0014252547294515924,EXP_CatBoostModel_Alpha158_csi300_custom_step0_s_20260727_14,6a0f6078febb4676baa4ca99a7ee636f,0.061,,,
4066,2026-07-27,SH600150,-0.02433548998329342,EXP_CatBoostModel_Alpha158_csi300_custom_step0_s_20260727_14,6a0f6078febb4676baa4ca99a7ee636f,0.061,,,
4067,2026-07-27,SH600118,-0.015743411412395887,EXP_CatBoostModel_Alpha158_csi300_custom_step0_s_20260727_14,6a0f6078febb4676baa4ca99a7ee636f,0.061,,,
4068,2026-07-27,SH600115,-0.012627930722298727,EXP_CatBoostModel_Alpha158_csi300_custom_step0_s_20260727_14,6a0f6078febb4676baa4ca99a7ee636f,0.061,,,
4069,2026-07-27,SH600111,0.04894268754794473,EXP_CatBoostModel_Alpha158_csi300_custom_step0_s_20260727_14,6a0f6078febb4676baa4ca99a7ee636f,0.061,,,
4070,2026-07-27,SH600196,-0.027563937922505503,EXP_CatBoostModel_Alpha158_csi300_custom_step0_s_20260727_14,6a0f6078febb4676baa4ca99a7ee636f,0.061,,,
4071,2026-07-27,SH600426,-0.07259333126456248,EXP_CatBoostModel_Alpha158_csi300_custom_step0_s_20260727_14,6a0f6078febb4676baa4ca99a7ee636f,0.061,,,
4072,2026-07-27,SH600436,-0.012941593414654543,EXP_CatBoostModel_Alpha158_csi300_custom_step0_s_20260727_14,6a0f6078febb4676baa4ca99a7ee636f,0.061,,,
4073,2026-07-27,SH600438,-0.0019252339073003244,EXP_CatBoostModel_Alpha158_csi300_custom_step0_s_20260727_14,6a0f6078febb4676baa4ca99a7ee636f,0.061,,,
4074,2026-07-27,SH600795,0.012839206865616837,EXP_CatBoostModel_Alpha158_csi300_custom_step0_s_20260727_14,6a0f6078febb4676baa4ca99a7ee636f,0.061,,,
4075,2026-07-27,SH600760,-0.01175943440752819,EXP_CatBoostModel_Alpha158_csi300_custom_step0_s_20260727_14,6a0f6078febb4676baa4ca99a7ee636f,0.061,,,
4076,2026-07-27,SH600741,0.024387886081450885,EXP_CatBoostModel_Alpha158_csi300_custom_step0_s_20260727_14,6a0f6078febb4676baa4ca99a7ee636f,0.061,,,
4077,2026-07-27,SH600690,0.003647079985934493,EXP_CatBoostModel_Alpha158_csi300_custom_step0_s_20260727_14,6a0f6078febb4676baa4ca99a7ee636f,0.061,,,
4078,2026-07-27,SH600674,0.021215056419441245,EXP_CatBoostModel_Alpha158_csi300_custom_step0_s_20260727_14,6a0f6078febb4676baa4ca99a7ee636f,0.061,,,
4079,2026-07-27,SH600660,0.012524669947778259,EXP_CatBoostModel_Alpha158_csi300_custom_step0_s_20260727_14,6a0f6078febb4676baa4ca99a7ee636f,0.061,,,
4080,2026-07-27,SH600600,0.0028068929686689732,EXP_CatBoostModel_Alpha158_csi300_custom_step0_s_20260727_14,6a0f6078febb4676baa4ca99a7ee636f,0.061,,,
4081,2026-07-27,SH600588,-0.04864326016966376,EXP_CatBoostModel_Alpha158_csi300_custom_step0_s_20260727_14,6a0f6078febb4676baa4ca99a7ee636f,0.061,,,
4082,2026-07-27,SH600585,0.0037768439382245256,EXP_CatBoostModel_Alpha158_csi300_custom_step0_s_20260727_14,6a0f6078febb4676baa4ca99a7ee636f,0.061,,,
4083,2026-07-27,SH600584,-0.08344216132340389,EXP_CatBoostModel_Alpha158_csi300_custom_step0_s_20260727_14,6a0f6078febb4676baa4ca99a7ee636f,0.061,,,
4084,2026-07-27,SH600570,-0.02524577097268496,EXP_CatBoostModel_Alpha158_csi300_custom_step0_s_20260727_14,6a0f6078febb4676baa4ca99a7ee636f,0.061,,,
4085,2026-07-27,SH600549,0.013959788932164235,EXP_CatBoostModel_Alpha158_csi300_custom_step0_s_20260727_14,6a0f6078febb4676baa4ca99a7ee636f,0.061,,,
4086,2026-07-27,SH600547,-0.04126008728680218,EXP_CatBoostModel_Alpha158_csi300_custom_step0_s_20260727_14,6a0f6078febb4676baa4ca99a7ee636f,0.061,,,
4087,2026-07-27,SH600522,0.0541958227794434,EXP_CatBoostModel_Alpha158_csi300_custom_step0_s_20260727_14,6a0f6078febb4676baa4ca99a7ee636f,0.061,,,
4088,2026-07-27,SH600519,0.0029400343201072443,EXP_CatBoostModel_Alpha158_csi300_custom_step0_s_20260727_14,6a0f6078febb4676baa4ca99a7ee636f,0.061,,,
4089,2026-07-27,SH600515,-0.0012936063795147149,EXP_CatBoostModel_Alpha158_csi300_custom_step0_s_20260727_14,6a0f6078febb4676baa4ca99a7ee636f,0.061,,,
4090,2026-07-27,SH600489,-0.0381214695834743,EXP_CatBoostModel_Alpha158_csi300_custom_step0_s_20260727_14,6a0f6078febb4676baa4ca99a7ee636f,0.061,,,
4091,2026-07-27,SH600482,-0.06458963704002384,EXP_CatBoostModel_Alpha158_csi300_custom_step0_s_20260727_14,6a0f6078febb4676baa4ca99a7ee636f,0.061,,,
4092,2026-07-27,SH600460,-0.02374582226495712,EXP_CatBoostModel_Alpha158_csi300_custom_step0_s_20260727_14,6a0f6078febb4676baa4ca99a7ee636f,0.061,,,
4093,2026-07-27,SH600089,-0.043503701727845324,EXP_CatBoostModel_Alpha158_csi300_custom_step0_s_20260727_14,6a0f6078febb4676baa4ca99a7ee636f,0.061,,,
4094,2026-07-27,SZ002202,0.012981399444627669,EXP_CatBoostModel_Alpha158_csi300_custom_step0_s_20260727_14,b50773b62fd4473a8c325626d963c724,0.048,,,
4095,2026-07-27,SZ002179,0.027337385773153682,EXP_CatBoostModel_Alpha158_csi300_custom_step0_s_20260727_14,b50773b62fd4473a8c325626d963c724,0.048,,,
4096,2026-07-27,SZ002142,0.007159160126716004,EXP_CatBoostModel_Alpha158_csi300_custom_step0_s_20260727_14,b50773b62fd4473a8c325626d963c724,0.048,,,
4097,2026-07-27,SH601607,0.00747855968279879,EXP_CatBoostModel_Alpha158_csi300_custom_step0_s_20260727_14,b50773b62fd4473a8c325626d963c724,0.048,,,
4098,2026-07-27,SH601601,-0.004604003213058946,EXP_CatBoostModel_Alpha158_csi300_custom_step0_s_20260727_14,b50773b62fd4473a8c325626d963c724,0.048,,,
4099,2026-07-27,SH601600,-0.04237002887347536,EXP_CatBoostModel_Alpha158_csi300_custom_step0_s_20260727_14,b50773b62fd4473a8c325626d963c724,0.048,,,
4100,2026-07-27,SH601456,0.018969942449153048,EXP_CatBoostModel_Alpha158_csi300_custom_step0_s_20260727_14,b50773b62fd4473a8c325626d963c724,0.048,,,
4101,2026-07-27,SH601398,0.019622221507579186,EXP_CatBoostModel_Alpha158_csi300_custom_step0_s_20260727_14,b50773b62fd4473a8c325626d963c724,0.048,,,
4102,2026-07-27,SH601390,0.007872941526745551,EXP_CatBoostModel_Alpha158_csi300_custom_step0_s_20260727_14,b50773b62fd4473a8c325626d963c724,0.048,,,
4103,2026-07-27,SH601377,0.03861533327501082,EXP_CatBoostModel_Alpha158_csi300_custom_step0_s_20260727_14,b50773b62fd4473a8c325626d963c724,0.048,,,
4104,2026-07-27,SH601360,-0.04359716074785155,EXP_CatBoostModel_Alpha158_csi300_custom_step0_s_20260727_14,b50773b62fd4473a8c325626d963c724,0.048,,,
4105,2026-07-27,SH601618,0.0024778952825791787,EXP_CatBoostModel_Alpha158_csi300_custom_step0_s_20260727_14,b50773b62fd4473a8c325626d963c724,0.048,,,
4106,2026-07-27,SH601336,-0.08577024880939219,EXP_CatBoostModel_Alpha158_csi300_custom_step0_s_20260727_14,b50773b62fd4473a8c325626d963c724,0.048,,,
4107,2026-07-27,SH601319,0.0007451445854175821,EXP_CatBoostModel_Alpha158_csi300_custom_step0_s_20260727_14,b50773b62fd4473a8c325626d963c724,0.048,,,
4108,2026-07-27,SH601318,0.003271896260760616,EXP_CatBoostModel_Alpha158_csi300_custom_step0_s_20260727_14,b50773b62fd4473a8c325626d963c724,0.048,,,
4109,2026-07-27,SH601288,0.011054963792417351,EXP_CatBoostModel_Alpha158_csi300_custom_step0_s_20260727_14,b50773b62fd4473a8c325626d963c724,0.048,,,
4110,2026-07-27,SH601238,0.0025953857493090675,EXP_CatBoostModel_Alpha158_csi300_custom_step0_s_20260727_14,b50773b62fd4473a8c325626d963c724,0.048,,,
4111,2026-07-27,SH601229,0.04309053514009091,EXP_CatBoostModel_Alpha158_csi300_custom_step0_s_20260727_14,b50773b62fd4473a8c325626d963c724,0.048,,,
4112,2026-07-27,SH601225,-0.05711109932599691,EXP_CatBoostModel_Alpha158_csi300_custom_step0_s_20260727_14,b50773b62fd4473a8c325626d963c724,0.048,,,
4113,2026-07-27,SH601211,-0.014513432238554587,EXP_CatBoostModel_Alpha158_csi300_custom_step0_s_20260727_14,b50773b62fd4473a8c325626d963c724,0.048,,,
4114,2026-07-27,SH601186,0.02238194199379535,EXP_CatBoostModel_Alpha158_csi300_custom_step0_s_20260727_14,b50773b62fd4473a8c325626d963c724,0.048,,,
4115,2026-07-27,SH601328,0.027145712473506816,EXP_CatBoostModel_Alpha158_csi300_custom_step0_s_20260727_14,b50773b62fd4473a8c325626d963c724,0.048,,,
4116,2026-07-27,SH601169,0.02710131635796904,EXP_CatBoostModel_Alpha158_csi300_custom_step0_s_20260727_14,b50773b62fd4473a8c325626d963c724,0.048,,,
4117,2026-07-27,SH601628,-0.013072680929167422,EXP_CatBoostModel_Alpha158_csi300_custom_step0_s_20260727_14,b50773b62fd4473a8c325626d963c724,0.048,,,
4118,2026-07-27,SH601658,0.021439120985168123,EXP_CatBoostModel_Alpha158_csi300_custom_step0_s_20260727_14,b50773b62fd4473a8c325626d963c724,0.048,,,
4119,2026-07-27,SH601877,-0.0007090094314303796,EXP_CatBoostModel_Alpha158_csi300_custom_step0_s_20260727_14,b50773b62fd4473a8c325626d963c724,0.048,,,
4120,2026-07-27,SH601872,-0.007385663251108014,EXP_CatBoostModel_Alpha158_csi300_custom_step0_s_20260727_14,b50773b62fd4473a8c325626d963c724,0.048,,,
4121,2026-07-27,SH601868,-0.005509560970145485,EXP_CatBoostModel_Alpha158_csi300_custom_step0_s_20260727_14,b50773b62fd4473a8c325626d963c724,0.048,,,
4122,2026-07-27,SH601857,-0.07177392171774795,EXP_CatBoostModel_Alpha158_csi300_custom_step0_s_20260727_14,b50773b62fd4473a8c325626d963c724,0.048,,,
4123,2026-07-27,SH601838,0.019298321030818532,EXP_CatBoostModel_Alpha158_csi300_custom_step0_s_20260727_14,b50773b62fd4473a8c325626d963c724,0.048,,,
4124,2026-07-27,SH601825,-0.021305594682155468,EXP_CatBoostModel_Alpha158_csi300_custom_step0_s_20260727_14,b50773b62fd4473a8c325626d963c724,0.048,,,
4125,2026-07-27,SH601818,0.024114647093254008,EXP_CatBoostModel_Alpha158_csi300_custom_step0_s_20260727_14,b50773b62fd4473a8c325626d963c724,0.048,,,
4126,2026-07-27,SH601816,0.01963043569541608,EXP_CatBoostModel_Alpha158_csi300_custom_step0_s_20260727_14,b50773b62fd4473a8c325626d963c724,0.048,,,
4127,2026-07-27,SH601633,-0.01610264527990971,EXP_CatBoostModel_Alpha158_csi300_custom_step0_s_20260727_14,b50773b62fd4473a8c325626d963c724,0.048,,,
4128,2026-07-27,SH601800,0.0011195467583374433,EXP_CatBoostModel_Alpha158_csi300_custom_step0_s_20260727_14,b50773b62fd4473a8c325626d963c724,0.048,,,
4129,2026-07-27,SH601766,0.015717409449665255,EXP_CatBoostModel_Alpha158_csi300_custom_step0_s_20260727_14,b50773b62fd4473a8c325626d963c724,0.048,,,
4130,2026-07-27,SH601728,0.004505434811345182,EXP_CatBoostModel_Alpha158_csi300_custom_step0_s_20260727_14,b50773b62fd4473a8c325626d963c724,0.048,,,
4131,2026-07-27,SH601727,-0.011238397645236896,EXP_CatBoostModel_Alpha158_csi300_custom_step0_s_20260727_14,b50773b62fd4473a8c325626d963c724,0.048,,,
4132,2026-07-27,SH601698,0.004017691723197818,EXP_CatBoostModel_Alpha158_csi300_custom_step0_s_20260727_14,b50773b62fd4473a8c325626d963c724,0.048,,,
4133,2026-07-27,SH601689,-0.008726303400214063,EXP_CatBoostModel_Alpha158_csi300_custom_step0_s_20260727_14,b50773b62fd4473a8c325626d963c724,0.048,,,
4134,2026-07-27,SH601688,-0.004737434035082629,EXP_CatBoostModel_Alpha158_csi300_custom_step0_s_20260727_14,b50773b62fd4473a8c325626d963c724,0.048,,,
4135,2026-07-27,SH601669,0.004516500809310978,EXP_CatBoostModel_Alpha158_csi300_custom_step0_s_20260727_14,b50773b62fd4473a8c325626d963c724,0.048,,,
4136,2026-07-27,SH601668,0.022601542167852665,EXP_CatBoostModel_Alpha158_csi300_custom_step0_s_20260727_14,b50773b62fd4473a8c325626d963c724,0.048,,,
4137,2026-07-27,SH601788,0.02893506937084231,EXP_CatBoostModel_Alpha158_csi300_custom_step0_s_20260727_14,b50773b62fd4473a8c325626d963c724,0.048,,,
4138,2026-07-27,SH601166,0.018265001475977635,EXP_CatBoostModel_Alpha158_csi300_custom_step0_s_20260727_14,b50773b62fd4473a8c325626d963c724,0.048,,,
4139,2026-07-27,SH601138,-0.04125922643903649,EXP_CatBoostModel_Alpha158_csi300_custom_step0_s_20260727_14,b50773b62fd4473a8c325626d963c724,0.048,,,
4140,2026-07-27,SH601136,-0.04332601353065798,EXP_CatBoostModel_Alpha158_csi300_custom_step0_s_20260727_14,b50773b62fd4473a8c325626d963c724,0.048,,,
4141,2026-07-27,SH600905,0.0025384829719904455,EXP_CatBoostModel_Alpha158_csi300_custom_step0_s_20260727_14,b50773b62fd4473a8c325626d963c724,0.048,,,
4142,2026-07-27,SH600900,0.0231153803592342,EXP_CatBoostModel_Alpha158_csi300_custom_step0_s_20260727_14,b50773b62fd4473a8c325626d963c724,0.048,,,
4143,2026-07-27,SH600893,-0.021472448893722136,EXP_CatBoostModel_Alpha158_csi300_custom_step0_s_20260727_14,b50773b62fd4473a8c325626d963c724,0.048,,,
4144,2026-07-27,SH600887,0.02485252211293801,EXP_CatBoostModel_Alpha158_csi300_custom_step0_s_20260727_14,b50773b62fd4473a8c325626d963c724,0.048,,,
4145,2026-07-27,SH600886,0.015981747390021752,EXP_CatBoostModel_Alpha158_csi300_custom_step0_s_20260727_14,b50773b62fd4473a8c325626d963c724,0.048,,,
4146,2026-07-27,SH600875,-0.02936514354464626,EXP_CatBoostModel_Alpha158_csi300_custom_step0_s_20260727_14,b50773b62fd4473a8c325626d963c724,0.048,,,
4147,2026-07-27,SH600845,-0.019820001308346172,EXP_CatBoostModel_Alpha158_csi300_custom_step0_s_20260727_14,b50773b62fd4473a8c325626d963c724,0.048,,,
4148,2026-07-27,SH600809,-0.03220781282882366,EXP_CatBoostModel_Alpha158_csi300_custom_step0_s_20260727_14,b50773b62fd4473a8c325626d963c724,0.048,,,
4149,2026-07-27,SH600918,0.0005936700376310895,EXP_CatBoostModel_Alpha158_csi300_custom_step0_s_20260727_14,b50773b62fd4473a8c325626d963c724,0.048,,,
4150,2026-07-27,SH600803,-0.022435632926516184,EXP_CatBoostModel_Alpha158_csi300_custom_step0_s_20260727_14,b50773b62fd4473a8c325626d963c724,0.048,,,
4151,2026-07-27,SH600760,-0.006706524049327029,EXP_CatBoostModel_Alpha158_csi300_custom_step0_s_20260727_14,b50773b62fd4473a8c325626d963c724,0.048,,,
4152,2026-07-27,SH600741,0.019171882925636718,EXP_CatBoostModel_Alpha158_csi300_custom_step0_s_20260727_14,b50773b62fd4473a8c325626d963c724,0.048,,,
4153,2026-07-27,SH600690,0.02231444140724471,EXP_CatBoostModel_Alpha158_csi300_custom_step0_s_20260727_14,b50773b62fd4473a8c325626d963c724,0.048,,,
4154,2026-07-27,SH600674,0.02625644150999674,EXP_CatBoostModel_Alpha158_csi300_custom_step0_s_20260727_14,b50773b62fd4473a8c325626d963c724,0.048,,,
4155,2026-07-27,SH600660,0.0014095692260756405,EXP_CatBoostModel_Alpha158_csi300_custom_step0_s_20260727_14,b50773b62fd4473a8c325626d963c724,0.048,,,
4156,2026-07-27,SH600600,-0.002011039189133284,EXP_CatBoostModel_Alpha158_csi300_custom_step0_s_20260727_14,b50773b62fd4473a8c325626d963c724,0.048,,,
4157,2026-07-27,SH600588,-0.03737376361592034,EXP_CatBoostModel_Alpha158_csi300_custom_step0_s_20260727_14,b50773b62fd4473a8c325626d963c724,0.048,,,
4158,2026-07-27,SH600585,0.003924928343535522,EXP_CatBoostModel_Alpha158_csi300_custom_step0_s_20260727_14,b50773b62fd4473a8c325626d963c724,0.048,,,
4159,2026-07-27,SH600795,0.017787816442000694,EXP_CatBoostModel_Alpha158_csi300_custom_step0_s_20260727_14,b50773b62fd4473a8c325626d963c724,0.048,,,
4160,2026-07-27,SH600919,0.029632720453273878,EXP_CatBoostModel_Alpha158_csi300_custom_step0_s_20260727_14,b50773b62fd4473a8c325626d963c724,0.048,,,
4161,2026-07-27,SH600926,-0.0033571732361613107,EXP_CatBoostModel_Alpha158_csi300_custom_step0_s_20260727_14,b50773b62fd4473a8c325626d963c724,0.048,,,
4162,2026-07-27,SH600930,0.0059412793894074774,EXP_CatBoostModel_Alpha158_csi300_custom_step0_s_20260727_14,b50773b62fd4473a8c325626d963c724,0.048,,,
4163,2026-07-27,SH601127,0.008341299944206858,EXP_CatBoostModel_Alpha158_csi300_custom_step0_s_20260727_14,b50773b62fd4473a8c325626d963c724,0.048,,,
4164,2026-07-27,SH601117,0.01047849225626927,EXP_CatBoostModel_Alpha158_csi300_custom_step0_s_20260727_14,b50773b62fd4473a8c325626d963c724,0.048,,,
4165,2026-07-27,SH601111,0.005190339933073565,EXP_CatBoostModel_Alpha158_csi300_custom_step0_s_20260727_14,b50773b62fd4473a8c325626d963c724,0.048,,,
4166,2026-07-27,SH601100,-0.004150347912748239,EXP_CatBoostModel_Alpha158_csi300_custom_step0_s_20260727_14,b50773b62fd4473a8c325626d963c724,0.048,,,
4167,2026-07-27,SH601088,-9.864139742631005e-05,EXP_CatBoostModel_Alpha158_csi300_custom_step0_s_20260727_14,b50773b62fd4473a8c325626d963c724,0.048,,,
4168,2026-07-27,SH601077,0.0139461227322721,EXP_CatBoostModel_Alpha158_csi300_custom_step0_s_20260727_14,b50773b62fd4473a8c325626d963c724,0.048,,,
4169,2026-07-27,SH601066,-0.08880852027288318,EXP_CatBoostModel_Alpha158_csi300_custom_step0_s_20260727_14,b50773b62fd4473a8c325626d963c724,0.048,,,
4170,2026-07-27,SH601059,0.01465252912218273,EXP_CatBoostModel_Alpha158_csi300_custom_step0_s_20260727_14,b50773b62fd4473a8c325626d963c724,0.048,,,
4171,2026-07-27,SH601058,-0.050924647555687305,EXP_CatBoostModel_Alpha158_csi300_custom_step0_s_20260727_14,b50773b62fd4473a8c325626d963c724,0.048,,,
4172,2026-07-27,SH601021,0.03435515594448242,EXP_CatBoostModel_Alpha158_csi300_custom_step0_s_20260727_14,b50773b62fd4473a8c325626d963c724,0.048,,,
4173,2026-07-27,SH601018,0.008124794464024658,EXP_CatBoostModel_Alpha158_csi300_custom_step0_s_20260727_14,b50773b62fd4473a8c325626d963c724,0.048,,,
4174,2026-07-27,SH601012,-0.0502391701678549,EXP_CatBoostModel_Alpha158_csi300_custom_step0_s_20260727_14,b50773b62fd4473a8c325626d963c724,0.048,,,
4175,2026-07-27,SH601009,0.015428208420083245,EXP_CatBoostModel_Alpha158_csi300_custom_step0_s_20260727_14,b50773b62fd4473a8c325626d963c724,0.048,,,
4176,2026-07-27,SH601006,0.009549372462937,EXP_CatBoostModel_Alpha158_csi300_custom_step0_s_20260727_14,b50773b62fd4473a8c325626d963c724,0.048,,,
4177,2026-07-27,SH600999,-0.06270936329339676,EXP_CatBoostModel_Alpha158_csi300_custom_step0_s_20260727_14,b50773b62fd4473a8c325626d963c724,0.048,,,
4178,2026-07-27,SH600989,-0.052485208620738424,EXP_CatBoostModel_Alpha158_csi300_custom_step0_s_20260727_14,b50773b62fd4473a8c325626d963c724,0.048,,,
4179,2026-07-27,SH600958,-0.005223452838099445,EXP_CatBoostModel_Alpha158_csi300_custom_step0_s_20260727_14,b50773b62fd4473a8c325626d963c724,0.048,,,
4180,2026-07-27,SH600941,0.014603381287736979,EXP_CatBoostModel_Alpha158_csi300_custom_step0_s_20260727_14,b50773b62fd4473a8c325626d963c724,0.048,,,
4181,2026-07-27,SH600938,-0.060243366462704895,EXP_CatBoostModel_Alpha158_csi300_custom_step0_s_20260727_14,b50773b62fd4473a8c325626d963c724,0.048,,,
4182,2026-07-27,SH601878,0.022050378716385724,EXP_CatBoostModel_Alpha158_csi300_custom_step0_s_20260727_14,b50773b62fd4473a8c325626d963c724,0.048,,,
4183,2026-07-27,SH601881,0.005865880713643694,EXP_CatBoostModel_Alpha158_csi300_custom_step0_s_20260727_14,b50773b62fd4473a8c325626d963c724,0.048,,,
4184,2026-07-27,SH601888,-0.04410519919934825,EXP_CatBoostModel_Alpha158_csi300_custom_step0_s_20260727_14,b50773b62fd4473a8c325626d963c724,0.048,,,
4185,2026-07-27,SH601898,-0.06912321725710327,EXP_CatBoostModel_Alpha158_csi300_custom_step0_s_20260727_14,b50773b62fd4473a8c325626d963c724,0.048,,,
4186,2026-07-27,SZ000708,0.005654368077613711,EXP_CatBoostModel_Alpha158_csi300_custom_step0_s_20260727_14,b50773b62fd4473a8c325626d963c724,0.048,,,
4187,2026-07-27,SZ000657,0.042122360798186646,EXP_CatBoostModel_Alpha158_csi300_custom_step0_s_20260727_14,b50773b62fd4473a8c325626d963c724,0.048,,,
4188,2026-07-27,SZ000651,0.018247632104723608,EXP_CatBoostModel_Alpha158_csi300_custom_step0_s_20260727_14,b50773b62fd4473a8c325626d963c724,0.048,,,
4189,2026-07-27,SZ000630,-0.060539004169711814,EXP_CatBoostModel_Alpha158_csi300_custom_step0_s_20260727_14,b50773b62fd4473a8c325626d963c724,0.048,,,
4190,2026-07-27,SZ000625,-0.0030288641498621345,EXP_CatBoostModel_Alpha158_csi300_custom_step0_s_20260727_14,b50773b62fd4473a8c325626d963c724,0.048,,,
4191,2026-07-27,SZ000617,-0.03579871332461284,EXP_CatBoostModel_Alpha158_csi300_custom_step0_s_20260727_14,b50773b62fd4473a8c325626d963c724,0.048,,,
4192,2026-07-27,SZ000596,0.005469431625048876,EXP_CatBoostModel_Alpha158_csi300_custom_step0_s_20260727_14,b50773b62fd4473a8c325626d963c724,0.048,,,
4193,2026-07-27,SZ000568,-0.005301352068606899,EXP_CatBoostModel_Alpha158_csi300_custom_step0_s_20260727_14,b50773b62fd4473a8c325626d963c724,0.048,,,
4194,2026-07-27,SZ000725,0.005757851075939812,EXP_CatBoostModel_Alpha158_csi300_custom_step0_s_20260727_14,b50773b62fd4473a8c325626d963c724,0.048,,,
4195,2026-07-27,SZ000538,0.008307136231894404,EXP_CatBoostModel_Alpha158_csi300_custom_step0_s_20260727_14,b50773b62fd4473a8c325626d963c724,0.048,,,
4196,2026-07-27,SZ000408,-0.015911859577732244,EXP_CatBoostModel_Alpha158_csi300_custom_step0_s_20260727_14,b50773b62fd4473a8c325626d963c724,0.048,,,
4197,2026-07-27,SZ000338,-0.09098122787696798,EXP_CatBoostModel_Alpha158_csi300_custom_step0_s_20260727_14,b50773b62fd4473a8c325626d963c724,0.048,,,
4198,2026-07-27,SZ000333,0.008680798982337735,EXP_CatBoostModel_Alpha158_csi300_custom_step0_s_20260727_14,b50773b62fd4473a8c325626d963c724,0.048,,,
4199,2026-07-27,SZ000301,-0.04586955230744504,EXP_CatBoostModel_Alpha158_csi300_custom_step0_s_20260727_14,b50773b62fd4473a8c325626d963c724,0.048,,,
4200,2026-07-27,SZ000166,0.04490293434969046,EXP_CatBoostModel_Alpha158_csi300_custom_step0_s_20260727_14,b50773b62fd4473a8c325626d963c724,0.048,,,
4201,2026-07-27,SZ000157,0.007196016105619223,EXP_CatBoostModel_Alpha158_csi300_custom_step0_s_20260727_14,b50773b62fd4473a8c325626d963c724,0.048,,,
4202,2026-07-27,SZ000100,-0.08381272875633118,EXP_CatBoostModel_Alpha158_csi300_custom_step0_s_20260727_14,b50773b62fd4473a8c325626d963c724,0.048,,,
4203,2026-07-27,SZ000063,-0.08224542587571482,EXP_CatBoostModel_Alpha158_csi300_custom_step0_s_20260727_14,b50773b62fd4473a8c325626d963c724,0.048,,,
4204,2026-07-27,SZ000425,-0.00740708028085411,EXP_CatBoostModel_Alpha158_csi300_custom_step0_s_20260727_14,b50773b62fd4473a8c325626d963c724,0.048,,,
4205,2026-07-27,SZ000768,-0.02796618623107641,EXP_CatBoostModel_Alpha158_csi300_custom_step0_s_20260727_14,b50773b62fd4473a8c325626d963c724,0.048,,,
4206,2026-07-27,SZ000776,-0.09722415965834377,EXP_CatBoostModel_Alpha158_csi300_custom_step0_s_20260727_14,b50773b62fd4473a8c325626d963c724,0.048,,,
4207,2026-07-27,SZ000792,0.0014678399388326116,EXP_CatBoostModel_Alpha158_csi300_custom_step0_s_20260727_14,b50773b62fd4473a8c325626d963c724,0.048,,,
4208,2026-07-27,SZ002074,-0.017775468175086982,EXP_CatBoostModel_Alpha158_csi300_custom_step0_s_20260727_14,b50773b62fd4473a8c325626d963c724,0.048,,,
4209,2026-07-27,SZ002050,-0.015982932974958723,EXP_CatBoostModel_Alpha158_csi300_custom_step0_s_20260727_14,b50773b62fd4473a8c325626d963c724,0.048,,,
4210,2026-07-27,SZ002049,-0.03157378744636593,EXP_CatBoostModel_Alpha158_csi300_custom_step0_s_20260727_14,b50773b62fd4473a8c325626d963c724,0.048,,,
4211,2026-07-27,SZ002028,-0.040864012893035394,EXP_CatBoostModel_Alpha158_csi300_custom_step0_s_20260727_14,b50773b62fd4473a8c325626d963c724,0.048,,,
4212,2026-07-27,SZ002027,-0.02228755211529338,EXP_CatBoostModel_Alpha158_csi300_custom_step0_s_20260727_14,b50773b62fd4473a8c325626d963c724,0.048,,,
4213,2026-07-27,SZ002001,-0.03347168320017228,EXP_CatBoostModel_Alpha158_csi300_custom_step0_s_20260727_14,b50773b62fd4473a8c325626d963c724,0.048,,,
4214,2026-07-27,SZ001979,-0.0014268847732619933,EXP_CatBoostModel_Alpha158_csi300_custom_step0_s_20260727_14,b50773b62fd4473a8c325626d963c724,0.048,,,
4215,2026-07-27,SZ001965,0.019194692652454413,EXP_CatBoostModel_Alpha158_csi300_custom_step0_s_20260727_14,b50773b62fd4473a8c325626d963c724,0.048,,,
4216,2026-07-27,SZ001391,-0.0071510529794443865,EXP_CatBoostModel_Alpha158_csi300_custom_step0_s_20260727_14,b50773b62fd4473a8c325626d963c724,0.048,,,
4217,2026-07-27,SZ001280,-0.013754974270215391,EXP_CatBoostModel_Alpha158_csi300_custom_step0_s_20260727_14,b50773b62fd4473a8c325626d963c724,0.048,,,
4218,2026-07-27,SZ000999,0.002786096193538149,EXP_CatBoostModel_Alpha158_csi300_custom_step0_s_20260727_14,b50773b62fd4473a8c325626d963c724,0.048,,,
4219,2026-07-27,SZ000988,0.006752449277087411,EXP_CatBoostModel_Alpha158_csi300_custom_step0_s_20260727_14,b50773b62fd4473a8c325626d963c724,0.048,,,
4220,2026-07-27,SZ000977,-0.08551127543803552,EXP_CatBoostModel_Alpha158_csi300_custom_step0_s_20260727_14,b50773b62fd4473a8c325626d963c724,0.048,,,
4221,2026-07-27,SZ000975,-0.1303656258971112,EXP_CatBoostModel_Alpha158_csi300_custom_step0_s_20260727_14,b50773b62fd4473a8c325626d963c724,0.048,,,
4222,2026-07-27,SZ000963,0.0009640633907399953,EXP_CatBoostModel_Alpha158_csi300_custom_step0_s_20260727_14,b50773b62fd4473a8c325626d963c724,0.048,,,
4223,2026-07-27,SZ000938,-0.2255217181744545,EXP_CatBoostModel_Alpha158_csi300_custom_step0_s_20260727_14,b50773b62fd4473a8c325626d963c724,0.048,,,
4224,2026-07-27,SZ000895,0.0034012444751661377,EXP_CatBoostModel_Alpha158_csi300_custom_step0_s_20260727_14,b50773b62fd4473a8c325626d963c724,0.048,,,
4225,2026-07-27,SZ000858,0.0005166437762923947,EXP_CatBoostModel_Alpha158_csi300_custom_step0_s_20260727_14,b50773b62fd4473a8c325626d963c724,0.048,,,
4226,2026-07-27,SZ000807,-0.041334332019993036,EXP_CatBoostModel_Alpha158_csi300_custom_step0_s_20260727_14,b50773b62fd4473a8c325626d963c724,0.048,,,
4227,2026-07-27,SZ000002,-0.010182837785295972,EXP_CatBoostModel_Alpha158_csi300_custom_step0_s_20260727_14,b50773b62fd4473a8c325626d963c724,0.048,,,
4228,2026-07-27,SZ001280,-0.008424365453467109,EXP_CatBoostModel_Alpha158_csi300_custom_step0_s_20260727_14,aa65c60831b24bfab74611cf1ff575d0,0.029,,,
4229,2026-07-27,SZ000001,0.02411060978508902,EXP_CatBoostModel_Alpha158_csi300_custom_step0_s_20260727_14,b50773b62fd4473a8c325626d963c724,0.048,,,
4230,2026-07-27,SH688521,-0.0029613970701557668,EXP_CatBoostModel_Alpha158_csi300_custom_step0_s_20260727_14,b50773b62fd4473a8c325626d963c724,0.048,,,
4231,2026-07-27,SH603799,0.02084999221569401,EXP_CatBoostModel_Alpha158_csi300_custom_step0_s_20260727_14,b50773b62fd4473a8c325626d963c724,0.048,,,
4232,2026-07-27,SH603501,-0.04241431037894911,EXP_CatBoostModel_Alpha158_csi300_custom_step0_s_20260727_14,b50773b62fd4473a8c325626d963c724,0.048,,,
4233,2026-07-27,SH603392,-0.02782882262470465,EXP_CatBoostModel_Alpha158_csi300_custom_step0_s_20260727_14,b50773b62fd4473a8c325626d963c724,0.048,,,
4234,2026-07-27,SH603369,-0.017429306781157956,EXP_CatBoostModel_Alpha158_csi300_custom_step0_s_20260727_14,b50773b62fd4473a8c325626d963c724,0.048,,,
4235,2026-07-27,SH603296,-0.05063605307265594,EXP_CatBoostModel_Alpha158_csi300_custom_step0_s_20260727_14,b50773b62fd4473a8c325626d963c724,0.048,,,
4236,2026-07-27,SH603288,0.008587258757737555,EXP_CatBoostModel_Alpha158_csi300_custom_step0_s_20260727_14,b50773b62fd4473a8c325626d963c724,0.048,,,
4237,2026-07-27,SH603260,0.01616510366375874,EXP_CatBoostModel_Alpha158_csi300_custom_step0_s_20260727_14,b50773b62fd4473a8c325626d963c724,0.048,,,
4238,2026-07-27,SH603259,-0.02651273507112516,EXP_CatBoostModel_Alpha158_csi300_custom_step0_s_20260727_14,b50773b62fd4473a8c325626d963c724,0.048,,,
4239,2026-07-27,SH603893,-0.09732916224343131,EXP_CatBoostModel_Alpha158_csi300_custom_step0_s_20260727_14,b50773b62fd4473a8c325626d963c724,0.048,,,
4240,2026-07-27,SH603019,-0.0925438614074301,EXP_CatBoostModel_Alpha158_csi300_custom_step0_s_20260727_14,b50773b62fd4473a8c325626d963c724,0.048,,,
4241,2026-07-27,SH601995,-0.06418092371193242,EXP_CatBoostModel_Alpha158_csi300_custom_step0_s_20260727_14,b50773b62fd4473a8c325626d963c724,0.048,,,
4242,2026-07-27,SH601988,0.01808395196731085,EXP_CatBoostModel_Alpha158_csi300_custom_step0_s_20260727_14,b50773b62fd4473a8c325626d963c724,0.048,,,
4243,2026-07-27,SH601985,0.03768427540872672,EXP_CatBoostModel_Alpha158_csi300_custom_step0_s_20260727_14,b50773b62fd4473a8c325626d963c724,0.048,,,
4244,2026-07-27,SH601939,0.017092868273099127,EXP_CatBoostModel_Alpha158_csi300_custom_step0_s_20260727_14,b50773b62fd4473a8c325626d963c724,0.048,,,
4245,2026-07-27,SH601919,0.0033524967455106913,EXP_CatBoostModel_Alpha158_csi300_custom_step0_s_20260727_14,b50773b62fd4473a8c325626d963c724,0.048,,,
4246,2026-07-27,SH601916,0.027511672620747902,EXP_CatBoostModel_Alpha158_csi300_custom_step0_s_20260727_14,b50773b62fd4473a8c325626d963c724,0.048,,,
4247,2026-07-27,SH601901,-0.004655863778626391,EXP_CatBoostModel_Alpha158_csi300_custom_step0_s_20260727_14,b50773b62fd4473a8c325626d963c724,0.048,,,
4248,2026-07-27,SH601899,-0.06071601901052518,EXP_CatBoostModel_Alpha158_csi300_custom_step0_s_20260727_14,b50773b62fd4473a8c325626d963c724,0.048,,,
4249,2026-07-27,SH601998,-0.012603169687279156,EXP_CatBoostModel_Alpha158_csi300_custom_step0_s_20260727_14,b50773b62fd4473a8c325626d963c724,0.048,,,
4250,2026-07-27,SH603986,0.01347832403753645,EXP_CatBoostModel_Alpha158_csi300_custom_step0_s_20260727_14,b50773b62fd4473a8c325626d963c724,0.048,,,
4251,2026-07-27,SH603993,-0.10174812019405194,EXP_CatBoostModel_Alpha158_csi300_custom_step0_s_20260727_14,b50773b62fd4473a8c325626d963c724,0.048,,,
4252,2026-07-27,SH605117,-0.021281000615081116,EXP_CatBoostModel_Alpha158_csi300_custom_step0_s_20260727_14,b50773b62fd4473a8c325626d963c724,0.048,,,
4253,2026-07-27,SH688506,-0.005979483834994526,EXP_CatBoostModel_Alpha158_csi300_custom_step0_s_20260727_14,b50773b62fd4473a8c325626d963c724,0.048,,,
4254,2026-07-27,SH688472,-0.01169481970570428,EXP_CatBoostModel_Alpha158_csi300_custom_step0_s_20260727_14,b50773b62fd4473a8c325626d963c724,0.048,,,
4255,2026-07-27,SH688396,0.009104345174710397,EXP_CatBoostModel_Alpha158_csi300_custom_step0_s_20260727_14,b50773b62fd4473a8c325626d963c724,0.048,,,
4256,2026-07-27,SH688303,-0.025437295913596353,EXP_CatBoostModel_Alpha158_csi300_custom_step0_s_20260727_14,b50773b62fd4473a8c325626d963c724,0.048,,,
4257,2026-07-27,SH688271,0.0038127013224844263,EXP_CatBoostModel_Alpha158_csi300_custom_step0_s_20260727_14,b50773b62fd4473a8c325626d963c724,0.048,,,
4258,2026-07-27,SH688256,-0.08717815853641261,EXP_CatBoostModel_Alpha158_csi300_custom_step0_s_20260727_14,b50773b62fd4473a8c325626d963c724,0.048,,,
4259,2026-07-27,SH688223,-0.00019003636567330683,EXP_CatBoostModel_Alpha158_csi300_custom_step0_s_20260727_14,b50773b62fd4473a8c325626d963c724,0.048,,,
4260,2026-07-27,SH688183,0.03125427675279809,EXP_CatBoostModel_Alpha158_csi300_custom_step0_s_20260727_14,b50773b62fd4473a8c325626d963c724,0.048,,,
4261,2026-07-27,SH688126,-0.011091831556953305,EXP_CatBoostModel_Alpha158_csi300_custom_step0_s_20260727_14,b50773b62fd4473a8c325626d963c724,0.048,,,
4262,2026-07-27,SH688111,-0.07098934755938663,EXP_CatBoostModel_Alpha158_csi300_custom_step0_s_20260727_14,b50773b62fd4473a8c325626d963c724,0.048,,,
4263,2026-07-27,SH688082,-0.06946290502681171,EXP_CatBoostModel_Alpha158_csi300_custom_step0_s_20260727_14,b50773b62fd4473a8c325626d963c724,0.048,,,
4264,2026-07-27,SH688072,-0.17613919549221752,EXP_CatBoostModel_Alpha158_csi300_custom_step0_s_20260727_14,b50773b62fd4473a8c325626d963c724,0.048,,,
4265,2026-07-27,SH688047,0.007168235323232761,EXP_CatBoostModel_Alpha158_csi300_custom_step0_s_20260727_14,b50773b62fd4473a8c325626d963c724,0.048,,,
4266,2026-07-27,SH688041,-0.07938399341617884,EXP_CatBoostModel_Alpha158_csi300_custom_step0_s_20260727_14,b50773b62fd4473a8c325626d963c724,0.048,,,
4267,2026-07-27,SH688036,-0.057000793398307215,EXP_CatBoostModel_Alpha158_csi300_custom_step0_s_20260727_14,b50773b62fd4473a8c325626d963c724,0.048,,,
4268,2026-07-27,SH688012,-0.14184893755821973,EXP_CatBoostModel_Alpha158_csi300_custom_step0_s_20260727_14,b50773b62fd4473a8c325626d963c724,0.048,,,
4269,2026-07-27,SH688009,0.02251200334118207,EXP_CatBoostModel_Alpha158_csi300_custom_step0_s_20260727_14,b50773b62fd4473a8c325626d963c724,0.048,,,
4270,2026-07-27,SH688008,-0.08681786589884101,EXP_CatBoostModel_Alpha158_csi300_custom_step0_s_20260727_14,b50773b62fd4473a8c325626d963c724,0.048,,,
4271,2026-07-27,SH605499,-0.07233007586610975,EXP_CatBoostModel_Alpha158_csi300_custom_step0_s_20260727_14,b50773b62fd4473a8c325626d963c724,0.048,,,
4272,2026-07-27,SH688981,-0.08754577742043765,EXP_CatBoostModel_Alpha158_csi300_custom_step0_s_20260727_14,b50773b62fd4473a8c325626d963c724,0.048,,,
4273,2026-07-27,SZ001391,-0.003852682897452076,EXP_CatBoostModel_Alpha158_csi300_custom_step0_s_20260727_14,aa65c60831b24bfab74611cf1ff575d0,0.029,,,
4274,2026-07-27,SZ001965,0.015278777327466192,EXP_CatBoostModel_Alpha158_csi300_custom_step0_s_20260727_14,aa65c60831b24bfab74611cf1ff575d0,0.029,,,
4275,2026-07-27,SZ001979,0.011031430647482115,EXP_CatBoostModel_Alpha158_csi300_custom_step0_s_20260727_14,aa65c60831b24bfab74611cf1ff575d0,0.029,,,
4276,2026-07-27,SZ300418,0.033073985431845074,EXP_LGBModel_Alpha158_csi300_custom_step0_s_20260727_14,1608e393f6b54bd4920c926151dbadf2,0.061,,,
4277,2026-07-27,SZ300413,-0.06651168604355867,EXP_LGBModel_Alpha158_csi300_custom_step0_s_20260727_14,1608e393f6b54bd4920c926151dbadf2,0.061,,,
4278,2026-07-27,SZ300408,-0.00936919725540425,EXP_LGBModel_Alpha158_csi300_custom_step0_s_20260727_14,1608e393f6b54bd4920c926151dbadf2,0.061,,,
4279,2026-07-27,SZ300394,0.043633434572167076,EXP_LGBModel_Alpha158_csi300_custom_step0_s_20260727_14,1608e393f6b54bd4920c926151dbadf2,0.061,,,
4280,2026-07-27,SZ300316,0.026556850762612234,EXP_LGBModel_Alpha158_csi300_custom_step0_s_20260727_14,1608e393f6b54bd4920c926151dbadf2,0.061,,,
4281,2026-07-27,SZ300308,-0.038031975718289104,EXP_LGBModel_Alpha158_csi300_custom_step0_s_20260727_14,1608e393f6b54bd4920c926151dbadf2,0.061,,,
4282,2026-07-27,SZ300274,-0.013924299234429116,EXP_LGBModel_Alpha158_csi300_custom_step0_s_20260727_14,1608e393f6b54bd4920c926151dbadf2,0.061,,,
4283,2026-07-27,SZ300251,-0.04496354034293512,EXP_LGBModel_Alpha158_csi300_custom_step0_s_20260727_14,1608e393f6b54bd4920c926151dbadf2,0.061,,,
4284,2026-07-27,SZ300433,-0.019354071216241962,EXP_LGBModel_Alpha158_csi300_custom_step0_s_20260727_14,1608e393f6b54bd4920c926151dbadf2,0.061,,,
4285,2026-07-27,SZ300124,-0.0034612204537950724,EXP_LGBModel_Alpha158_csi300_custom_step0_s_20260727_14,1608e393f6b54bd4920c926151dbadf2,0.061,,,
4286,2026-07-27,SZ300059,-0.058090666848070585,EXP_LGBModel_Alpha158_csi300_custom_step0_s_20260727_14,1608e393f6b54bd4920c926151dbadf2,0.061,,,
4287,2026-07-27,SZ300033,-0.041227618228600584,EXP_LGBModel_Alpha158_csi300_custom_step0_s_20260727_14,1608e393f6b54bd4920c926151dbadf2,0.061,,,
4288,2026-07-27,SZ300015,-0.030994449937683126,EXP_LGBModel_Alpha158_csi300_custom_step0_s_20260727_14,1608e393f6b54bd4920c926151dbadf2,0.061,,,
4289,2026-07-27,SZ300014,0.05126324900204157,EXP_LGBModel_Alpha158_csi300_custom_step0_s_20260727_14,1608e393f6b54bd4920c926151dbadf2,0.061,,,
4290,2026-07-27,SZ003816,0.015798821353340677,EXP_LGBModel_Alpha158_csi300_custom_step0_s_20260727_14,1608e393f6b54bd4920c926151dbadf2,0.061,,,
4291,2026-07-27,SZ002938,0.0500421028101864,EXP_LGBModel_Alpha158_csi300_custom_step0_s_20260727_14,1608e393f6b54bd4920c926151dbadf2,0.061,,,
4292,2026-07-27,SZ002920,-0.03465047985534034,EXP_LGBModel_Alpha158_csi300_custom_step0_s_20260727_14,1608e393f6b54bd4920c926151dbadf2,0.061,,,
4293,2026-07-27,SZ002916,0.03312606737300701,EXP_LGBModel_Alpha158_csi300_custom_step0_s_20260727_14,1608e393f6b54bd4920c926151dbadf2,0.061,,,
4294,2026-07-27,SZ300122,-0.1064977218936802,EXP_LGBModel_Alpha158_csi300_custom_step0_s_20260727_14,1608e393f6b54bd4920c926151dbadf2,0.061,,,
4295,2026-07-27,SZ002837,-0.039767851550715556,EXP_LGBModel_Alpha158_csi300_custom_step0_s_20260727_14,1608e393f6b54bd4920c926151dbadf2,0.061,,,
4296,2026-07-27,SZ300442,-0.0035480393877341675,EXP_LGBModel_Alpha158_csi300_custom_step0_s_20260727_14,1608e393f6b54bd4920c926151dbadf2,0.061,,,
4297,2026-07-27,SZ300476,0.02165464282800555,EXP_LGBModel_Alpha158_csi300_custom_step0_s_20260727_14,1608e393f6b54bd4920c926151dbadf2,0.061,,,
4298,2026-07-27,SH600009,-0.03812634388796876,EXP_LGBModel_Alpha158_csi300_custom_step0_s_20260727_14,b651708ff94d4a0b875d62eddb6bcd86,0.135,,,
4299,2026-07-27,SH600000,0.0018150545822075853,EXP_LGBModel_Alpha158_csi300_custom_step0_s_20260727_14,b651708ff94d4a0b875d62eddb6bcd86,0.135,,,
4300,2026-07-27,SZ302132,-0.10222715730355032,EXP_LGBModel_Alpha158_csi300_custom_step0_s_20260727_14,1608e393f6b54bd4920c926151dbadf2,0.061,,,
4301,2026-07-27,SZ301308,0.04608736979486333,EXP_LGBModel_Alpha158_csi300_custom_step0_s_20260727_14,1608e393f6b54bd4920c926151dbadf2,0.061,,,
4302,2026-07-27,SZ301269,-0.014808290544524583,EXP_LGBModel_Alpha158_csi300_custom_step0_s_20260727_14,1608e393f6b54bd4920c926151dbadf2,0.061,,,
4303,2026-07-27,SZ301236,-0.06900833996575621,EXP_LGBModel_Alpha158_csi300_custom_step0_s_20260727_14,1608e393f6b54bd4920c926151dbadf2,0.061,,,
4304,2026-07-27,SZ301165,-0.1934237331471366,EXP_LGBModel_Alpha158_csi300_custom_step0_s_20260727_14,1608e393f6b54bd4920c926151dbadf2,0.061,,,
4305,2026-07-27,SZ300999,-0.013286494365085772,EXP_LGBModel_Alpha158_csi300_custom_step0_s_20260727_14,1608e393f6b54bd4920c926151dbadf2,0.061,,,
4306,2026-07-27,SZ300450,0.051304914393592034,EXP_LGBModel_Alpha158_csi300_custom_step0_s_20260727_14,1608e393f6b54bd4920c926151dbadf2,0.061,,,
4307,2026-07-27,SZ300896,-0.12360867385176437,EXP_LGBModel_Alpha158_csi300_custom_step0_s_20260727_14,1608e393f6b54bd4920c926151dbadf2,0.061,,,
4308,2026-07-27,SZ300832,-0.024657384464170557,EXP_LGBModel_Alpha158_csi300_custom_step0_s_20260727_14,1608e393f6b54bd4920c926151dbadf2,0.061,,,
4309,2026-07-27,SZ300803,-0.012962868824822392,EXP_LGBModel_Alpha158_csi300_custom_step0_s_20260727_14,1608e393f6b54bd4920c926151dbadf2,0.061,,,
4310,2026-07-27,SZ300760,-0.023678218316963512,EXP_LGBModel_Alpha158_csi300_custom_step0_s_20260727_14,1608e393f6b54bd4920c926151dbadf2,0.061,,,
4311,2026-07-27,SZ300750,-0.04259113180401142,EXP_LGBModel_Alpha158_csi300_custom_step0_s_20260727_14,1608e393f6b54bd4920c926151dbadf2,0.061,,,
4312,2026-07-27,SZ300661,-0.006870028758615596,EXP_LGBModel_Alpha158_csi300_custom_step0_s_20260727_14,1608e393f6b54bd4920c926151dbadf2,0.061,,,
4313,2026-07-27,SZ300628,-0.02059772411922288,EXP_LGBModel_Alpha158_csi300_custom_step0_s_20260727_14,1608e393f6b54bd4920c926151dbadf2,0.061,,,
4314,2026-07-27,SZ300502,-0.010259790233630139,EXP_LGBModel_Alpha158_csi300_custom_step0_s_20260727_14,1608e393f6b54bd4920c926151dbadf2,0.061,,,
4315,2026-07-27,SZ300498,-0.024632699262496695,EXP_LGBModel_Alpha158_csi300_custom_step0_s_20260727_14,1608e393f6b54bd4920c926151dbadf2,0.061,,,
4316,2026-07-27,SZ300866,-0.11186327822646389,EXP_LGBModel_Alpha158_csi300_custom_step0_s_20260727_14,1608e393f6b54bd4920c926151dbadf2,0.061,,,
4317,2026-07-27,SZ002736,0.033074455535559925,EXP_LGBModel_Alpha158_csi300_custom_step0_s_20260727_14,1608e393f6b54bd4920c926151dbadf2,0.061,,,
4318,2026-07-27,SZ002714,-0.04357743146301044,EXP_LGBModel_Alpha158_csi300_custom_step0_s_20260727_14,1608e393f6b54bd4920c926151dbadf2,0.061,,,
4319,2026-07-27,SZ002709,-0.018462948313020075,EXP_LGBModel_Alpha158_csi300_custom_step0_s_20260727_14,1608e393f6b54bd4920c926151dbadf2,0.061,,,
4320,2026-07-27,SZ002202,0.036012932784820664,EXP_LGBModel_Alpha158_csi300_custom_step0_s_20260727_14,1608e393f6b54bd4920c926151dbadf2,0.061,,,
4321,2026-07-27,SZ002179,0.04582303898786909,EXP_LGBModel_Alpha158_csi300_custom_step0_s_20260727_14,1608e393f6b54bd4920c926151dbadf2,0.061,,,
4322,2026-07-27,SZ002142,0.012662903047021062,EXP_LGBModel_Alpha158_csi300_custom_step0_s_20260727_14,1608e393f6b54bd4920c926151dbadf2,0.061,,,
4323,2026-07-27,SZ002074,-0.05862872713917056,EXP_LGBModel_Alpha158_csi300_custom_step0_s_20260727_14,1608e393f6b54bd4920c926151dbadf2,0.061,,,
4324,2026-07-27,SZ002050,0.01623037034352179,EXP_LGBModel_Alpha158_csi300_custom_step0_s_20260727_14,1608e393f6b54bd4920c926151dbadf2,0.061,,,
4325,2026-07-27,SZ002049,0.006453307559282237,EXP_LGBModel_Alpha158_csi300_custom_step0_s_20260727_14,1608e393f6b54bd4920c926151dbadf2,0.061,,,
4326,2026-07-27,SZ002028,-0.12453484670649265,EXP_LGBModel_Alpha158_csi300_custom_step0_s_20260727_14,1608e393f6b54bd4920c926151dbadf2,0.061,,,
4327,2026-07-27,SZ002027,-0.01409494890746916,EXP_LGBModel_Alpha158_csi300_custom_step0_s_20260727_14,1608e393f6b54bd4920c926151dbadf2,0.061,,,
4328,2026-07-27,SZ002230,-0.05170992974747153,EXP_LGBModel_Alpha158_csi300_custom_step0_s_20260727_14,1608e393f6b54bd4920c926151dbadf2,0.061,,,
4329,2026-07-27,SZ002001,-0.05740374132272489,EXP_LGBModel_Alpha158_csi300_custom_step0_s_20260727_14,1608e393f6b54bd4920c926151dbadf2,0.061,,,
4330,2026-07-27,SZ001965,0.0348244532620866,EXP_LGBModel_Alpha158_csi300_custom_step0_s_20260727_14,1608e393f6b54bd4920c926151dbadf2,0.061,,,
4331,2026-07-27,SZ001391,-0.016286153597578807,EXP_LGBModel_Alpha158_csi300_custom_step0_s_20260727_14,1608e393f6b54bd4920c926151dbadf2,0.061,,,
4332,2026-07-27,SZ001280,0.0032458823008190934,EXP_LGBModel_Alpha158_csi300_custom_step0_s_20260727_14,1608e393f6b54bd4920c926151dbadf2,0.061,,,
4333,2026-07-27,SZ000999,-0.0045676549749987475,EXP_LGBModel_Alpha158_csi300_custom_step0_s_20260727_14,1608e393f6b54bd4920c926151dbadf2,0.061,,,
4334,2026-07-27,SZ000988,-0.02620680553697984,EXP_LGBModel_Alpha158_csi300_custom_step0_s_20260727_14,1608e393f6b54bd4920c926151dbadf2,0.061,,,
4335,2026-07-27,SZ000977,-0.030825791820258863,EXP_LGBModel_Alpha158_csi300_custom_step0_s_20260727_14,1608e393f6b54bd4920c926151dbadf2,0.061,,,
4336,2026-07-27,SZ000975,-0.15857359625393497,EXP_LGBModel_Alpha158_csi300_custom_step0_s_20260727_14,1608e393f6b54bd4920c926151dbadf2,0.061,,,
4337,2026-07-27,SZ000963,-0.02621398792643256,EXP_LGBModel_Alpha158_csi300_custom_step0_s_20260727_14,1608e393f6b54bd4920c926151dbadf2,0.061,,,
4338,2026-07-27,SZ001979,-0.02092915873131372,EXP_LGBModel_Alpha158_csi300_custom_step0_s_20260727_14,1608e393f6b54bd4920c926151dbadf2,0.061,,,
4339,2026-07-27,SZ002236,-0.0012766227062688466,EXP_LGBModel_Alpha158_csi300_custom_step0_s_20260727_14,1608e393f6b54bd4920c926151dbadf2,0.061,,,
4340,2026-07-27,SZ002241,-0.12185846916722548,EXP_LGBModel_Alpha158_csi300_custom_step0_s_20260727_14,1608e393f6b54bd4920c926151dbadf2,0.061,,,
4341,2026-07-27,SZ002304,-0.027346505891419556,EXP_LGBModel_Alpha158_csi300_custom_step0_s_20260727_14,1608e393f6b54bd4920c926151dbadf2,0.061,,,
4342,2026-07-27,SZ002648,-0.09624732823939366,EXP_LGBModel_Alpha158_csi300_custom_step0_s_20260727_14,1608e393f6b54bd4920c926151dbadf2,0.061,,,
4343,2026-07-27,SZ002625,-0.023840069578791666,EXP_LGBModel_Alpha158_csi300_custom_step0_s_20260727_14,1608e393f6b54bd4920c926151dbadf2,0.061,,,
4344,2026-07-27,SZ002602,-0.025554682213951716,EXP_LGBModel_Alpha158_csi300_custom_step0_s_20260727_14,1608e393f6b54bd4920c926151dbadf2,0.061,,,
4345,2026-07-27,SZ002600,0.012182763840405644,EXP_LGBModel_Alpha158_csi300_custom_step0_s_20260727_14,1608e393f6b54bd4920c926151dbadf2,0.061,,,
4346,2026-07-27,SZ002594,-0.03345573347538146,EXP_LGBModel_Alpha158_csi300_custom_step0_s_20260727_14,1608e393f6b54bd4920c926151dbadf2,0.061,,,
4347,2026-07-27,SZ002558,0.005627988944490905,EXP_LGBModel_Alpha158_csi300_custom_step0_s_20260727_14,1608e393f6b54bd4920c926151dbadf2,0.061,,,
4348,2026-07-27,SZ002532,-0.07067575861942747,EXP_LGBModel_Alpha158_csi300_custom_step0_s_20260727_14,1608e393f6b54bd4920c926151dbadf2,0.061,,,
4349,2026-07-27,SZ002493,-0.13664735878735207,EXP_LGBModel_Alpha158_csi300_custom_step0_s_20260727_14,1608e393f6b54bd4920c926151dbadf2,0.061,,,
4350,2026-07-27,SZ002475,-0.13424281174057567,EXP_LGBModel_Alpha158_csi300_custom_step0_s_20260727_14,1608e393f6b54bd4920c926151dbadf2,0.061,,,
4351,2026-07-27,SZ002466,0.006615668513576057,EXP_LGBModel_Alpha158_csi300_custom_step0_s_20260727_14,1608e393f6b54bd4920c926151dbadf2,0.061,,,
4352,2026-07-27,SZ002463,0.0467347250050052,EXP_LGBModel_Alpha158_csi300_custom_step0_s_20260727_14,1608e393f6b54bd4920c926151dbadf2,0.061,,,
4353,2026-07-27,SZ002460,0.03268414762760232,EXP_LGBModel_Alpha158_csi300_custom_step0_s_20260727_14,1608e393f6b54bd4920c926151dbadf2,0.061,,,
4354,2026-07-27,SZ002422,-0.03198747415142808,EXP_LGBModel_Alpha158_csi300_custom_step0_s_20260727_14,1608e393f6b54bd4920c926151dbadf2,0.061,,,
4355,2026-07-27,SZ002415,-0.07227417013111015,EXP_LGBModel_Alpha158_csi300_custom_step0_s_20260727_14,1608e393f6b54bd4920c926151dbadf2,0.061,,,
4356,2026-07-27,SZ002384,0.09077401901215278,EXP_LGBModel_Alpha158_csi300_custom_step0_s_20260727_14,1608e393f6b54bd4920c926151dbadf2,0.061,,,
4357,2026-07-27,SZ002371,-0.09387143392537355,EXP_LGBModel_Alpha158_csi300_custom_step0_s_20260727_14,1608e393f6b54bd4920c926151dbadf2,0.061,,,
4358,2026-07-27,SZ002353,0.0029701919782189313,EXP_LGBModel_Alpha158_csi300_custom_step0_s_20260727_14,1608e393f6b54bd4920c926151dbadf2,0.061,,,
4359,2026-07-27,SZ002352,0.006285447981607247,EXP_LGBModel_Alpha158_csi300_custom_step0_s_20260727_14,1608e393f6b54bd4920c926151dbadf2,0.061,,,
4360,2026-07-27,SZ002311,-0.009939598119368292,EXP_LGBModel_Alpha158_csi300_custom_step0_s_20260727_14,1608e393f6b54bd4920c926151dbadf2,0.061,,,
4361,2026-07-27,SH600010,-0.017164924044665228,EXP_LGBModel_Alpha158_csi300_custom_step0_s_20260727_14,b651708ff94d4a0b875d62eddb6bcd86,0.135,,,
4362,2026-07-27,SZ000938,-0.14435407891451524,EXP_LGBModel_Alpha158_csi300_custom_step0_s_20260727_14,1608e393f6b54bd4920c926151dbadf2,0.061,,,
4363,2026-07-27,SH600011,-0.09192949439204073,EXP_LGBModel_Alpha158_csi300_custom_step0_s_20260727_14,b651708ff94d4a0b875d62eddb6bcd86,0.135,,,
4364,2026-07-27,SH600016,0.04474522228144018,EXP_LGBModel_Alpha158_csi300_custom_step0_s_20260727_14,b651708ff94d4a0b875d62eddb6bcd86,0.135,,,
4365,2026-07-27,SH600845,-0.020723291632163108,EXP_LGBModel_Alpha158_csi300_custom_step0_s_20260727_14,b651708ff94d4a0b875d62eddb6bcd86,0.135,,,
4366,2026-07-27,SH600809,-0.10502041041258375,EXP_LGBModel_Alpha158_csi300_custom_step0_s_20260727_14,b651708ff94d4a0b875d62eddb6bcd86,0.135,,,
4367,2026-07-27,SH600803,-0.07013571204217972,EXP_LGBModel_Alpha158_csi300_custom_step0_s_20260727_14,b651708ff94d4a0b875d62eddb6bcd86,0.135,,,
4368,2026-07-27,SH600795,0.01616030171032563,EXP_LGBModel_Alpha158_csi300_custom_step0_s_20260727_14,b651708ff94d4a0b875d62eddb6bcd86,0.135,,,
4369,2026-07-27,SH600760,-0.07091897719286401,EXP_LGBModel_Alpha158_csi300_custom_step0_s_20260727_14,b651708ff94d4a0b875d62eddb6bcd86,0.135,,,
4370,2026-07-27,SH600741,0.015541413187711581,EXP_LGBModel_Alpha158_csi300_custom_step0_s_20260727_14,b651708ff94d4a0b875d62eddb6bcd86,0.135,,,
4371,2026-07-27,SH600690,-0.02274576187793831,EXP_LGBModel_Alpha158_csi300_custom_step0_s_20260727_14,b651708ff94d4a0b875d62eddb6bcd86,0.135,,,
4372,2026-07-27,SH600674,0.025037738737044762,EXP_LGBModel_Alpha158_csi300_custom_step0_s_20260727_14,b651708ff94d4a0b875d62eddb6bcd86,0.135,,,
4373,2026-07-27,SH600875,-0.022651717423465157,EXP_LGBModel_Alpha158_csi300_custom_step0_s_20260727_14,b651708ff94d4a0b875d62eddb6bcd86,0.135,,,
4374,2026-07-27,SH600660,-0.029217857029382708,EXP_LGBModel_Alpha158_csi300_custom_step0_s_20260727_14,b651708ff94d4a0b875d62eddb6bcd86,0.135,,,
4375,2026-07-27,SH600588,-0.06690379358472892,EXP_LGBModel_Alpha158_csi300_custom_step0_s_20260727_14,b651708ff94d4a0b875d62eddb6bcd86,0.135,,,
4376,2026-07-27,SH600585,-0.009178250612737481,EXP_LGBModel_Alpha158_csi300_custom_step0_s_20260727_14,b651708ff94d4a0b875d62eddb6bcd86,0.135,,,
4377,2026-07-27,SH600584,0.07236604025354801,EXP_LGBModel_Alpha158_csi300_custom_step0_s_20260727_14,b651708ff94d4a0b875d62eddb6bcd86,0.135,,,
4378,2026-07-27,SH600570,-0.06773980675271177,EXP_LGBModel_Alpha158_csi300_custom_step0_s_20260727_14,b651708ff94d4a0b875d62eddb6bcd86,0.135,,,
4379,2026-07-27,SH600549,-0.02013340407470698,EXP_LGBModel_Alpha158_csi300_custom_step0_s_20260727_14,b651708ff94d4a0b875d62eddb6bcd86,0.135,,,
4380,2026-07-27,SH600547,-0.11956270457636657,EXP_LGBModel_Alpha158_csi300_custom_step0_s_20260727_14,b651708ff94d4a0b875d62eddb6bcd86,0.135,,,
4381,2026-07-27,SH600522,0.01491682876508037,EXP_LGBModel_Alpha158_csi300_custom_step0_s_20260727_14,b651708ff94d4a0b875d62eddb6bcd86,0.135,,,
4382,2026-07-27,SH600519,-0.004166944156427701,EXP_LGBModel_Alpha158_csi300_custom_step0_s_20260727_14,b651708ff94d4a0b875d62eddb6bcd86,0.135,,,
4383,2026-07-27,SH600600,-0.05148250688956177,EXP_LGBModel_Alpha158_csi300_custom_step0_s_20260727_14,b651708ff94d4a0b875d62eddb6bcd86,0.135,,,
4384,2026-07-27,SH600515,0.0010894606787791071,EXP_LGBModel_Alpha158_csi300_custom_step0_s_20260727_14,b651708ff94d4a0b875d62eddb6bcd86,0.135,,,
4385,2026-07-27,SH600886,0.016626500125988975,EXP_LGBModel_Alpha158_csi300_custom_step0_s_20260727_14,b651708ff94d4a0b875d62eddb6bcd86,0.135,,,
4386,2026-07-27,SH600893,-0.03534117523452364,EXP_LGBModel_Alpha158_csi300_custom_step0_s_20260727_14,b651708ff94d4a0b875d62eddb6bcd86,0.135,,,
4387,2026-07-27,SH601059,0.0008857562766932405,EXP_LGBModel_Alpha158_csi300_custom_step0_s_20260727_14,b651708ff94d4a0b875d62eddb6bcd86,0.135,,,
4388,2026-07-27,SH601058,-0.009279985933736839,EXP_LGBModel_Alpha158_csi300_custom_step0_s_20260727_14,b651708ff94d4a0b875d62eddb6bcd86,0.135,,,
4389,2026-07-27,SH601021,0.026348891632595517,EXP_LGBModel_Alpha158_csi300_custom_step0_s_20260727_14,b651708ff94d4a0b875d62eddb6bcd86,0.135,,,
4390,2026-07-27,SH601018,0.010235781886473073,EXP_LGBModel_Alpha158_csi300_custom_step0_s_20260727_14,b651708ff94d4a0b875d62eddb6bcd86,0.135,,,
4391,2026-07-27,SH601012,-0.0623456740263608,EXP_LGBModel_Alpha158_csi300_custom_step0_s_20260727_14,b651708ff94d4a0b875d62eddb6bcd86,0.135,,,
4392,2026-07-27,SH601009,0.003318316352504901,EXP_LGBModel_Alpha158_csi300_custom_step0_s_20260727_14,b651708ff94d4a0b875d62eddb6bcd86,0.135,,,
4393,2026-07-27,SH601006,0.012232333992191308,EXP_LGBModel_Alpha158_csi300_custom_step0_s_20260727_14,b651708ff94d4a0b875d62eddb6bcd86,0.135,,,
4394,2026-07-27,SH600999,-0.03337412793313634,EXP_LGBModel_Alpha158_csi300_custom_step0_s_20260727_14,b651708ff94d4a0b875d62eddb6bcd86,0.135,,,
4395,2026-07-27,SH600887,-0.028050288451940755,EXP_LGBModel_Alpha158_csi300_custom_step0_s_20260727_14,b651708ff94d4a0b875d62eddb6bcd86,0.135,,,
4396,2026-07-27,SH600989,-0.09088928759269954,EXP_LGBModel_Alpha158_csi300_custom_step0_s_20260727_14,b651708ff94d4a0b875d62eddb6bcd86,0.135,,,
4397,2026-07-27,SH600941,0.026924630474946087,EXP_LGBModel_Alpha158_csi300_custom_step0_s_20260727_14,b651708ff94d4a0b875d62eddb6bcd86,0.135,,,
4398,2026-07-27,SH600938,-0.1562809200558988,EXP_LGBModel_Alpha158_csi300_custom_step0_s_20260727_14,b651708ff94d4a0b875d62eddb6bcd86,0.135,,,
4399,2026-07-27,SH600930,0.011135846068417764,EXP_LGBModel_Alpha158_csi300_custom_step0_s_20260727_14,b651708ff94d4a0b875d62eddb6bcd86,0.135,,,
4400,2026-07-27,SH600926,0.000552258518601749,EXP_LGBModel_Alpha158_csi300_custom_step0_s_20260727_14,b651708ff94d4a0b875d62eddb6bcd86,0.135,,,
4401,2026-07-27,SH600919,0.026378036486722115,EXP_LGBModel_Alpha158_csi300_custom_step0_s_20260727_14,b651708ff94d4a0b875d62eddb6bcd86,0.135,,,
4402,2026-07-27,SH600918,-0.02978088186271445,EXP_LGBModel_Alpha158_csi300_custom_step0_s_20260727_14,b651708ff94d4a0b875d62eddb6bcd86,0.135,,,
4403,2026-07-27,SH600905,-0.003411701250428233,EXP_LGBModel_Alpha158_csi300_custom_step0_s_20260727_14,b651708ff94d4a0b875d62eddb6bcd86,0.135,,,
4404,2026-07-27,SH600900,0.0360071565492425,EXP_LGBModel_Alpha158_csi300_custom_step0_s_20260727_14,b651708ff94d4a0b875d62eddb6bcd86,0.135,,,
4405,2026-07-27,SH600958,-0.018355608873349635,EXP_LGBModel_Alpha158_csi300_custom_step0_s_20260727_14,b651708ff94d4a0b875d62eddb6bcd86,0.135,,,
4406,2026-07-27,SH600489,-0.10706887778337855,EXP_LGBModel_Alpha158_csi300_custom_step0_s_20260727_14,b651708ff94d4a0b875d62eddb6bcd86,0.135,,,
4407,2026-07-27,SH600482,-0.01907840426711923,EXP_LGBModel_Alpha158_csi300_custom_step0_s_20260727_14,b651708ff94d4a0b875d62eddb6bcd86,0.135,,,
4408,2026-07-27,SH600460,0.02627688276841109,EXP_LGBModel_Alpha158_csi300_custom_step0_s_20260727_14,b651708ff94d4a0b875d62eddb6bcd86,0.135,,,
4409,2026-07-27,SH600089,-0.0635189612493915,EXP_LGBModel_Alpha158_csi300_custom_step0_s_20260727_14,b651708ff94d4a0b875d62eddb6bcd86,0.135,,,
4410,2026-07-27,SH600085,-0.06853038865238917,EXP_LGBModel_Alpha158_csi300_custom_step0_s_20260727_14,b651708ff94d4a0b875d62eddb6bcd86,0.135,,,
4411,2026-07-27,SH600066,-0.0905791358821857,EXP_LGBModel_Alpha158_csi300_custom_step0_s_20260727_14,b651708ff94d4a0b875d62eddb6bcd86,0.135,,,
4412,2026-07-27,SH600061,0.012194102526040043,EXP_LGBModel_Alpha158_csi300_custom_step0_s_20260727_14,b651708ff94d4a0b875d62eddb6bcd86,0.135,,,
4413,2026-07-27,SH600050,0.033938000778074524,EXP_LGBModel_Alpha158_csi300_custom_step0_s_20260727_14,b651708ff94d4a0b875d62eddb6bcd86,0.135,,,
4414,2026-07-27,SH600048,-0.07762974058321348,EXP_LGBModel_Alpha158_csi300_custom_step0_s_20260727_14,b651708ff94d4a0b875d62eddb6bcd86,0.135,,,
4415,2026-07-27,SH600039,0.004485695419536856,EXP_LGBModel_Alpha158_csi300_custom_step0_s_20260727_14,b651708ff94d4a0b875d62eddb6bcd86,0.135,,,
4416,2026-07-27,SH600036,0.01582307823382312,EXP_LGBModel_Alpha158_csi300_custom_step0_s_20260727_14,b651708ff94d4a0b875d62eddb6bcd86,0.135,,,
4417,2026-07-27,SH600104,-0.036420280377697165,EXP_LGBModel_Alpha158_csi300_custom_step0_s_20260727_14,b651708ff94d4a0b875d62eddb6bcd86,0.135,,,
4418,2026-07-27,SH600031,0.002659933053853545,EXP_LGBModel_Alpha158_csi300_custom_step0_s_20260727_14,b651708ff94d4a0b875d62eddb6bcd86,0.135,,,
4419,2026-07-27,SH600029,-0.038773027208581244,EXP_LGBModel_Alpha158_csi300_custom_step0_s_20260727_14,b651708ff94d4a0b875d62eddb6bcd86,0.135,,,
4420,2026-07-27,SH600028,-0.004736693966308972,EXP_LGBModel_Alpha158_csi300_custom_step0_s_20260727_14,b651708ff94d4a0b875d62eddb6bcd86,0.135,,,
4421,2026-07-27,SH600027,-0.02852343333978922,EXP_LGBModel_Alpha158_csi300_custom_step0_s_20260727_14,b651708ff94d4a0b875d62eddb6bcd86,0.135,,,
4422,2026-07-27,SH600026,0.06310453405897049,EXP_LGBModel_Alpha158_csi300_custom_step0_s_20260727_14,b651708ff94d4a0b875d62eddb6bcd86,0.135,,,
4423,2026-07-27,SH600025,0.027838503430443258,EXP_LGBModel_Alpha158_csi300_custom_step0_s_20260727_14,b651708ff94d4a0b875d62eddb6bcd86,0.135,,,
4424,2026-07-27,SH600023,-0.0035972670162667257,EXP_LGBModel_Alpha158_csi300_custom_step0_s_20260727_14,b651708ff94d4a0b875d62eddb6bcd86,0.135,,,
4425,2026-07-27,SH600019,-0.034660441029983106,EXP_LGBModel_Alpha158_csi300_custom_step0_s_20260727_14,b651708ff94d4a0b875d62eddb6bcd86,0.135,,,
4426,2026-07-27,SH600018,0.014591153788114196,EXP_LGBModel_Alpha158_csi300_custom_step0_s_20260727_14,b651708ff94d4a0b875d62eddb6bcd86,0.135,,,
4427,2026-07-27,SH600030,-0.0267088578334079,EXP_LGBModel_Alpha158_csi300_custom_step0_s_20260727_14,b651708ff94d4a0b875d62eddb6bcd86,0.135,,,
4428,2026-07-27,SH600111,0.13405079464072361,EXP_LGBModel_Alpha158_csi300_custom_step0_s_20260727_14,b651708ff94d4a0b875d62eddb6bcd86,0.135,,,
4429,2026-07-27,SH600115,0.010738658729355675,EXP_LGBModel_Alpha158_csi300_custom_step0_s_20260727_14,b651708ff94d4a0b875d62eddb6bcd86,0.135,,,
4430,2026-07-27,SH600118,0.07084789394667737,EXP_LGBModel_Alpha158_csi300_custom_step0_s_20260727_14,b651708ff94d4a0b875d62eddb6bcd86,0.135,,,
4431,2026-07-27,SH600438,-0.03387821811330483,EXP_LGBModel_Alpha158_csi300_custom_step0_s_20260727_14,b651708ff94d4a0b875d62eddb6bcd86,0.135,,,
4432,2026-07-27,SH600436,0.011159272439667418,EXP_LGBModel_Alpha158_csi300_custom_step0_s_20260727_14,b651708ff94d4a0b875d62eddb6bcd86,0.135,,,
4433,2026-07-27,SH600426,-0.06262010830591148,EXP_LGBModel_Alpha158_csi300_custom_step0_s_20260727_14,b651708ff94d4a0b875d62eddb6bcd86,0.135,,,
4434,2026-07-27,SH600415,-0.08015270883092893,EXP_LGBModel_Alpha158_csi300_custom_step0_s_20260727_14,b651708ff94d4a0b875d62eddb6bcd86,0.135,,,
4435,2026-07-27,SH600406,-0.06062243707913213,EXP_LGBModel_Alpha158_csi300_custom_step0_s_20260727_14,b651708ff94d4a0b875d62eddb6bcd86,0.135,,,
4436,2026-07-27,SH600372,0.05196892014421289,EXP_LGBModel_Alpha158_csi300_custom_step0_s_20260727_14,b651708ff94d4a0b875d62eddb6bcd86,0.135,,,
4437,2026-07-27,SH600362,-0.100224024992207,EXP_LGBModel_Alpha158_csi300_custom_step0_s_20260727_14,b651708ff94d4a0b875d62eddb6bcd86,0.135,,,
4438,2026-07-27,SH600346,-0.059384266018993916,EXP_LGBModel_Alpha158_csi300_custom_step0_s_20260727_14,b651708ff94d4a0b875d62eddb6bcd86,0.135,,,
4439,2026-07-27,SH600309,-0.11321854557295304,EXP_LGBModel_Alpha158_csi300_custom_step0_s_20260727_14,b651708ff94d4a0b875d62eddb6bcd86,0.135,,,
4440,2026-07-27,SH600276,-0.03572418519056978,EXP_LGBModel_Alpha158_csi300_custom_step0_s_20260727_14,b651708ff94d4a0b875d62eddb6bcd86,0.135,,,
4441,2026-07-27,SH600233,-0.061187898818540774,EXP_LGBModel_Alpha158_csi300_custom_step0_s_20260727_14,b651708ff94d4a0b875d62eddb6bcd86,0.135,,,
4442,2026-07-27,SH600221,0.0008346275555732498,EXP_LGBModel_Alpha158_csi300_custom_step0_s_20260727_14,b651708ff94d4a0b875d62eddb6bcd86,0.135,,,
4443,2026-07-27,SH600219,-0.16294031661543815,EXP_LGBModel_Alpha158_csi300_custom_step0_s_20260727_14,b651708ff94d4a0b875d62eddb6bcd86,0.135,,,
4444,2026-07-27,SH600196,-0.06766977777578118,EXP_LGBModel_Alpha158_csi300_custom_step0_s_20260727_14,b651708ff94d4a0b875d62eddb6bcd86,0.135,,,
4445,2026-07-27,SH600188,-0.09382295426303226,EXP_LGBModel_Alpha158_csi300_custom_step0_s_20260727_14,b651708ff94d4a0b875d62eddb6bcd86,0.135,,,
4446,2026-07-27,SH600183,0.035545918543422254,EXP_LGBModel_Alpha158_csi300_custom_step0_s_20260727_14,b651708ff94d4a0b875d62eddb6bcd86,0.135,,,
4447,2026-07-27,SH600176,0.09272344156324677,EXP_LGBModel_Alpha158_csi300_custom_step0_s_20260727_14,b651708ff94d4a0b875d62eddb6bcd86,0.135,,,
4448,2026-07-27,SH600160,0.07877806757794183,EXP_LGBModel_Alpha158_csi300_custom_step0_s_20260727_14,b651708ff94d4a0b875d62eddb6bcd86,0.135,,,
4449,2026-07-27,SH600150,-0.007239402290641914,EXP_LGBModel_Alpha158_csi300_custom_step0_s_20260727_14,b651708ff94d4a0b875d62eddb6bcd86,0.135,,,
4450,2026-07-27,SH600015,0.06842752798059527,EXP_LGBModel_Alpha158_csi300_custom_step0_s_20260727_14,b651708ff94d4a0b875d62eddb6bcd86,0.135,,,
4451,2026-07-27,SH601066,-0.04301564282244338,EXP_LGBModel_Alpha158_csi300_custom_step0_s_20260727_14,b651708ff94d4a0b875d62eddb6bcd86,0.135,,,
4452,2026-07-27,SZ000895,0.0018694491657785814,EXP_LGBModel_Alpha158_csi300_custom_step0_s_20260727_14,1608e393f6b54bd4920c926151dbadf2,0.061,,,
4453,2026-07-27,SZ000807,-0.0636385039814278,EXP_LGBModel_Alpha158_csi300_custom_step0_s_20260727_14,1608e393f6b54bd4920c926151dbadf2,0.061,,,
4454,2026-07-27,SH601169,0.04618014972762622,EXP_LGBModel_Alpha158_csi300_custom_step0_s_20260727_14,1608e393f6b54bd4920c926151dbadf2,0.061,,,
4455,2026-07-27,SH601166,0.02985256114060558,EXP_LGBModel_Alpha158_csi300_custom_step0_s_20260727_14,1608e393f6b54bd4920c926151dbadf2,0.061,,,
4456,2026-07-27,SH601138,-0.00494105541123171,EXP_LGBModel_Alpha158_csi300_custom_step0_s_20260727_14,1608e393f6b54bd4920c926151dbadf2,0.061,,,
4457,2026-07-27,SH601136,-0.04843231126784525,EXP_LGBModel_Alpha158_csi300_custom_step0_s_20260727_14,1608e393f6b54bd4920c926151dbadf2,0.061,,,
4458,2026-07-27,SH601127,-0.008148010949398031,EXP_LGBModel_Alpha158_csi300_custom_step0_s_20260727_14,1608e393f6b54bd4920c926151dbadf2,0.061,,,
4459,2026-07-27,SH601117,0.004787475044046873,EXP_LGBModel_Alpha158_csi300_custom_step0_s_20260727_14,1608e393f6b54bd4920c926151dbadf2,0.061,,,
4460,2026-07-27,SH601111,-0.017300088765022367,EXP_LGBModel_Alpha158_csi300_custom_step0_s_20260727_14,1608e393f6b54bd4920c926151dbadf2,0.061,,,
4461,2026-07-27,SH601100,-0.025963367284497753,EXP_LGBModel_Alpha158_csi300_custom_step0_s_20260727_14,1608e393f6b54bd4920c926151dbadf2,0.061,,,
4462,2026-07-27,SH601186,0.030596103828598373,EXP_LGBModel_Alpha158_csi300_custom_step0_s_20260727_14,1608e393f6b54bd4920c926151dbadf2,0.061,,,
4463,2026-07-27,SH601088,-0.0008481947054514941,EXP_LGBModel_Alpha158_csi300_custom_step0_s_20260727_14,1608e393f6b54bd4920c926151dbadf2,0.061,,,
4464,2026-07-27,SH601066,-0.03925599009179407,EXP_LGBModel_Alpha158_csi300_custom_step0_s_20260727_14,1608e393f6b54bd4920c926151dbadf2,0.061,,,
4465,2026-07-27,SH601059,0.028180195129040134,EXP_LGBModel_Alpha158_csi300_custom_step0_s_20260727_14,1608e393f6b54bd4920c926151dbadf2,0.061,,,
4466,2026-07-27,SH601058,-0.019964850183016636,EXP_LGBModel_Alpha158_csi300_custom_step0_s_20260727_14,1608e393f6b54bd4920c926151dbadf2,0.061,,,
4467,2026-07-27,SH601021,0.029869214155736512,EXP_LGBModel_Alpha158_csi300_custom_step0_s_20260727_14,1608e393f6b54bd4920c926151dbadf2,0.061,,,
4468,2026-07-27,SH601018,0.027570523802979474,EXP_LGBModel_Alpha158_csi300_custom_step0_s_20260727_14,1608e393f6b54bd4920c926151dbadf2,0.061,,,
4469,2026-07-27,SH601012,-0.06487722724996046,EXP_LGBModel_Alpha158_csi300_custom_step0_s_20260727_14,1608e393f6b54bd4920c926151dbadf2,0.061,,,
4470,2026-07-27,SH601009,0.01746783287866002,EXP_LGBModel_Alpha158_csi300_custom_step0_s_20260727_14,1608e393f6b54bd4920c926151dbadf2,0.061,,,
4471,2026-07-27,SH601006,0.03075159951837987,EXP_LGBModel_Alpha158_csi300_custom_step0_s_20260727_14,1608e393f6b54bd4920c926151dbadf2,0.061,,,
4472,2026-07-27,SH601077,0.009562228244313901,EXP_LGBModel_Alpha158_csi300_custom_step0_s_20260727_14,1608e393f6b54bd4920c926151dbadf2,0.061,,,
4473,2026-07-27,SH600999,-0.08191618892926808,EXP_LGBModel_Alpha158_csi300_custom_step0_s_20260727_14,1608e393f6b54bd4920c926151dbadf2,0.061,,,
4474,2026-07-27,SH601211,-0.024464082098255707,EXP_LGBModel_Alpha158_csi300_custom_step0_s_20260727_14,1608e393f6b54bd4920c926151dbadf2,0.061,,,
4475,2026-07-27,SH601229,0.047845706650438795,EXP_LGBModel_Alpha158_csi300_custom_step0_s_20260727_14,1608e393f6b54bd4920c926151dbadf2,0.061,,,
4476,2026-07-27,SH601658,0.05481950012324218,EXP_LGBModel_Alpha158_csi300_custom_step0_s_20260727_14,1608e393f6b54bd4920c926151dbadf2,0.061,,,
4477,2026-07-27,SH601633,-0.051285003701562575,EXP_LGBModel_Alpha158_csi300_custom_step0_s_20260727_14,1608e393f6b54bd4920c926151dbadf2,0.061,,,
4478,2026-07-27,SH601628,-0.012192102525221241,EXP_LGBModel_Alpha158_csi300_custom_step0_s_20260727_14,1608e393f6b54bd4920c926151dbadf2,0.061,,,
4479,2026-07-27,SH601618,0.011886270545653166,EXP_LGBModel_Alpha158_csi300_custom_step0_s_20260727_14,1608e393f6b54bd4920c926151dbadf2,0.061,,,
4480,2026-07-27,SH601607,-0.0033618823526393848,EXP_LGBModel_Alpha158_csi300_custom_step0_s_20260727_14,1608e393f6b54bd4920c926151dbadf2,0.061,,,
4481,2026-07-27,SH601601,-0.02193831997613212,EXP_LGBModel_Alpha158_csi300_custom_step0_s_20260727_14,1608e393f6b54bd4920c926151dbadf2,0.061,,,
4482,2026-07-27,SH601600,-0.05627320249209873,EXP_LGBModel_Alpha158_csi300_custom_step0_s_20260727_14,1608e393f6b54bd4920c926151dbadf2,0.061,,,
4483,2026-07-27,SH601456,0.014115458709619498,EXP_LGBModel_Alpha158_csi300_custom_step0_s_20260727_14,1608e393f6b54bd4920c926151dbadf2,0.061,,,
4484,2026-07-27,SH601225,-0.052916395555372905,EXP_LGBModel_Alpha158_csi300_custom_step0_s_20260727_14,1608e393f6b54bd4920c926151dbadf2,0.061,,,
4485,2026-07-27,SH601398,0.05160695116230564,EXP_LGBModel_Alpha158_csi300_custom_step0_s_20260727_14,1608e393f6b54bd4920c926151dbadf2,0.061,,,
4486,2026-07-27,SH601377,0.018759994261173526,EXP_LGBModel_Alpha158_csi300_custom_step0_s_20260727_14,1608e393f6b54bd4920c926151dbadf2,0.061,,,
4487,2026-07-27,SH601360,-0.08977223810379284,EXP_LGBModel_Alpha158_csi300_custom_step0_s_20260727_14,1608e393f6b54bd4920c926151dbadf2,0.061,,,
4488,2026-07-27,SH601336,-0.05713500663232804,EXP_LGBModel_Alpha158_csi300_custom_step0_s_20260727_14,1608e393f6b54bd4920c926151dbadf2,0.061,,,
4489,2026-07-27,SH601328,0.054689758815214644,EXP_LGBModel_Alpha158_csi300_custom_step0_s_20260727_14,1608e393f6b54bd4920c926151dbadf2,0.061,,,
4490,2026-07-27,SH601319,-0.001778688650605491,EXP_LGBModel_Alpha158_csi300_custom_step0_s_20260727_14,1608e393f6b54bd4920c926151dbadf2,0.061,,,
4491,2026-07-27,SH601318,0.004865631137456056,EXP_LGBModel_Alpha158_csi300_custom_step0_s_20260727_14,1608e393f6b54bd4920c926151dbadf2,0.061,,,
4492,2026-07-27,SH601288,0.02649568904082416,EXP_LGBModel_Alpha158_csi300_custom_step0_s_20260727_14,1608e393f6b54bd4920c926151dbadf2,0.061,,,
4493,2026-07-27,SH601238,-0.007429029955013187,EXP_LGBModel_Alpha158_csi300_custom_step0_s_20260727_14,1608e393f6b54bd4920c926151dbadf2,0.061,,,
4494,2026-07-27,SH601390,0.027129830364828994,EXP_LGBModel_Alpha158_csi300_custom_step0_s_20260727_14,1608e393f6b54bd4920c926151dbadf2,0.061,,,
4495,2026-07-27,SH600989,-0.13417692742519946,EXP_LGBModel_Alpha158_csi300_custom_step0_s_20260727_14,1608e393f6b54bd4920c926151dbadf2,0.061,,,
4496,2026-07-27,SH600958,-0.003611197179896751,EXP_LGBModel_Alpha158_csi300_custom_step0_s_20260727_14,1608e393f6b54bd4920c926151dbadf2,0.061,,,
4497,2026-07-27,SH600941,0.049755516178359195,EXP_LGBModel_Alpha158_csi300_custom_step0_s_20260727_14,1608e393f6b54bd4920c926151dbadf2,0.061,,,
4498,2026-07-27,SH600584,-0.08417881329310024,EXP_LGBModel_Alpha158_csi300_custom_step0_s_20260727_14,1608e393f6b54bd4920c926151dbadf2,0.061,,,
4499,2026-07-27,SH600570,-0.025931040634698116,EXP_LGBModel_Alpha158_csi300_custom_step0_s_20260727_14,1608e393f6b54bd4920c926151dbadf2,0.061,,,
4500,2026-07-27,SH600549,-0.02311842281844483,EXP_LGBModel_Alpha158_csi300_custom_step0_s_20260727_14,1608e393f6b54bd4920c926151dbadf2,0.061,,,
4501,2026-07-27,SH600547,-0.08863196380169558,EXP_LGBModel_Alpha158_csi300_custom_step0_s_20260727_14,1608e393f6b54bd4920c926151dbadf2,0.061,,,
4502,2026-07-27,SH600522,0.024080258334826295,EXP_LGBModel_Alpha158_csi300_custom_step0_s_20260727_14,1608e393f6b54bd4920c926151dbadf2,0.061,,,
4503,2026-07-27,SH600519,0.006463008137278445,EXP_LGBModel_Alpha158_csi300_custom_step0_s_20260727_14,1608e393f6b54bd4920c926151dbadf2,0.061,,,
4504,2026-07-27,SH600515,0.008536019774622875,EXP_LGBModel_Alpha158_csi300_custom_step0_s_20260727_14,1608e393f6b54bd4920c926151dbadf2,0.061,,,
4505,2026-07-27,SH600489,-0.09348430990163709,EXP_LGBModel_Alpha158_csi300_custom_step0_s_20260727_14,1608e393f6b54bd4920c926151dbadf2,0.061,,,
4506,2026-07-27,SH600585,0.009887200494426679,EXP_LGBModel_Alpha158_csi300_custom_step0_s_20260727_14,1608e393f6b54bd4920c926151dbadf2,0.061,,,
4507,2026-07-27,SH600482,-0.07515406997378651,EXP_LGBModel_Alpha158_csi300_custom_step0_s_20260727_14,1608e393f6b54bd4920c926151dbadf2,0.061,,,
4508,2026-07-27,SH600438,-0.019477540613955107,EXP_LGBModel_Alpha158_csi300_custom_step0_s_20260727_14,1608e393f6b54bd4920c926151dbadf2,0.061,,,
4509,2026-07-27,SH600436,-0.005483651765377224,EXP_LGBModel_Alpha158_csi300_custom_step0_s_20260727_14,1608e393f6b54bd4920c926151dbadf2,0.061,,,
4510,2026-07-27,SH600426,-0.05602478161373881,EXP_LGBModel_Alpha158_csi300_custom_step0_s_20260727_14,1608e393f6b54bd4920c926151dbadf2,0.061,,,
4511,2026-07-27,SH600415,-0.0372519099109071,EXP_LGBModel_Alpha158_csi300_custom_step0_s_20260727_14,1608e393f6b54bd4920c926151dbadf2,0.061,,,
4512,2026-07-27,SH600406,-0.017112647191951186,EXP_LGBModel_Alpha158_csi300_custom_step0_s_20260727_14,1608e393f6b54bd4920c926151dbadf2,0.061,,,
4513,2026-07-27,SH600372,0.012555774262617923,EXP_LGBModel_Alpha158_csi300_custom_step0_s_20260727_14,1608e393f6b54bd4920c926151dbadf2,0.061,,,
4514,2026-07-27,SH600362,-0.1384072995946173,EXP_LGBModel_Alpha158_csi300_custom_step0_s_20260727_14,1608e393f6b54bd4920c926151dbadf2,0.061,,,
4515,2026-07-27,SH600346,-0.07142029892005722,EXP_LGBModel_Alpha158_csi300_custom_step0_s_20260727_14,1608e393f6b54bd4920c926151dbadf2,0.061,,,
4516,2026-07-27,SH600460,-0.011330214931414225,EXP_LGBModel_Alpha158_csi300_custom_step0_s_20260727_14,1608e393f6b54bd4920c926151dbadf2,0.061,,,
4517,2026-07-27,SH600588,-0.08620986357672981,EXP_LGBModel_Alpha158_csi300_custom_step0_s_20260727_14,1608e393f6b54bd4920c926151dbadf2,0.061,,,
4518,2026-07-27,SH600600,-0.0067953357183301415,EXP_LGBModel_Alpha158_csi300_custom_step0_s_20260727_14,1608e393f6b54bd4920c926151dbadf2,0.061,,,
4519,2026-07-27,SH600660,0.010353247909046376,EXP_LGBModel_Alpha158_csi300_custom_step0_s_20260727_14,1608e393f6b54bd4920c926151dbadf2,0.061,,,
4520,2026-07-27,SH600938,-0.14299822393929826,EXP_LGBModel_Alpha158_csi300_custom_step0_s_20260727_14,1608e393f6b54bd4920c926151dbadf2,0.061,,,
4521,2026-07-27,SH600930,0.003157787691606609,EXP_LGBModel_Alpha158_csi300_custom_step0_s_20260727_14,1608e393f6b54bd4920c926151dbadf2,0.061,,,
4522,2026-07-27,SH600926,0.0028438469360155772,EXP_LGBModel_Alpha158_csi300_custom_step0_s_20260727_14,1608e393f6b54bd4920c926151dbadf2,0.061,,,
4523,2026-07-27,SH600919,0.040123069301694375,EXP_LGBModel_Alpha158_csi300_custom_step0_s_20260727_14,1608e393f6b54bd4920c926151dbadf2,0.061,,,
4524,2026-07-27,SH600918,-0.0176852617278357,EXP_LGBModel_Alpha158_csi300_custom_step0_s_20260727_14,1608e393f6b54bd4920c926151dbadf2,0.061,,,
4525,2026-07-27,SH600905,0.0031641754624359246,EXP_LGBModel_Alpha158_csi300_custom_step0_s_20260727_14,1608e393f6b54bd4920c926151dbadf2,0.061,,,
4526,2026-07-27,SH600900,0.05539643330662609,EXP_LGBModel_Alpha158_csi300_custom_step0_s_20260727_14,1608e393f6b54bd4920c926151dbadf2,0.061,,,
4527,2026-07-27,SH600893,-0.013500102881870146,EXP_LGBModel_Alpha158_csi300_custom_step0_s_20260727_14,1608e393f6b54bd4920c926151dbadf2,0.061,,,
4528,2026-07-27,SH600887,0.026238998148031947,EXP_LGBModel_Alpha158_csi300_custom_step0_s_20260727_14,1608e393f6b54bd4920c926151dbadf2,0.061,,,
4529,2026-07-27,SH600886,0.04416471821563689,EXP_LGBModel_Alpha158_csi300_custom_step0_s_20260727_14,1608e393f6b54bd4920c926151dbadf2,0.061,,,
4530,2026-07-27,SH600875,-0.04397652139272679,EXP_LGBModel_Alpha158_csi300_custom_step0_s_20260727_14,1608e393f6b54bd4920c926151dbadf2,0.061,,,
4531,2026-07-27,SH600845,-0.037509194965364506,EXP_LGBModel_Alpha158_csi300_custom_step0_s_20260727_14,1608e393f6b54bd4920c926151dbadf2,0.061,,,
4532,2026-07-27,SH600809,-0.030134131943729322,EXP_LGBModel_Alpha158_csi300_custom_step0_s_20260727_14,1608e393f6b54bd4920c926151dbadf2,0.061,,,
4533,2026-07-27,SH600803,-0.0233550304826364,EXP_LGBModel_Alpha158_csi300_custom_step0_s_20260727_14,1608e393f6b54bd4920c926151dbadf2,0.061,,,
4534,2026-07-27,SH600795,0.035741318875338386,EXP_LGBModel_Alpha158_csi300_custom_step0_s_20260727_14,1608e393f6b54bd4920c926151dbadf2,0.061,,,
4535,2026-07-27,SH600760,-0.03690824308324087,EXP_LGBModel_Alpha158_csi300_custom_step0_s_20260727_14,1608e393f6b54bd4920c926151dbadf2,0.061,,,
4536,2026-07-27,SH600741,0.0343098114686522,EXP_LGBModel_Alpha158_csi300_custom_step0_s_20260727_14,1608e393f6b54bd4920c926151dbadf2,0.061,,,
4537,2026-07-27,SH600690,0.033970979082747314,EXP_LGBModel_Alpha158_csi300_custom_step0_s_20260727_14,1608e393f6b54bd4920c926151dbadf2,0.061,,,
4538,2026-07-27,SH600674,0.049817423755693216,EXP_LGBModel_Alpha158_csi300_custom_step0_s_20260727_14,1608e393f6b54bd4920c926151dbadf2,0.061,,,
4539,2026-07-27,SH601668,0.0584734170267831,EXP_LGBModel_Alpha158_csi300_custom_step0_s_20260727_14,1608e393f6b54bd4920c926151dbadf2,0.061,,,
4540,2026-07-27,SZ000858,0.0039770233811310335,EXP_LGBModel_Alpha158_csi300_custom_step0_s_20260727_14,1608e393f6b54bd4920c926151dbadf2,0.061,,,
4541,2026-07-27,SH601669,-0.013747905122605006,EXP_LGBModel_Alpha158_csi300_custom_step0_s_20260727_14,1608e393f6b54bd4920c926151dbadf2,0.061,,,
4542,2026-07-27,SH601689,0.0037427531445657475,EXP_LGBModel_Alpha158_csi300_custom_step0_s_20260727_14,1608e393f6b54bd4920c926151dbadf2,0.061,,,
4543,2026-07-27,SZ000002,-0.025555138993590906,EXP_LGBModel_Alpha158_csi300_custom_step0_s_20260727_14,1608e393f6b54bd4920c926151dbadf2,0.061,,,
4544,2026-07-27,SZ000001,0.037692819658022084,EXP_LGBModel_Alpha158_csi300_custom_step0_s_20260727_14,1608e393f6b54bd4920c926151dbadf2,0.061,,,
4545,2026-07-27,SH688981,-0.07796904382050399,EXP_LGBModel_Alpha158_csi300_custom_step0_s_20260727_14,1608e393f6b54bd4920c926151dbadf2,0.061,,,
4546,2026-07-27,SH688521,0.010707578933992587,EXP_LGBModel_Alpha158_csi300_custom_step0_s_20260727_14,1608e393f6b54bd4920c926151dbadf2,0.061,,,
4547,2026-07-27,SH688506,0.02996661529119225,EXP_LGBModel_Alpha158_csi300_custom_step0_s_20260727_14,1608e393f6b54bd4920c926151dbadf2,0.061,,,
4548,2026-07-27,SH688472,-0.03447160972538853,EXP_LGBModel_Alpha158_csi300_custom_step0_s_20260727_14,1608e393f6b54bd4920c926151dbadf2,0.061,,,
4549,2026-07-27,SH688396,-0.0010300281404851583,EXP_LGBModel_Alpha158_csi300_custom_step0_s_20260727_14,1608e393f6b54bd4920c926151dbadf2,0.061,,,
4550,2026-07-27,SH688303,0.003585947747878534,EXP_LGBModel_Alpha158_csi300_custom_step0_s_20260727_14,1608e393f6b54bd4920c926151dbadf2,0.061,,,
4551,2026-07-27,SZ000063,-0.09777714706192199,EXP_LGBModel_Alpha158_csi300_custom_step0_s_20260727_14,1608e393f6b54bd4920c926151dbadf2,0.061,,,
4552,2026-07-27,SH688271,-0.014976268263213957,EXP_LGBModel_Alpha158_csi300_custom_step0_s_20260727_14,1608e393f6b54bd4920c926151dbadf2,0.061,,,
4553,2026-07-27,SH688223,0.040899135167941365,EXP_LGBModel_Alpha158_csi300_custom_step0_s_20260727_14,1608e393f6b54bd4920c926151dbadf2,0.061,,,
4554,2026-07-27,SH688183,0.057119238103656635,EXP_LGBModel_Alpha158_csi300_custom_step0_s_20260727_14,1608e393f6b54bd4920c926151dbadf2,0.061,,,
4555,2026-07-27,SH688126,0.003148006232161549,EXP_LGBModel_Alpha158_csi300_custom_step0_s_20260727_14,1608e393f6b54bd4920c926151dbadf2,0.061,,,
4556,2026-07-27,SH688111,-0.039721094137748575,EXP_LGBModel_Alpha158_csi300_custom_step0_s_20260727_14,1608e393f6b54bd4920c926151dbadf2,0.061,,,
4557,2026-07-27,SH688082,0.015891707606546183,EXP_LGBModel_Alpha158_csi300_custom_step0_s_20260727_14,1608e393f6b54bd4920c926151dbadf2,0.061,,,
4558,2026-07-27,SH688072,-0.09032989153241346,EXP_LGBModel_Alpha158_csi300_custom_step0_s_20260727_14,1608e393f6b54bd4920c926151dbadf2,0.061,,,
4559,2026-07-27,SH688047,0.024922497771688656,EXP_LGBModel_Alpha158_csi300_custom_step0_s_20260727_14,1608e393f6b54bd4920c926151dbadf2,0.061,,,
4560,2026-07-27,SH688041,-0.09404971499966709,EXP_LGBModel_Alpha158_csi300_custom_step0_s_20260727_14,1608e393f6b54bd4920c926151dbadf2,0.061,,,
4561,2026-07-27,SH688256,-0.06788115063354934,EXP_LGBModel_Alpha158_csi300_custom_step0_s_20260727_14,1608e393f6b54bd4920c926151dbadf2,0.061,,,
4562,2026-07-27,SH688036,-0.10091048144590037,EXP_LGBModel_Alpha158_csi300_custom_step0_s_20260727_14,1608e393f6b54bd4920c926151dbadf2,0.061,,,
4563,2026-07-27,SZ000100,-0.11622904667564464,EXP_LGBModel_Alpha158_csi300_custom_step0_s_20260727_14,1608e393f6b54bd4920c926151dbadf2,0.061,,,
4564,2026-07-27,SZ000166,0.04008393295379336,EXP_LGBModel_Alpha158_csi300_custom_step0_s_20260727_14,1608e393f6b54bd4920c926151dbadf2,0.061,,,
4565,2026-07-27,SZ000792,0.03155842411626984,EXP_LGBModel_Alpha158_csi300_custom_step0_s_20260727_14,1608e393f6b54bd4920c926151dbadf2,0.061,,,
4566,2026-07-27,SZ000776,-0.12805149520297834,EXP_LGBModel_Alpha158_csi300_custom_step0_s_20260727_14,1608e393f6b54bd4920c926151dbadf2,0.061,,,
4567,2026-07-27,SZ000768,-0.07572799616266766,EXP_LGBModel_Alpha158_csi300_custom_step0_s_20260727_14,1608e393f6b54bd4920c926151dbadf2,0.061,,,
4568,2026-07-27,SZ000725,-0.025408481790012826,EXP_LGBModel_Alpha158_csi300_custom_step0_s_20260727_14,1608e393f6b54bd4920c926151dbadf2,0.061,,,
4569,2026-07-27,SZ000708,0.013576968739181045,EXP_LGBModel_Alpha158_csi300_custom_step0_s_20260727_14,1608e393f6b54bd4920c926151dbadf2,0.061,,,
4570,2026-07-27,SZ000657,0.10349972257842759,EXP_LGBModel_Alpha158_csi300_custom_step0_s_20260727_14,1608e393f6b54bd4920c926151dbadf2,0.061,,,
4571,2026-07-27,SZ000651,0.04187187183532799,EXP_LGBModel_Alpha158_csi300_custom_step0_s_20260727_14,1608e393f6b54bd4920c926151dbadf2,0.061,,,
4572,2026-07-27,SZ000630,-0.07399790659850841,EXP_LGBModel_Alpha158_csi300_custom_step0_s_20260727_14,1608e393f6b54bd4920c926151dbadf2,0.061,,,
4573,2026-07-27,SZ000157,-0.018092651091853443,EXP_LGBModel_Alpha158_csi300_custom_step0_s_20260727_14,1608e393f6b54bd4920c926151dbadf2,0.061,,,
4574,2026-07-27,SZ000625,-0.03085205039754279,EXP_LGBModel_Alpha158_csi300_custom_step0_s_20260727_14,1608e393f6b54bd4920c926151dbadf2,0.061,,,
4575,2026-07-27,SZ000596,-0.024414895469566045,EXP_LGBModel_Alpha158_csi300_custom_step0_s_20260727_14,1608e393f6b54bd4920c926151dbadf2,0.061,,,
4576,2026-07-27,SZ000568,-0.03073127190260892,EXP_LGBModel_Alpha158_csi300_custom_step0_s_20260727_14,1608e393f6b54bd4920c926151dbadf2,0.061,,,
4577,2026-07-27,SZ000538,0.0015801107012615879,EXP_LGBModel_Alpha158_csi300_custom_step0_s_20260727_14,1608e393f6b54bd4920c926151dbadf2,0.061,,,
4578,2026-07-27,SZ000425,-0.03913657094416442,EXP_LGBModel_Alpha158_csi300_custom_step0_s_20260727_14,1608e393f6b54bd4920c926151dbadf2,0.061,,,
4579,2026-07-27,SZ000408,-0.02860997710734335,EXP_LGBModel_Alpha158_csi300_custom_step0_s_20260727_14,1608e393f6b54bd4920c926151dbadf2,0.061,,,
4580,2026-07-27,SZ000338,-0.13057711513654377,EXP_LGBModel_Alpha158_csi300_custom_step0_s_20260727_14,1608e393f6b54bd4920c926151dbadf2,0.061,,,
4581,2026-07-27,SZ000333,0.016793086351922823,EXP_LGBModel_Alpha158_csi300_custom_step0_s_20260727_14,1608e393f6b54bd4920c926151dbadf2,0.061,,,
4582,2026-07-27,SZ000301,-0.037305172322047206,EXP_LGBModel_Alpha158_csi300_custom_step0_s_20260727_14,1608e393f6b54bd4920c926151dbadf2,0.061,,,
4583,2026-07-27,SZ000617,-0.04477446974614118,EXP_LGBModel_Alpha158_csi300_custom_step0_s_20260727_14,1608e393f6b54bd4920c926151dbadf2,0.061,,,
4584,2026-07-27,SH688012,-0.04052079088869602,EXP_LGBModel_Alpha158_csi300_custom_step0_s_20260727_14,1608e393f6b54bd4920c926151dbadf2,0.061,,,
4585,2026-07-27,SH688009,0.018902233552142322,EXP_LGBModel_Alpha158_csi300_custom_step0_s_20260727_14,1608e393f6b54bd4920c926151dbadf2,0.061,,,
4586,2026-07-27,SH688008,-0.07133324908898908,EXP_LGBModel_Alpha158_csi300_custom_step0_s_20260727_14,1608e393f6b54bd4920c926151dbadf2,0.061,,,
4587,2026-07-27,SH601898,-0.13820353273350372,EXP_LGBModel_Alpha158_csi300_custom_step0_s_20260727_14,1608e393f6b54bd4920c926151dbadf2,0.061,,,
4588,2026-07-27,SH601888,-0.06407499640644213,EXP_LGBModel_Alpha158_csi300_custom_step0_s_20260727_14,1608e393f6b54bd4920c926151dbadf2,0.061,,,
4589,2026-07-27,SH601881,-0.00273287829760094,EXP_LGBModel_Alpha158_csi300_custom_step0_s_20260727_14,1608e393f6b54bd4920c926151dbadf2,0.061,,,
4590,2026-07-27,SH601878,-0.002404163137748783,EXP_LGBModel_Alpha158_csi300_custom_step0_s_20260727_14,1608e393f6b54bd4920c926151dbadf2,0.061,,,
4591,2026-07-27,SH601877,-0.02071858472955416,EXP_LGBModel_Alpha158_csi300_custom_step0_s_20260727_14,1608e393f6b54bd4920c926151dbadf2,0.061,,,
4592,2026-07-27,SH601872,-0.00660957293159921,EXP_LGBModel_Alpha158_csi300_custom_step0_s_20260727_14,1608e393f6b54bd4920c926151dbadf2,0.061,,,
4593,2026-07-27,SH601868,-0.016809075255642555,EXP_LGBModel_Alpha158_csi300_custom_step0_s_20260727_14,1608e393f6b54bd4920c926151dbadf2,0.061,,,
4594,2026-07-27,SH601857,-0.1344888623860624,EXP_LGBModel_Alpha158_csi300_custom_step0_s_20260727_14,1608e393f6b54bd4920c926151dbadf2,0.061,,,
4595,2026-07-27,SH601899,-0.07864461892838528,EXP_LGBModel_Alpha158_csi300_custom_step0_s_20260727_14,1608e393f6b54bd4920c926151dbadf2,0.061,,,
4596,2026-07-27,SH601838,0.03907565422724351,EXP_LGBModel_Alpha158_csi300_custom_step0_s_20260727_14,1608e393f6b54bd4920c926151dbadf2,0.061,,,
4597,2026-07-27,SH601818,0.023661691684464636,EXP_LGBModel_Alpha158_csi300_custom_step0_s_20260727_14,1608e393f6b54bd4920c926151dbadf2,0.061,,,
4598,2026-07-27,SH601816,0.03877137469494818,EXP_LGBModel_Alpha158_csi300_custom_step0_s_20260727_14,1608e393f6b54bd4920c926151dbadf2,0.061,,,
4599,2026-07-27,SH601800,0.012127111526777682,EXP_LGBModel_Alpha158_csi300_custom_step0_s_20260727_14,1608e393f6b54bd4920c926151dbadf2,0.061,,,
4600,2026-07-27,SH601788,0.02098004767545689,EXP_LGBModel_Alpha158_csi300_custom_step0_s_20260727_14,1608e393f6b54bd4920c926151dbadf2,0.061,,,
4601,2026-07-27,SH601766,0.022927726382906664,EXP_LGBModel_Alpha158_csi300_custom_step0_s_20260727_14,1608e393f6b54bd4920c926151dbadf2,0.061,,,
4602,2026-07-27,SH601728,0.04054501995158374,EXP_LGBModel_Alpha158_csi300_custom_step0_s_20260727_14,1608e393f6b54bd4920c926151dbadf2,0.061,,,
4603,2026-07-27,SH601727,-0.021567570036329232,EXP_LGBModel_Alpha158_csi300_custom_step0_s_20260727_14,1608e393f6b54bd4920c926151dbadf2,0.061,,,
4604,2026-07-27,SH601698,0.03645714768378681,EXP_LGBModel_Alpha158_csi300_custom_step0_s_20260727_14,1608e393f6b54bd4920c926151dbadf2,0.061,,,
4605,2026-07-27,SH601825,-0.013480339671063818,EXP_LGBModel_Alpha158_csi300_custom_step0_s_20260727_14,1608e393f6b54bd4920c926151dbadf2,0.061,,,
4606,2026-07-27,SH601901,-0.006870376714052499,EXP_LGBModel_Alpha158_csi300_custom_step0_s_20260727_14,1608e393f6b54bd4920c926151dbadf2,0.061,,,
4607,2026-07-27,SH601916,0.03585170051540213,EXP_LGBModel_Alpha158_csi300_custom_step0_s_20260727_14,1608e393f6b54bd4920c926151dbadf2,0.061,,,
4608,2026-07-27,SH601919,0.006655166493297007,EXP_LGBModel_Alpha158_csi300_custom_step0_s_20260727_14,1608e393f6b54bd4920c926151dbadf2,0.061,,,
4609,2026-07-27,SH605499,-0.15123830711102407,EXP_LGBModel_Alpha158_csi300_custom_step0_s_20260727_14,1608e393f6b54bd4920c926151dbadf2,0.061,,,
4610,2026-07-27,SH605117,0.02249851585670924,EXP_LGBModel_Alpha158_csi300_custom_step0_s_20260727_14,1608e393f6b54bd4920c926151dbadf2,0.061,,,
4611,2026-07-27,SH603993,-0.15469805092454358,EXP_LGBModel_Alpha158_csi300_custom_step0_s_20260727_14,1608e393f6b54bd4920c926151dbadf2,0.061,,,
4612,2026-07-27,SH603986,0.010097674991805807,EXP_LGBModel_Alpha158_csi300_custom_step0_s_20260727_14,1608e393f6b54bd4920c926151dbadf2,0.061,,,
4613,2026-07-27,SH603893,-0.14621564098828263,EXP_LGBModel_Alpha158_csi300_custom_step0_s_20260727_14,1608e393f6b54bd4920c926151dbadf2,0.061,,,
4614,2026-07-27,SH603799,0.027283231728393555,EXP_LGBModel_Alpha158_csi300_custom_step0_s_20260727_14,1608e393f6b54bd4920c926151dbadf2,0.061,,,
4615,2026-07-27,SH603501,-0.011023701644258938,EXP_LGBModel_Alpha158_csi300_custom_step0_s_20260727_14,1608e393f6b54bd4920c926151dbadf2,0.061,,,
4616,2026-07-27,SH603392,-0.053152290203294233,EXP_LGBModel_Alpha158_csi300_custom_step0_s_20260727_14,1608e393f6b54bd4920c926151dbadf2,0.061,,,
4617,2026-07-27,SH603369,-0.040427965234857755,EXP_LGBModel_Alpha158_csi300_custom_step0_s_20260727_14,1608e393f6b54bd4920c926151dbadf2,0.061,,,
4618,2026-07-27,SH603296,-0.05916670999317493,EXP_LGBModel_Alpha158_csi300_custom_step0_s_20260727_14,1608e393f6b54bd4920c926151dbadf2,0.061,,,
4619,2026-07-27,SH603288,0.0038930418242885626,EXP_LGBModel_Alpha158_csi300_custom_step0_s_20260727_14,1608e393f6b54bd4920c926151dbadf2,0.061,,,
4620,2026-07-27,SH603260,-0.000406676734548924,EXP_LGBModel_Alpha158_csi300_custom_step0_s_20260727_14,1608e393f6b54bd4920c926151dbadf2,0.061,,,
4621,2026-07-27,SH603259,-0.052988449810189166,EXP_LGBModel_Alpha158_csi300_custom_step0_s_20260727_14,1608e393f6b54bd4920c926151dbadf2,0.061,,,
4622,2026-07-27,SH603019,-0.09540297480384723,EXP_LGBModel_Alpha158_csi300_custom_step0_s_20260727_14,1608e393f6b54bd4920c926151dbadf2,0.061,,,
4623,2026-07-27,SH601998,0.0031201337587579026,EXP_LGBModel_Alpha158_csi300_custom_step0_s_20260727_14,1608e393f6b54bd4920c926151dbadf2,0.061,,,
4624,2026-07-27,SH601995,-0.10600788300605365,EXP_LGBModel_Alpha158_csi300_custom_step0_s_20260727_14,1608e393f6b54bd4920c926151dbadf2,0.061,,,
4625,2026-07-27,SH601988,0.040753219680012026,EXP_LGBModel_Alpha158_csi300_custom_step0_s_20260727_14,1608e393f6b54bd4920c926151dbadf2,0.061,,,
4626,2026-07-27,SH601985,0.050100643350422594,EXP_LGBModel_Alpha158_csi300_custom_step0_s_20260727_14,1608e393f6b54bd4920c926151dbadf2,0.061,,,
4627,2026-07-27,SH601939,0.017021946942751227,EXP_LGBModel_Alpha158_csi300_custom_step0_s_20260727_14,1608e393f6b54bd4920c926151dbadf2,0.061,,,
4628,2026-07-27,SH601688,-0.0002498539613684718,EXP_LGBModel_Alpha158_csi300_custom_step0_s_20260727_14,1608e393f6b54bd4920c926151dbadf2,0.061,,,
4629,2026-07-27,SH601077,0.017077719235055338,EXP_LGBModel_Alpha158_csi300_custom_step0_s_20260727_14,b651708ff94d4a0b875d62eddb6bcd86,0.135,,,
4630,2026-07-27,SH601088,-0.010548552433752256,EXP_LGBModel_Alpha158_csi300_custom_step0_s_20260727_14,b651708ff94d4a0b875d62eddb6bcd86,0.135,,,
4631,2026-07-27,SH601100,-0.016419351113381695,EXP_LGBModel_Alpha158_csi300_custom_step0_s_20260727_14,b651708ff94d4a0b875d62eddb6bcd86,0.135,,,
4632,2026-07-27,SH600233,-0.0297715141577792,EXP_LGBModel_Alpha158_csi300_custom_step0_s_20260727_14,f3485a9546bd4ed2a15c9336951d7abd,0.024,,,
4633,2026-07-27,SH600221,-0.003079133316304356,EXP_LGBModel_Alpha158_csi300_custom_step0_s_20260727_14,f3485a9546bd4ed2a15c9336951d7abd,0.024,,,
4634,2026-07-27,SH600219,-0.17031430622915172,EXP_LGBModel_Alpha158_csi300_custom_step0_s_20260727_14,f3485a9546bd4ed2a15c9336951d7abd,0.024,,,
4635,2026-07-27,SH600196,-0.036581233698975084,EXP_LGBModel_Alpha158_csi300_custom_step0_s_20260727_14,f3485a9546bd4ed2a15c9336951d7abd,0.024,,,
4636,2026-07-27,SH600188,-0.030343124165320933,EXP_LGBModel_Alpha158_csi300_custom_step0_s_20260727_14,f3485a9546bd4ed2a15c9336951d7abd,0.024,,,
4637,2026-07-27,SH600183,0.06876780266995165,EXP_LGBModel_Alpha158_csi300_custom_step0_s_20260727_14,f3485a9546bd4ed2a15c9336951d7abd,0.024,,,
4638,2026-07-27,SH600176,0.07334267876662674,EXP_LGBModel_Alpha158_csi300_custom_step0_s_20260727_14,f3485a9546bd4ed2a15c9336951d7abd,0.024,,,
4639,2026-07-27,SH600160,0.06680024458168907,EXP_LGBModel_Alpha158_csi300_custom_step0_s_20260727_14,f3485a9546bd4ed2a15c9336951d7abd,0.024,,,
4640,2026-07-27,SH600276,-0.014867143668659086,EXP_LGBModel_Alpha158_csi300_custom_step0_s_20260727_14,f3485a9546bd4ed2a15c9336951d7abd,0.024,,,
4641,2026-07-27,SH600150,-0.011178613998712067,EXP_LGBModel_Alpha158_csi300_custom_step0_s_20260727_14,f3485a9546bd4ed2a15c9336951d7abd,0.024,,,
4642,2026-07-27,SH600115,-0.004943778751344564,EXP_LGBModel_Alpha158_csi300_custom_step0_s_20260727_14,f3485a9546bd4ed2a15c9336951d7abd,0.024,,,
4643,2026-07-27,SH600111,0.09049474354759438,EXP_LGBModel_Alpha158_csi300_custom_step0_s_20260727_14,f3485a9546bd4ed2a15c9336951d7abd,0.024,,,
4644,2026-07-27,SH600104,0.027992044386391402,EXP_LGBModel_Alpha158_csi300_custom_step0_s_20260727_14,f3485a9546bd4ed2a15c9336951d7abd,0.024,,,
4645,2026-07-27,SH600089,-0.12439495618919791,EXP_LGBModel_Alpha158_csi300_custom_step0_s_20260727_14,f3485a9546bd4ed2a15c9336951d7abd,0.024,,,
4646,2026-07-27,SH600085,-0.018356230982834714,EXP_LGBModel_Alpha158_csi300_custom_step0_s_20260727_14,f3485a9546bd4ed2a15c9336951d7abd,0.024,,,
4647,2026-07-27,SH600066,-0.039801764867221756,EXP_LGBModel_Alpha158_csi300_custom_step0_s_20260727_14,f3485a9546bd4ed2a15c9336951d7abd,0.024,,,
4648,2026-07-27,SH600061,-0.02480759969296725,EXP_LGBModel_Alpha158_csi300_custom_step0_s_20260727_14,f3485a9546bd4ed2a15c9336951d7abd,0.024,,,
4649,2026-07-27,SH600050,0.029499401993408416,EXP_LGBModel_Alpha158_csi300_custom_step0_s_20260727_14,f3485a9546bd4ed2a15c9336951d7abd,0.024,,,
4650,2026-07-27,SH600118,0.09273910828133515,EXP_LGBModel_Alpha158_csi300_custom_step0_s_20260727_14,f3485a9546bd4ed2a15c9336951d7abd,0.024,,,
4651,2026-07-27,SH600048,0.01224565165868033,EXP_LGBModel_Alpha158_csi300_custom_step0_s_20260727_14,f3485a9546bd4ed2a15c9336951d7abd,0.024,,,
4652,2026-07-27,SH600309,-0.05097148765949319,EXP_LGBModel_Alpha158_csi300_custom_step0_s_20260727_14,f3485a9546bd4ed2a15c9336951d7abd,0.024,,,
4653,2026-07-27,SH600362,-0.022618244283682417,EXP_LGBModel_Alpha158_csi300_custom_step0_s_20260727_14,f3485a9546bd4ed2a15c9336951d7abd,0.024,,,
4654,2026-07-27,SH600588,-0.09951786710819695,EXP_LGBModel_Alpha158_csi300_custom_step0_s_20260727_14,f3485a9546bd4ed2a15c9336951d7abd,0.024,,,
4655,2026-07-27,SH600585,0.015293844674989811,EXP_LGBModel_Alpha158_csi300_custom_step0_s_20260727_14,f3485a9546bd4ed2a15c9336951d7abd,0.024,,,
4656,2026-07-27,SH600584,0.0777512624274278,EXP_LGBModel_Alpha158_csi300_custom_step0_s_20260727_14,f3485a9546bd4ed2a15c9336951d7abd,0.024,,,
4657,2026-07-27,SH600570,-0.019974323766364887,EXP_LGBModel_Alpha158_csi300_custom_step0_s_20260727_14,f3485a9546bd4ed2a15c9336951d7abd,0.024,,,
4658,2026-07-27,SH600549,0.01727354051836688,EXP_LGBModel_Alpha158_csi300_custom_step0_s_20260727_14,f3485a9546bd4ed2a15c9336951d7abd,0.024,,,
4659,2026-07-27,SH600547,-0.07767634592874695,EXP_LGBModel_Alpha158_csi300_custom_step0_s_20260727_14,f3485a9546bd4ed2a15c9336951d7abd,0.024,,,
4660,2026-07-27,SH600522,0.06453435170115941,EXP_LGBModel_Alpha158_csi300_custom_step0_s_20260727_14,f3485a9546bd4ed2a15c9336951d7abd,0.024,,,
4661,2026-07-27,SH600519,0.007119594798545839,EXP_LGBModel_Alpha158_csi300_custom_step0_s_20260727_14,f3485a9546bd4ed2a15c9336951d7abd,0.024,,,
4662,2026-07-27,SH600346,-0.028214674467048985,EXP_LGBModel_Alpha158_csi300_custom_step0_s_20260727_14,f3485a9546bd4ed2a15c9336951d7abd,0.024,,,
4663,2026-07-27,SH600515,0.0027592479725439983,EXP_LGBModel_Alpha158_csi300_custom_step0_s_20260727_14,f3485a9546bd4ed2a15c9336951d7abd,0.024,,,
4664,2026-07-27,SH600482,-0.001451380880557161,EXP_LGBModel_Alpha158_csi300_custom_step0_s_20260727_14,f3485a9546bd4ed2a15c9336951d7abd,0.024,,,
4665,2026-07-27,SH600460,0.050827186657357686,EXP_LGBModel_Alpha158_csi300_custom_step0_s_20260727_14,f3485a9546bd4ed2a15c9336951d7abd,0.024,,,
4666,2026-07-27,SH600438,0.04602081552488595,EXP_LGBModel_Alpha158_csi300_custom_step0_s_20260727_14,f3485a9546bd4ed2a15c9336951d7abd,0.024,,,
4667,2026-07-27,SH600436,0.07015932906494211,EXP_LGBModel_Alpha158_csi300_custom_step0_s_20260727_14,f3485a9546bd4ed2a15c9336951d7abd,0.024,,,
4668,2026-07-27,SH600426,-0.013474140778683516,EXP_LGBModel_Alpha158_csi300_custom_step0_s_20260727_14,f3485a9546bd4ed2a15c9336951d7abd,0.024,,,
4669,2026-07-27,SH600415,-0.03223101763508098,EXP_LGBModel_Alpha158_csi300_custom_step0_s_20260727_14,f3485a9546bd4ed2a15c9336951d7abd,0.024,,,
4670,2026-07-27,SH600406,-0.012847065002807178,EXP_LGBModel_Alpha158_csi300_custom_step0_s_20260727_14,f3485a9546bd4ed2a15c9336951d7abd,0.024,,,
4671,2026-07-27,SH600372,-0.0009789543453108864,EXP_LGBModel_Alpha158_csi300_custom_step0_s_20260727_14,f3485a9546bd4ed2a15c9336951d7abd,0.024,,,
4672,2026-07-27,SH600489,-0.03337188899426923,EXP_LGBModel_Alpha158_csi300_custom_step0_s_20260727_14,f3485a9546bd4ed2a15c9336951d7abd,0.024,,,
4673,2026-07-27,SH600039,0.05398974574377847,EXP_LGBModel_Alpha158_csi300_custom_step0_s_20260727_14,f3485a9546bd4ed2a15c9336951d7abd,0.024,,,
4674,2026-07-27,SH600036,0.023910737832166233,EXP_LGBModel_Alpha158_csi300_custom_step0_s_20260727_14,f3485a9546bd4ed2a15c9336951d7abd,0.024,,,
4675,2026-07-27,SH600031,0.0726994546893815,EXP_LGBModel_Alpha158_csi300_custom_step0_s_20260727_14,f3485a9546bd4ed2a15c9336951d7abd,0.024,,,
4676,2026-07-27,SZ300832,-0.015361784387822404,EXP_LGBModel_Alpha158_csi300_custom_step0_s_20260727_14,b651708ff94d4a0b875d62eddb6bcd86,0.135,,,
4677,2026-07-27,SZ300803,-0.010382805076308172,EXP_LGBModel_Alpha158_csi300_custom_step0_s_20260727_14,b651708ff94d4a0b875d62eddb6bcd86,0.135,,,
4678,2026-07-27,SZ300760,-0.07914436624269228,EXP_LGBModel_Alpha158_csi300_custom_step0_s_20260727_14,b651708ff94d4a0b875d62eddb6bcd86,0.135,,,
4679,2026-07-27,SZ300750,-0.01890504247792166,EXP_LGBModel_Alpha158_csi300_custom_step0_s_20260727_14,b651708ff94d4a0b875d62eddb6bcd86,0.135,,,
4680,2026-07-27,SZ300661,0.038607067147692124,EXP_LGBModel_Alpha158_csi300_custom_step0_s_20260727_14,b651708ff94d4a0b875d62eddb6bcd86,0.135,,,
4681,2026-07-27,SZ300628,-0.0474079286404516,EXP_LGBModel_Alpha158_csi300_custom_step0_s_20260727_14,b651708ff94d4a0b875d62eddb6bcd86,0.135,,,
4682,2026-07-27,SZ300502,-0.018271140942938184,EXP_LGBModel_Alpha158_csi300_custom_step0_s_20260727_14,b651708ff94d4a0b875d62eddb6bcd86,0.135,,,
4683,2026-07-27,SZ300498,-0.1005341188371694,EXP_LGBModel_Alpha158_csi300_custom_step0_s_20260727_14,b651708ff94d4a0b875d62eddb6bcd86,0.135,,,
4684,2026-07-27,SZ300866,-0.07946295696796805,EXP_LGBModel_Alpha158_csi300_custom_step0_s_20260727_14,b651708ff94d4a0b875d62eddb6bcd86,0.135,,,
4685,2026-07-27,SZ300476,0.04693268270073867,EXP_LGBModel_Alpha158_csi300_custom_step0_s_20260727_14,b651708ff94d4a0b875d62eddb6bcd86,0.135,,,
4686,2026-07-27,SZ300442,-0.013857785830332472,EXP_LGBModel_Alpha158_csi300_custom_step0_s_20260727_14,b651708ff94d4a0b875d62eddb6bcd86,0.135,,,
4687,2026-07-27,SZ300433,0.005679621657165172,EXP_LGBModel_Alpha158_csi300_custom_step0_s_20260727_14,b651708ff94d4a0b875d62eddb6bcd86,0.135,,,
4688,2026-07-27,SZ300418,0.013333610703821138,EXP_LGBModel_Alpha158_csi300_custom_step0_s_20260727_14,b651708ff94d4a0b875d62eddb6bcd86,0.135,,,
4689,2026-07-27,SZ300413,-0.09549392530356542,EXP_LGBModel_Alpha158_csi300_custom_step0_s_20260727_14,b651708ff94d4a0b875d62eddb6bcd86,0.135,,,
4690,2026-07-27,SZ300408,0.09139933933583352,EXP_LGBModel_Alpha158_csi300_custom_step0_s_20260727_14,b651708ff94d4a0b875d62eddb6bcd86,0.135,,,
4691,2026-07-27,SZ300394,0.050021130527332425,EXP_LGBModel_Alpha158_csi300_custom_step0_s_20260727_14,b651708ff94d4a0b875d62eddb6bcd86,0.135,,,
4692,2026-07-27,SZ300316,0.06029920629295358,EXP_LGBModel_Alpha158_csi300_custom_step0_s_20260727_14,b651708ff94d4a0b875d62eddb6bcd86,0.135,,,
4693,2026-07-27,SZ300308,0.043596088346404153,EXP_LGBModel_Alpha158_csi300_custom_step0_s_20260727_14,b651708ff94d4a0b875d62eddb6bcd86,0.135,,,
4694,2026-07-27,SZ300450,0.0828113627188922,EXP_LGBModel_Alpha158_csi300_custom_step0_s_20260727_14,b651708ff94d4a0b875d62eddb6bcd86,0.135,,,
4695,2026-07-27,SZ300896,-0.12319043980221125,EXP_LGBModel_Alpha158_csi300_custom_step0_s_20260727_14,b651708ff94d4a0b875d62eddb6bcd86,0.135,,,
4696,2026-07-27,SZ300999,-0.04809635750166849,EXP_LGBModel_Alpha158_csi300_custom_step0_s_20260727_14,b651708ff94d4a0b875d62eddb6bcd86,0.135,,,
4697,2026-07-27,SZ301165,-0.2539833427912865,EXP_LGBModel_Alpha158_csi300_custom_step0_s_20260727_14,b651708ff94d4a0b875d62eddb6bcd86,0.135,,,
4698,2026-07-27,SH600030,-0.016929531871244356,EXP_LGBModel_Alpha158_csi300_custom_step0_s_20260727_14,f3485a9546bd4ed2a15c9336951d7abd,0.024,,,
4699,2026-07-27,SH600029,0.002204472815828782,EXP_LGBModel_Alpha158_csi300_custom_step0_s_20260727_14,f3485a9546bd4ed2a15c9336951d7abd,0.024,,,
4700,2026-07-27,SH600028,0.031143347101024257,EXP_LGBModel_Alpha158_csi300_custom_step0_s_20260727_14,f3485a9546bd4ed2a15c9336951d7abd,0.024,,,
4701,2026-07-27,SH600027,-0.011845971722058438,EXP_LGBModel_Alpha158_csi300_custom_step0_s_20260727_14,f3485a9546bd4ed2a15c9336951d7abd,0.024,,,
4702,2026-07-27,SH600026,0.015238553489300928,EXP_LGBModel_Alpha158_csi300_custom_step0_s_20260727_14,f3485a9546bd4ed2a15c9336951d7abd,0.024,,,
4703,2026-07-27,SH600025,0.03988683738018775,EXP_LGBModel_Alpha158_csi300_custom_step0_s_20260727_14,f3485a9546bd4ed2a15c9336951d7abd,0.024,,,
4704,2026-07-27,SH600023,-0.012121895095803614,EXP_LGBModel_Alpha158_csi300_custom_step0_s_20260727_14,f3485a9546bd4ed2a15c9336951d7abd,0.024,,,
4705,2026-07-27,SH600019,0.014229336317917368,EXP_LGBModel_Alpha158_csi300_custom_step0_s_20260727_14,f3485a9546bd4ed2a15c9336951d7abd,0.024,,,
4706,2026-07-27,SH600018,0.027901337465636986,EXP_LGBModel_Alpha158_csi300_custom_step0_s_20260727_14,f3485a9546bd4ed2a15c9336951d7abd,0.024,,,
4707,2026-07-27,SH600016,0.020895176379189848,EXP_LGBModel_Alpha158_csi300_custom_step0_s_20260727_14,f3485a9546bd4ed2a15c9336951d7abd,0.024,,,
4708,2026-07-27,SH600015,0.038398196245846214,EXP_LGBModel_Alpha158_csi300_custom_step0_s_20260727_14,f3485a9546bd4ed2a15c9336951d7abd,0.024,,,
4709,2026-07-27,SH600011,-0.04352562986955537,EXP_LGBModel_Alpha158_csi300_custom_step0_s_20260727_14,f3485a9546bd4ed2a15c9336951d7abd,0.024,,,
4710,2026-07-27,SH600010,0.01284146032759728,EXP_LGBModel_Alpha158_csi300_custom_step0_s_20260727_14,f3485a9546bd4ed2a15c9336951d7abd,0.024,,,
4711,2026-07-27,SH600009,0.02470004199739965,EXP_LGBModel_Alpha158_csi300_custom_step0_s_20260727_14,f3485a9546bd4ed2a15c9336951d7abd,0.024,,,
4712,2026-07-27,SH600000,0.03163667999779259,EXP_LGBModel_Alpha158_csi300_custom_step0_s_20260727_14,f3485a9546bd4ed2a15c9336951d7abd,0.024,,,
4713,2026-07-27,SZ302132,-0.09930412639532396,EXP_LGBModel_Alpha158_csi300_custom_step0_s_20260727_14,b651708ff94d4a0b875d62eddb6bcd86,0.135,,,
4714,2026-07-27,SZ301308,0.020473188273966655,EXP_LGBModel_Alpha158_csi300_custom_step0_s_20260727_14,b651708ff94d4a0b875d62eddb6bcd86,0.135,,,
4715,2026-07-27,SZ301269,0.017534894212656995,EXP_LGBModel_Alpha158_csi300_custom_step0_s_20260727_14,b651708ff94d4a0b875d62eddb6bcd86,0.135,,,
4716,2026-07-27,SZ301236,-0.06818054317743336,EXP_LGBModel_Alpha158_csi300_custom_step0_s_20260727_14,b651708ff94d4a0b875d62eddb6bcd86,0.135,,,
4717,2026-07-27,SH600600,0.031266666887822245,EXP_LGBModel_Alpha158_csi300_custom_step0_s_20260727_14,f3485a9546bd4ed2a15c9336951d7abd,0.024,,,
4718,2026-07-27,SZ300274,0.004074671322189253,EXP_LGBModel_Alpha158_csi300_custom_step0_s_20260727_14,b651708ff94d4a0b875d62eddb6bcd86,0.135,,,
4719,2026-07-27,SH600660,0.03967102504911723,EXP_LGBModel_Alpha158_csi300_custom_step0_s_20260727_14,f3485a9546bd4ed2a15c9336951d7abd,0.024,,,
4720,2026-07-27,SH600690,0.021565753297081897,EXP_LGBModel_Alpha158_csi300_custom_step0_s_20260727_14,f3485a9546bd4ed2a15c9336951d7abd,0.024,,,
4721,2026-07-27,SH601669,0.017775976027848698,EXP_LGBModel_Alpha158_csi300_custom_step0_s_20260727_14,f3485a9546bd4ed2a15c9336951d7abd,0.024,,,
4722,2026-07-27,SH601668,0.03509906353232602,EXP_LGBModel_Alpha158_csi300_custom_step0_s_20260727_14,f3485a9546bd4ed2a15c9336951d7abd,0.024,,,
4723,2026-07-27,SH601658,0.03271556032875157,EXP_LGBModel_Alpha158_csi300_custom_step0_s_20260727_14,f3485a9546bd4ed2a15c9336951d7abd,0.024,,,
4724,2026-07-27,SH601633,-0.007726229152403572,EXP_LGBModel_Alpha158_csi300_custom_step0_s_20260727_14,f3485a9546bd4ed2a15c9336951d7abd,0.024,,,
4725,2026-07-27,SH601628,0.0037836832369714775,EXP_LGBModel_Alpha158_csi300_custom_step0_s_20260727_14,f3485a9546bd4ed2a15c9336951d7abd,0.024,,,
4726,2026-07-27,SH601618,0.030425962404790133,EXP_LGBModel_Alpha158_csi300_custom_step0_s_20260727_14,f3485a9546bd4ed2a15c9336951d7abd,0.024,,,
4727,2026-07-27,SH601607,0.018100544378080875,EXP_LGBModel_Alpha158_csi300_custom_step0_s_20260727_14,f3485a9546bd4ed2a15c9336951d7abd,0.024,,,
4728,2026-07-27,SH601601,0.018297649941680618,EXP_LGBModel_Alpha158_csi300_custom_step0_s_20260727_14,f3485a9546bd4ed2a15c9336951d7abd,0.024,,,
4729,2026-07-27,SH601688,-0.01815893768067566,EXP_LGBModel_Alpha158_csi300_custom_step0_s_20260727_14,f3485a9546bd4ed2a15c9336951d7abd,0.024,,,
4730,2026-07-27,SH601600,-0.03345230756137119,EXP_LGBModel_Alpha158_csi300_custom_step0_s_20260727_14,f3485a9546bd4ed2a15c9336951d7abd,0.024,,,
4731,2026-07-27,SH601398,0.04500428301593799,EXP_LGBModel_Alpha158_csi300_custom_step0_s_20260727_14,f3485a9546bd4ed2a15c9336951d7abd,0.024,,,
4732,2026-07-27,SH601390,0.05458132546188151,EXP_LGBModel_Alpha158_csi300_custom_step0_s_20260727_14,f3485a9546bd4ed2a15c9336951d7abd,0.024,,,
4733,2026-07-27,SH601377,0.009185179923474835,EXP_LGBModel_Alpha158_csi300_custom_step0_s_20260727_14,f3485a9546bd4ed2a15c9336951d7abd,0.024,,,
4734,2026-07-27,SH601360,-0.08742162236618142,EXP_LGBModel_Alpha158_csi300_custom_step0_s_20260727_14,f3485a9546bd4ed2a15c9336951d7abd,0.024,,,
4735,2026-07-27,SH601336,-0.05942979389018345,EXP_LGBModel_Alpha158_csi300_custom_step0_s_20260727_14,f3485a9546bd4ed2a15c9336951d7abd,0.024,,,
4736,2026-07-27,SH601328,0.02168237051180082,EXP_LGBModel_Alpha158_csi300_custom_step0_s_20260727_14,f3485a9546bd4ed2a15c9336951d7abd,0.024,,,
4737,2026-07-27,SH601319,0.02000206382833174,EXP_LGBModel_Alpha158_csi300_custom_step0_s_20260727_14,f3485a9546bd4ed2a15c9336951d7abd,0.024,,,
4738,2026-07-27,SH601318,0.027327699335981212,EXP_LGBModel_Alpha158_csi300_custom_step0_s_20260727_14,f3485a9546bd4ed2a15c9336951d7abd,0.024,,,
4739,2026-07-27,SH601456,0.01225586752858987,EXP_LGBModel_Alpha158_csi300_custom_step0_s_20260727_14,f3485a9546bd4ed2a15c9336951d7abd,0.024,,,
4740,2026-07-27,SH601288,0.004598131348701544,EXP_LGBModel_Alpha158_csi300_custom_step0_s_20260727_14,f3485a9546bd4ed2a15c9336951d7abd,0.024,,,
4741,2026-07-27,SH601689,0.1213156890884082,EXP_LGBModel_Alpha158_csi300_custom_step0_s_20260727_14,f3485a9546bd4ed2a15c9336951d7abd,0.024,,,
4742,2026-07-27,SH601727,-0.0026915626695096567,EXP_LGBModel_Alpha158_csi300_custom_step0_s_20260727_14,f3485a9546bd4ed2a15c9336951d7abd,0.024,,,
4743,2026-07-27,SH601901,-0.038549316171589486,EXP_LGBModel_Alpha158_csi300_custom_step0_s_20260727_14,f3485a9546bd4ed2a15c9336951d7abd,0.024,,,
4744,2026-07-27,SH601899,-0.03550532132999022,EXP_LGBModel_Alpha158_csi300_custom_step0_s_20260727_14,f3485a9546bd4ed2a15c9336951d7abd,0.024,,,
4745,2026-07-27,SH601898,-0.10795504060979366,EXP_LGBModel_Alpha158_csi300_custom_step0_s_20260727_14,f3485a9546bd4ed2a15c9336951d7abd,0.024,,,
4746,2026-07-27,SH601888,-0.06097171401324234,EXP_LGBModel_Alpha158_csi300_custom_step0_s_20260727_14,f3485a9546bd4ed2a15c9336951d7abd,0.024,,,
4747,2026-07-27,SH601881,-0.028388187732260112,EXP_LGBModel_Alpha158_csi300_custom_step0_s_20260727_14,f3485a9546bd4ed2a15c9336951d7abd,0.024,,,
4748,2026-07-27,SH601878,-0.01166594720330219,EXP_LGBModel_Alpha158_csi300_custom_step0_s_20260727_14,f3485a9546bd4ed2a15c9336951d7abd,0.024,,,
4749,2026-07-27,SH601877,0.006835016969354834,EXP_LGBModel_Alpha158_csi300_custom_step0_s_20260727_14,f3485a9546bd4ed2a15c9336951d7abd,0.024,,,
4750,2026-07-27,SH601872,0.023335355550025402,EXP_LGBModel_Alpha158_csi300_custom_step0_s_20260727_14,f3485a9546bd4ed2a15c9336951d7abd,0.024,,,
4751,2026-07-27,SH601698,0.05822787430864772,EXP_LGBModel_Alpha158_csi300_custom_step0_s_20260727_14,f3485a9546bd4ed2a15c9336951d7abd,0.024,,,
4752,2026-07-27,SH601868,0.014348788381786836,EXP_LGBModel_Alpha158_csi300_custom_step0_s_20260727_14,f3485a9546bd4ed2a15c9336951d7abd,0.024,,,
4753,2026-07-27,SH601838,0.015346325069053278,EXP_LGBModel_Alpha158_csi300_custom_step0_s_20260727_14,f3485a9546bd4ed2a15c9336951d7abd,0.024,,,
4754,2026-07-27,SH601825,-0.05120914386386797,EXP_LGBModel_Alpha158_csi300_custom_step0_s_20260727_14,f3485a9546bd4ed2a15c9336951d7abd,0.024,,,
4755,2026-07-27,SH601818,0.026303128249729912,EXP_LGBModel_Alpha158_csi300_custom_step0_s_20260727_14,f3485a9546bd4ed2a15c9336951d7abd,0.024,,,
4756,2026-07-27,SH601816,0.022512503095826707,EXP_LGBModel_Alpha158_csi300_custom_step0_s_20260727_14,f3485a9546bd4ed2a15c9336951d7abd,0.024,,,
4757,2026-07-27,SH601800,0.047168355599526035,EXP_LGBModel_Alpha158_csi300_custom_step0_s_20260727_14,f3485a9546bd4ed2a15c9336951d7abd,0.024,,,
4758,2026-07-27,SH601788,0.01808212070935573,EXP_LGBModel_Alpha158_csi300_custom_step0_s_20260727_14,f3485a9546bd4ed2a15c9336951d7abd,0.024,,,
4759,2026-07-27,SH601766,0.03144766979112963,EXP_LGBModel_Alpha158_csi300_custom_step0_s_20260727_14,f3485a9546bd4ed2a15c9336951d7abd,0.024,,,
4760,2026-07-27,SH601728,0.07564707989710824,EXP_LGBModel_Alpha158_csi300_custom_step0_s_20260727_14,f3485a9546bd4ed2a15c9336951d7abd,0.024,,,
4761,2026-07-27,SH601857,-0.03457482217106807,EXP_LGBModel_Alpha158_csi300_custom_step0_s_20260727_14,f3485a9546bd4ed2a15c9336951d7abd,0.024,,,
4762,2026-07-27,SH601238,0.018674706611049367,EXP_LGBModel_Alpha158_csi300_custom_step0_s_20260727_14,f3485a9546bd4ed2a15c9336951d7abd,0.024,,,
4763,2026-07-27,SH601229,0.022738977517350066,EXP_LGBModel_Alpha158_csi300_custom_step0_s_20260727_14,f3485a9546bd4ed2a15c9336951d7abd,0.024,,,
4764,2026-07-27,SH601225,-0.043066354416468014,EXP_LGBModel_Alpha158_csi300_custom_step0_s_20260727_14,f3485a9546bd4ed2a15c9336951d7abd,0.024,,,
4765,2026-07-27,SH600941,0.028224946642729225,EXP_LGBModel_Alpha158_csi300_custom_step0_s_20260727_14,f3485a9546bd4ed2a15c9336951d7abd,0.024,,,
4766,2026-07-27,SH600938,-0.09435355602701267,EXP_LGBModel_Alpha158_csi300_custom_step0_s_20260727_14,f3485a9546bd4ed2a15c9336951d7abd,0.024,,,
4767,2026-07-27,SH600930,0.03898952681674535,EXP_LGBModel_Alpha158_csi300_custom_step0_s_20260727_14,f3485a9546bd4ed2a15c9336951d7abd,0.024,,,
4768,2026-07-27,SH600926,-0.009229477481534406,EXP_LGBModel_Alpha158_csi300_custom_step0_s_20260727_14,f3485a9546bd4ed2a15c9336951d7abd,0.024,,,
4769,2026-07-27,SH600919,0.02095173984173805,EXP_LGBModel_Alpha158_csi300_custom_step0_s_20260727_14,f3485a9546bd4ed2a15c9336951d7abd,0.024,,,
4770,2026-07-27,SH600918,-0.007472882295703275,EXP_LGBModel_Alpha158_csi300_custom_step0_s_20260727_14,f3485a9546bd4ed2a15c9336951d7abd,0.024,,,
4771,2026-07-27,SH600905,0.007142728610053489,EXP_LGBModel_Alpha158_csi300_custom_step0_s_20260727_14,f3485a9546bd4ed2a15c9336951d7abd,0.024,,,
4772,2026-07-27,SH600900,0.04675572023300566,EXP_LGBModel_Alpha158_csi300_custom_step0_s_20260727_14,f3485a9546bd4ed2a15c9336951d7abd,0.024,,,
4773,2026-07-27,SH600958,0.013695537533029874,EXP_LGBModel_Alpha158_csi300_custom_step0_s_20260727_14,f3485a9546bd4ed2a15c9336951d7abd,0.024,,,
4774,2026-07-27,SH600893,0.0001607875823181854,EXP_LGBModel_Alpha158_csi300_custom_step0_s_20260727_14,f3485a9546bd4ed2a15c9336951d7abd,0.024,,,
4775,2026-07-27,SH600886,0.012826318550883585,EXP_LGBModel_Alpha158_csi300_custom_step0_s_20260727_14,f3485a9546bd4ed2a15c9336951d7abd,0.024,,,
4776,2026-07-27,SH600875,0.04297604413157232,EXP_LGBModel_Alpha158_csi300_custom_step0_s_20260727_14,f3485a9546bd4ed2a15c9336951d7abd,0.024,,,
4777,2026-07-27,SH600845,-0.015160123981017192,EXP_LGBModel_Alpha158_csi300_custom_step0_s_20260727_14,f3485a9546bd4ed2a15c9336951d7abd,0.024,,,
4778,2026-07-27,SH600809,-0.038138091833657156,EXP_LGBModel_Alpha158_csi300_custom_step0_s_20260727_14,f3485a9546bd4ed2a15c9336951d7abd,0.024,,,
4779,2026-07-27,SH600803,-0.04358426611034089,EXP_LGBModel_Alpha158_csi300_custom_step0_s_20260727_14,f3485a9546bd4ed2a15c9336951d7abd,0.024,,,
4780,2026-07-27,SH600795,0.01876014538812434,EXP_LGBModel_Alpha158_csi300_custom_step0_s_20260727_14,f3485a9546bd4ed2a15c9336951d7abd,0.024,,,
4781,2026-07-27,SH600760,-0.02894358842943549,EXP_LGBModel_Alpha158_csi300_custom_step0_s_20260727_14,f3485a9546bd4ed2a15c9336951d7abd,0.024,,,
4782,2026-07-27,SH600741,0.055367676919645746,EXP_LGBModel_Alpha158_csi300_custom_step0_s_20260727_14,f3485a9546bd4ed2a15c9336951d7abd,0.024,,,
4783,2026-07-27,SH600887,0.023771672373974127,EXP_LGBModel_Alpha158_csi300_custom_step0_s_20260727_14,f3485a9546bd4ed2a15c9336951d7abd,0.024,,,
4784,2026-07-27,SH600989,-0.05064682359103529,EXP_LGBModel_Alpha158_csi300_custom_step0_s_20260727_14,f3485a9546bd4ed2a15c9336951d7abd,0.024,,,
4785,2026-07-27,SH600999,-0.009462657840667275,EXP_LGBModel_Alpha158_csi300_custom_step0_s_20260727_14,f3485a9546bd4ed2a15c9336951d7abd,0.024,,,
4786,2026-07-27,SH601006,0.04157572322855868,EXP_LGBModel_Alpha158_csi300_custom_step0_s_20260727_14,f3485a9546bd4ed2a15c9336951d7abd,0.024,,,
4787,2026-07-27,SH601211,0.008940378037360058,EXP_LGBModel_Alpha158_csi300_custom_step0_s_20260727_14,f3485a9546bd4ed2a15c9336951d7abd,0.024,,,
4788,2026-07-27,SH601186,0.030469878547538846,EXP_LGBModel_Alpha158_csi300_custom_step0_s_20260727_14,f3485a9546bd4ed2a15c9336951d7abd,0.024,,,
4789,2026-07-27,SH601169,0.044935142303154645,EXP_LGBModel_Alpha158_csi300_custom_step0_s_20260727_14,f3485a9546bd4ed2a15c9336951d7abd,0.024,,,
4790,2026-07-27,SH601166,0.025900280411010827,EXP_LGBModel_Alpha158_csi300_custom_step0_s_20260727_14,f3485a9546bd4ed2a15c9336951d7abd,0.024,,,
4791,2026-07-27,SH601138,0.06775804134342135,EXP_LGBModel_Alpha158_csi300_custom_step0_s_20260727_14,f3485a9546bd4ed2a15c9336951d7abd,0.024,,,
4792,2026-07-27,SH601136,-0.0314418230827242,EXP_LGBModel_Alpha158_csi300_custom_step0_s_20260727_14,f3485a9546bd4ed2a15c9336951d7abd,0.024,,,
4793,2026-07-27,SH601127,0.06945107772268241,EXP_LGBModel_Alpha158_csi300_custom_step0_s_20260727_14,f3485a9546bd4ed2a15c9336951d7abd,0.024,,,
4794,2026-07-27,SH601117,0.027516041533802795,EXP_LGBModel_Alpha158_csi300_custom_step0_s_20260727_14,f3485a9546bd4ed2a15c9336951d7abd,0.024,,,
4795,2026-07-27,SH601111,0.006328899254786874,EXP_LGBModel_Alpha158_csi300_custom_step0_s_20260727_14,f3485a9546bd4ed2a15c9336951d7abd,0.024,,,
4796,2026-07-27,SH601100,0.03252634141873011,EXP_LGBModel_Alpha158_csi300_custom_step0_s_20260727_14,f3485a9546bd4ed2a15c9336951d7abd,0.024,,,
4797,2026-07-27,SH601088,0.040370404143555326,EXP_LGBModel_Alpha158_csi300_custom_step0_s_20260727_14,f3485a9546bd4ed2a15c9336951d7abd,0.024,,,
4798,2026-07-27,SH601077,0.02075991301867125,EXP_LGBModel_Alpha158_csi300_custom_step0_s_20260727_14,f3485a9546bd4ed2a15c9336951d7abd,0.024,,,
4799,2026-07-27,SH601066,-0.03907725025695726,EXP_LGBModel_Alpha158_csi300_custom_step0_s_20260727_14,f3485a9546bd4ed2a15c9336951d7abd,0.024,,,
4800,2026-07-27,SH601059,-0.00534862121291604,EXP_LGBModel_Alpha158_csi300_custom_step0_s_20260727_14,f3485a9546bd4ed2a15c9336951d7abd,0.024,,,
4801,2026-07-27,SH601058,-0.002474115889685744,EXP_LGBModel_Alpha158_csi300_custom_step0_s_20260727_14,f3485a9546bd4ed2a15c9336951d7abd,0.024,,,
4802,2026-07-27,SH601021,0.020854531665071077,EXP_LGBModel_Alpha158_csi300_custom_step0_s_20260727_14,f3485a9546bd4ed2a15c9336951d7abd,0.024,,,
4803,2026-07-27,SH601018,0.035319495769774716,EXP_LGBModel_Alpha158_csi300_custom_step0_s_20260727_14,f3485a9546bd4ed2a15c9336951d7abd,0.024,,,
4804,2026-07-27,SH601012,-0.09419057323458038,EXP_LGBModel_Alpha158_csi300_custom_step0_s_20260727_14,f3485a9546bd4ed2a15c9336951d7abd,0.024,,,
4805,2026-07-27,SH601009,0.008148967864468178,EXP_LGBModel_Alpha158_csi300_custom_step0_s_20260727_14,f3485a9546bd4ed2a15c9336951d7abd,0.024,,,
4806,2026-07-27,SH600674,0.04805836943696466,EXP_LGBModel_Alpha158_csi300_custom_step0_s_20260727_14,f3485a9546bd4ed2a15c9336951d7abd,0.024,,,
4807,2026-07-27,SZ300251,-0.06648978755082831,EXP_LGBModel_Alpha158_csi300_custom_step0_s_20260727_14,b651708ff94d4a0b875d62eddb6bcd86,0.135,,,
4808,2026-07-27,SZ300124,-0.002339959059137987,EXP_LGBModel_Alpha158_csi300_custom_step0_s_20260727_14,b651708ff94d4a0b875d62eddb6bcd86,0.135,,,
4809,2026-07-27,SZ300122,-0.11410836268950489,EXP_LGBModel_Alpha158_csi300_custom_step0_s_20260727_14,b651708ff94d4a0b875d62eddb6bcd86,0.135,,,
4810,2026-07-27,SH603260,0.03274161831978659,EXP_LGBModel_Alpha158_csi300_custom_step0_s_20260727_14,b651708ff94d4a0b875d62eddb6bcd86,0.135,,,
4811,2026-07-27,SH603259,-0.040573018830059086,EXP_LGBModel_Alpha158_csi300_custom_step0_s_20260727_14,b651708ff94d4a0b875d62eddb6bcd86,0.135,,,
4812,2026-07-27,SH603019,-0.0556033456883218,EXP_LGBModel_Alpha158_csi300_custom_step0_s_20260727_14,b651708ff94d4a0b875d62eddb6bcd86,0.135,,,
4813,2026-07-27,SH601998,0.02977002701228582,EXP_LGBModel_Alpha158_csi300_custom_step0_s_20260727_14,b651708ff94d4a0b875d62eddb6bcd86,0.135,,,
4814,2026-07-27,SH601995,-0.097217765811881,EXP_LGBModel_Alpha158_csi300_custom_step0_s_20260727_14,b651708ff94d4a0b875d62eddb6bcd86,0.135,,,
4815,2026-07-27,SH601988,0.028027541701144937,EXP_LGBModel_Alpha158_csi300_custom_step0_s_20260727_14,b651708ff94d4a0b875d62eddb6bcd86,0.135,,,
4816,2026-07-27,SH601985,0.02975912332973708,EXP_LGBModel_Alpha158_csi300_custom_step0_s_20260727_14,b651708ff94d4a0b875d62eddb6bcd86,0.135,,,
4817,2026-07-27,SH601939,0.036399614063372526,EXP_LGBModel_Alpha158_csi300_custom_step0_s_20260727_14,b651708ff94d4a0b875d62eddb6bcd86,0.135,,,
4818,2026-07-27,SH603288,-0.025698372418572715,EXP_LGBModel_Alpha158_csi300_custom_step0_s_20260727_14,b651708ff94d4a0b875d62eddb6bcd86,0.135,,,
4819,2026-07-27,SH601919,-0.014984562271854731,EXP_LGBModel_Alpha158_csi300_custom_step0_s_20260727_14,b651708ff94d4a0b875d62eddb6bcd86,0.135,,,
4820,2026-07-27,SH601901,0.004341690944116222,EXP_LGBModel_Alpha158_csi300_custom_step0_s_20260727_14,b651708ff94d4a0b875d62eddb6bcd86,0.135,,,
4821,2026-07-27,SH601899,-0.11287044805972753,EXP_LGBModel_Alpha158_csi300_custom_step0_s_20260727_14,b651708ff94d4a0b875d62eddb6bcd86,0.135,,,
4822,2026-07-27,SH601898,-0.10382971634505027,EXP_LGBModel_Alpha158_csi300_custom_step0_s_20260727_14,b651708ff94d4a0b875d62eddb6bcd86,0.135,,,
4823,2026-07-27,SH601888,-0.13614271121394983,EXP_LGBModel_Alpha158_csi300_custom_step0_s_20260727_14,b651708ff94d4a0b875d62eddb6bcd86,0.135,,,
4824,2026-07-27,SH601881,-0.015002851998577175,EXP_LGBModel_Alpha158_csi300_custom_step0_s_20260727_14,b651708ff94d4a0b875d62eddb6bcd86,0.135,,,
4825,2026-07-27,SH601878,-0.006190650009391614,EXP_LGBModel_Alpha158_csi300_custom_step0_s_20260727_14,b651708ff94d4a0b875d62eddb6bcd86,0.135,,,
4826,2026-07-27,SH601877,-0.060061285604049504,EXP_LGBModel_Alpha158_csi300_custom_step0_s_20260727_14,b651708ff94d4a0b875d62eddb6bcd86,0.135,,,
4827,2026-07-27,SH601872,0.04451221498845233,EXP_LGBModel_Alpha158_csi300_custom_step0_s_20260727_14,b651708ff94d4a0b875d62eddb6bcd86,0.135,,,
4828,2026-07-27,SH601916,0.03527996081347643,EXP_LGBModel_Alpha158_csi300_custom_step0_s_20260727_14,b651708ff94d4a0b875d62eddb6bcd86,0.135,,,
4829,2026-07-27,SH601868,-0.027458109458864642,EXP_LGBModel_Alpha158_csi300_custom_step0_s_20260727_14,b651708ff94d4a0b875d62eddb6bcd86,0.135,,,
4830,2026-07-27,SH603296,-0.05569686855212994,EXP_LGBModel_Alpha158_csi300_custom_step0_s_20260727_14,b651708ff94d4a0b875d62eddb6bcd86,0.135,,,
4831,2026-07-27,SH603392,-0.05557676688750979,EXP_LGBModel_Alpha158_csi300_custom_step0_s_20260727_14,b651708ff94d4a0b875d62eddb6bcd86,0.135,,,
4832,2026-07-27,SH688183,0.03855515752013095,EXP_LGBModel_Alpha158_csi300_custom_step0_s_20260727_14,b651708ff94d4a0b875d62eddb6bcd86,0.135,,,
4833,2026-07-27,SH688126,0.046996358747058216,EXP_LGBModel_Alpha158_csi300_custom_step0_s_20260727_14,b651708ff94d4a0b875d62eddb6bcd86,0.135,,,
4834,2026-07-27,SH688111,-0.10097003615061652,EXP_LGBModel_Alpha158_csi300_custom_step0_s_20260727_14,b651708ff94d4a0b875d62eddb6bcd86,0.135,,,
4835,2026-07-27,SH688082,0.060694272244808924,EXP_LGBModel_Alpha158_csi300_custom_step0_s_20260727_14,b651708ff94d4a0b875d62eddb6bcd86,0.135,,,
4836,2026-07-27,SH688072,-0.06986024966227172,EXP_LGBModel_Alpha158_csi300_custom_step0_s_20260727_14,b651708ff94d4a0b875d62eddb6bcd86,0.135,,,
4837,2026-07-27,SH688047,0.03897979544531149,EXP_LGBModel_Alpha158_csi300_custom_step0_s_20260727_14,b651708ff94d4a0b875d62eddb6bcd86,0.135,,,
4838,2026-07-27,SH688041,-0.07031927473062236,EXP_LGBModel_Alpha158_csi300_custom_step0_s_20260727_14,b651708ff94d4a0b875d62eddb6bcd86,0.135,,,
4839,2026-07-27,SH688036,-0.08534383625967601,EXP_LGBModel_Alpha158_csi300_custom_step0_s_20260727_14,b651708ff94d4a0b875d62eddb6bcd86,0.135,,,
4840,2026-07-27,SH603369,-0.09582449359650667,EXP_LGBModel_Alpha158_csi300_custom_step0_s_20260727_14,b651708ff94d4a0b875d62eddb6bcd86,0.135,,,
4841,2026-07-27,SH688012,0.03869735994377298,EXP_LGBModel_Alpha158_csi300_custom_step0_s_20260727_14,b651708ff94d4a0b875d62eddb6bcd86,0.135,,,
4842,2026-07-27,SH688008,0.028654334491990723,EXP_LGBModel_Alpha158_csi300_custom_step0_s_20260727_14,b651708ff94d4a0b875d62eddb6bcd86,0.135,,,
4843,2026-07-27,SH605499,-0.13650072174347502,EXP_LGBModel_Alpha158_csi300_custom_step0_s_20260727_14,b651708ff94d4a0b875d62eddb6bcd86,0.135,,,
4844,2026-07-27,SH605117,-0.02092097458259645,EXP_LGBModel_Alpha158_csi300_custom_step0_s_20260727_14,b651708ff94d4a0b875d62eddb6bcd86,0.135,,,
4845,2026-07-27,SH603993,-0.14192669087115564,EXP_LGBModel_Alpha158_csi300_custom_step0_s_20260727_14,b651708ff94d4a0b875d62eddb6bcd86,0.135,,,
4846,2026-07-27,SH603986,0.027378327996520284,EXP_LGBModel_Alpha158_csi300_custom_step0_s_20260727_14,b651708ff94d4a0b875d62eddb6bcd86,0.135,,,
4847,2026-07-27,SH603893,-0.15219114719703764,EXP_LGBModel_Alpha158_csi300_custom_step0_s_20260727_14,b651708ff94d4a0b875d62eddb6bcd86,0.135,,,
4848,2026-07-27,SH603799,0.15168291636595138,EXP_LGBModel_Alpha158_csi300_custom_step0_s_20260727_14,b651708ff94d4a0b875d62eddb6bcd86,0.135,,,
4849,2026-07-27,SH603501,-0.05213455179246655,EXP_LGBModel_Alpha158_csi300_custom_step0_s_20260727_14,b651708ff94d4a0b875d62eddb6bcd86,0.135,,,
4850,2026-07-27,SH688009,0.003455648267552396,EXP_LGBModel_Alpha158_csi300_custom_step0_s_20260727_14,b651708ff94d4a0b875d62eddb6bcd86,0.135,,,
4851,2026-07-27,SH601857,-0.10753856661035946,EXP_LGBModel_Alpha158_csi300_custom_step0_s_20260727_14,b651708ff94d4a0b875d62eddb6bcd86,0.135,,,
4852,2026-07-27,SH601838,0.03162799253937639,EXP_LGBModel_Alpha158_csi300_custom_step0_s_20260727_14,b651708ff94d4a0b875d62eddb6bcd86,0.135,,,
4853,2026-07-27,SH601825,-0.03798802117236988,EXP_LGBModel_Alpha158_csi300_custom_step0_s_20260727_14,b651708ff94d4a0b875d62eddb6bcd86,0.135,,,
4854,2026-07-27,SH601360,-0.10865062287571002,EXP_LGBModel_Alpha158_csi300_custom_step0_s_20260727_14,b651708ff94d4a0b875d62eddb6bcd86,0.135,,,
4855,2026-07-27,SH601336,-0.07267956398834909,EXP_LGBModel_Alpha158_csi300_custom_step0_s_20260727_14,b651708ff94d4a0b875d62eddb6bcd86,0.135,,,
4856,2026-07-27,SH601328,0.038351972268520815,EXP_LGBModel_Alpha158_csi300_custom_step0_s_20260727_14,b651708ff94d4a0b875d62eddb6bcd86,0.135,,,
4857,2026-07-27,SH601319,-0.03594852330591823,EXP_LGBModel_Alpha158_csi300_custom_step0_s_20260727_14,b651708ff94d4a0b875d62eddb6bcd86,0.135,,,
4858,2026-07-27,SH601318,-0.012276883293871088,EXP_LGBModel_Alpha158_csi300_custom_step0_s_20260727_14,b651708ff94d4a0b875d62eddb6bcd86,0.135,,,
4859,2026-07-27,SH601288,0.03636155044392306,EXP_LGBModel_Alpha158_csi300_custom_step0_s_20260727_14,b651708ff94d4a0b875d62eddb6bcd86,0.135,,,
4860,2026-07-27,SH601238,-0.03230184937167965,EXP_LGBModel_Alpha158_csi300_custom_step0_s_20260727_14,b651708ff94d4a0b875d62eddb6bcd86,0.135,,,
4861,2026-07-27,SH601229,0.060661662788091625,EXP_LGBModel_Alpha158_csi300_custom_step0_s_20260727_14,b651708ff94d4a0b875d62eddb6bcd86,0.135,,,
4862,2026-07-27,SH601377,0.030829897323921874,EXP_LGBModel_Alpha158_csi300_custom_step0_s_20260727_14,b651708ff94d4a0b875d62eddb6bcd86,0.135,,,
4863,2026-07-27,SH601225,-0.020671269211694702,EXP_LGBModel_Alpha158_csi300_custom_step0_s_20260727_14,b651708ff94d4a0b875d62eddb6bcd86,0.135,,,
4864,2026-07-27,SH601186,0.04846035111951622,EXP_LGBModel_Alpha158_csi300_custom_step0_s_20260727_14,b651708ff94d4a0b875d62eddb6bcd86,0.135,,,
4865,2026-07-27,SH601169,0.021835746494244804,EXP_LGBModel_Alpha158_csi300_custom_step0_s_20260727_14,b651708ff94d4a0b875d62eddb6bcd86,0.135,,,
4866,2026-07-27,SH601166,0.010598240267547627,EXP_LGBModel_Alpha158_csi300_custom_step0_s_20260727_14,b651708ff94d4a0b875d62eddb6bcd86,0.135,,,
4867,2026-07-27,SH601138,0.05470793370203119,EXP_LGBModel_Alpha158_csi300_custom_step0_s_20260727_14,b651708ff94d4a0b875d62eddb6bcd86,0.135,,,
4868,2026-07-27,SH601136,-0.044451990093600985,EXP_LGBModel_Alpha158_csi300_custom_step0_s_20260727_14,b651708ff94d4a0b875d62eddb6bcd86,0.135,,,
4869,2026-07-27,SH601127,-0.017357454616473478,EXP_LGBModel_Alpha158_csi300_custom_step0_s_20260727_14,b651708ff94d4a0b875d62eddb6bcd86,0.135,,,
4870,2026-07-27,SH601117,-0.002046869357804763,EXP_LGBModel_Alpha158_csi300_custom_step0_s_20260727_14,b651708ff94d4a0b875d62eddb6bcd86,0.135,,,
4871,2026-07-27,SH601111,-0.024278123109973467,EXP_LGBModel_Alpha158_csi300_custom_step0_s_20260727_14,b651708ff94d4a0b875d62eddb6bcd86,0.135,,,
4872,2026-07-27,SH601211,-0.04632414176139488,EXP_LGBModel_Alpha158_csi300_custom_step0_s_20260727_14,b651708ff94d4a0b875d62eddb6bcd86,0.135,,,
4873,2026-07-27,SH601390,0.0033743295935008246,EXP_LGBModel_Alpha158_csi300_custom_step0_s_20260727_14,b651708ff94d4a0b875d62eddb6bcd86,0.135,,,
4874,2026-07-27,SH601398,0.026296402433518787,EXP_LGBModel_Alpha158_csi300_custom_step0_s_20260727_14,b651708ff94d4a0b875d62eddb6bcd86,0.135,,,
4875,2026-07-27,SH601456,-0.0004576118104521347,EXP_LGBModel_Alpha158_csi300_custom_step0_s_20260727_14,b651708ff94d4a0b875d62eddb6bcd86,0.135,,,
4876,2026-07-27,SH601818,0.04308079105466375,EXP_LGBModel_Alpha158_csi300_custom_step0_s_20260727_14,b651708ff94d4a0b875d62eddb6bcd86,0.135,,,
4877,2026-07-27,SH601816,0.01786079917126558,EXP_LGBModel_Alpha158_csi300_custom_step0_s_20260727_14,b651708ff94d4a0b875d62eddb6bcd86,0.135,,,
4878,2026-07-27,SH601800,-0.00336100207312368,EXP_LGBModel_Alpha158_csi300_custom_step0_s_20260727_14,b651708ff94d4a0b875d62eddb6bcd86,0.135,,,
4879,2026-07-27,SH601788,0.03555278688237144,EXP_LGBModel_Alpha158_csi300_custom_step0_s_20260727_14,b651708ff94d4a0b875d62eddb6bcd86,0.135,,,
4880,2026-07-27,SH601766,0.00889433406060743,EXP_LGBModel_Alpha158_csi300_custom_step0_s_20260727_14,b651708ff94d4a0b875d62eddb6bcd86,0.135,,,
4881,2026-07-27,SH601728,0.0011668581380903029,EXP_LGBModel_Alpha158_csi300_custom_step0_s_20260727_14,b651708ff94d4a0b875d62eddb6bcd86,0.135,,,
4882,2026-07-27,SH601727,-0.009557053628516988,EXP_LGBModel_Alpha158_csi300_custom_step0_s_20260727_14,b651708ff94d4a0b875d62eddb6bcd86,0.135,,,
4883,2026-07-27,SH601698,0.05910095480149233,EXP_LGBModel_Alpha158_csi300_custom_step0_s_20260727_14,b651708ff94d4a0b875d62eddb6bcd86,0.135,,,
4884,2026-07-27,SH601689,-0.023050112618164913,EXP_LGBModel_Alpha158_csi300_custom_step0_s_20260727_14,b651708ff94d4a0b875d62eddb6bcd86,0.135,,,
4885,2026-07-27,SH601688,-0.01889295761199565,EXP_LGBModel_Alpha158_csi300_custom_step0_s_20260727_14,b651708ff94d4a0b875d62eddb6bcd86,0.135,,,
4886,2026-07-27,SH601669,-0.013828144978070955,EXP_LGBModel_Alpha158_csi300_custom_step0_s_20260727_14,b651708ff94d4a0b875d62eddb6bcd86,0.135,,,
4887,2026-07-27,SH601668,0.016899530567873744,EXP_LGBModel_Alpha158_csi300_custom_step0_s_20260727_14,b651708ff94d4a0b875d62eddb6bcd86,0.135,,,
4888,2026-07-27,SH601658,0.033835011842400745,EXP_LGBModel_Alpha158_csi300_custom_step0_s_20260727_14,b651708ff94d4a0b875d62eddb6bcd86,0.135,,,
4889,2026-07-27,SH601633,-0.0763330713807657,EXP_LGBModel_Alpha158_csi300_custom_step0_s_20260727_14,b651708ff94d4a0b875d62eddb6bcd86,0.135,,,
4890,2026-07-27,SH601628,-0.026929581980681228,EXP_LGBModel_Alpha158_csi300_custom_step0_s_20260727_14,b651708ff94d4a0b875d62eddb6bcd86,0.135,,,
4891,2026-07-27,SH601618,-0.006247112759032417,EXP_LGBModel_Alpha158_csi300_custom_step0_s_20260727_14,b651708ff94d4a0b875d62eddb6bcd86,0.135,,,
4892,2026-07-27,SH601607,0.0016647872005461227,EXP_LGBModel_Alpha158_csi300_custom_step0_s_20260727_14,b651708ff94d4a0b875d62eddb6bcd86,0.135,,,
4893,2026-07-27,SH601601,-0.07301181437528909,EXP_LGBModel_Alpha158_csi300_custom_step0_s_20260727_14,b651708ff94d4a0b875d62eddb6bcd86,0.135,,,
4894,2026-07-27,SH601600,-0.08854352598724939,EXP_LGBModel_Alpha158_csi300_custom_step0_s_20260727_14,b651708ff94d4a0b875d62eddb6bcd86,0.135,,,
4895,2026-07-27,SH688223,0.036573192364909614,EXP_LGBModel_Alpha158_csi300_custom_step0_s_20260727_14,b651708ff94d4a0b875d62eddb6bcd86,0.135,,,
4896,2026-07-27,SH688256,-0.039377516263862884,EXP_LGBModel_Alpha158_csi300_custom_step0_s_20260727_14,b651708ff94d4a0b875d62eddb6bcd86,0.135,,,
4897,2026-07-27,SH688271,-0.0818478914697927,EXP_LGBModel_Alpha158_csi300_custom_step0_s_20260727_14,b651708ff94d4a0b875d62eddb6bcd86,0.135,,,
4898,2026-07-27,SH688303,0.02202436603116387,EXP_LGBModel_Alpha158_csi300_custom_step0_s_20260727_14,b651708ff94d4a0b875d62eddb6bcd86,0.135,,,
4899,2026-07-27,SZ002460,0.09459934299497048,EXP_LGBModel_Alpha158_csi300_custom_step0_s_20260727_14,b651708ff94d4a0b875d62eddb6bcd86,0.135,,,
4900,2026-07-27,SZ002422,-0.05595061109263082,EXP_LGBModel_Alpha158_csi300_custom_step0_s_20260727_14,b651708ff94d4a0b875d62eddb6bcd86,0.135,,,
4901,2026-07-27,SZ002415,-0.1563392180524047,EXP_LGBModel_Alpha158_csi300_custom_step0_s_20260727_14,b651708ff94d4a0b875d62eddb6bcd86,0.135,,,
4902,2026-07-27,SZ002384,0.01694079263969228,EXP_LGBModel_Alpha158_csi300_custom_step0_s_20260727_14,b651708ff94d4a0b875d62eddb6bcd86,0.135,,,
4903,2026-07-27,SZ002371,-0.009916043283542722,EXP_LGBModel_Alpha158_csi300_custom_step0_s_20260727_14,b651708ff94d4a0b875d62eddb6bcd86,0.135,,,
4904,2026-07-27,SZ002353,0.0520783839109449,EXP_LGBModel_Alpha158_csi300_custom_step0_s_20260727_14,b651708ff94d4a0b875d62eddb6bcd86,0.135,,,
4905,2026-07-27,SZ002352,-0.023603403956621957,EXP_LGBModel_Alpha158_csi300_custom_step0_s_20260727_14,b651708ff94d4a0b875d62eddb6bcd86,0.135,,,
4906,2026-07-27,SZ002311,-0.018315317895679365,EXP_LGBModel_Alpha158_csi300_custom_step0_s_20260727_14,b651708ff94d4a0b875d62eddb6bcd86,0.135,,,
4907,2026-07-27,SZ002463,0.044231436191811635,EXP_LGBModel_Alpha158_csi300_custom_step0_s_20260727_14,b651708ff94d4a0b875d62eddb6bcd86,0.135,,,
4908,2026-07-27,SZ002304,-0.08960744578029146,EXP_LGBModel_Alpha158_csi300_custom_step0_s_20260727_14,b651708ff94d4a0b875d62eddb6bcd86,0.135,,,
4909,2026-07-27,SZ002236,0.006139822756514382,EXP_LGBModel_Alpha158_csi300_custom_step0_s_20260727_14,b651708ff94d4a0b875d62eddb6bcd86,0.135,,,
4910,2026-07-27,SZ002230,-0.07172546512619929,EXP_LGBModel_Alpha158_csi300_custom_step0_s_20260727_14,b651708ff94d4a0b875d62eddb6bcd86,0.135,,,
4911,2026-07-27,SZ002202,0.08150038851458556,EXP_LGBModel_Alpha158_csi300_custom_step0_s_20260727_14,b651708ff94d4a0b875d62eddb6bcd86,0.135,,,
4912,2026-07-27,SZ002179,0.059962309229674035,EXP_LGBModel_Alpha158_csi300_custom_step0_s_20260727_14,b651708ff94d4a0b875d62eddb6bcd86,0.135,,,
4913,2026-07-27,SZ002142,0.015233247756343432,EXP_LGBModel_Alpha158_csi300_custom_step0_s_20260727_14,b651708ff94d4a0b875d62eddb6bcd86,0.135,,,
4914,2026-07-27,SZ002074,-0.10625162391945178,EXP_LGBModel_Alpha158_csi300_custom_step0_s_20260727_14,b651708ff94d4a0b875d62eddb6bcd86,0.135,,,
4915,2026-07-27,SZ002050,-0.009148272209356918,EXP_LGBModel_Alpha158_csi300_custom_step0_s_20260727_14,b651708ff94d4a0b875d62eddb6bcd86,0.135,,,
4916,2026-07-27,SZ002049,-0.007597224663419634,EXP_LGBModel_Alpha158_csi300_custom_step0_s_20260727_14,b651708ff94d4a0b875d62eddb6bcd86,0.135,,,
4917,2026-07-27,SZ002241,-0.1532065175822634,EXP_LGBModel_Alpha158_csi300_custom_step0_s_20260727_14,b651708ff94d4a0b875d62eddb6bcd86,0.135,,,
4918,2026-07-27,SZ002466,0.06889667517614004,EXP_LGBModel_Alpha158_csi300_custom_step0_s_20260727_14,b651708ff94d4a0b875d62eddb6bcd86,0.135,,,
4919,2026-07-27,SZ002475,-0.11865371582165324,EXP_LGBModel_Alpha158_csi300_custom_step0_s_20260727_14,b651708ff94d4a0b875d62eddb6bcd86,0.135,,,
4920,2026-07-27,SZ002493,-0.0826860136246152,EXP_LGBModel_Alpha158_csi300_custom_step0_s_20260727_14,b651708ff94d4a0b875d62eddb6bcd86,0.135,,,
4921,2026-07-27,SZ300059,-0.04309926598262468,EXP_LGBModel_Alpha158_csi300_custom_step0_s_20260727_14,b651708ff94d4a0b875d62eddb6bcd86,0.135,,,
4922,2026-07-27,SZ300033,-0.06334742960879772,EXP_LGBModel_Alpha158_csi300_custom_step0_s_20260727_14,b651708ff94d4a0b875d62eddb6bcd86,0.135,,,
4923,2026-07-27,SZ300015,-0.1114523363233317,EXP_LGBModel_Alpha158_csi300_custom_step0_s_20260727_14,b651708ff94d4a0b875d62eddb6bcd86,0.135,,,
4924,2026-07-27,SZ300014,0.09069911834652407,EXP_LGBModel_Alpha158_csi300_custom_step0_s_20260727_14,b651708ff94d4a0b875d62eddb6bcd86,0.135,,,
4925,2026-07-27,SZ003816,0.009880570294560458,EXP_LGBModel_Alpha158_csi300_custom_step0_s_20260727_14,b651708ff94d4a0b875d62eddb6bcd86,0.135,,,
4926,2026-07-27,SZ002938,0.03450917488508912,EXP_LGBModel_Alpha158_csi300_custom_step0_s_20260727_14,b651708ff94d4a0b875d62eddb6bcd86,0.135,,,
4927,2026-07-27,SZ002920,-0.07406759302702272,EXP_LGBModel_Alpha158_csi300_custom_step0_s_20260727_14,b651708ff94d4a0b875d62eddb6bcd86,0.135,,,
4928,2026-07-27,SZ002916,0.060896470933051575,EXP_LGBModel_Alpha158_csi300_custom_step0_s_20260727_14,b651708ff94d4a0b875d62eddb6bcd86,0.135,,,
4929,2026-07-27,SZ002837,0.029288771678890838,EXP_LGBModel_Alpha158_csi300_custom_step0_s_20260727_14,b651708ff94d4a0b875d62eddb6bcd86,0.135,,,
4930,2026-07-27,SZ002736,0.02759980213890107,EXP_LGBModel_Alpha158_csi300_custom_step0_s_20260727_14,b651708ff94d4a0b875d62eddb6bcd86,0.135,,,
4931,2026-07-27,SZ002714,-0.09720443344676634,EXP_LGBModel_Alpha158_csi300_custom_step0_s_20260727_14,b651708ff94d4a0b875d62eddb6bcd86,0.135,,,
4932,2026-07-27,SZ002709,0.117481714587015,EXP_LGBModel_Alpha158_csi300_custom_step0_s_20260727_14,b651708ff94d4a0b875d62eddb6bcd86,0.135,,,
4933,2026-07-27,SZ002648,-0.093833155923932,EXP_LGBModel_Alpha158_csi300_custom_step0_s_20260727_14,b651708ff94d4a0b875d62eddb6bcd86,0.135,,,
4934,2026-07-27,SZ002625,0.06316066911899178,EXP_LGBModel_Alpha158_csi300_custom_step0_s_20260727_14,b651708ff94d4a0b875d62eddb6bcd86,0.135,,,
4935,2026-07-27,SZ002602,-0.07550639787805138,EXP_LGBModel_Alpha158_csi300_custom_step0_s_20260727_14,b651708ff94d4a0b875d62eddb6bcd86,0.135,,,
4936,2026-07-27,SZ002600,0.035063979700648666,EXP_LGBModel_Alpha158_csi300_custom_step0_s_20260727_14,b651708ff94d4a0b875d62eddb6bcd86,0.135,,,
4937,2026-07-27,SZ002594,-0.048011622847577075,EXP_LGBModel_Alpha158_csi300_custom_step0_s_20260727_14,b651708ff94d4a0b875d62eddb6bcd86,0.135,,,
4938,2026-07-27,SZ002558,-0.03830092050616914,EXP_LGBModel_Alpha158_csi300_custom_step0_s_20260727_14,b651708ff94d4a0b875d62eddb6bcd86,0.135,,,
4939,2026-07-27,SZ002532,-0.07969186584053385,EXP_LGBModel_Alpha158_csi300_custom_step0_s_20260727_14,b651708ff94d4a0b875d62eddb6bcd86,0.135,,,
4940,2026-07-27,SZ002028,-0.05178252174678825,EXP_LGBModel_Alpha158_csi300_custom_step0_s_20260727_14,b651708ff94d4a0b875d62eddb6bcd86,0.135,,,
4941,2026-07-27,SH600309,-0.046807964424756696,EXP_LGBModel_Alpha158_csi300_custom_step0_s_20260727_14,1608e393f6b54bd4920c926151dbadf2,0.061,,,
4942,2026-07-27,SZ002027,-0.06895389957021059,EXP_LGBModel_Alpha158_csi300_custom_step0_s_20260727_14,b651708ff94d4a0b875d62eddb6bcd86,0.135,,,
4943,2026-07-27,SZ001979,-0.045998543697521044,EXP_LGBModel_Alpha158_csi300_custom_step0_s_20260727_14,b651708ff94d4a0b875d62eddb6bcd86,0.135,,,
4944,2026-07-27,SZ000568,-0.06055625006582488,EXP_LGBModel_Alpha158_csi300_custom_step0_s_20260727_14,b651708ff94d4a0b875d62eddb6bcd86,0.135,,,
4945,2026-07-27,SZ000538,0.003717479626592804,EXP_LGBModel_Alpha158_csi300_custom_step0_s_20260727_14,b651708ff94d4a0b875d62eddb6bcd86,0.135,,,
4946,2026-07-27,SZ000425,-0.07268499772629419,EXP_LGBModel_Alpha158_csi300_custom_step0_s_20260727_14,b651708ff94d4a0b875d62eddb6bcd86,0.135,,,
4947,2026-07-27,SZ000408,-0.08513391950563289,EXP_LGBModel_Alpha158_csi300_custom_step0_s_20260727_14,b651708ff94d4a0b875d62eddb6bcd86,0.135,,,
4948,2026-07-27,SZ000338,-0.01129354851271325,EXP_LGBModel_Alpha158_csi300_custom_step0_s_20260727_14,b651708ff94d4a0b875d62eddb6bcd86,0.135,,,
4949,2026-07-27,SZ000333,0.011476538458160759,EXP_LGBModel_Alpha158_csi300_custom_step0_s_20260727_14,b651708ff94d4a0b875d62eddb6bcd86,0.135,,,
4950,2026-07-27,SZ000301,-0.019690103260801086,EXP_LGBModel_Alpha158_csi300_custom_step0_s_20260727_14,b651708ff94d4a0b875d62eddb6bcd86,0.135,,,
4951,2026-07-27,SZ000166,0.024357013238464235,EXP_LGBModel_Alpha158_csi300_custom_step0_s_20260727_14,b651708ff94d4a0b875d62eddb6bcd86,0.135,,,
4952,2026-07-27,SZ000596,-0.06819352545409346,EXP_LGBModel_Alpha158_csi300_custom_step0_s_20260727_14,b651708ff94d4a0b875d62eddb6bcd86,0.135,,,
4953,2026-07-27,SZ000157,-0.05937732925332041,EXP_LGBModel_Alpha158_csi300_custom_step0_s_20260727_14,b651708ff94d4a0b875d62eddb6bcd86,0.135,,,
4954,2026-07-27,SZ000063,-0.06221696053278716,EXP_LGBModel_Alpha158_csi300_custom_step0_s_20260727_14,b651708ff94d4a0b875d62eddb6bcd86,0.135,,,
4955,2026-07-27,SZ000002,-0.061758098046107615,EXP_LGBModel_Alpha158_csi300_custom_step0_s_20260727_14,b651708ff94d4a0b875d62eddb6bcd86,0.135,,,
4956,2026-07-27,SZ000001,0.03017429672225654,EXP_LGBModel_Alpha158_csi300_custom_step0_s_20260727_14,b651708ff94d4a0b875d62eddb6bcd86,0.135,,,
4957,2026-07-27,SH688981,-0.026187422394493468,EXP_LGBModel_Alpha158_csi300_custom_step0_s_20260727_14,b651708ff94d4a0b875d62eddb6bcd86,0.135,,,
4958,2026-07-27,SH688521,0.002022182932738694,EXP_LGBModel_Alpha158_csi300_custom_step0_s_20260727_14,b651708ff94d4a0b875d62eddb6bcd86,0.135,,,
4959,2026-07-27,SH688506,0.09455364143943358,EXP_LGBModel_Alpha158_csi300_custom_step0_s_20260727_14,b651708ff94d4a0b875d62eddb6bcd86,0.135,,,
4960,2026-07-27,SH688472,-0.04593431994823627,EXP_LGBModel_Alpha158_csi300_custom_step0_s_20260727_14,b651708ff94d4a0b875d62eddb6bcd86,0.135,,,
4961,2026-07-27,SH688396,0.03071773983563317,EXP_LGBModel_Alpha158_csi300_custom_step0_s_20260727_14,b651708ff94d4a0b875d62eddb6bcd86,0.135,,,
4962,2026-07-27,SZ000100,-0.08378415870903398,EXP_LGBModel_Alpha158_csi300_custom_step0_s_20260727_14,b651708ff94d4a0b875d62eddb6bcd86,0.135,,,
4963,2026-07-27,SZ000617,-0.07531472073281345,EXP_LGBModel_Alpha158_csi300_custom_step0_s_20260727_14,b651708ff94d4a0b875d62eddb6bcd86,0.135,,,
4964,2026-07-27,SZ000625,-0.0868518596949514,EXP_LGBModel_Alpha158_csi300_custom_step0_s_20260727_14,b651708ff94d4a0b875d62eddb6bcd86,0.135,,,
4965,2026-07-27,SZ000630,-0.021832129065370104,EXP_LGBModel_Alpha158_csi300_custom_step0_s_20260727_14,b651708ff94d4a0b875d62eddb6bcd86,0.135,,,
4966,2026-07-27,SZ001965,0.03378945450847038,EXP_LGBModel_Alpha158_csi300_custom_step0_s_20260727_14,b651708ff94d4a0b875d62eddb6bcd86,0.135,,,
4967,2026-07-27,SZ001391,-0.028313560728853993,EXP_LGBModel_Alpha158_csi300_custom_step0_s_20260727_14,b651708ff94d4a0b875d62eddb6bcd86,0.135,,,
4968,2026-07-27,SZ001280,0.058664391310410395,EXP_LGBModel_Alpha158_csi300_custom_step0_s_20260727_14,b651708ff94d4a0b875d62eddb6bcd86,0.135,,,
4969,2026-07-27,SZ000999,0.014954759089313742,EXP_LGBModel_Alpha158_csi300_custom_step0_s_20260727_14,b651708ff94d4a0b875d62eddb6bcd86,0.135,,,
4970,2026-07-27,SZ000988,-0.007711722593365882,EXP_LGBModel_Alpha158_csi300_custom_step0_s_20260727_14,b651708ff94d4a0b875d62eddb6bcd86,0.135,,,
4971,2026-07-27,SZ000977,0.09601471531582767,EXP_LGBModel_Alpha158_csi300_custom_step0_s_20260727_14,b651708ff94d4a0b875d62eddb6bcd86,0.135,,,
4972,2026-07-27,SZ000975,-0.17720856481398825,EXP_LGBModel_Alpha158_csi300_custom_step0_s_20260727_14,b651708ff94d4a0b875d62eddb6bcd86,0.135,,,
4973,2026-07-27,SZ000963,-0.032381090396808705,EXP_LGBModel_Alpha158_csi300_custom_step0_s_20260727_14,b651708ff94d4a0b875d62eddb6bcd86,0.135,,,
4974,2026-07-27,SZ000938,-0.17171029259025283,EXP_LGBModel_Alpha158_csi300_custom_step0_s_20260727_14,b651708ff94d4a0b875d62eddb6bcd86,0.135,,,
4975,2026-07-27,SZ000895,-0.02521673860118165,EXP_LGBModel_Alpha158_csi300_custom_step0_s_20260727_14,b651708ff94d4a0b875d62eddb6bcd86,0.135,,,
4976,2026-07-27,SZ000858,-0.034670300248742424,EXP_LGBModel_Alpha158_csi300_custom_step0_s_20260727_14,b651708ff94d4a0b875d62eddb6bcd86,0.135,,,
4977,2026-07-27,SZ000807,-0.0670689591922968,EXP_LGBModel_Alpha158_csi300_custom_step0_s_20260727_14,b651708ff94d4a0b875d62eddb6bcd86,0.135,,,
4978,2026-07-27,SZ000792,0.06519009935604246,EXP_LGBModel_Alpha158_csi300_custom_step0_s_20260727_14,b651708ff94d4a0b875d62eddb6bcd86,0.135,,,
4979,2026-07-27,SZ000776,-0.15570453370392554,EXP_LGBModel_Alpha158_csi300_custom_step0_s_20260727_14,b651708ff94d4a0b875d62eddb6bcd86,0.135,,,
4980,2026-07-27,SZ000768,-0.08851827588596331,EXP_LGBModel_Alpha158_csi300_custom_step0_s_20260727_14,b651708ff94d4a0b875d62eddb6bcd86,0.135,,,
4981,2026-07-27,SZ000725,0.0480457366739462,EXP_LGBModel_Alpha158_csi300_custom_step0_s_20260727_14,b651708ff94d4a0b875d62eddb6bcd86,0.135,,,
4982,2026-07-27,SZ000708,0.004346294568256515,EXP_LGBModel_Alpha158_csi300_custom_step0_s_20260727_14,b651708ff94d4a0b875d62eddb6bcd86,0.135,,,
4983,2026-07-27,SZ000657,0.008488040673384725,EXP_LGBModel_Alpha158_csi300_custom_step0_s_20260727_14,b651708ff94d4a0b875d62eddb6bcd86,0.135,,,
4984,2026-07-27,SZ000651,0.011657565491879691,EXP_LGBModel_Alpha158_csi300_custom_step0_s_20260727_14,b651708ff94d4a0b875d62eddb6bcd86,0.135,,,
4985,2026-07-27,SZ002001,-0.07951536276237528,EXP_LGBModel_Alpha158_csi300_custom_step0_s_20260727_14,b651708ff94d4a0b875d62eddb6bcd86,0.135,,,
4986,2026-07-27,SZ301308,0.6389275193214417,EXP_XGBModel_Alpha158_csi300_custom_step0_s_20260727_14,7e3f17c37ff346eabb3256edd3dbc50f,0.03,,,
4987,2026-07-27,SH600276,-0.0241234960760373,EXP_LGBModel_Alpha158_csi300_custom_step0_s_20260727_14,1608e393f6b54bd4920c926151dbadf2,0.061,,,
4988,2026-07-27,SH600221,0.0028453628171731422,EXP_LGBModel_Alpha158_csi300_custom_step0_s_20260727_14,1608e393f6b54bd4920c926151dbadf2,0.061,,,
4989,2026-07-27,SH603993,-0.19264806662043255,EXP_LGBModel_Alpha158_csi300_custom_step0_s_20260727_14,3ecc8aabcd1c4c16b9823b9bf64bd05d,0.045,,,
4990,2026-07-27,SH603986,0.012738583359484338,EXP_LGBModel_Alpha158_csi300_custom_step0_s_20260727_14,3ecc8aabcd1c4c16b9823b9bf64bd05d,0.045,,,
4991,2026-07-27,SH603893,-0.14069115634677531,EXP_LGBModel_Alpha158_csi300_custom_step0_s_20260727_14,3ecc8aabcd1c4c16b9823b9bf64bd05d,0.045,,,
4992,2026-07-27,SH603799,0.005998409080594277,EXP_LGBModel_Alpha158_csi300_custom_step0_s_20260727_14,3ecc8aabcd1c4c16b9823b9bf64bd05d,0.045,,,
4993,2026-07-27,SH603501,-0.024628674039541654,EXP_LGBModel_Alpha158_csi300_custom_step0_s_20260727_14,3ecc8aabcd1c4c16b9823b9bf64bd05d,0.045,,,
4994,2026-07-27,SH603392,-0.04188045926605203,EXP_LGBModel_Alpha158_csi300_custom_step0_s_20260727_14,3ecc8aabcd1c4c16b9823b9bf64bd05d,0.045,,,
4995,2026-07-27,SH603369,-0.03280901509785788,EXP_LGBModel_Alpha158_csi300_custom_step0_s_20260727_14,3ecc8aabcd1c4c16b9823b9bf64bd05d,0.045,,,
4996,2026-07-27,SH603296,-0.044940500342963714,EXP_LGBModel_Alpha158_csi300_custom_step0_s_20260727_14,3ecc8aabcd1c4c16b9823b9bf64bd05d,0.045,,,
4997,2026-07-27,SH605117,0.0025767990915737584,EXP_LGBModel_Alpha158_csi300_custom_step0_s_20260727_14,3ecc8aabcd1c4c16b9823b9bf64bd05d,0.045,,,
4998,2026-07-27,SH603288,-0.009865928108464102,EXP_LGBModel_Alpha158_csi300_custom_step0_s_20260727_14,3ecc8aabcd1c4c16b9823b9bf64bd05d,0.045,,,
4999,2026-07-27,SH603259,-0.02531819921936686,EXP_LGBModel_Alpha158_csi300_custom_step0_s_20260727_14,3ecc8aabcd1c4c16b9823b9bf64bd05d,0.045,,,
5000,2026-07-27,SH603019,-0.10988123882562625,EXP_LGBModel_Alpha158_csi300_custom_step0_s_20260727_14,3ecc8aabcd1c4c16b9823b9bf64bd05d,0.045,,,
5001,2026-07-27,SH601998,-0.007969026829378553,EXP_LGBModel_Alpha158_csi300_custom_step0_s_20260727_14,3ecc8aabcd1c4c16b9823b9bf64bd05d,0.045,,,
5002,2026-07-27,SH601995,-0.07101917896088956,EXP_LGBModel_Alpha158_csi300_custom_step0_s_20260727_14,3ecc8aabcd1c4c16b9823b9bf64bd05d,0.045,,,
5003,2026-07-27,SH601988,0.03342123973493578,EXP_LGBModel_Alpha158_csi300_custom_step0_s_20260727_14,3ecc8aabcd1c4c16b9823b9bf64bd05d,0.045,,,
5004,2026-07-27,SH601985,0.0339657332144015,EXP_LGBModel_Alpha158_csi300_custom_step0_s_20260727_14,3ecc8aabcd1c4c16b9823b9bf64bd05d,0.045,,,
5005,2026-07-27,SH601939,0.041602901917884856,EXP_LGBModel_Alpha158_csi300_custom_step0_s_20260727_14,3ecc8aabcd1c4c16b9823b9bf64bd05d,0.045,,,
5006,2026-07-27,SH601919,0.004093473618661746,EXP_LGBModel_Alpha158_csi300_custom_step0_s_20260727_14,3ecc8aabcd1c4c16b9823b9bf64bd05d,0.045,,,
5007,2026-07-27,SH603260,-0.015603782242176917,EXP_LGBModel_Alpha158_csi300_custom_step0_s_20260727_14,3ecc8aabcd1c4c16b9823b9bf64bd05d,0.045,,,
5008,2026-07-27,SH601916,0.05244752229163986,EXP_LGBModel_Alpha158_csi300_custom_step0_s_20260727_14,3ecc8aabcd1c4c16b9823b9bf64bd05d,0.045,,,
5009,2026-07-27,SH605499,-0.09641379176405579,EXP_LGBModel_Alpha158_csi300_custom_step0_s_20260727_14,3ecc8aabcd1c4c16b9823b9bf64bd05d,0.045,,,
5010,2026-07-27,SH688009,0.02463467105297825,EXP_LGBModel_Alpha158_csi300_custom_step0_s_20260727_14,3ecc8aabcd1c4c16b9823b9bf64bd05d,0.045,,,
5011,2026-07-27,SH688981,-0.11948270296022129,EXP_LGBModel_Alpha158_csi300_custom_step0_s_20260727_14,3ecc8aabcd1c4c16b9823b9bf64bd05d,0.045,,,
5012,2026-07-27,SH688521,0.002952236572844989,EXP_LGBModel_Alpha158_csi300_custom_step0_s_20260727_14,3ecc8aabcd1c4c16b9823b9bf64bd05d,0.045,,,
5013,2026-07-27,SH688506,0.03510676368277819,EXP_LGBModel_Alpha158_csi300_custom_step0_s_20260727_14,3ecc8aabcd1c4c16b9823b9bf64bd05d,0.045,,,
5014,2026-07-27,SH688472,0.005217677287520224,EXP_LGBModel_Alpha158_csi300_custom_step0_s_20260727_14,3ecc8aabcd1c4c16b9823b9bf64bd05d,0.045,,,
5015,2026-07-27,SH688396,0.008077746215050256,EXP_LGBModel_Alpha158_csi300_custom_step0_s_20260727_14,3ecc8aabcd1c4c16b9823b9bf64bd05d,0.045,,,
5016,2026-07-27,SH688303,-0.01891097725520532,EXP_LGBModel_Alpha158_csi300_custom_step0_s_20260727_14,3ecc8aabcd1c4c16b9823b9bf64bd05d,0.045,,,
5017,2026-07-27,SH688271,-0.008710860202135741,EXP_LGBModel_Alpha158_csi300_custom_step0_s_20260727_14,3ecc8aabcd1c4c16b9823b9bf64bd05d,0.045,,,
5018,2026-07-27,SH688256,-0.11711459967603628,EXP_LGBModel_Alpha158_csi300_custom_step0_s_20260727_14,3ecc8aabcd1c4c16b9823b9bf64bd05d,0.045,,,
5019,2026-07-27,SH688008,-0.08508017749185769,EXP_LGBModel_Alpha158_csi300_custom_step0_s_20260727_14,3ecc8aabcd1c4c16b9823b9bf64bd05d,0.045,,,
5020,2026-07-27,SH688223,0.008072071037369847,EXP_LGBModel_Alpha158_csi300_custom_step0_s_20260727_14,3ecc8aabcd1c4c16b9823b9bf64bd05d,0.045,,,
5021,2026-07-27,SH688126,-0.03277702635554672,EXP_LGBModel_Alpha158_csi300_custom_step0_s_20260727_14,3ecc8aabcd1c4c16b9823b9bf64bd05d,0.045,,,
5022,2026-07-27,SH688111,-0.06428256289971532,EXP_LGBModel_Alpha158_csi300_custom_step0_s_20260727_14,3ecc8aabcd1c4c16b9823b9bf64bd05d,0.045,,,
5023,2026-07-27,SH688082,-0.034128910581957196,EXP_LGBModel_Alpha158_csi300_custom_step0_s_20260727_14,3ecc8aabcd1c4c16b9823b9bf64bd05d,0.045,,,
5024,2026-07-27,SH688072,-0.12923383342115355,EXP_LGBModel_Alpha158_csi300_custom_step0_s_20260727_14,3ecc8aabcd1c4c16b9823b9bf64bd05d,0.045,,,
5025,2026-07-27,SH688047,0.010272868265543281,EXP_LGBModel_Alpha158_csi300_custom_step0_s_20260727_14,3ecc8aabcd1c4c16b9823b9bf64bd05d,0.045,,,
5026,2026-07-27,SH688041,-0.12316066363543644,EXP_LGBModel_Alpha158_csi300_custom_step0_s_20260727_14,3ecc8aabcd1c4c16b9823b9bf64bd05d,0.045,,,
5027,2026-07-27,SH688036,-0.10789279837773909,EXP_LGBModel_Alpha158_csi300_custom_step0_s_20260727_14,3ecc8aabcd1c4c16b9823b9bf64bd05d,0.045,,,
5028,2026-07-27,SH688012,-0.05309775130920245,EXP_LGBModel_Alpha158_csi300_custom_step0_s_20260727_14,3ecc8aabcd1c4c16b9823b9bf64bd05d,0.045,,,
5029,2026-07-27,SH688183,0.0025495658853626627,EXP_LGBModel_Alpha158_csi300_custom_step0_s_20260727_14,3ecc8aabcd1c4c16b9823b9bf64bd05d,0.045,,,
5030,2026-07-27,SH601901,-0.032334597067080646,EXP_LGBModel_Alpha158_csi300_custom_step0_s_20260727_14,3ecc8aabcd1c4c16b9823b9bf64bd05d,0.045,,,
5031,2026-07-27,SH601899,-0.09019928116069531,EXP_LGBModel_Alpha158_csi300_custom_step0_s_20260727_14,3ecc8aabcd1c4c16b9823b9bf64bd05d,0.045,,,
5032,2026-07-27,SH601898,-0.08084863912886195,EXP_LGBModel_Alpha158_csi300_custom_step0_s_20260727_14,3ecc8aabcd1c4c16b9823b9bf64bd05d,0.045,,,
5033,2026-07-27,SH601628,0.009529732293011477,EXP_LGBModel_Alpha158_csi300_custom_step0_s_20260727_14,3ecc8aabcd1c4c16b9823b9bf64bd05d,0.045,,,
5034,2026-07-27,SH601618,0.01934922235667403,EXP_LGBModel_Alpha158_csi300_custom_step0_s_20260727_14,3ecc8aabcd1c4c16b9823b9bf64bd05d,0.045,,,
5035,2026-07-27,SH601607,0.020365005302615893,EXP_LGBModel_Alpha158_csi300_custom_step0_s_20260727_14,3ecc8aabcd1c4c16b9823b9bf64bd05d,0.045,,,
5036,2026-07-27,SH601601,-0.0200504874189221,EXP_LGBModel_Alpha158_csi300_custom_step0_s_20260727_14,3ecc8aabcd1c4c16b9823b9bf64bd05d,0.045,,,
5037,2026-07-27,SH601600,-0.03427164785601105,EXP_LGBModel_Alpha158_csi300_custom_step0_s_20260727_14,3ecc8aabcd1c4c16b9823b9bf64bd05d,0.045,,,
5038,2026-07-27,SH601456,-0.0032297880917001418,EXP_LGBModel_Alpha158_csi300_custom_step0_s_20260727_14,3ecc8aabcd1c4c16b9823b9bf64bd05d,0.045,,,
5039,2026-07-27,SH601398,0.02913785854125921,EXP_LGBModel_Alpha158_csi300_custom_step0_s_20260727_14,3ecc8aabcd1c4c16b9823b9bf64bd05d,0.045,,,
5040,2026-07-27,SH601390,0.038050912126939895,EXP_LGBModel_Alpha158_csi300_custom_step0_s_20260727_14,3ecc8aabcd1c4c16b9823b9bf64bd05d,0.045,,,
5041,2026-07-27,SH601633,-0.0322533997720758,EXP_LGBModel_Alpha158_csi300_custom_step0_s_20260727_14,3ecc8aabcd1c4c16b9823b9bf64bd05d,0.045,,,
5042,2026-07-27,SH601377,0.012215156423837194,EXP_LGBModel_Alpha158_csi300_custom_step0_s_20260727_14,3ecc8aabcd1c4c16b9823b9bf64bd05d,0.045,,,
5043,2026-07-27,SH601336,-0.06808541230450886,EXP_LGBModel_Alpha158_csi300_custom_step0_s_20260727_14,3ecc8aabcd1c4c16b9823b9bf64bd05d,0.045,,,
5044,2026-07-27,SH601328,0.041476922926348324,EXP_LGBModel_Alpha158_csi300_custom_step0_s_20260727_14,3ecc8aabcd1c4c16b9823b9bf64bd05d,0.045,,,
5045,2026-07-27,SH601319,-0.007275181175024628,EXP_LGBModel_Alpha158_csi300_custom_step0_s_20260727_14,3ecc8aabcd1c4c16b9823b9bf64bd05d,0.045,,,
5046,2026-07-27,SH601318,0.022823909627563286,EXP_LGBModel_Alpha158_csi300_custom_step0_s_20260727_14,3ecc8aabcd1c4c16b9823b9bf64bd05d,0.045,,,
5047,2026-07-27,SH601288,0.042959566033052496,EXP_LGBModel_Alpha158_csi300_custom_step0_s_20260727_14,3ecc8aabcd1c4c16b9823b9bf64bd05d,0.045,,,
5048,2026-07-27,SH601238,0.011802688183224679,EXP_LGBModel_Alpha158_csi300_custom_step0_s_20260727_14,3ecc8aabcd1c4c16b9823b9bf64bd05d,0.045,,,
5049,2026-07-27,SH601229,0.06620945164508543,EXP_LGBModel_Alpha158_csi300_custom_step0_s_20260727_14,3ecc8aabcd1c4c16b9823b9bf64bd05d,0.045,,,
5050,2026-07-27,SH601225,-0.03929063001657909,EXP_LGBModel_Alpha158_csi300_custom_step0_s_20260727_14,3ecc8aabcd1c4c16b9823b9bf64bd05d,0.045,,,
5051,2026-07-27,SH601360,-0.05489999686236682,EXP_LGBModel_Alpha158_csi300_custom_step0_s_20260727_14,3ecc8aabcd1c4c16b9823b9bf64bd05d,0.045,,,
5052,2026-07-27,SH601658,0.03468078114448277,EXP_LGBModel_Alpha158_csi300_custom_step0_s_20260727_14,3ecc8aabcd1c4c16b9823b9bf64bd05d,0.045,,,
5053,2026-07-27,SH601668,0.05024683401813911,EXP_LGBModel_Alpha158_csi300_custom_step0_s_20260727_14,3ecc8aabcd1c4c16b9823b9bf64bd05d,0.045,,,
5054,2026-07-27,SH601669,-0.009053215910657208,EXP_LGBModel_Alpha158_csi300_custom_step0_s_20260727_14,3ecc8aabcd1c4c16b9823b9bf64bd05d,0.045,,,
5055,2026-07-27,SH601888,-0.07208631752975923,EXP_LGBModel_Alpha158_csi300_custom_step0_s_20260727_14,3ecc8aabcd1c4c16b9823b9bf64bd05d,0.045,,,
5056,2026-07-27,SH601881,-0.023451076881070454,EXP_LGBModel_Alpha158_csi300_custom_step0_s_20260727_14,3ecc8aabcd1c4c16b9823b9bf64bd05d,0.045,,,
5057,2026-07-27,SH601878,-0.0001760646412529022,EXP_LGBModel_Alpha158_csi300_custom_step0_s_20260727_14,3ecc8aabcd1c4c16b9823b9bf64bd05d,0.045,,,
5058,2026-07-27,SH601877,0.005021323331677863,EXP_LGBModel_Alpha158_csi300_custom_step0_s_20260727_14,3ecc8aabcd1c4c16b9823b9bf64bd05d,0.045,,,
5059,2026-07-27,SH601872,-0.03245425730353835,EXP_LGBModel_Alpha158_csi300_custom_step0_s_20260727_14,3ecc8aabcd1c4c16b9823b9bf64bd05d,0.045,,,
5060,2026-07-27,SH601868,-0.011313992117926394,EXP_LGBModel_Alpha158_csi300_custom_step0_s_20260727_14,3ecc8aabcd1c4c16b9823b9bf64bd05d,0.045,,,
5061,2026-07-27,SH601857,-0.11358304205431242,EXP_LGBModel_Alpha158_csi300_custom_step0_s_20260727_14,3ecc8aabcd1c4c16b9823b9bf64bd05d,0.045,,,
5062,2026-07-27,SH601838,0.05035160582443471,EXP_LGBModel_Alpha158_csi300_custom_step0_s_20260727_14,3ecc8aabcd1c4c16b9823b9bf64bd05d,0.045,,,
5063,2026-07-27,SH601825,-0.016242087873661642,EXP_LGBModel_Alpha158_csi300_custom_step0_s_20260727_14,3ecc8aabcd1c4c16b9823b9bf64bd05d,0.045,,,
5064,2026-07-27,SH601818,0.03836827140951233,EXP_LGBModel_Alpha158_csi300_custom_step0_s_20260727_14,3ecc8aabcd1c4c16b9823b9bf64bd05d,0.045,,,
5065,2026-07-27,SH601816,0.050227463301550986,EXP_LGBModel_Alpha158_csi300_custom_step0_s_20260727_14,3ecc8aabcd1c4c16b9823b9bf64bd05d,0.045,,,
5066,2026-07-27,SH601800,0.008325297627402035,EXP_LGBModel_Alpha158_csi300_custom_step0_s_20260727_14,3ecc8aabcd1c4c16b9823b9bf64bd05d,0.045,,,
5067,2026-07-27,SH601788,0.021311885090349047,EXP_LGBModel_Alpha158_csi300_custom_step0_s_20260727_14,3ecc8aabcd1c4c16b9823b9bf64bd05d,0.045,,,
5068,2026-07-27,SH601766,0.02579618321843496,EXP_LGBModel_Alpha158_csi300_custom_step0_s_20260727_14,3ecc8aabcd1c4c16b9823b9bf64bd05d,0.045,,,
5069,2026-07-27,SH601728,0.012434765456001506,EXP_LGBModel_Alpha158_csi300_custom_step0_s_20260727_14,3ecc8aabcd1c4c16b9823b9bf64bd05d,0.045,,,
5070,2026-07-27,SH601727,-0.02188595655193986,EXP_LGBModel_Alpha158_csi300_custom_step0_s_20260727_14,3ecc8aabcd1c4c16b9823b9bf64bd05d,0.045,,,
5071,2026-07-27,SH601698,-0.008166024119878327,EXP_LGBModel_Alpha158_csi300_custom_step0_s_20260727_14,3ecc8aabcd1c4c16b9823b9bf64bd05d,0.045,,,
5072,2026-07-27,SH601689,-0.024155094755265366,EXP_LGBModel_Alpha158_csi300_custom_step0_s_20260727_14,3ecc8aabcd1c4c16b9823b9bf64bd05d,0.045,,,
5073,2026-07-27,SH601688,0.005185490328453694,EXP_LGBModel_Alpha158_csi300_custom_step0_s_20260727_14,3ecc8aabcd1c4c16b9823b9bf64bd05d,0.045,,,
5074,2026-07-27,SZ000001,0.03374822258397325,EXP_LGBModel_Alpha158_csi300_custom_step0_s_20260727_14,3ecc8aabcd1c4c16b9823b9bf64bd05d,0.045,,,
5075,2026-07-27,SH601211,-0.037798803717422086,EXP_LGBModel_Alpha158_csi300_custom_step0_s_20260727_14,3ecc8aabcd1c4c16b9823b9bf64bd05d,0.045,,,
5076,2026-07-27,SZ000002,-0.00974974215334282,EXP_LGBModel_Alpha158_csi300_custom_step0_s_20260727_14,3ecc8aabcd1c4c16b9823b9bf64bd05d,0.045,,,
5077,2026-07-27,SZ000100,-0.1234206589000713,EXP_LGBModel_Alpha158_csi300_custom_step0_s_20260727_14,3ecc8aabcd1c4c16b9823b9bf64bd05d,0.045,,,
5078,2026-07-27,SZ002602,-0.08228948766366077,EXP_LGBModel_Alpha158_csi300_custom_step0_s_20260727_14,3ecc8aabcd1c4c16b9823b9bf64bd05d,0.045,,,
5079,2026-07-27,SZ002600,-0.007171711841137501,EXP_LGBModel_Alpha158_csi300_custom_step0_s_20260727_14,3ecc8aabcd1c4c16b9823b9bf64bd05d,0.045,,,
5080,2026-07-27,SZ002594,-0.06036655816666637,EXP_LGBModel_Alpha158_csi300_custom_step0_s_20260727_14,3ecc8aabcd1c4c16b9823b9bf64bd05d,0.045,,,
5081,2026-07-27,SZ002558,-0.05188687744364445,EXP_LGBModel_Alpha158_csi300_custom_step0_s_20260727_14,3ecc8aabcd1c4c16b9823b9bf64bd05d,0.045,,,
5082,2026-07-27,SZ002532,-0.05139832917877676,EXP_LGBModel_Alpha158_csi300_custom_step0_s_20260727_14,3ecc8aabcd1c4c16b9823b9bf64bd05d,0.045,,,
5083,2026-07-27,SZ002493,-0.11869257148193729,EXP_LGBModel_Alpha158_csi300_custom_step0_s_20260727_14,3ecc8aabcd1c4c16b9823b9bf64bd05d,0.045,,,
5084,2026-07-27,SZ002475,-0.11118492569350709,EXP_LGBModel_Alpha158_csi300_custom_step0_s_20260727_14,3ecc8aabcd1c4c16b9823b9bf64bd05d,0.045,,,
5085,2026-07-27,SZ002466,0.01842462735927453,EXP_LGBModel_Alpha158_csi300_custom_step0_s_20260727_14,3ecc8aabcd1c4c16b9823b9bf64bd05d,0.045,,,
5086,2026-07-27,SZ002625,-0.015587965791988342,EXP_LGBModel_Alpha158_csi300_custom_step0_s_20260727_14,3ecc8aabcd1c4c16b9823b9bf64bd05d,0.045,,,
5087,2026-07-27,SZ002463,-0.0473349767604205,EXP_LGBModel_Alpha158_csi300_custom_step0_s_20260727_14,3ecc8aabcd1c4c16b9823b9bf64bd05d,0.045,,,
5088,2026-07-27,SZ002422,-0.04427847706041667,EXP_LGBModel_Alpha158_csi300_custom_step0_s_20260727_14,3ecc8aabcd1c4c16b9823b9bf64bd05d,0.045,,,
5089,2026-07-27,SZ002415,-0.07041764765396305,EXP_LGBModel_Alpha158_csi300_custom_step0_s_20260727_14,3ecc8aabcd1c4c16b9823b9bf64bd05d,0.045,,,
5090,2026-07-27,SZ002384,-0.008080320552791379,EXP_LGBModel_Alpha158_csi300_custom_step0_s_20260727_14,3ecc8aabcd1c4c16b9823b9bf64bd05d,0.045,,,
5091,2026-07-27,SZ002371,-0.10526332060985709,EXP_LGBModel_Alpha158_csi300_custom_step0_s_20260727_14,3ecc8aabcd1c4c16b9823b9bf64bd05d,0.045,,,
5092,2026-07-27,SZ002353,-0.05402881608546916,EXP_LGBModel_Alpha158_csi300_custom_step0_s_20260727_14,3ecc8aabcd1c4c16b9823b9bf64bd05d,0.045,,,
5093,2026-07-27,SZ002352,0.03160696173990239,EXP_LGBModel_Alpha158_csi300_custom_step0_s_20260727_14,3ecc8aabcd1c4c16b9823b9bf64bd05d,0.045,,,
5094,2026-07-27,SZ002311,0.03335082723685762,EXP_LGBModel_Alpha158_csi300_custom_step0_s_20260727_14,3ecc8aabcd1c4c16b9823b9bf64bd05d,0.045,,,
5095,2026-07-27,SZ002304,-0.02045733009097102,EXP_LGBModel_Alpha158_csi300_custom_step0_s_20260727_14,3ecc8aabcd1c4c16b9823b9bf64bd05d,0.045,,,
5096,2026-07-27,SZ002460,0.02541744744900473,EXP_LGBModel_Alpha158_csi300_custom_step0_s_20260727_14,3ecc8aabcd1c4c16b9823b9bf64bd05d,0.045,,,
5097,2026-07-27,SZ002241,-0.11777570545627551,EXP_LGBModel_Alpha158_csi300_custom_step0_s_20260727_14,3ecc8aabcd1c4c16b9823b9bf64bd05d,0.045,,,
5098,2026-07-27,SZ002648,-0.05225698236720451,EXP_LGBModel_Alpha158_csi300_custom_step0_s_20260727_14,3ecc8aabcd1c4c16b9823b9bf64bd05d,0.045,,,
5099,2026-07-27,SZ002714,-0.039593690641684706,EXP_LGBModel_Alpha158_csi300_custom_step0_s_20260727_14,3ecc8aabcd1c4c16b9823b9bf64bd05d,0.045,,,
5100,2026-07-27,SZ300408,-0.011074167177774749,EXP_LGBModel_Alpha158_csi300_custom_step0_s_20260727_14,3ecc8aabcd1c4c16b9823b9bf64bd05d,0.045,,,
5101,2026-07-27,SZ300394,0.004682980114066744,EXP_LGBModel_Alpha158_csi300_custom_step0_s_20260727_14,3ecc8aabcd1c4c16b9823b9bf64bd05d,0.045,,,
5102,2026-07-27,SZ300316,0.016011122913970853,EXP_LGBModel_Alpha158_csi300_custom_step0_s_20260727_14,3ecc8aabcd1c4c16b9823b9bf64bd05d,0.045,,,
5103,2026-07-27,SZ300308,-0.08361282635540411,EXP_LGBModel_Alpha158_csi300_custom_step0_s_20260727_14,3ecc8aabcd1c4c16b9823b9bf64bd05d,0.045,,,
5104,2026-07-27,SZ300274,0.011318736799907001,EXP_LGBModel_Alpha158_csi300_custom_step0_s_20260727_14,3ecc8aabcd1c4c16b9823b9bf64bd05d,0.045,,,
5105,2026-07-27,SZ300251,-0.03614973920451462,EXP_LGBModel_Alpha158_csi300_custom_step0_s_20260727_14,3ecc8aabcd1c4c16b9823b9bf64bd05d,0.045,,,
5106,2026-07-27,SZ300124,-0.0020682042965175147,EXP_LGBModel_Alpha158_csi300_custom_step0_s_20260727_14,3ecc8aabcd1c4c16b9823b9bf64bd05d,0.045,,,
5107,2026-07-27,SZ300122,-0.07513826769920694,EXP_LGBModel_Alpha158_csi300_custom_step0_s_20260727_14,3ecc8aabcd1c4c16b9823b9bf64bd05d,0.045,,,
5108,2026-07-27,SZ002709,0.0024369545618966033,EXP_LGBModel_Alpha158_csi300_custom_step0_s_20260727_14,3ecc8aabcd1c4c16b9823b9bf64bd05d,0.045,,,
5109,2026-07-27,SZ300059,-0.06533442580458818,EXP_LGBModel_Alpha158_csi300_custom_step0_s_20260727_14,3ecc8aabcd1c4c16b9823b9bf64bd05d,0.045,,,
5110,2026-07-27,SZ300015,-0.02377718595420513,EXP_LGBModel_Alpha158_csi300_custom_step0_s_20260727_14,3ecc8aabcd1c4c16b9823b9bf64bd05d,0.045,,,
5111,2026-07-27,SZ300014,0.004529617224660197,EXP_LGBModel_Alpha158_csi300_custom_step0_s_20260727_14,3ecc8aabcd1c4c16b9823b9bf64bd05d,0.045,,,
5112,2026-07-27,SZ003816,0.0397992789564686,EXP_LGBModel_Alpha158_csi300_custom_step0_s_20260727_14,3ecc8aabcd1c4c16b9823b9bf64bd05d,0.045,,,
5113,2026-07-27,SZ002938,-0.01483969047522207,EXP_LGBModel_Alpha158_csi300_custom_step0_s_20260727_14,3ecc8aabcd1c4c16b9823b9bf64bd05d,0.045,,,
5114,2026-07-27,SZ002920,0.004294441216601099,EXP_LGBModel_Alpha158_csi300_custom_step0_s_20260727_14,3ecc8aabcd1c4c16b9823b9bf64bd05d,0.045,,,
5115,2026-07-27,SZ002916,-0.01434080603065066,EXP_LGBModel_Alpha158_csi300_custom_step0_s_20260727_14,3ecc8aabcd1c4c16b9823b9bf64bd05d,0.045,,,
5116,2026-07-27,SZ002837,-0.050835374313786895,EXP_LGBModel_Alpha158_csi300_custom_step0_s_20260727_14,3ecc8aabcd1c4c16b9823b9bf64bd05d,0.045,,,
5117,2026-07-27,SZ002736,0.006668098280939249,EXP_LGBModel_Alpha158_csi300_custom_step0_s_20260727_14,3ecc8aabcd1c4c16b9823b9bf64bd05d,0.045,,,
5118,2026-07-27,SZ300033,-0.059983126910164344,EXP_LGBModel_Alpha158_csi300_custom_step0_s_20260727_14,3ecc8aabcd1c4c16b9823b9bf64bd05d,0.045,,,
5119,2026-07-27,SZ002236,0.05119697386380295,EXP_LGBModel_Alpha158_csi300_custom_step0_s_20260727_14,3ecc8aabcd1c4c16b9823b9bf64bd05d,0.045,,,
5120,2026-07-27,SZ002230,-0.06993572420478959,EXP_LGBModel_Alpha158_csi300_custom_step0_s_20260727_14,3ecc8aabcd1c4c16b9823b9bf64bd05d,0.045,,,
5121,2026-07-27,SZ002202,-0.002327068781061097,EXP_LGBModel_Alpha158_csi300_custom_step0_s_20260727_14,3ecc8aabcd1c4c16b9823b9bf64bd05d,0.045,,,
5122,2026-07-27,SZ000768,-0.05229398414035618,EXP_LGBModel_Alpha158_csi300_custom_step0_s_20260727_14,3ecc8aabcd1c4c16b9823b9bf64bd05d,0.045,,,
5123,2026-07-27,SZ000725,-0.05074023937074917,EXP_LGBModel_Alpha158_csi300_custom_step0_s_20260727_14,3ecc8aabcd1c4c16b9823b9bf64bd05d,0.045,,,
5124,2026-07-27,SZ000708,0.025478818253886048,EXP_LGBModel_Alpha158_csi300_custom_step0_s_20260727_14,3ecc8aabcd1c4c16b9823b9bf64bd05d,0.045,,,
5125,2026-07-27,SZ000657,0.023957812510410285,EXP_LGBModel_Alpha158_csi300_custom_step0_s_20260727_14,3ecc8aabcd1c4c16b9823b9bf64bd05d,0.045,,,
5126,2026-07-27,SZ000651,0.03204049799079697,EXP_LGBModel_Alpha158_csi300_custom_step0_s_20260727_14,3ecc8aabcd1c4c16b9823b9bf64bd05d,0.045,,,
5127,2026-07-27,SZ000630,-0.08421121921349112,EXP_LGBModel_Alpha158_csi300_custom_step0_s_20260727_14,3ecc8aabcd1c4c16b9823b9bf64bd05d,0.045,,,
5128,2026-07-27,SZ000625,-0.014692939832721168,EXP_LGBModel_Alpha158_csi300_custom_step0_s_20260727_14,3ecc8aabcd1c4c16b9823b9bf64bd05d,0.045,,,
5129,2026-07-27,SZ000617,-0.03942922848940122,EXP_LGBModel_Alpha158_csi300_custom_step0_s_20260727_14,3ecc8aabcd1c4c16b9823b9bf64bd05d,0.045,,,
5130,2026-07-27,SZ000776,-0.13136682449673312,EXP_LGBModel_Alpha158_csi300_custom_step0_s_20260727_14,3ecc8aabcd1c4c16b9823b9bf64bd05d,0.045,,,
5131,2026-07-27,SZ000596,-0.029485885364254588,EXP_LGBModel_Alpha158_csi300_custom_step0_s_20260727_14,3ecc8aabcd1c4c16b9823b9bf64bd05d,0.045,,,
5132,2026-07-27,SZ000538,0.01586352831011144,EXP_LGBModel_Alpha158_csi300_custom_step0_s_20260727_14,3ecc8aabcd1c4c16b9823b9bf64bd05d,0.045,,,
5133,2026-07-27,SZ000425,0.003961871902437393,EXP_LGBModel_Alpha158_csi300_custom_step0_s_20260727_14,3ecc8aabcd1c4c16b9823b9bf64bd05d,0.045,,,
5134,2026-07-27,SZ000408,0.009850426785530421,EXP_LGBModel_Alpha158_csi300_custom_step0_s_20260727_14,3ecc8aabcd1c4c16b9823b9bf64bd05d,0.045,,,
5135,2026-07-27,SZ000338,-0.08731237838074168,EXP_LGBModel_Alpha158_csi300_custom_step0_s_20260727_14,3ecc8aabcd1c4c16b9823b9bf64bd05d,0.045,,,
5136,2026-07-27,SZ000333,0.016322746611293727,EXP_LGBModel_Alpha158_csi300_custom_step0_s_20260727_14,3ecc8aabcd1c4c16b9823b9bf64bd05d,0.045,,,
5137,2026-07-27,SZ000301,-0.0793307767190889,EXP_LGBModel_Alpha158_csi300_custom_step0_s_20260727_14,3ecc8aabcd1c4c16b9823b9bf64bd05d,0.045,,,
5138,2026-07-27,SZ000166,0.041104943714371386,EXP_LGBModel_Alpha158_csi300_custom_step0_s_20260727_14,3ecc8aabcd1c4c16b9823b9bf64bd05d,0.045,,,
5139,2026-07-27,SZ000157,-0.024705020152173636,EXP_LGBModel_Alpha158_csi300_custom_step0_s_20260727_14,3ecc8aabcd1c4c16b9823b9bf64bd05d,0.045,,,
5140,2026-07-27,SZ000568,-0.0067599911625389345,EXP_LGBModel_Alpha158_csi300_custom_step0_s_20260727_14,3ecc8aabcd1c4c16b9823b9bf64bd05d,0.045,,,
5141,2026-07-27,SZ000792,-0.005654230449747712,EXP_LGBModel_Alpha158_csi300_custom_step0_s_20260727_14,3ecc8aabcd1c4c16b9823b9bf64bd05d,0.045,,,
5142,2026-07-27,SZ000807,-0.074856410222118,EXP_LGBModel_Alpha158_csi300_custom_step0_s_20260727_14,3ecc8aabcd1c4c16b9823b9bf64bd05d,0.045,,,
5143,2026-07-27,SZ000858,-0.006095243741423175,EXP_LGBModel_Alpha158_csi300_custom_step0_s_20260727_14,3ecc8aabcd1c4c16b9823b9bf64bd05d,0.045,,,
5144,2026-07-27,SZ002179,-0.010706194408604642,EXP_LGBModel_Alpha158_csi300_custom_step0_s_20260727_14,3ecc8aabcd1c4c16b9823b9bf64bd05d,0.045,,,
5145,2026-07-27,SZ002142,0.013960690350294161,EXP_LGBModel_Alpha158_csi300_custom_step0_s_20260727_14,3ecc8aabcd1c4c16b9823b9bf64bd05d,0.045,,,
5146,2026-07-27,SZ002074,-0.03256671749517364,EXP_LGBModel_Alpha158_csi300_custom_step0_s_20260727_14,3ecc8aabcd1c4c16b9823b9bf64bd05d,0.045,,,
5147,2026-07-27,SZ002050,-0.008321191920337107,EXP_LGBModel_Alpha158_csi300_custom_step0_s_20260727_14,3ecc8aabcd1c4c16b9823b9bf64bd05d,0.045,,,
5148,2026-07-27,SZ002049,-0.044154162754853406,EXP_LGBModel_Alpha158_csi300_custom_step0_s_20260727_14,3ecc8aabcd1c4c16b9823b9bf64bd05d,0.045,,,
5149,2026-07-27,SZ002028,-0.06578670513589076,EXP_LGBModel_Alpha158_csi300_custom_step0_s_20260727_14,3ecc8aabcd1c4c16b9823b9bf64bd05d,0.045,,,
5150,2026-07-27,SZ002027,-0.005717389202976454,EXP_LGBModel_Alpha158_csi300_custom_step0_s_20260727_14,3ecc8aabcd1c4c16b9823b9bf64bd05d,0.045,,,
5151,2026-07-27,SZ002001,-0.04500472129612821,EXP_LGBModel_Alpha158_csi300_custom_step0_s_20260727_14,3ecc8aabcd1c4c16b9823b9bf64bd05d,0.045,,,
5152,2026-07-27,SZ001979,0.0264373439786116,EXP_LGBModel_Alpha158_csi300_custom_step0_s_20260727_14,3ecc8aabcd1c4c16b9823b9bf64bd05d,0.045,,,
5153,2026-07-27,SZ001965,0.06167864214406939,EXP_LGBModel_Alpha158_csi300_custom_step0_s_20260727_14,3ecc8aabcd1c4c16b9823b9bf64bd05d,0.045,,,
5154,2026-07-27,SZ001391,0.002615829809998326,EXP_LGBModel_Alpha158_csi300_custom_step0_s_20260727_14,3ecc8aabcd1c4c16b9823b9bf64bd05d,0.045,,,
5155,2026-07-27,SZ001280,-0.02163861899276752,EXP_LGBModel_Alpha158_csi300_custom_step0_s_20260727_14,3ecc8aabcd1c4c16b9823b9bf64bd05d,0.045,,,
5156,2026-07-27,SZ000999,0.02458401237673964,EXP_LGBModel_Alpha158_csi300_custom_step0_s_20260727_14,3ecc8aabcd1c4c16b9823b9bf64bd05d,0.045,,,
5157,2026-07-27,SZ000988,-0.004546872717731664,EXP_LGBModel_Alpha158_csi300_custom_step0_s_20260727_14,3ecc8aabcd1c4c16b9823b9bf64bd05d,0.045,,,
5158,2026-07-27,SZ000977,-0.1015535996791321,EXP_LGBModel_Alpha158_csi300_custom_step0_s_20260727_14,3ecc8aabcd1c4c16b9823b9bf64bd05d,0.045,,,
5159,2026-07-27,SZ000975,-0.1586979469314917,EXP_LGBModel_Alpha158_csi300_custom_step0_s_20260727_14,3ecc8aabcd1c4c16b9823b9bf64bd05d,0.045,,,
5160,2026-07-27,SZ000963,-0.02125936675050376,EXP_LGBModel_Alpha158_csi300_custom_step0_s_20260727_14,3ecc8aabcd1c4c16b9823b9bf64bd05d,0.045,,,
5161,2026-07-27,SZ000938,-0.1781990972911542,EXP_LGBModel_Alpha158_csi300_custom_step0_s_20260727_14,3ecc8aabcd1c4c16b9823b9bf64bd05d,0.045,,,
5162,2026-07-27,SZ000895,0.02078778126689208,EXP_LGBModel_Alpha158_csi300_custom_step0_s_20260727_14,3ecc8aabcd1c4c16b9823b9bf64bd05d,0.045,,,
5163,2026-07-27,SZ000063,-0.12151590823073348,EXP_LGBModel_Alpha158_csi300_custom_step0_s_20260727_14,3ecc8aabcd1c4c16b9823b9bf64bd05d,0.045,,,
5164,2026-07-27,SZ300413,-0.02838388495967417,EXP_LGBModel_Alpha158_csi300_custom_step0_s_20260727_14,3ecc8aabcd1c4c16b9823b9bf64bd05d,0.045,,,
5165,2026-07-27,SH601186,0.05786710177634594,EXP_LGBModel_Alpha158_csi300_custom_step0_s_20260727_14,3ecc8aabcd1c4c16b9823b9bf64bd05d,0.045,,,
5166,2026-07-27,SH601166,0.02545455174504024,EXP_LGBModel_Alpha158_csi300_custom_step0_s_20260727_14,3ecc8aabcd1c4c16b9823b9bf64bd05d,0.045,,,
5167,2026-07-27,SZ300750,-0.05183603824841287,EXP_CatBoostModel_Alpha158_csi300_custom_step0_s_20260727_14,aa65c60831b24bfab74611cf1ff575d0,0.029,,,
5168,2026-07-27,SZ300661,0.2160247407941205,EXP_CatBoostModel_Alpha158_csi300_custom_step0_s_20260727_14,aa65c60831b24bfab74611cf1ff575d0,0.029,,,
5169,2026-07-27,SZ300628,0.009963006248986828,EXP_CatBoostModel_Alpha158_csi300_custom_step0_s_20260727_14,aa65c60831b24bfab74611cf1ff575d0,0.029,,,
5170,2026-07-27,SZ300502,-0.005340365873365513,EXP_CatBoostModel_Alpha158_csi300_custom_step0_s_20260727_14,aa65c60831b24bfab74611cf1ff575d0,0.029,,,
5171,2026-07-27,SZ300498,0.0009877031381176852,EXP_CatBoostModel_Alpha158_csi300_custom_step0_s_20260727_14,aa65c60831b24bfab74611cf1ff575d0,0.029,,,
5172,2026-07-27,SZ300476,0.10865139011100926,EXP_CatBoostModel_Alpha158_csi300_custom_step0_s_20260727_14,aa65c60831b24bfab74611cf1ff575d0,0.029,,,
5173,2026-07-27,SZ300450,-0.0490086512801177,EXP_CatBoostModel_Alpha158_csi300_custom_step0_s_20260727_14,aa65c60831b24bfab74611cf1ff575d0,0.029,,,
5174,2026-07-27,SZ300442,0.3748322615882115,EXP_CatBoostModel_Alpha158_csi300_custom_step0_s_20260727_14,aa65c60831b24bfab74611cf1ff575d0,0.029,,,
5175,2026-07-27,SZ300760,-0.006886644276118949,EXP_CatBoostModel_Alpha158_csi300_custom_step0_s_20260727_14,aa65c60831b24bfab74611cf1ff575d0,0.029,,,
5176,2026-07-27,SZ300433,0.16829414042441646,EXP_CatBoostModel_Alpha158_csi300_custom_step0_s_20260727_14,aa65c60831b24bfab74611cf1ff575d0,0.029,,,
5177,2026-07-27,SZ300413,-0.029952992298792804,EXP_CatBoostModel_Alpha158_csi300_custom_step0_s_20260727_14,aa65c60831b24bfab74611cf1ff575d0,0.029,,,
5178,2026-07-27,SZ300408,0.1967086959920487,EXP_CatBoostModel_Alpha158_csi300_custom_step0_s_20260727_14,aa65c60831b24bfab74611cf1ff575d0,0.029,,,
5179,2026-07-27,SZ300394,0.523022945262408,EXP_CatBoostModel_Alpha158_csi300_custom_step0_s_20260727_14,aa65c60831b24bfab74611cf1ff575d0,0.029,,,
5180,2026-07-27,SZ300316,0.0742557855923689,EXP_CatBoostModel_Alpha158_csi300_custom_step0_s_20260727_14,aa65c60831b24bfab74611cf1ff575d0,0.029,,,
5181,2026-07-27,SZ300308,-0.0501247746082097,EXP_CatBoostModel_Alpha158_csi300_custom_step0_s_20260727_14,aa65c60831b24bfab74611cf1ff575d0,0.029,,,
5182,2026-07-27,SZ300274,0.13025533535793488,EXP_CatBoostModel_Alpha158_csi300_custom_step0_s_20260727_14,aa65c60831b24bfab74611cf1ff575d0,0.029,,,
5183,2026-07-27,SZ300251,-0.010178847346728252,EXP_CatBoostModel_Alpha158_csi300_custom_step0_s_20260727_14,aa65c60831b24bfab74611cf1ff575d0,0.029,,,
5184,2026-07-27,SZ300124,0.023879027227251496,EXP_CatBoostModel_Alpha158_csi300_custom_step0_s_20260727_14,aa65c60831b24bfab74611cf1ff575d0,0.029,,,
5185,2026-07-27,SZ300418,0.2250148688031414,EXP_CatBoostModel_Alpha158_csi300_custom_step0_s_20260727_14,aa65c60831b24bfab74611cf1ff575d0,0.029,,,
5186,2026-07-27,SZ300122,-0.022535055328763383,EXP_CatBoostModel_Alpha158_csi300_custom_step0_s_20260727_14,aa65c60831b24bfab74611cf1ff575d0,0.029,,,
5187,2026-07-27,SZ300803,0.1362220180622062,EXP_CatBoostModel_Alpha158_csi300_custom_step0_s_20260727_14,aa65c60831b24bfab74611cf1ff575d0,0.029,,,
5188,2026-07-27,SZ300866,-0.05286060227675387,EXP_CatBoostModel_Alpha158_csi300_custom_step0_s_20260727_14,aa65c60831b24bfab74611cf1ff575d0,0.029,,,
5189,2026-07-27,SH600026,0.011241934474645277,EXP_LGBModel_Alpha158_csi300_custom_step0_s_20260727_14,3ecc8aabcd1c4c16b9823b9bf64bd05d,0.045,,,
5190,2026-07-27,SH600025,0.07844166563969351,EXP_LGBModel_Alpha158_csi300_custom_step0_s_20260727_14,3ecc8aabcd1c4c16b9823b9bf64bd05d,0.045,,,
5191,2026-07-27,SH600023,0.0076287968981137485,EXP_LGBModel_Alpha158_csi300_custom_step0_s_20260727_14,3ecc8aabcd1c4c16b9823b9bf64bd05d,0.045,,,
5192,2026-07-27,SH600019,-0.019756584010936766,EXP_LGBModel_Alpha158_csi300_custom_step0_s_20260727_14,3ecc8aabcd1c4c16b9823b9bf64bd05d,0.045,,,
5193,2026-07-27,SH600018,0.030508138917668386,EXP_LGBModel_Alpha158_csi300_custom_step0_s_20260727_14,3ecc8aabcd1c4c16b9823b9bf64bd05d,0.045,,,
5194,2026-07-27,SH600016,0.039030591852738244,EXP_LGBModel_Alpha158_csi300_custom_step0_s_20260727_14,3ecc8aabcd1c4c16b9823b9bf64bd05d,0.045,,,
5195,2026-07-27,SH600015,0.03655698940117286,EXP_LGBModel_Alpha158_csi300_custom_step0_s_20260727_14,3ecc8aabcd1c4c16b9823b9bf64bd05d,0.045,,,
5196,2026-07-27,SH600011,-0.04556151520544601,EXP_LGBModel_Alpha158_csi300_custom_step0_s_20260727_14,3ecc8aabcd1c4c16b9823b9bf64bd05d,0.045,,,
5197,2026-07-27,SZ300832,0.020571019906974443,EXP_CatBoostModel_Alpha158_csi300_custom_step0_s_20260727_14,aa65c60831b24bfab74611cf1ff575d0,0.029,,,
5198,2026-07-27,SH600010,-0.019456888404066692,EXP_LGBModel_Alpha158_csi300_custom_step0_s_20260727_14,3ecc8aabcd1c4c16b9823b9bf64bd05d,0.045,,,
5199,2026-07-27,SH600000,0.02695925706814178,EXP_LGBModel_Alpha158_csi300_custom_step0_s_20260727_14,3ecc8aabcd1c4c16b9823b9bf64bd05d,0.045,,,
5200,2026-07-27,SZ302132,-0.07848422159793866,EXP_CatBoostModel_Alpha158_csi300_custom_step0_s_20260727_14,aa65c60831b24bfab74611cf1ff575d0,0.029,,,
5201,2026-07-27,SZ301308,0.4835683758447598,EXP_CatBoostModel_Alpha158_csi300_custom_step0_s_20260727_14,aa65c60831b24bfab74611cf1ff575d0,0.029,,,
5202,2026-07-27,SZ301269,0.11996281846907376,EXP_CatBoostModel_Alpha158_csi300_custom_step0_s_20260727_14,aa65c60831b24bfab74611cf1ff575d0,0.029,,,
5203,2026-07-27,SZ301236,0.027381176373439918,EXP_CatBoostModel_Alpha158_csi300_custom_step0_s_20260727_14,aa65c60831b24bfab74611cf1ff575d0,0.029,,,
5204,2026-07-27,SZ301165,-0.8237444906877356,EXP_CatBoostModel_Alpha158_csi300_custom_step0_s_20260727_14,aa65c60831b24bfab74611cf1ff575d0,0.029,,,
5205,2026-07-27,SZ300999,0.011570899342944238,EXP_CatBoostModel_Alpha158_csi300_custom_step0_s_20260727_14,aa65c60831b24bfab74611cf1ff575d0,0.029,,,
5206,2026-07-27,SZ300896,-0.04214961990452932,EXP_CatBoostModel_Alpha158_csi300_custom_step0_s_20260727_14,aa65c60831b24bfab74611cf1ff575d0,0.029,,,
5207,2026-07-27,SH600009,0.032059384756937856,EXP_LGBModel_Alpha158_csi300_custom_step0_s_20260727_14,3ecc8aabcd1c4c16b9823b9bf64bd05d,0.045,,,
5208,2026-07-27,SZ300059,-0.022206703676387857,EXP_CatBoostModel_Alpha158_csi300_custom_step0_s_20260727_14,aa65c60831b24bfab74611cf1ff575d0,0.029,,,
5209,2026-07-27,SZ300033,-0.016445423165654612,EXP_CatBoostModel_Alpha158_csi300_custom_step0_s_20260727_14,aa65c60831b24bfab74611cf1ff575d0,0.029,,,
5210,2026-07-27,SZ300015,-0.004789219730875334,EXP_CatBoostModel_Alpha158_csi300_custom_step0_s_20260727_14,aa65c60831b24bfab74611cf1ff575d0,0.029,,,
5211,2026-07-27,SZ002384,-0.02166974110244204,EXP_CatBoostModel_Alpha158_csi300_custom_step0_s_20260727_14,aa65c60831b24bfab74611cf1ff575d0,0.029,,,
5212,2026-07-27,SZ002371,-0.08871926968912199,EXP_CatBoostModel_Alpha158_csi300_custom_step0_s_20260727_14,aa65c60831b24bfab74611cf1ff575d0,0.029,,,
5213,2026-07-27,SZ002353,0.22448445753093013,EXP_CatBoostModel_Alpha158_csi300_custom_step0_s_20260727_14,aa65c60831b24bfab74611cf1ff575d0,0.029,,,
5214,2026-07-27,SZ002352,0.010656692567707848,EXP_CatBoostModel_Alpha158_csi300_custom_step0_s_20260727_14,aa65c60831b24bfab74611cf1ff575d0,0.029,,,
5215,2026-07-27,SZ002311,-0.00884589590804782,EXP_CatBoostModel_Alpha158_csi300_custom_step0_s_20260727_14,aa65c60831b24bfab74611cf1ff575d0,0.029,,,
5216,2026-07-27,SZ002304,-0.0011144592190544555,EXP_CatBoostModel_Alpha158_csi300_custom_step0_s_20260727_14,aa65c60831b24bfab74611cf1ff575d0,0.029,,,
5217,2026-07-27,SZ002241,-0.06364450672523202,EXP_CatBoostModel_Alpha158_csi300_custom_step0_s_20260727_14,aa65c60831b24bfab74611cf1ff575d0,0.029,,,
5218,2026-07-27,SZ002236,0.01947759974076929,EXP_CatBoostModel_Alpha158_csi300_custom_step0_s_20260727_14,aa65c60831b24bfab74611cf1ff575d0,0.029,,,
5219,2026-07-27,SZ002415,-0.13589878035683975,EXP_CatBoostModel_Alpha158_csi300_custom_step0_s_20260727_14,aa65c60831b24bfab74611cf1ff575d0,0.029,,,
5220,2026-07-27,SZ002230,-0.026819739503256265,EXP_CatBoostModel_Alpha158_csi300_custom_step0_s_20260727_14,aa65c60831b24bfab74611cf1ff575d0,0.029,,,
5221,2026-07-27,SZ002179,0.08935190726949345,EXP_CatBoostModel_Alpha158_csi300_custom_step0_s_20260727_14,aa65c60831b24bfab74611cf1ff575d0,0.029,,,
5222,2026-07-27,SZ002142,-0.017951879826660116,EXP_CatBoostModel_Alpha158_csi300_custom_step0_s_20260727_14,aa65c60831b24bfab74611cf1ff575d0,0.029,,,
5223,2026-07-27,SZ002074,-0.020054349019623472,EXP_CatBoostModel_Alpha158_csi300_custom_step0_s_20260727_14,aa65c60831b24bfab74611cf1ff575d0,0.029,,,
5224,2026-07-27,SZ002050,0.37487552442236416,EXP_CatBoostModel_Alpha158_csi300_custom_step0_s_20260727_14,aa65c60831b24bfab74611cf1ff575d0,0.029,,,
5225,2026-07-27,SZ002049,0.04406573924536761,EXP_CatBoostModel_Alpha158_csi300_custom_step0_s_20260727_14,aa65c60831b24bfab74611cf1ff575d0,0.029,,,
5226,2026-07-27,SZ002028,-0.08513436918064178,EXP_CatBoostModel_Alpha158_csi300_custom_step0_s_20260727_14,aa65c60831b24bfab74611cf1ff575d0,0.029,,,
5227,2026-07-27,SZ002027,-0.000574334707617489,EXP_CatBoostModel_Alpha158_csi300_custom_step0_s_20260727_14,aa65c60831b24bfab74611cf1ff575d0,0.029,,,
5228,2026-07-27,SZ002001,-0.008337439440904662,EXP_CatBoostModel_Alpha158_csi300_custom_step0_s_20260727_14,aa65c60831b24bfab74611cf1ff575d0,0.029,,,
5229,2026-07-27,SZ002202,0.1505481695705583,EXP_CatBoostModel_Alpha158_csi300_custom_step0_s_20260727_14,aa65c60831b24bfab74611cf1ff575d0,0.029,,,
5230,2026-07-27,SZ002422,-0.03728926263678782,EXP_CatBoostModel_Alpha158_csi300_custom_step0_s_20260727_14,aa65c60831b24bfab74611cf1ff575d0,0.029,,,
5231,2026-07-27,SZ002460,0.08544652422646251,EXP_CatBoostModel_Alpha158_csi300_custom_step0_s_20260727_14,aa65c60831b24bfab74611cf1ff575d0,0.029,,,
5232,2026-07-27,SZ002463,0.006251371502257538,EXP_CatBoostModel_Alpha158_csi300_custom_step0_s_20260727_14,aa65c60831b24bfab74611cf1ff575d0,0.029,,,
5233,2026-07-27,SZ300014,0.09182603097292766,EXP_CatBoostModel_Alpha158_csi300_custom_step0_s_20260727_14,aa65c60831b24bfab74611cf1ff575d0,0.029,,,
5234,2026-07-27,SZ003816,0.015073916574718342,EXP_CatBoostModel_Alpha158_csi300_custom_step0_s_20260727_14,aa65c60831b24bfab74611cf1ff575d0,0.029,,,
5235,2026-07-27,SZ002938,-0.07013116116324078,EXP_CatBoostModel_Alpha158_csi300_custom_step0_s_20260727_14,aa65c60831b24bfab74611cf1ff575d0,0.029,,,
5236,2026-07-27,SZ002920,-0.002577187439834761,EXP_CatBoostModel_Alpha158_csi300_custom_step0_s_20260727_14,aa65c60831b24bfab74611cf1ff575d0,0.029,,,
5237,2026-07-27,SZ002916,0.02186577272675875,EXP_CatBoostModel_Alpha158_csi300_custom_step0_s_20260727_14,aa65c60831b24bfab74611cf1ff575d0,0.029,,,
5238,2026-07-27,SZ002837,-0.09643832912746174,EXP_CatBoostModel_Alpha158_csi300_custom_step0_s_20260727_14,aa65c60831b24bfab74611cf1ff575d0,0.029,,,
5239,2026-07-27,SZ002736,0.0012695511435993811,EXP_CatBoostModel_Alpha158_csi300_custom_step0_s_20260727_14,aa65c60831b24bfab74611cf1ff575d0,0.029,,,
5240,2026-07-27,SZ002714,-0.004998393719895065,EXP_CatBoostModel_Alpha158_csi300_custom_step0_s_20260727_14,aa65c60831b24bfab74611cf1ff575d0,0.029,,,
5241,2026-07-27,SZ002709,0.24360754238021867,EXP_CatBoostModel_Alpha158_csi300_custom_step0_s_20260727_14,aa65c60831b24bfab74611cf1ff575d0,0.029,,,
5242,2026-07-27,SZ002648,-0.02851911265627785,EXP_CatBoostModel_Alpha158_csi300_custom_step0_s_20260727_14,aa65c60831b24bfab74611cf1ff575d0,0.029,,,
5243,2026-07-27,SZ002625,-0.05848194739111469,EXP_CatBoostModel_Alpha158_csi300_custom_step0_s_20260727_14,aa65c60831b24bfab74611cf1ff575d0,0.029,,,
5244,2026-07-27,SZ002602,-0.012392089461258377,EXP_CatBoostModel_Alpha158_csi300_custom_step0_s_20260727_14,aa65c60831b24bfab74611cf1ff575d0,0.029,,,
5245,2026-07-27,SZ002600,0.06086222404630165,EXP_CatBoostModel_Alpha158_csi300_custom_step0_s_20260727_14,aa65c60831b24bfab74611cf1ff575d0,0.029,,,
5246,2026-07-27,SZ002594,-0.003594611799046688,EXP_CatBoostModel_Alpha158_csi300_custom_step0_s_20260727_14,aa65c60831b24bfab74611cf1ff575d0,0.029,,,
5247,2026-07-27,SZ002558,0.23942997848828046,EXP_CatBoostModel_Alpha158_csi300_custom_step0_s_20260727_14,aa65c60831b24bfab74611cf1ff575d0,0.029,,,
5248,2026-07-27,SZ002532,-0.08011428934109446,EXP_CatBoostModel_Alpha158_csi300_custom_step0_s_20260727_14,aa65c60831b24bfab74611cf1ff575d0,0.029,,,
5249,2026-07-27,SZ002493,-0.021649460642565614,EXP_CatBoostModel_Alpha158_csi300_custom_step0_s_20260727_14,aa65c60831b24bfab74611cf1ff575d0,0.029,,,
5250,2026-07-27,SZ002475,-0.054623087738870466,EXP_CatBoostModel_Alpha158_csi300_custom_step0_s_20260727_14,aa65c60831b24bfab74611cf1ff575d0,0.029,,,
5251,2026-07-27,SZ002466,0.15690510618335074,EXP_CatBoostModel_Alpha158_csi300_custom_step0_s_20260727_14,aa65c60831b24bfab74611cf1ff575d0,0.029,,,
5252,2026-07-27,SH600027,0.012524675951834928,EXP_LGBModel_Alpha158_csi300_custom_step0_s_20260727_14,3ecc8aabcd1c4c16b9823b9bf64bd05d,0.045,,,
5253,2026-07-27,SH601169,0.04439821994060409,EXP_LGBModel_Alpha158_csi300_custom_step0_s_20260727_14,3ecc8aabcd1c4c16b9823b9bf64bd05d,0.045,,,
5254,2026-07-27,SH600028,-0.006956969311664978,EXP_LGBModel_Alpha158_csi300_custom_step0_s_20260727_14,3ecc8aabcd1c4c16b9823b9bf64bd05d,0.045,,,
5255,2026-07-27,SH600030,-0.0052071400382264245,EXP_LGBModel_Alpha158_csi300_custom_step0_s_20260727_14,3ecc8aabcd1c4c16b9823b9bf64bd05d,0.045,,,
5256,2026-07-27,SH600926,0.025528748699395143,EXP_LGBModel_Alpha158_csi300_custom_step0_s_20260727_14,3ecc8aabcd1c4c16b9823b9bf64bd05d,0.045,,,
5257,2026-07-27,SH600919,0.055270336559465456,EXP_LGBModel_Alpha158_csi300_custom_step0_s_20260727_14,3ecc8aabcd1c4c16b9823b9bf64bd05d,0.045,,,
5258,2026-07-27,SH600918,-0.016740216894592475,EXP_LGBModel_Alpha158_csi300_custom_step0_s_20260727_14,3ecc8aabcd1c4c16b9823b9bf64bd05d,0.045,,,
5259,2026-07-27,SH600905,0.015997248304324117,EXP_LGBModel_Alpha158_csi300_custom_step0_s_20260727_14,3ecc8aabcd1c4c16b9823b9bf64bd05d,0.045,,,
5260,2026-07-27,SH600900,0.06940151780309033,EXP_LGBModel_Alpha158_csi300_custom_step0_s_20260727_14,3ecc8aabcd1c4c16b9823b9bf64bd05d,0.045,,,
5261,2026-07-27,SH600893,-0.02259661717899241,EXP_LGBModel_Alpha158_csi300_custom_step0_s_20260727_14,3ecc8aabcd1c4c16b9823b9bf64bd05d,0.045,,,
5262,2026-07-27,SH600887,0.06166677435517431,EXP_LGBModel_Alpha158_csi300_custom_step0_s_20260727_14,3ecc8aabcd1c4c16b9823b9bf64bd05d,0.045,,,
5263,2026-07-27,SH600886,0.05434102304652901,EXP_LGBModel_Alpha158_csi300_custom_step0_s_20260727_14,3ecc8aabcd1c4c16b9823b9bf64bd05d,0.045,,,
5264,2026-07-27,SH600930,0.041073899803709214,EXP_LGBModel_Alpha158_csi300_custom_step0_s_20260727_14,3ecc8aabcd1c4c16b9823b9bf64bd05d,0.045,,,
5265,2026-07-27,SH600875,-0.03368163288311049,EXP_LGBModel_Alpha158_csi300_custom_step0_s_20260727_14,3ecc8aabcd1c4c16b9823b9bf64bd05d,0.045,,,
5266,2026-07-27,SH600809,-0.04605881107695138,EXP_LGBModel_Alpha158_csi300_custom_step0_s_20260727_14,3ecc8aabcd1c4c16b9823b9bf64bd05d,0.045,,,
5267,2026-07-27,SH600803,-0.0030107505896627904,EXP_LGBModel_Alpha158_csi300_custom_step0_s_20260727_14,3ecc8aabcd1c4c16b9823b9bf64bd05d,0.045,,,
5268,2026-07-27,SH600795,0.03480988136510964,EXP_LGBModel_Alpha158_csi300_custom_step0_s_20260727_14,3ecc8aabcd1c4c16b9823b9bf64bd05d,0.045,,,
5269,2026-07-27,SH600760,-0.002357641793565109,EXP_LGBModel_Alpha158_csi300_custom_step0_s_20260727_14,3ecc8aabcd1c4c16b9823b9bf64bd05d,0.045,,,
5270,2026-07-27,SH600741,0.036178689807431434,EXP_LGBModel_Alpha158_csi300_custom_step0_s_20260727_14,3ecc8aabcd1c4c16b9823b9bf64bd05d,0.045,,,
5271,2026-07-27,SH600690,0.01973475423181549,EXP_LGBModel_Alpha158_csi300_custom_step0_s_20260727_14,3ecc8aabcd1c4c16b9823b9bf64bd05d,0.045,,,
5272,2026-07-27,SH600674,0.06923081525373283,EXP_LGBModel_Alpha158_csi300_custom_step0_s_20260727_14,3ecc8aabcd1c4c16b9823b9bf64bd05d,0.045,,,
5273,2026-07-27,SH600660,0.007406838495541967,EXP_LGBModel_Alpha158_csi300_custom_step0_s_20260727_14,3ecc8aabcd1c4c16b9823b9bf64bd05d,0.045,,,
5274,2026-07-27,SH600845,-0.013746107191148894,EXP_LGBModel_Alpha158_csi300_custom_step0_s_20260727_14,3ecc8aabcd1c4c16b9823b9bf64bd05d,0.045,,,
5275,2026-07-27,SH600600,-0.0007078049692532235,EXP_LGBModel_Alpha158_csi300_custom_step0_s_20260727_14,3ecc8aabcd1c4c16b9823b9bf64bd05d,0.045,,,
5276,2026-07-27,SH600938,-0.0953035543748348,EXP_LGBModel_Alpha158_csi300_custom_step0_s_20260727_14,3ecc8aabcd1c4c16b9823b9bf64bd05d,0.045,,,
5277,2026-07-27,SH600958,0.008529691871470414,EXP_LGBModel_Alpha158_csi300_custom_step0_s_20260727_14,3ecc8aabcd1c4c16b9823b9bf64bd05d,0.045,,,
5278,2026-07-27,SH601138,-0.06538538751464106,EXP_LGBModel_Alpha158_csi300_custom_step0_s_20260727_14,3ecc8aabcd1c4c16b9823b9bf64bd05d,0.045,,,
5279,2026-07-27,SH601136,-0.03211559949569511,EXP_LGBModel_Alpha158_csi300_custom_step0_s_20260727_14,3ecc8aabcd1c4c16b9823b9bf64bd05d,0.045,,,
5280,2026-07-27,SH601127,0.01986295072766217,EXP_LGBModel_Alpha158_csi300_custom_step0_s_20260727_14,3ecc8aabcd1c4c16b9823b9bf64bd05d,0.045,,,
5281,2026-07-27,SH601117,0.010559646676644515,EXP_LGBModel_Alpha158_csi300_custom_step0_s_20260727_14,3ecc8aabcd1c4c16b9823b9bf64bd05d,0.045,,,
5282,2026-07-27,SH601111,0.010476497285370258,EXP_LGBModel_Alpha158_csi300_custom_step0_s_20260727_14,3ecc8aabcd1c4c16b9823b9bf64bd05d,0.045,,,
5283,2026-07-27,SH601100,-0.029708573840639362,EXP_LGBModel_Alpha158_csi300_custom_step0_s_20260727_14,3ecc8aabcd1c4c16b9823b9bf64bd05d,0.045,,,
5284,2026-07-27,SH601088,0.006921997033711848,EXP_LGBModel_Alpha158_csi300_custom_step0_s_20260727_14,3ecc8aabcd1c4c16b9823b9bf64bd05d,0.045,,,
5285,2026-07-27,SH601077,0.026015128003793485,EXP_LGBModel_Alpha158_csi300_custom_step0_s_20260727_14,3ecc8aabcd1c4c16b9823b9bf64bd05d,0.045,,,
5286,2026-07-27,SH600941,0.02315967879850019,EXP_LGBModel_Alpha158_csi300_custom_step0_s_20260727_14,3ecc8aabcd1c4c16b9823b9bf64bd05d,0.045,,,
5287,2026-07-27,SH601066,-0.05522296423702834,EXP_LGBModel_Alpha158_csi300_custom_step0_s_20260727_14,3ecc8aabcd1c4c16b9823b9bf64bd05d,0.045,,,
5288,2026-07-27,SH601058,-0.02184852056317608,EXP_LGBModel_Alpha158_csi300_custom_step0_s_20260727_14,3ecc8aabcd1c4c16b9823b9bf64bd05d,0.045,,,
5289,2026-07-27,SH601021,0.044770807635725614,EXP_LGBModel_Alpha158_csi300_custom_step0_s_20260727_14,3ecc8aabcd1c4c16b9823b9bf64bd05d,0.045,,,
5290,2026-07-27,SH601018,0.03446767887760036,EXP_LGBModel_Alpha158_csi300_custom_step0_s_20260727_14,3ecc8aabcd1c4c16b9823b9bf64bd05d,0.045,,,
5291,2026-07-27,SH601012,-0.06289613831427582,EXP_LGBModel_Alpha158_csi300_custom_step0_s_20260727_14,3ecc8aabcd1c4c16b9823b9bf64bd05d,0.045,,,
5292,2026-07-27,SH601009,0.03747408335201959,EXP_LGBModel_Alpha158_csi300_custom_step0_s_20260727_14,3ecc8aabcd1c4c16b9823b9bf64bd05d,0.045,,,
5293,2026-07-27,SH601006,0.028766988564110637,EXP_LGBModel_Alpha158_csi300_custom_step0_s_20260727_14,3ecc8aabcd1c4c16b9823b9bf64bd05d,0.045,,,
5294,2026-07-27,SH600999,-0.08461259173617312,EXP_LGBModel_Alpha158_csi300_custom_step0_s_20260727_14,3ecc8aabcd1c4c16b9823b9bf64bd05d,0.045,,,
5295,2026-07-27,SH600989,-0.07502862703546201,EXP_LGBModel_Alpha158_csi300_custom_step0_s_20260727_14,3ecc8aabcd1c4c16b9823b9bf64bd05d,0.045,,,
5296,2026-07-27,SH601059,-0.02124827582902138,EXP_LGBModel_Alpha158_csi300_custom_step0_s_20260727_14,3ecc8aabcd1c4c16b9823b9bf64bd05d,0.045,,,
5297,2026-07-27,SH600588,-0.027229474669883166,EXP_LGBModel_Alpha158_csi300_custom_step0_s_20260727_14,3ecc8aabcd1c4c16b9823b9bf64bd05d,0.045,,,
5298,2026-07-27,SH600585,0.028177865662040613,EXP_LGBModel_Alpha158_csi300_custom_step0_s_20260727_14,3ecc8aabcd1c4c16b9823b9bf64bd05d,0.045,,,
5299,2026-07-27,SH600584,-0.09136442297016353,EXP_LGBModel_Alpha158_csi300_custom_step0_s_20260727_14,3ecc8aabcd1c4c16b9823b9bf64bd05d,0.045,,,
5300,2026-07-27,SH600188,-0.05634177405313571,EXP_LGBModel_Alpha158_csi300_custom_step0_s_20260727_14,3ecc8aabcd1c4c16b9823b9bf64bd05d,0.045,,,
5301,2026-07-27,SH600183,0.03307569602083604,EXP_LGBModel_Alpha158_csi300_custom_step0_s_20260727_14,3ecc8aabcd1c4c16b9823b9bf64bd05d,0.045,,,
5302,2026-07-27,SH600176,0.04633042840665848,EXP_LGBModel_Alpha158_csi300_custom_step0_s_20260727_14,3ecc8aabcd1c4c16b9823b9bf64bd05d,0.045,,,
5303,2026-07-27,SH600160,-0.03473415770982669,EXP_LGBModel_Alpha158_csi300_custom_step0_s_20260727_14,3ecc8aabcd1c4c16b9823b9bf64bd05d,0.045,,,
5304,2026-07-27,SH600150,-0.011141783845929516,EXP_LGBModel_Alpha158_csi300_custom_step0_s_20260727_14,3ecc8aabcd1c4c16b9823b9bf64bd05d,0.045,,,
5305,2026-07-27,SH600118,0.011053397441506954,EXP_LGBModel_Alpha158_csi300_custom_step0_s_20260727_14,3ecc8aabcd1c4c16b9823b9bf64bd05d,0.045,,,
5306,2026-07-27,SH600115,-0.012540580685070225,EXP_LGBModel_Alpha158_csi300_custom_step0_s_20260727_14,3ecc8aabcd1c4c16b9823b9bf64bd05d,0.045,,,
5307,2026-07-27,SH600111,0.018240410944094305,EXP_LGBModel_Alpha158_csi300_custom_step0_s_20260727_14,3ecc8aabcd1c4c16b9823b9bf64bd05d,0.045,,,
5308,2026-07-27,SH600196,-0.042908497374576506,EXP_LGBModel_Alpha158_csi300_custom_step0_s_20260727_14,3ecc8aabcd1c4c16b9823b9bf64bd05d,0.045,,,
5309,2026-07-27,SH600104,0.020964156751760627,EXP_LGBModel_Alpha158_csi300_custom_step0_s_20260727_14,3ecc8aabcd1c4c16b9823b9bf64bd05d,0.045,,,
5310,2026-07-27,SH600085,-0.016581755320831587,EXP_LGBModel_Alpha158_csi300_custom_step0_s_20260727_14,3ecc8aabcd1c4c16b9823b9bf64bd05d,0.045,,,
5311,2026-07-27,SH600066,-0.04881500806932201,EXP_LGBModel_Alpha158_csi300_custom_step0_s_20260727_14,3ecc8aabcd1c4c16b9823b9bf64bd05d,0.045,,,
5312,2026-07-27,SH600061,-0.023472306289003764,EXP_LGBModel_Alpha158_csi300_custom_step0_s_20260727_14,3ecc8aabcd1c4c16b9823b9bf64bd05d,0.045,,,
5313,2026-07-27,SH600050,0.04033194302025788,EXP_LGBModel_Alpha158_csi300_custom_step0_s_20260727_14,3ecc8aabcd1c4c16b9823b9bf64bd05d,0.045,,,
5314,2026-07-27,SH600048,0.003940017886661103,EXP_LGBModel_Alpha158_csi300_custom_step0_s_20260727_14,3ecc8aabcd1c4c16b9823b9bf64bd05d,0.045,,,
5315,2026-07-27,SH600039,0.06940540290667498,EXP_LGBModel_Alpha158_csi300_custom_step0_s_20260727_14,3ecc8aabcd1c4c16b9823b9bf64bd05d,0.045,,,
5316,2026-07-27,SH600036,0.010382775337123566,EXP_LGBModel_Alpha158_csi300_custom_step0_s_20260727_14,3ecc8aabcd1c4c16b9823b9bf64bd05d,0.045,,,
5317,2026-07-27,SH600031,0.022153419804701046,EXP_LGBModel_Alpha158_csi300_custom_step0_s_20260727_14,3ecc8aabcd1c4c16b9823b9bf64bd05d,0.045,,,
5318,2026-07-27,SH600089,-0.047724313582821955,EXP_LGBModel_Alpha158_csi300_custom_step0_s_20260727_14,3ecc8aabcd1c4c16b9823b9bf64bd05d,0.045,,,
5319,2026-07-27,SH600219,-0.14472224083813406,EXP_LGBModel_Alpha158_csi300_custom_step0_s_20260727_14,3ecc8aabcd1c4c16b9823b9bf64bd05d,0.045,,,
5320,2026-07-27,SH600221,0.0066350593453164625,EXP_LGBModel_Alpha158_csi300_custom_step0_s_20260727_14,3ecc8aabcd1c4c16b9823b9bf64bd05d,0.045,,,
5321,2026-07-27,SH600233,-0.036770469522147624,EXP_LGBModel_Alpha158_csi300_custom_step0_s_20260727_14,3ecc8aabcd1c4c16b9823b9bf64bd05d,0.045,,,
5322,2026-07-27,SH600570,0.0030319366145081313,EXP_LGBModel_Alpha158_csi300_custom_step0_s_20260727_14,3ecc8aabcd1c4c16b9823b9bf64bd05d,0.045,,,
5323,2026-07-27,SH600549,0.006533512252409414,EXP_LGBModel_Alpha158_csi300_custom_step0_s_20260727_14,3ecc8aabcd1c4c16b9823b9bf64bd05d,0.045,,,
5324,2026-07-27,SH600547,-0.058950818649968956,EXP_LGBModel_Alpha158_csi300_custom_step0_s_20260727_14,3ecc8aabcd1c4c16b9823b9bf64bd05d,0.045,,,
5325,2026-07-27,SH600522,0.011324529083842636,EXP_LGBModel_Alpha158_csi300_custom_step0_s_20260727_14,3ecc8aabcd1c4c16b9823b9bf64bd05d,0.045,,,
5326,2026-07-27,SH600519,0.007622964794403522,EXP_LGBModel_Alpha158_csi300_custom_step0_s_20260727_14,3ecc8aabcd1c4c16b9823b9bf64bd05d,0.045,,,
5327,2026-07-27,SH600515,0.01319834459913344,EXP_LGBModel_Alpha158_csi300_custom_step0_s_20260727_14,3ecc8aabcd1c4c16b9823b9bf64bd05d,0.045,,,
5328,2026-07-27,SH600489,-0.04256624818455439,EXP_LGBModel_Alpha158_csi300_custom_step0_s_20260727_14,3ecc8aabcd1c4c16b9823b9bf64bd05d,0.045,,,
5329,2026-07-27,SH600482,-0.07056667461686013,EXP_LGBModel_Alpha158_csi300_custom_step0_s_20260727_14,3ecc8aabcd1c4c16b9823b9bf64bd05d,0.045,,,
5330,2026-07-27,SH600460,-0.01673861349306371,EXP_LGBModel_Alpha158_csi300_custom_step0_s_20260727_14,3ecc8aabcd1c4c16b9823b9bf64bd05d,0.045,,,
5331,2026-07-27,SH600438,-0.030414480303485973,EXP_LGBModel_Alpha158_csi300_custom_step0_s_20260727_14,3ecc8aabcd1c4c16b9823b9bf64bd05d,0.045,,,
5332,2026-07-27,SH600436,-0.025794049246870628,EXP_LGBModel_Alpha158_csi300_custom_step0_s_20260727_14,3ecc8aabcd1c4c16b9823b9bf64bd05d,0.045,,,
5333,2026-07-27,SH600426,-0.02582361770661341,EXP_LGBModel_Alpha158_csi300_custom_step0_s_20260727_14,3ecc8aabcd1c4c16b9823b9bf64bd05d,0.045,,,
5334,2026-07-27,SH600415,-0.023203464048419335,EXP_LGBModel_Alpha158_csi300_custom_step0_s_20260727_14,3ecc8aabcd1c4c16b9823b9bf64bd05d,0.045,,,
5335,2026-07-27,SH600406,-0.007223549068483095,EXP_LGBModel_Alpha158_csi300_custom_step0_s_20260727_14,3ecc8aabcd1c4c16b9823b9bf64bd05d,0.045,,,
5336,2026-07-27,SH600372,0.015471195761238059,EXP_LGBModel_Alpha158_csi300_custom_step0_s_20260727_14,3ecc8aabcd1c4c16b9823b9bf64bd05d,0.045,,,
5337,2026-07-27,SH600362,-0.12579632071052493,EXP_LGBModel_Alpha158_csi300_custom_step0_s_20260727_14,3ecc8aabcd1c4c16b9823b9bf64bd05d,0.045,,,
5338,2026-07-27,SH600346,-0.03554488099262578,EXP_LGBModel_Alpha158_csi300_custom_step0_s_20260727_14,3ecc8aabcd1c4c16b9823b9bf64bd05d,0.045,,,
5339,2026-07-27,SH600309,-0.061015773094877095,EXP_LGBModel_Alpha158_csi300_custom_step0_s_20260727_14,3ecc8aabcd1c4c16b9823b9bf64bd05d,0.045,,,
5340,2026-07-27,SH600276,-0.0382489192384622,EXP_LGBModel_Alpha158_csi300_custom_step0_s_20260727_14,3ecc8aabcd1c4c16b9823b9bf64bd05d,0.045,,,
5341,2026-07-27,SH600029,-0.00709931855261654,EXP_LGBModel_Alpha158_csi300_custom_step0_s_20260727_14,3ecc8aabcd1c4c16b9823b9bf64bd05d,0.045,,,
5342,2026-07-27,SZ300418,-0.04021001561293428,EXP_LGBModel_Alpha158_csi300_custom_step0_s_20260727_14,3ecc8aabcd1c4c16b9823b9bf64bd05d,0.045,,,
5343,2026-07-27,SZ300433,0.0004544705588250767,EXP_LGBModel_Alpha158_csi300_custom_step0_s_20260727_14,3ecc8aabcd1c4c16b9823b9bf64bd05d,0.045,,,
5344,2026-07-27,SZ300442,-0.0031329440754642073,EXP_LGBModel_Alpha158_csi300_custom_step0_s_20260727_14,3ecc8aabcd1c4c16b9823b9bf64bd05d,0.045,,,
5345,2026-07-27,SZ001391,0.005528145889019958,EXP_LGBModel_Alpha158_csi300_custom_step0_s_20260727_14,31164e61dee0466d9d44190a30ef5cb2,0.052,,,
5346,2026-07-27,SZ001280,-0.03164373093203448,EXP_LGBModel_Alpha158_csi300_custom_step0_s_20260727_14,31164e61dee0466d9d44190a30ef5cb2,0.052,,,
5347,2026-07-27,SZ000999,0.00958557178626408,EXP_LGBModel_Alpha158_csi300_custom_step0_s_20260727_14,31164e61dee0466d9d44190a30ef5cb2,0.052,,,
5348,2026-07-27,SZ000988,-0.002926435940081133,EXP_LGBModel_Alpha158_csi300_custom_step0_s_20260727_14,31164e61dee0466d9d44190a30ef5cb2,0.052,,,
5349,2026-07-27,SZ000977,-0.09359589569846463,EXP_LGBModel_Alpha158_csi300_custom_step0_s_20260727_14,31164e61dee0466d9d44190a30ef5cb2,0.052,,,
5350,2026-07-27,SZ000975,-0.10697238380117634,EXP_LGBModel_Alpha158_csi300_custom_step0_s_20260727_14,31164e61dee0466d9d44190a30ef5cb2,0.052,,,
5351,2026-07-27,SZ000963,-0.0019662077334849544,EXP_LGBModel_Alpha158_csi300_custom_step0_s_20260727_14,31164e61dee0466d9d44190a30ef5cb2,0.052,,,
5352,2026-07-27,SZ000938,-0.11227670265377716,EXP_LGBModel_Alpha158_csi300_custom_step0_s_20260727_14,31164e61dee0466d9d44190a30ef5cb2,0.052,,,
5353,2026-07-27,SZ001965,0.017467344380642742,EXP_LGBModel_Alpha158_csi300_custom_step0_s_20260727_14,31164e61dee0466d9d44190a30ef5cb2,0.052,,,
5354,2026-07-27,SZ000895,-0.010772613821152903,EXP_LGBModel_Alpha158_csi300_custom_step0_s_20260727_14,31164e61dee0466d9d44190a30ef5cb2,0.052,,,
5355,2026-07-27,SZ000807,-0.07444504211126599,EXP_LGBModel_Alpha158_csi300_custom_step0_s_20260727_14,31164e61dee0466d9d44190a30ef5cb2,0.052,,,
5356,2026-07-27,SZ000792,-0.0013923927833174611,EXP_LGBModel_Alpha158_csi300_custom_step0_s_20260727_14,31164e61dee0466d9d44190a30ef5cb2,0.052,,,
5357,2026-07-27,SZ000776,-0.10438844555401566,EXP_LGBModel_Alpha158_csi300_custom_step0_s_20260727_14,31164e61dee0466d9d44190a30ef5cb2,0.052,,,
5358,2026-07-27,SZ000768,-0.04910948153063596,EXP_LGBModel_Alpha158_csi300_custom_step0_s_20260727_14,31164e61dee0466d9d44190a30ef5cb2,0.052,,,
5359,2026-07-27,SZ000725,-0.05328859237509883,EXP_LGBModel_Alpha158_csi300_custom_step0_s_20260727_14,31164e61dee0466d9d44190a30ef5cb2,0.052,,,
5360,2026-07-27,SZ000708,0.00010741143972726,EXP_LGBModel_Alpha158_csi300_custom_step0_s_20260727_14,31164e61dee0466d9d44190a30ef5cb2,0.052,,,
5361,2026-07-27,SZ000657,0.07099083670297611,EXP_LGBModel_Alpha158_csi300_custom_step0_s_20260727_14,31164e61dee0466d9d44190a30ef5cb2,0.052,,,
5362,2026-07-27,SZ000651,0.023216258599159805,EXP_LGBModel_Alpha158_csi300_custom_step0_s_20260727_14,31164e61dee0466d9d44190a30ef5cb2,0.052,,,
5363,2026-07-27,SZ000858,0.006738795387244562,EXP_LGBModel_Alpha158_csi300_custom_step0_s_20260727_14,31164e61dee0466d9d44190a30ef5cb2,0.052,,,
5364,2026-07-27,SZ000630,-0.06968247141840468,EXP_LGBModel_Alpha158_csi300_custom_step0_s_20260727_14,31164e61dee0466d9d44190a30ef5cb2,0.052,,,
5365,2026-07-27,SZ001979,0.019756500428776573,EXP_LGBModel_Alpha158_csi300_custom_step0_s_20260727_14,31164e61dee0466d9d44190a30ef5cb2,0.052,,,
5366,2026-07-27,SZ002027,-0.009600221225603573,EXP_LGBModel_Alpha158_csi300_custom_step0_s_20260727_14,31164e61dee0466d9d44190a30ef5cb2,0.052,,,
5367,2026-07-27,SZ002422,-0.09080981737047482,EXP_LGBModel_Alpha158_csi300_custom_step0_s_20260727_14,31164e61dee0466d9d44190a30ef5cb2,0.052,,,
5368,2026-07-27,SZ002415,-0.06051552863659608,EXP_LGBModel_Alpha158_csi300_custom_step0_s_20260727_14,31164e61dee0466d9d44190a30ef5cb2,0.052,,,
5369,2026-07-27,SZ002384,-0.008181554049882819,EXP_LGBModel_Alpha158_csi300_custom_step0_s_20260727_14,31164e61dee0466d9d44190a30ef5cb2,0.052,,,
5370,2026-07-27,SZ002371,-0.10018824584194129,EXP_LGBModel_Alpha158_csi300_custom_step0_s_20260727_14,31164e61dee0466d9d44190a30ef5cb2,0.052,,,
5371,2026-07-27,SZ002353,-0.059434500203691676,EXP_LGBModel_Alpha158_csi300_custom_step0_s_20260727_14,31164e61dee0466d9d44190a30ef5cb2,0.052,,,
5372,2026-07-27,SZ002352,0.007873228938907047,EXP_LGBModel_Alpha158_csi300_custom_step0_s_20260727_14,31164e61dee0466d9d44190a30ef5cb2,0.052,,,
5373,2026-07-27,SZ002311,0.016564095608868144,EXP_LGBModel_Alpha158_csi300_custom_step0_s_20260727_14,31164e61dee0466d9d44190a30ef5cb2,0.052,,,
5374,2026-07-27,SZ002304,0.0020239219706514188,EXP_LGBModel_Alpha158_csi300_custom_step0_s_20260727_14,31164e61dee0466d9d44190a30ef5cb2,0.052,,,
5375,2026-07-27,SZ002001,-0.03706331119633516,EXP_LGBModel_Alpha158_csi300_custom_step0_s_20260727_14,31164e61dee0466d9d44190a30ef5cb2,0.052,,,
5376,2026-07-27,SZ002241,-0.09279595199620462,EXP_LGBModel_Alpha158_csi300_custom_step0_s_20260727_14,31164e61dee0466d9d44190a30ef5cb2,0.052,,,
5377,2026-07-27,SZ002230,-0.02848617846969594,EXP_LGBModel_Alpha158_csi300_custom_step0_s_20260727_14,31164e61dee0466d9d44190a30ef5cb2,0.052,,,
5378,2026-07-27,SZ002202,-0.005959695543397921,EXP_LGBModel_Alpha158_csi300_custom_step0_s_20260727_14,31164e61dee0466d9d44190a30ef5cb2,0.052,,,
5379,2026-07-27,SZ002179,0.006683189720596997,EXP_LGBModel_Alpha158_csi300_custom_step0_s_20260727_14,31164e61dee0466d9d44190a30ef5cb2,0.052,,,
5380,2026-07-27,SZ002142,0.006305285670755835,EXP_LGBModel_Alpha158_csi300_custom_step0_s_20260727_14,31164e61dee0466d9d44190a30ef5cb2,0.052,,,
5381,2026-07-27,SZ002074,-0.03135847008260033,EXP_LGBModel_Alpha158_csi300_custom_step0_s_20260727_14,31164e61dee0466d9d44190a30ef5cb2,0.052,,,
5382,2026-07-27,SZ002050,-0.011346438181321652,EXP_LGBModel_Alpha158_csi300_custom_step0_s_20260727_14,31164e61dee0466d9d44190a30ef5cb2,0.052,,,
5383,2026-07-27,SZ002049,-0.01039567818109233,EXP_LGBModel_Alpha158_csi300_custom_step0_s_20260727_14,31164e61dee0466d9d44190a30ef5cb2,0.052,,,
5384,2026-07-27,SZ002028,-0.061464000589968586,EXP_LGBModel_Alpha158_csi300_custom_step0_s_20260727_14,31164e61dee0466d9d44190a30ef5cb2,0.052,,,
5385,2026-07-27,SZ002236,0.021957477274946277,EXP_LGBModel_Alpha158_csi300_custom_step0_s_20260727_14,31164e61dee0466d9d44190a30ef5cb2,0.052,,,
5386,2026-07-27,SZ000625,-0.00958447523707432,EXP_LGBModel_Alpha158_csi300_custom_step0_s_20260727_14,31164e61dee0466d9d44190a30ef5cb2,0.052,,,
5387,2026-07-27,SZ000617,-0.001892328368571038,EXP_LGBModel_Alpha158_csi300_custom_step0_s_20260727_14,31164e61dee0466d9d44190a30ef5cb2,0.052,,,
5388,2026-07-27,SZ000596,0.009087157895547267,EXP_LGBModel_Alpha158_csi300_custom_step0_s_20260727_14,31164e61dee0466d9d44190a30ef5cb2,0.052,,,
5389,2026-07-27,SH688126,-0.021304493561159713,EXP_LGBModel_Alpha158_csi300_custom_step0_s_20260727_14,31164e61dee0466d9d44190a30ef5cb2,0.052,,,
5390,2026-07-27,SH688111,-0.047656941822071267,EXP_LGBModel_Alpha158_csi300_custom_step0_s_20260727_14,31164e61dee0466d9d44190a30ef5cb2,0.052,,,
5391,2026-07-27,SH688082,-0.0304608522406402,EXP_LGBModel_Alpha158_csi300_custom_step0_s_20260727_14,31164e61dee0466d9d44190a30ef5cb2,0.052,,,
5392,2026-07-27,SH688072,-0.08871512863054702,EXP_LGBModel_Alpha158_csi300_custom_step0_s_20260727_14,31164e61dee0466d9d44190a30ef5cb2,0.052,,,
5393,2026-07-27,SH688047,0.004304992456188395,EXP_LGBModel_Alpha158_csi300_custom_step0_s_20260727_14,31164e61dee0466d9d44190a30ef5cb2,0.052,,,
5394,2026-07-27,SH688041,-0.11067454850540448,EXP_LGBModel_Alpha158_csi300_custom_step0_s_20260727_14,31164e61dee0466d9d44190a30ef5cb2,0.052,,,
5395,2026-07-27,SH688036,-0.10962351973024295,EXP_LGBModel_Alpha158_csi300_custom_step0_s_20260727_14,31164e61dee0466d9d44190a30ef5cb2,0.052,,,
5396,2026-07-27,SH688012,-0.06354207970663589,EXP_LGBModel_Alpha158_csi300_custom_step0_s_20260727_14,31164e61dee0466d9d44190a30ef5cb2,0.052,,,
5397,2026-07-27,SH688183,-0.0004937651597655794,EXP_LGBModel_Alpha158_csi300_custom_step0_s_20260727_14,31164e61dee0466d9d44190a30ef5cb2,0.052,,,
5398,2026-07-27,SH688009,0.01813495539574397,EXP_LGBModel_Alpha158_csi300_custom_step0_s_20260727_14,31164e61dee0466d9d44190a30ef5cb2,0.052,,,
5399,2026-07-27,SH605499,-0.09975719123357578,EXP_LGBModel_Alpha158_csi300_custom_step0_s_20260727_14,31164e61dee0466d9d44190a30ef5cb2,0.052,,,
5400,2026-07-27,SH605117,-0.019492903301708286,EXP_LGBModel_Alpha158_csi300_custom_step0_s_20260727_14,31164e61dee0466d9d44190a30ef5cb2,0.052,,,
5401,2026-07-27,SH603993,-0.11937208729656842,EXP_LGBModel_Alpha158_csi300_custom_step0_s_20260727_14,31164e61dee0466d9d44190a30ef5cb2,0.052,,,
5402,2026-07-27,SH603986,0.00017873862129807788,EXP_LGBModel_Alpha158_csi300_custom_step0_s_20260727_14,31164e61dee0466d9d44190a30ef5cb2,0.052,,,
5403,2026-07-27,SH603893,-0.12497968147845397,EXP_LGBModel_Alpha158_csi300_custom_step0_s_20260727_14,31164e61dee0466d9d44190a30ef5cb2,0.052,,,
5404,2026-07-27,SH603799,0.009019776581173627,EXP_LGBModel_Alpha158_csi300_custom_step0_s_20260727_14,31164e61dee0466d9d44190a30ef5cb2,0.052,,,
5405,2026-07-27,SH603501,-0.020164049208129718,EXP_LGBModel_Alpha158_csi300_custom_step0_s_20260727_14,31164e61dee0466d9d44190a30ef5cb2,0.052,,,
5406,2026-07-27,SH603392,-0.028806787285385375,EXP_LGBModel_Alpha158_csi300_custom_step0_s_20260727_14,31164e61dee0466d9d44190a30ef5cb2,0.052,,,
5407,2026-07-27,SH688008,-0.03524842057608249,EXP_LGBModel_Alpha158_csi300_custom_step0_s_20260727_14,31164e61dee0466d9d44190a30ef5cb2,0.052,,,
5408,2026-07-27,SH688223,0.000725034444446198,EXP_LGBModel_Alpha158_csi300_custom_step0_s_20260727_14,31164e61dee0466d9d44190a30ef5cb2,0.052,,,
5409,2026-07-27,SH688256,-0.042251648997072906,EXP_LGBModel_Alpha158_csi300_custom_step0_s_20260727_14,31164e61dee0466d9d44190a30ef5cb2,0.052,,,
5410,2026-07-27,SH688271,0.011659452794529682,EXP_LGBModel_Alpha158_csi300_custom_step0_s_20260727_14,31164e61dee0466d9d44190a30ef5cb2,0.052,,,
5411,2026-07-27,SZ000568,0.012910833431883298,EXP_LGBModel_Alpha158_csi300_custom_step0_s_20260727_14,31164e61dee0466d9d44190a30ef5cb2,0.052,,,
5412,2026-07-27,SZ000538,0.00992613930544008,EXP_LGBModel_Alpha158_csi300_custom_step0_s_20260727_14,31164e61dee0466d9d44190a30ef5cb2,0.052,,,
5413,2026-07-27,SZ000425,-0.009984407224126201,EXP_LGBModel_Alpha158_csi300_custom_step0_s_20260727_14,31164e61dee0466d9d44190a30ef5cb2,0.052,,,
5414,2026-07-27,SZ000408,-0.004674798389651332,EXP_LGBModel_Alpha158_csi300_custom_step0_s_20260727_14,31164e61dee0466d9d44190a30ef5cb2,0.052,,,
5415,2026-07-27,SZ000338,-0.06440695066084791,EXP_LGBModel_Alpha158_csi300_custom_step0_s_20260727_14,31164e61dee0466d9d44190a30ef5cb2,0.052,,,
5416,2026-07-27,SZ000333,0.011031649351220215,EXP_LGBModel_Alpha158_csi300_custom_step0_s_20260727_14,31164e61dee0466d9d44190a30ef5cb2,0.052,,,
5417,2026-07-27,SZ000301,-0.023936453013009985,EXP_LGBModel_Alpha158_csi300_custom_step0_s_20260727_14,31164e61dee0466d9d44190a30ef5cb2,0.052,,,
5418,2026-07-27,SZ000166,0.04280470581279288,EXP_LGBModel_Alpha158_csi300_custom_step0_s_20260727_14,31164e61dee0466d9d44190a30ef5cb2,0.052,,,
5419,2026-07-27,SZ000157,-0.011430880518350686,EXP_LGBModel_Alpha158_csi300_custom_step0_s_20260727_14,31164e61dee0466d9d44190a30ef5cb2,0.052,,,
5420,2026-07-27,SZ000100,-0.11284692605853074,EXP_LGBModel_Alpha158_csi300_custom_step0_s_20260727_14,31164e61dee0466d9d44190a30ef5cb2,0.052,,,
5421,2026-07-27,SZ000063,-0.05982426851912763,EXP_LGBModel_Alpha158_csi300_custom_step0_s_20260727_14,31164e61dee0466d9d44190a30ef5cb2,0.052,,,
5422,2026-07-27,SZ000002,0.0003570965770987068,EXP_LGBModel_Alpha158_csi300_custom_step0_s_20260727_14,31164e61dee0466d9d44190a30ef5cb2,0.052,,,
5423,2026-07-27,SZ000001,0.012886512641199582,EXP_LGBModel_Alpha158_csi300_custom_step0_s_20260727_14,31164e61dee0466d9d44190a30ef5cb2,0.052,,,
5424,2026-07-27,SH688981,-0.05294124298869006,EXP_LGBModel_Alpha158_csi300_custom_step0_s_20260727_14,31164e61dee0466d9d44190a30ef5cb2,0.052,,,
5425,2026-07-27,SH688521,0.007369221977609377,EXP_LGBModel_Alpha158_csi300_custom_step0_s_20260727_14,31164e61dee0466d9d44190a30ef5cb2,0.052,,,
5426,2026-07-27,SH688506,0.010040073771898821,EXP_LGBModel_Alpha158_csi300_custom_step0_s_20260727_14,31164e61dee0466d9d44190a30ef5cb2,0.052,,,
5427,2026-07-27,SH688472,-0.02126046989706489,EXP_LGBModel_Alpha158_csi300_custom_step0_s_20260727_14,31164e61dee0466d9d44190a30ef5cb2,0.052,,,
5428,2026-07-27,SH688396,-0.005945519583087221,EXP_LGBModel_Alpha158_csi300_custom_step0_s_20260727_14,31164e61dee0466d9d44190a30ef5cb2,0.052,,,
5429,2026-07-27,SH688303,-0.01529766761906651,EXP_LGBModel_Alpha158_csi300_custom_step0_s_20260727_14,31164e61dee0466d9d44190a30ef5cb2,0.052,,,
5430,2026-07-27,SZ002460,0.0035318063771839596,EXP_LGBModel_Alpha158_csi300_custom_step0_s_20260727_14,31164e61dee0466d9d44190a30ef5cb2,0.052,,,
5431,2026-07-27,SH603369,0.00016708731855082462,EXP_LGBModel_Alpha158_csi300_custom_step0_s_20260727_14,31164e61dee0466d9d44190a30ef5cb2,0.052,,,
5432,2026-07-27,SZ002463,-0.005252164991470506,EXP_LGBModel_Alpha158_csi300_custom_step0_s_20260727_14,31164e61dee0466d9d44190a30ef5cb2,0.052,,,
5433,2026-07-27,SZ002475,-0.07178307530382148,EXP_LGBModel_Alpha158_csi300_custom_step0_s_20260727_14,31164e61dee0466d9d44190a30ef5cb2,0.052,,,
5434,2026-07-27,SH600028,0.011410419096310995,EXP_LGBModel_Alpha158_csi300_custom_step0_s_20260727_14,1608e393f6b54bd4920c926151dbadf2,0.061,,,
5435,2026-07-27,SH600027,0.0018658630756836264,EXP_LGBModel_Alpha158_csi300_custom_step0_s_20260727_14,1608e393f6b54bd4920c926151dbadf2,0.061,,,
5436,2026-07-27,SH600026,-0.01775835126247758,EXP_LGBModel_Alpha158_csi300_custom_step0_s_20260727_14,1608e393f6b54bd4920c926151dbadf2,0.061,,,
5437,2026-07-27,SH600025,0.054865174122651066,EXP_LGBModel_Alpha158_csi300_custom_step0_s_20260727_14,1608e393f6b54bd4920c926151dbadf2,0.061,,,
5438,2026-07-27,SH600023,-0.004502720783759609,EXP_LGBModel_Alpha158_csi300_custom_step0_s_20260727_14,1608e393f6b54bd4920c926151dbadf2,0.061,,,
5439,2026-07-27,SH600019,0.004370301847968793,EXP_LGBModel_Alpha158_csi300_custom_step0_s_20260727_14,1608e393f6b54bd4920c926151dbadf2,0.061,,,
5440,2026-07-27,SH600018,0.044716784774115274,EXP_LGBModel_Alpha158_csi300_custom_step0_s_20260727_14,1608e393f6b54bd4920c926151dbadf2,0.061,,,
5441,2026-07-27,SH600016,0.03525711659539976,EXP_LGBModel_Alpha158_csi300_custom_step0_s_20260727_14,1608e393f6b54bd4920c926151dbadf2,0.061,,,
5442,2026-07-27,SH600029,-0.015590023135969987,EXP_LGBModel_Alpha158_csi300_custom_step0_s_20260727_14,1608e393f6b54bd4920c926151dbadf2,0.061,,,
5443,2026-07-27,SH600015,0.03509105128045625,EXP_LGBModel_Alpha158_csi300_custom_step0_s_20260727_14,1608e393f6b54bd4920c926151dbadf2,0.061,,,
5444,2026-07-27,SH600010,-0.024639998833178123,EXP_LGBModel_Alpha158_csi300_custom_step0_s_20260727_14,1608e393f6b54bd4920c926151dbadf2,0.061,,,
5445,2026-07-27,SH600009,0.007261573994009295,EXP_LGBModel_Alpha158_csi300_custom_step0_s_20260727_14,1608e393f6b54bd4920c926151dbadf2,0.061,,,
5446,2026-07-27,SH600000,0.011923320126037012,EXP_LGBModel_Alpha158_csi300_custom_step0_s_20260727_14,1608e393f6b54bd4920c926151dbadf2,0.061,,,
5447,2026-07-27,SZ302132,-0.07572305359437037,EXP_LGBModel_Alpha158_csi300_custom_step0_s_20260727_14,31164e61dee0466d9d44190a30ef5cb2,0.052,,,
5448,2026-07-27,SZ301308,0.00694955207908191,EXP_LGBModel_Alpha158_csi300_custom_step0_s_20260727_14,31164e61dee0466d9d44190a30ef5cb2,0.052,,,
5449,2026-07-27,SZ301269,-0.012577777249915673,EXP_LGBModel_Alpha158_csi300_custom_step0_s_20260727_14,31164e61dee0466d9d44190a30ef5cb2,0.052,,,
5450,2026-07-27,SZ301236,-0.029627845701036784,EXP_LGBModel_Alpha158_csi300_custom_step0_s_20260727_14,31164e61dee0466d9d44190a30ef5cb2,0.052,,,
5451,2026-07-27,SZ301165,-0.13365712937461777,EXP_LGBModel_Alpha158_csi300_custom_step0_s_20260727_14,31164e61dee0466d9d44190a30ef5cb2,0.052,,,
5452,2026-07-27,SH600011,-0.03785790623451746,EXP_LGBModel_Alpha158_csi300_custom_step0_s_20260727_14,1608e393f6b54bd4920c926151dbadf2,0.061,,,
5453,2026-07-27,SZ300999,-0.01347109704713419,EXP_LGBModel_Alpha158_csi300_custom_step0_s_20260727_14,31164e61dee0466d9d44190a30ef5cb2,0.052,,,
5454,2026-07-27,SH600030,0.003601209311323655,EXP_LGBModel_Alpha158_csi300_custom_step0_s_20260727_14,1608e393f6b54bd4920c926151dbadf2,0.061,,,
5455,2026-07-27,SH600036,0.022244663614783305,EXP_LGBModel_Alpha158_csi300_custom_step0_s_20260727_14,1608e393f6b54bd4920c926151dbadf2,0.061,,,
5456,2026-07-27,SH600219,-0.16914736202939887,EXP_LGBModel_Alpha158_csi300_custom_step0_s_20260727_14,1608e393f6b54bd4920c926151dbadf2,0.061,,,
5457,2026-07-27,SH600196,-0.046952827136787785,EXP_LGBModel_Alpha158_csi300_custom_step0_s_20260727_14,1608e393f6b54bd4920c926151dbadf2,0.061,,,
5458,2026-07-27,SH600188,-0.0846653389254401,EXP_LGBModel_Alpha158_csi300_custom_step0_s_20260727_14,1608e393f6b54bd4920c926151dbadf2,0.061,,,
5459,2026-07-27,SH600183,0.05798852600622819,EXP_LGBModel_Alpha158_csi300_custom_step0_s_20260727_14,1608e393f6b54bd4920c926151dbadf2,0.061,,,
5460,2026-07-27,SH600176,0.10505076763135339,EXP_LGBModel_Alpha158_csi300_custom_step0_s_20260727_14,1608e393f6b54bd4920c926151dbadf2,0.061,,,
5461,2026-07-27,SH600160,-0.01456619949481906,EXP_LGBModel_Alpha158_csi300_custom_step0_s_20260727_14,1608e393f6b54bd4920c926151dbadf2,0.061,,,
5462,2026-07-27,SH600150,-0.02573522076836697,EXP_LGBModel_Alpha158_csi300_custom_step0_s_20260727_14,1608e393f6b54bd4920c926151dbadf2,0.061,,,
5463,2026-07-27,SH600118,0.007483796324163532,EXP_LGBModel_Alpha158_csi300_custom_step0_s_20260727_14,1608e393f6b54bd4920c926151dbadf2,0.061,,,
5464,2026-07-27,SH600031,0.019780854323579785,EXP_LGBModel_Alpha158_csi300_custom_step0_s_20260727_14,1608e393f6b54bd4920c926151dbadf2,0.061,,,
5465,2026-07-27,SH600115,-0.02433145537749046,EXP_LGBModel_Alpha158_csi300_custom_step0_s_20260727_14,1608e393f6b54bd4920c926151dbadf2,0.061,,,
5466,2026-07-27,SH600104,-0.004250759547538739,EXP_LGBModel_Alpha158_csi300_custom_step0_s_20260727_14,1608e393f6b54bd4920c926151dbadf2,0.061,,,
5467,2026-07-27,SH600089,-0.04827113722344288,EXP_LGBModel_Alpha158_csi300_custom_step0_s_20260727_14,1608e393f6b54bd4920c926151dbadf2,0.061,,,
5468,2026-07-27,SH600085,-0.015725186423245077,EXP_LGBModel_Alpha158_csi300_custom_step0_s_20260727_14,1608e393f6b54bd4920c926151dbadf2,0.061,,,
5469,2026-07-27,SH600066,-0.04470356355104879,EXP_LGBModel_Alpha158_csi300_custom_step0_s_20260727_14,1608e393f6b54bd4920c926151dbadf2,0.061,,,
5470,2026-07-27,SH600061,0.015768517728878374,EXP_LGBModel_Alpha158_csi300_custom_step0_s_20260727_14,1608e393f6b54bd4920c926151dbadf2,0.061,,,
5471,2026-07-27,SH600050,0.0312390023270997,EXP_LGBModel_Alpha158_csi300_custom_step0_s_20260727_14,1608e393f6b54bd4920c926151dbadf2,0.061,,,
5472,2026-07-27,SH600048,-0.021030816230327404,EXP_LGBModel_Alpha158_csi300_custom_step0_s_20260727_14,1608e393f6b54bd4920c926151dbadf2,0.061,,,
5473,2026-07-27,SH600039,0.04248725418741342,EXP_LGBModel_Alpha158_csi300_custom_step0_s_20260727_14,1608e393f6b54bd4920c926151dbadf2,0.061,,,
5474,2026-07-27,SH600111,0.06251405425591051,EXP_LGBModel_Alpha158_csi300_custom_step0_s_20260727_14,1608e393f6b54bd4920c926151dbadf2,0.061,,,
5475,2026-07-27,SZ300896,-0.052881908078607015,EXP_LGBModel_Alpha158_csi300_custom_step0_s_20260727_14,31164e61dee0466d9d44190a30ef5cb2,0.052,,,
5476,2026-07-27,SZ300866,-0.11172411556356865,EXP_LGBModel_Alpha158_csi300_custom_step0_s_20260727_14,31164e61dee0466d9d44190a30ef5cb2,0.052,,,
5477,2026-07-27,SZ300832,-4.381445614673578e-05,EXP_LGBModel_Alpha158_csi300_custom_step0_s_20260727_14,31164e61dee0466d9d44190a30ef5cb2,0.052,,,
5478,2026-07-27,SZ300015,-0.01108142007576109,EXP_LGBModel_Alpha158_csi300_custom_step0_s_20260727_14,31164e61dee0466d9d44190a30ef5cb2,0.052,,,
5479,2026-07-27,SZ300014,-0.015221464080469677,EXP_LGBModel_Alpha158_csi300_custom_step0_s_20260727_14,31164e61dee0466d9d44190a30ef5cb2,0.052,,,
5480,2026-07-27,SZ003816,0.020344964822529406,EXP_LGBModel_Alpha158_csi300_custom_step0_s_20260727_14,31164e61dee0466d9d44190a30ef5cb2,0.052,,,
5481,2026-07-27,SZ002938,-0.010453872106864508,EXP_LGBModel_Alpha158_csi300_custom_step0_s_20260727_14,31164e61dee0466d9d44190a30ef5cb2,0.052,,,
5482,2026-07-27,SZ002920,-0.006137650185473211,EXP_LGBModel_Alpha158_csi300_custom_step0_s_20260727_14,31164e61dee0466d9d44190a30ef5cb2,0.052,,,
5483,2026-07-27,SZ002916,-0.005206410695137227,EXP_LGBModel_Alpha158_csi300_custom_step0_s_20260727_14,31164e61dee0466d9d44190a30ef5cb2,0.052,,,
5484,2026-07-27,SZ002837,-0.008421852145740419,EXP_LGBModel_Alpha158_csi300_custom_step0_s_20260727_14,31164e61dee0466d9d44190a30ef5cb2,0.052,,,
5485,2026-07-27,SZ002736,0.023614807467471913,EXP_LGBModel_Alpha158_csi300_custom_step0_s_20260727_14,31164e61dee0466d9d44190a30ef5cb2,0.052,,,
5486,2026-07-27,SZ300033,-0.02749931877832372,EXP_LGBModel_Alpha158_csi300_custom_step0_s_20260727_14,31164e61dee0466d9d44190a30ef5cb2,0.052,,,
5487,2026-07-27,SZ002714,-0.007695016826081779,EXP_LGBModel_Alpha158_csi300_custom_step0_s_20260727_14,31164e61dee0466d9d44190a30ef5cb2,0.052,,,
5488,2026-07-27,SZ002648,-0.0316913109075209,EXP_LGBModel_Alpha158_csi300_custom_step0_s_20260727_14,31164e61dee0466d9d44190a30ef5cb2,0.052,,,
5489,2026-07-27,SZ002625,-0.0021857150829581785,EXP_LGBModel_Alpha158_csi300_custom_step0_s_20260727_14,31164e61dee0466d9d44190a30ef5cb2,0.052,,,
5490,2026-07-27,SZ002602,-0.037041124437360094,EXP_LGBModel_Alpha158_csi300_custom_step0_s_20260727_14,31164e61dee0466d9d44190a30ef5cb2,0.052,,,
5491,2026-07-27,SZ002600,-0.004460916866247423,EXP_LGBModel_Alpha158_csi300_custom_step0_s_20260727_14,31164e61dee0466d9d44190a30ef5cb2,0.052,,,
5492,2026-07-27,SZ002594,-0.018309370251678832,EXP_LGBModel_Alpha158_csi300_custom_step0_s_20260727_14,31164e61dee0466d9d44190a30ef5cb2,0.052,,,
5493,2026-07-27,SZ002558,-0.016566067763620546,EXP_LGBModel_Alpha158_csi300_custom_step0_s_20260727_14,31164e61dee0466d9d44190a30ef5cb2,0.052,,,
5494,2026-07-27,SZ002532,-0.08464301880221115,EXP_LGBModel_Alpha158_csi300_custom_step0_s_20260727_14,31164e61dee0466d9d44190a30ef5cb2,0.052,,,
5495,2026-07-27,SZ002493,-0.08952829590834578,EXP_LGBModel_Alpha158_csi300_custom_step0_s_20260727_14,31164e61dee0466d9d44190a30ef5cb2,0.052,,,
5496,2026-07-27,SZ002709,-0.0025808420127547103,EXP_LGBModel_Alpha158_csi300_custom_step0_s_20260727_14,31164e61dee0466d9d44190a30ef5cb2,0.052,,,
5497,2026-07-27,SZ300059,-0.00986408495526004,EXP_LGBModel_Alpha158_csi300_custom_step0_s_20260727_14,31164e61dee0466d9d44190a30ef5cb2,0.052,,,
5498,2026-07-27,SZ300122,-0.025984568776630544,EXP_LGBModel_Alpha158_csi300_custom_step0_s_20260727_14,31164e61dee0466d9d44190a30ef5cb2,0.052,,,
5499,2026-07-27,SZ300124,-0.010226786435674361,EXP_LGBModel_Alpha158_csi300_custom_step0_s_20260727_14,31164e61dee0466d9d44190a30ef5cb2,0.052,,,
5500,2026-07-27,SZ300803,-0.04542550164139352,EXP_LGBModel_Alpha158_csi300_custom_step0_s_20260727_14,31164e61dee0466d9d44190a30ef5cb2,0.052,,,
5501,2026-07-27,SZ300760,0.012320386681458649,EXP_LGBModel_Alpha158_csi300_custom_step0_s_20260727_14,31164e61dee0466d9d44190a30ef5cb2,0.052,,,
5502,2026-07-27,SZ300750,0.00027470150728745464,EXP_LGBModel_Alpha158_csi300_custom_step0_s_20260727_14,31164e61dee0466d9d44190a30ef5cb2,0.052,,,
5503,2026-07-27,SZ300661,-0.0014436299658555462,EXP_LGBModel_Alpha158_csi300_custom_step0_s_20260727_14,31164e61dee0466d9d44190a30ef5cb2,0.052,,,
5504,2026-07-27,SZ300628,-0.014564707991844223,EXP_LGBModel_Alpha158_csi300_custom_step0_s_20260727_14,31164e61dee0466d9d44190a30ef5cb2,0.052,,,
5505,2026-07-27,SZ300502,-0.026394265248986845,EXP_LGBModel_Alpha158_csi300_custom_step0_s_20260727_14,31164e61dee0466d9d44190a30ef5cb2,0.052,,,
5506,2026-07-27,SZ300498,0.002387167936058229,EXP_LGBModel_Alpha158_csi300_custom_step0_s_20260727_14,31164e61dee0466d9d44190a30ef5cb2,0.052,,,
5507,2026-07-27,SZ300476,0.008262232938211038,EXP_LGBModel_Alpha158_csi300_custom_step0_s_20260727_14,31164e61dee0466d9d44190a30ef5cb2,0.052,,,
5508,2026-07-27,SZ300450,0.000734532947873727,EXP_LGBModel_Alpha158_csi300_custom_step0_s_20260727_14,31164e61dee0466d9d44190a30ef5cb2,0.052,,,
5509,2026-07-27,SZ300442,-0.010819400566143066,EXP_LGBModel_Alpha158_csi300_custom_step0_s_20260727_14,31164e61dee0466d9d44190a30ef5cb2,0.052,,,
5510,2026-07-27,SZ300433,-0.013342361734448825,EXP_LGBModel_Alpha158_csi300_custom_step0_s_20260727_14,31164e61dee0466d9d44190a30ef5cb2,0.052,,,
5511,2026-07-27,SZ300418,-0.00422039946636381,EXP_LGBModel_Alpha158_csi300_custom_step0_s_20260727_14,31164e61dee0466d9d44190a30ef5cb2,0.052,,,
5512,2026-07-27,SZ300413,-0.011676448789946406,EXP_LGBModel_Alpha158_csi300_custom_step0_s_20260727_14,31164e61dee0466d9d44190a30ef5cb2,0.052,,,
5513,2026-07-27,SZ300408,-0.01631853292794595,EXP_LGBModel_Alpha158_csi300_custom_step0_s_20260727_14,31164e61dee0466d9d44190a30ef5cb2,0.052,,,
5514,2026-07-27,SZ300394,0.0026261453842059586,EXP_LGBModel_Alpha158_csi300_custom_step0_s_20260727_14,31164e61dee0466d9d44190a30ef5cb2,0.052,,,
5515,2026-07-27,SZ300316,0.004868741055305507,EXP_LGBModel_Alpha158_csi300_custom_step0_s_20260727_14,31164e61dee0466d9d44190a30ef5cb2,0.052,,,
5516,2026-07-27,SZ300308,-0.054785344938670516,EXP_LGBModel_Alpha158_csi300_custom_step0_s_20260727_14,31164e61dee0466d9d44190a30ef5cb2,0.052,,,
5517,2026-07-27,SZ300274,-0.010839359739651168,EXP_LGBModel_Alpha158_csi300_custom_step0_s_20260727_14,31164e61dee0466d9d44190a30ef5cb2,0.052,,,
5518,2026-07-27,SZ300251,-0.01990648996175438,EXP_LGBModel_Alpha158_csi300_custom_step0_s_20260727_14,31164e61dee0466d9d44190a30ef5cb2,0.052,,,
5519,2026-07-27,SZ002466,-0.0009130001244032505,EXP_LGBModel_Alpha158_csi300_custom_step0_s_20260727_14,31164e61dee0466d9d44190a30ef5cb2,0.052,,,
5520,2026-07-27,SH603296,-0.06012058300921948,EXP_LGBModel_Alpha158_csi300_custom_step0_s_20260727_14,31164e61dee0466d9d44190a30ef5cb2,0.052,,,
5521,2026-07-27,SH603288,0.013876245891180968,EXP_LGBModel_Alpha158_csi300_custom_step0_s_20260727_14,31164e61dee0466d9d44190a30ef5cb2,0.052,,,
5522,2026-07-27,SH603260,-0.0025899458591905292,EXP_LGBModel_Alpha158_csi300_custom_step0_s_20260727_14,31164e61dee0466d9d44190a30ef5cb2,0.052,,,
5523,2026-07-27,SH600426,-0.031635382063687795,EXP_LGBModel_Alpha158_csi300_custom_step0_s_20260727_14,31164e61dee0466d9d44190a30ef5cb2,0.052,,,
5524,2026-07-27,SH600415,0.006679743301033742,EXP_LGBModel_Alpha158_csi300_custom_step0_s_20260727_14,31164e61dee0466d9d44190a30ef5cb2,0.052,,,
5525,2026-07-27,SH600406,0.0008496781618149611,EXP_LGBModel_Alpha158_csi300_custom_step0_s_20260727_14,31164e61dee0466d9d44190a30ef5cb2,0.052,,,
5526,2026-07-27,SH600372,0.01711318024209118,EXP_LGBModel_Alpha158_csi300_custom_step0_s_20260727_14,31164e61dee0466d9d44190a30ef5cb2,0.052,,,
5527,2026-07-27,SH600362,-0.09722637502836329,EXP_LGBModel_Alpha158_csi300_custom_step0_s_20260727_14,31164e61dee0466d9d44190a30ef5cb2,0.052,,,
5528,2026-07-27,SH600346,-0.024225824762343917,EXP_LGBModel_Alpha158_csi300_custom_step0_s_20260727_14,31164e61dee0466d9d44190a30ef5cb2,0.052,,,
5529,2026-07-27,SH600309,-0.052434380656065455,EXP_LGBModel_Alpha158_csi300_custom_step0_s_20260727_14,31164e61dee0466d9d44190a30ef5cb2,0.052,,,
5530,2026-07-27,SH600276,-0.016763748482729896,EXP_LGBModel_Alpha158_csi300_custom_step0_s_20260727_14,31164e61dee0466d9d44190a30ef5cb2,0.052,,,
5531,2026-07-27,SH600436,-0.00783961776582344,EXP_LGBModel_Alpha158_csi300_custom_step0_s_20260727_14,31164e61dee0466d9d44190a30ef5cb2,0.052,,,
5532,2026-07-27,SH600233,-0.00808325707413348,EXP_LGBModel_Alpha158_csi300_custom_step0_s_20260727_14,31164e61dee0466d9d44190a30ef5cb2,0.052,,,
5533,2026-07-27,SH600219,-0.0981724048544457,EXP_LGBModel_Alpha158_csi300_custom_step0_s_20260727_14,31164e61dee0466d9d44190a30ef5cb2,0.052,,,
5534,2026-07-27,SH600196,-0.018615675800817584,EXP_LGBModel_Alpha158_csi300_custom_step0_s_20260727_14,31164e61dee0466d9d44190a30ef5cb2,0.052,,,
5535,2026-07-27,SH600188,-0.001155944732518702,EXP_LGBModel_Alpha158_csi300_custom_step0_s_20260727_14,31164e61dee0466d9d44190a30ef5cb2,0.052,,,
5536,2026-07-27,SH600183,-0.015857880003947014,EXP_LGBModel_Alpha158_csi300_custom_step0_s_20260727_14,31164e61dee0466d9d44190a30ef5cb2,0.052,,,
5537,2026-07-27,SH600176,0.010548322698204417,EXP_LGBModel_Alpha158_csi300_custom_step0_s_20260727_14,31164e61dee0466d9d44190a30ef5cb2,0.052,,,
5538,2026-07-27,SH600160,-0.06956117687946294,EXP_LGBModel_Alpha158_csi300_custom_step0_s_20260727_14,31164e61dee0466d9d44190a30ef5cb2,0.052,,,
5539,2026-07-27,SH600150,-0.00798272517697201,EXP_LGBModel_Alpha158_csi300_custom_step0_s_20260727_14,31164e61dee0466d9d44190a30ef5cb2,0.052,,,
5540,2026-07-27,SH600118,0.00023492129270742158,EXP_LGBModel_Alpha158_csi300_custom_step0_s_20260727_14,31164e61dee0466d9d44190a30ef5cb2,0.052,,,
5541,2026-07-27,SH600221,-0.0019834532458334452,EXP_LGBModel_Alpha158_csi300_custom_step0_s_20260727_14,31164e61dee0466d9d44190a30ef5cb2,0.052,,,
5542,2026-07-27,SH600115,-0.005952418724389638,EXP_LGBModel_Alpha158_csi300_custom_step0_s_20260727_14,31164e61dee0466d9d44190a30ef5cb2,0.052,,,
5543,2026-07-27,SH600438,-0.011930299614306467,EXP_LGBModel_Alpha158_csi300_custom_step0_s_20260727_14,31164e61dee0466d9d44190a30ef5cb2,0.052,,,
5544,2026-07-27,SH600482,-0.02466441776570051,EXP_LGBModel_Alpha158_csi300_custom_step0_s_20260727_14,31164e61dee0466d9d44190a30ef5cb2,0.052,,,
5545,2026-07-27,SH600803,-0.02138376705071666,EXP_LGBModel_Alpha158_csi300_custom_step0_s_20260727_14,31164e61dee0466d9d44190a30ef5cb2,0.052,,,
5546,2026-07-27,SH600795,0.02514362196204256,EXP_LGBModel_Alpha158_csi300_custom_step0_s_20260727_14,31164e61dee0466d9d44190a30ef5cb2,0.052,,,
5547,2026-07-27,SH600760,-0.011885575685513758,EXP_LGBModel_Alpha158_csi300_custom_step0_s_20260727_14,31164e61dee0466d9d44190a30ef5cb2,0.052,,,
5548,2026-07-27,SH600741,0.022820868835573247,EXP_LGBModel_Alpha158_csi300_custom_step0_s_20260727_14,31164e61dee0466d9d44190a30ef5cb2,0.052,,,
5549,2026-07-27,SH600690,0.012782325793832653,EXP_LGBModel_Alpha158_csi300_custom_step0_s_20260727_14,31164e61dee0466d9d44190a30ef5cb2,0.052,,,
5550,2026-07-27,SH600674,0.030060999893002212,EXP_LGBModel_Alpha158_csi300_custom_step0_s_20260727_14,31164e61dee0466d9d44190a30ef5cb2,0.052,,,
5551,2026-07-27,SH600660,0.009056991891115243,EXP_LGBModel_Alpha158_csi300_custom_step0_s_20260727_14,31164e61dee0466d9d44190a30ef5cb2,0.052,,,
5552,2026-07-27,SH600600,0.0046314321545183525,EXP_LGBModel_Alpha158_csi300_custom_step0_s_20260727_14,31164e61dee0466d9d44190a30ef5cb2,0.052,,,
5553,2026-07-27,SH600460,-0.009317645620578976,EXP_LGBModel_Alpha158_csi300_custom_step0_s_20260727_14,31164e61dee0466d9d44190a30ef5cb2,0.052,,,
5554,2026-07-27,SH600588,-0.019120024496114767,EXP_LGBModel_Alpha158_csi300_custom_step0_s_20260727_14,31164e61dee0466d9d44190a30ef5cb2,0.052,,,
5555,2026-07-27,SH600584,-0.07141034499444487,EXP_LGBModel_Alpha158_csi300_custom_step0_s_20260727_14,31164e61dee0466d9d44190a30ef5cb2,0.052,,,
5556,2026-07-27,SH600570,0.0014909534494267009,EXP_LGBModel_Alpha158_csi300_custom_step0_s_20260727_14,31164e61dee0466d9d44190a30ef5cb2,0.052,,,
5557,2026-07-27,SH600549,0.0014277455287185522,EXP_LGBModel_Alpha158_csi300_custom_step0_s_20260727_14,31164e61dee0466d9d44190a30ef5cb2,0.052,,,
5558,2026-07-27,SH600547,-0.06094052678621374,EXP_LGBModel_Alpha158_csi300_custom_step0_s_20260727_14,31164e61dee0466d9d44190a30ef5cb2,0.052,,,
5559,2026-07-27,SH600522,0.004415447180956253,EXP_LGBModel_Alpha158_csi300_custom_step0_s_20260727_14,31164e61dee0466d9d44190a30ef5cb2,0.052,,,
5560,2026-07-27,SH600519,0.015188875861672614,EXP_LGBModel_Alpha158_csi300_custom_step0_s_20260727_14,31164e61dee0466d9d44190a30ef5cb2,0.052,,,
5561,2026-07-27,SH600515,0.01575559451820097,EXP_LGBModel_Alpha158_csi300_custom_step0_s_20260727_14,31164e61dee0466d9d44190a30ef5cb2,0.052,,,
5562,2026-07-27,SH600489,-0.051246650858034426,EXP_LGBModel_Alpha158_csi300_custom_step0_s_20260727_14,31164e61dee0466d9d44190a30ef5cb2,0.052,,,
5563,2026-07-27,SH600585,0.01465918726161796,EXP_LGBModel_Alpha158_csi300_custom_step0_s_20260727_14,31164e61dee0466d9d44190a30ef5cb2,0.052,,,
5564,2026-07-27,SH600111,0.026170183038768592,EXP_LGBModel_Alpha158_csi300_custom_step0_s_20260727_14,31164e61dee0466d9d44190a30ef5cb2,0.052,,,
5565,2026-07-27,SH600104,0.006683289941499993,EXP_LGBModel_Alpha158_csi300_custom_step0_s_20260727_14,31164e61dee0466d9d44190a30ef5cb2,0.052,,,
5566,2026-07-27,SH600089,-0.019724805958521524,EXP_LGBModel_Alpha158_csi300_custom_step0_s_20260727_14,31164e61dee0466d9d44190a30ef5cb2,0.052,,,
5567,2026-07-27,SZ302132,-0.07489470967764153,EXP_LGBModel_Alpha158_csi300_custom_step0_s_20260727_14,3ecc8aabcd1c4c16b9823b9bf64bd05d,0.045,,,
5568,2026-07-27,SZ301308,0.002400586470224609,EXP_LGBModel_Alpha158_csi300_custom_step0_s_20260727_14,3ecc8aabcd1c4c16b9823b9bf64bd05d,0.045,,,
5569,2026-07-27,SZ301269,-0.02949934313355751,EXP_LGBModel_Alpha158_csi300_custom_step0_s_20260727_14,3ecc8aabcd1c4c16b9823b9bf64bd05d,0.045,,,
5570,2026-07-27,SZ301236,-0.09985661360047361,EXP_LGBModel_Alpha158_csi300_custom_step0_s_20260727_14,3ecc8aabcd1c4c16b9823b9bf64bd05d,0.045,,,
5571,2026-07-27,SZ301165,-0.24606457413235702,EXP_LGBModel_Alpha158_csi300_custom_step0_s_20260727_14,3ecc8aabcd1c4c16b9823b9bf64bd05d,0.045,,,
5572,2026-07-27,SZ300999,-0.03197731251499793,EXP_LGBModel_Alpha158_csi300_custom_step0_s_20260727_14,3ecc8aabcd1c4c16b9823b9bf64bd05d,0.045,,,
5573,2026-07-27,SZ300896,-0.08624899067858434,EXP_LGBModel_Alpha158_csi300_custom_step0_s_20260727_14,3ecc8aabcd1c4c16b9823b9bf64bd05d,0.045,,,
5574,2026-07-27,SZ300866,-0.09897585583213073,EXP_LGBModel_Alpha158_csi300_custom_step0_s_20260727_14,3ecc8aabcd1c4c16b9823b9bf64bd05d,0.045,,,
5575,2026-07-27,SH600000,0.01378394451200617,EXP_LGBModel_Alpha158_csi300_custom_step0_s_20260727_14,31164e61dee0466d9d44190a30ef5cb2,0.052,,,
5576,2026-07-27,SZ300832,0.02005832662713815,EXP_LGBModel_Alpha158_csi300_custom_step0_s_20260727_14,3ecc8aabcd1c4c16b9823b9bf64bd05d,0.045,,,
5577,2026-07-27,SZ300760,-0.00533703088614333,EXP_LGBModel_Alpha158_csi300_custom_step0_s_20260727_14,3ecc8aabcd1c4c16b9823b9bf64bd05d,0.045,,,
5578,2026-07-27,SZ300750,0.0029926020715555783,EXP_LGBModel_Alpha158_csi300_custom_step0_s_20260727_14,3ecc8aabcd1c4c16b9823b9bf64bd05d,0.045,,,
5579,2026-07-27,SZ300661,0.002681955073756342,EXP_LGBModel_Alpha158_csi300_custom_step0_s_20260727_14,3ecc8aabcd1c4c16b9823b9bf64bd05d,0.045,,,
5580,2026-07-27,SZ300628,-0.028933792262190058,EXP_LGBModel_Alpha158_csi300_custom_step0_s_20260727_14,3ecc8aabcd1c4c16b9823b9bf64bd05d,0.045,,,
5581,2026-07-27,SZ300502,-0.034513605388401945,EXP_LGBModel_Alpha158_csi300_custom_step0_s_20260727_14,3ecc8aabcd1c4c16b9823b9bf64bd05d,0.045,,,
5582,2026-07-27,SZ300498,-0.007900806733145844,EXP_LGBModel_Alpha158_csi300_custom_step0_s_20260727_14,3ecc8aabcd1c4c16b9823b9bf64bd05d,0.045,,,
5583,2026-07-27,SZ300476,0.00811593257629625,EXP_LGBModel_Alpha158_csi300_custom_step0_s_20260727_14,3ecc8aabcd1c4c16b9823b9bf64bd05d,0.045,,,
5584,2026-07-27,SZ300450,0.019606579461495504,EXP_LGBModel_Alpha158_csi300_custom_step0_s_20260727_14,3ecc8aabcd1c4c16b9823b9bf64bd05d,0.045,,,
5585,2026-07-27,SZ300803,-0.07078522722851736,EXP_LGBModel_Alpha158_csi300_custom_step0_s_20260727_14,3ecc8aabcd1c4c16b9823b9bf64bd05d,0.045,,,
5586,2026-07-27,SH600009,0.025965702010309753,EXP_LGBModel_Alpha158_csi300_custom_step0_s_20260727_14,31164e61dee0466d9d44190a30ef5cb2,0.052,,,
5587,2026-07-27,SH600010,-0.0035707951524905674,EXP_LGBModel_Alpha158_csi300_custom_step0_s_20260727_14,31164e61dee0466d9d44190a30ef5cb2,0.052,,,
5588,2026-07-27,SH600011,-0.009514480152651997,EXP_LGBModel_Alpha158_csi300_custom_step0_s_20260727_14,31164e61dee0466d9d44190a30ef5cb2,0.052,,,
5589,2026-07-27,SH600085,0.004918762829222718,EXP_LGBModel_Alpha158_csi300_custom_step0_s_20260727_14,31164e61dee0466d9d44190a30ef5cb2,0.052,,,
5590,2026-07-27,SH600066,-0.05750292951576965,EXP_LGBModel_Alpha158_csi300_custom_step0_s_20260727_14,31164e61dee0466d9d44190a30ef5cb2,0.052,,,
5591,2026-07-27,SH600061,0.010103210289456821,EXP_LGBModel_Alpha158_csi300_custom_step0_s_20260727_14,31164e61dee0466d9d44190a30ef5cb2,0.052,,,
5592,2026-07-27,SH600050,0.013701254998898784,EXP_LGBModel_Alpha158_csi300_custom_step0_s_20260727_14,31164e61dee0466d9d44190a30ef5cb2,0.052,,,
5593,2026-07-27,SH600048,0.011153997422946545,EXP_LGBModel_Alpha158_csi300_custom_step0_s_20260727_14,31164e61dee0466d9d44190a30ef5cb2,0.052,,,
5594,2026-07-27,SH600039,0.02408021159268388,EXP_LGBModel_Alpha158_csi300_custom_step0_s_20260727_14,31164e61dee0466d9d44190a30ef5cb2,0.052,,,
5595,2026-07-27,SH600036,0.008154753320168469,EXP_LGBModel_Alpha158_csi300_custom_step0_s_20260727_14,31164e61dee0466d9d44190a30ef5cb2,0.052,,,
5596,2026-07-27,SH600031,0.0204352353355217,EXP_LGBModel_Alpha158_csi300_custom_step0_s_20260727_14,31164e61dee0466d9d44190a30ef5cb2,0.052,,,
5597,2026-07-27,SH600030,-0.011764783101884039,EXP_LGBModel_Alpha158_csi300_custom_step0_s_20260727_14,31164e61dee0466d9d44190a30ef5cb2,0.052,,,
5598,2026-07-27,SH600029,0.007920991010996234,EXP_LGBModel_Alpha158_csi300_custom_step0_s_20260727_14,31164e61dee0466d9d44190a30ef5cb2,0.052,,,
5599,2026-07-27,SH600028,0.014056572001310318,EXP_LGBModel_Alpha158_csi300_custom_step0_s_20260727_14,31164e61dee0466d9d44190a30ef5cb2,0.052,,,
5600,2026-07-27,SH600027,0.014786523930527186,EXP_LGBModel_Alpha158_csi300_custom_step0_s_20260727_14,31164e61dee0466d9d44190a30ef5cb2,0.052,,,
5601,2026-07-27,SH600026,-0.001246187521641783,EXP_LGBModel_Alpha158_csi300_custom_step0_s_20260727_14,31164e61dee0466d9d44190a30ef5cb2,0.052,,,
5602,2026-07-27,SH600025,0.03398706595200603,EXP_LGBModel_Alpha158_csi300_custom_step0_s_20260727_14,31164e61dee0466d9d44190a30ef5cb2,0.052,,,
5603,2026-07-27,SH600023,0.005203887216713295,EXP_LGBModel_Alpha158_csi300_custom_step0_s_20260727_14,31164e61dee0466d9d44190a30ef5cb2,0.052,,,
5604,2026-07-27,SH600019,-0.0038549781317273398,EXP_LGBModel_Alpha158_csi300_custom_step0_s_20260727_14,31164e61dee0466d9d44190a30ef5cb2,0.052,,,
5605,2026-07-27,SH600018,0.015124252278032225,EXP_LGBModel_Alpha158_csi300_custom_step0_s_20260727_14,31164e61dee0466d9d44190a30ef5cb2,0.052,,,
5606,2026-07-27,SH600016,0.01932361348888984,EXP_LGBModel_Alpha158_csi300_custom_step0_s_20260727_14,31164e61dee0466d9d44190a30ef5cb2,0.052,,,
5607,2026-07-27,SH600015,0.013191922792011847,EXP_LGBModel_Alpha158_csi300_custom_step0_s_20260727_14,31164e61dee0466d9d44190a30ef5cb2,0.052,,,
5608,2026-07-27,SH600809,-0.025535034084855003,EXP_LGBModel_Alpha158_csi300_custom_step0_s_20260727_14,31164e61dee0466d9d44190a30ef5cb2,0.052,,,
5609,2026-07-27,SH600845,-0.0160853668605042,EXP_LGBModel_Alpha158_csi300_custom_step0_s_20260727_14,31164e61dee0466d9d44190a30ef5cb2,0.052,,,
5610,2026-07-27,SH600875,-0.02044999180957509,EXP_LGBModel_Alpha158_csi300_custom_step0_s_20260727_14,31164e61dee0466d9d44190a30ef5cb2,0.052,,,
5611,2026-07-27,SH600886,0.03137798193263895,EXP_LGBModel_Alpha158_csi300_custom_step0_s_20260727_14,31164e61dee0466d9d44190a30ef5cb2,0.052,,,
5612,2026-07-27,SH601800,0.009889994662279994,EXP_LGBModel_Alpha158_csi300_custom_step0_s_20260727_14,31164e61dee0466d9d44190a30ef5cb2,0.052,,,
5613,2026-07-27,SH601788,0.03673432061091155,EXP_LGBModel_Alpha158_csi300_custom_step0_s_20260727_14,31164e61dee0466d9d44190a30ef5cb2,0.052,,,
5614,2026-07-27,SH601766,0.021175936911722655,EXP_LGBModel_Alpha158_csi300_custom_step0_s_20260727_14,31164e61dee0466d9d44190a30ef5cb2,0.052,,,
5615,2026-07-27,SH601728,-0.0061320191168440395,EXP_LGBModel_Alpha158_csi300_custom_step0_s_20260727_14,31164e61dee0466d9d44190a30ef5cb2,0.052,,,
5616,2026-07-27,SH601727,-0.015150935779389205,EXP_LGBModel_Alpha158_csi300_custom_step0_s_20260727_14,31164e61dee0466d9d44190a30ef5cb2,0.052,,,
5617,2026-07-27,SH601698,-0.014144143669076683,EXP_LGBModel_Alpha158_csi300_custom_step0_s_20260727_14,31164e61dee0466d9d44190a30ef5cb2,0.052,,,
5618,2026-07-27,SH601689,-0.019301194743626834,EXP_LGBModel_Alpha158_csi300_custom_step0_s_20260727_14,31164e61dee0466d9d44190a30ef5cb2,0.052,,,
5619,2026-07-27,SH601688,-0.01071558876063537,EXP_LGBModel_Alpha158_csi300_custom_step0_s_20260727_14,31164e61dee0466d9d44190a30ef5cb2,0.052,,,
5620,2026-07-27,SH601816,0.023874491550122542,EXP_LGBModel_Alpha158_csi300_custom_step0_s_20260727_14,31164e61dee0466d9d44190a30ef5cb2,0.052,,,
5621,2026-07-27,SH601669,0.0024888004440307343,EXP_LGBModel_Alpha158_csi300_custom_step0_s_20260727_14,31164e61dee0466d9d44190a30ef5cb2,0.052,,,
5622,2026-07-27,SH601658,0.029754634140914858,EXP_LGBModel_Alpha158_csi300_custom_step0_s_20260727_14,31164e61dee0466d9d44190a30ef5cb2,0.052,,,
5623,2026-07-27,SH601633,-0.013635116940747306,EXP_LGBModel_Alpha158_csi300_custom_step0_s_20260727_14,31164e61dee0466d9d44190a30ef5cb2,0.052,,,
5624,2026-07-27,SH601628,-0.0037424197113314294,EXP_LGBModel_Alpha158_csi300_custom_step0_s_20260727_14,31164e61dee0466d9d44190a30ef5cb2,0.052,,,
5625,2026-07-27,SH601618,0.00862347677884878,EXP_LGBModel_Alpha158_csi300_custom_step0_s_20260727_14,31164e61dee0466d9d44190a30ef5cb2,0.052,,,
5626,2026-07-27,SH601607,0.011052854258109885,EXP_LGBModel_Alpha158_csi300_custom_step0_s_20260727_14,31164e61dee0466d9d44190a30ef5cb2,0.052,,,
5627,2026-07-27,SH601601,4.851004081473562e-05,EXP_LGBModel_Alpha158_csi300_custom_step0_s_20260727_14,31164e61dee0466d9d44190a30ef5cb2,0.052,,,
5628,2026-07-27,SH601600,-0.030551630019083214,EXP_LGBModel_Alpha158_csi300_custom_step0_s_20260727_14,31164e61dee0466d9d44190a30ef5cb2,0.052,,,
5629,2026-07-27,SH601456,0.01190814616700058,EXP_LGBModel_Alpha158_csi300_custom_step0_s_20260727_14,31164e61dee0466d9d44190a30ef5cb2,0.052,,,
5630,2026-07-27,SH601668,0.03499287537689133,EXP_LGBModel_Alpha158_csi300_custom_step0_s_20260727_14,31164e61dee0466d9d44190a30ef5cb2,0.052,,,
5631,2026-07-27,SH601818,0.01803961935732208,EXP_LGBModel_Alpha158_csi300_custom_step0_s_20260727_14,31164e61dee0466d9d44190a30ef5cb2,0.052,,,
5632,2026-07-27,SH601825,-0.03442643802488499,EXP_LGBModel_Alpha158_csi300_custom_step0_s_20260727_14,31164e61dee0466d9d44190a30ef5cb2,0.052,,,
5633,2026-07-27,SH601838,0.03023891839239899,EXP_LGBModel_Alpha158_csi300_custom_step0_s_20260727_14,31164e61dee0466d9d44190a30ef5cb2,0.052,,,
5634,2026-07-27,SH603259,-0.0638398686623744,EXP_LGBModel_Alpha158_csi300_custom_step0_s_20260727_14,31164e61dee0466d9d44190a30ef5cb2,0.052,,,
5635,2026-07-27,SH603019,-0.10112875729277261,EXP_LGBModel_Alpha158_csi300_custom_step0_s_20260727_14,31164e61dee0466d9d44190a30ef5cb2,0.052,,,
5636,2026-07-27,SH601998,-0.00010011498703715502,EXP_LGBModel_Alpha158_csi300_custom_step0_s_20260727_14,31164e61dee0466d9d44190a30ef5cb2,0.052,,,
5637,2026-07-27,SH601995,-0.06724904005996327,EXP_LGBModel_Alpha158_csi300_custom_step0_s_20260727_14,31164e61dee0466d9d44190a30ef5cb2,0.052,,,
5638,2026-07-27,SH601988,0.018753801358299786,EXP_LGBModel_Alpha158_csi300_custom_step0_s_20260727_14,31164e61dee0466d9d44190a30ef5cb2,0.052,,,
5639,2026-07-27,SH601985,0.040443433800775364,EXP_LGBModel_Alpha158_csi300_custom_step0_s_20260727_14,31164e61dee0466d9d44190a30ef5cb2,0.052,,,
5640,2026-07-27,SH601939,0.01291731279392014,EXP_LGBModel_Alpha158_csi300_custom_step0_s_20260727_14,31164e61dee0466d9d44190a30ef5cb2,0.052,,,
5641,2026-07-27,SH601919,0.00493219113321529,EXP_LGBModel_Alpha158_csi300_custom_step0_s_20260727_14,31164e61dee0466d9d44190a30ef5cb2,0.052,,,
5642,2026-07-27,SH601916,0.019540143384735413,EXP_LGBModel_Alpha158_csi300_custom_step0_s_20260727_14,31164e61dee0466d9d44190a30ef5cb2,0.052,,,
5643,2026-07-27,SH601901,-0.00993332796529697,EXP_LGBModel_Alpha158_csi300_custom_step0_s_20260727_14,31164e61dee0466d9d44190a30ef5cb2,0.052,,,
5644,2026-07-27,SH601899,-0.07390009608946416,EXP_LGBModel_Alpha158_csi300_custom_step0_s_20260727_14,31164e61dee0466d9d44190a30ef5cb2,0.052,,,
5645,2026-07-27,SH601898,-0.10436330193739024,EXP_LGBModel_Alpha158_csi300_custom_step0_s_20260727_14,31164e61dee0466d9d44190a30ef5cb2,0.052,,,
5646,2026-07-27,SH601888,-0.0537645801756657,EXP_LGBModel_Alpha158_csi300_custom_step0_s_20260727_14,31164e61dee0466d9d44190a30ef5cb2,0.052,,,
5647,2026-07-27,SH601881,-0.01737462523115705,EXP_LGBModel_Alpha158_csi300_custom_step0_s_20260727_14,31164e61dee0466d9d44190a30ef5cb2,0.052,,,
5648,2026-07-27,SH601878,0.0012593767461238489,EXP_LGBModel_Alpha158_csi300_custom_step0_s_20260727_14,31164e61dee0466d9d44190a30ef5cb2,0.052,,,
5649,2026-07-27,SH601877,-0.005973272773054241,EXP_LGBModel_Alpha158_csi300_custom_step0_s_20260727_14,31164e61dee0466d9d44190a30ef5cb2,0.052,,,
5650,2026-07-27,SH601872,-0.020591462013959276,EXP_LGBModel_Alpha158_csi300_custom_step0_s_20260727_14,31164e61dee0466d9d44190a30ef5cb2,0.052,,,
5651,2026-07-27,SH601868,-0.008237206825766286,EXP_LGBModel_Alpha158_csi300_custom_step0_s_20260727_14,31164e61dee0466d9d44190a30ef5cb2,0.052,,,
5652,2026-07-27,SH601857,-0.0950061350141254,EXP_LGBModel_Alpha158_csi300_custom_step0_s_20260727_14,31164e61dee0466d9d44190a30ef5cb2,0.052,,,
5653,2026-07-27,SH601398,0.022459319060155643,EXP_LGBModel_Alpha158_csi300_custom_step0_s_20260727_14,31164e61dee0466d9d44190a30ef5cb2,0.052,,,
5654,2026-07-27,SH600233,-0.020347441905936698,EXP_LGBModel_Alpha158_csi300_custom_step0_s_20260727_14,1608e393f6b54bd4920c926151dbadf2,0.061,,,
5655,2026-07-27,SH601390,0.01115692009197532,EXP_LGBModel_Alpha158_csi300_custom_step0_s_20260727_14,31164e61dee0466d9d44190a30ef5cb2,0.052,,,
5656,2026-07-27,SH601360,-0.030748724504967455,EXP_LGBModel_Alpha158_csi300_custom_step0_s_20260727_14,31164e61dee0466d9d44190a30ef5cb2,0.052,,,
5657,2026-07-27,SH601021,0.04114546143719159,EXP_LGBModel_Alpha158_csi300_custom_step0_s_20260727_14,31164e61dee0466d9d44190a30ef5cb2,0.052,,,
5658,2026-07-27,SH601018,0.011531665087394028,EXP_LGBModel_Alpha158_csi300_custom_step0_s_20260727_14,31164e61dee0466d9d44190a30ef5cb2,0.052,,,
5659,2026-07-27,SH601012,-0.06057970216759982,EXP_LGBModel_Alpha158_csi300_custom_step0_s_20260727_14,31164e61dee0466d9d44190a30ef5cb2,0.052,,,
5660,2026-07-27,SH601009,0.012302455505593446,EXP_LGBModel_Alpha158_csi300_custom_step0_s_20260727_14,31164e61dee0466d9d44190a30ef5cb2,0.052,,,
5661,2026-07-27,SH601006,0.012749446554043482,EXP_LGBModel_Alpha158_csi300_custom_step0_s_20260727_14,31164e61dee0466d9d44190a30ef5cb2,0.052,,,
5662,2026-07-27,SH600999,-0.08051833091831913,EXP_LGBModel_Alpha158_csi300_custom_step0_s_20260727_14,31164e61dee0466d9d44190a30ef5cb2,0.052,,,
5663,2026-07-27,SH600989,-0.09902728076868607,EXP_LGBModel_Alpha158_csi300_custom_step0_s_20260727_14,31164e61dee0466d9d44190a30ef5cb2,0.052,,,
5664,2026-07-27,SH600958,0.005818302799547137,EXP_LGBModel_Alpha158_csi300_custom_step0_s_20260727_14,31164e61dee0466d9d44190a30ef5cb2,0.052,,,
5665,2026-07-27,SH601058,-0.030689571443287204,EXP_LGBModel_Alpha158_csi300_custom_step0_s_20260727_14,31164e61dee0466d9d44190a30ef5cb2,0.052,,,
5666,2026-07-27,SH600941,0.025460987896597148,EXP_LGBModel_Alpha158_csi300_custom_step0_s_20260727_14,31164e61dee0466d9d44190a30ef5cb2,0.052,,,
5667,2026-07-27,SH600930,0.0035660751519083957,EXP_LGBModel_Alpha158_csi300_custom_step0_s_20260727_14,31164e61dee0466d9d44190a30ef5cb2,0.052,,,
5668,2026-07-27,SH600926,0.010153000782910482,EXP_LGBModel_Alpha158_csi300_custom_step0_s_20260727_14,31164e61dee0466d9d44190a30ef5cb2,0.052,,,
5669,2026-07-27,SH600919,0.02957508302568075,EXP_LGBModel_Alpha158_csi300_custom_step0_s_20260727_14,31164e61dee0466d9d44190a30ef5cb2,0.052,,,
5670,2026-07-27,SH600918,0.0005450457068018528,EXP_LGBModel_Alpha158_csi300_custom_step0_s_20260727_14,31164e61dee0466d9d44190a30ef5cb2,0.052,,,
5671,2026-07-27,SH600905,0.019659815254345892,EXP_LGBModel_Alpha158_csi300_custom_step0_s_20260727_14,31164e61dee0466d9d44190a30ef5cb2,0.052,,,
5672,2026-07-27,SH600900,0.030493087834509262,EXP_LGBModel_Alpha158_csi300_custom_step0_s_20260727_14,31164e61dee0466d9d44190a30ef5cb2,0.052,,,
5673,2026-07-27,SH600893,-0.00558773693176695,EXP_LGBModel_Alpha158_csi300_custom_step0_s_20260727_14,31164e61dee0466d9d44190a30ef5cb2,0.052,,,
5674,2026-07-27,SH600887,0.04580306430224127,EXP_LGBModel_Alpha158_csi300_custom_step0_s_20260727_14,31164e61dee0466d9d44190a30ef5cb2,0.052,,,
5675,2026-07-27,SH600938,-0.10313740394741525,EXP_LGBModel_Alpha158_csi300_custom_step0_s_20260727_14,31164e61dee0466d9d44190a30ef5cb2,0.052,,,
5676,2026-07-27,SH601059,0.009857776485609863,EXP_LGBModel_Alpha158_csi300_custom_step0_s_20260727_14,31164e61dee0466d9d44190a30ef5cb2,0.052,,,
5677,2026-07-27,SH601066,-0.05527831542489647,EXP_LGBModel_Alpha158_csi300_custom_step0_s_20260727_14,31164e61dee0466d9d44190a30ef5cb2,0.052,,,
5678,2026-07-27,SH601077,0.01709984486133745,EXP_LGBModel_Alpha158_csi300_custom_step0_s_20260727_14,31164e61dee0466d9d44190a30ef5cb2,0.052,,,
5679,2026-07-27,SH601336,-0.03291734446443614,EXP_LGBModel_Alpha158_csi300_custom_step0_s_20260727_14,31164e61dee0466d9d44190a30ef5cb2,0.052,,,
5680,2026-07-27,SH601328,0.021935939233738197,EXP_LGBModel_Alpha158_csi300_custom_step0_s_20260727_14,31164e61dee0466d9d44190a30ef5cb2,0.052,,,
5681,2026-07-27,SH601319,-0.0004875249309453065,EXP_LGBModel_Alpha158_csi300_custom_step0_s_20260727_14,31164e61dee0466d9d44190a30ef5cb2,0.052,,,
5682,2026-07-27,SH601318,0.01620063553904987,EXP_LGBModel_Alpha158_csi300_custom_step0_s_20260727_14,31164e61dee0466d9d44190a30ef5cb2,0.052,,,
5683,2026-07-27,SH601288,0.015173819383698035,EXP_LGBModel_Alpha158_csi300_custom_step0_s_20260727_14,31164e61dee0466d9d44190a30ef5cb2,0.052,,,
5684,2026-07-27,SH601238,-0.004431697841329188,EXP_LGBModel_Alpha158_csi300_custom_step0_s_20260727_14,31164e61dee0466d9d44190a30ef5cb2,0.052,,,
5685,2026-07-27,SH601229,0.04317777994143616,EXP_LGBModel_Alpha158_csi300_custom_step0_s_20260727_14,31164e61dee0466d9d44190a30ef5cb2,0.052,,,
5686,2026-07-27,SH601225,-0.03524162540129071,EXP_LGBModel_Alpha158_csi300_custom_step0_s_20260727_14,31164e61dee0466d9d44190a30ef5cb2,0.052,,,
5687,2026-07-27,SH601211,-0.030683526696338947,EXP_LGBModel_Alpha158_csi300_custom_step0_s_20260727_14,31164e61dee0466d9d44190a30ef5cb2,0.052,,,
5688,2026-07-27,SH601186,0.030841020106828536,EXP_LGBModel_Alpha158_csi300_custom_step0_s_20260727_14,31164e61dee0466d9d44190a30ef5cb2,0.052,,,
5689,2026-07-27,SH601169,0.021433116502259743,EXP_LGBModel_Alpha158_csi300_custom_step0_s_20260727_14,31164e61dee0466d9d44190a30ef5cb2,0.052,,,
5690,2026-07-27,SH601166,0.01776247115111597,EXP_LGBModel_Alpha158_csi300_custom_step0_s_20260727_14,31164e61dee0466d9d44190a30ef5cb2,0.052,,,
5691,2026-07-27,SH601138,-0.020232608546181446,EXP_LGBModel_Alpha158_csi300_custom_step0_s_20260727_14,31164e61dee0466d9d44190a30ef5cb2,0.052,,,
5692,2026-07-27,SH601136,-0.026068232588333295,EXP_LGBModel_Alpha158_csi300_custom_step0_s_20260727_14,31164e61dee0466d9d44190a30ef5cb2,0.052,,,
5693,2026-07-27,SH601127,-0.00014332763509401314,EXP_LGBModel_Alpha158_csi300_custom_step0_s_20260727_14,31164e61dee0466d9d44190a30ef5cb2,0.052,,,
5694,2026-07-27,SH601117,-0.0057851193633218926,EXP_LGBModel_Alpha158_csi300_custom_step0_s_20260727_14,31164e61dee0466d9d44190a30ef5cb2,0.052,,,
5695,2026-07-27,SH601111,-0.00023748692519005003,EXP_LGBModel_Alpha158_csi300_custom_step0_s_20260727_14,31164e61dee0466d9d44190a30ef5cb2,0.052,,,
5696,2026-07-27,SH601100,-0.01343612242630564,EXP_LGBModel_Alpha158_csi300_custom_step0_s_20260727_14,31164e61dee0466d9d44190a30ef5cb2,0.052,,,
5697,2026-07-27,SH601088,0.01879392854309004,EXP_LGBModel_Alpha158_csi300_custom_step0_s_20260727_14,31164e61dee0466d9d44190a30ef5cb2,0.052,,,
5698,2026-07-27,SH601377,0.018306034781756995,EXP_LGBModel_Alpha158_csi300_custom_step0_s_20260727_14,31164e61dee0466d9d44190a30ef5cb2,0.052,,,
5699,2026-07-27,SZ302132,-0.16703678667545319,EXP_XGBModel_Alpha158_csi300_custom_step0_s_20260727_14,7e3f17c37ff346eabb3256edd3dbc50f,0.03,,,
