,datetime,instrument,score,exp_name,rid,weight,real_label,error,abs_error
0,2026-08-03,SH600000,-0.04145758337383582,EXP_CatBoostModel_Alpha158_csi300_custom_step0_s_20260803_14,50b91b074aac4ae998a899121b7ff5de,0.061,,,
1,2026-08-03,SZ000617,-0.038507360965013504,EXP_LinearModel_Alpha158_csi300_custom_step0_s_20260803_14,23f715c0e1f946fa98a99475ae8b37cc,0.035,,,
2,2026-08-03,SZ000596,-0.08789299428462982,EXP_LinearModel_Alpha158_csi300_custom_step0_s_20260803_14,23f715c0e1f946fa98a99475ae8b37cc,0.035,,,
3,2026-08-03,SZ000568,-0.047004204243421555,EXP_LinearModel_Alpha158_csi300_custom_step0_s_20260803_14,23f715c0e1f946fa98a99475ae8b37cc,0.035,,,
4,2026-08-03,SZ000538,0.055669330060482025,EXP_LinearModel_Alpha158_csi300_custom_step0_s_20260803_14,23f715c0e1f946fa98a99475ae8b37cc,0.035,,,
5,2026-08-03,SZ000425,-0.003771095536649227,EXP_LinearModel_Alpha158_csi300_custom_step0_s_20260803_14,23f715c0e1f946fa98a99475ae8b37cc,0.035,,,
6,2026-08-03,SZ000408,-0.0479578897356987,EXP_LinearModel_Alpha158_csi300_custom_step0_s_20260803_14,23f715c0e1f946fa98a99475ae8b37cc,0.035,,,
7,2026-08-03,SZ000625,-0.007465994451195002,EXP_LinearModel_Alpha158_csi300_custom_step0_s_20260803_14,23f715c0e1f946fa98a99475ae8b37cc,0.035,,,
8,2026-08-03,SZ000338,0.1503017693758011,EXP_LinearModel_Alpha158_csi300_custom_step0_s_20260803_14,23f715c0e1f946fa98a99475ae8b37cc,0.035,,,
9,2026-08-03,SZ000301,-0.12865503132343292,EXP_LinearModel_Alpha158_csi300_custom_step0_s_20260803_14,23f715c0e1f946fa98a99475ae8b37cc,0.035,,,
10,2026-08-03,SZ000166,-0.003501466941088438,EXP_LinearModel_Alpha158_csi300_custom_step0_s_20260803_14,23f715c0e1f946fa98a99475ae8b37cc,0.035,,,
11,2026-08-03,SZ000157,0.044125914573669434,EXP_LinearModel_Alpha158_csi300_custom_step0_s_20260803_14,23f715c0e1f946fa98a99475ae8b37cc,0.035,,,
12,2026-08-03,SZ000100,-0.03385305032134056,EXP_LinearModel_Alpha158_csi300_custom_step0_s_20260803_14,23f715c0e1f946fa98a99475ae8b37cc,0.035,,,
13,2026-08-03,SZ000063,-0.08861767500638962,EXP_LinearModel_Alpha158_csi300_custom_step0_s_20260803_14,23f715c0e1f946fa98a99475ae8b37cc,0.035,,,
14,2026-08-03,SZ000002,-0.15579482913017273,EXP_LinearModel_Alpha158_csi300_custom_step0_s_20260803_14,23f715c0e1f946fa98a99475ae8b37cc,0.035,,,
15,2026-08-03,SZ000333,0.03846414014697075,EXP_LinearModel_Alpha158_csi300_custom_step0_s_20260803_14,23f715c0e1f946fa98a99475ae8b37cc,0.035,,,
16,2026-08-03,SZ000630,-0.001993224024772644,EXP_LinearModel_Alpha158_csi300_custom_step0_s_20260803_14,23f715c0e1f946fa98a99475ae8b37cc,0.035,,,
17,2026-08-03,SZ000651,0.019217565655708313,EXP_LinearModel_Alpha158_csi300_custom_step0_s_20260803_14,23f715c0e1f946fa98a99475ae8b37cc,0.035,,,
18,2026-08-03,SZ000657,0.3889070749282837,EXP_LinearModel_Alpha158_csi300_custom_step0_s_20260803_14,23f715c0e1f946fa98a99475ae8b37cc,0.035,,,
19,2026-08-03,SZ001280,0.0832260400056839,EXP_LinearModel_Alpha158_csi300_custom_step0_s_20260803_14,23f715c0e1f946fa98a99475ae8b37cc,0.035,,,
20,2026-08-03,SZ000999,0.031698476523160934,EXP_LinearModel_Alpha158_csi300_custom_step0_s_20260803_14,23f715c0e1f946fa98a99475ae8b37cc,0.035,,,
21,2026-08-03,SZ000988,0.440225213766098,EXP_LinearModel_Alpha158_csi300_custom_step0_s_20260803_14,23f715c0e1f946fa98a99475ae8b37cc,0.035,,,
22,2026-08-03,SZ000977,-0.0021273531019687653,EXP_LinearModel_Alpha158_csi300_custom_step0_s_20260803_14,23f715c0e1f946fa98a99475ae8b37cc,0.035,,,
23,2026-08-03,SZ000975,-0.061177339404821396,EXP_LinearModel_Alpha158_csi300_custom_step0_s_20260803_14,23f715c0e1f946fa98a99475ae8b37cc,0.035,,,
24,2026-08-03,SZ000963,-0.05381321907043457,EXP_LinearModel_Alpha158_csi300_custom_step0_s_20260803_14,23f715c0e1f946fa98a99475ae8b37cc,0.035,,,
25,2026-08-03,SZ000938,0.12422484159469604,EXP_LinearModel_Alpha158_csi300_custom_step0_s_20260803_14,23f715c0e1f946fa98a99475ae8b37cc,0.035,,,
26,2026-08-03,SZ000895,-0.00013189413584768772,EXP_LinearModel_Alpha158_csi300_custom_step0_s_20260803_14,23f715c0e1f946fa98a99475ae8b37cc,0.035,,,
27,2026-08-03,SZ000858,-0.052595578134059906,EXP_LinearModel_Alpha158_csi300_custom_step0_s_20260803_14,23f715c0e1f946fa98a99475ae8b37cc,0.035,,,
28,2026-08-03,SZ000807,-0.037352751940488815,EXP_LinearModel_Alpha158_csi300_custom_step0_s_20260803_14,23f715c0e1f946fa98a99475ae8b37cc,0.035,,,
29,2026-08-03,SZ000792,-0.06732317805290222,EXP_LinearModel_Alpha158_csi300_custom_step0_s_20260803_14,23f715c0e1f946fa98a99475ae8b37cc,0.035,,,
30,2026-08-03,SZ000776,-0.014379311352968216,EXP_LinearModel_Alpha158_csi300_custom_step0_s_20260803_14,23f715c0e1f946fa98a99475ae8b37cc,0.035,,,
31,2026-08-03,SZ000768,0.056994594633579254,EXP_LinearModel_Alpha158_csi300_custom_step0_s_20260803_14,23f715c0e1f946fa98a99475ae8b37cc,0.035,,,
32,2026-08-03,SZ000725,0.02933265082538128,EXP_LinearModel_Alpha158_csi300_custom_step0_s_20260803_14,23f715c0e1f946fa98a99475ae8b37cc,0.035,,,
33,2026-08-03,SZ000708,0.05363718792796135,EXP_LinearModel_Alpha158_csi300_custom_step0_s_20260803_14,23f715c0e1f946fa98a99475ae8b37cc,0.035,,,
34,2026-08-03,SZ000001,0.03271520882844925,EXP_LinearModel_Alpha158_csi300_custom_step0_s_20260803_14,23f715c0e1f946fa98a99475ae8b37cc,0.035,,,
35,2026-08-03,SH688981,0.0940428078174591,EXP_LinearModel_Alpha158_csi300_custom_step0_s_20260803_14,23f715c0e1f946fa98a99475ae8b37cc,0.035,,,
36,2026-08-03,SH688521,0.2010594755411148,EXP_LinearModel_Alpha158_csi300_custom_step0_s_20260803_14,23f715c0e1f946fa98a99475ae8b37cc,0.035,,,
37,2026-08-03,SH688506,-0.17829617857933044,EXP_LinearModel_Alpha158_csi300_custom_step0_s_20260803_14,23f715c0e1f946fa98a99475ae8b37cc,0.035,,,
38,2026-08-03,SH603993,-0.0448809452354908,EXP_LinearModel_Alpha158_csi300_custom_step0_s_20260803_14,23f715c0e1f946fa98a99475ae8b37cc,0.035,,,
39,2026-08-03,SH603986,0.36121824383735657,EXP_LinearModel_Alpha158_csi300_custom_step0_s_20260803_14,23f715c0e1f946fa98a99475ae8b37cc,0.035,,,
40,2026-08-03,SH603893,0.0706389844417572,EXP_LinearModel_Alpha158_csi300_custom_step0_s_20260803_14,23f715c0e1f946fa98a99475ae8b37cc,0.035,,,
41,2026-08-03,SH603799,0.02369512990117073,EXP_LinearModel_Alpha158_csi300_custom_step0_s_20260803_14,23f715c0e1f946fa98a99475ae8b37cc,0.035,,,
42,2026-08-03,SH603501,0.017039921134710312,EXP_LinearModel_Alpha158_csi300_custom_step0_s_20260803_14,23f715c0e1f946fa98a99475ae8b37cc,0.035,,,
43,2026-08-03,SH603392,-0.07931935787200928,EXP_LinearModel_Alpha158_csi300_custom_step0_s_20260803_14,23f715c0e1f946fa98a99475ae8b37cc,0.035,,,
44,2026-08-03,SH603369,-0.04114697873592377,EXP_LinearModel_Alpha158_csi300_custom_step0_s_20260803_14,23f715c0e1f946fa98a99475ae8b37cc,0.035,,,
45,2026-08-03,SH603296,0.060601942241191864,EXP_LinearModel_Alpha158_csi300_custom_step0_s_20260803_14,23f715c0e1f946fa98a99475ae8b37cc,0.035,,,
46,2026-08-03,SH603288,0.00445337500423193,EXP_LinearModel_Alpha158_csi300_custom_step0_s_20260803_14,23f715c0e1f946fa98a99475ae8b37cc,0.035,,,
47,2026-08-03,SH603260,0.07381930202245712,EXP_LinearModel_Alpha158_csi300_custom_step0_s_20260803_14,23f715c0e1f946fa98a99475ae8b37cc,0.035,,,
48,2026-08-03,SH603259,-0.1260385513305664,EXP_LinearModel_Alpha158_csi300_custom_step0_s_20260803_14,23f715c0e1f946fa98a99475ae8b37cc,0.035,,,
49,2026-08-03,SH603019,-0.01440227497369051,EXP_LinearModel_Alpha158_csi300_custom_step0_s_20260803_14,23f715c0e1f946fa98a99475ae8b37cc,0.035,,,
50,2026-08-03,SH601998,0.010310882702469826,EXP_LinearModel_Alpha158_csi300_custom_step0_s_20260803_14,23f715c0e1f946fa98a99475ae8b37cc,0.035,,,
51,2026-08-03,SH601995,-0.08096013963222504,EXP_LinearModel_Alpha158_csi300_custom_step0_s_20260803_14,23f715c0e1f946fa98a99475ae8b37cc,0.035,,,
52,2026-08-03,SH601988,0.04539391025900841,EXP_LinearModel_Alpha158_csi300_custom_step0_s_20260803_14,23f715c0e1f946fa98a99475ae8b37cc,0.035,,,
53,2026-08-03,SH605117,0.07212627679109573,EXP_LinearModel_Alpha158_csi300_custom_step0_s_20260803_14,23f715c0e1f946fa98a99475ae8b37cc,0.035,,,
54,2026-08-03,SZ001391,0.0553680881857872,EXP_LinearModel_Alpha158_csi300_custom_step0_s_20260803_14,23f715c0e1f946fa98a99475ae8b37cc,0.035,,,
55,2026-08-03,SH605499,-0.06719130277633667,EXP_LinearModel_Alpha158_csi300_custom_step0_s_20260803_14,23f715c0e1f946fa98a99475ae8b37cc,0.035,,,
56,2026-08-03,SH688009,0.06246073544025421,EXP_LinearModel_Alpha158_csi300_custom_step0_s_20260803_14,23f715c0e1f946fa98a99475ae8b37cc,0.035,,,
57,2026-08-03,SH688472,-0.06062738969922066,EXP_LinearModel_Alpha158_csi300_custom_step0_s_20260803_14,23f715c0e1f946fa98a99475ae8b37cc,0.035,,,
58,2026-08-03,SH688396,0.22901558876037598,EXP_LinearModel_Alpha158_csi300_custom_step0_s_20260803_14,23f715c0e1f946fa98a99475ae8b37cc,0.035,,,
59,2026-08-03,SH688303,-0.026630045846104622,EXP_LinearModel_Alpha158_csi300_custom_step0_s_20260803_14,23f715c0e1f946fa98a99475ae8b37cc,0.035,,,
60,2026-08-03,SH688271,0.005706446245312691,EXP_LinearModel_Alpha158_csi300_custom_step0_s_20260803_14,23f715c0e1f946fa98a99475ae8b37cc,0.035,,,
61,2026-08-03,SH688256,0.09975310415029526,EXP_LinearModel_Alpha158_csi300_custom_step0_s_20260803_14,23f715c0e1f946fa98a99475ae8b37cc,0.035,,,
62,2026-08-03,SH688223,0.01732618361711502,EXP_LinearModel_Alpha158_csi300_custom_step0_s_20260803_14,23f715c0e1f946fa98a99475ae8b37cc,0.035,,,
63,2026-08-03,SH688183,-0.09758409857749939,EXP_LinearModel_Alpha158_csi300_custom_step0_s_20260803_14,23f715c0e1f946fa98a99475ae8b37cc,0.035,,,
64,2026-08-03,SH688126,0.084555983543396,EXP_LinearModel_Alpha158_csi300_custom_step0_s_20260803_14,23f715c0e1f946fa98a99475ae8b37cc,0.035,,,
65,2026-08-03,SH688111,-0.05030810087919235,EXP_LinearModel_Alpha158_csi300_custom_step0_s_20260803_14,23f715c0e1f946fa98a99475ae8b37cc,0.035,,,
66,2026-08-03,SH688082,0.12012433260679245,EXP_LinearModel_Alpha158_csi300_custom_step0_s_20260803_14,23f715c0e1f946fa98a99475ae8b37cc,0.035,,,
67,2026-08-03,SH688072,,EXP_LinearModel_Alpha158_csi300_custom_step0_s_20260803_14,23f715c0e1f946fa98a99475ae8b37cc,0.035,,,
68,2026-08-03,SH688047,0.027796035632491112,EXP_LinearModel_Alpha158_csi300_custom_step0_s_20260803_14,23f715c0e1f946fa98a99475ae8b37cc,0.035,,,
69,2026-08-03,SH688041,0.07813337445259094,EXP_LinearModel_Alpha158_csi300_custom_step0_s_20260803_14,23f715c0e1f946fa98a99475ae8b37cc,0.035,,,
70,2026-08-03,SH688036,0.032074686139822006,EXP_LinearModel_Alpha158_csi300_custom_step0_s_20260803_14,23f715c0e1f946fa98a99475ae8b37cc,0.035,,,
71,2026-08-03,SH688012,0.053349319845438004,EXP_LinearModel_Alpha158_csi300_custom_step0_s_20260803_14,23f715c0e1f946fa98a99475ae8b37cc,0.035,,,
72,2026-08-03,SH688008,0.26722049713134766,EXP_LinearModel_Alpha158_csi300_custom_step0_s_20260803_14,23f715c0e1f946fa98a99475ae8b37cc,0.035,,,
73,2026-08-03,SH601985,0.09760516881942749,EXP_LinearModel_Alpha158_csi300_custom_step0_s_20260803_14,23f715c0e1f946fa98a99475ae8b37cc,0.035,,,
74,2026-08-03,SZ001965,0.03775383159518242,EXP_LinearModel_Alpha158_csi300_custom_step0_s_20260803_14,23f715c0e1f946fa98a99475ae8b37cc,0.035,,,
75,2026-08-03,SZ002001,-0.13732679188251495,EXP_LinearModel_Alpha158_csi300_custom_step0_s_20260803_14,23f715c0e1f946fa98a99475ae8b37cc,0.035,,,
76,2026-08-03,SZ300413,-0.08059853315353394,EXP_LinearModel_Alpha158_csi300_custom_step0_s_20260803_14,23f715c0e1f946fa98a99475ae8b37cc,0.035,,,
77,2026-08-03,SZ300408,0.07480095326900482,EXP_LinearModel_Alpha158_csi300_custom_step0_s_20260803_14,23f715c0e1f946fa98a99475ae8b37cc,0.035,,,
78,2026-08-03,SZ300394,0.19121338427066803,EXP_LinearModel_Alpha158_csi300_custom_step0_s_20260803_14,23f715c0e1f946fa98a99475ae8b37cc,0.035,,,
79,2026-08-03,SZ300316,0.05525115132331848,EXP_LinearModel_Alpha158_csi300_custom_step0_s_20260803_14,23f715c0e1f946fa98a99475ae8b37cc,0.035,,,
80,2026-08-03,SZ300308,0.05237085744738579,EXP_LinearModel_Alpha158_csi300_custom_step0_s_20260803_14,23f715c0e1f946fa98a99475ae8b37cc,0.035,,,
81,2026-08-03,SZ300274,0.137087881565094,EXP_LinearModel_Alpha158_csi300_custom_step0_s_20260803_14,23f715c0e1f946fa98a99475ae8b37cc,0.035,,,
82,2026-08-03,SZ300418,0.02121127024292946,EXP_LinearModel_Alpha158_csi300_custom_step0_s_20260803_14,23f715c0e1f946fa98a99475ae8b37cc,0.035,,,
83,2026-08-03,SZ300251,-0.07270488142967224,EXP_LinearModel_Alpha158_csi300_custom_step0_s_20260803_14,23f715c0e1f946fa98a99475ae8b37cc,0.035,,,
84,2026-08-03,SZ300122,-0.08879486471414566,EXP_LinearModel_Alpha158_csi300_custom_step0_s_20260803_14,23f715c0e1f946fa98a99475ae8b37cc,0.035,,,
85,2026-08-03,SZ300059,-0.08287794888019562,EXP_LinearModel_Alpha158_csi300_custom_step0_s_20260803_14,23f715c0e1f946fa98a99475ae8b37cc,0.035,,,
86,2026-08-03,SZ300033,-0.05424832925200462,EXP_LinearModel_Alpha158_csi300_custom_step0_s_20260803_14,23f715c0e1f946fa98a99475ae8b37cc,0.035,,,
87,2026-08-03,SZ300015,-0.009019451215863228,EXP_LinearModel_Alpha158_csi300_custom_step0_s_20260803_14,23f715c0e1f946fa98a99475ae8b37cc,0.035,,,
88,2026-08-03,SZ300014,-0.042401108890771866,EXP_LinearModel_Alpha158_csi300_custom_step0_s_20260803_14,23f715c0e1f946fa98a99475ae8b37cc,0.035,,,
89,2026-08-03,SZ003816,0.002627008594572544,EXP_LinearModel_Alpha158_csi300_custom_step0_s_20260803_14,23f715c0e1f946fa98a99475ae8b37cc,0.035,,,
90,2026-08-03,SZ300124,0.0013175983913242817,EXP_LinearModel_Alpha158_csi300_custom_step0_s_20260803_14,23f715c0e1f946fa98a99475ae8b37cc,0.035,,,
91,2026-08-03,SZ300433,0.1606852114200592,EXP_LinearModel_Alpha158_csi300_custom_step0_s_20260803_14,23f715c0e1f946fa98a99475ae8b37cc,0.035,,,
92,2026-08-03,SZ300442,0.10695262998342514,EXP_LinearModel_Alpha158_csi300_custom_step0_s_20260803_14,23f715c0e1f946fa98a99475ae8b37cc,0.035,,,
93,2026-08-03,SZ300450,-0.0034642843529582024,EXP_LinearModel_Alpha158_csi300_custom_step0_s_20260803_14,23f715c0e1f946fa98a99475ae8b37cc,0.035,,,
94,2026-08-03,SZ301269,-0.025624332949519157,EXP_LinearModel_Alpha158_csi300_custom_step0_s_20260803_14,23f715c0e1f946fa98a99475ae8b37cc,0.035,,,
95,2026-08-03,SZ301236,-0.07099934667348862,EXP_LinearModel_Alpha158_csi300_custom_step0_s_20260803_14,23f715c0e1f946fa98a99475ae8b37cc,0.035,,,
96,2026-08-03,SZ301165,-0.1700703501701355,EXP_LinearModel_Alpha158_csi300_custom_step0_s_20260803_14,23f715c0e1f946fa98a99475ae8b37cc,0.035,,,
97,2026-08-03,SZ300999,0.0030866314191371202,EXP_LinearModel_Alpha158_csi300_custom_step0_s_20260803_14,23f715c0e1f946fa98a99475ae8b37cc,0.035,,,
98,2026-08-03,SZ300896,-0.0985424816608429,EXP_LinearModel_Alpha158_csi300_custom_step0_s_20260803_14,23f715c0e1f946fa98a99475ae8b37cc,0.035,,,
99,2026-08-03,SZ300866,0.01225509773939848,EXP_LinearModel_Alpha158_csi300_custom_step0_s_20260803_14,23f715c0e1f946fa98a99475ae8b37cc,0.035,,,
100,2026-08-03,SZ300832,-0.03035001829266548,EXP_LinearModel_Alpha158_csi300_custom_step0_s_20260803_14,23f715c0e1f946fa98a99475ae8b37cc,0.035,,,
101,2026-08-03,SZ300803,-0.05731798708438873,EXP_LinearModel_Alpha158_csi300_custom_step0_s_20260803_14,23f715c0e1f946fa98a99475ae8b37cc,0.035,,,
102,2026-08-03,SZ300760,-0.0303568784147501,EXP_LinearModel_Alpha158_csi300_custom_step0_s_20260803_14,23f715c0e1f946fa98a99475ae8b37cc,0.035,,,
103,2026-08-03,SZ300750,0.014039047993719578,EXP_LinearModel_Alpha158_csi300_custom_step0_s_20260803_14,23f715c0e1f946fa98a99475ae8b37cc,0.035,,,
104,2026-08-03,SZ300661,-0.00293394410982728,EXP_LinearModel_Alpha158_csi300_custom_step0_s_20260803_14,23f715c0e1f946fa98a99475ae8b37cc,0.035,,,
105,2026-08-03,SZ300628,-0.08044170588254929,EXP_LinearModel_Alpha158_csi300_custom_step0_s_20260803_14,23f715c0e1f946fa98a99475ae8b37cc,0.035,,,
106,2026-08-03,SZ300502,0.0013142316602170467,EXP_LinearModel_Alpha158_csi300_custom_step0_s_20260803_14,23f715c0e1f946fa98a99475ae8b37cc,0.035,,,
107,2026-08-03,SZ300498,-0.004990135319530964,EXP_LinearModel_Alpha158_csi300_custom_step0_s_20260803_14,23f715c0e1f946fa98a99475ae8b37cc,0.035,,,
108,2026-08-03,SZ300476,0.4193771183490753,EXP_LinearModel_Alpha158_csi300_custom_step0_s_20260803_14,23f715c0e1f946fa98a99475ae8b37cc,0.035,,,
109,2026-08-03,SZ002938,0.08118025213479996,EXP_LinearModel_Alpha158_csi300_custom_step0_s_20260803_14,23f715c0e1f946fa98a99475ae8b37cc,0.035,,,
110,2026-08-03,SZ002920,-0.002610238268971443,EXP_LinearModel_Alpha158_csi300_custom_step0_s_20260803_14,23f715c0e1f946fa98a99475ae8b37cc,0.035,,,
111,2026-08-03,SZ002916,0.07751831412315369,EXP_LinearModel_Alpha158_csi300_custom_step0_s_20260803_14,23f715c0e1f946fa98a99475ae8b37cc,0.035,,,
112,2026-08-03,SZ002837,0.27866584062576294,EXP_LinearModel_Alpha158_csi300_custom_step0_s_20260803_14,23f715c0e1f946fa98a99475ae8b37cc,0.035,,,
113,2026-08-03,SZ002353,0.11751385778188705,EXP_LinearModel_Alpha158_csi300_custom_step0_s_20260803_14,23f715c0e1f946fa98a99475ae8b37cc,0.035,,,
114,2026-08-03,SZ002352,-0.022467689588665962,EXP_LinearModel_Alpha158_csi300_custom_step0_s_20260803_14,23f715c0e1f946fa98a99475ae8b37cc,0.035,,,
115,2026-08-03,SZ002311,0.08303069323301315,EXP_LinearModel_Alpha158_csi300_custom_step0_s_20260803_14,23f715c0e1f946fa98a99475ae8b37cc,0.035,,,
116,2026-08-03,SZ002304,-0.020570695400238037,EXP_LinearModel_Alpha158_csi300_custom_step0_s_20260803_14,23f715c0e1f946fa98a99475ae8b37cc,0.035,,,
117,2026-08-03,SZ002241,-0.08582311868667603,EXP_LinearModel_Alpha158_csi300_custom_step0_s_20260803_14,23f715c0e1f946fa98a99475ae8b37cc,0.035,,,
118,2026-08-03,SZ002236,-0.032106250524520874,EXP_LinearModel_Alpha158_csi300_custom_step0_s_20260803_14,23f715c0e1f946fa98a99475ae8b37cc,0.035,,,
119,2026-08-03,SZ002230,-0.005788316018879414,EXP_LinearModel_Alpha158_csi300_custom_step0_s_20260803_14,23f715c0e1f946fa98a99475ae8b37cc,0.035,,,
120,2026-08-03,SZ002202,0.06313662976026535,EXP_LinearModel_Alpha158_csi300_custom_step0_s_20260803_14,23f715c0e1f946fa98a99475ae8b37cc,0.035,,,
121,2026-08-03,SZ002179,0.0058832922950387,EXP_LinearModel_Alpha158_csi300_custom_step0_s_20260803_14,23f715c0e1f946fa98a99475ae8b37cc,0.035,,,
122,2026-08-03,SZ002142,0.03834439814090729,EXP_LinearModel_Alpha158_csi300_custom_step0_s_20260803_14,23f715c0e1f946fa98a99475ae8b37cc,0.035,,,
123,2026-08-03,SZ002074,-0.014172290451824665,EXP_LinearModel_Alpha158_csi300_custom_step0_s_20260803_14,23f715c0e1f946fa98a99475ae8b37cc,0.035,,,
124,2026-08-03,SZ002050,0.07150477170944214,EXP_LinearModel_Alpha158_csi300_custom_step0_s_20260803_14,23f715c0e1f946fa98a99475ae8b37cc,0.035,,,
125,2026-08-03,SZ002049,0.10699344426393509,EXP_LinearModel_Alpha158_csi300_custom_step0_s_20260803_14,23f715c0e1f946fa98a99475ae8b37cc,0.035,,,
126,2026-08-03,SZ002028,-0.03763746842741966,EXP_LinearModel_Alpha158_csi300_custom_step0_s_20260803_14,23f715c0e1f946fa98a99475ae8b37cc,0.035,,,
127,2026-08-03,SZ002027,0.03571150079369545,EXP_LinearModel_Alpha158_csi300_custom_step0_s_20260803_14,23f715c0e1f946fa98a99475ae8b37cc,0.035,,,
128,2026-08-03,SZ002371,0.05329073593020439,EXP_LinearModel_Alpha158_csi300_custom_step0_s_20260803_14,23f715c0e1f946fa98a99475ae8b37cc,0.035,,,
129,2026-08-03,SZ001979,-0.09327517449855804,EXP_LinearModel_Alpha158_csi300_custom_step0_s_20260803_14,23f715c0e1f946fa98a99475ae8b37cc,0.035,,,
130,2026-08-03,SZ002384,0.1285586804151535,EXP_LinearModel_Alpha158_csi300_custom_step0_s_20260803_14,23f715c0e1f946fa98a99475ae8b37cc,0.035,,,
131,2026-08-03,SZ002422,0.0771343782544136,EXP_LinearModel_Alpha158_csi300_custom_step0_s_20260803_14,23f715c0e1f946fa98a99475ae8b37cc,0.035,,,
132,2026-08-03,SZ002736,0.022721273824572563,EXP_LinearModel_Alpha158_csi300_custom_step0_s_20260803_14,23f715c0e1f946fa98a99475ae8b37cc,0.035,,,
133,2026-08-03,SZ002714,-0.06034299358725548,EXP_LinearModel_Alpha158_csi300_custom_step0_s_20260803_14,23f715c0e1f946fa98a99475ae8b37cc,0.035,,,
134,2026-08-03,SZ002709,0.09852480888366699,EXP_LinearModel_Alpha158_csi300_custom_step0_s_20260803_14,23f715c0e1f946fa98a99475ae8b37cc,0.035,,,
135,2026-08-03,SZ002648,-0.02318384498357773,EXP_LinearModel_Alpha158_csi300_custom_step0_s_20260803_14,23f715c0e1f946fa98a99475ae8b37cc,0.035,,,
136,2026-08-03,SZ002625,-0.02815157175064087,EXP_LinearModel_Alpha158_csi300_custom_step0_s_20260803_14,23f715c0e1f946fa98a99475ae8b37cc,0.035,,,
137,2026-08-03,SZ002602,-0.1271793693304062,EXP_LinearModel_Alpha158_csi300_custom_step0_s_20260803_14,23f715c0e1f946fa98a99475ae8b37cc,0.035,,,
138,2026-08-03,SZ002600,0.08693447709083557,EXP_LinearModel_Alpha158_csi300_custom_step0_s_20260803_14,23f715c0e1f946fa98a99475ae8b37cc,0.035,,,
139,2026-08-03,SZ002594,0.022111590951681137,EXP_LinearModel_Alpha158_csi300_custom_step0_s_20260803_14,23f715c0e1f946fa98a99475ae8b37cc,0.035,,,
140,2026-08-03,SZ002558,-0.06909316033124924,EXP_LinearModel_Alpha158_csi300_custom_step0_s_20260803_14,23f715c0e1f946fa98a99475ae8b37cc,0.035,,,
141,2026-08-03,SZ002532,-0.03381401672959328,EXP_LinearModel_Alpha158_csi300_custom_step0_s_20260803_14,23f715c0e1f946fa98a99475ae8b37cc,0.035,,,
142,2026-08-03,SZ002493,-0.15487687289714813,EXP_LinearModel_Alpha158_csi300_custom_step0_s_20260803_14,23f715c0e1f946fa98a99475ae8b37cc,0.035,,,
143,2026-08-03,SZ002475,-0.026656407862901688,EXP_LinearModel_Alpha158_csi300_custom_step0_s_20260803_14,23f715c0e1f946fa98a99475ae8b37cc,0.035,,,
144,2026-08-03,SZ002466,0.016955189406871796,EXP_LinearModel_Alpha158_csi300_custom_step0_s_20260803_14,23f715c0e1f946fa98a99475ae8b37cc,0.035,,,
145,2026-08-03,SZ002463,0.0029895806219428778,EXP_LinearModel_Alpha158_csi300_custom_step0_s_20260803_14,23f715c0e1f946fa98a99475ae8b37cc,0.035,,,
146,2026-08-03,SZ002460,0.00982521753758192,EXP_LinearModel_Alpha158_csi300_custom_step0_s_20260803_14,23f715c0e1f946fa98a99475ae8b37cc,0.035,,,
147,2026-08-03,SZ002415,-0.022500917315483093,EXP_LinearModel_Alpha158_csi300_custom_step0_s_20260803_14,23f715c0e1f946fa98a99475ae8b37cc,0.035,,,
148,2026-08-03,SZ301308,0.4854322075843811,EXP_LinearModel_Alpha158_csi300_custom_step0_s_20260803_14,23f715c0e1f946fa98a99475ae8b37cc,0.035,,,
149,2026-08-03,SH601939,-0.07627615332603455,EXP_LinearModel_Alpha158_csi300_custom_step0_s_20260803_14,23f715c0e1f946fa98a99475ae8b37cc,0.035,,,
150,2026-08-03,SH601916,0.04813021048903465,EXP_LinearModel_Alpha158_csi300_custom_step0_s_20260803_14,23f715c0e1f946fa98a99475ae8b37cc,0.035,,,
151,2026-08-03,SH600547,-0.10951420664787292,EXP_LinearModel_Alpha158_csi300_custom_step0_s_20260803_14,23f715c0e1f946fa98a99475ae8b37cc,0.035,,,
152,2026-08-03,SH600522,0.28108349442481995,EXP_LinearModel_Alpha158_csi300_custom_step0_s_20260803_14,23f715c0e1f946fa98a99475ae8b37cc,0.035,,,
153,2026-08-03,SH600519,0.03695220127701759,EXP_LinearModel_Alpha158_csi300_custom_step0_s_20260803_14,23f715c0e1f946fa98a99475ae8b37cc,0.035,,,
154,2026-08-03,SH600515,-0.02137656882405281,EXP_LinearModel_Alpha158_csi300_custom_step0_s_20260803_14,23f715c0e1f946fa98a99475ae8b37cc,0.035,,,
155,2026-08-03,SH600489,-0.07592281699180603,EXP_LinearModel_Alpha158_csi300_custom_step0_s_20260803_14,23f715c0e1f946fa98a99475ae8b37cc,0.035,,,
156,2026-08-03,SH600482,0.05978284403681755,EXP_LinearModel_Alpha158_csi300_custom_step0_s_20260803_14,23f715c0e1f946fa98a99475ae8b37cc,0.035,,,
157,2026-08-03,SH600549,0.18875396251678467,EXP_LinearModel_Alpha158_csi300_custom_step0_s_20260803_14,23f715c0e1f946fa98a99475ae8b37cc,0.035,,,
158,2026-08-03,SH600460,0.2939099669456482,EXP_LinearModel_Alpha158_csi300_custom_step0_s_20260803_14,23f715c0e1f946fa98a99475ae8b37cc,0.035,,,
159,2026-08-03,SH600436,-0.08794887363910675,EXP_LinearModel_Alpha158_csi300_custom_step0_s_20260803_14,23f715c0e1f946fa98a99475ae8b37cc,0.035,,,
160,2026-08-03,SH600426,-0.010063143447041512,EXP_LinearModel_Alpha158_csi300_custom_step0_s_20260803_14,23f715c0e1f946fa98a99475ae8b37cc,0.035,,,
161,2026-08-03,SH600415,-0.09627066552639008,EXP_LinearModel_Alpha158_csi300_custom_step0_s_20260803_14,23f715c0e1f946fa98a99475ae8b37cc,0.035,,,
162,2026-08-03,SH600406,0.05839883163571358,EXP_LinearModel_Alpha158_csi300_custom_step0_s_20260803_14,23f715c0e1f946fa98a99475ae8b37cc,0.035,,,
163,2026-08-03,SH600372,-0.020536284893751144,EXP_LinearModel_Alpha158_csi300_custom_step0_s_20260803_14,23f715c0e1f946fa98a99475ae8b37cc,0.035,,,
164,2026-08-03,SH600362,-0.029501257464289665,EXP_LinearModel_Alpha158_csi300_custom_step0_s_20260803_14,23f715c0e1f946fa98a99475ae8b37cc,0.035,,,
165,2026-08-03,SH600438,-0.027571769431233406,EXP_LinearModel_Alpha158_csi300_custom_step0_s_20260803_14,23f715c0e1f946fa98a99475ae8b37cc,0.035,,,
166,2026-08-03,SH600570,-0.04132895544171333,EXP_LinearModel_Alpha158_csi300_custom_step0_s_20260803_14,23f715c0e1f946fa98a99475ae8b37cc,0.035,,,
167,2026-08-03,SH600584,0.28811001777648926,EXP_LinearModel_Alpha158_csi300_custom_step0_s_20260803_14,23f715c0e1f946fa98a99475ae8b37cc,0.035,,,
168,2026-08-03,SH600585,0.049277979880571365,EXP_LinearModel_Alpha158_csi300_custom_step0_s_20260803_14,23f715c0e1f946fa98a99475ae8b37cc,0.035,,,
169,2026-08-03,SH600893,-0.011227147653698921,EXP_LinearModel_Alpha158_csi300_custom_step0_s_20260803_14,23f715c0e1f946fa98a99475ae8b37cc,0.035,,,
170,2026-08-03,SH600887,0.08494072407484055,EXP_LinearModel_Alpha158_csi300_custom_step0_s_20260803_14,23f715c0e1f946fa98a99475ae8b37cc,0.035,,,
171,2026-08-03,SH600886,0.08185655623674393,EXP_LinearModel_Alpha158_csi300_custom_step0_s_20260803_14,23f715c0e1f946fa98a99475ae8b37cc,0.035,,,
172,2026-08-03,SH600875,0.06519971042871475,EXP_LinearModel_Alpha158_csi300_custom_step0_s_20260803_14,23f715c0e1f946fa98a99475ae8b37cc,0.035,,,
173,2026-08-03,SH600845,0.02284357324242592,EXP_LinearModel_Alpha158_csi300_custom_step0_s_20260803_14,23f715c0e1f946fa98a99475ae8b37cc,0.035,,,
174,2026-08-03,SH600809,-0.05514556169509888,EXP_LinearModel_Alpha158_csi300_custom_step0_s_20260803_14,23f715c0e1f946fa98a99475ae8b37cc,0.035,,,
175,2026-08-03,SH600803,-0.10849830508232117,EXP_LinearModel_Alpha158_csi300_custom_step0_s_20260803_14,23f715c0e1f946fa98a99475ae8b37cc,0.035,,,
176,2026-08-03,SH600795,0.038763582706451416,EXP_LinearModel_Alpha158_csi300_custom_step0_s_20260803_14,23f715c0e1f946fa98a99475ae8b37cc,0.035,,,
177,2026-08-03,SH600760,0.06409759819507599,EXP_LinearModel_Alpha158_csi300_custom_step0_s_20260803_14,23f715c0e1f946fa98a99475ae8b37cc,0.035,,,
178,2026-08-03,SH600741,0.0968773365020752,EXP_LinearModel_Alpha158_csi300_custom_step0_s_20260803_14,23f715c0e1f946fa98a99475ae8b37cc,0.035,,,
179,2026-08-03,SH600690,0.05972585082054138,EXP_LinearModel_Alpha158_csi300_custom_step0_s_20260803_14,23f715c0e1f946fa98a99475ae8b37cc,0.035,,,
180,2026-08-03,SH600674,0.10879633575677872,EXP_LinearModel_Alpha158_csi300_custom_step0_s_20260803_14,23f715c0e1f946fa98a99475ae8b37cc,0.035,,,
181,2026-08-03,SH600660,-0.01058247871696949,EXP_LinearModel_Alpha158_csi300_custom_step0_s_20260803_14,23f715c0e1f946fa98a99475ae8b37cc,0.035,,,
182,2026-08-03,SH600600,-0.0422489196062088,EXP_LinearModel_Alpha158_csi300_custom_step0_s_20260803_14,23f715c0e1f946fa98a99475ae8b37cc,0.035,,,
183,2026-08-03,SH600588,-0.05942029505968094,EXP_LinearModel_Alpha158_csi300_custom_step0_s_20260803_14,23f715c0e1f946fa98a99475ae8b37cc,0.035,,,
184,2026-08-03,SH600346,-0.13090871274471283,EXP_LinearModel_Alpha158_csi300_custom_step0_s_20260803_14,23f715c0e1f946fa98a99475ae8b37cc,0.035,,,
185,2026-08-03,SH600309,-0.06774480640888214,EXP_LinearModel_Alpha158_csi300_custom_step0_s_20260803_14,23f715c0e1f946fa98a99475ae8b37cc,0.035,,,
186,2026-08-03,SH600276,-0.05820445716381073,EXP_LinearModel_Alpha158_csi300_custom_step0_s_20260803_14,23f715c0e1f946fa98a99475ae8b37cc,0.035,,,
187,2026-08-03,SH600233,-0.08523327112197876,EXP_LinearModel_Alpha158_csi300_custom_step0_s_20260803_14,23f715c0e1f946fa98a99475ae8b37cc,0.035,,,
188,2026-08-03,SH600036,0.08061917871236801,EXP_LinearModel_Alpha158_csi300_custom_step0_s_20260803_14,23f715c0e1f946fa98a99475ae8b37cc,0.035,,,
189,2026-08-03,SH600031,-0.04293593019247055,EXP_LinearModel_Alpha158_csi300_custom_step0_s_20260803_14,23f715c0e1f946fa98a99475ae8b37cc,0.035,,,
190,2026-08-03,SH600030,-0.03481132537126541,EXP_LinearModel_Alpha158_csi300_custom_step0_s_20260803_14,23f715c0e1f946fa98a99475ae8b37cc,0.035,,,
191,2026-08-03,SH600029,-0.04604658856987953,EXP_LinearModel_Alpha158_csi300_custom_step0_s_20260803_14,23f715c0e1f946fa98a99475ae8b37cc,0.035,,,
192,2026-08-03,SH600028,0.040722668170928955,EXP_LinearModel_Alpha158_csi300_custom_step0_s_20260803_14,23f715c0e1f946fa98a99475ae8b37cc,0.035,,,
193,2026-08-03,SH600027,0.06377934664487839,EXP_LinearModel_Alpha158_csi300_custom_step0_s_20260803_14,23f715c0e1f946fa98a99475ae8b37cc,0.035,,,
194,2026-08-03,SH600026,-0.0917767733335495,EXP_LinearModel_Alpha158_csi300_custom_step0_s_20260803_14,23f715c0e1f946fa98a99475ae8b37cc,0.035,,,
195,2026-08-03,SH600025,0.05710893124341965,EXP_LinearModel_Alpha158_csi300_custom_step0_s_20260803_14,23f715c0e1f946fa98a99475ae8b37cc,0.035,,,
196,2026-08-03,SH600023,0.09537022560834885,EXP_LinearModel_Alpha158_csi300_custom_step0_s_20260803_14,23f715c0e1f946fa98a99475ae8b37cc,0.035,,,
197,2026-08-03,SH600019,0.02028459869325161,EXP_LinearModel_Alpha158_csi300_custom_step0_s_20260803_14,23f715c0e1f946fa98a99475ae8b37cc,0.035,,,
198,2026-08-03,SH600018,0.06527142971754074,EXP_LinearModel_Alpha158_csi300_custom_step0_s_20260803_14,23f715c0e1f946fa98a99475ae8b37cc,0.035,,,
199,2026-08-03,SH600016,0.059242263436317444,EXP_LinearModel_Alpha158_csi300_custom_step0_s_20260803_14,23f715c0e1f946fa98a99475ae8b37cc,0.035,,,
200,2026-08-03,SH600015,0.07514806091785431,EXP_LinearModel_Alpha158_csi300_custom_step0_s_20260803_14,23f715c0e1f946fa98a99475ae8b37cc,0.035,,,
201,2026-08-03,SH600011,-0.0022373066749423742,EXP_LinearModel_Alpha158_csi300_custom_step0_s_20260803_14,23f715c0e1f946fa98a99475ae8b37cc,0.035,,,
202,2026-08-03,SH600010,0.011229842901229858,EXP_LinearModel_Alpha158_csi300_custom_step0_s_20260803_14,23f715c0e1f946fa98a99475ae8b37cc,0.035,,,
203,2026-08-03,SH600039,0.06970404088497162,EXP_LinearModel_Alpha158_csi300_custom_step0_s_20260803_14,23f715c0e1f946fa98a99475ae8b37cc,0.035,,,
204,2026-08-03,SH600900,0.07967206835746765,EXP_LinearModel_Alpha158_csi300_custom_step0_s_20260803_14,23f715c0e1f946fa98a99475ae8b37cc,0.035,,,
205,2026-08-03,SH600048,-0.07236851751804352,EXP_LinearModel_Alpha158_csi300_custom_step0_s_20260803_14,23f715c0e1f946fa98a99475ae8b37cc,0.035,,,
206,2026-08-03,SH600061,0.002593294018879533,EXP_LinearModel_Alpha158_csi300_custom_step0_s_20260803_14,23f715c0e1f946fa98a99475ae8b37cc,0.035,,,
207,2026-08-03,SH600221,0.05533663183450699,EXP_LinearModel_Alpha158_csi300_custom_step0_s_20260803_14,23f715c0e1f946fa98a99475ae8b37cc,0.035,,,
208,2026-08-03,SH600219,-0.005799031816422939,EXP_LinearModel_Alpha158_csi300_custom_step0_s_20260803_14,23f715c0e1f946fa98a99475ae8b37cc,0.035,,,
209,2026-08-03,SH600196,-0.003129540244117379,EXP_LinearModel_Alpha158_csi300_custom_step0_s_20260803_14,23f715c0e1f946fa98a99475ae8b37cc,0.035,,,
210,2026-08-03,SH600188,-0.03749597445130348,EXP_LinearModel_Alpha158_csi300_custom_step0_s_20260803_14,23f715c0e1f946fa98a99475ae8b37cc,0.035,,,
211,2026-08-03,SH600183,0.11677390336990356,EXP_LinearModel_Alpha158_csi300_custom_step0_s_20260803_14,23f715c0e1f946fa98a99475ae8b37cc,0.035,,,
212,2026-08-03,SH600176,0.12111740559339523,EXP_LinearModel_Alpha158_csi300_custom_step0_s_20260803_14,23f715c0e1f946fa98a99475ae8b37cc,0.035,,,
213,2026-08-03,SH600160,-0.1130731925368309,EXP_LinearModel_Alpha158_csi300_custom_step0_s_20260803_14,23f715c0e1f946fa98a99475ae8b37cc,0.035,,,
214,2026-08-03,SH600150,-0.08028961718082428,EXP_LinearModel_Alpha158_csi300_custom_step0_s_20260803_14,23f715c0e1f946fa98a99475ae8b37cc,0.035,,,
215,2026-08-03,SH600118,0.030548125505447388,EXP_LinearModel_Alpha158_csi300_custom_step0_s_20260803_14,23f715c0e1f946fa98a99475ae8b37cc,0.035,,,
216,2026-08-03,SH600115,-0.08429787307977676,EXP_LinearModel_Alpha158_csi300_custom_step0_s_20260803_14,23f715c0e1f946fa98a99475ae8b37cc,0.035,,,
217,2026-08-03,SH600111,0.10061953961849213,EXP_LinearModel_Alpha158_csi300_custom_step0_s_20260803_14,23f715c0e1f946fa98a99475ae8b37cc,0.035,,,
218,2026-08-03,SH600104,-0.04977612942457199,EXP_LinearModel_Alpha158_csi300_custom_step0_s_20260803_14,23f715c0e1f946fa98a99475ae8b37cc,0.035,,,
219,2026-08-03,SH600089,0.034065768122673035,EXP_LinearModel_Alpha158_csi300_custom_step0_s_20260803_14,23f715c0e1f946fa98a99475ae8b37cc,0.035,,,
220,2026-08-03,SH600085,0.02210403047502041,EXP_LinearModel_Alpha158_csi300_custom_step0_s_20260803_14,23f715c0e1f946fa98a99475ae8b37cc,0.035,,,
221,2026-08-03,SH600066,0.013446931727230549,EXP_LinearModel_Alpha158_csi300_custom_step0_s_20260803_14,23f715c0e1f946fa98a99475ae8b37cc,0.035,,,
222,2026-08-03,SH600050,0.0724172294139862,EXP_LinearModel_Alpha158_csi300_custom_step0_s_20260803_14,23f715c0e1f946fa98a99475ae8b37cc,0.035,,,
223,2026-08-03,SH601919,0.0471884086728096,EXP_LinearModel_Alpha158_csi300_custom_step0_s_20260803_14,23f715c0e1f946fa98a99475ae8b37cc,0.035,,,
224,2026-08-03,SH600905,0.10968533903360367,EXP_LinearModel_Alpha158_csi300_custom_step0_s_20260803_14,23f715c0e1f946fa98a99475ae8b37cc,0.035,,,
225,2026-08-03,SH600919,0.04661260545253754,EXP_LinearModel_Alpha158_csi300_custom_step0_s_20260803_14,23f715c0e1f946fa98a99475ae8b37cc,0.035,,,
226,2026-08-03,SH601698,0.042443521320819855,EXP_LinearModel_Alpha158_csi300_custom_step0_s_20260803_14,23f715c0e1f946fa98a99475ae8b37cc,0.035,,,
227,2026-08-03,SH601689,0.06503479182720184,EXP_LinearModel_Alpha158_csi300_custom_step0_s_20260803_14,23f715c0e1f946fa98a99475ae8b37cc,0.035,,,
228,2026-08-03,SH601688,-0.015329422429203987,EXP_LinearModel_Alpha158_csi300_custom_step0_s_20260803_14,23f715c0e1f946fa98a99475ae8b37cc,0.035,,,
229,2026-08-03,SH601669,0.11072492599487305,EXP_LinearModel_Alpha158_csi300_custom_step0_s_20260803_14,23f715c0e1f946fa98a99475ae8b37cc,0.035,,,
230,2026-08-03,SH601668,0.1927042454481125,EXP_LinearModel_Alpha158_csi300_custom_step0_s_20260803_14,23f715c0e1f946fa98a99475ae8b37cc,0.035,,,
231,2026-08-03,SH601658,0.10028412193059921,EXP_LinearModel_Alpha158_csi300_custom_step0_s_20260803_14,23f715c0e1f946fa98a99475ae8b37cc,0.035,,,
232,2026-08-03,SH601727,0.03800966218113899,EXP_LinearModel_Alpha158_csi300_custom_step0_s_20260803_14,23f715c0e1f946fa98a99475ae8b37cc,0.035,,,
233,2026-08-03,SH601633,0.013338997028768063,EXP_LinearModel_Alpha158_csi300_custom_step0_s_20260803_14,23f715c0e1f946fa98a99475ae8b37cc,0.035,,,
234,2026-08-03,SH601618,0.007161150686442852,EXP_LinearModel_Alpha158_csi300_custom_step0_s_20260803_14,23f715c0e1f946fa98a99475ae8b37cc,0.035,,,
235,2026-08-03,SH601607,0.05618520826101303,EXP_LinearModel_Alpha158_csi300_custom_step0_s_20260803_14,23f715c0e1f946fa98a99475ae8b37cc,0.035,,,
236,2026-08-03,SH601601,0.023912424221634865,EXP_LinearModel_Alpha158_csi300_custom_step0_s_20260803_14,23f715c0e1f946fa98a99475ae8b37cc,0.035,,,
237,2026-08-03,SH601600,-0.0009930062806233764,EXP_LinearModel_Alpha158_csi300_custom_step0_s_20260803_14,23f715c0e1f946fa98a99475ae8b37cc,0.035,,,
238,2026-08-03,SH601456,0.018905095756053925,EXP_LinearModel_Alpha158_csi300_custom_step0_s_20260803_14,23f715c0e1f946fa98a99475ae8b37cc,0.035,,,
239,2026-08-03,SH601398,-0.07108898460865021,EXP_LinearModel_Alpha158_csi300_custom_step0_s_20260803_14,23f715c0e1f946fa98a99475ae8b37cc,0.035,,,
240,2026-08-03,SH601628,-0.006739620119333267,EXP_LinearModel_Alpha158_csi300_custom_step0_s_20260803_14,23f715c0e1f946fa98a99475ae8b37cc,0.035,,,
241,2026-08-03,SH601728,0.039694588631391525,EXP_LinearModel_Alpha158_csi300_custom_step0_s_20260803_14,23f715c0e1f946fa98a99475ae8b37cc,0.035,,,
242,2026-08-03,SH601766,0.07599501311779022,EXP_LinearModel_Alpha158_csi300_custom_step0_s_20260803_14,23f715c0e1f946fa98a99475ae8b37cc,0.035,,,
243,2026-08-03,SH601788,-0.07614431530237198,EXP_LinearModel_Alpha158_csi300_custom_step0_s_20260803_14,23f715c0e1f946fa98a99475ae8b37cc,0.035,,,
244,2026-08-03,SH601901,-0.06758331507444382,EXP_LinearModel_Alpha158_csi300_custom_step0_s_20260803_14,23f715c0e1f946fa98a99475ae8b37cc,0.035,,,
245,2026-08-03,SH601899,-0.08753719925880432,EXP_LinearModel_Alpha158_csi300_custom_step0_s_20260803_14,23f715c0e1f946fa98a99475ae8b37cc,0.035,,,
246,2026-08-03,SH601898,0.026469429954886436,EXP_LinearModel_Alpha158_csi300_custom_step0_s_20260803_14,23f715c0e1f946fa98a99475ae8b37cc,0.035,,,
247,2026-08-03,SH601888,-0.085820272564888,EXP_LinearModel_Alpha158_csi300_custom_step0_s_20260803_14,23f715c0e1f946fa98a99475ae8b37cc,0.035,,,
248,2026-08-03,SH601881,-0.026646479964256287,EXP_LinearModel_Alpha158_csi300_custom_step0_s_20260803_14,23f715c0e1f946fa98a99475ae8b37cc,0.035,,,
249,2026-08-03,SH601878,0.016876475885510445,EXP_LinearModel_Alpha158_csi300_custom_step0_s_20260803_14,23f715c0e1f946fa98a99475ae8b37cc,0.035,,,
250,2026-08-03,SH601877,0.01916048675775528,EXP_LinearModel_Alpha158_csi300_custom_step0_s_20260803_14,23f715c0e1f946fa98a99475ae8b37cc,0.035,,,
251,2026-08-03,SH601872,-0.11964543163776398,EXP_LinearModel_Alpha158_csi300_custom_step0_s_20260803_14,23f715c0e1f946fa98a99475ae8b37cc,0.035,,,
252,2026-08-03,SH601868,0.10982124507427216,EXP_LinearModel_Alpha158_csi300_custom_step0_s_20260803_14,23f715c0e1f946fa98a99475ae8b37cc,0.035,,,
253,2026-08-03,SH601857,0.09588640183210373,EXP_LinearModel_Alpha158_csi300_custom_step0_s_20260803_14,23f715c0e1f946fa98a99475ae8b37cc,0.035,,,
254,2026-08-03,SH601838,0.046458564698696136,EXP_LinearModel_Alpha158_csi300_custom_step0_s_20260803_14,23f715c0e1f946fa98a99475ae8b37cc,0.035,,,
255,2026-08-03,SH601825,-0.04406163468956947,EXP_LinearModel_Alpha158_csi300_custom_step0_s_20260803_14,23f715c0e1f946fa98a99475ae8b37cc,0.035,,,
256,2026-08-03,SH601818,0.04463178664445877,EXP_LinearModel_Alpha158_csi300_custom_step0_s_20260803_14,23f715c0e1f946fa98a99475ae8b37cc,0.035,,,
257,2026-08-03,SH601816,0.047029606997966766,EXP_LinearModel_Alpha158_csi300_custom_step0_s_20260803_14,23f715c0e1f946fa98a99475ae8b37cc,0.035,,,
258,2026-08-03,SH601800,0.014395334757864475,EXP_LinearModel_Alpha158_csi300_custom_step0_s_20260803_14,23f715c0e1f946fa98a99475ae8b37cc,0.035,,,
259,2026-08-03,SH601390,0.04904699698090553,EXP_LinearModel_Alpha158_csi300_custom_step0_s_20260803_14,23f715c0e1f946fa98a99475ae8b37cc,0.035,,,
260,2026-08-03,SH601377,0.0539356991648674,EXP_LinearModel_Alpha158_csi300_custom_step0_s_20260803_14,23f715c0e1f946fa98a99475ae8b37cc,0.035,,,
261,2026-08-03,SH601360,-0.03268394246697426,EXP_LinearModel_Alpha158_csi300_custom_step0_s_20260803_14,23f715c0e1f946fa98a99475ae8b37cc,0.035,,,
262,2026-08-03,SH601336,-0.023517191410064697,EXP_LinearModel_Alpha158_csi300_custom_step0_s_20260803_14,23f715c0e1f946fa98a99475ae8b37cc,0.035,,,
263,2026-08-03,SH601066,-0.10494250804185867,EXP_LinearModel_Alpha158_csi300_custom_step0_s_20260803_14,23f715c0e1f946fa98a99475ae8b37cc,0.035,,,
264,2026-08-03,SH601059,-0.0019010885152965784,EXP_LinearModel_Alpha158_csi300_custom_step0_s_20260803_14,23f715c0e1f946fa98a99475ae8b37cc,0.035,,,
265,2026-08-03,SH601058,-0.005729484837502241,EXP_LinearModel_Alpha158_csi300_custom_step0_s_20260803_14,23f715c0e1f946fa98a99475ae8b37cc,0.035,,,
266,2026-08-03,SH601021,0.0018561175093054771,EXP_LinearModel_Alpha158_csi300_custom_step0_s_20260803_14,23f715c0e1f946fa98a99475ae8b37cc,0.035,,,
267,2026-08-03,SH601018,0.04799683764576912,EXP_LinearModel_Alpha158_csi300_custom_step0_s_20260803_14,23f715c0e1f946fa98a99475ae8b37cc,0.035,,,
268,2026-08-03,SH601012,-0.020551320165395737,EXP_LinearModel_Alpha158_csi300_custom_step0_s_20260803_14,23f715c0e1f946fa98a99475ae8b37cc,0.035,,,
269,2026-08-03,SH601009,0.03187878057360649,EXP_LinearModel_Alpha158_csi300_custom_step0_s_20260803_14,23f715c0e1f946fa98a99475ae8b37cc,0.035,,,
270,2026-08-03,SH601006,0.06307460367679596,EXP_LinearModel_Alpha158_csi300_custom_step0_s_20260803_14,23f715c0e1f946fa98a99475ae8b37cc,0.035,,,
271,2026-08-03,SH600999,-0.06207447126507759,EXP_LinearModel_Alpha158_csi300_custom_step0_s_20260803_14,23f715c0e1f946fa98a99475ae8b37cc,0.035,,,
272,2026-08-03,SH600989,0.04961885139346123,EXP_LinearModel_Alpha158_csi300_custom_step0_s_20260803_14,23f715c0e1f946fa98a99475ae8b37cc,0.035,,,
273,2026-08-03,SH600958,-0.012047579512000084,EXP_LinearModel_Alpha158_csi300_custom_step0_s_20260803_14,23f715c0e1f946fa98a99475ae8b37cc,0.035,,,
274,2026-08-03,SH600941,0.026130370795726776,EXP_LinearModel_Alpha158_csi300_custom_step0_s_20260803_14,23f715c0e1f946fa98a99475ae8b37cc,0.035,,,
275,2026-08-03,SH600938,0.02395992912352085,EXP_LinearModel_Alpha158_csi300_custom_step0_s_20260803_14,23f715c0e1f946fa98a99475ae8b37cc,0.035,,,
276,2026-08-03,SH600930,0.11176471412181854,EXP_LinearModel_Alpha158_csi300_custom_step0_s_20260803_14,23f715c0e1f946fa98a99475ae8b37cc,0.035,,,
277,2026-08-03,SH600926,0.06411156803369522,EXP_LinearModel_Alpha158_csi300_custom_step0_s_20260803_14,23f715c0e1f946fa98a99475ae8b37cc,0.035,,,
278,2026-08-03,SH601077,0.03830089047551155,EXP_LinearModel_Alpha158_csi300_custom_step0_s_20260803_14,23f715c0e1f946fa98a99475ae8b37cc,0.035,,,
279,2026-08-03,SH600918,-0.015934783965349197,EXP_LinearModel_Alpha158_csi300_custom_step0_s_20260803_14,23f715c0e1f946fa98a99475ae8b37cc,0.035,,,
280,2026-08-03,SH601088,-0.012073744088411331,EXP_LinearModel_Alpha158_csi300_custom_step0_s_20260803_14,23f715c0e1f946fa98a99475ae8b37cc,0.035,,,
281,2026-08-03,SH601111,-0.023696234449744225,EXP_LinearModel_Alpha158_csi300_custom_step0_s_20260803_14,23f715c0e1f946fa98a99475ae8b37cc,0.035,,,
282,2026-08-03,SH601328,0.03630872070789337,EXP_LinearModel_Alpha158_csi300_custom_step0_s_20260803_14,23f715c0e1f946fa98a99475ae8b37cc,0.035,,,
283,2026-08-03,SH601319,0.06113460659980774,EXP_LinearModel_Alpha158_csi300_custom_step0_s_20260803_14,23f715c0e1f946fa98a99475ae8b37cc,0.035,,,
284,2026-08-03,SH601318,0.06518787890672684,EXP_LinearModel_Alpha158_csi300_custom_step0_s_20260803_14,23f715c0e1f946fa98a99475ae8b37cc,0.035,,,
285,2026-08-03,SH601288,0.028353750705718994,EXP_LinearModel_Alpha158_csi300_custom_step0_s_20260803_14,23f715c0e1f946fa98a99475ae8b37cc,0.035,,,
286,2026-08-03,SH601238,-0.1189834326505661,EXP_LinearModel_Alpha158_csi300_custom_step0_s_20260803_14,23f715c0e1f946fa98a99475ae8b37cc,0.035,,,
287,2026-08-03,SH601229,0.0819556713104248,EXP_LinearModel_Alpha158_csi300_custom_step0_s_20260803_14,23f715c0e1f946fa98a99475ae8b37cc,0.035,,,
288,2026-08-03,SH601225,0.09039604663848877,EXP_LinearModel_Alpha158_csi300_custom_step0_s_20260803_14,23f715c0e1f946fa98a99475ae8b37cc,0.035,,,
289,2026-08-03,SH601211,-0.03765780106186867,EXP_LinearModel_Alpha158_csi300_custom_step0_s_20260803_14,23f715c0e1f946fa98a99475ae8b37cc,0.035,,,
290,2026-08-03,SH601186,0.06034688651561737,EXP_LinearModel_Alpha158_csi300_custom_step0_s_20260803_14,23f715c0e1f946fa98a99475ae8b37cc,0.035,,,
291,2026-08-03,SH601169,0.05837731808423996,EXP_LinearModel_Alpha158_csi300_custom_step0_s_20260803_14,23f715c0e1f946fa98a99475ae8b37cc,0.035,,,
292,2026-08-03,SH601166,0.05462288111448288,EXP_LinearModel_Alpha158_csi300_custom_step0_s_20260803_14,23f715c0e1f946fa98a99475ae8b37cc,0.035,,,
293,2026-08-03,SH601138,0.04604657366871834,EXP_LinearModel_Alpha158_csi300_custom_step0_s_20260803_14,23f715c0e1f946fa98a99475ae8b37cc,0.035,,,
294,2026-08-03,SH601136,-0.02663850039243698,EXP_LinearModel_Alpha158_csi300_custom_step0_s_20260803_14,23f715c0e1f946fa98a99475ae8b37cc,0.035,,,
295,2026-08-03,SH601127,-0.0873924121260643,EXP_LinearModel_Alpha158_csi300_custom_step0_s_20260803_14,23f715c0e1f946fa98a99475ae8b37cc,0.035,,,
296,2026-08-03,SH601117,0.0448775514960289,EXP_LinearModel_Alpha158_csi300_custom_step0_s_20260803_14,23f715c0e1f946fa98a99475ae8b37cc,0.035,,,
297,2026-08-03,SH601100,0.04526412487030029,EXP_LinearModel_Alpha158_csi300_custom_step0_s_20260803_14,23f715c0e1f946fa98a99475ae8b37cc,0.035,,,
298,2026-08-03,SH600009,-0.02956048771739006,EXP_LinearModel_Alpha158_csi300_custom_step0_s_20260803_14,23f715c0e1f946fa98a99475ae8b37cc,0.035,,,
299,2026-08-03,SZ302132,0.045329608023166656,EXP_LinearModel_Alpha158_csi300_custom_step0_s_20260803_14,23f715c0e1f946fa98a99475ae8b37cc,0.035,,,
300,2026-08-03,SH600009,-0.026883194223046303,EXP_LinearModel_Alpha158_csi300_custom_step0_s_20260803_14,4e8d64dedeae4de0bf8267e3e8e7d595,0.056,,,
301,2026-08-03,SZ000617,-0.07145079225301743,EXP_LinearModel_Alpha158_csi300_custom_step0_s_20260803_14,4e8d64dedeae4de0bf8267e3e8e7d595,0.056,,,
302,2026-08-03,SZ000596,-0.09890590608119965,EXP_LinearModel_Alpha158_csi300_custom_step0_s_20260803_14,4e8d64dedeae4de0bf8267e3e8e7d595,0.056,,,
303,2026-08-03,SZ000568,-0.03935921937227249,EXP_LinearModel_Alpha158_csi300_custom_step0_s_20260803_14,4e8d64dedeae4de0bf8267e3e8e7d595,0.056,,,
304,2026-08-03,SZ000538,0.06839555501937866,EXP_LinearModel_Alpha158_csi300_custom_step0_s_20260803_14,4e8d64dedeae4de0bf8267e3e8e7d595,0.056,,,
305,2026-08-03,SZ000425,-0.03154298663139343,EXP_LinearModel_Alpha158_csi300_custom_step0_s_20260803_14,4e8d64dedeae4de0bf8267e3e8e7d595,0.056,,,
306,2026-08-03,SZ000408,-0.008092328906059265,EXP_LinearModel_Alpha158_csi300_custom_step0_s_20260803_14,4e8d64dedeae4de0bf8267e3e8e7d595,0.056,,,
307,2026-08-03,SZ000625,-0.03003508597612381,EXP_LinearModel_Alpha158_csi300_custom_step0_s_20260803_14,4e8d64dedeae4de0bf8267e3e8e7d595,0.056,,,
308,2026-08-03,SZ000338,0.151547372341156,EXP_LinearModel_Alpha158_csi300_custom_step0_s_20260803_14,4e8d64dedeae4de0bf8267e3e8e7d595,0.056,,,
309,2026-08-03,SZ000301,-0.13783535361289978,EXP_LinearModel_Alpha158_csi300_custom_step0_s_20260803_14,4e8d64dedeae4de0bf8267e3e8e7d595,0.056,,,
310,2026-08-03,SZ000166,0.03097713366150856,EXP_LinearModel_Alpha158_csi300_custom_step0_s_20260803_14,4e8d64dedeae4de0bf8267e3e8e7d595,0.056,,,
311,2026-08-03,SZ000157,0.08379880338907242,EXP_LinearModel_Alpha158_csi300_custom_step0_s_20260803_14,4e8d64dedeae4de0bf8267e3e8e7d595,0.056,,,
312,2026-08-03,SZ000100,0.03078315407037735,EXP_LinearModel_Alpha158_csi300_custom_step0_s_20260803_14,4e8d64dedeae4de0bf8267e3e8e7d595,0.056,,,
313,2026-08-03,SZ000063,-0.054638735949993134,EXP_LinearModel_Alpha158_csi300_custom_step0_s_20260803_14,4e8d64dedeae4de0bf8267e3e8e7d595,0.056,,,
314,2026-08-03,SZ000002,-0.17865855991840363,EXP_LinearModel_Alpha158_csi300_custom_step0_s_20260803_14,4e8d64dedeae4de0bf8267e3e8e7d595,0.056,,,
315,2026-08-03,SZ000333,0.08572305738925934,EXP_LinearModel_Alpha158_csi300_custom_step0_s_20260803_14,4e8d64dedeae4de0bf8267e3e8e7d595,0.056,,,
316,2026-08-03,SZ000630,-0.04001075029373169,EXP_LinearModel_Alpha158_csi300_custom_step0_s_20260803_14,4e8d64dedeae4de0bf8267e3e8e7d595,0.056,,,
317,2026-08-03,SZ000651,0.035336755216121674,EXP_LinearModel_Alpha158_csi300_custom_step0_s_20260803_14,4e8d64dedeae4de0bf8267e3e8e7d595,0.056,,,
318,2026-08-03,SZ000657,0.6376814842224121,EXP_LinearModel_Alpha158_csi300_custom_step0_s_20260803_14,4e8d64dedeae4de0bf8267e3e8e7d595,0.056,,,
319,2026-08-03,SZ001280,0.05282828211784363,EXP_LinearModel_Alpha158_csi300_custom_step0_s_20260803_14,4e8d64dedeae4de0bf8267e3e8e7d595,0.056,,,
320,2026-08-03,SZ000999,0.03372440114617348,EXP_LinearModel_Alpha158_csi300_custom_step0_s_20260803_14,4e8d64dedeae4de0bf8267e3e8e7d595,0.056,,,
321,2026-08-03,SZ000988,0.6036742925643921,EXP_LinearModel_Alpha158_csi300_custom_step0_s_20260803_14,4e8d64dedeae4de0bf8267e3e8e7d595,0.056,,,
322,2026-08-03,SZ000977,-0.002187824808061123,EXP_LinearModel_Alpha158_csi300_custom_step0_s_20260803_14,4e8d64dedeae4de0bf8267e3e8e7d595,0.056,,,
323,2026-08-03,SZ000975,-0.03011145442724228,EXP_LinearModel_Alpha158_csi300_custom_step0_s_20260803_14,4e8d64dedeae4de0bf8267e3e8e7d595,0.056,,,
324,2026-08-03,SZ000963,-0.06574100255966187,EXP_LinearModel_Alpha158_csi300_custom_step0_s_20260803_14,4e8d64dedeae4de0bf8267e3e8e7d595,0.056,,,
325,2026-08-03,SZ000938,0.2018510401248932,EXP_LinearModel_Alpha158_csi300_custom_step0_s_20260803_14,4e8d64dedeae4de0bf8267e3e8e7d595,0.056,,,
326,2026-08-03,SZ000895,0.011847788468003273,EXP_LinearModel_Alpha158_csi300_custom_step0_s_20260803_14,4e8d64dedeae4de0bf8267e3e8e7d595,0.056,,,
327,2026-08-03,SZ000858,-0.0689147561788559,EXP_LinearModel_Alpha158_csi300_custom_step0_s_20260803_14,4e8d64dedeae4de0bf8267e3e8e7d595,0.056,,,
328,2026-08-03,SZ000807,-0.07109012454748154,EXP_LinearModel_Alpha158_csi300_custom_step0_s_20260803_14,4e8d64dedeae4de0bf8267e3e8e7d595,0.056,,,
329,2026-08-03,SZ000792,-0.06436903029680252,EXP_LinearModel_Alpha158_csi300_custom_step0_s_20260803_14,4e8d64dedeae4de0bf8267e3e8e7d595,0.056,,,
330,2026-08-03,SZ000776,0.007024262100458145,EXP_LinearModel_Alpha158_csi300_custom_step0_s_20260803_14,4e8d64dedeae4de0bf8267e3e8e7d595,0.056,,,
331,2026-08-03,SZ000768,0.04624578356742859,EXP_LinearModel_Alpha158_csi300_custom_step0_s_20260803_14,4e8d64dedeae4de0bf8267e3e8e7d595,0.056,,,
332,2026-08-03,SZ000725,0.23699724674224854,EXP_LinearModel_Alpha158_csi300_custom_step0_s_20260803_14,4e8d64dedeae4de0bf8267e3e8e7d595,0.056,,,
333,2026-08-03,SZ000708,0.07414556294679642,EXP_LinearModel_Alpha158_csi300_custom_step0_s_20260803_14,4e8d64dedeae4de0bf8267e3e8e7d595,0.056,,,
334,2026-08-03,SZ000001,0.014622830785810947,EXP_LinearModel_Alpha158_csi300_custom_step0_s_20260803_14,4e8d64dedeae4de0bf8267e3e8e7d595,0.056,,,
335,2026-08-03,SH688981,0.10143229365348816,EXP_LinearModel_Alpha158_csi300_custom_step0_s_20260803_14,4e8d64dedeae4de0bf8267e3e8e7d595,0.056,,,
336,2026-08-03,SH688521,0.34609028697013855,EXP_LinearModel_Alpha158_csi300_custom_step0_s_20260803_14,4e8d64dedeae4de0bf8267e3e8e7d595,0.056,,,
337,2026-08-03,SH688506,-0.15368713438510895,EXP_LinearModel_Alpha158_csi300_custom_step0_s_20260803_14,4e8d64dedeae4de0bf8267e3e8e7d595,0.056,,,
338,2026-08-03,SH603993,-0.07204954326152802,EXP_LinearModel_Alpha158_csi300_custom_step0_s_20260803_14,4e8d64dedeae4de0bf8267e3e8e7d595,0.056,,,
339,2026-08-03,SH603986,0.6476343274116516,EXP_LinearModel_Alpha158_csi300_custom_step0_s_20260803_14,4e8d64dedeae4de0bf8267e3e8e7d595,0.056,,,
340,2026-08-03,SH603893,0.02788308821618557,EXP_LinearModel_Alpha158_csi300_custom_step0_s_20260803_14,4e8d64dedeae4de0bf8267e3e8e7d595,0.056,,,
341,2026-08-03,SH603799,0.020793745294213295,EXP_LinearModel_Alpha158_csi300_custom_step0_s_20260803_14,4e8d64dedeae4de0bf8267e3e8e7d595,0.056,,,
342,2026-08-03,SH603501,0.023458803072571754,EXP_LinearModel_Alpha158_csi300_custom_step0_s_20260803_14,4e8d64dedeae4de0bf8267e3e8e7d595,0.056,,,
343,2026-08-03,SH603392,-0.13288475573062897,EXP_LinearModel_Alpha158_csi300_custom_step0_s_20260803_14,4e8d64dedeae4de0bf8267e3e8e7d595,0.056,,,
344,2026-08-03,SH603369,-0.019521379843354225,EXP_LinearModel_Alpha158_csi300_custom_step0_s_20260803_14,4e8d64dedeae4de0bf8267e3e8e7d595,0.056,,,
345,2026-08-03,SH603296,0.03982396423816681,EXP_LinearModel_Alpha158_csi300_custom_step0_s_20260803_14,4e8d64dedeae4de0bf8267e3e8e7d595,0.056,,,
346,2026-08-03,SH603288,0.012169967405498028,EXP_LinearModel_Alpha158_csi300_custom_step0_s_20260803_14,4e8d64dedeae4de0bf8267e3e8e7d595,0.056,,,
347,2026-08-03,SH603260,0.16122658550739288,EXP_LinearModel_Alpha158_csi300_custom_step0_s_20260803_14,4e8d64dedeae4de0bf8267e3e8e7d595,0.056,,,
348,2026-08-03,SH603259,-0.14868862926959991,EXP_LinearModel_Alpha158_csi300_custom_step0_s_20260803_14,4e8d64dedeae4de0bf8267e3e8e7d595,0.056,,,
349,2026-08-03,SH603019,0.026078321039676666,EXP_LinearModel_Alpha158_csi300_custom_step0_s_20260803_14,4e8d64dedeae4de0bf8267e3e8e7d595,0.056,,,
350,2026-08-03,SH601998,0.029829084873199463,EXP_LinearModel_Alpha158_csi300_custom_step0_s_20260803_14,4e8d64dedeae4de0bf8267e3e8e7d595,0.056,,,
351,2026-08-03,SH601995,-0.06788618862628937,EXP_LinearModel_Alpha158_csi300_custom_step0_s_20260803_14,4e8d64dedeae4de0bf8267e3e8e7d595,0.056,,,
352,2026-08-03,SH601988,0.05854334682226181,EXP_LinearModel_Alpha158_csi300_custom_step0_s_20260803_14,4e8d64dedeae4de0bf8267e3e8e7d595,0.056,,,
353,2026-08-03,SH605117,0.03625102341175079,EXP_LinearModel_Alpha158_csi300_custom_step0_s_20260803_14,4e8d64dedeae4de0bf8267e3e8e7d595,0.056,,,
354,2026-08-03,SZ001391,0.06712136417627335,EXP_LinearModel_Alpha158_csi300_custom_step0_s_20260803_14,4e8d64dedeae4de0bf8267e3e8e7d595,0.056,,,
355,2026-08-03,SH605499,-0.07898831367492676,EXP_LinearModel_Alpha158_csi300_custom_step0_s_20260803_14,4e8d64dedeae4de0bf8267e3e8e7d595,0.056,,,
356,2026-08-03,SH688009,0.04902996867895126,EXP_LinearModel_Alpha158_csi300_custom_step0_s_20260803_14,4e8d64dedeae4de0bf8267e3e8e7d595,0.056,,,
357,2026-08-03,SH688472,-0.120716892182827,EXP_LinearModel_Alpha158_csi300_custom_step0_s_20260803_14,4e8d64dedeae4de0bf8267e3e8e7d595,0.056,,,
358,2026-08-03,SH688396,0.4245961904525757,EXP_LinearModel_Alpha158_csi300_custom_step0_s_20260803_14,4e8d64dedeae4de0bf8267e3e8e7d595,0.056,,,
359,2026-08-03,SH688303,-0.07165843993425369,EXP_LinearModel_Alpha158_csi300_custom_step0_s_20260803_14,4e8d64dedeae4de0bf8267e3e8e7d595,0.056,,,
360,2026-08-03,SH688271,0.00236859661526978,EXP_LinearModel_Alpha158_csi300_custom_step0_s_20260803_14,4e8d64dedeae4de0bf8267e3e8e7d595,0.056,,,
361,2026-08-03,SH688256,0.156108096241951,EXP_LinearModel_Alpha158_csi300_custom_step0_s_20260803_14,4e8d64dedeae4de0bf8267e3e8e7d595,0.056,,,
362,2026-08-03,SH688223,-0.06766748428344727,EXP_LinearModel_Alpha158_csi300_custom_step0_s_20260803_14,4e8d64dedeae4de0bf8267e3e8e7d595,0.056,,,
363,2026-08-03,SH688183,-0.029058048501610756,EXP_LinearModel_Alpha158_csi300_custom_step0_s_20260803_14,4e8d64dedeae4de0bf8267e3e8e7d595,0.056,,,
364,2026-08-03,SH688126,0.2611154019832611,EXP_LinearModel_Alpha158_csi300_custom_step0_s_20260803_14,4e8d64dedeae4de0bf8267e3e8e7d595,0.056,,,
365,2026-08-03,SH688111,-0.09333249181509018,EXP_LinearModel_Alpha158_csi300_custom_step0_s_20260803_14,4e8d64dedeae4de0bf8267e3e8e7d595,0.056,,,
366,2026-08-03,SH688082,0.3193211853504181,EXP_LinearModel_Alpha158_csi300_custom_step0_s_20260803_14,4e8d64dedeae4de0bf8267e3e8e7d595,0.056,,,
367,2026-08-03,SH688072,,EXP_LinearModel_Alpha158_csi300_custom_step0_s_20260803_14,4e8d64dedeae4de0bf8267e3e8e7d595,0.056,,,
368,2026-08-03,SH688047,0.08171935379505157,EXP_LinearModel_Alpha158_csi300_custom_step0_s_20260803_14,4e8d64dedeae4de0bf8267e3e8e7d595,0.056,,,
369,2026-08-03,SH688041,0.08907872438430786,EXP_LinearModel_Alpha158_csi300_custom_step0_s_20260803_14,4e8d64dedeae4de0bf8267e3e8e7d595,0.056,,,
370,2026-08-03,SH688036,0.04658551514148712,EXP_LinearModel_Alpha158_csi300_custom_step0_s_20260803_14,4e8d64dedeae4de0bf8267e3e8e7d595,0.056,,,
371,2026-08-03,SH688012,0.18322446942329407,EXP_LinearModel_Alpha158_csi300_custom_step0_s_20260803_14,4e8d64dedeae4de0bf8267e3e8e7d595,0.056,,,
372,2026-08-03,SH688008,0.39485740661621094,EXP_LinearModel_Alpha158_csi300_custom_step0_s_20260803_14,4e8d64dedeae4de0bf8267e3e8e7d595,0.056,,,
373,2026-08-03,SH601985,0.0837930217385292,EXP_LinearModel_Alpha158_csi300_custom_step0_s_20260803_14,4e8d64dedeae4de0bf8267e3e8e7d595,0.056,,,
374,2026-08-03,SZ001965,0.043120041489601135,EXP_LinearModel_Alpha158_csi300_custom_step0_s_20260803_14,4e8d64dedeae4de0bf8267e3e8e7d595,0.056,,,
375,2026-08-03,SZ002001,-0.114448681473732,EXP_LinearModel_Alpha158_csi300_custom_step0_s_20260803_14,4e8d64dedeae4de0bf8267e3e8e7d595,0.056,,,
376,2026-08-03,SZ300413,-0.08566592633724213,EXP_LinearModel_Alpha158_csi300_custom_step0_s_20260803_14,4e8d64dedeae4de0bf8267e3e8e7d595,0.056,,,
377,2026-08-03,SZ300408,0.22982323169708252,EXP_LinearModel_Alpha158_csi300_custom_step0_s_20260803_14,4e8d64dedeae4de0bf8267e3e8e7d595,0.056,,,
378,2026-08-03,SZ300394,0.24640649557113647,EXP_LinearModel_Alpha158_csi300_custom_step0_s_20260803_14,4e8d64dedeae4de0bf8267e3e8e7d595,0.056,,,
379,2026-08-03,SZ300316,0.17263388633728027,EXP_LinearModel_Alpha158_csi300_custom_step0_s_20260803_14,4e8d64dedeae4de0bf8267e3e8e7d595,0.056,,,
380,2026-08-03,SZ300308,0.07711374014616013,EXP_LinearModel_Alpha158_csi300_custom_step0_s_20260803_14,4e8d64dedeae4de0bf8267e3e8e7d595,0.056,,,
381,2026-08-03,SZ300274,0.1658245474100113,EXP_LinearModel_Alpha158_csi300_custom_step0_s_20260803_14,4e8d64dedeae4de0bf8267e3e8e7d595,0.056,,,
382,2026-08-03,SZ300418,0.01865382492542267,EXP_LinearModel_Alpha158_csi300_custom_step0_s_20260803_14,4e8d64dedeae4de0bf8267e3e8e7d595,0.056,,,
383,2026-08-03,SZ300251,-0.06876015663146973,EXP_LinearModel_Alpha158_csi300_custom_step0_s_20260803_14,4e8d64dedeae4de0bf8267e3e8e7d595,0.056,,,
384,2026-08-03,SZ300122,-0.07677215337753296,EXP_LinearModel_Alpha158_csi300_custom_step0_s_20260803_14,4e8d64dedeae4de0bf8267e3e8e7d595,0.056,,,
385,2026-08-03,SZ300059,-0.10753183811903,EXP_LinearModel_Alpha158_csi300_custom_step0_s_20260803_14,4e8d64dedeae4de0bf8267e3e8e7d595,0.056,,,
386,2026-08-03,SZ300033,-0.042631182819604874,EXP_LinearModel_Alpha158_csi300_custom_step0_s_20260803_14,4e8d64dedeae4de0bf8267e3e8e7d595,0.056,,,
387,2026-08-03,SZ300015,0.004215960390865803,EXP_LinearModel_Alpha158_csi300_custom_step0_s_20260803_14,4e8d64dedeae4de0bf8267e3e8e7d595,0.056,,,
388,2026-08-03,SZ300014,-0.029904909431934357,EXP_LinearModel_Alpha158_csi300_custom_step0_s_20260803_14,4e8d64dedeae4de0bf8267e3e8e7d595,0.056,,,
389,2026-08-03,SZ003816,-0.012547450140118599,EXP_LinearModel_Alpha158_csi300_custom_step0_s_20260803_14,4e8d64dedeae4de0bf8267e3e8e7d595,0.056,,,
390,2026-08-03,SZ300124,0.027282312512397766,EXP_LinearModel_Alpha158_csi300_custom_step0_s_20260803_14,4e8d64dedeae4de0bf8267e3e8e7d595,0.056,,,
391,2026-08-03,SZ300433,0.3760085999965668,EXP_LinearModel_Alpha158_csi300_custom_step0_s_20260803_14,4e8d64dedeae4de0bf8267e3e8e7d595,0.056,,,
392,2026-08-03,SZ300442,0.12181651592254639,EXP_LinearModel_Alpha158_csi300_custom_step0_s_20260803_14,4e8d64dedeae4de0bf8267e3e8e7d595,0.056,,,
393,2026-08-03,SZ300450,-0.024652771651744843,EXP_LinearModel_Alpha158_csi300_custom_step0_s_20260803_14,4e8d64dedeae4de0bf8267e3e8e7d595,0.056,,,
394,2026-08-03,SZ301269,0.10656239837408066,EXP_LinearModel_Alpha158_csi300_custom_step0_s_20260803_14,4e8d64dedeae4de0bf8267e3e8e7d595,0.056,,,
395,2026-08-03,SZ301236,-0.06758150458335876,EXP_LinearModel_Alpha158_csi300_custom_step0_s_20260803_14,4e8d64dedeae4de0bf8267e3e8e7d595,0.056,,,
396,2026-08-03,SZ301165,-0.09357862174510956,EXP_LinearModel_Alpha158_csi300_custom_step0_s_20260803_14,4e8d64dedeae4de0bf8267e3e8e7d595,0.056,,,
397,2026-08-03,SZ300999,0.018157033249735832,EXP_LinearModel_Alpha158_csi300_custom_step0_s_20260803_14,4e8d64dedeae4de0bf8267e3e8e7d595,0.056,,,
398,2026-08-03,SZ300896,-0.09424618631601334,EXP_LinearModel_Alpha158_csi300_custom_step0_s_20260803_14,4e8d64dedeae4de0bf8267e3e8e7d595,0.056,,,
399,2026-08-03,SZ300866,-0.009298267774283886,EXP_LinearModel_Alpha158_csi300_custom_step0_s_20260803_14,4e8d64dedeae4de0bf8267e3e8e7d595,0.056,,,
400,2026-08-03,SZ300832,-0.05238582193851471,EXP_LinearModel_Alpha158_csi300_custom_step0_s_20260803_14,4e8d64dedeae4de0bf8267e3e8e7d595,0.056,,,
401,2026-08-03,SZ300803,-0.07361295819282532,EXP_LinearModel_Alpha158_csi300_custom_step0_s_20260803_14,4e8d64dedeae4de0bf8267e3e8e7d595,0.056,,,
402,2026-08-03,SZ300760,0.0013757840497419238,EXP_LinearModel_Alpha158_csi300_custom_step0_s_20260803_14,4e8d64dedeae4de0bf8267e3e8e7d595,0.056,,,
403,2026-08-03,SZ300750,-0.004681354854255915,EXP_LinearModel_Alpha158_csi300_custom_step0_s_20260803_14,4e8d64dedeae4de0bf8267e3e8e7d595,0.056,,,
404,2026-08-03,SZ300661,0.15809926390647888,EXP_LinearModel_Alpha158_csi300_custom_step0_s_20260803_14,4e8d64dedeae4de0bf8267e3e8e7d595,0.056,,,
405,2026-08-03,SZ300628,-0.08856571465730667,EXP_LinearModel_Alpha158_csi300_custom_step0_s_20260803_14,4e8d64dedeae4de0bf8267e3e8e7d595,0.056,,,
406,2026-08-03,SZ300502,-0.025311363860964775,EXP_LinearModel_Alpha158_csi300_custom_step0_s_20260803_14,4e8d64dedeae4de0bf8267e3e8e7d595,0.056,,,
407,2026-08-03,SZ300498,0.02327549085021019,EXP_LinearModel_Alpha158_csi300_custom_step0_s_20260803_14,4e8d64dedeae4de0bf8267e3e8e7d595,0.056,,,
408,2026-08-03,SZ300476,0.4596393406391144,EXP_LinearModel_Alpha158_csi300_custom_step0_s_20260803_14,4e8d64dedeae4de0bf8267e3e8e7d595,0.056,,,
409,2026-08-03,SZ002938,0.12288350611925125,EXP_LinearModel_Alpha158_csi300_custom_step0_s_20260803_14,4e8d64dedeae4de0bf8267e3e8e7d595,0.056,,,
410,2026-08-03,SZ002920,-0.045545175671577454,EXP_LinearModel_Alpha158_csi300_custom_step0_s_20260803_14,4e8d64dedeae4de0bf8267e3e8e7d595,0.056,,,
411,2026-08-03,SZ002916,0.21389946341514587,EXP_LinearModel_Alpha158_csi300_custom_step0_s_20260803_14,4e8d64dedeae4de0bf8267e3e8e7d595,0.056,,,
412,2026-08-03,SZ002837,0.3895156979560852,EXP_LinearModel_Alpha158_csi300_custom_step0_s_20260803_14,4e8d64dedeae4de0bf8267e3e8e7d595,0.056,,,
413,2026-08-03,SZ002353,0.19475026428699493,EXP_LinearModel_Alpha158_csi300_custom_step0_s_20260803_14,4e8d64dedeae4de0bf8267e3e8e7d595,0.056,,,
414,2026-08-03,SZ002352,-0.01629393734037876,EXP_LinearModel_Alpha158_csi300_custom_step0_s_20260803_14,4e8d64dedeae4de0bf8267e3e8e7d595,0.056,,,
415,2026-08-03,SZ002311,0.10804914683103561,EXP_LinearModel_Alpha158_csi300_custom_step0_s_20260803_14,4e8d64dedeae4de0bf8267e3e8e7d595,0.056,,,
416,2026-08-03,SZ002304,-0.010912994854152203,EXP_LinearModel_Alpha158_csi300_custom_step0_s_20260803_14,4e8d64dedeae4de0bf8267e3e8e7d595,0.056,,,
417,2026-08-03,SZ002241,-0.11828386783599854,EXP_LinearModel_Alpha158_csi300_custom_step0_s_20260803_14,4e8d64dedeae4de0bf8267e3e8e7d595,0.056,,,
418,2026-08-03,SZ002236,-0.03125448524951935,EXP_LinearModel_Alpha158_csi300_custom_step0_s_20260803_14,4e8d64dedeae4de0bf8267e3e8e7d595,0.056,,,
419,2026-08-03,SZ002230,-0.0332990400493145,EXP_LinearModel_Alpha158_csi300_custom_step0_s_20260803_14,4e8d64dedeae4de0bf8267e3e8e7d595,0.056,,,
420,2026-08-03,SZ002202,0.1112978607416153,EXP_LinearModel_Alpha158_csi300_custom_step0_s_20260803_14,4e8d64dedeae4de0bf8267e3e8e7d595,0.056,,,
421,2026-08-03,SZ002179,0.07581954449415207,EXP_LinearModel_Alpha158_csi300_custom_step0_s_20260803_14,4e8d64dedeae4de0bf8267e3e8e7d595,0.056,,,
422,2026-08-03,SZ002142,0.04218444600701332,EXP_LinearModel_Alpha158_csi300_custom_step0_s_20260803_14,4e8d64dedeae4de0bf8267e3e8e7d595,0.056,,,
423,2026-08-03,SZ002074,-0.06302379816770554,EXP_LinearModel_Alpha158_csi300_custom_step0_s_20260803_14,4e8d64dedeae4de0bf8267e3e8e7d595,0.056,,,
424,2026-08-03,SZ002050,0.08771725744009018,EXP_LinearModel_Alpha158_csi300_custom_step0_s_20260803_14,4e8d64dedeae4de0bf8267e3e8e7d595,0.056,,,
425,2026-08-03,SZ002049,0.20362724363803864,EXP_LinearModel_Alpha158_csi300_custom_step0_s_20260803_14,4e8d64dedeae4de0bf8267e3e8e7d595,0.056,,,
426,2026-08-03,SZ002028,-0.018806910142302513,EXP_LinearModel_Alpha158_csi300_custom_step0_s_20260803_14,4e8d64dedeae4de0bf8267e3e8e7d595,0.056,,,
427,2026-08-03,SZ002027,0.041106171905994415,EXP_LinearModel_Alpha158_csi300_custom_step0_s_20260803_14,4e8d64dedeae4de0bf8267e3e8e7d595,0.056,,,
428,2026-08-03,SZ002371,0.14327484369277954,EXP_LinearModel_Alpha158_csi300_custom_step0_s_20260803_14,4e8d64dedeae4de0bf8267e3e8e7d595,0.056,,,
429,2026-08-03,SZ001979,-0.13275735080242157,EXP_LinearModel_Alpha158_csi300_custom_step0_s_20260803_14,4e8d64dedeae4de0bf8267e3e8e7d595,0.056,,,
430,2026-08-03,SZ002384,0.13054566085338593,EXP_LinearModel_Alpha158_csi300_custom_step0_s_20260803_14,4e8d64dedeae4de0bf8267e3e8e7d595,0.056,,,
431,2026-08-03,SZ002422,0.16736450791358948,EXP_LinearModel_Alpha158_csi300_custom_step0_s_20260803_14,4e8d64dedeae4de0bf8267e3e8e7d595,0.056,,,
432,2026-08-03,SZ002736,0.037576183676719666,EXP_LinearModel_Alpha158_csi300_custom_step0_s_20260803_14,4e8d64dedeae4de0bf8267e3e8e7d595,0.056,,,
433,2026-08-03,SZ002714,-0.049738362431526184,EXP_LinearModel_Alpha158_csi300_custom_step0_s_20260803_14,4e8d64dedeae4de0bf8267e3e8e7d595,0.056,,,
434,2026-08-03,SZ002709,0.15485714375972748,EXP_LinearModel_Alpha158_csi300_custom_step0_s_20260803_14,4e8d64dedeae4de0bf8267e3e8e7d595,0.056,,,
435,2026-08-03,SZ002648,0.002521687187254429,EXP_LinearModel_Alpha158_csi300_custom_step0_s_20260803_14,4e8d64dedeae4de0bf8267e3e8e7d595,0.056,,,
436,2026-08-03,SZ002625,-0.041778888553380966,EXP_LinearModel_Alpha158_csi300_custom_step0_s_20260803_14,4e8d64dedeae4de0bf8267e3e8e7d595,0.056,,,
437,2026-08-03,SZ002602,-0.14137448370456696,EXP_LinearModel_Alpha158_csi300_custom_step0_s_20260803_14,4e8d64dedeae4de0bf8267e3e8e7d595,0.056,,,
438,2026-08-03,SZ002600,0.19273696839809418,EXP_LinearModel_Alpha158_csi300_custom_step0_s_20260803_14,4e8d64dedeae4de0bf8267e3e8e7d595,0.056,,,
439,2026-08-03,SZ002594,0.0696832537651062,EXP_LinearModel_Alpha158_csi300_custom_step0_s_20260803_14,4e8d64dedeae4de0bf8267e3e8e7d595,0.056,,,
440,2026-08-03,SZ002558,-0.15283696353435516,EXP_LinearModel_Alpha158_csi300_custom_step0_s_20260803_14,4e8d64dedeae4de0bf8267e3e8e7d595,0.056,,,
441,2026-08-03,SZ002532,-0.07096222788095474,EXP_LinearModel_Alpha158_csi300_custom_step0_s_20260803_14,4e8d64dedeae4de0bf8267e3e8e7d595,0.056,,,
442,2026-08-03,SZ002493,-0.13962054252624512,EXP_LinearModel_Alpha158_csi300_custom_step0_s_20260803_14,4e8d64dedeae4de0bf8267e3e8e7d595,0.056,,,
443,2026-08-03,SZ002475,0.012689190916717052,EXP_LinearModel_Alpha158_csi300_custom_step0_s_20260803_14,4e8d64dedeae4de0bf8267e3e8e7d595,0.056,,,
444,2026-08-03,SZ002466,0.06368999183177948,EXP_LinearModel_Alpha158_csi300_custom_step0_s_20260803_14,4e8d64dedeae4de0bf8267e3e8e7d595,0.056,,,
445,2026-08-03,SZ002463,0.06747395545244217,EXP_LinearModel_Alpha158_csi300_custom_step0_s_20260803_14,4e8d64dedeae4de0bf8267e3e8e7d595,0.056,,,
446,2026-08-03,SZ002460,0.022010166198015213,EXP_LinearModel_Alpha158_csi300_custom_step0_s_20260803_14,4e8d64dedeae4de0bf8267e3e8e7d595,0.056,,,
447,2026-08-03,SZ002415,-0.03559329733252525,EXP_LinearModel_Alpha158_csi300_custom_step0_s_20260803_14,4e8d64dedeae4de0bf8267e3e8e7d595,0.056,,,
448,2026-08-03,SH600000,-0.0020451382733881474,EXP_LinearModel_Alpha158_csi300_custom_step0_s_20260803_14,4e8d64dedeae4de0bf8267e3e8e7d595,0.056,,,
449,2026-08-03,SH601939,-0.07061668485403061,EXP_LinearModel_Alpha158_csi300_custom_step0_s_20260803_14,4e8d64dedeae4de0bf8267e3e8e7d595,0.056,,,
450,2026-08-03,SH601916,0.01998242177069187,EXP_LinearModel_Alpha158_csi300_custom_step0_s_20260803_14,4e8d64dedeae4de0bf8267e3e8e7d595,0.056,,,
451,2026-08-03,SH600547,-0.10222921520471573,EXP_LinearModel_Alpha158_csi300_custom_step0_s_20260803_14,4e8d64dedeae4de0bf8267e3e8e7d595,0.056,,,
452,2026-08-03,SH600522,0.589480996131897,EXP_LinearModel_Alpha158_csi300_custom_step0_s_20260803_14,4e8d64dedeae4de0bf8267e3e8e7d595,0.056,,,
453,2026-08-03,SH600519,0.017917480319738388,EXP_LinearModel_Alpha158_csi300_custom_step0_s_20260803_14,4e8d64dedeae4de0bf8267e3e8e7d595,0.056,,,
454,2026-08-03,SH600515,-0.0238470621407032,EXP_LinearModel_Alpha158_csi300_custom_step0_s_20260803_14,4e8d64dedeae4de0bf8267e3e8e7d595,0.056,,,
455,2026-08-03,SH600489,-0.06818321347236633,EXP_LinearModel_Alpha158_csi300_custom_step0_s_20260803_14,4e8d64dedeae4de0bf8267e3e8e7d595,0.056,,,
456,2026-08-03,SH600482,0.08989694714546204,EXP_LinearModel_Alpha158_csi300_custom_step0_s_20260803_14,4e8d64dedeae4de0bf8267e3e8e7d595,0.056,,,
457,2026-08-03,SH600549,0.40022870898246765,EXP_LinearModel_Alpha158_csi300_custom_step0_s_20260803_14,4e8d64dedeae4de0bf8267e3e8e7d595,0.056,,,
458,2026-08-03,SH600460,0.5554428100585938,EXP_LinearModel_Alpha158_csi300_custom_step0_s_20260803_14,4e8d64dedeae4de0bf8267e3e8e7d595,0.056,,,
459,2026-08-03,SH600436,-0.06194847822189331,EXP_LinearModel_Alpha158_csi300_custom_step0_s_20260803_14,4e8d64dedeae4de0bf8267e3e8e7d595,0.056,,,
460,2026-08-03,SH600426,0.006872336380183697,EXP_LinearModel_Alpha158_csi300_custom_step0_s_20260803_14,4e8d64dedeae4de0bf8267e3e8e7d595,0.056,,,
461,2026-08-03,SH600415,-0.12013666331768036,EXP_LinearModel_Alpha158_csi300_custom_step0_s_20260803_14,4e8d64dedeae4de0bf8267e3e8e7d595,0.056,,,
462,2026-08-03,SH600406,0.023385850712656975,EXP_LinearModel_Alpha158_csi300_custom_step0_s_20260803_14,4e8d64dedeae4de0bf8267e3e8e7d595,0.056,,,
463,2026-08-03,SH600372,-0.046748433262109756,EXP_LinearModel_Alpha158_csi300_custom_step0_s_20260803_14,4e8d64dedeae4de0bf8267e3e8e7d595,0.056,,,
464,2026-08-03,SH600362,-0.07101332396268845,EXP_LinearModel_Alpha158_csi300_custom_step0_s_20260803_14,4e8d64dedeae4de0bf8267e3e8e7d595,0.056,,,
465,2026-08-03,SH600438,-0.03858519718050957,EXP_LinearModel_Alpha158_csi300_custom_step0_s_20260803_14,4e8d64dedeae4de0bf8267e3e8e7d595,0.056,,,
466,2026-08-03,SH600570,-0.07520009577274323,EXP_LinearModel_Alpha158_csi300_custom_step0_s_20260803_14,4e8d64dedeae4de0bf8267e3e8e7d595,0.056,,,
467,2026-08-03,SH600584,0.39584314823150635,EXP_LinearModel_Alpha158_csi300_custom_step0_s_20260803_14,4e8d64dedeae4de0bf8267e3e8e7d595,0.056,,,
468,2026-08-03,SH600585,0.0456199124455452,EXP_LinearModel_Alpha158_csi300_custom_step0_s_20260803_14,4e8d64dedeae4de0bf8267e3e8e7d595,0.056,,,
469,2026-08-03,SH600893,-0.04467858001589775,EXP_LinearModel_Alpha158_csi300_custom_step0_s_20260803_14,4e8d64dedeae4de0bf8267e3e8e7d595,0.056,,,
470,2026-08-03,SH600887,0.08427461981773376,EXP_LinearModel_Alpha158_csi300_custom_step0_s_20260803_14,4e8d64dedeae4de0bf8267e3e8e7d595,0.056,,,
471,2026-08-03,SH600886,0.1074671596288681,EXP_LinearModel_Alpha158_csi300_custom_step0_s_20260803_14,4e8d64dedeae4de0bf8267e3e8e7d595,0.056,,,
472,2026-08-03,SH600875,0.04327259585261345,EXP_LinearModel_Alpha158_csi300_custom_step0_s_20260803_14,4e8d64dedeae4de0bf8267e3e8e7d595,0.056,,,
473,2026-08-03,SH600845,-0.019768446683883667,EXP_LinearModel_Alpha158_csi300_custom_step0_s_20260803_14,4e8d64dedeae4de0bf8267e3e8e7d595,0.056,,,
474,2026-08-03,SH600809,-0.036044009029865265,EXP_LinearModel_Alpha158_csi300_custom_step0_s_20260803_14,4e8d64dedeae4de0bf8267e3e8e7d595,0.056,,,
475,2026-08-03,SH600803,-0.07966348528862,EXP_LinearModel_Alpha158_csi300_custom_step0_s_20260803_14,4e8d64dedeae4de0bf8267e3e8e7d595,0.056,,,
476,2026-08-03,SH600795,0.04217392951250076,EXP_LinearModel_Alpha158_csi300_custom_step0_s_20260803_14,4e8d64dedeae4de0bf8267e3e8e7d595,0.056,,,
477,2026-08-03,SH600760,0.09268192946910858,EXP_LinearModel_Alpha158_csi300_custom_step0_s_20260803_14,4e8d64dedeae4de0bf8267e3e8e7d595,0.056,,,
478,2026-08-03,SH600741,0.13150274753570557,EXP_LinearModel_Alpha158_csi300_custom_step0_s_20260803_14,4e8d64dedeae4de0bf8267e3e8e7d595,0.056,,,
479,2026-08-03,SH600690,0.05260777100920677,EXP_LinearModel_Alpha158_csi300_custom_step0_s_20260803_14,4e8d64dedeae4de0bf8267e3e8e7d595,0.056,,,
480,2026-08-03,SH600674,0.14398430287837982,EXP_LinearModel_Alpha158_csi300_custom_step0_s_20260803_14,4e8d64dedeae4de0bf8267e3e8e7d595,0.056,,,
481,2026-08-03,SH600660,-0.010861534625291824,EXP_LinearModel_Alpha158_csi300_custom_step0_s_20260803_14,4e8d64dedeae4de0bf8267e3e8e7d595,0.056,,,
482,2026-08-03,SH600600,-0.04464545100927353,EXP_LinearModel_Alpha158_csi300_custom_step0_s_20260803_14,4e8d64dedeae4de0bf8267e3e8e7d595,0.056,,,
483,2026-08-03,SH600588,-0.084100142121315,EXP_LinearModel_Alpha158_csi300_custom_step0_s_20260803_14,4e8d64dedeae4de0bf8267e3e8e7d595,0.056,,,
484,2026-08-03,SH600346,-0.09585243463516235,EXP_LinearModel_Alpha158_csi300_custom_step0_s_20260803_14,4e8d64dedeae4de0bf8267e3e8e7d595,0.056,,,
485,2026-08-03,SH600309,-0.07041218131780624,EXP_LinearModel_Alpha158_csi300_custom_step0_s_20260803_14,4e8d64dedeae4de0bf8267e3e8e7d595,0.056,,,
486,2026-08-03,SH600276,-0.03551580756902695,EXP_LinearModel_Alpha158_csi300_custom_step0_s_20260803_14,4e8d64dedeae4de0bf8267e3e8e7d595,0.056,,,
487,2026-08-03,SH600233,-0.0679970309138298,EXP_LinearModel_Alpha158_csi300_custom_step0_s_20260803_14,4e8d64dedeae4de0bf8267e3e8e7d595,0.056,,,
488,2026-08-03,SH600036,0.0578165128827095,EXP_LinearModel_Alpha158_csi300_custom_step0_s_20260803_14,4e8d64dedeae4de0bf8267e3e8e7d595,0.056,,,
489,2026-08-03,SH600031,-0.015297959558665752,EXP_LinearModel_Alpha158_csi300_custom_step0_s_20260803_14,4e8d64dedeae4de0bf8267e3e8e7d595,0.056,,,
490,2026-08-03,SH600030,-0.03684075549244881,EXP_LinearModel_Alpha158_csi300_custom_step0_s_20260803_14,4e8d64dedeae4de0bf8267e3e8e7d595,0.056,,,
491,2026-08-03,SH600029,-0.015025327913463116,EXP_LinearModel_Alpha158_csi300_custom_step0_s_20260803_14,4e8d64dedeae4de0bf8267e3e8e7d595,0.056,,,
492,2026-08-03,SH600028,0.05192839354276657,EXP_LinearModel_Alpha158_csi300_custom_step0_s_20260803_14,4e8d64dedeae4de0bf8267e3e8e7d595,0.056,,,
493,2026-08-03,SH600027,0.046149108558893204,EXP_LinearModel_Alpha158_csi300_custom_step0_s_20260803_14,4e8d64dedeae4de0bf8267e3e8e7d595,0.056,,,
494,2026-08-03,SH600026,-0.08175234496593475,EXP_LinearModel_Alpha158_csi300_custom_step0_s_20260803_14,4e8d64dedeae4de0bf8267e3e8e7d595,0.056,,,
495,2026-08-03,SH600025,0.11142085492610931,EXP_LinearModel_Alpha158_csi300_custom_step0_s_20260803_14,4e8d64dedeae4de0bf8267e3e8e7d595,0.056,,,
496,2026-08-03,SH600023,0.05789706110954285,EXP_LinearModel_Alpha158_csi300_custom_step0_s_20260803_14,4e8d64dedeae4de0bf8267e3e8e7d595,0.056,,,
497,2026-08-03,SH600019,0.032334499061107635,EXP_LinearModel_Alpha158_csi300_custom_step0_s_20260803_14,4e8d64dedeae4de0bf8267e3e8e7d595,0.056,,,
498,2026-08-03,SH600018,0.09503010660409927,EXP_LinearModel_Alpha158_csi300_custom_step0_s_20260803_14,4e8d64dedeae4de0bf8267e3e8e7d595,0.056,,,
499,2026-08-03,SH600016,0.04992011561989784,EXP_LinearModel_Alpha158_csi300_custom_step0_s_20260803_14,4e8d64dedeae4de0bf8267e3e8e7d595,0.056,,,
500,2026-08-03,SH600015,0.061358492821455,EXP_LinearModel_Alpha158_csi300_custom_step0_s_20260803_14,4e8d64dedeae4de0bf8267e3e8e7d595,0.056,,,
501,2026-08-03,SH600011,-0.015077725984156132,EXP_LinearModel_Alpha158_csi300_custom_step0_s_20260803_14,4e8d64dedeae4de0bf8267e3e8e7d595,0.056,,,
502,2026-08-03,SH600010,-0.05663077160716057,EXP_LinearModel_Alpha158_csi300_custom_step0_s_20260803_14,4e8d64dedeae4de0bf8267e3e8e7d595,0.056,,,
503,2026-08-03,SH600039,0.08613645285367966,EXP_LinearModel_Alpha158_csi300_custom_step0_s_20260803_14,4e8d64dedeae4de0bf8267e3e8e7d595,0.056,,,
504,2026-08-03,SH600900,0.09537646919488907,EXP_LinearModel_Alpha158_csi300_custom_step0_s_20260803_14,4e8d64dedeae4de0bf8267e3e8e7d595,0.056,,,
505,2026-08-03,SH600048,-0.08246245235204697,EXP_LinearModel_Alpha158_csi300_custom_step0_s_20260803_14,4e8d64dedeae4de0bf8267e3e8e7d595,0.056,,,
506,2026-08-03,SH600061,0.01902884989976883,EXP_LinearModel_Alpha158_csi300_custom_step0_s_20260803_14,4e8d64dedeae4de0bf8267e3e8e7d595,0.056,,,
507,2026-08-03,SH600221,0.029901495203375816,EXP_LinearModel_Alpha158_csi300_custom_step0_s_20260803_14,4e8d64dedeae4de0bf8267e3e8e7d595,0.056,,,
508,2026-08-03,SH600219,-0.03773665055632591,EXP_LinearModel_Alpha158_csi300_custom_step0_s_20260803_14,4e8d64dedeae4de0bf8267e3e8e7d595,0.056,,,
509,2026-08-03,SH600196,0.02024698443710804,EXP_LinearModel_Alpha158_csi300_custom_step0_s_20260803_14,4e8d64dedeae4de0bf8267e3e8e7d595,0.056,,,
510,2026-08-03,SH600188,-0.0658256933093071,EXP_LinearModel_Alpha158_csi300_custom_step0_s_20260803_14,4e8d64dedeae4de0bf8267e3e8e7d595,0.056,,,
511,2026-08-03,SH600183,0.2387991100549698,EXP_LinearModel_Alpha158_csi300_custom_step0_s_20260803_14,4e8d64dedeae4de0bf8267e3e8e7d595,0.056,,,
512,2026-08-03,SH600176,0.5586888790130615,EXP_LinearModel_Alpha158_csi300_custom_step0_s_20260803_14,4e8d64dedeae4de0bf8267e3e8e7d595,0.056,,,
513,2026-08-03,SH600160,-0.008554675616323948,EXP_LinearModel_Alpha158_csi300_custom_step0_s_20260803_14,4e8d64dedeae4de0bf8267e3e8e7d595,0.056,,,
514,2026-08-03,SH600150,-0.09444139152765274,EXP_LinearModel_Alpha158_csi300_custom_step0_s_20260803_14,4e8d64dedeae4de0bf8267e3e8e7d595,0.056,,,
515,2026-08-03,SH600118,0.10711439698934555,EXP_LinearModel_Alpha158_csi300_custom_step0_s_20260803_14,4e8d64dedeae4de0bf8267e3e8e7d595,0.056,,,
516,2026-08-03,SH600115,-0.05433535948395729,EXP_LinearModel_Alpha158_csi300_custom_step0_s_20260803_14,4e8d64dedeae4de0bf8267e3e8e7d595,0.056,,,
517,2026-08-03,SH600111,0.08308542519807816,EXP_LinearModel_Alpha158_csi300_custom_step0_s_20260803_14,4e8d64dedeae4de0bf8267e3e8e7d595,0.056,,,
518,2026-08-03,SH600104,-0.06617211550474167,EXP_LinearModel_Alpha158_csi300_custom_step0_s_20260803_14,4e8d64dedeae4de0bf8267e3e8e7d595,0.056,,,
519,2026-08-03,SH600089,0.007107683923095465,EXP_LinearModel_Alpha158_csi300_custom_step0_s_20260803_14,4e8d64dedeae4de0bf8267e3e8e7d595,0.056,,,
520,2026-08-03,SH600085,0.059305958449840546,EXP_LinearModel_Alpha158_csi300_custom_step0_s_20260803_14,4e8d64dedeae4de0bf8267e3e8e7d595,0.056,,,
521,2026-08-03,SH600066,0.051342424005270004,EXP_LinearModel_Alpha158_csi300_custom_step0_s_20260803_14,4e8d64dedeae4de0bf8267e3e8e7d595,0.056,,,
522,2026-08-03,SH600050,0.06499923020601273,EXP_LinearModel_Alpha158_csi300_custom_step0_s_20260803_14,4e8d64dedeae4de0bf8267e3e8e7d595,0.056,,,
523,2026-08-03,SH601919,0.06857774406671524,EXP_LinearModel_Alpha158_csi300_custom_step0_s_20260803_14,4e8d64dedeae4de0bf8267e3e8e7d595,0.056,,,
524,2026-08-03,SH600905,0.09441240131855011,EXP_LinearModel_Alpha158_csi300_custom_step0_s_20260803_14,4e8d64dedeae4de0bf8267e3e8e7d595,0.056,,,
525,2026-08-03,SH600919,0.061014752835035324,EXP_LinearModel_Alpha158_csi300_custom_step0_s_20260803_14,4e8d64dedeae4de0bf8267e3e8e7d595,0.056,,,
526,2026-08-03,SH601698,0.051936566829681396,EXP_LinearModel_Alpha158_csi300_custom_step0_s_20260803_14,4e8d64dedeae4de0bf8267e3e8e7d595,0.056,,,
527,2026-08-03,SH601689,0.10564330220222473,EXP_LinearModel_Alpha158_csi300_custom_step0_s_20260803_14,4e8d64dedeae4de0bf8267e3e8e7d595,0.056,,,
528,2026-08-03,SH601688,0.010656433179974556,EXP_LinearModel_Alpha158_csi300_custom_step0_s_20260803_14,4e8d64dedeae4de0bf8267e3e8e7d595,0.056,,,
529,2026-08-03,SH601669,0.07776428759098053,EXP_LinearModel_Alpha158_csi300_custom_step0_s_20260803_14,4e8d64dedeae4de0bf8267e3e8e7d595,0.056,,,
530,2026-08-03,SH601668,0.19306005537509918,EXP_LinearModel_Alpha158_csi300_custom_step0_s_20260803_14,4e8d64dedeae4de0bf8267e3e8e7d595,0.056,,,
531,2026-08-03,SH601658,0.1169843003153801,EXP_LinearModel_Alpha158_csi300_custom_step0_s_20260803_14,4e8d64dedeae4de0bf8267e3e8e7d595,0.056,,,
532,2026-08-03,SH601727,-0.022292155772447586,EXP_LinearModel_Alpha158_csi300_custom_step0_s_20260803_14,4e8d64dedeae4de0bf8267e3e8e7d595,0.056,,,
533,2026-08-03,SH601633,0.027290090918540955,EXP_LinearModel_Alpha158_csi300_custom_step0_s_20260803_14,4e8d64dedeae4de0bf8267e3e8e7d595,0.056,,,
534,2026-08-03,SH601618,0.018824459984898567,EXP_LinearModel_Alpha158_csi300_custom_step0_s_20260803_14,4e8d64dedeae4de0bf8267e3e8e7d595,0.056,,,
535,2026-08-03,SH601607,0.07556263357400894,EXP_LinearModel_Alpha158_csi300_custom_step0_s_20260803_14,4e8d64dedeae4de0bf8267e3e8e7d595,0.056,,,
536,2026-08-03,SH601601,0.026106536388397217,EXP_LinearModel_Alpha158_csi300_custom_step0_s_20260803_14,4e8d64dedeae4de0bf8267e3e8e7d595,0.056,,,
537,2026-08-03,SH601600,-0.025910580530762672,EXP_LinearModel_Alpha158_csi300_custom_step0_s_20260803_14,4e8d64dedeae4de0bf8267e3e8e7d595,0.056,,,
538,2026-08-03,SH601456,0.011167130433022976,EXP_LinearModel_Alpha158_csi300_custom_step0_s_20260803_14,4e8d64dedeae4de0bf8267e3e8e7d595,0.056,,,
539,2026-08-03,SH601398,-0.05936696380376816,EXP_LinearModel_Alpha158_csi300_custom_step0_s_20260803_14,4e8d64dedeae4de0bf8267e3e8e7d595,0.056,,,
540,2026-08-03,SH601628,-0.017339864745736122,EXP_LinearModel_Alpha158_csi300_custom_step0_s_20260803_14,4e8d64dedeae4de0bf8267e3e8e7d595,0.056,,,
541,2026-08-03,SH601728,0.03643791377544403,EXP_LinearModel_Alpha158_csi300_custom_step0_s_20260803_14,4e8d64dedeae4de0bf8267e3e8e7d595,0.056,,,
542,2026-08-03,SH601766,0.0800507441163063,EXP_LinearModel_Alpha158_csi300_custom_step0_s_20260803_14,4e8d64dedeae4de0bf8267e3e8e7d595,0.056,,,
543,2026-08-03,SH601788,-0.07347138971090317,EXP_LinearModel_Alpha158_csi300_custom_step0_s_20260803_14,4e8d64dedeae4de0bf8267e3e8e7d595,0.056,,,
544,2026-08-03,SH601901,-0.061025362461805344,EXP_LinearModel_Alpha158_csi300_custom_step0_s_20260803_14,4e8d64dedeae4de0bf8267e3e8e7d595,0.056,,,
545,2026-08-03,SH601899,-0.06588760018348694,EXP_LinearModel_Alpha158_csi300_custom_step0_s_20260803_14,4e8d64dedeae4de0bf8267e3e8e7d595,0.056,,,
546,2026-08-03,SH601898,0.007801484782248735,EXP_LinearModel_Alpha158_csi300_custom_step0_s_20260803_14,4e8d64dedeae4de0bf8267e3e8e7d595,0.056,,,
547,2026-08-03,SH601888,-0.08618880808353424,EXP_LinearModel_Alpha158_csi300_custom_step0_s_20260803_14,4e8d64dedeae4de0bf8267e3e8e7d595,0.056,,,
548,2026-08-03,SH601881,-0.003425703849643469,EXP_LinearModel_Alpha158_csi300_custom_step0_s_20260803_14,4e8d64dedeae4de0bf8267e3e8e7d595,0.056,,,
549,2026-08-03,SH601878,0.022820444777607918,EXP_LinearModel_Alpha158_csi300_custom_step0_s_20260803_14,4e8d64dedeae4de0bf8267e3e8e7d595,0.056,,,
550,2026-08-03,SH601877,-0.046238481998443604,EXP_LinearModel_Alpha158_csi300_custom_step0_s_20260803_14,4e8d64dedeae4de0bf8267e3e8e7d595,0.056,,,
551,2026-08-03,SH601872,-0.050865836441516876,EXP_LinearModel_Alpha158_csi300_custom_step0_s_20260803_14,4e8d64dedeae4de0bf8267e3e8e7d595,0.056,,,
552,2026-08-03,SH601868,0.056958314031362534,EXP_LinearModel_Alpha158_csi300_custom_step0_s_20260803_14,4e8d64dedeae4de0bf8267e3e8e7d595,0.056,,,
553,2026-08-03,SH601857,0.13086163997650146,EXP_LinearModel_Alpha158_csi300_custom_step0_s_20260803_14,4e8d64dedeae4de0bf8267e3e8e7d595,0.056,,,
554,2026-08-03,SH601838,0.04791126027703285,EXP_LinearModel_Alpha158_csi300_custom_step0_s_20260803_14,4e8d64dedeae4de0bf8267e3e8e7d595,0.056,,,
555,2026-08-03,SH601825,-0.060786426067352295,EXP_LinearModel_Alpha158_csi300_custom_step0_s_20260803_14,4e8d64dedeae4de0bf8267e3e8e7d595,0.056,,,
556,2026-08-03,SH601818,0.038462407886981964,EXP_LinearModel_Alpha158_csi300_custom_step0_s_20260803_14,4e8d64dedeae4de0bf8267e3e8e7d595,0.056,,,
557,2026-08-03,SH601816,0.06023859977722168,EXP_LinearModel_Alpha158_csi300_custom_step0_s_20260803_14,4e8d64dedeae4de0bf8267e3e8e7d595,0.056,,,
558,2026-08-03,SH601800,0.035665012896060944,EXP_LinearModel_Alpha158_csi300_custom_step0_s_20260803_14,4e8d64dedeae4de0bf8267e3e8e7d595,0.056,,,
559,2026-08-03,SH601390,0.052031274884939194,EXP_LinearModel_Alpha158_csi300_custom_step0_s_20260803_14,4e8d64dedeae4de0bf8267e3e8e7d595,0.056,,,
560,2026-08-03,SH601377,0.04970317706465721,EXP_LinearModel_Alpha158_csi300_custom_step0_s_20260803_14,4e8d64dedeae4de0bf8267e3e8e7d595,0.056,,,
561,2026-08-03,SH601360,-0.0704563558101654,EXP_LinearModel_Alpha158_csi300_custom_step0_s_20260803_14,4e8d64dedeae4de0bf8267e3e8e7d595,0.056,,,
562,2026-08-03,SH601336,-0.03642621263861656,EXP_LinearModel_Alpha158_csi300_custom_step0_s_20260803_14,4e8d64dedeae4de0bf8267e3e8e7d595,0.056,,,
563,2026-08-03,SH601066,-0.05625072121620178,EXP_LinearModel_Alpha158_csi300_custom_step0_s_20260803_14,4e8d64dedeae4de0bf8267e3e8e7d595,0.056,,,
564,2026-08-03,SH601059,-0.016850842162966728,EXP_LinearModel_Alpha158_csi300_custom_step0_s_20260803_14,4e8d64dedeae4de0bf8267e3e8e7d595,0.056,,,
565,2026-08-03,SH601058,0.04104023799300194,EXP_LinearModel_Alpha158_csi300_custom_step0_s_20260803_14,4e8d64dedeae4de0bf8267e3e8e7d595,0.056,,,
566,2026-08-03,SH601021,0.041811756789684296,EXP_LinearModel_Alpha158_csi300_custom_step0_s_20260803_14,4e8d64dedeae4de0bf8267e3e8e7d595,0.056,,,
567,2026-08-03,SH601018,0.06278638541698456,EXP_LinearModel_Alpha158_csi300_custom_step0_s_20260803_14,4e8d64dedeae4de0bf8267e3e8e7d595,0.056,,,
568,2026-08-03,SH601012,-0.05082184076309204,EXP_LinearModel_Alpha158_csi300_custom_step0_s_20260803_14,4e8d64dedeae4de0bf8267e3e8e7d595,0.056,,,
569,2026-08-03,SH601009,0.029866190627217293,EXP_LinearModel_Alpha158_csi300_custom_step0_s_20260803_14,4e8d64dedeae4de0bf8267e3e8e7d595,0.056,,,
570,2026-08-03,SH601006,0.05694933980703354,EXP_LinearModel_Alpha158_csi300_custom_step0_s_20260803_14,4e8d64dedeae4de0bf8267e3e8e7d595,0.056,,,
571,2026-08-03,SH600999,-0.004972197115421295,EXP_LinearModel_Alpha158_csi300_custom_step0_s_20260803_14,4e8d64dedeae4de0bf8267e3e8e7d595,0.056,,,
572,2026-08-03,SH600989,0.03432188555598259,EXP_LinearModel_Alpha158_csi300_custom_step0_s_20260803_14,4e8d64dedeae4de0bf8267e3e8e7d595,0.056,,,
573,2026-08-03,SH600958,-0.02955281175673008,EXP_LinearModel_Alpha158_csi300_custom_step0_s_20260803_14,4e8d64dedeae4de0bf8267e3e8e7d595,0.056,,,
574,2026-08-03,SH600941,0.023824701085686684,EXP_LinearModel_Alpha158_csi300_custom_step0_s_20260803_14,4e8d64dedeae4de0bf8267e3e8e7d595,0.056,,,
575,2026-08-03,SH600938,0.028560955077409744,EXP_LinearModel_Alpha158_csi300_custom_step0_s_20260803_14,4e8d64dedeae4de0bf8267e3e8e7d595,0.056,,,
576,2026-08-03,SH600930,0.052526939660310745,EXP_LinearModel_Alpha158_csi300_custom_step0_s_20260803_14,4e8d64dedeae4de0bf8267e3e8e7d595,0.056,,,
577,2026-08-03,SH600926,0.06655241549015045,EXP_LinearModel_Alpha158_csi300_custom_step0_s_20260803_14,4e8d64dedeae4de0bf8267e3e8e7d595,0.056,,,
578,2026-08-03,SH601077,0.05163624510169029,EXP_LinearModel_Alpha158_csi300_custom_step0_s_20260803_14,4e8d64dedeae4de0bf8267e3e8e7d595,0.056,,,
579,2026-08-03,SH600918,0.0007920761127024889,EXP_LinearModel_Alpha158_csi300_custom_step0_s_20260803_14,4e8d64dedeae4de0bf8267e3e8e7d595,0.056,,,
580,2026-08-03,SH601088,0.01822929084300995,EXP_LinearModel_Alpha158_csi300_custom_step0_s_20260803_14,4e8d64dedeae4de0bf8267e3e8e7d595,0.056,,,
581,2026-08-03,SH601111,-0.011653425171971321,EXP_LinearModel_Alpha158_csi300_custom_step0_s_20260803_14,4e8d64dedeae4de0bf8267e3e8e7d595,0.056,,,
582,2026-08-03,SH601328,0.034017790108919144,EXP_LinearModel_Alpha158_csi300_custom_step0_s_20260803_14,4e8d64dedeae4de0bf8267e3e8e7d595,0.056,,,
583,2026-08-03,SH601319,0.06976534426212311,EXP_LinearModel_Alpha158_csi300_custom_step0_s_20260803_14,4e8d64dedeae4de0bf8267e3e8e7d595,0.056,,,
584,2026-08-03,SH601318,0.07848820090293884,EXP_LinearModel_Alpha158_csi300_custom_step0_s_20260803_14,4e8d64dedeae4de0bf8267e3e8e7d595,0.056,,,
585,2026-08-03,SH601288,0.03294007480144501,EXP_LinearModel_Alpha158_csi300_custom_step0_s_20260803_14,4e8d64dedeae4de0bf8267e3e8e7d595,0.056,,,
586,2026-08-03,SH601238,-0.14776350557804108,EXP_LinearModel_Alpha158_csi300_custom_step0_s_20260803_14,4e8d64dedeae4de0bf8267e3e8e7d595,0.056,,,
587,2026-08-03,SH601229,0.03598632663488388,EXP_LinearModel_Alpha158_csi300_custom_step0_s_20260803_14,4e8d64dedeae4de0bf8267e3e8e7d595,0.056,,,
588,2026-08-03,SH601225,0.1296306848526001,EXP_LinearModel_Alpha158_csi300_custom_step0_s_20260803_14,4e8d64dedeae4de0bf8267e3e8e7d595,0.056,,,
589,2026-08-03,SH601211,-0.017301570624113083,EXP_LinearModel_Alpha158_csi300_custom_step0_s_20260803_14,4e8d64dedeae4de0bf8267e3e8e7d595,0.056,,,
590,2026-08-03,SH601186,0.09054620563983917,EXP_LinearModel_Alpha158_csi300_custom_step0_s_20260803_14,4e8d64dedeae4de0bf8267e3e8e7d595,0.056,,,
591,2026-08-03,SH601169,0.0493537038564682,EXP_LinearModel_Alpha158_csi300_custom_step0_s_20260803_14,4e8d64dedeae4de0bf8267e3e8e7d595,0.056,,,
592,2026-08-03,SH601166,0.025158574804663658,EXP_LinearModel_Alpha158_csi300_custom_step0_s_20260803_14,4e8d64dedeae4de0bf8267e3e8e7d595,0.056,,,
593,2026-08-03,SH601138,0.07184344530105591,EXP_LinearModel_Alpha158_csi300_custom_step0_s_20260803_14,4e8d64dedeae4de0bf8267e3e8e7d595,0.056,,,
594,2026-08-03,SH601136,-0.03298124298453331,EXP_LinearModel_Alpha158_csi300_custom_step0_s_20260803_14,4e8d64dedeae4de0bf8267e3e8e7d595,0.056,,,
595,2026-08-03,SH601127,-0.15692339837551117,EXP_LinearModel_Alpha158_csi300_custom_step0_s_20260803_14,4e8d64dedeae4de0bf8267e3e8e7d595,0.056,,,
596,2026-08-03,SH601117,0.030318498611450195,EXP_LinearModel_Alpha158_csi300_custom_step0_s_20260803_14,4e8d64dedeae4de0bf8267e3e8e7d595,0.056,,,
597,2026-08-03,SH601100,0.06692329794168472,EXP_LinearModel_Alpha158_csi300_custom_step0_s_20260803_14,4e8d64dedeae4de0bf8267e3e8e7d595,0.056,,,
598,2026-08-03,SZ301308,0.8826378583908081,EXP_LinearModel_Alpha158_csi300_custom_step0_s_20260803_14,4e8d64dedeae4de0bf8267e3e8e7d595,0.056,,,
599,2026-08-03,SH600000,0.02655743435025215,EXP_LinearModel_Alpha158_csi300_custom_step0_s_20260803_14,23f715c0e1f946fa98a99475ae8b37cc,0.035,,,
600,2026-08-03,SZ301308,0.4622803330421448,EXP_LinearModel_Alpha158_csi300_custom_step0_s_20260803_14,6cbf48032d204b5b9c2524868385efc0,0.032,,,
601,2026-08-03,SZ000617,-0.021399367672125125,EXP_LGBModel_Alpha158_csi300_custom_step0_s_20260803_14,332948b11b3640a0bb507b772f399fd7,0.007,,,
602,2026-08-03,SZ000596,0.09739143384895375,EXP_LGBModel_Alpha158_csi300_custom_step0_s_20260803_14,332948b11b3640a0bb507b772f399fd7,0.007,,,
603,2026-08-03,SZ000568,-0.00811162334810224,EXP_LGBModel_Alpha158_csi300_custom_step0_s_20260803_14,332948b11b3640a0bb507b772f399fd7,0.007,,,
604,2026-08-03,SZ000538,0.02963451932046904,EXP_LGBModel_Alpha158_csi300_custom_step0_s_20260803_14,332948b11b3640a0bb507b772f399fd7,0.007,,,
605,2026-08-03,SZ000425,0.04470112214561155,EXP_LGBModel_Alpha158_csi300_custom_step0_s_20260803_14,332948b11b3640a0bb507b772f399fd7,0.007,,,
606,2026-08-03,SZ000408,-0.03617598124952963,EXP_LGBModel_Alpha158_csi300_custom_step0_s_20260803_14,332948b11b3640a0bb507b772f399fd7,0.007,,,
607,2026-08-03,SZ000625,-0.01981393654477763,EXP_LGBModel_Alpha158_csi300_custom_step0_s_20260803_14,332948b11b3640a0bb507b772f399fd7,0.007,,,
608,2026-08-03,SZ000338,-0.008480777803989323,EXP_LGBModel_Alpha158_csi300_custom_step0_s_20260803_14,332948b11b3640a0bb507b772f399fd7,0.007,,,
609,2026-08-03,SZ000301,-0.03364398150752193,EXP_LGBModel_Alpha158_csi300_custom_step0_s_20260803_14,332948b11b3640a0bb507b772f399fd7,0.007,,,
610,2026-08-03,SZ000166,0.019529248203512033,EXP_LGBModel_Alpha158_csi300_custom_step0_s_20260803_14,332948b11b3640a0bb507b772f399fd7,0.007,,,
611,2026-08-03,SZ000157,0.020534046820140185,EXP_LGBModel_Alpha158_csi300_custom_step0_s_20260803_14,332948b11b3640a0bb507b772f399fd7,0.007,,,
612,2026-08-03,SZ000100,0.025087465184615767,EXP_LGBModel_Alpha158_csi300_custom_step0_s_20260803_14,332948b11b3640a0bb507b772f399fd7,0.007,,,
613,2026-08-03,SZ000063,-0.007367638808713604,EXP_LGBModel_Alpha158_csi300_custom_step0_s_20260803_14,332948b11b3640a0bb507b772f399fd7,0.007,,,
614,2026-08-03,SZ000002,-0.08895871835647468,EXP_LGBModel_Alpha158_csi300_custom_step0_s_20260803_14,332948b11b3640a0bb507b772f399fd7,0.007,,,
615,2026-08-03,SZ000333,0.02607480212241027,EXP_LGBModel_Alpha158_csi300_custom_step0_s_20260803_14,332948b11b3640a0bb507b772f399fd7,0.007,,,
616,2026-08-03,SZ000630,-0.009476973679170003,EXP_LGBModel_Alpha158_csi300_custom_step0_s_20260803_14,332948b11b3640a0bb507b772f399fd7,0.007,,,
617,2026-08-03,SZ000651,0.01775264059818323,EXP_LGBModel_Alpha158_csi300_custom_step0_s_20260803_14,332948b11b3640a0bb507b772f399fd7,0.007,,,
618,2026-08-03,SZ000657,0.09966599575770142,EXP_LGBModel_Alpha158_csi300_custom_step0_s_20260803_14,332948b11b3640a0bb507b772f399fd7,0.007,,,
619,2026-08-03,SZ001280,0.037850083680252916,EXP_LGBModel_Alpha158_csi300_custom_step0_s_20260803_14,332948b11b3640a0bb507b772f399fd7,0.007,,,
620,2026-08-03,SZ000999,0.001463882016376687,EXP_LGBModel_Alpha158_csi300_custom_step0_s_20260803_14,332948b11b3640a0bb507b772f399fd7,0.007,,,
621,2026-08-03,SZ000988,0.10411661109627128,EXP_LGBModel_Alpha158_csi300_custom_step0_s_20260803_14,332948b11b3640a0bb507b772f399fd7,0.007,,,
622,2026-08-03,SZ000977,0.11552630852100963,EXP_LGBModel_Alpha158_csi300_custom_step0_s_20260803_14,332948b11b3640a0bb507b772f399fd7,0.007,,,
623,2026-08-03,SZ000975,-0.030592673271631763,EXP_LGBModel_Alpha158_csi300_custom_step0_s_20260803_14,332948b11b3640a0bb507b772f399fd7,0.007,,,
624,2026-08-03,SZ000963,-0.04007075107749299,EXP_LGBModel_Alpha158_csi300_custom_step0_s_20260803_14,332948b11b3640a0bb507b772f399fd7,0.007,,,
625,2026-08-03,SZ000938,0.12311945347996284,EXP_LGBModel_Alpha158_csi300_custom_step0_s_20260803_14,332948b11b3640a0bb507b772f399fd7,0.007,,,
626,2026-08-03,SZ000895,0.01870333079249295,EXP_LGBModel_Alpha158_csi300_custom_step0_s_20260803_14,332948b11b3640a0bb507b772f399fd7,0.007,,,
627,2026-08-03,SZ000858,-0.020081430504513158,EXP_LGBModel_Alpha158_csi300_custom_step0_s_20260803_14,332948b11b3640a0bb507b772f399fd7,0.007,,,
628,2026-08-03,SZ000807,0.050960512442742655,EXP_LGBModel_Alpha158_csi300_custom_step0_s_20260803_14,332948b11b3640a0bb507b772f399fd7,0.007,,,
629,2026-08-03,SZ000792,-0.029704023308535926,EXP_LGBModel_Alpha158_csi300_custom_step0_s_20260803_14,332948b11b3640a0bb507b772f399fd7,0.007,,,
630,2026-08-03,SZ000776,-0.0005058612860923908,EXP_LGBModel_Alpha158_csi300_custom_step0_s_20260803_14,332948b11b3640a0bb507b772f399fd7,0.007,,,
631,2026-08-03,SZ000768,-0.004955310348058641,EXP_LGBModel_Alpha158_csi300_custom_step0_s_20260803_14,332948b11b3640a0bb507b772f399fd7,0.007,,,
632,2026-08-03,SZ000725,0.10209709786407953,EXP_LGBModel_Alpha158_csi300_custom_step0_s_20260803_14,332948b11b3640a0bb507b772f399fd7,0.007,,,
633,2026-08-03,SZ000708,0.01963917183777682,EXP_LGBModel_Alpha158_csi300_custom_step0_s_20260803_14,332948b11b3640a0bb507b772f399fd7,0.007,,,
634,2026-08-03,SZ000001,-0.03520823950149391,EXP_LGBModel_Alpha158_csi300_custom_step0_s_20260803_14,332948b11b3640a0bb507b772f399fd7,0.007,,,
635,2026-08-03,SH688981,0.058659152474007645,EXP_LGBModel_Alpha158_csi300_custom_step0_s_20260803_14,332948b11b3640a0bb507b772f399fd7,0.007,,,
636,2026-08-03,SH688521,0.11058019462301795,EXP_LGBModel_Alpha158_csi300_custom_step0_s_20260803_14,332948b11b3640a0bb507b772f399fd7,0.007,,,
637,2026-08-03,SH688506,0.053032892936360335,EXP_LGBModel_Alpha158_csi300_custom_step0_s_20260803_14,332948b11b3640a0bb507b772f399fd7,0.007,,,
638,2026-08-03,SH603993,-0.022859623094285485,EXP_LGBModel_Alpha158_csi300_custom_step0_s_20260803_14,332948b11b3640a0bb507b772f399fd7,0.007,,,
639,2026-08-03,SH603986,0.06414369555708477,EXP_LGBModel_Alpha158_csi300_custom_step0_s_20260803_14,332948b11b3640a0bb507b772f399fd7,0.007,,,
640,2026-08-03,SH603893,0.12396559263452155,EXP_LGBModel_Alpha158_csi300_custom_step0_s_20260803_14,332948b11b3640a0bb507b772f399fd7,0.007,,,
641,2026-08-03,SH603799,0.02410374387273072,EXP_LGBModel_Alpha158_csi300_custom_step0_s_20260803_14,332948b11b3640a0bb507b772f399fd7,0.007,,,
642,2026-08-03,SH603501,0.0325752716020774,EXP_LGBModel_Alpha158_csi300_custom_step0_s_20260803_14,332948b11b3640a0bb507b772f399fd7,0.007,,,
643,2026-08-03,SH603392,-0.023617292030228828,EXP_LGBModel_Alpha158_csi300_custom_step0_s_20260803_14,332948b11b3640a0bb507b772f399fd7,0.007,,,
644,2026-08-03,SH603369,0.04664343054142832,EXP_LGBModel_Alpha158_csi300_custom_step0_s_20260803_14,332948b11b3640a0bb507b772f399fd7,0.007,,,
645,2026-08-03,SH603296,0.022532274322515016,EXP_LGBModel_Alpha158_csi300_custom_step0_s_20260803_14,332948b11b3640a0bb507b772f399fd7,0.007,,,
646,2026-08-03,SH603288,0.03954654038266116,EXP_LGBModel_Alpha158_csi300_custom_step0_s_20260803_14,332948b11b3640a0bb507b772f399fd7,0.007,,,
647,2026-08-03,SH603260,-0.012827593533422563,EXP_LGBModel_Alpha158_csi300_custom_step0_s_20260803_14,332948b11b3640a0bb507b772f399fd7,0.007,,,
648,2026-08-03,SH603259,-0.02189669648770032,EXP_LGBModel_Alpha158_csi300_custom_step0_s_20260803_14,332948b11b3640a0bb507b772f399fd7,0.007,,,
649,2026-08-03,SH603019,0.08205305172291495,EXP_LGBModel_Alpha158_csi300_custom_step0_s_20260803_14,332948b11b3640a0bb507b772f399fd7,0.007,,,
650,2026-08-03,SH601998,-0.021567187781173187,EXP_LGBModel_Alpha158_csi300_custom_step0_s_20260803_14,332948b11b3640a0bb507b772f399fd7,0.007,,,
651,2026-08-03,SH601995,-0.033171017097498534,EXP_LGBModel_Alpha158_csi300_custom_step0_s_20260803_14,332948b11b3640a0bb507b772f399fd7,0.007,,,
652,2026-08-03,SH601988,0.010003796969158735,EXP_LGBModel_Alpha158_csi300_custom_step0_s_20260803_14,332948b11b3640a0bb507b772f399fd7,0.007,,,
653,2026-08-03,SH605117,0.020106170581781352,EXP_LGBModel_Alpha158_csi300_custom_step0_s_20260803_14,332948b11b3640a0bb507b772f399fd7,0.007,,,
654,2026-08-03,SZ001391,-0.002897338521943135,EXP_LGBModel_Alpha158_csi300_custom_step0_s_20260803_14,332948b11b3640a0bb507b772f399fd7,0.007,,,
655,2026-08-03,SH605499,0.05304796913159631,EXP_LGBModel_Alpha158_csi300_custom_step0_s_20260803_14,332948b11b3640a0bb507b772f399fd7,0.007,,,
656,2026-08-03,SH688009,0.030706674040562442,EXP_LGBModel_Alpha158_csi300_custom_step0_s_20260803_14,332948b11b3640a0bb507b772f399fd7,0.007,,,
657,2026-08-03,SH688472,-0.03766387462123564,EXP_LGBModel_Alpha158_csi300_custom_step0_s_20260803_14,332948b11b3640a0bb507b772f399fd7,0.007,,,
658,2026-08-03,SH688396,0.054912450499399024,EXP_LGBModel_Alpha158_csi300_custom_step0_s_20260803_14,332948b11b3640a0bb507b772f399fd7,0.007,,,
659,2026-08-03,SH688303,-0.07845233648906517,EXP_LGBModel_Alpha158_csi300_custom_step0_s_20260803_14,332948b11b3640a0bb507b772f399fd7,0.007,,,
660,2026-08-03,SH688271,-0.016520280703743326,EXP_LGBModel_Alpha158_csi300_custom_step0_s_20260803_14,332948b11b3640a0bb507b772f399fd7,0.007,,,
661,2026-08-03,SH688256,0.07287991980915215,EXP_LGBModel_Alpha158_csi300_custom_step0_s_20260803_14,332948b11b3640a0bb507b772f399fd7,0.007,,,
662,2026-08-03,SH688223,-0.008686887197136423,EXP_LGBModel_Alpha158_csi300_custom_step0_s_20260803_14,332948b11b3640a0bb507b772f399fd7,0.007,,,
663,2026-08-03,SH688183,-0.01683331429960199,EXP_LGBModel_Alpha158_csi300_custom_step0_s_20260803_14,332948b11b3640a0bb507b772f399fd7,0.007,,,
664,2026-08-03,SH688126,0.04406234308632879,EXP_LGBModel_Alpha158_csi300_custom_step0_s_20260803_14,332948b11b3640a0bb507b772f399fd7,0.007,,,
665,2026-08-03,SH688111,-0.0359306786805128,EXP_LGBModel_Alpha158_csi300_custom_step0_s_20260803_14,332948b11b3640a0bb507b772f399fd7,0.007,,,
666,2026-08-03,SH688082,0.06534476295576229,EXP_LGBModel_Alpha158_csi300_custom_step0_s_20260803_14,332948b11b3640a0bb507b772f399fd7,0.007,,,
667,2026-08-03,SH688072,0.001820950155916612,EXP_LGBModel_Alpha158_csi300_custom_step0_s_20260803_14,332948b11b3640a0bb507b772f399fd7,0.007,,,
668,2026-08-03,SH688047,0.0712198849232019,EXP_LGBModel_Alpha158_csi300_custom_step0_s_20260803_14,332948b11b3640a0bb507b772f399fd7,0.007,,,
669,2026-08-03,SH688041,0.06101425887329512,EXP_LGBModel_Alpha158_csi300_custom_step0_s_20260803_14,332948b11b3640a0bb507b772f399fd7,0.007,,,
670,2026-08-03,SH688036,0.059464109888119045,EXP_LGBModel_Alpha158_csi300_custom_step0_s_20260803_14,332948b11b3640a0bb507b772f399fd7,0.007,,,
671,2026-08-03,SH688012,-0.0040999291360096475,EXP_LGBModel_Alpha158_csi300_custom_step0_s_20260803_14,332948b11b3640a0bb507b772f399fd7,0.007,,,
672,2026-08-03,SH688008,0.11067997737677233,EXP_LGBModel_Alpha158_csi300_custom_step0_s_20260803_14,332948b11b3640a0bb507b772f399fd7,0.007,,,
673,2026-08-03,SH601985,0.005524754133920725,EXP_LGBModel_Alpha158_csi300_custom_step0_s_20260803_14,332948b11b3640a0bb507b772f399fd7,0.007,,,
674,2026-08-03,SZ001965,-0.01724146211618198,EXP_LGBModel_Alpha158_csi300_custom_step0_s_20260803_14,332948b11b3640a0bb507b772f399fd7,0.007,,,
675,2026-08-03,SZ002001,-0.05892296739327153,EXP_LGBModel_Alpha158_csi300_custom_step0_s_20260803_14,332948b11b3640a0bb507b772f399fd7,0.007,,,
676,2026-08-03,SZ300413,-0.06458560952782039,EXP_LGBModel_Alpha158_csi300_custom_step0_s_20260803_14,332948b11b3640a0bb507b772f399fd7,0.007,,,
677,2026-08-03,SZ300408,0.00994920502934627,EXP_LGBModel_Alpha158_csi300_custom_step0_s_20260803_14,332948b11b3640a0bb507b772f399fd7,0.007,,,
678,2026-08-03,SZ300394,0.040320555528978785,EXP_LGBModel_Alpha158_csi300_custom_step0_s_20260803_14,332948b11b3640a0bb507b772f399fd7,0.007,,,
679,2026-08-03,SZ300316,0.03891838407375324,EXP_LGBModel_Alpha158_csi300_custom_step0_s_20260803_14,332948b11b3640a0bb507b772f399fd7,0.007,,,
680,2026-08-03,SZ300308,0.08153298089500952,EXP_LGBModel_Alpha158_csi300_custom_step0_s_20260803_14,332948b11b3640a0bb507b772f399fd7,0.007,,,
681,2026-08-03,SZ300274,0.10417694685275444,EXP_LGBModel_Alpha158_csi300_custom_step0_s_20260803_14,332948b11b3640a0bb507b772f399fd7,0.007,,,
682,2026-08-03,SZ300418,0.06422043188340285,EXP_LGBModel_Alpha158_csi300_custom_step0_s_20260803_14,332948b11b3640a0bb507b772f399fd7,0.007,,,
683,2026-08-03,SZ300251,-0.021811289497984474,EXP_LGBModel_Alpha158_csi300_custom_step0_s_20260803_14,332948b11b3640a0bb507b772f399fd7,0.007,,,
684,2026-08-03,SZ300122,-0.03702614206597477,EXP_LGBModel_Alpha158_csi300_custom_step0_s_20260803_14,332948b11b3640a0bb507b772f399fd7,0.007,,,
685,2026-08-03,SZ300059,-0.04089788780572608,EXP_LGBModel_Alpha158_csi300_custom_step0_s_20260803_14,332948b11b3640a0bb507b772f399fd7,0.007,,,
686,2026-08-03,SZ300033,-0.0448486776756088,EXP_LGBModel_Alpha158_csi300_custom_step0_s_20260803_14,332948b11b3640a0bb507b772f399fd7,0.007,,,
687,2026-08-03,SZ300015,-0.001330225120905651,EXP_LGBModel_Alpha158_csi300_custom_step0_s_20260803_14,332948b11b3640a0bb507b772f399fd7,0.007,,,
688,2026-08-03,SZ300014,0.061711108759144075,EXP_LGBModel_Alpha158_csi300_custom_step0_s_20260803_14,332948b11b3640a0bb507b772f399fd7,0.007,,,
689,2026-08-03,SZ003816,-0.010140337178985676,EXP_LGBModel_Alpha158_csi300_custom_step0_s_20260803_14,332948b11b3640a0bb507b772f399fd7,0.007,,,
690,2026-08-03,SZ300124,0.03578322126637878,EXP_LGBModel_Alpha158_csi300_custom_step0_s_20260803_14,332948b11b3640a0bb507b772f399fd7,0.007,,,
691,2026-08-03,SZ300433,0.10536646370199915,EXP_LGBModel_Alpha158_csi300_custom_step0_s_20260803_14,332948b11b3640a0bb507b772f399fd7,0.007,,,
692,2026-08-03,SZ300442,0.11784156468858065,EXP_LGBModel_Alpha158_csi300_custom_step0_s_20260803_14,332948b11b3640a0bb507b772f399fd7,0.007,,,
693,2026-08-03,SZ300450,0.04404382478219194,EXP_LGBModel_Alpha158_csi300_custom_step0_s_20260803_14,332948b11b3640a0bb507b772f399fd7,0.007,,,
694,2026-08-03,SZ301269,0.055545635488306946,EXP_LGBModel_Alpha158_csi300_custom_step0_s_20260803_14,332948b11b3640a0bb507b772f399fd7,0.007,,,
695,2026-08-03,SZ301236,0.07454594055810265,EXP_LGBModel_Alpha158_csi300_custom_step0_s_20260803_14,332948b11b3640a0bb507b772f399fd7,0.007,,,
696,2026-08-03,SZ301165,0.0625518746142423,EXP_LGBModel_Alpha158_csi300_custom_step0_s_20260803_14,332948b11b3640a0bb507b772f399fd7,0.007,,,
697,2026-08-03,SZ300999,0.01618732202254068,EXP_LGBModel_Alpha158_csi300_custom_step0_s_20260803_14,332948b11b3640a0bb507b772f399fd7,0.007,,,
698,2026-08-03,SZ300896,0.05764098148224912,EXP_LGBModel_Alpha158_csi300_custom_step0_s_20260803_14,332948b11b3640a0bb507b772f399fd7,0.007,,,
699,2026-08-03,SZ300866,0.06775667742429951,EXP_LGBModel_Alpha158_csi300_custom_step0_s_20260803_14,332948b11b3640a0bb507b772f399fd7,0.007,,,
700,2026-08-03,SZ300832,-0.001935983496994014,EXP_LGBModel_Alpha158_csi300_custom_step0_s_20260803_14,332948b11b3640a0bb507b772f399fd7,0.007,,,
701,2026-08-03,SZ300803,-0.06242876777229392,EXP_LGBModel_Alpha158_csi300_custom_step0_s_20260803_14,332948b11b3640a0bb507b772f399fd7,0.007,,,
702,2026-08-03,SZ300760,0.037000637526418266,EXP_LGBModel_Alpha158_csi300_custom_step0_s_20260803_14,332948b11b3640a0bb507b772f399fd7,0.007,,,
703,2026-08-03,SZ300750,-0.01709876096396511,EXP_LGBModel_Alpha158_csi300_custom_step0_s_20260803_14,332948b11b3640a0bb507b772f399fd7,0.007,,,
704,2026-08-03,SZ300661,0.06790535760650064,EXP_LGBModel_Alpha158_csi300_custom_step0_s_20260803_14,332948b11b3640a0bb507b772f399fd7,0.007,,,
705,2026-08-03,SZ300628,0.02960021269434202,EXP_LGBModel_Alpha158_csi300_custom_step0_s_20260803_14,332948b11b3640a0bb507b772f399fd7,0.007,,,
706,2026-08-03,SZ300502,0.06319745831330853,EXP_LGBModel_Alpha158_csi300_custom_step0_s_20260803_14,332948b11b3640a0bb507b772f399fd7,0.007,,,
707,2026-08-03,SZ300498,0.034532799400276676,EXP_LGBModel_Alpha158_csi300_custom_step0_s_20260803_14,332948b11b3640a0bb507b772f399fd7,0.007,,,
708,2026-08-03,SZ300476,0.10758893611210968,EXP_LGBModel_Alpha158_csi300_custom_step0_s_20260803_14,332948b11b3640a0bb507b772f399fd7,0.007,,,
709,2026-08-03,SZ002938,0.12825713966229135,EXP_LGBModel_Alpha158_csi300_custom_step0_s_20260803_14,332948b11b3640a0bb507b772f399fd7,0.007,,,
710,2026-08-03,SZ002920,-0.07187950675442122,EXP_LGBModel_Alpha158_csi300_custom_step0_s_20260803_14,332948b11b3640a0bb507b772f399fd7,0.007,,,
711,2026-08-03,SZ002916,0.07143101382095683,EXP_LGBModel_Alpha158_csi300_custom_step0_s_20260803_14,332948b11b3640a0bb507b772f399fd7,0.007,,,
712,2026-08-03,SZ002837,0.09549788607023492,EXP_LGBModel_Alpha158_csi300_custom_step0_s_20260803_14,332948b11b3640a0bb507b772f399fd7,0.007,,,
713,2026-08-03,SZ002353,0.1053265958977027,EXP_LGBModel_Alpha158_csi300_custom_step0_s_20260803_14,332948b11b3640a0bb507b772f399fd7,0.007,,,
714,2026-08-03,SZ002352,0.007831325746260756,EXP_LGBModel_Alpha158_csi300_custom_step0_s_20260803_14,332948b11b3640a0bb507b772f399fd7,0.007,,,
715,2026-08-03,SZ002311,0.0507767915118943,EXP_LGBModel_Alpha158_csi300_custom_step0_s_20260803_14,332948b11b3640a0bb507b772f399fd7,0.007,,,
716,2026-08-03,SZ002304,0.0050960644009640545,EXP_LGBModel_Alpha158_csi300_custom_step0_s_20260803_14,332948b11b3640a0bb507b772f399fd7,0.007,,,
717,2026-08-03,SZ002241,-0.05145717468379725,EXP_LGBModel_Alpha158_csi300_custom_step0_s_20260803_14,332948b11b3640a0bb507b772f399fd7,0.007,,,
718,2026-08-03,SZ002236,0.020539358069229338,EXP_LGBModel_Alpha158_csi300_custom_step0_s_20260803_14,332948b11b3640a0bb507b772f399fd7,0.007,,,
719,2026-08-03,SZ002230,-0.0034548011150585677,EXP_LGBModel_Alpha158_csi300_custom_step0_s_20260803_14,332948b11b3640a0bb507b772f399fd7,0.007,,,
720,2026-08-03,SZ002202,-0.013591896206260033,EXP_LGBModel_Alpha158_csi300_custom_step0_s_20260803_14,332948b11b3640a0bb507b772f399fd7,0.007,,,
721,2026-08-03,SZ002179,0.07955329366856469,EXP_LGBModel_Alpha158_csi300_custom_step0_s_20260803_14,332948b11b3640a0bb507b772f399fd7,0.007,,,
722,2026-08-03,SZ002142,0.016130398402580678,EXP_LGBModel_Alpha158_csi300_custom_step0_s_20260803_14,332948b11b3640a0bb507b772f399fd7,0.007,,,
723,2026-08-03,SZ002074,-0.02007792624859381,EXP_LGBModel_Alpha158_csi300_custom_step0_s_20260803_14,332948b11b3640a0bb507b772f399fd7,0.007,,,
724,2026-08-03,SZ002050,-0.016384965543138483,EXP_LGBModel_Alpha158_csi300_custom_step0_s_20260803_14,332948b11b3640a0bb507b772f399fd7,0.007,,,
725,2026-08-03,SZ002049,0.06644445335249279,EXP_LGBModel_Alpha158_csi300_custom_step0_s_20260803_14,332948b11b3640a0bb507b772f399fd7,0.007,,,
726,2026-08-03,SZ002028,-0.017838603370022497,EXP_LGBModel_Alpha158_csi300_custom_step0_s_20260803_14,332948b11b3640a0bb507b772f399fd7,0.007,,,
727,2026-08-03,SZ002027,0.045539436743089266,EXP_LGBModel_Alpha158_csi300_custom_step0_s_20260803_14,332948b11b3640a0bb507b772f399fd7,0.007,,,
728,2026-08-03,SZ002371,0.07375319263700077,EXP_LGBModel_Alpha158_csi300_custom_step0_s_20260803_14,332948b11b3640a0bb507b772f399fd7,0.007,,,
729,2026-08-03,SZ001979,-0.1078894379091266,EXP_LGBModel_Alpha158_csi300_custom_step0_s_20260803_14,332948b11b3640a0bb507b772f399fd7,0.007,,,
730,2026-08-03,SZ002384,0.09598319726818888,EXP_LGBModel_Alpha158_csi300_custom_step0_s_20260803_14,332948b11b3640a0bb507b772f399fd7,0.007,,,
731,2026-08-03,SZ002422,0.10988401962546819,EXP_LGBModel_Alpha158_csi300_custom_step0_s_20260803_14,332948b11b3640a0bb507b772f399fd7,0.007,,,
732,2026-08-03,SZ002736,0.011987299220888183,EXP_LGBModel_Alpha158_csi300_custom_step0_s_20260803_14,332948b11b3640a0bb507b772f399fd7,0.007,,,
733,2026-08-03,SZ002714,0.06208190402028083,EXP_LGBModel_Alpha158_csi300_custom_step0_s_20260803_14,332948b11b3640a0bb507b772f399fd7,0.007,,,
734,2026-08-03,SZ002709,0.042896979976540614,EXP_LGBModel_Alpha158_csi300_custom_step0_s_20260803_14,332948b11b3640a0bb507b772f399fd7,0.007,,,
735,2026-08-03,SZ002648,-0.02810187903254313,EXP_LGBModel_Alpha158_csi300_custom_step0_s_20260803_14,332948b11b3640a0bb507b772f399fd7,0.007,,,
736,2026-08-03,SZ002625,-0.04546850407816313,EXP_LGBModel_Alpha158_csi300_custom_step0_s_20260803_14,332948b11b3640a0bb507b772f399fd7,0.007,,,
737,2026-08-03,SZ002602,-0.02944669852021088,EXP_LGBModel_Alpha158_csi300_custom_step0_s_20260803_14,332948b11b3640a0bb507b772f399fd7,0.007,,,
738,2026-08-03,SZ002600,0.08053997135657097,EXP_LGBModel_Alpha158_csi300_custom_step0_s_20260803_14,332948b11b3640a0bb507b772f399fd7,0.007,,,
739,2026-08-03,SZ002594,0.036249795075207744,EXP_LGBModel_Alpha158_csi300_custom_step0_s_20260803_14,332948b11b3640a0bb507b772f399fd7,0.007,,,
740,2026-08-03,SZ002558,0.05272473955530137,EXP_LGBModel_Alpha158_csi300_custom_step0_s_20260803_14,332948b11b3640a0bb507b772f399fd7,0.007,,,
741,2026-08-03,SZ002532,0.01940833323279789,EXP_LGBModel_Alpha158_csi300_custom_step0_s_20260803_14,332948b11b3640a0bb507b772f399fd7,0.007,,,
742,2026-08-03,SZ002493,-0.04853285257203505,EXP_LGBModel_Alpha158_csi300_custom_step0_s_20260803_14,332948b11b3640a0bb507b772f399fd7,0.007,,,
743,2026-08-03,SZ002475,0.009552718048040835,EXP_LGBModel_Alpha158_csi300_custom_step0_s_20260803_14,332948b11b3640a0bb507b772f399fd7,0.007,,,
744,2026-08-03,SZ002466,0.041401839342422364,EXP_LGBModel_Alpha158_csi300_custom_step0_s_20260803_14,332948b11b3640a0bb507b772f399fd7,0.007,,,
745,2026-08-03,SZ002463,0.06659425367130489,EXP_LGBModel_Alpha158_csi300_custom_step0_s_20260803_14,332948b11b3640a0bb507b772f399fd7,0.007,,,
746,2026-08-03,SZ002460,0.024438973101007996,EXP_LGBModel_Alpha158_csi300_custom_step0_s_20260803_14,332948b11b3640a0bb507b772f399fd7,0.007,,,
747,2026-08-03,SZ002415,0.07064916722443375,EXP_LGBModel_Alpha158_csi300_custom_step0_s_20260803_14,332948b11b3640a0bb507b772f399fd7,0.007,,,
748,2026-08-03,SZ301308,0.08487257249524414,EXP_LGBModel_Alpha158_csi300_custom_step0_s_20260803_14,332948b11b3640a0bb507b772f399fd7,0.007,,,
749,2026-08-03,SH601939,-0.08588542178076129,EXP_LGBModel_Alpha158_csi300_custom_step0_s_20260803_14,332948b11b3640a0bb507b772f399fd7,0.007,,,
750,2026-08-03,SH601916,0.0015948502859817115,EXP_LGBModel_Alpha158_csi300_custom_step0_s_20260803_14,332948b11b3640a0bb507b772f399fd7,0.007,,,
751,2026-08-03,SH600547,-0.04678318372211362,EXP_LGBModel_Alpha158_csi300_custom_step0_s_20260803_14,332948b11b3640a0bb507b772f399fd7,0.007,,,
752,2026-08-03,SH600522,0.09685878315147738,EXP_LGBModel_Alpha158_csi300_custom_step0_s_20260803_14,332948b11b3640a0bb507b772f399fd7,0.007,,,
753,2026-08-03,SH600519,0.01798657997899676,EXP_LGBModel_Alpha158_csi300_custom_step0_s_20260803_14,332948b11b3640a0bb507b772f399fd7,0.007,,,
754,2026-08-03,SH600515,0.0009998676536236806,EXP_LGBModel_Alpha158_csi300_custom_step0_s_20260803_14,332948b11b3640a0bb507b772f399fd7,0.007,,,
755,2026-08-03,SH600489,-0.04861662805079605,EXP_LGBModel_Alpha158_csi300_custom_step0_s_20260803_14,332948b11b3640a0bb507b772f399fd7,0.007,,,
756,2026-08-03,SH600482,0.08482035490402363,EXP_LGBModel_Alpha158_csi300_custom_step0_s_20260803_14,332948b11b3640a0bb507b772f399fd7,0.007,,,
757,2026-08-03,SH600549,0.138053511295354,EXP_LGBModel_Alpha158_csi300_custom_step0_s_20260803_14,332948b11b3640a0bb507b772f399fd7,0.007,,,
758,2026-08-03,SH600460,0.07559263898027875,EXP_LGBModel_Alpha158_csi300_custom_step0_s_20260803_14,332948b11b3640a0bb507b772f399fd7,0.007,,,
759,2026-08-03,SH600436,0.058808231815747014,EXP_LGBModel_Alpha158_csi300_custom_step0_s_20260803_14,332948b11b3640a0bb507b772f399fd7,0.007,,,
760,2026-08-03,SH600426,0.062332421370195165,EXP_LGBModel_Alpha158_csi300_custom_step0_s_20260803_14,332948b11b3640a0bb507b772f399fd7,0.007,,,
761,2026-08-03,SH600415,-0.017176912915200317,EXP_LGBModel_Alpha158_csi300_custom_step0_s_20260803_14,332948b11b3640a0bb507b772f399fd7,0.007,,,
762,2026-08-03,SH600406,-0.0024907700630438174,EXP_LGBModel_Alpha158_csi300_custom_step0_s_20260803_14,332948b11b3640a0bb507b772f399fd7,0.007,,,
763,2026-08-03,SH600372,0.013136409082102228,EXP_LGBModel_Alpha158_csi300_custom_step0_s_20260803_14,332948b11b3640a0bb507b772f399fd7,0.007,,,
764,2026-08-03,SH600362,-0.06669484116572087,EXP_LGBModel_Alpha158_csi300_custom_step0_s_20260803_14,332948b11b3640a0bb507b772f399fd7,0.007,,,
765,2026-08-03,SH600438,0.05183193416072524,EXP_LGBModel_Alpha158_csi300_custom_step0_s_20260803_14,332948b11b3640a0bb507b772f399fd7,0.007,,,
766,2026-08-03,SH600570,-0.02949738982597951,EXP_LGBModel_Alpha158_csi300_custom_step0_s_20260803_14,332948b11b3640a0bb507b772f399fd7,0.007,,,
767,2026-08-03,SH600584,0.07765901316783828,EXP_LGBModel_Alpha158_csi300_custom_step0_s_20260803_14,332948b11b3640a0bb507b772f399fd7,0.007,,,
768,2026-08-03,SH600585,0.01808433952481817,EXP_LGBModel_Alpha158_csi300_custom_step0_s_20260803_14,332948b11b3640a0bb507b772f399fd7,0.007,,,
769,2026-08-03,SH600893,-0.016900055244241326,EXP_LGBModel_Alpha158_csi300_custom_step0_s_20260803_14,332948b11b3640a0bb507b772f399fd7,0.007,,,
770,2026-08-03,SH600887,0.036152500351320775,EXP_LGBModel_Alpha158_csi300_custom_step0_s_20260803_14,332948b11b3640a0bb507b772f399fd7,0.007,,,
771,2026-08-03,SH600886,0.017102801448220278,EXP_LGBModel_Alpha158_csi300_custom_step0_s_20260803_14,332948b11b3640a0bb507b772f399fd7,0.007,,,
772,2026-08-03,SH600875,-0.018003865204828915,EXP_LGBModel_Alpha158_csi300_custom_step0_s_20260803_14,332948b11b3640a0bb507b772f399fd7,0.007,,,
773,2026-08-03,SH600845,0.017067487188608857,EXP_LGBModel_Alpha158_csi300_custom_step0_s_20260803_14,332948b11b3640a0bb507b772f399fd7,0.007,,,
774,2026-08-03,SH600809,0.08007791318026365,EXP_LGBModel_Alpha158_csi300_custom_step0_s_20260803_14,332948b11b3640a0bb507b772f399fd7,0.007,,,
775,2026-08-03,SH600803,-0.02711311807162379,EXP_LGBModel_Alpha158_csi300_custom_step0_s_20260803_14,332948b11b3640a0bb507b772f399fd7,0.007,,,
776,2026-08-03,SH600795,-0.009145224127230329,EXP_LGBModel_Alpha158_csi300_custom_step0_s_20260803_14,332948b11b3640a0bb507b772f399fd7,0.007,,,
777,2026-08-03,SH600760,-3.997169212592805e-05,EXP_LGBModel_Alpha158_csi300_custom_step0_s_20260803_14,332948b11b3640a0bb507b772f399fd7,0.007,,,
778,2026-08-03,SH600741,0.015376521870954113,EXP_LGBModel_Alpha158_csi300_custom_step0_s_20260803_14,332948b11b3640a0bb507b772f399fd7,0.007,,,
779,2026-08-03,SH600690,0.03617535939082145,EXP_LGBModel_Alpha158_csi300_custom_step0_s_20260803_14,332948b11b3640a0bb507b772f399fd7,0.007,,,
780,2026-08-03,SH600674,0.02829736598851249,EXP_LGBModel_Alpha158_csi300_custom_step0_s_20260803_14,332948b11b3640a0bb507b772f399fd7,0.007,,,
781,2026-08-03,SH600660,0.04535937437990011,EXP_LGBModel_Alpha158_csi300_custom_step0_s_20260803_14,332948b11b3640a0bb507b772f399fd7,0.007,,,
782,2026-08-03,SH600600,0.023859792246585545,EXP_LGBModel_Alpha158_csi300_custom_step0_s_20260803_14,332948b11b3640a0bb507b772f399fd7,0.007,,,
783,2026-08-03,SH600588,0.017554524407026387,EXP_LGBModel_Alpha158_csi300_custom_step0_s_20260803_14,332948b11b3640a0bb507b772f399fd7,0.007,,,
784,2026-08-03,SH600346,-0.03207065576909598,EXP_LGBModel_Alpha158_csi300_custom_step0_s_20260803_14,332948b11b3640a0bb507b772f399fd7,0.007,,,
785,2026-08-03,SH600309,-0.01904092751299621,EXP_LGBModel_Alpha158_csi300_custom_step0_s_20260803_14,332948b11b3640a0bb507b772f399fd7,0.007,,,
786,2026-08-03,SH600276,0.030232256501563616,EXP_LGBModel_Alpha158_csi300_custom_step0_s_20260803_14,332948b11b3640a0bb507b772f399fd7,0.007,,,
787,2026-08-03,SH600233,-0.002288239072472392,EXP_LGBModel_Alpha158_csi300_custom_step0_s_20260803_14,332948b11b3640a0bb507b772f399fd7,0.007,,,
788,2026-08-03,SH600036,0.0030253436753437998,EXP_LGBModel_Alpha158_csi300_custom_step0_s_20260803_14,332948b11b3640a0bb507b772f399fd7,0.007,,,
789,2026-08-03,SH600031,-0.0025229185333466644,EXP_LGBModel_Alpha158_csi300_custom_step0_s_20260803_14,332948b11b3640a0bb507b772f399fd7,0.007,,,
790,2026-08-03,SH600030,-0.006276301420879941,EXP_LGBModel_Alpha158_csi300_custom_step0_s_20260803_14,332948b11b3640a0bb507b772f399fd7,0.007,,,
791,2026-08-03,SH600029,-0.01592185737841314,EXP_LGBModel_Alpha158_csi300_custom_step0_s_20260803_14,332948b11b3640a0bb507b772f399fd7,0.007,,,
792,2026-08-03,SH600028,0.01228921541207483,EXP_LGBModel_Alpha158_csi300_custom_step0_s_20260803_14,332948b11b3640a0bb507b772f399fd7,0.007,,,
793,2026-08-03,SH600027,-0.007929751426199966,EXP_LGBModel_Alpha158_csi300_custom_step0_s_20260803_14,332948b11b3640a0bb507b772f399fd7,0.007,,,
794,2026-08-03,SH600026,-0.03728962386376991,EXP_LGBModel_Alpha158_csi300_custom_step0_s_20260803_14,332948b11b3640a0bb507b772f399fd7,0.007,,,
795,2026-08-03,SH600025,0.018450099815599048,EXP_LGBModel_Alpha158_csi300_custom_step0_s_20260803_14,332948b11b3640a0bb507b772f399fd7,0.007,,,
796,2026-08-03,SH600023,-0.0003350556226465554,EXP_LGBModel_Alpha158_csi300_custom_step0_s_20260803_14,332948b11b3640a0bb507b772f399fd7,0.007,,,
797,2026-08-03,SH600019,0.03374248043491649,EXP_LGBModel_Alpha158_csi300_custom_step0_s_20260803_14,332948b11b3640a0bb507b772f399fd7,0.007,,,
798,2026-08-03,SH600018,0.004700453473474815,EXP_LGBModel_Alpha158_csi300_custom_step0_s_20260803_14,332948b11b3640a0bb507b772f399fd7,0.007,,,
799,2026-08-03,SH600016,-0.005265424969039758,EXP_LGBModel_Alpha158_csi300_custom_step0_s_20260803_14,332948b11b3640a0bb507b772f399fd7,0.007,,,
800,2026-08-03,SH600015,-0.02730699507288448,EXP_LGBModel_Alpha158_csi300_custom_step0_s_20260803_14,332948b11b3640a0bb507b772f399fd7,0.007,,,
801,2026-08-03,SH600011,-0.008582330644260602,EXP_LGBModel_Alpha158_csi300_custom_step0_s_20260803_14,332948b11b3640a0bb507b772f399fd7,0.007,,,
802,2026-08-03,SH600010,-0.021986961136861365,EXP_LGBModel_Alpha158_csi300_custom_step0_s_20260803_14,332948b11b3640a0bb507b772f399fd7,0.007,,,
803,2026-08-03,SH600039,0.013874985932255796,EXP_LGBModel_Alpha158_csi300_custom_step0_s_20260803_14,332948b11b3640a0bb507b772f399fd7,0.007,,,
804,2026-08-03,SH600900,0.019933444393757837,EXP_LGBModel_Alpha158_csi300_custom_step0_s_20260803_14,332948b11b3640a0bb507b772f399fd7,0.007,,,
805,2026-08-03,SH600048,-0.039218438843270205,EXP_LGBModel_Alpha158_csi300_custom_step0_s_20260803_14,332948b11b3640a0bb507b772f399fd7,0.007,,,
806,2026-08-03,SH600061,0.005825129961817608,EXP_LGBModel_Alpha158_csi300_custom_step0_s_20260803_14,332948b11b3640a0bb507b772f399fd7,0.007,,,
807,2026-08-03,SH600221,-0.006820880148120307,EXP_LGBModel_Alpha158_csi300_custom_step0_s_20260803_14,332948b11b3640a0bb507b772f399fd7,0.007,,,
808,2026-08-03,SH600219,-0.050130844840819554,EXP_LGBModel_Alpha158_csi300_custom_step0_s_20260803_14,332948b11b3640a0bb507b772f399fd7,0.007,,,
809,2026-08-03,SH600196,-0.014610164623226706,EXP_LGBModel_Alpha158_csi300_custom_step0_s_20260803_14,332948b11b3640a0bb507b772f399fd7,0.007,,,
810,2026-08-03,SH600188,0.0653015723700984,EXP_LGBModel_Alpha158_csi300_custom_step0_s_20260803_14,332948b11b3640a0bb507b772f399fd7,0.007,,,
811,2026-08-03,SH600183,0.06046358041810386,EXP_LGBModel_Alpha158_csi300_custom_step0_s_20260803_14,332948b11b3640a0bb507b772f399fd7,0.007,,,
812,2026-08-03,SH600176,0.039780026344178654,EXP_LGBModel_Alpha158_csi300_custom_step0_s_20260803_14,332948b11b3640a0bb507b772f399fd7,0.007,,,
813,2026-08-03,SH600160,0.07003377636974481,EXP_LGBModel_Alpha158_csi300_custom_step0_s_20260803_14,332948b11b3640a0bb507b772f399fd7,0.007,,,
814,2026-08-03,SH600150,-0.055885445383582436,EXP_LGBModel_Alpha158_csi300_custom_step0_s_20260803_14,332948b11b3640a0bb507b772f399fd7,0.007,,,
815,2026-08-03,SH600118,0.06473840444672986,EXP_LGBModel_Alpha158_csi300_custom_step0_s_20260803_14,332948b11b3640a0bb507b772f399fd7,0.007,,,
816,2026-08-03,SH600115,-0.03061824907709662,EXP_LGBModel_Alpha158_csi300_custom_step0_s_20260803_14,332948b11b3640a0bb507b772f399fd7,0.007,,,
817,2026-08-03,SH600111,0.06738368498102949,EXP_LGBModel_Alpha158_csi300_custom_step0_s_20260803_14,332948b11b3640a0bb507b772f399fd7,0.007,,,
818,2026-08-03,SH600104,-0.014269570766936348,EXP_LGBModel_Alpha158_csi300_custom_step0_s_20260803_14,332948b11b3640a0bb507b772f399fd7,0.007,,,
819,2026-08-03,SH600089,-0.07073488952097831,EXP_LGBModel_Alpha158_csi300_custom_step0_s_20260803_14,332948b11b3640a0bb507b772f399fd7,0.007,,,
820,2026-08-03,SH600085,0.02833983231199104,EXP_LGBModel_Alpha158_csi300_custom_step0_s_20260803_14,332948b11b3640a0bb507b772f399fd7,0.007,,,
821,2026-08-03,SH600066,0.05638266349253966,EXP_LGBModel_Alpha158_csi300_custom_step0_s_20260803_14,332948b11b3640a0bb507b772f399fd7,0.007,,,
822,2026-08-03,SH600050,0.02843863511997052,EXP_LGBModel_Alpha158_csi300_custom_step0_s_20260803_14,332948b11b3640a0bb507b772f399fd7,0.007,,,
823,2026-08-03,SH601919,0.006673970029607589,EXP_LGBModel_Alpha158_csi300_custom_step0_s_20260803_14,332948b11b3640a0bb507b772f399fd7,0.007,,,
824,2026-08-03,SH600905,0.001881153790111867,EXP_LGBModel_Alpha158_csi300_custom_step0_s_20260803_14,332948b11b3640a0bb507b772f399fd7,0.007,,,
825,2026-08-03,SH600919,0.001766292773563884,EXP_LGBModel_Alpha158_csi300_custom_step0_s_20260803_14,332948b11b3640a0bb507b772f399fd7,0.007,,,
826,2026-08-03,SH601698,0.06420554904305191,EXP_LGBModel_Alpha158_csi300_custom_step0_s_20260803_14,332948b11b3640a0bb507b772f399fd7,0.007,,,
827,2026-08-03,SH601689,0.02078191872567382,EXP_LGBModel_Alpha158_csi300_custom_step0_s_20260803_14,332948b11b3640a0bb507b772f399fd7,0.007,,,
828,2026-08-03,SH601688,-0.038507099266443114,EXP_LGBModel_Alpha158_csi300_custom_step0_s_20260803_14,332948b11b3640a0bb507b772f399fd7,0.007,,,
829,2026-08-03,SH601669,0.010179028569954085,EXP_LGBModel_Alpha158_csi300_custom_step0_s_20260803_14,332948b11b3640a0bb507b772f399fd7,0.007,,,
830,2026-08-03,SH601668,0.015515599223716946,EXP_LGBModel_Alpha158_csi300_custom_step0_s_20260803_14,332948b11b3640a0bb507b772f399fd7,0.007,,,
831,2026-08-03,SH601658,0.026155575012085343,EXP_LGBModel_Alpha158_csi300_custom_step0_s_20260803_14,332948b11b3640a0bb507b772f399fd7,0.007,,,
832,2026-08-03,SH601727,-0.049885419663798426,EXP_LGBModel_Alpha158_csi300_custom_step0_s_20260803_14,332948b11b3640a0bb507b772f399fd7,0.007,,,
833,2026-08-03,SH601633,0.0015060742652071022,EXP_LGBModel_Alpha158_csi300_custom_step0_s_20260803_14,332948b11b3640a0bb507b772f399fd7,0.007,,,
834,2026-08-03,SH601618,-0.007886584947660948,EXP_LGBModel_Alpha158_csi300_custom_step0_s_20260803_14,332948b11b3640a0bb507b772f399fd7,0.007,,,
835,2026-08-03,SH601607,0.01582113814706942,EXP_LGBModel_Alpha158_csi300_custom_step0_s_20260803_14,332948b11b3640a0bb507b772f399fd7,0.007,,,
836,2026-08-03,SH601601,0.021482970840412133,EXP_LGBModel_Alpha158_csi300_custom_step0_s_20260803_14,332948b11b3640a0bb507b772f399fd7,0.007,,,
837,2026-08-03,SH601600,-0.022818701487000603,EXP_LGBModel_Alpha158_csi300_custom_step0_s_20260803_14,332948b11b3640a0bb507b772f399fd7,0.007,,,
838,2026-08-03,SH601456,0.0008576492032324388,EXP_LGBModel_Alpha158_csi300_custom_step0_s_20260803_14,332948b11b3640a0bb507b772f399fd7,0.007,,,
839,2026-08-03,SH601398,-0.08866197050666431,EXP_LGBModel_Alpha158_csi300_custom_step0_s_20260803_14,332948b11b3640a0bb507b772f399fd7,0.007,,,
840,2026-08-03,SH601628,-0.0018547720548666815,EXP_LGBModel_Alpha158_csi300_custom_step0_s_20260803_14,332948b11b3640a0bb507b772f399fd7,0.007,,,
841,2026-08-03,SH601728,2.000613800236424e-05,EXP_LGBModel_Alpha158_csi300_custom_step0_s_20260803_14,332948b11b3640a0bb507b772f399fd7,0.007,,,
842,2026-08-03,SH601766,0.00622565350731418,EXP_LGBModel_Alpha158_csi300_custom_step0_s_20260803_14,332948b11b3640a0bb507b772f399fd7,0.007,,,
843,2026-08-03,SH601788,-0.008010188090920483,EXP_LGBModel_Alpha158_csi300_custom_step0_s_20260803_14,332948b11b3640a0bb507b772f399fd7,0.007,,,
844,2026-08-03,SH601901,-0.006367413684899731,EXP_LGBModel_Alpha158_csi300_custom_step0_s_20260803_14,332948b11b3640a0bb507b772f399fd7,0.007,,,
845,2026-08-03,SH601899,-0.03583509284892316,EXP_LGBModel_Alpha158_csi300_custom_step0_s_20260803_14,332948b11b3640a0bb507b772f399fd7,0.007,,,
846,2026-08-03,SH601898,0.057146232243545404,EXP_LGBModel_Alpha158_csi300_custom_step0_s_20260803_14,332948b11b3640a0bb507b772f399fd7,0.007,,,
847,2026-08-03,SH601888,-0.021080564805916184,EXP_LGBModel_Alpha158_csi300_custom_step0_s_20260803_14,332948b11b3640a0bb507b772f399fd7,0.007,,,
848,2026-08-03,SH601881,-0.017524367104612228,EXP_LGBModel_Alpha158_csi300_custom_step0_s_20260803_14,332948b11b3640a0bb507b772f399fd7,0.007,,,
849,2026-08-03,SH601878,0.020182959680052306,EXP_LGBModel_Alpha158_csi300_custom_step0_s_20260803_14,332948b11b3640a0bb507b772f399fd7,0.007,,,
850,2026-08-03,SH601877,-0.031762858968373955,EXP_LGBModel_Alpha158_csi300_custom_step0_s_20260803_14,332948b11b3640a0bb507b772f399fd7,0.007,,,
851,2026-08-03,SH601872,0.0022527840063020143,EXP_LGBModel_Alpha158_csi300_custom_step0_s_20260803_14,332948b11b3640a0bb507b772f399fd7,0.007,,,
852,2026-08-03,SH601868,-0.005039151800155236,EXP_LGBModel_Alpha158_csi300_custom_step0_s_20260803_14,332948b11b3640a0bb507b772f399fd7,0.007,,,
853,2026-08-03,SH601857,0.03235103434260978,EXP_LGBModel_Alpha158_csi300_custom_step0_s_20260803_14,332948b11b3640a0bb507b772f399fd7,0.007,,,
854,2026-08-03,SH601838,-0.00021730271755981522,EXP_LGBModel_Alpha158_csi300_custom_step0_s_20260803_14,332948b11b3640a0bb507b772f399fd7,0.007,,,
855,2026-08-03,SH601825,-0.11675202759788027,EXP_LGBModel_Alpha158_csi300_custom_step0_s_20260803_14,332948b11b3640a0bb507b772f399fd7,0.007,,,
856,2026-08-03,SH601818,-0.006318411092495833,EXP_LGBModel_Alpha158_csi300_custom_step0_s_20260803_14,332948b11b3640a0bb507b772f399fd7,0.007,,,
857,2026-08-03,SH601816,-0.002079287209018359,EXP_LGBModel_Alpha158_csi300_custom_step0_s_20260803_14,332948b11b3640a0bb507b772f399fd7,0.007,,,
858,2026-08-03,SH601800,-0.005453340682859275,EXP_LGBModel_Alpha158_csi300_custom_step0_s_20260803_14,332948b11b3640a0bb507b772f399fd7,0.007,,,
859,2026-08-03,SH601390,0.0011394159242195654,EXP_LGBModel_Alpha158_csi300_custom_step0_s_20260803_14,332948b11b3640a0bb507b772f399fd7,0.007,,,
860,2026-08-03,SH601377,-0.006374429753730666,EXP_LGBModel_Alpha158_csi300_custom_step0_s_20260803_14,332948b11b3640a0bb507b772f399fd7,0.007,,,
861,2026-08-03,SH601360,-0.04341500155454853,EXP_LGBModel_Alpha158_csi300_custom_step0_s_20260803_14,332948b11b3640a0bb507b772f399fd7,0.007,,,
862,2026-08-03,SH601336,-0.02342563597168236,EXP_LGBModel_Alpha158_csi300_custom_step0_s_20260803_14,332948b11b3640a0bb507b772f399fd7,0.007,,,
863,2026-08-03,SH601066,-0.03834618724477501,EXP_LGBModel_Alpha158_csi300_custom_step0_s_20260803_14,332948b11b3640a0bb507b772f399fd7,0.007,,,
864,2026-08-03,SH601059,-0.008334337939410125,EXP_LGBModel_Alpha158_csi300_custom_step0_s_20260803_14,332948b11b3640a0bb507b772f399fd7,0.007,,,
865,2026-08-03,SH601058,0.05311751958719179,EXP_LGBModel_Alpha158_csi300_custom_step0_s_20260803_14,332948b11b3640a0bb507b772f399fd7,0.007,,,
866,2026-08-03,SH601021,0.01184272702793911,EXP_LGBModel_Alpha158_csi300_custom_step0_s_20260803_14,332948b11b3640a0bb507b772f399fd7,0.007,,,
867,2026-08-03,SH601018,-0.0030549692873503963,EXP_LGBModel_Alpha158_csi300_custom_step0_s_20260803_14,332948b11b3640a0bb507b772f399fd7,0.007,,,
868,2026-08-03,SH601012,-0.0719820654444693,EXP_LGBModel_Alpha158_csi300_custom_step0_s_20260803_14,332948b11b3640a0bb507b772f399fd7,0.007,,,
869,2026-08-03,SH601009,-0.008419423861111329,EXP_LGBModel_Alpha158_csi300_custom_step0_s_20260803_14,332948b11b3640a0bb507b772f399fd7,0.007,,,
870,2026-08-03,SH601006,-0.006262450528382103,EXP_LGBModel_Alpha158_csi300_custom_step0_s_20260803_14,332948b11b3640a0bb507b772f399fd7,0.007,,,
871,2026-08-03,SH600999,0.020137102783363836,EXP_LGBModel_Alpha158_csi300_custom_step0_s_20260803_14,332948b11b3640a0bb507b772f399fd7,0.007,,,
872,2026-08-03,SH600989,0.05956303194747256,EXP_LGBModel_Alpha158_csi300_custom_step0_s_20260803_14,332948b11b3640a0bb507b772f399fd7,0.007,,,
873,2026-08-03,SH600958,-0.003472077556813984,EXP_LGBModel_Alpha158_csi300_custom_step0_s_20260803_14,332948b11b3640a0bb507b772f399fd7,0.007,,,
874,2026-08-03,SH600941,-0.010174793247513875,EXP_LGBModel_Alpha158_csi300_custom_step0_s_20260803_14,332948b11b3640a0bb507b772f399fd7,0.007,,,
875,2026-08-03,SH600938,0.07370382600372848,EXP_LGBModel_Alpha158_csi300_custom_step0_s_20260803_14,332948b11b3640a0bb507b772f399fd7,0.007,,,
876,2026-08-03,SH600930,0.004972210791754127,EXP_LGBModel_Alpha158_csi300_custom_step0_s_20260803_14,332948b11b3640a0bb507b772f399fd7,0.007,,,
877,2026-08-03,SH600926,-0.0003861931247768404,EXP_LGBModel_Alpha158_csi300_custom_step0_s_20260803_14,332948b11b3640a0bb507b772f399fd7,0.007,,,
878,2026-08-03,SH601077,-0.006993744922483114,EXP_LGBModel_Alpha158_csi300_custom_step0_s_20260803_14,332948b11b3640a0bb507b772f399fd7,0.007,,,
879,2026-08-03,SH600918,0.025823703215756035,EXP_LGBModel_Alpha158_csi300_custom_step0_s_20260803_14,332948b11b3640a0bb507b772f399fd7,0.007,,,
880,2026-08-03,SH601088,0.061173735417737796,EXP_LGBModel_Alpha158_csi300_custom_step0_s_20260803_14,332948b11b3640a0bb507b772f399fd7,0.007,,,
881,2026-08-03,SH601111,-0.0009734966246932452,EXP_LGBModel_Alpha158_csi300_custom_step0_s_20260803_14,332948b11b3640a0bb507b772f399fd7,0.007,,,
882,2026-08-03,SH601328,-0.025663029264924045,EXP_LGBModel_Alpha158_csi300_custom_step0_s_20260803_14,332948b11b3640a0bb507b772f399fd7,0.007,,,
883,2026-08-03,SH601319,0.017252049412145965,EXP_LGBModel_Alpha158_csi300_custom_step0_s_20260803_14,332948b11b3640a0bb507b772f399fd7,0.007,,,
884,2026-08-03,SH601318,0.03219195017916751,EXP_LGBModel_Alpha158_csi300_custom_step0_s_20260803_14,332948b11b3640a0bb507b772f399fd7,0.007,,,
885,2026-08-03,SH601288,-0.00993526988784681,EXP_LGBModel_Alpha158_csi300_custom_step0_s_20260803_14,332948b11b3640a0bb507b772f399fd7,0.007,,,
886,2026-08-03,SH601238,-0.11472874476074121,EXP_LGBModel_Alpha158_csi300_custom_step0_s_20260803_14,332948b11b3640a0bb507b772f399fd7,0.007,,,
887,2026-08-03,SH601229,-6.385677051024821e-05,EXP_LGBModel_Alpha158_csi300_custom_step0_s_20260803_14,332948b11b3640a0bb507b772f399fd7,0.007,,,
888,2026-08-03,SH601225,0.07282323975572626,EXP_LGBModel_Alpha158_csi300_custom_step0_s_20260803_14,332948b11b3640a0bb507b772f399fd7,0.007,,,
889,2026-08-03,SH601211,-0.03984722299105397,EXP_LGBModel_Alpha158_csi300_custom_step0_s_20260803_14,332948b11b3640a0bb507b772f399fd7,0.007,,,
890,2026-08-03,SH601186,0.006978035353160523,EXP_LGBModel_Alpha158_csi300_custom_step0_s_20260803_14,332948b11b3640a0bb507b772f399fd7,0.007,,,
891,2026-08-03,SH601169,0.004788054132051919,EXP_LGBModel_Alpha158_csi300_custom_step0_s_20260803_14,332948b11b3640a0bb507b772f399fd7,0.007,,,
892,2026-08-03,SH601166,-0.0020448091540728667,EXP_LGBModel_Alpha158_csi300_custom_step0_s_20260803_14,332948b11b3640a0bb507b772f399fd7,0.007,,,
893,2026-08-03,SH601138,0.06379864247212244,EXP_LGBModel_Alpha158_csi300_custom_step0_s_20260803_14,332948b11b3640a0bb507b772f399fd7,0.007,,,
894,2026-08-03,SH601136,-0.03562376066042126,EXP_LGBModel_Alpha158_csi300_custom_step0_s_20260803_14,332948b11b3640a0bb507b772f399fd7,0.007,,,
895,2026-08-03,SH601127,-0.12657848489983647,EXP_LGBModel_Alpha158_csi300_custom_step0_s_20260803_14,332948b11b3640a0bb507b772f399fd7,0.007,,,
896,2026-08-03,SH601117,-0.014718828049993022,EXP_LGBModel_Alpha158_csi300_custom_step0_s_20260803_14,332948b11b3640a0bb507b772f399fd7,0.007,,,
897,2026-08-03,SH601100,-0.03290327782159783,EXP_LGBModel_Alpha158_csi300_custom_step0_s_20260803_14,332948b11b3640a0bb507b772f399fd7,0.007,,,
898,2026-08-03,SZ302132,0.051174625754356384,EXP_LinearModel_Alpha158_csi300_custom_step0_s_20260803_14,6cbf48032d204b5b9c2524868385efc0,0.032,,,
899,2026-08-03,SZ302132,0.021909464923048703,EXP_LGBModel_Alpha158_csi300_custom_step0_s_20260803_14,332948b11b3640a0bb507b772f399fd7,0.007,,,
900,2026-08-03,SH600009,-0.020555535331368446,EXP_LinearModel_Alpha158_csi300_custom_step0_s_20260803_14,6cbf48032d204b5b9c2524868385efc0,0.032,,,
901,2026-08-03,SZ000617,-0.06138195842504501,EXP_LinearModel_Alpha158_csi300_custom_step0_s_20260803_14,6cbf48032d204b5b9c2524868385efc0,0.032,,,
902,2026-08-03,SZ000596,-0.06897736340761185,EXP_LinearModel_Alpha158_csi300_custom_step0_s_20260803_14,6cbf48032d204b5b9c2524868385efc0,0.032,,,
903,2026-08-03,SZ000568,-0.012617960572242737,EXP_LinearModel_Alpha158_csi300_custom_step0_s_20260803_14,6cbf48032d204b5b9c2524868385efc0,0.032,,,
904,2026-08-03,SZ000538,0.05410321429371834,EXP_LinearModel_Alpha158_csi300_custom_step0_s_20260803_14,6cbf48032d204b5b9c2524868385efc0,0.032,,,
905,2026-08-03,SZ000425,0.00662627536803484,EXP_LinearModel_Alpha158_csi300_custom_step0_s_20260803_14,6cbf48032d204b5b9c2524868385efc0,0.032,,,
906,2026-08-03,SZ000408,-0.03926670178771019,EXP_LinearModel_Alpha158_csi300_custom_step0_s_20260803_14,6cbf48032d204b5b9c2524868385efc0,0.032,,,
907,2026-08-03,SZ000625,0.0014811188448220491,EXP_LinearModel_Alpha158_csi300_custom_step0_s_20260803_14,6cbf48032d204b5b9c2524868385efc0,0.032,,,
908,2026-08-03,SZ000338,0.14639312028884888,EXP_LinearModel_Alpha158_csi300_custom_step0_s_20260803_14,6cbf48032d204b5b9c2524868385efc0,0.032,,,
909,2026-08-03,SZ000301,-0.10416042804718018,EXP_LinearModel_Alpha158_csi300_custom_step0_s_20260803_14,6cbf48032d204b5b9c2524868385efc0,0.032,,,
910,2026-08-03,SZ000166,0.02351497858762741,EXP_LinearModel_Alpha158_csi300_custom_step0_s_20260803_14,6cbf48032d204b5b9c2524868385efc0,0.032,,,
911,2026-08-03,SZ000157,0.055509671568870544,EXP_LinearModel_Alpha158_csi300_custom_step0_s_20260803_14,6cbf48032d204b5b9c2524868385efc0,0.032,,,
912,2026-08-03,SZ000100,-0.046269796788692474,EXP_LinearModel_Alpha158_csi300_custom_step0_s_20260803_14,6cbf48032d204b5b9c2524868385efc0,0.032,,,
913,2026-08-03,SZ000063,-0.1315384805202484,EXP_LinearModel_Alpha158_csi300_custom_step0_s_20260803_14,6cbf48032d204b5b9c2524868385efc0,0.032,,,
914,2026-08-03,SZ000002,-0.1519280970096588,EXP_LinearModel_Alpha158_csi300_custom_step0_s_20260803_14,6cbf48032d204b5b9c2524868385efc0,0.032,,,
915,2026-08-03,SZ000333,0.05847162380814552,EXP_LinearModel_Alpha158_csi300_custom_step0_s_20260803_14,6cbf48032d204b5b9c2524868385efc0,0.032,,,
916,2026-08-03,SZ000630,-0.046335481107234955,EXP_LinearModel_Alpha158_csi300_custom_step0_s_20260803_14,6cbf48032d204b5b9c2524868385efc0,0.032,,,
917,2026-08-03,SZ000651,0.02496141381561756,EXP_LinearModel_Alpha158_csi300_custom_step0_s_20260803_14,6cbf48032d204b5b9c2524868385efc0,0.032,,,
918,2026-08-03,SZ000657,0.2931385338306427,EXP_LinearModel_Alpha158_csi300_custom_step0_s_20260803_14,6cbf48032d204b5b9c2524868385efc0,0.032,,,
919,2026-08-03,SZ001280,0.06453802436590195,EXP_LinearModel_Alpha158_csi300_custom_step0_s_20260803_14,6cbf48032d204b5b9c2524868385efc0,0.032,,,
920,2026-08-03,SZ000999,0.03176628425717354,EXP_LinearModel_Alpha158_csi300_custom_step0_s_20260803_14,6cbf48032d204b5b9c2524868385efc0,0.032,,,
921,2026-08-03,SZ000988,0.3646257817745209,EXP_LinearModel_Alpha158_csi300_custom_step0_s_20260803_14,6cbf48032d204b5b9c2524868385efc0,0.032,,,
922,2026-08-03,SZ000977,0.03365316614508629,EXP_LinearModel_Alpha158_csi300_custom_step0_s_20260803_14,6cbf48032d204b5b9c2524868385efc0,0.032,,,
923,2026-08-03,SZ000975,-0.04801256209611893,EXP_LinearModel_Alpha158_csi300_custom_step0_s_20260803_14,6cbf48032d204b5b9c2524868385efc0,0.032,,,
924,2026-08-03,SZ000963,-0.05283483862876892,EXP_LinearModel_Alpha158_csi300_custom_step0_s_20260803_14,6cbf48032d204b5b9c2524868385efc0,0.032,,,
925,2026-08-03,SZ000938,0.11109446734189987,EXP_LinearModel_Alpha158_csi300_custom_step0_s_20260803_14,6cbf48032d204b5b9c2524868385efc0,0.032,,,
926,2026-08-03,SZ000895,0.030921442434191704,EXP_LinearModel_Alpha158_csi300_custom_step0_s_20260803_14,6cbf48032d204b5b9c2524868385efc0,0.032,,,
927,2026-08-03,SZ000858,-0.03949687257409096,EXP_LinearModel_Alpha158_csi300_custom_step0_s_20260803_14,6cbf48032d204b5b9c2524868385efc0,0.032,,,
928,2026-08-03,SZ000807,-0.03134101629257202,EXP_LinearModel_Alpha158_csi300_custom_step0_s_20260803_14,6cbf48032d204b5b9c2524868385efc0,0.032,,,
929,2026-08-03,SZ000792,-0.05616670846939087,EXP_LinearModel_Alpha158_csi300_custom_step0_s_20260803_14,6cbf48032d204b5b9c2524868385efc0,0.032,,,
930,2026-08-03,SZ000776,-0.009342172183096409,EXP_LinearModel_Alpha158_csi300_custom_step0_s_20260803_14,6cbf48032d204b5b9c2524868385efc0,0.032,,,
931,2026-08-03,SZ000768,0.046041980385780334,EXP_LinearModel_Alpha158_csi300_custom_step0_s_20260803_14,6cbf48032d204b5b9c2524868385efc0,0.032,,,
932,2026-08-03,SZ000725,0.06826157122850418,EXP_LinearModel_Alpha158_csi300_custom_step0_s_20260803_14,6cbf48032d204b5b9c2524868385efc0,0.032,,,
933,2026-08-03,SZ000708,0.07960176467895508,EXP_LinearModel_Alpha158_csi300_custom_step0_s_20260803_14,6cbf48032d204b5b9c2524868385efc0,0.032,,,
934,2026-08-03,SZ000001,0.03701429441571236,EXP_LinearModel_Alpha158_csi300_custom_step0_s_20260803_14,6cbf48032d204b5b9c2524868385efc0,0.032,,,
935,2026-08-03,SH688981,0.0888579934835434,EXP_LinearModel_Alpha158_csi300_custom_step0_s_20260803_14,6cbf48032d204b5b9c2524868385efc0,0.032,,,
936,2026-08-03,SH688521,0.2475671023130417,EXP_LinearModel_Alpha158_csi300_custom_step0_s_20260803_14,6cbf48032d204b5b9c2524868385efc0,0.032,,,
937,2026-08-03,SH688506,-0.12991708517074585,EXP_LinearModel_Alpha158_csi300_custom_step0_s_20260803_14,6cbf48032d204b5b9c2524868385efc0,0.032,,,
938,2026-08-03,SH603993,-0.05257044732570648,EXP_LinearModel_Alpha158_csi300_custom_step0_s_20260803_14,6cbf48032d204b5b9c2524868385efc0,0.032,,,
939,2026-08-03,SH603986,0.33016011118888855,EXP_LinearModel_Alpha158_csi300_custom_step0_s_20260803_14,6cbf48032d204b5b9c2524868385efc0,0.032,,,
940,2026-08-03,SH603893,0.04553947225213051,EXP_LinearModel_Alpha158_csi300_custom_step0_s_20260803_14,6cbf48032d204b5b9c2524868385efc0,0.032,,,
941,2026-08-03,SH603799,0.01021607406437397,EXP_LinearModel_Alpha158_csi300_custom_step0_s_20260803_14,6cbf48032d204b5b9c2524868385efc0,0.032,,,
942,2026-08-03,SH603501,0.006701042875647545,EXP_LinearModel_Alpha158_csi300_custom_step0_s_20260803_14,6cbf48032d204b5b9c2524868385efc0,0.032,,,
943,2026-08-03,SH603392,-0.07204176485538483,EXP_LinearModel_Alpha158_csi300_custom_step0_s_20260803_14,6cbf48032d204b5b9c2524868385efc0,0.032,,,
944,2026-08-03,SH603369,-0.004749638959765434,EXP_LinearModel_Alpha158_csi300_custom_step0_s_20260803_14,6cbf48032d204b5b9c2524868385efc0,0.032,,,
945,2026-08-03,SH603296,0.02350790798664093,EXP_LinearModel_Alpha158_csi300_custom_step0_s_20260803_14,6cbf48032d204b5b9c2524868385efc0,0.032,,,
946,2026-08-03,SH603288,0.04305250570178032,EXP_LinearModel_Alpha158_csi300_custom_step0_s_20260803_14,6cbf48032d204b5b9c2524868385efc0,0.032,,,
947,2026-08-03,SH603260,0.007835102267563343,EXP_LinearModel_Alpha158_csi300_custom_step0_s_20260803_14,6cbf48032d204b5b9c2524868385efc0,0.032,,,
948,2026-08-03,SH603259,-0.09812012314796448,EXP_LinearModel_Alpha158_csi300_custom_step0_s_20260803_14,6cbf48032d204b5b9c2524868385efc0,0.032,,,
949,2026-08-03,SH603019,0.00601273775100708,EXP_LinearModel_Alpha158_csi300_custom_step0_s_20260803_14,6cbf48032d204b5b9c2524868385efc0,0.032,,,
950,2026-08-03,SH601998,0.023256812244653702,EXP_LinearModel_Alpha158_csi300_custom_step0_s_20260803_14,6cbf48032d204b5b9c2524868385efc0,0.032,,,
951,2026-08-03,SH601995,-0.10428234189748764,EXP_LinearModel_Alpha158_csi300_custom_step0_s_20260803_14,6cbf48032d204b5b9c2524868385efc0,0.032,,,
952,2026-08-03,SH601988,0.060691460967063904,EXP_LinearModel_Alpha158_csi300_custom_step0_s_20260803_14,6cbf48032d204b5b9c2524868385efc0,0.032,,,
953,2026-08-03,SH605117,0.04881608113646507,EXP_LinearModel_Alpha158_csi300_custom_step0_s_20260803_14,6cbf48032d204b5b9c2524868385efc0,0.032,,,
954,2026-08-03,SZ001391,0.05009187385439873,EXP_LinearModel_Alpha158_csi300_custom_step0_s_20260803_14,6cbf48032d204b5b9c2524868385efc0,0.032,,,
955,2026-08-03,SH605499,-0.05186865106225014,EXP_LinearModel_Alpha158_csi300_custom_step0_s_20260803_14,6cbf48032d204b5b9c2524868385efc0,0.032,,,
956,2026-08-03,SH688009,0.06912308186292648,EXP_LinearModel_Alpha158_csi300_custom_step0_s_20260803_14,6cbf48032d204b5b9c2524868385efc0,0.032,,,
957,2026-08-03,SH688472,-0.03797410428524017,EXP_LinearModel_Alpha158_csi300_custom_step0_s_20260803_14,6cbf48032d204b5b9c2524868385efc0,0.032,,,
958,2026-08-03,SH688396,0.2751522362232208,EXP_LinearModel_Alpha158_csi300_custom_step0_s_20260803_14,6cbf48032d204b5b9c2524868385efc0,0.032,,,
959,2026-08-03,SH688303,-0.0291285440325737,EXP_LinearModel_Alpha158_csi300_custom_step0_s_20260803_14,6cbf48032d204b5b9c2524868385efc0,0.032,,,
960,2026-08-03,SH688271,0.012350454926490784,EXP_LinearModel_Alpha158_csi300_custom_step0_s_20260803_14,6cbf48032d204b5b9c2524868385efc0,0.032,,,
961,2026-08-03,SH688256,0.0765734314918518,EXP_LinearModel_Alpha158_csi300_custom_step0_s_20260803_14,6cbf48032d204b5b9c2524868385efc0,0.032,,,
962,2026-08-03,SH688223,0.013616302981972694,EXP_LinearModel_Alpha158_csi300_custom_step0_s_20260803_14,6cbf48032d204b5b9c2524868385efc0,0.032,,,
963,2026-08-03,SH688183,-0.11323004961013794,EXP_LinearModel_Alpha158_csi300_custom_step0_s_20260803_14,6cbf48032d204b5b9c2524868385efc0,0.032,,,
964,2026-08-03,SH688126,0.11286462843418121,EXP_LinearModel_Alpha158_csi300_custom_step0_s_20260803_14,6cbf48032d204b5b9c2524868385efc0,0.032,,,
965,2026-08-03,SH688111,-0.05472562089562416,EXP_LinearModel_Alpha158_csi300_custom_step0_s_20260803_14,6cbf48032d204b5b9c2524868385efc0,0.032,,,
966,2026-08-03,SH688082,0.16941198706626892,EXP_LinearModel_Alpha158_csi300_custom_step0_s_20260803_14,6cbf48032d204b5b9c2524868385efc0,0.032,,,
967,2026-08-03,SH688072,,EXP_LinearModel_Alpha158_csi300_custom_step0_s_20260803_14,6cbf48032d204b5b9c2524868385efc0,0.032,,,
968,2026-08-03,SH688047,0.048089317977428436,EXP_LinearModel_Alpha158_csi300_custom_step0_s_20260803_14,6cbf48032d204b5b9c2524868385efc0,0.032,,,
969,2026-08-03,SH688041,0.10674619674682617,EXP_LinearModel_Alpha158_csi300_custom_step0_s_20260803_14,6cbf48032d204b5b9c2524868385efc0,0.032,,,
970,2026-08-03,SH688036,0.062292590737342834,EXP_LinearModel_Alpha158_csi300_custom_step0_s_20260803_14,6cbf48032d204b5b9c2524868385efc0,0.032,,,
971,2026-08-03,SH688012,0.12238049507141113,EXP_LinearModel_Alpha158_csi300_custom_step0_s_20260803_14,6cbf48032d204b5b9c2524868385efc0,0.032,,,
972,2026-08-03,SH688008,0.23400574922561646,EXP_LinearModel_Alpha158_csi300_custom_step0_s_20260803_14,6cbf48032d204b5b9c2524868385efc0,0.032,,,
973,2026-08-03,SH601985,0.09256796538829803,EXP_LinearModel_Alpha158_csi300_custom_step0_s_20260803_14,6cbf48032d204b5b9c2524868385efc0,0.032,,,
974,2026-08-03,SZ001965,0.06724541634321213,EXP_LinearModel_Alpha158_csi300_custom_step0_s_20260803_14,6cbf48032d204b5b9c2524868385efc0,0.032,,,
975,2026-08-03,SZ002001,-0.11505868285894394,EXP_LinearModel_Alpha158_csi300_custom_step0_s_20260803_14,6cbf48032d204b5b9c2524868385efc0,0.032,,,
976,2026-08-03,SZ300413,-0.06848938018083572,EXP_LinearModel_Alpha158_csi300_custom_step0_s_20260803_14,6cbf48032d204b5b9c2524868385efc0,0.032,,,
977,2026-08-03,SZ300408,0.05269165337085724,EXP_LinearModel_Alpha158_csi300_custom_step0_s_20260803_14,6cbf48032d204b5b9c2524868385efc0,0.032,,,
978,2026-08-03,SZ300394,0.1806146502494812,EXP_LinearModel_Alpha158_csi300_custom_step0_s_20260803_14,6cbf48032d204b5b9c2524868385efc0,0.032,,,
979,2026-08-03,SZ300316,0.045168519020080566,EXP_LinearModel_Alpha158_csi300_custom_step0_s_20260803_14,6cbf48032d204b5b9c2524868385efc0,0.032,,,
980,2026-08-03,SZ300308,0.047891970723867416,EXP_LinearModel_Alpha158_csi300_custom_step0_s_20260803_14,6cbf48032d204b5b9c2524868385efc0,0.032,,,
981,2026-08-03,SZ300274,0.10724227875471115,EXP_LinearModel_Alpha158_csi300_custom_step0_s_20260803_14,6cbf48032d204b5b9c2524868385efc0,0.032,,,
982,2026-08-03,SZ300418,0.05005341023206711,EXP_LinearModel_Alpha158_csi300_custom_step0_s_20260803_14,6cbf48032d204b5b9c2524868385efc0,0.032,,,
983,2026-08-03,SZ300251,-0.07326839119195938,EXP_LinearModel_Alpha158_csi300_custom_step0_s_20260803_14,6cbf48032d204b5b9c2524868385efc0,0.032,,,
984,2026-08-03,SZ300122,-0.09771964699029922,EXP_LinearModel_Alpha158_csi300_custom_step0_s_20260803_14,6cbf48032d204b5b9c2524868385efc0,0.032,,,
985,2026-08-03,SZ300059,-0.07999077439308167,EXP_LinearModel_Alpha158_csi300_custom_step0_s_20260803_14,6cbf48032d204b5b9c2524868385efc0,0.032,,,
986,2026-08-03,SZ300033,-0.0204046368598938,EXP_LinearModel_Alpha158_csi300_custom_step0_s_20260803_14,6cbf48032d204b5b9c2524868385efc0,0.032,,,
987,2026-08-03,SZ300015,0.008805700577795506,EXP_LinearModel_Alpha158_csi300_custom_step0_s_20260803_14,6cbf48032d204b5b9c2524868385efc0,0.032,,,
988,2026-08-03,SZ300014,-0.04786892980337143,EXP_LinearModel_Alpha158_csi300_custom_step0_s_20260803_14,6cbf48032d204b5b9c2524868385efc0,0.032,,,
989,2026-08-03,SZ003816,0.0008123763836920261,EXP_LinearModel_Alpha158_csi300_custom_step0_s_20260803_14,6cbf48032d204b5b9c2524868385efc0,0.032,,,
990,2026-08-03,SZ300124,0.026017483323812485,EXP_LinearModel_Alpha158_csi300_custom_step0_s_20260803_14,6cbf48032d204b5b9c2524868385efc0,0.032,,,
991,2026-08-03,SZ300433,0.15843015909194946,EXP_LinearModel_Alpha158_csi300_custom_step0_s_20260803_14,6cbf48032d204b5b9c2524868385efc0,0.032,,,
992,2026-08-03,SZ300442,0.12836645543575287,EXP_LinearModel_Alpha158_csi300_custom_step0_s_20260803_14,6cbf48032d204b5b9c2524868385efc0,0.032,,,
993,2026-08-03,SZ300450,-0.005114460363984108,EXP_LinearModel_Alpha158_csi300_custom_step0_s_20260803_14,6cbf48032d204b5b9c2524868385efc0,0.032,,,
994,2026-08-03,SZ301269,0.023089854046702385,EXP_LinearModel_Alpha158_csi300_custom_step0_s_20260803_14,6cbf48032d204b5b9c2524868385efc0,0.032,,,
995,2026-08-03,SZ301236,-0.05515526980161667,EXP_LinearModel_Alpha158_csi300_custom_step0_s_20260803_14,6cbf48032d204b5b9c2524868385efc0,0.032,,,
996,2026-08-03,SZ301165,-0.19514353573322296,EXP_LinearModel_Alpha158_csi300_custom_step0_s_20260803_14,6cbf48032d204b5b9c2524868385efc0,0.032,,,
997,2026-08-03,SZ300999,0.012805535458028316,EXP_LinearModel_Alpha158_csi300_custom_step0_s_20260803_14,6cbf48032d204b5b9c2524868385efc0,0.032,,,
998,2026-08-03,SZ300896,-0.07648828625679016,EXP_LinearModel_Alpha158_csi300_custom_step0_s_20260803_14,6cbf48032d204b5b9c2524868385efc0,0.032,,,
999,2026-08-03,SZ300866,0.04361376166343689,EXP_LinearModel_Alpha158_csi300_custom_step0_s_20260803_14,6cbf48032d204b5b9c2524868385efc0,0.032,,,
1000,2026-08-03,SZ300832,-0.0006857075495645404,EXP_LinearModel_Alpha158_csi300_custom_step0_s_20260803_14,6cbf48032d204b5b9c2524868385efc0,0.032,,,
1001,2026-08-03,SZ300803,-0.07691961526870728,EXP_LinearModel_Alpha158_csi300_custom_step0_s_20260803_14,6cbf48032d204b5b9c2524868385efc0,0.032,,,
1002,2026-08-03,SZ300760,0.004116089548915625,EXP_LinearModel_Alpha158_csi300_custom_step0_s_20260803_14,6cbf48032d204b5b9c2524868385efc0,0.032,,,
1003,2026-08-03,SZ300750,0.026344727724790573,EXP_LinearModel_Alpha158_csi300_custom_step0_s_20260803_14,6cbf48032d204b5b9c2524868385efc0,0.032,,,
1004,2026-08-03,SZ300661,0.029117919504642487,EXP_LinearModel_Alpha158_csi300_custom_step0_s_20260803_14,6cbf48032d204b5b9c2524868385efc0,0.032,,,
1005,2026-08-03,SZ300628,-0.05106973275542259,EXP_LinearModel_Alpha158_csi300_custom_step0_s_20260803_14,6cbf48032d204b5b9c2524868385efc0,0.032,,,
1006,2026-08-03,SZ300502,-0.002929848851636052,EXP_LinearModel_Alpha158_csi300_custom_step0_s_20260803_14,6cbf48032d204b5b9c2524868385efc0,0.032,,,
1007,2026-08-03,SZ300498,0.007816256023943424,EXP_LinearModel_Alpha158_csi300_custom_step0_s_20260803_14,6cbf48032d204b5b9c2524868385efc0,0.032,,,
1008,2026-08-03,SZ300476,0.3505593240261078,EXP_LinearModel_Alpha158_csi300_custom_step0_s_20260803_14,6cbf48032d204b5b9c2524868385efc0,0.032,,,
1009,2026-08-03,SZ002938,0.07137878239154816,EXP_LinearModel_Alpha158_csi300_custom_step0_s_20260803_14,6cbf48032d204b5b9c2524868385efc0,0.032,,,
1010,2026-08-03,SZ002920,0.0002521369606256485,EXP_LinearModel_Alpha158_csi300_custom_step0_s_20260803_14,6cbf48032d204b5b9c2524868385efc0,0.032,,,
1011,2026-08-03,SZ002916,0.07883329689502716,EXP_LinearModel_Alpha158_csi300_custom_step0_s_20260803_14,6cbf48032d204b5b9c2524868385efc0,0.032,,,
1012,2026-08-03,SZ002837,0.22593669593334198,EXP_LinearModel_Alpha158_csi300_custom_step0_s_20260803_14,6cbf48032d204b5b9c2524868385efc0,0.032,,,
1013,2026-08-03,SZ002353,0.10899526625871658,EXP_LinearModel_Alpha158_csi300_custom_step0_s_20260803_14,6cbf48032d204b5b9c2524868385efc0,0.032,,,
1014,2026-08-03,SZ002352,-0.0014844968682155013,EXP_LinearModel_Alpha158_csi300_custom_step0_s_20260803_14,6cbf48032d204b5b9c2524868385efc0,0.032,,,
1015,2026-08-03,SZ002311,0.10467769205570221,EXP_LinearModel_Alpha158_csi300_custom_step0_s_20260803_14,6cbf48032d204b5b9c2524868385efc0,0.032,,,
1016,2026-08-03,SZ002304,-0.0020367165561765432,EXP_LinearModel_Alpha158_csi300_custom_step0_s_20260803_14,6cbf48032d204b5b9c2524868385efc0,0.032,,,
1017,2026-08-03,SZ002241,-0.09799935668706894,EXP_LinearModel_Alpha158_csi300_custom_step0_s_20260803_14,6cbf48032d204b5b9c2524868385efc0,0.032,,,
1018,2026-08-03,SZ002236,-0.024710403755307198,EXP_LinearModel_Alpha158_csi300_custom_step0_s_20260803_14,6cbf48032d204b5b9c2524868385efc0,0.032,,,
1019,2026-08-03,SZ002230,0.005267501808702946,EXP_LinearModel_Alpha158_csi300_custom_step0_s_20260803_14,6cbf48032d204b5b9c2524868385efc0,0.032,,,
1020,2026-08-03,SZ002202,0.028914272785186768,EXP_LinearModel_Alpha158_csi300_custom_step0_s_20260803_14,6cbf48032d204b5b9c2524868385efc0,0.032,,,
1021,2026-08-03,SZ002179,-0.017837200313806534,EXP_LinearModel_Alpha158_csi300_custom_step0_s_20260803_14,6cbf48032d204b5b9c2524868385efc0,0.032,,,
1022,2026-08-03,SZ002142,0.040570858865976334,EXP_LinearModel_Alpha158_csi300_custom_step0_s_20260803_14,6cbf48032d204b5b9c2524868385efc0,0.032,,,
1023,2026-08-03,SZ002074,-0.00623871386051178,EXP_LinearModel_Alpha158_csi300_custom_step0_s_20260803_14,6cbf48032d204b5b9c2524868385efc0,0.032,,,
1024,2026-08-03,SZ002050,0.06715492904186249,EXP_LinearModel_Alpha158_csi300_custom_step0_s_20260803_14,6cbf48032d204b5b9c2524868385efc0,0.032,,,
1025,2026-08-03,SZ002049,0.09669698029756546,EXP_LinearModel_Alpha158_csi300_custom_step0_s_20260803_14,6cbf48032d204b5b9c2524868385efc0,0.032,,,
1026,2026-08-03,SZ002028,-0.047459639608860016,EXP_LinearModel_Alpha158_csi300_custom_step0_s_20260803_14,6cbf48032d204b5b9c2524868385efc0,0.032,,,
1027,2026-08-03,SZ002027,0.041098702698946,EXP_LinearModel_Alpha158_csi300_custom_step0_s_20260803_14,6cbf48032d204b5b9c2524868385efc0,0.032,,,
1028,2026-08-03,SZ002371,0.0800984799861908,EXP_LinearModel_Alpha158_csi300_custom_step0_s_20260803_14,6cbf48032d204b5b9c2524868385efc0,0.032,,,
1029,2026-08-03,SZ001979,-0.08130516111850739,EXP_LinearModel_Alpha158_csi300_custom_step0_s_20260803_14,6cbf48032d204b5b9c2524868385efc0,0.032,,,
1030,2026-08-03,SZ002384,0.04164832830429077,EXP_LinearModel_Alpha158_csi300_custom_step0_s_20260803_14,6cbf48032d204b5b9c2524868385efc0,0.032,,,
1031,2026-08-03,SZ002422,0.07796483486890793,EXP_LinearModel_Alpha158_csi300_custom_step0_s_20260803_14,6cbf48032d204b5b9c2524868385efc0,0.032,,,
1032,2026-08-03,SZ002736,0.02523578517138958,EXP_LinearModel_Alpha158_csi300_custom_step0_s_20260803_14,6cbf48032d204b5b9c2524868385efc0,0.032,,,
1033,2026-08-03,SZ002714,-0.045256711542606354,EXP_LinearModel_Alpha158_csi300_custom_step0_s_20260803_14,6cbf48032d204b5b9c2524868385efc0,0.032,,,
1034,2026-08-03,SZ002709,0.07618474960327148,EXP_LinearModel_Alpha158_csi300_custom_step0_s_20260803_14,6cbf48032d204b5b9c2524868385efc0,0.032,,,
1035,2026-08-03,SZ002648,-0.029183510690927505,EXP_LinearModel_Alpha158_csi300_custom_step0_s_20260803_14,6cbf48032d204b5b9c2524868385efc0,0.032,,,
1036,2026-08-03,SZ002625,-0.007527696900069714,EXP_LinearModel_Alpha158_csi300_custom_step0_s_20260803_14,6cbf48032d204b5b9c2524868385efc0,0.032,,,
1037,2026-08-03,SZ002602,-0.09115661680698395,EXP_LinearModel_Alpha158_csi300_custom_step0_s_20260803_14,6cbf48032d204b5b9c2524868385efc0,0.032,,,
1038,2026-08-03,SZ002600,0.06670066714286804,EXP_LinearModel_Alpha158_csi300_custom_step0_s_20260803_14,6cbf48032d204b5b9c2524868385efc0,0.032,,,
1039,2026-08-03,SZ002594,0.038326047360897064,EXP_LinearModel_Alpha158_csi300_custom_step0_s_20260803_14,6cbf48032d204b5b9c2524868385efc0,0.032,,,
1040,2026-08-03,SZ002558,-0.031261809170246124,EXP_LinearModel_Alpha158_csi300_custom_step0_s_20260803_14,6cbf48032d204b5b9c2524868385efc0,0.032,,,
1041,2026-08-03,SZ002532,-0.015305515378713608,EXP_LinearModel_Alpha158_csi300_custom_step0_s_20260803_14,6cbf48032d204b5b9c2524868385efc0,0.032,,,
1042,2026-08-03,SZ002493,-0.1229836717247963,EXP_LinearModel_Alpha158_csi300_custom_step0_s_20260803_14,6cbf48032d204b5b9c2524868385efc0,0.032,,,
1043,2026-08-03,SZ002475,-0.030596420168876648,EXP_LinearModel_Alpha158_csi300_custom_step0_s_20260803_14,6cbf48032d204b5b9c2524868385efc0,0.032,,,
1044,2026-08-03,SZ002466,-0.0009102970361709595,EXP_LinearModel_Alpha158_csi300_custom_step0_s_20260803_14,6cbf48032d204b5b9c2524868385efc0,0.032,,,
1045,2026-08-03,SZ002463,-0.0038030301220715046,EXP_LinearModel_Alpha158_csi300_custom_step0_s_20260803_14,6cbf48032d204b5b9c2524868385efc0,0.032,,,
1046,2026-08-03,SZ002460,-0.012535755522549152,EXP_LinearModel_Alpha158_csi300_custom_step0_s_20260803_14,6cbf48032d204b5b9c2524868385efc0,0.032,,,
1047,2026-08-03,SZ002415,0.003911964595317841,EXP_LinearModel_Alpha158_csi300_custom_step0_s_20260803_14,6cbf48032d204b5b9c2524868385efc0,0.032,,,
1048,2026-08-03,SH600000,0.03313964232802391,EXP_LinearModel_Alpha158_csi300_custom_step0_s_20260803_14,6cbf48032d204b5b9c2524868385efc0,0.032,,,
1049,2026-08-03,SH601939,-0.05811171233654022,EXP_LinearModel_Alpha158_csi300_custom_step0_s_20260803_14,6cbf48032d204b5b9c2524868385efc0,0.032,,,
1050,2026-08-03,SH601916,0.027790788561105728,EXP_LinearModel_Alpha158_csi300_custom_step0_s_20260803_14,6cbf48032d204b5b9c2524868385efc0,0.032,,,
1051,2026-08-03,SH600547,-0.09721709787845612,EXP_LinearModel_Alpha158_csi300_custom_step0_s_20260803_14,6cbf48032d204b5b9c2524868385efc0,0.032,,,
1052,2026-08-03,SH600522,0.24487142264842987,EXP_LinearModel_Alpha158_csi300_custom_step0_s_20260803_14,6cbf48032d204b5b9c2524868385efc0,0.032,,,
1053,2026-08-03,SH600519,0.04437568411231041,EXP_LinearModel_Alpha158_csi300_custom_step0_s_20260803_14,6cbf48032d204b5b9c2524868385efc0,0.032,,,
1054,2026-08-03,SH600515,-0.012981208972632885,EXP_LinearModel_Alpha158_csi300_custom_step0_s_20260803_14,6cbf48032d204b5b9c2524868385efc0,0.032,,,
1055,2026-08-03,SH600489,-0.060793980956077576,EXP_LinearModel_Alpha158_csi300_custom_step0_s_20260803_14,6cbf48032d204b5b9c2524868385efc0,0.032,,,
1056,2026-08-03,SH600482,0.050920385867357254,EXP_LinearModel_Alpha158_csi300_custom_step0_s_20260803_14,6cbf48032d204b5b9c2524868385efc0,0.032,,,
1057,2026-08-03,SH600549,0.14116442203521729,EXP_LinearModel_Alpha158_csi300_custom_step0_s_20260803_14,6cbf48032d204b5b9c2524868385efc0,0.032,,,
1058,2026-08-03,SH600460,0.2784351110458374,EXP_LinearModel_Alpha158_csi300_custom_step0_s_20260803_14,6cbf48032d204b5b9c2524868385efc0,0.032,,,
1059,2026-08-03,SH600436,-0.10278429836034775,EXP_LinearModel_Alpha158_csi300_custom_step0_s_20260803_14,6cbf48032d204b5b9c2524868385efc0,0.032,,,
1060,2026-08-03,SH600426,0.019710320979356766,EXP_LinearModel_Alpha158_csi300_custom_step0_s_20260803_14,6cbf48032d204b5b9c2524868385efc0,0.032,,,
1061,2026-08-03,SH600415,-0.04741910845041275,EXP_LinearModel_Alpha158_csi300_custom_step0_s_20260803_14,6cbf48032d204b5b9c2524868385efc0,0.032,,,
1062,2026-08-03,SH600406,0.05192958563566208,EXP_LinearModel_Alpha158_csi300_custom_step0_s_20260803_14,6cbf48032d204b5b9c2524868385efc0,0.032,,,
1063,2026-08-03,SH600372,-0.026997949928045273,EXP_LinearModel_Alpha158_csi300_custom_step0_s_20260803_14,6cbf48032d204b5b9c2524868385efc0,0.032,,,
1064,2026-08-03,SH600362,-0.07626194506883621,EXP_LinearModel_Alpha158_csi300_custom_step0_s_20260803_14,6cbf48032d204b5b9c2524868385efc0,0.032,,,
1065,2026-08-03,SH600438,-0.03845863789319992,EXP_LinearModel_Alpha158_csi300_custom_step0_s_20260803_14,6cbf48032d204b5b9c2524868385efc0,0.032,,,
1066,2026-08-03,SH600570,-0.06010836362838745,EXP_LinearModel_Alpha158_csi300_custom_step0_s_20260803_14,6cbf48032d204b5b9c2524868385efc0,0.032,,,
1067,2026-08-03,SH600584,0.26872557401657104,EXP_LinearModel_Alpha158_csi300_custom_step0_s_20260803_14,6cbf48032d204b5b9c2524868385efc0,0.032,,,
1068,2026-08-03,SH600585,0.06764434278011322,EXP_LinearModel_Alpha158_csi300_custom_step0_s_20260803_14,6cbf48032d204b5b9c2524868385efc0,0.032,,,
1069,2026-08-03,SH600893,-0.03653808310627937,EXP_LinearModel_Alpha158_csi300_custom_step0_s_20260803_14,6cbf48032d204b5b9c2524868385efc0,0.032,,,
1070,2026-08-03,SH600887,0.13180142641067505,EXP_LinearModel_Alpha158_csi300_custom_step0_s_20260803_14,6cbf48032d204b5b9c2524868385efc0,0.032,,,
1071,2026-08-03,SH600886,0.09496575593948364,EXP_LinearModel_Alpha158_csi300_custom_step0_s_20260803_14,6cbf48032d204b5b9c2524868385efc0,0.032,,,
1072,2026-08-03,SH600875,0.035164281725883484,EXP_LinearModel_Alpha158_csi300_custom_step0_s_20260803_14,6cbf48032d204b5b9c2524868385efc0,0.032,,,
1073,2026-08-03,SH600845,0.015554516576230526,EXP_LinearModel_Alpha158_csi300_custom_step0_s_20260803_14,6cbf48032d204b5b9c2524868385efc0,0.032,,,
1074,2026-08-03,SH600809,-0.019345995038747787,EXP_LinearModel_Alpha158_csi300_custom_step0_s_20260803_14,6cbf48032d204b5b9c2524868385efc0,0.032,,,
1075,2026-08-03,SH600803,-0.06553088128566742,EXP_LinearModel_Alpha158_csi300_custom_step0_s_20260803_14,6cbf48032d204b5b9c2524868385efc0,0.032,,,
1076,2026-08-03,SH600795,0.04002198576927185,EXP_LinearModel_Alpha158_csi300_custom_step0_s_20260803_14,6cbf48032d204b5b9c2524868385efc0,0.032,,,
1077,2026-08-03,SH600760,0.06842121481895447,EXP_LinearModel_Alpha158_csi300_custom_step0_s_20260803_14,6cbf48032d204b5b9c2524868385efc0,0.032,,,
1078,2026-08-03,SH600741,0.12710043787956238,EXP_LinearModel_Alpha158_csi300_custom_step0_s_20260803_14,6cbf48032d204b5b9c2524868385efc0,0.032,,,
1079,2026-08-03,SH600690,0.0804436132311821,EXP_LinearModel_Alpha158_csi300_custom_step0_s_20260803_14,6cbf48032d204b5b9c2524868385efc0,0.032,,,
1080,2026-08-03,SH600674,0.11653753370046616,EXP_LinearModel_Alpha158_csi300_custom_step0_s_20260803_14,6cbf48032d204b5b9c2524868385efc0,0.032,,,
1081,2026-08-03,SH600660,0.016293076798319817,EXP_LinearModel_Alpha158_csi300_custom_step0_s_20260803_14,6cbf48032d204b5b9c2524868385efc0,0.032,,,
1082,2026-08-03,SH600600,-0.008251580409705639,EXP_LinearModel_Alpha158_csi300_custom_step0_s_20260803_14,6cbf48032d204b5b9c2524868385efc0,0.032,,,
1083,2026-08-03,SH600588,-0.0777897834777832,EXP_LinearModel_Alpha158_csi300_custom_step0_s_20260803_14,6cbf48032d204b5b9c2524868385efc0,0.032,,,
1084,2026-08-03,SH600346,-0.10633701831102371,EXP_LinearModel_Alpha158_csi300_custom_step0_s_20260803_14,6cbf48032d204b5b9c2524868385efc0,0.032,,,
1085,2026-08-03,SH600309,-0.0504583865404129,EXP_LinearModel_Alpha158_csi300_custom_step0_s_20260803_14,6cbf48032d204b5b9c2524868385efc0,0.032,,,
1086,2026-08-03,SH600276,-0.047940194606781006,EXP_LinearModel_Alpha158_csi300_custom_step0_s_20260803_14,6cbf48032d204b5b9c2524868385efc0,0.032,,,
1087,2026-08-03,SH600233,-0.08812212198972702,EXP_LinearModel_Alpha158_csi300_custom_step0_s_20260803_14,6cbf48032d204b5b9c2524868385efc0,0.032,,,
1088,2026-08-03,SH600036,0.08507812023162842,EXP_LinearModel_Alpha158_csi300_custom_step0_s_20260803_14,6cbf48032d204b5b9c2524868385efc0,0.032,,,
1089,2026-08-03,SH600031,-0.008562948554754257,EXP_LinearModel_Alpha158_csi300_custom_step0_s_20260803_14,6cbf48032d204b5b9c2524868385efc0,0.032,,,
1090,2026-08-03,SH600030,-0.024851208552718163,EXP_LinearModel_Alpha158_csi300_custom_step0_s_20260803_14,6cbf48032d204b5b9c2524868385efc0,0.032,,,
1091,2026-08-03,SH600029,-0.056964900344610214,EXP_LinearModel_Alpha158_csi300_custom_step0_s_20260803_14,6cbf48032d204b5b9c2524868385efc0,0.032,,,
1092,2026-08-03,SH600028,0.05052809417247772,EXP_LinearModel_Alpha158_csi300_custom_step0_s_20260803_14,6cbf48032d204b5b9c2524868385efc0,0.032,,,
1093,2026-08-03,SH600027,0.045543424785137177,EXP_LinearModel_Alpha158_csi300_custom_step0_s_20260803_14,6cbf48032d204b5b9c2524868385efc0,0.032,,,
1094,2026-08-03,SH600026,-0.10885106772184372,EXP_LinearModel_Alpha158_csi300_custom_step0_s_20260803_14,6cbf48032d204b5b9c2524868385efc0,0.032,,,
1095,2026-08-03,SH600025,0.06985409557819366,EXP_LinearModel_Alpha158_csi300_custom_step0_s_20260803_14,6cbf48032d204b5b9c2524868385efc0,0.032,,,
1096,2026-08-03,SH600023,0.08996261656284332,EXP_LinearModel_Alpha158_csi300_custom_step0_s_20260803_14,6cbf48032d204b5b9c2524868385efc0,0.032,,,
1097,2026-08-03,SH600019,0.04688914492726326,EXP_LinearModel_Alpha158_csi300_custom_step0_s_20260803_14,6cbf48032d204b5b9c2524868385efc0,0.032,,,
1098,2026-08-03,SH600018,0.05774359032511711,EXP_LinearModel_Alpha158_csi300_custom_step0_s_20260803_14,6cbf48032d204b5b9c2524868385efc0,0.032,,,
1099,2026-08-03,SH600016,0.059271056205034256,EXP_LinearModel_Alpha158_csi300_custom_step0_s_20260803_14,6cbf48032d204b5b9c2524868385efc0,0.032,,,
1100,2026-08-03,SH600015,0.07673640549182892,EXP_LinearModel_Alpha158_csi300_custom_step0_s_20260803_14,6cbf48032d204b5b9c2524868385efc0,0.032,,,
1101,2026-08-03,SH600011,-0.01517974492162466,EXP_LinearModel_Alpha158_csi300_custom_step0_s_20260803_14,6cbf48032d204b5b9c2524868385efc0,0.032,,,
1102,2026-08-03,SH600010,-0.012600136920809746,EXP_LinearModel_Alpha158_csi300_custom_step0_s_20260803_14,6cbf48032d204b5b9c2524868385efc0,0.032,,,
1103,2026-08-03,SH600039,0.06320729851722717,EXP_LinearModel_Alpha158_csi300_custom_step0_s_20260803_14,6cbf48032d204b5b9c2524868385efc0,0.032,,,
1104,2026-08-03,SH600900,0.1114390566945076,EXP_LinearModel_Alpha158_csi300_custom_step0_s_20260803_14,6cbf48032d204b5b9c2524868385efc0,0.032,,,
1105,2026-08-03,SH600048,-0.05180654302239418,EXP_LinearModel_Alpha158_csi300_custom_step0_s_20260803_14,6cbf48032d204b5b9c2524868385efc0,0.032,,,
1106,2026-08-03,SH600061,-0.0043836431577801704,EXP_LinearModel_Alpha158_csi300_custom_step0_s_20260803_14,6cbf48032d204b5b9c2524868385efc0,0.032,,,
1107,2026-08-03,SH600221,0.02344750240445137,EXP_LinearModel_Alpha158_csi300_custom_step0_s_20260803_14,6cbf48032d204b5b9c2524868385efc0,0.032,,,
1108,2026-08-03,SH600219,-0.0017528967000544071,EXP_LinearModel_Alpha158_csi300_custom_step0_s_20260803_14,6cbf48032d204b5b9c2524868385efc0,0.032,,,
1109,2026-08-03,SH600196,0.010696617886424065,EXP_LinearModel_Alpha158_csi300_custom_step0_s_20260803_14,6cbf48032d204b5b9c2524868385efc0,0.032,,,
1110,2026-08-03,SH600188,0.007834276184439659,EXP_LinearModel_Alpha158_csi300_custom_step0_s_20260803_14,6cbf48032d204b5b9c2524868385efc0,0.032,,,
1111,2026-08-03,SH600183,0.07552293688058853,EXP_LinearModel_Alpha158_csi300_custom_step0_s_20260803_14,6cbf48032d204b5b9c2524868385efc0,0.032,,,
1112,2026-08-03,SH600176,0.1271861493587494,EXP_LinearModel_Alpha158_csi300_custom_step0_s_20260803_14,6cbf48032d204b5b9c2524868385efc0,0.032,,,
1113,2026-08-03,SH600160,-0.10263990610837936,EXP_LinearModel_Alpha158_csi300_custom_step0_s_20260803_14,6cbf48032d204b5b9c2524868385efc0,0.032,,,
1114,2026-08-03,SH600150,-0.06399434804916382,EXP_LinearModel_Alpha158_csi300_custom_step0_s_20260803_14,6cbf48032d204b5b9c2524868385efc0,0.032,,,
1115,2026-08-03,SH600118,0.06760948151350021,EXP_LinearModel_Alpha158_csi300_custom_step0_s_20260803_14,6cbf48032d204b5b9c2524868385efc0,0.032,,,
1116,2026-08-03,SH600115,-0.06681238114833832,EXP_LinearModel_Alpha158_csi300_custom_step0_s_20260803_14,6cbf48032d204b5b9c2524868385efc0,0.032,,,
1117,2026-08-03,SH600111,0.06915283203125,EXP_LinearModel_Alpha158_csi300_custom_step0_s_20260803_14,6cbf48032d204b5b9c2524868385efc0,0.032,,,
1118,2026-08-03,SH600104,-0.03900853917002678,EXP_LinearModel_Alpha158_csi300_custom_step0_s_20260803_14,6cbf48032d204b5b9c2524868385efc0,0.032,,,
1119,2026-08-03,SH600089,0.002480423776432872,EXP_LinearModel_Alpha158_csi300_custom_step0_s_20260803_14,6cbf48032d204b5b9c2524868385efc0,0.032,,,
1120,2026-08-03,SH600085,0.01877843402326107,EXP_LinearModel_Alpha158_csi300_custom_step0_s_20260803_14,6cbf48032d204b5b9c2524868385efc0,0.032,,,
1121,2026-08-03,SH600066,0.055237915366888046,EXP_LinearModel_Alpha158_csi300_custom_step0_s_20260803_14,6cbf48032d204b5b9c2524868385efc0,0.032,,,
1122,2026-08-03,SH600050,0.0566406287252903,EXP_LinearModel_Alpha158_csi300_custom_step0_s_20260803_14,6cbf48032d204b5b9c2524868385efc0,0.032,,,
1123,2026-08-03,SH601919,0.04381456971168518,EXP_LinearModel_Alpha158_csi300_custom_step0_s_20260803_14,6cbf48032d204b5b9c2524868385efc0,0.032,,,
1124,2026-08-03,SH600905,0.0991816520690918,EXP_LinearModel_Alpha158_csi300_custom_step0_s_20260803_14,6cbf48032d204b5b9c2524868385efc0,0.032,,,
1125,2026-08-03,SH600919,0.05992119014263153,EXP_LinearModel_Alpha158_csi300_custom_step0_s_20260803_14,6cbf48032d204b5b9c2524868385efc0,0.032,,,
1126,2026-08-03,SH601698,0.0230646301060915,EXP_LinearModel_Alpha158_csi300_custom_step0_s_20260803_14,6cbf48032d204b5b9c2524868385efc0,0.032,,,
1127,2026-08-03,SH601689,0.08322324603796005,EXP_LinearModel_Alpha158_csi300_custom_step0_s_20260803_14,6cbf48032d204b5b9c2524868385efc0,0.032,,,
1128,2026-08-03,SH601688,-0.029720380902290344,EXP_LinearModel_Alpha158_csi300_custom_step0_s_20260803_14,6cbf48032d204b5b9c2524868385efc0,0.032,,,
1129,2026-08-03,SH601669,0.09744088351726532,EXP_LinearModel_Alpha158_csi300_custom_step0_s_20260803_14,6cbf48032d204b5b9c2524868385efc0,0.032,,,
1130,2026-08-03,SH601668,0.17095643281936646,EXP_LinearModel_Alpha158_csi300_custom_step0_s_20260803_14,6cbf48032d204b5b9c2524868385efc0,0.032,,,
1131,2026-08-03,SH601658,0.11898724734783173,EXP_LinearModel_Alpha158_csi300_custom_step0_s_20260803_14,6cbf48032d204b5b9c2524868385efc0,0.032,,,
1132,2026-08-03,SH601727,0.024726618081331253,EXP_LinearModel_Alpha158_csi300_custom_step0_s_20260803_14,6cbf48032d204b5b9c2524868385efc0,0.032,,,
1133,2026-08-03,SH601633,0.027285221964120865,EXP_LinearModel_Alpha158_csi300_custom_step0_s_20260803_14,6cbf48032d204b5b9c2524868385efc0,0.032,,,
1134,2026-08-03,SH601618,0.0029195784591138363,EXP_LinearModel_Alpha158_csi300_custom_step0_s_20260803_14,6cbf48032d204b5b9c2524868385efc0,0.032,,,
1135,2026-08-03,SH601607,0.06679373979568481,EXP_LinearModel_Alpha158_csi300_custom_step0_s_20260803_14,6cbf48032d204b5b9c2524868385efc0,0.032,,,
1136,2026-08-03,SH601601,0.020716974511742592,EXP_LinearModel_Alpha158_csi300_custom_step0_s_20260803_14,6cbf48032d204b5b9c2524868385efc0,0.032,,,
1137,2026-08-03,SH601600,0.007450504694133997,EXP_LinearModel_Alpha158_csi300_custom_step0_s_20260803_14,6cbf48032d204b5b9c2524868385efc0,0.032,,,
1138,2026-08-03,SH601456,-0.014126391150057316,EXP_LinearModel_Alpha158_csi300_custom_step0_s_20260803_14,6cbf48032d204b5b9c2524868385efc0,0.032,,,
1139,2026-08-03,SH601398,-0.05610936880111694,EXP_LinearModel_Alpha158_csi300_custom_step0_s_20260803_14,6cbf48032d204b5b9c2524868385efc0,0.032,,,
1140,2026-08-03,SH601628,0.005695231258869171,EXP_LinearModel_Alpha158_csi300_custom_step0_s_20260803_14,6cbf48032d204b5b9c2524868385efc0,0.032,,,
1141,2026-08-03,SH601728,0.033703528344631195,EXP_LinearModel_Alpha158_csi300_custom_step0_s_20260803_14,6cbf48032d204b5b9c2524868385efc0,0.032,,,
1142,2026-08-03,SH601766,0.10411439836025238,EXP_LinearModel_Alpha158_csi300_custom_step0_s_20260803_14,6cbf48032d204b5b9c2524868385efc0,0.032,,,
1143,2026-08-03,SH601788,-0.07328322529792786,EXP_LinearModel_Alpha158_csi300_custom_step0_s_20260803_14,6cbf48032d204b5b9c2524868385efc0,0.032,,,
1144,2026-08-03,SH601901,-0.06365618854761124,EXP_LinearModel_Alpha158_csi300_custom_step0_s_20260803_14,6cbf48032d204b5b9c2524868385efc0,0.032,,,
1145,2026-08-03,SH601899,-0.07898179441690445,EXP_LinearModel_Alpha158_csi300_custom_step0_s_20260803_14,6cbf48032d204b5b9c2524868385efc0,0.032,,,
1146,2026-08-03,SH601898,0.053463734686374664,EXP_LinearModel_Alpha158_csi300_custom_step0_s_20260803_14,6cbf48032d204b5b9c2524868385efc0,0.032,,,
1147,2026-08-03,SH601888,-0.06371006369590759,EXP_LinearModel_Alpha158_csi300_custom_step0_s_20260803_14,6cbf48032d204b5b9c2524868385efc0,0.032,,,
1148,2026-08-03,SH601881,-0.011499219574034214,EXP_LinearModel_Alpha158_csi300_custom_step0_s_20260803_14,6cbf48032d204b5b9c2524868385efc0,0.032,,,
1149,2026-08-03,SH601878,0.012201598845422268,EXP_LinearModel_Alpha158_csi300_custom_step0_s_20260803_14,6cbf48032d204b5b9c2524868385efc0,0.032,,,
1150,2026-08-03,SH601877,-0.018197989091277122,EXP_LinearModel_Alpha158_csi300_custom_step0_s_20260803_14,6cbf48032d204b5b9c2524868385efc0,0.032,,,
1151,2026-08-03,SH601872,-0.12592965364456177,EXP_LinearModel_Alpha158_csi300_custom_step0_s_20260803_14,6cbf48032d204b5b9c2524868385efc0,0.032,,,
1152,2026-08-03,SH601868,0.07826253771781921,EXP_LinearModel_Alpha158_csi300_custom_step0_s_20260803_14,6cbf48032d204b5b9c2524868385efc0,0.032,,,
1153,2026-08-03,SH601857,0.1265646517276764,EXP_LinearModel_Alpha158_csi300_custom_step0_s_20260803_14,6cbf48032d204b5b9c2524868385efc0,0.032,,,
1154,2026-08-03,SH601838,0.06792059540748596,EXP_LinearModel_Alpha158_csi300_custom_step0_s_20260803_14,6cbf48032d204b5b9c2524868385efc0,0.032,,,
1155,2026-08-03,SH601825,-0.025044210255146027,EXP_LinearModel_Alpha158_csi300_custom_step0_s_20260803_14,6cbf48032d204b5b9c2524868385efc0,0.032,,,
1156,2026-08-03,SH601818,0.043306805193424225,EXP_LinearModel_Alpha158_csi300_custom_step0_s_20260803_14,6cbf48032d204b5b9c2524868385efc0,0.032,,,
1157,2026-08-03,SH601816,0.06082531064748764,EXP_LinearModel_Alpha158_csi300_custom_step0_s_20260803_14,6cbf48032d204b5b9c2524868385efc0,0.032,,,
1158,2026-08-03,SH601800,0.024655943736433983,EXP_LinearModel_Alpha158_csi300_custom_step0_s_20260803_14,6cbf48032d204b5b9c2524868385efc0,0.032,,,
1159,2026-08-03,SH601390,0.05624963715672493,EXP_LinearModel_Alpha158_csi300_custom_step0_s_20260803_14,6cbf48032d204b5b9c2524868385efc0,0.032,,,
1160,2026-08-03,SH601377,0.03772692382335663,EXP_LinearModel_Alpha158_csi300_custom_step0_s_20260803_14,6cbf48032d204b5b9c2524868385efc0,0.032,,,
1161,2026-08-03,SH601360,-0.0482424721121788,EXP_LinearModel_Alpha158_csi300_custom_step0_s_20260803_14,6cbf48032d204b5b9c2524868385efc0,0.032,,,
1162,2026-08-03,SH601336,-0.007531723473221064,EXP_LinearModel_Alpha158_csi300_custom_step0_s_20260803_14,6cbf48032d204b5b9c2524868385efc0,0.032,,,
1163,2026-08-03,SH601066,-0.09601175040006638,EXP_LinearModel_Alpha158_csi300_custom_step0_s_20260803_14,6cbf48032d204b5b9c2524868385efc0,0.032,,,
1164,2026-08-03,SH601059,-0.006302599795162678,EXP_LinearModel_Alpha158_csi300_custom_step0_s_20260803_14,6cbf48032d204b5b9c2524868385efc0,0.032,,,
1165,2026-08-03,SH601058,0.013651513494551182,EXP_LinearModel_Alpha158_csi300_custom_step0_s_20260803_14,6cbf48032d204b5b9c2524868385efc0,0.032,,,
1166,2026-08-03,SH601021,0.016320157796144485,EXP_LinearModel_Alpha158_csi300_custom_step0_s_20260803_14,6cbf48032d204b5b9c2524868385efc0,0.032,,,
1167,2026-08-03,SH601018,0.038570649921894073,EXP_LinearModel_Alpha158_csi300_custom_step0_s_20260803_14,6cbf48032d204b5b9c2524868385efc0,0.032,,,
1168,2026-08-03,SH601012,-0.03676338866353035,EXP_LinearModel_Alpha158_csi300_custom_step0_s_20260803_14,6cbf48032d204b5b9c2524868385efc0,0.032,,,
1169,2026-08-03,SH601009,0.058729514479637146,EXP_LinearModel_Alpha158_csi300_custom_step0_s_20260803_14,6cbf48032d204b5b9c2524868385efc0,0.032,,,
1170,2026-08-03,SH601006,0.06814870238304138,EXP_LinearModel_Alpha158_csi300_custom_step0_s_20260803_14,6cbf48032d204b5b9c2524868385efc0,0.032,,,
1171,2026-08-03,SH600999,-0.04595400020480156,EXP_LinearModel_Alpha158_csi300_custom_step0_s_20260803_14,6cbf48032d204b5b9c2524868385efc0,0.032,,,
1172,2026-08-03,SH600989,0.07263261079788208,EXP_LinearModel_Alpha158_csi300_custom_step0_s_20260803_14,6cbf48032d204b5b9c2524868385efc0,0.032,,,
1173,2026-08-03,SH600958,0.006740350276231766,EXP_LinearModel_Alpha158_csi300_custom_step0_s_20260803_14,6cbf48032d204b5b9c2524868385efc0,0.032,,,
1174,2026-08-03,SH600941,0.030182309448719025,EXP_LinearModel_Alpha158_csi300_custom_step0_s_20260803_14,6cbf48032d204b5b9c2524868385efc0,0.032,,,
1175,2026-08-03,SH600938,0.04308610409498215,EXP_LinearModel_Alpha158_csi300_custom_step0_s_20260803_14,6cbf48032d204b5b9c2524868385efc0,0.032,,,
1176,2026-08-03,SH600930,0.08024482429027557,EXP_LinearModel_Alpha158_csi300_custom_step0_s_20260803_14,6cbf48032d204b5b9c2524868385efc0,0.032,,,
1177,2026-08-03,SH600926,0.09074991941452026,EXP_LinearModel_Alpha158_csi300_custom_step0_s_20260803_14,6cbf48032d204b5b9c2524868385efc0,0.032,,,
1178,2026-08-03,SH601077,0.05865621939301491,EXP_LinearModel_Alpha158_csi300_custom_step0_s_20260803_14,6cbf48032d204b5b9c2524868385efc0,0.032,,,
1179,2026-08-03,SH600918,-0.023864075541496277,EXP_LinearModel_Alpha158_csi300_custom_step0_s_20260803_14,6cbf48032d204b5b9c2524868385efc0,0.032,,,
1180,2026-08-03,SH601088,0.01940918155014515,EXP_LinearModel_Alpha158_csi300_custom_step0_s_20260803_14,6cbf48032d204b5b9c2524868385efc0,0.032,,,
1181,2026-08-03,SH601111,-0.021243730559945107,EXP_LinearModel_Alpha158_csi300_custom_step0_s_20260803_14,6cbf48032d204b5b9c2524868385efc0,0.032,,,
1182,2026-08-03,SH601328,0.03985463082790375,EXP_LinearModel_Alpha158_csi300_custom_step0_s_20260803_14,6cbf48032d204b5b9c2524868385efc0,0.032,,,
1183,2026-08-03,SH601319,0.08369192481040955,EXP_LinearModel_Alpha158_csi300_custom_step0_s_20260803_14,6cbf48032d204b5b9c2524868385efc0,0.032,,,
1184,2026-08-03,SH601318,0.0747874453663826,EXP_LinearModel_Alpha158_csi300_custom_step0_s_20260803_14,6cbf48032d204b5b9c2524868385efc0,0.032,,,
1185,2026-08-03,SH601288,0.045241087675094604,EXP_LinearModel_Alpha158_csi300_custom_step0_s_20260803_14,6cbf48032d204b5b9c2524868385efc0,0.032,,,
1186,2026-08-03,SH601238,-0.11948096007108688,EXP_LinearModel_Alpha158_csi300_custom_step0_s_20260803_14,6cbf48032d204b5b9c2524868385efc0,0.032,,,
1187,2026-08-03,SH601229,0.09547361731529236,EXP_LinearModel_Alpha158_csi300_custom_step0_s_20260803_14,6cbf48032d204b5b9c2524868385efc0,0.032,,,
1188,2026-08-03,SH601225,0.10568907111883163,EXP_LinearModel_Alpha158_csi300_custom_step0_s_20260803_14,6cbf48032d204b5b9c2524868385efc0,0.032,,,
1189,2026-08-03,SH601211,-0.02298893593251705,EXP_LinearModel_Alpha158_csi300_custom_step0_s_20260803_14,6cbf48032d204b5b9c2524868385efc0,0.032,,,
1190,2026-08-03,SH601186,0.07030937820672989,EXP_LinearModel_Alpha158_csi300_custom_step0_s_20260803_14,6cbf48032d204b5b9c2524868385efc0,0.032,,,
1191,2026-08-03,SH601169,0.051057908684015274,EXP_LinearModel_Alpha158_csi300_custom_step0_s_20260803_14,6cbf48032d204b5b9c2524868385efc0,0.032,,,
1192,2026-08-03,SH601166,0.06610962003469467,EXP_LinearModel_Alpha158_csi300_custom_step0_s_20260803_14,6cbf48032d204b5b9c2524868385efc0,0.032,,,
1193,2026-08-03,SH601138,0.03675222769379616,EXP_LinearModel_Alpha158_csi300_custom_step0_s_20260803_14,6cbf48032d204b5b9c2524868385efc0,0.032,,,
1194,2026-08-03,SH601136,-0.018274860456585884,EXP_LinearModel_Alpha158_csi300_custom_step0_s_20260803_14,6cbf48032d204b5b9c2524868385efc0,0.032,,,
1195,2026-08-03,SH601127,-0.0660189688205719,EXP_LinearModel_Alpha158_csi300_custom_step0_s_20260803_14,6cbf48032d204b5b9c2524868385efc0,0.032,,,
1196,2026-08-03,SH601117,0.047442931681871414,EXP_LinearModel_Alpha158_csi300_custom_step0_s_20260803_14,6cbf48032d204b5b9c2524868385efc0,0.032,,,
1197,2026-08-03,SH601100,0.06371860206127167,EXP_LinearModel_Alpha158_csi300_custom_step0_s_20260803_14,6cbf48032d204b5b9c2524868385efc0,0.032,,,
1198,2026-08-03,SH600009,-0.004834516794914801,EXP_LGBModel_Alpha158_csi300_custom_step0_s_20260803_14,332948b11b3640a0bb507b772f399fd7,0.007,,,
1199,2026-08-03,SZ302132,0.04164156690239906,EXP_LinearModel_Alpha158_csi300_custom_step0_s_20260803_14,4e8d64dedeae4de0bf8267e3e8e7d595,0.056,,,
1200,2026-08-03,SH600009,0.0025674141943454742,EXP_LinearModel_Alpha158_csi300_custom_step0_s_20260803_14,dfe7e1fab52a44afbe7825966f5bd16d,0.08,,,
1201,2026-08-03,SZ000617,0.009986668825149536,EXP_XGBModel_Alpha158_csi300_custom_step0_s_20260803_14,e2ede29692af4aeaa7e3f3f6f4bfc06b,0.064,,,
1202,2026-08-03,SZ000596,0.06497889757156372,EXP_XGBModel_Alpha158_csi300_custom_step0_s_20260803_14,e2ede29692af4aeaa7e3f3f6f4bfc06b,0.064,,,
1203,2026-08-03,SZ000568,-0.010107369162142277,EXP_XGBModel_Alpha158_csi300_custom_step0_s_20260803_14,e2ede29692af4aeaa7e3f3f6f4bfc06b,0.064,,,
1204,2026-08-03,SZ000538,0.04506893828511238,EXP_XGBModel_Alpha158_csi300_custom_step0_s_20260803_14,e2ede29692af4aeaa7e3f3f6f4bfc06b,0.064,,,
1205,2026-08-03,SZ000425,-0.02548753283917904,EXP_XGBModel_Alpha158_csi300_custom_step0_s_20260803_14,e2ede29692af4aeaa7e3f3f6f4bfc06b,0.064,,,
1206,2026-08-03,SZ000408,-0.019635958597064018,EXP_XGBModel_Alpha158_csi300_custom_step0_s_20260803_14,e2ede29692af4aeaa7e3f3f6f4bfc06b,0.064,,,
1207,2026-08-03,SZ000625,0.004602930974215269,EXP_XGBModel_Alpha158_csi300_custom_step0_s_20260803_14,e2ede29692af4aeaa7e3f3f6f4bfc06b,0.064,,,
1208,2026-08-03,SZ000338,0.05028257146477699,EXP_XGBModel_Alpha158_csi300_custom_step0_s_20260803_14,e2ede29692af4aeaa7e3f3f6f4bfc06b,0.064,,,
1209,2026-08-03,SZ000301,-0.05600513517856598,EXP_XGBModel_Alpha158_csi300_custom_step0_s_20260803_14,e2ede29692af4aeaa7e3f3f6f4bfc06b,0.064,,,
1210,2026-08-03,SZ000166,0.02380780316889286,EXP_XGBModel_Alpha158_csi300_custom_step0_s_20260803_14,e2ede29692af4aeaa7e3f3f6f4bfc06b,0.064,,,
1211,2026-08-03,SZ000157,0.01948556862771511,EXP_XGBModel_Alpha158_csi300_custom_step0_s_20260803_14,e2ede29692af4aeaa7e3f3f6f4bfc06b,0.064,,,
1212,2026-08-03,SZ000100,-0.0020750965923070908,EXP_XGBModel_Alpha158_csi300_custom_step0_s_20260803_14,e2ede29692af4aeaa7e3f3f6f4bfc06b,0.064,,,
1213,2026-08-03,SZ000063,-0.023585841059684753,EXP_XGBModel_Alpha158_csi300_custom_step0_s_20260803_14,e2ede29692af4aeaa7e3f3f6f4bfc06b,0.064,,,
1214,2026-08-03,SZ000002,-0.11290016770362854,EXP_XGBModel_Alpha158_csi300_custom_step0_s_20260803_14,e2ede29692af4aeaa7e3f3f6f4bfc06b,0.064,,,
1215,2026-08-03,SZ000333,0.03032313473522663,EXP_XGBModel_Alpha158_csi300_custom_step0_s_20260803_14,e2ede29692af4aeaa7e3f3f6f4bfc06b,0.064,,,
1216,2026-08-03,SZ000630,-0.02900824137032032,EXP_XGBModel_Alpha158_csi300_custom_step0_s_20260803_14,e2ede29692af4aeaa7e3f3f6f4bfc06b,0.064,,,
1217,2026-08-03,SZ000651,0.05595456436276436,EXP_XGBModel_Alpha158_csi300_custom_step0_s_20260803_14,e2ede29692af4aeaa7e3f3f6f4bfc06b,0.064,,,
1218,2026-08-03,SZ000657,0.2594703137874603,EXP_XGBModel_Alpha158_csi300_custom_step0_s_20260803_14,e2ede29692af4aeaa7e3f3f6f4bfc06b,0.064,,,
1219,2026-08-03,SZ001280,0.04025356471538544,EXP_XGBModel_Alpha158_csi300_custom_step0_s_20260803_14,e2ede29692af4aeaa7e3f3f6f4bfc06b,0.064,,,
1220,2026-08-03,SZ000999,0.029960257932543755,EXP_XGBModel_Alpha158_csi300_custom_step0_s_20260803_14,e2ede29692af4aeaa7e3f3f6f4bfc06b,0.064,,,
1221,2026-08-03,SZ000988,0.1996934860944748,EXP_XGBModel_Alpha158_csi300_custom_step0_s_20260803_14,e2ede29692af4aeaa7e3f3f6f4bfc06b,0.064,,,
1222,2026-08-03,SZ000977,0.022193487733602524,EXP_XGBModel_Alpha158_csi300_custom_step0_s_20260803_14,e2ede29692af4aeaa7e3f3f6f4bfc06b,0.064,,,
1223,2026-08-03,SZ000975,-0.01840686984360218,EXP_XGBModel_Alpha158_csi300_custom_step0_s_20260803_14,e2ede29692af4aeaa7e3f3f6f4bfc06b,0.064,,,
1224,2026-08-03,SZ000963,-0.021736660972237587,EXP_XGBModel_Alpha158_csi300_custom_step0_s_20260803_14,e2ede29692af4aeaa7e3f3f6f4bfc06b,0.064,,,
1225,2026-08-03,SZ000938,0.03024032898247242,EXP_XGBModel_Alpha158_csi300_custom_step0_s_20260803_14,e2ede29692af4aeaa7e3f3f6f4bfc06b,0.064,,,
1226,2026-08-03,SZ000895,0.0007116573397070169,EXP_XGBModel_Alpha158_csi300_custom_step0_s_20260803_14,e2ede29692af4aeaa7e3f3f6f4bfc06b,0.064,,,
1227,2026-08-03,SZ000858,-0.014277351088821888,EXP_XGBModel_Alpha158_csi300_custom_step0_s_20260803_14,e2ede29692af4aeaa7e3f3f6f4bfc06b,0.064,,,
1228,2026-08-03,SZ000807,-0.03503509610891342,EXP_XGBModel_Alpha158_csi300_custom_step0_s_20260803_14,e2ede29692af4aeaa7e3f3f6f4bfc06b,0.064,,,
1229,2026-08-03,SZ000792,-0.03647811338305473,EXP_XGBModel_Alpha158_csi300_custom_step0_s_20260803_14,e2ede29692af4aeaa7e3f3f6f4bfc06b,0.064,,,
1230,2026-08-03,SZ000776,0.013448700308799744,EXP_XGBModel_Alpha158_csi300_custom_step0_s_20260803_14,e2ede29692af4aeaa7e3f3f6f4bfc06b,0.064,,,
1231,2026-08-03,SZ000768,-0.010016401298344135,EXP_XGBModel_Alpha158_csi300_custom_step0_s_20260803_14,e2ede29692af4aeaa7e3f3f6f4bfc06b,0.064,,,
1232,2026-08-03,SZ000725,0.07695428282022476,EXP_XGBModel_Alpha158_csi300_custom_step0_s_20260803_14,e2ede29692af4aeaa7e3f3f6f4bfc06b,0.064,,,
1233,2026-08-03,SZ000708,0.05917152017354965,EXP_XGBModel_Alpha158_csi300_custom_step0_s_20260803_14,e2ede29692af4aeaa7e3f3f6f4bfc06b,0.064,,,
1234,2026-08-03,SZ000001,0.035536911338567734,EXP_XGBModel_Alpha158_csi300_custom_step0_s_20260803_14,e2ede29692af4aeaa7e3f3f6f4bfc06b,0.064,,,
1235,2026-08-03,SH688981,0.10440631210803986,EXP_XGBModel_Alpha158_csi300_custom_step0_s_20260803_14,e2ede29692af4aeaa7e3f3f6f4bfc06b,0.064,,,
1236,2026-08-03,SH688521,0.3598058819770813,EXP_XGBModel_Alpha158_csi300_custom_step0_s_20260803_14,e2ede29692af4aeaa7e3f3f6f4bfc06b,0.064,,,
1237,2026-08-03,SH688506,0.05015556514263153,EXP_XGBModel_Alpha158_csi300_custom_step0_s_20260803_14,e2ede29692af4aeaa7e3f3f6f4bfc06b,0.064,,,
1238,2026-08-03,SH603993,-0.055024921894073486,EXP_XGBModel_Alpha158_csi300_custom_step0_s_20260803_14,e2ede29692af4aeaa7e3f3f6f4bfc06b,0.064,,,
1239,2026-08-03,SH603986,0.32815617322921753,EXP_XGBModel_Alpha158_csi300_custom_step0_s_20260803_14,e2ede29692af4aeaa7e3f3f6f4bfc06b,0.064,,,
1240,2026-08-03,SH603893,-0.07166069746017456,EXP_XGBModel_Alpha158_csi300_custom_step0_s_20260803_14,e2ede29692af4aeaa7e3f3f6f4bfc06b,0.064,,,
1241,2026-08-03,SH603799,0.01705344393849373,EXP_XGBModel_Alpha158_csi300_custom_step0_s_20260803_14,e2ede29692af4aeaa7e3f3f6f4bfc06b,0.064,,,
1242,2026-08-03,SH603501,-0.02245236374437809,EXP_XGBModel_Alpha158_csi300_custom_step0_s_20260803_14,e2ede29692af4aeaa7e3f3f6f4bfc06b,0.064,,,
1243,2026-08-03,SH603392,-0.0204030629247427,EXP_XGBModel_Alpha158_csi300_custom_step0_s_20260803_14,e2ede29692af4aeaa7e3f3f6f4bfc06b,0.064,,,
1244,2026-08-03,SH603369,0.011950112879276276,EXP_XGBModel_Alpha158_csi300_custom_step0_s_20260803_14,e2ede29692af4aeaa7e3f3f6f4bfc06b,0.064,,,
1245,2026-08-03,SH603296,0.026768241077661514,EXP_XGBModel_Alpha158_csi300_custom_step0_s_20260803_14,e2ede29692af4aeaa7e3f3f6f4bfc06b,0.064,,,
1246,2026-08-03,SH603288,0.06593134999275208,EXP_XGBModel_Alpha158_csi300_custom_step0_s_20260803_14,e2ede29692af4aeaa7e3f3f6f4bfc06b,0.064,,,
1247,2026-08-03,SH603260,0.20038843154907227,EXP_XGBModel_Alpha158_csi300_custom_step0_s_20260803_14,e2ede29692af4aeaa7e3f3f6f4bfc06b,0.064,,,
1248,2026-08-03,SH603259,-0.03805995732545853,EXP_XGBModel_Alpha158_csi300_custom_step0_s_20260803_14,e2ede29692af4aeaa7e3f3f6f4bfc06b,0.064,,,
1249,2026-08-03,SH603019,0.03083100914955139,EXP_XGBModel_Alpha158_csi300_custom_step0_s_20260803_14,e2ede29692af4aeaa7e3f3f6f4bfc06b,0.064,,,
1250,2026-08-03,SH601998,-0.03528115525841713,EXP_XGBModel_Alpha158_csi300_custom_step0_s_20260803_14,e2ede29692af4aeaa7e3f3f6f4bfc06b,0.064,,,
1251,2026-08-03,SH601995,-0.031146373599767685,EXP_XGBModel_Alpha158_csi300_custom_step0_s_20260803_14,e2ede29692af4aeaa7e3f3f6f4bfc06b,0.064,,,
1252,2026-08-03,SH601988,0.020994165912270546,EXP_XGBModel_Alpha158_csi300_custom_step0_s_20260803_14,e2ede29692af4aeaa7e3f3f6f4bfc06b,0.064,,,
1253,2026-08-03,SH605117,0.03214418515563011,EXP_XGBModel_Alpha158_csi300_custom_step0_s_20260803_14,e2ede29692af4aeaa7e3f3f6f4bfc06b,0.064,,,
1254,2026-08-03,SZ001391,0.015295392833650112,EXP_XGBModel_Alpha158_csi300_custom_step0_s_20260803_14,e2ede29692af4aeaa7e3f3f6f4bfc06b,0.064,,,
1255,2026-08-03,SH605499,-0.01108697522431612,EXP_XGBModel_Alpha158_csi300_custom_step0_s_20260803_14,e2ede29692af4aeaa7e3f3f6f4bfc06b,0.064,,,
1256,2026-08-03,SH688009,0.05668293312191963,EXP_XGBModel_Alpha158_csi300_custom_step0_s_20260803_14,e2ede29692af4aeaa7e3f3f6f4bfc06b,0.064,,,
1257,2026-08-03,SH688472,-0.036782681941986084,EXP_XGBModel_Alpha158_csi300_custom_step0_s_20260803_14,e2ede29692af4aeaa7e3f3f6f4bfc06b,0.064,,,
1258,2026-08-03,SH688396,0.17864392697811127,EXP_XGBModel_Alpha158_csi300_custom_step0_s_20260803_14,e2ede29692af4aeaa7e3f3f6f4bfc06b,0.064,,,
1259,2026-08-03,SH688303,-0.10662133991718292,EXP_XGBModel_Alpha158_csi300_custom_step0_s_20260803_14,e2ede29692af4aeaa7e3f3f6f4bfc06b,0.064,,,
1260,2026-08-03,SH688271,-0.03537014499306679,EXP_XGBModel_Alpha158_csi300_custom_step0_s_20260803_14,e2ede29692af4aeaa7e3f3f6f4bfc06b,0.064,,,
1261,2026-08-03,SH688256,0.0768674984574318,EXP_XGBModel_Alpha158_csi300_custom_step0_s_20260803_14,e2ede29692af4aeaa7e3f3f6f4bfc06b,0.064,,,
1262,2026-08-03,SH688223,0.04128078743815422,EXP_XGBModel_Alpha158_csi300_custom_step0_s_20260803_14,e2ede29692af4aeaa7e3f3f6f4bfc06b,0.064,,,
1263,2026-08-03,SH688183,0.06275102496147156,EXP_XGBModel_Alpha158_csi300_custom_step0_s_20260803_14,e2ede29692af4aeaa7e3f3f6f4bfc06b,0.064,,,
1264,2026-08-03,SH688126,0.46484577655792236,EXP_XGBModel_Alpha158_csi300_custom_step0_s_20260803_14,e2ede29692af4aeaa7e3f3f6f4bfc06b,0.064,,,
1265,2026-08-03,SH688111,0.060697875916957855,EXP_XGBModel_Alpha158_csi300_custom_step0_s_20260803_14,e2ede29692af4aeaa7e3f3f6f4bfc06b,0.064,,,
1266,2026-08-03,SH688082,0.7498645186424255,EXP_XGBModel_Alpha158_csi300_custom_step0_s_20260803_14,e2ede29692af4aeaa7e3f3f6f4bfc06b,0.064,,,
1267,2026-08-03,SH688072,0.20764131844043732,EXP_XGBModel_Alpha158_csi300_custom_step0_s_20260803_14,e2ede29692af4aeaa7e3f3f6f4bfc06b,0.064,,,
1268,2026-08-03,SH688047,0.017945637926459312,EXP_XGBModel_Alpha158_csi300_custom_step0_s_20260803_14,e2ede29692af4aeaa7e3f3f6f4bfc06b,0.064,,,
1269,2026-08-03,SH688041,0.03965543210506439,EXP_XGBModel_Alpha158_csi300_custom_step0_s_20260803_14,e2ede29692af4aeaa7e3f3f6f4bfc06b,0.064,,,
1270,2026-08-03,SH688036,0.05166434496641159,EXP_XGBModel_Alpha158_csi300_custom_step0_s_20260803_14,e2ede29692af4aeaa7e3f3f6f4bfc06b,0.064,,,
1271,2026-08-03,SH688012,0.15332640707492828,EXP_XGBModel_Alpha158_csi300_custom_step0_s_20260803_14,e2ede29692af4aeaa7e3f3f6f4bfc06b,0.064,,,
1272,2026-08-03,SH688008,0.2332134246826172,EXP_XGBModel_Alpha158_csi300_custom_step0_s_20260803_14,e2ede29692af4aeaa7e3f3f6f4bfc06b,0.064,,,
1273,2026-08-03,SH601985,0.05883915349841118,EXP_XGBModel_Alpha158_csi300_custom_step0_s_20260803_14,e2ede29692af4aeaa7e3f3f6f4bfc06b,0.064,,,
1274,2026-08-03,SZ001965,0.036934055387973785,EXP_XGBModel_Alpha158_csi300_custom_step0_s_20260803_14,e2ede29692af4aeaa7e3f3f6f4bfc06b,0.064,,,
1275,2026-08-03,SZ002001,-0.05358912795782089,EXP_XGBModel_Alpha158_csi300_custom_step0_s_20260803_14,e2ede29692af4aeaa7e3f3f6f4bfc06b,0.064,,,
1276,2026-08-03,SZ300413,-0.031080111861228943,EXP_XGBModel_Alpha158_csi300_custom_step0_s_20260803_14,e2ede29692af4aeaa7e3f3f6f4bfc06b,0.064,,,
1277,2026-08-03,SZ300408,0.06419781595468521,EXP_XGBModel_Alpha158_csi300_custom_step0_s_20260803_14,e2ede29692af4aeaa7e3f3f6f4bfc06b,0.064,,,
1278,2026-08-03,SZ300394,0.3308979272842407,EXP_XGBModel_Alpha158_csi300_custom_step0_s_20260803_14,e2ede29692af4aeaa7e3f3f6f4bfc06b,0.064,,,
1279,2026-08-03,SZ300316,0.017848044633865356,EXP_XGBModel_Alpha158_csi300_custom_step0_s_20260803_14,e2ede29692af4aeaa7e3f3f6f4bfc06b,0.064,,,
1280,2026-08-03,SZ300308,0.1435338258743286,EXP_XGBModel_Alpha158_csi300_custom_step0_s_20260803_14,e2ede29692af4aeaa7e3f3f6f4bfc06b,0.064,,,
1281,2026-08-03,SZ300274,0.24915072321891785,EXP_XGBModel_Alpha158_csi300_custom_step0_s_20260803_14,e2ede29692af4aeaa7e3f3f6f4bfc06b,0.064,,,
1282,2026-08-03,SZ300418,0.13430827856063843,EXP_XGBModel_Alpha158_csi300_custom_step0_s_20260803_14,e2ede29692af4aeaa7e3f3f6f4bfc06b,0.064,,,
1283,2026-08-03,SZ300251,-0.05710851028561592,EXP_XGBModel_Alpha158_csi300_custom_step0_s_20260803_14,e2ede29692af4aeaa7e3f3f6f4bfc06b,0.064,,,
1284,2026-08-03,SZ300122,-0.1343090832233429,EXP_XGBModel_Alpha158_csi300_custom_step0_s_20260803_14,e2ede29692af4aeaa7e3f3f6f4bfc06b,0.064,,,
1285,2026-08-03,SZ300059,-0.04839254543185234,EXP_XGBModel_Alpha158_csi300_custom_step0_s_20260803_14,e2ede29692af4aeaa7e3f3f6f4bfc06b,0.064,,,
1286,2026-08-03,SZ300033,-0.04673640802502632,EXP_XGBModel_Alpha158_csi300_custom_step0_s_20260803_14,e2ede29692af4aeaa7e3f3f6f4bfc06b,0.064,,,
1287,2026-08-03,SZ300015,-0.032280851155519485,EXP_XGBModel_Alpha158_csi300_custom_step0_s_20260803_14,e2ede29692af4aeaa7e3f3f6f4bfc06b,0.064,,,
1288,2026-08-03,SZ300014,-0.008793606422841549,EXP_XGBModel_Alpha158_csi300_custom_step0_s_20260803_14,e2ede29692af4aeaa7e3f3f6f4bfc06b,0.064,,,
1289,2026-08-03,SZ003816,0.023927578702569008,EXP_XGBModel_Alpha158_csi300_custom_step0_s_20260803_14,e2ede29692af4aeaa7e3f3f6f4bfc06b,0.064,,,
1290,2026-08-03,SZ300124,0.01979248970746994,EXP_XGBModel_Alpha158_csi300_custom_step0_s_20260803_14,e2ede29692af4aeaa7e3f3f6f4bfc06b,0.064,,,
1291,2026-08-03,SZ300433,0.2202819138765335,EXP_XGBModel_Alpha158_csi300_custom_step0_s_20260803_14,e2ede29692af4aeaa7e3f3f6f4bfc06b,0.064,,,
1292,2026-08-03,SZ300442,0.19087670743465424,EXP_XGBModel_Alpha158_csi300_custom_step0_s_20260803_14,e2ede29692af4aeaa7e3f3f6f4bfc06b,0.064,,,
1293,2026-08-03,SZ300450,0.028056660667061806,EXP_XGBModel_Alpha158_csi300_custom_step0_s_20260803_14,e2ede29692af4aeaa7e3f3f6f4bfc06b,0.064,,,
1294,2026-08-03,SZ301269,-0.054734405130147934,EXP_XGBModel_Alpha158_csi300_custom_step0_s_20260803_14,e2ede29692af4aeaa7e3f3f6f4bfc06b,0.064,,,
1295,2026-08-03,SZ301236,0.044070787727832794,EXP_XGBModel_Alpha158_csi300_custom_step0_s_20260803_14,e2ede29692af4aeaa7e3f3f6f4bfc06b,0.064,,,
1296,2026-08-03,SZ301165,-0.0049828048795461655,EXP_XGBModel_Alpha158_csi300_custom_step0_s_20260803_14,e2ede29692af4aeaa7e3f3f6f4bfc06b,0.064,,,
1297,2026-08-03,SZ300999,0.0069316416047513485,EXP_XGBModel_Alpha158_csi300_custom_step0_s_20260803_14,e2ede29692af4aeaa7e3f3f6f4bfc06b,0.064,,,
1298,2026-08-03,SZ300896,-0.008214948698878288,EXP_XGBModel_Alpha158_csi300_custom_step0_s_20260803_14,e2ede29692af4aeaa7e3f3f6f4bfc06b,0.064,,,
1299,2026-08-03,SZ300866,0.008469384163618088,EXP_XGBModel_Alpha158_csi300_custom_step0_s_20260803_14,e2ede29692af4aeaa7e3f3f6f4bfc06b,0.064,,,
1300,2026-08-03,SZ300832,0.031091120094060898,EXP_XGBModel_Alpha158_csi300_custom_step0_s_20260803_14,e2ede29692af4aeaa7e3f3f6f4bfc06b,0.064,,,
1301,2026-08-03,SZ300803,-0.06802251935005188,EXP_XGBModel_Alpha158_csi300_custom_step0_s_20260803_14,e2ede29692af4aeaa7e3f3f6f4bfc06b,0.064,,,
1302,2026-08-03,SZ300760,0.019901243969798088,EXP_XGBModel_Alpha158_csi300_custom_step0_s_20260803_14,e2ede29692af4aeaa7e3f3f6f4bfc06b,0.064,,,
1303,2026-08-03,SZ300750,0.011070371605455875,EXP_XGBModel_Alpha158_csi300_custom_step0_s_20260803_14,e2ede29692af4aeaa7e3f3f6f4bfc06b,0.064,,,
1304,2026-08-03,SZ300661,-0.051463641226291656,EXP_XGBModel_Alpha158_csi300_custom_step0_s_20260803_14,e2ede29692af4aeaa7e3f3f6f4bfc06b,0.064,,,
1305,2026-08-03,SZ300628,0.02220388688147068,EXP_XGBModel_Alpha158_csi300_custom_step0_s_20260803_14,e2ede29692af4aeaa7e3f3f6f4bfc06b,0.064,,,
1306,2026-08-03,SZ300502,0.09812907129526138,EXP_XGBModel_Alpha158_csi300_custom_step0_s_20260803_14,e2ede29692af4aeaa7e3f3f6f4bfc06b,0.064,,,
1307,2026-08-03,SZ300498,0.019099324941635132,EXP_XGBModel_Alpha158_csi300_custom_step0_s_20260803_14,e2ede29692af4aeaa7e3f3f6f4bfc06b,0.064,,,
1308,2026-08-03,SZ300476,0.18876002728939056,EXP_XGBModel_Alpha158_csi300_custom_step0_s_20260803_14,e2ede29692af4aeaa7e3f3f6f4bfc06b,0.064,,,
1309,2026-08-03,SZ002938,0.11719222366809845,EXP_XGBModel_Alpha158_csi300_custom_step0_s_20260803_14,e2ede29692af4aeaa7e3f3f6f4bfc06b,0.064,,,
1310,2026-08-03,SZ002920,-0.05600223317742348,EXP_XGBModel_Alpha158_csi300_custom_step0_s_20260803_14,e2ede29692af4aeaa7e3f3f6f4bfc06b,0.064,,,
1311,2026-08-03,SZ002916,0.08046307414770126,EXP_XGBModel_Alpha158_csi300_custom_step0_s_20260803_14,e2ede29692af4aeaa7e3f3f6f4bfc06b,0.064,,,
1312,2026-08-03,SZ002837,0.26873406767845154,EXP_XGBModel_Alpha158_csi300_custom_step0_s_20260803_14,e2ede29692af4aeaa7e3f3f6f4bfc06b,0.064,,,
1313,2026-08-03,SZ002353,0.1451464146375656,EXP_XGBModel_Alpha158_csi300_custom_step0_s_20260803_14,e2ede29692af4aeaa7e3f3f6f4bfc06b,0.064,,,
1314,2026-08-03,SZ002352,0.004758984316140413,EXP_XGBModel_Alpha158_csi300_custom_step0_s_20260803_14,e2ede29692af4aeaa7e3f3f6f4bfc06b,0.064,,,
1315,2026-08-03,SZ002311,0.06617569923400879,EXP_XGBModel_Alpha158_csi300_custom_step0_s_20260803_14,e2ede29692af4aeaa7e3f3f6f4bfc06b,0.064,,,
1316,2026-08-03,SZ002304,0.021599644795060158,EXP_XGBModel_Alpha158_csi300_custom_step0_s_20260803_14,e2ede29692af4aeaa7e3f3f6f4bfc06b,0.064,,,
1317,2026-08-03,SZ002241,-0.06454499810934067,EXP_XGBModel_Alpha158_csi300_custom_step0_s_20260803_14,e2ede29692af4aeaa7e3f3f6f4bfc06b,0.064,,,
1318,2026-08-03,SZ002236,0.02076536789536476,EXP_XGBModel_Alpha158_csi300_custom_step0_s_20260803_14,e2ede29692af4aeaa7e3f3f6f4bfc06b,0.064,,,
1319,2026-08-03,SZ002230,0.044483065605163574,EXP_XGBModel_Alpha158_csi300_custom_step0_s_20260803_14,e2ede29692af4aeaa7e3f3f6f4bfc06b,0.064,,,
1320,2026-08-03,SZ002202,0.013723977841436863,EXP_XGBModel_Alpha158_csi300_custom_step0_s_20260803_14,e2ede29692af4aeaa7e3f3f6f4bfc06b,0.064,,,
1321,2026-08-03,SZ002179,0.03826339915394783,EXP_XGBModel_Alpha158_csi300_custom_step0_s_20260803_14,e2ede29692af4aeaa7e3f3f6f4bfc06b,0.064,,,
1322,2026-08-03,SZ002142,0.03559798747301102,EXP_XGBModel_Alpha158_csi300_custom_step0_s_20260803_14,e2ede29692af4aeaa7e3f3f6f4bfc06b,0.064,,,
1323,2026-08-03,SZ002074,-0.019577696919441223,EXP_XGBModel_Alpha158_csi300_custom_step0_s_20260803_14,e2ede29692af4aeaa7e3f3f6f4bfc06b,0.064,,,
1324,2026-08-03,SZ002050,0.01429243478924036,EXP_XGBModel_Alpha158_csi300_custom_step0_s_20260803_14,e2ede29692af4aeaa7e3f3f6f4bfc06b,0.064,,,
1325,2026-08-03,SZ002049,0.04676361382007599,EXP_XGBModel_Alpha158_csi300_custom_step0_s_20260803_14,e2ede29692af4aeaa7e3f3f6f4bfc06b,0.064,,,
1326,2026-08-03,SZ002028,-0.004425973631441593,EXP_XGBModel_Alpha158_csi300_custom_step0_s_20260803_14,e2ede29692af4aeaa7e3f3f6f4bfc06b,0.064,,,
1327,2026-08-03,SZ002027,0.024864090606570244,EXP_XGBModel_Alpha158_csi300_custom_step0_s_20260803_14,e2ede29692af4aeaa7e3f3f6f4bfc06b,0.064,,,
1328,2026-08-03,SZ002371,0.11951608955860138,EXP_XGBModel_Alpha158_csi300_custom_step0_s_20260803_14,e2ede29692af4aeaa7e3f3f6f4bfc06b,0.064,,,
1329,2026-08-03,SZ001979,-0.021088819950819016,EXP_XGBModel_Alpha158_csi300_custom_step0_s_20260803_14,e2ede29692af4aeaa7e3f3f6f4bfc06b,0.064,,,
1330,2026-08-03,SZ002384,0.10221149772405624,EXP_XGBModel_Alpha158_csi300_custom_step0_s_20260803_14,e2ede29692af4aeaa7e3f3f6f4bfc06b,0.064,,,
1331,2026-08-03,SZ002422,0.0963825136423111,EXP_XGBModel_Alpha158_csi300_custom_step0_s_20260803_14,e2ede29692af4aeaa7e3f3f6f4bfc06b,0.064,,,
1332,2026-08-03,SZ002736,0.04613376408815384,EXP_XGBModel_Alpha158_csi300_custom_step0_s_20260803_14,e2ede29692af4aeaa7e3f3f6f4bfc06b,0.064,,,
1333,2026-08-03,SZ002714,-0.002577807055786252,EXP_XGBModel_Alpha158_csi300_custom_step0_s_20260803_14,e2ede29692af4aeaa7e3f3f6f4bfc06b,0.064,,,
1334,2026-08-03,SZ002709,0.019023966044187546,EXP_XGBModel_Alpha158_csi300_custom_step0_s_20260803_14,e2ede29692af4aeaa7e3f3f6f4bfc06b,0.064,,,
1335,2026-08-03,SZ002648,-0.0006766968872398138,EXP_XGBModel_Alpha158_csi300_custom_step0_s_20260803_14,e2ede29692af4aeaa7e3f3f6f4bfc06b,0.064,,,
1336,2026-08-03,SZ002625,-0.03861962631344795,EXP_XGBModel_Alpha158_csi300_custom_step0_s_20260803_14,e2ede29692af4aeaa7e3f3f6f4bfc06b,0.064,,,
1337,2026-08-03,SZ002602,-0.014598188921809196,EXP_XGBModel_Alpha158_csi300_custom_step0_s_20260803_14,e2ede29692af4aeaa7e3f3f6f4bfc06b,0.064,,,
1338,2026-08-03,SZ002600,0.054300207644701004,EXP_XGBModel_Alpha158_csi300_custom_step0_s_20260803_14,e2ede29692af4aeaa7e3f3f6f4bfc06b,0.064,,,
1339,2026-08-03,SZ002594,0.03411811217665672,EXP_XGBModel_Alpha158_csi300_custom_step0_s_20260803_14,e2ede29692af4aeaa7e3f3f6f4bfc06b,0.064,,,
1340,2026-08-03,SZ002558,0.33277979493141174,EXP_XGBModel_Alpha158_csi300_custom_step0_s_20260803_14,e2ede29692af4aeaa7e3f3f6f4bfc06b,0.064,,,
1341,2026-08-03,SZ002532,0.00884245801717043,EXP_XGBModel_Alpha158_csi300_custom_step0_s_20260803_14,e2ede29692af4aeaa7e3f3f6f4bfc06b,0.064,,,
1342,2026-08-03,SZ002493,-0.03247331082820892,EXP_XGBModel_Alpha158_csi300_custom_step0_s_20260803_14,e2ede29692af4aeaa7e3f3f6f4bfc06b,0.064,,,
1343,2026-08-03,SZ002475,-0.028394179418683052,EXP_XGBModel_Alpha158_csi300_custom_step0_s_20260803_14,e2ede29692af4aeaa7e3f3f6f4bfc06b,0.064,,,
1344,2026-08-03,SZ002466,0.02375265210866928,EXP_XGBModel_Alpha158_csi300_custom_step0_s_20260803_14,e2ede29692af4aeaa7e3f3f6f4bfc06b,0.064,,,
1345,2026-08-03,SZ002463,0.11800190061330795,EXP_XGBModel_Alpha158_csi300_custom_step0_s_20260803_14,e2ede29692af4aeaa7e3f3f6f4bfc06b,0.064,,,
1346,2026-08-03,SZ002460,0.05794962868094444,EXP_XGBModel_Alpha158_csi300_custom_step0_s_20260803_14,e2ede29692af4aeaa7e3f3f6f4bfc06b,0.064,,,
1347,2026-08-03,SZ002415,0.06898362189531326,EXP_XGBModel_Alpha158_csi300_custom_step0_s_20260803_14,e2ede29692af4aeaa7e3f3f6f4bfc06b,0.064,,,
1348,2026-08-03,SZ301308,0.14001873135566711,EXP_XGBModel_Alpha158_csi300_custom_step0_s_20260803_14,e2ede29692af4aeaa7e3f3f6f4bfc06b,0.064,,,
1349,2026-08-03,SH601939,0.022500140592455864,EXP_XGBModel_Alpha158_csi300_custom_step0_s_20260803_14,e2ede29692af4aeaa7e3f3f6f4bfc06b,0.064,,,
1350,2026-08-03,SH601916,-0.031095925718545914,EXP_XGBModel_Alpha158_csi300_custom_step0_s_20260803_14,e2ede29692af4aeaa7e3f3f6f4bfc06b,0.064,,,
1351,2026-08-03,SH600547,-0.040596093982458115,EXP_XGBModel_Alpha158_csi300_custom_step0_s_20260803_14,e2ede29692af4aeaa7e3f3f6f4bfc06b,0.064,,,
1352,2026-08-03,SH600522,0.13700900971889496,EXP_XGBModel_Alpha158_csi300_custom_step0_s_20260803_14,e2ede29692af4aeaa7e3f3f6f4bfc06b,0.064,,,
1353,2026-08-03,SH600519,-0.00017311630654148757,EXP_XGBModel_Alpha158_csi300_custom_step0_s_20260803_14,e2ede29692af4aeaa7e3f3f6f4bfc06b,0.064,,,
1354,2026-08-03,SH600515,-0.061720386147499084,EXP_XGBModel_Alpha158_csi300_custom_step0_s_20260803_14,e2ede29692af4aeaa7e3f3f6f4bfc06b,0.064,,,
1355,2026-08-03,SH600489,-0.034917596727609634,EXP_XGBModel_Alpha158_csi300_custom_step0_s_20260803_14,e2ede29692af4aeaa7e3f3f6f4bfc06b,0.064,,,
1356,2026-08-03,SH600482,0.007965536788105965,EXP_XGBModel_Alpha158_csi300_custom_step0_s_20260803_14,e2ede29692af4aeaa7e3f3f6f4bfc06b,0.064,,,
1357,2026-08-03,SH600549,0.02807518281042576,EXP_XGBModel_Alpha158_csi300_custom_step0_s_20260803_14,e2ede29692af4aeaa7e3f3f6f4bfc06b,0.064,,,
1358,2026-08-03,SH600460,0.5688133239746094,EXP_XGBModel_Alpha158_csi300_custom_step0_s_20260803_14,e2ede29692af4aeaa7e3f3f6f4bfc06b,0.064,,,
1359,2026-08-03,SH600436,-0.04559735208749771,EXP_XGBModel_Alpha158_csi300_custom_step0_s_20260803_14,e2ede29692af4aeaa7e3f3f6f4bfc06b,0.064,,,
1360,2026-08-03,SH600426,0.008449606597423553,EXP_XGBModel_Alpha158_csi300_custom_step0_s_20260803_14,e2ede29692af4aeaa7e3f3f6f4bfc06b,0.064,,,
1361,2026-08-03,SH600415,-0.050590112805366516,EXP_XGBModel_Alpha158_csi300_custom_step0_s_20260803_14,e2ede29692af4aeaa7e3f3f6f4bfc06b,0.064,,,
1362,2026-08-03,SH600406,-0.02067057229578495,EXP_XGBModel_Alpha158_csi300_custom_step0_s_20260803_14,e2ede29692af4aeaa7e3f3f6f4bfc06b,0.064,,,
1363,2026-08-03,SH600372,0.029082922264933586,EXP_XGBModel_Alpha158_csi300_custom_step0_s_20260803_14,e2ede29692af4aeaa7e3f3f6f4bfc06b,0.064,,,
1364,2026-08-03,SH600362,-0.07178414613008499,EXP_XGBModel_Alpha158_csi300_custom_step0_s_20260803_14,e2ede29692af4aeaa7e3f3f6f4bfc06b,0.064,,,
1365,2026-08-03,SH600438,0.36548444628715515,EXP_XGBModel_Alpha158_csi300_custom_step0_s_20260803_14,e2ede29692af4aeaa7e3f3f6f4bfc06b,0.064,,,
1366,2026-08-03,SH600570,-0.030181914567947388,EXP_XGBModel_Alpha158_csi300_custom_step0_s_20260803_14,e2ede29692af4aeaa7e3f3f6f4bfc06b,0.064,,,
1367,2026-08-03,SH600584,0.8505248427391052,EXP_XGBModel_Alpha158_csi300_custom_step0_s_20260803_14,e2ede29692af4aeaa7e3f3f6f4bfc06b,0.064,,,
1368,2026-08-03,SH600585,0.008767756633460522,EXP_XGBModel_Alpha158_csi300_custom_step0_s_20260803_14,e2ede29692af4aeaa7e3f3f6f4bfc06b,0.064,,,
1369,2026-08-03,SH600893,-0.021934468299150467,EXP_XGBModel_Alpha158_csi300_custom_step0_s_20260803_14,e2ede29692af4aeaa7e3f3f6f4bfc06b,0.064,,,
1370,2026-08-03,SH600887,0.037933625280857086,EXP_XGBModel_Alpha158_csi300_custom_step0_s_20260803_14,e2ede29692af4aeaa7e3f3f6f4bfc06b,0.064,,,
1371,2026-08-03,SH600886,0.01630665548145771,EXP_XGBModel_Alpha158_csi300_custom_step0_s_20260803_14,e2ede29692af4aeaa7e3f3f6f4bfc06b,0.064,,,
1372,2026-08-03,SH600875,0.006276412401348352,EXP_XGBModel_Alpha158_csi300_custom_step0_s_20260803_14,e2ede29692af4aeaa7e3f3f6f4bfc06b,0.064,,,
1373,2026-08-03,SH600845,-0.0034690527245402336,EXP_XGBModel_Alpha158_csi300_custom_step0_s_20260803_14,e2ede29692af4aeaa7e3f3f6f4bfc06b,0.064,,,
1374,2026-08-03,SH600809,0.04024278372526169,EXP_XGBModel_Alpha158_csi300_custom_step0_s_20260803_14,e2ede29692af4aeaa7e3f3f6f4bfc06b,0.064,,,
1375,2026-08-03,SH600803,-0.07747392356395721,EXP_XGBModel_Alpha158_csi300_custom_step0_s_20260803_14,e2ede29692af4aeaa7e3f3f6f4bfc06b,0.064,,,
1376,2026-08-03,SH600795,0.029610611498355865,EXP_XGBModel_Alpha158_csi300_custom_step0_s_20260803_14,e2ede29692af4aeaa7e3f3f6f4bfc06b,0.064,,,
1377,2026-08-03,SH600760,0.008928343653678894,EXP_XGBModel_Alpha158_csi300_custom_step0_s_20260803_14,e2ede29692af4aeaa7e3f3f6f4bfc06b,0.064,,,
1378,2026-08-03,SH600741,0.016965927556157112,EXP_XGBModel_Alpha158_csi300_custom_step0_s_20260803_14,e2ede29692af4aeaa7e3f3f6f4bfc06b,0.064,,,
1379,2026-08-03,SH600690,0.0636335164308548,EXP_XGBModel_Alpha158_csi300_custom_step0_s_20260803_14,e2ede29692af4aeaa7e3f3f6f4bfc06b,0.064,,,
1380,2026-08-03,SH600674,0.01929946430027485,EXP_XGBModel_Alpha158_csi300_custom_step0_s_20260803_14,e2ede29692af4aeaa7e3f3f6f4bfc06b,0.064,,,
1381,2026-08-03,SH600660,0.05274096876382828,EXP_XGBModel_Alpha158_csi300_custom_step0_s_20260803_14,e2ede29692af4aeaa7e3f3f6f4bfc06b,0.064,,,
1382,2026-08-03,SH600600,0.015593316406011581,EXP_XGBModel_Alpha158_csi300_custom_step0_s_20260803_14,e2ede29692af4aeaa7e3f3f6f4bfc06b,0.064,,,
1383,2026-08-03,SH600588,-0.31022271513938904,EXP_XGBModel_Alpha158_csi300_custom_step0_s_20260803_14,e2ede29692af4aeaa7e3f3f6f4bfc06b,0.064,,,
1384,2026-08-03,SH600346,-0.04160696640610695,EXP_XGBModel_Alpha158_csi300_custom_step0_s_20260803_14,e2ede29692af4aeaa7e3f3f6f4bfc06b,0.064,,,
1385,2026-08-03,SH600309,-0.0176587775349617,EXP_XGBModel_Alpha158_csi300_custom_step0_s_20260803_14,e2ede29692af4aeaa7e3f3f6f4bfc06b,0.064,,,
1386,2026-08-03,SH600276,-0.016462018713355064,EXP_XGBModel_Alpha158_csi300_custom_step0_s_20260803_14,e2ede29692af4aeaa7e3f3f6f4bfc06b,0.064,,,
1387,2026-08-03,SH600233,-0.1458502858877182,EXP_XGBModel_Alpha158_csi300_custom_step0_s_20260803_14,e2ede29692af4aeaa7e3f3f6f4bfc06b,0.064,,,
1388,2026-08-03,SH600036,0.026683351024985313,EXP_XGBModel_Alpha158_csi300_custom_step0_s_20260803_14,e2ede29692af4aeaa7e3f3f6f4bfc06b,0.064,,,
1389,2026-08-03,SH600031,-0.023173445835709572,EXP_XGBModel_Alpha158_csi300_custom_step0_s_20260803_14,e2ede29692af4aeaa7e3f3f6f4bfc06b,0.064,,,
1390,2026-08-03,SH600030,0.026321619749069214,EXP_XGBModel_Alpha158_csi300_custom_step0_s_20260803_14,e2ede29692af4aeaa7e3f3f6f4bfc06b,0.064,,,
1391,2026-08-03,SH600029,0.0016165220877155662,EXP_XGBModel_Alpha158_csi300_custom_step0_s_20260803_14,e2ede29692af4aeaa7e3f3f6f4bfc06b,0.064,,,
1392,2026-08-03,SH600028,0.01826721429824829,EXP_XGBModel_Alpha158_csi300_custom_step0_s_20260803_14,e2ede29692af4aeaa7e3f3f6f4bfc06b,0.064,,,
1393,2026-08-03,SH600027,0.005292057991027832,EXP_XGBModel_Alpha158_csi300_custom_step0_s_20260803_14,e2ede29692af4aeaa7e3f3f6f4bfc06b,0.064,,,
1394,2026-08-03,SH600026,-0.08879247307777405,EXP_XGBModel_Alpha158_csi300_custom_step0_s_20260803_14,e2ede29692af4aeaa7e3f3f6f4bfc06b,0.064,,,
1395,2026-08-03,SH600025,0.024058202281594276,EXP_XGBModel_Alpha158_csi300_custom_step0_s_20260803_14,e2ede29692af4aeaa7e3f3f6f4bfc06b,0.064,,,
1396,2026-08-03,SH600023,0.02029617317020893,EXP_XGBModel_Alpha158_csi300_custom_step0_s_20260803_14,e2ede29692af4aeaa7e3f3f6f4bfc06b,0.064,,,
1397,2026-08-03,SH600019,0.03300303593277931,EXP_XGBModel_Alpha158_csi300_custom_step0_s_20260803_14,e2ede29692af4aeaa7e3f3f6f4bfc06b,0.064,,,
1398,2026-08-03,SH600018,0.04293760284781456,EXP_XGBModel_Alpha158_csi300_custom_step0_s_20260803_14,e2ede29692af4aeaa7e3f3f6f4bfc06b,0.064,,,
1399,2026-08-03,SH600016,0.0395190455019474,EXP_XGBModel_Alpha158_csi300_custom_step0_s_20260803_14,e2ede29692af4aeaa7e3f3f6f4bfc06b,0.064,,,
1400,2026-08-03,SH600015,0.04197167232632637,EXP_XGBModel_Alpha158_csi300_custom_step0_s_20260803_14,e2ede29692af4aeaa7e3f3f6f4bfc06b,0.064,,,
1401,2026-08-03,SH600011,0.002469222294166684,EXP_XGBModel_Alpha158_csi300_custom_step0_s_20260803_14,e2ede29692af4aeaa7e3f3f6f4bfc06b,0.064,,,
1402,2026-08-03,SH600010,-0.004204363562166691,EXP_XGBModel_Alpha158_csi300_custom_step0_s_20260803_14,e2ede29692af4aeaa7e3f3f6f4bfc06b,0.064,,,
1403,2026-08-03,SH600039,0.019702523946762085,EXP_XGBModel_Alpha158_csi300_custom_step0_s_20260803_14,e2ede29692af4aeaa7e3f3f6f4bfc06b,0.064,,,
1404,2026-08-03,SH600900,0.01835453324019909,EXP_XGBModel_Alpha158_csi300_custom_step0_s_20260803_14,e2ede29692af4aeaa7e3f3f6f4bfc06b,0.064,,,
1405,2026-08-03,SH600048,-0.030842473730444908,EXP_XGBModel_Alpha158_csi300_custom_step0_s_20260803_14,e2ede29692af4aeaa7e3f3f6f4bfc06b,0.064,,,
1406,2026-08-03,SH600061,0.05075530335307121,EXP_XGBModel_Alpha158_csi300_custom_step0_s_20260803_14,e2ede29692af4aeaa7e3f3f6f4bfc06b,0.064,,,
1407,2026-08-03,SH600221,0.024419385939836502,EXP_XGBModel_Alpha158_csi300_custom_step0_s_20260803_14,e2ede29692af4aeaa7e3f3f6f4bfc06b,0.064,,,
1408,2026-08-03,SH600219,-0.022440407425165176,EXP_XGBModel_Alpha158_csi300_custom_step0_s_20260803_14,e2ede29692af4aeaa7e3f3f6f4bfc06b,0.064,,,
1409,2026-08-03,SH600196,-0.018262002617120743,EXP_XGBModel_Alpha158_csi300_custom_step0_s_20260803_14,e2ede29692af4aeaa7e3f3f6f4bfc06b,0.064,,,
1410,2026-08-03,SH600188,0.028831956908106804,EXP_XGBModel_Alpha158_csi300_custom_step0_s_20260803_14,e2ede29692af4aeaa7e3f3f6f4bfc06b,0.064,,,
1411,2026-08-03,SH600183,0.6343273520469666,EXP_XGBModel_Alpha158_csi300_custom_step0_s_20260803_14,e2ede29692af4aeaa7e3f3f6f4bfc06b,0.064,,,
1412,2026-08-03,SH600176,-0.11889766156673431,EXP_XGBModel_Alpha158_csi300_custom_step0_s_20260803_14,e2ede29692af4aeaa7e3f3f6f4bfc06b,0.064,,,
1413,2026-08-03,SH600160,-0.015005908906459808,EXP_XGBModel_Alpha158_csi300_custom_step0_s_20260803_14,e2ede29692af4aeaa7e3f3f6f4bfc06b,0.064,,,
1414,2026-08-03,SH600150,-0.04070954769849777,EXP_XGBModel_Alpha158_csi300_custom_step0_s_20260803_14,e2ede29692af4aeaa7e3f3f6f4bfc06b,0.064,,,
1415,2026-08-03,SH600118,0.1403130292892456,EXP_XGBModel_Alpha158_csi300_custom_step0_s_20260803_14,e2ede29692af4aeaa7e3f3f6f4bfc06b,0.064,,,
1416,2026-08-03,SH600115,-0.01516677439212799,EXP_XGBModel_Alpha158_csi300_custom_step0_s_20260803_14,e2ede29692af4aeaa7e3f3f6f4bfc06b,0.064,,,
1417,2026-08-03,SH600111,0.03751854971051216,EXP_XGBModel_Alpha158_csi300_custom_step0_s_20260803_14,e2ede29692af4aeaa7e3f3f6f4bfc06b,0.064,,,
1418,2026-08-03,SH600104,-0.007472425699234009,EXP_XGBModel_Alpha158_csi300_custom_step0_s_20260803_14,e2ede29692af4aeaa7e3f3f6f4bfc06b,0.064,,,
1419,2026-08-03,SH600089,-0.009051903150975704,EXP_XGBModel_Alpha158_csi300_custom_step0_s_20260803_14,e2ede29692af4aeaa7e3f3f6f4bfc06b,0.064,,,
1420,2026-08-03,SH600085,0.000310662406263873,EXP_XGBModel_Alpha158_csi300_custom_step0_s_20260803_14,e2ede29692af4aeaa7e3f3f6f4bfc06b,0.064,,,
1421,2026-08-03,SH600066,-0.016090152785182,EXP_XGBModel_Alpha158_csi300_custom_step0_s_20260803_14,e2ede29692af4aeaa7e3f3f6f4bfc06b,0.064,,,
1422,2026-08-03,SH600050,0.013883812353014946,EXP_XGBModel_Alpha158_csi300_custom_step0_s_20260803_14,e2ede29692af4aeaa7e3f3f6f4bfc06b,0.064,,,
1423,2026-08-03,SH601919,0.0022928533144295216,EXP_XGBModel_Alpha158_csi300_custom_step0_s_20260803_14,e2ede29692af4aeaa7e3f3f6f4bfc06b,0.064,,,
1424,2026-08-03,SH600905,0.03687373921275139,EXP_XGBModel_Alpha158_csi300_custom_step0_s_20260803_14,e2ede29692af4aeaa7e3f3f6f4bfc06b,0.064,,,
1425,2026-08-03,SH600919,0.06092464551329613,EXP_XGBModel_Alpha158_csi300_custom_step0_s_20260803_14,e2ede29692af4aeaa7e3f3f6f4bfc06b,0.064,,,
1426,2026-08-03,SH601698,-0.008866974152624607,EXP_XGBModel_Alpha158_csi300_custom_step0_s_20260803_14,e2ede29692af4aeaa7e3f3f6f4bfc06b,0.064,,,
1427,2026-08-03,SH601689,0.022657332941889763,EXP_XGBModel_Alpha158_csi300_custom_step0_s_20260803_14,e2ede29692af4aeaa7e3f3f6f4bfc06b,0.064,,,
1428,2026-08-03,SH601688,-0.015444709919393063,EXP_XGBModel_Alpha158_csi300_custom_step0_s_20260803_14,e2ede29692af4aeaa7e3f3f6f4bfc06b,0.064,,,
1429,2026-08-03,SH601669,0.03701796755194664,EXP_XGBModel_Alpha158_csi300_custom_step0_s_20260803_14,e2ede29692af4aeaa7e3f3f6f4bfc06b,0.064,,,
1430,2026-08-03,SH601668,0.013241827487945557,EXP_XGBModel_Alpha158_csi300_custom_step0_s_20260803_14,e2ede29692af4aeaa7e3f3f6f4bfc06b,0.064,,,
1431,2026-08-03,SH601658,0.053784195333719254,EXP_XGBModel_Alpha158_csi300_custom_step0_s_20260803_14,e2ede29692af4aeaa7e3f3f6f4bfc06b,0.064,,,
1432,2026-08-03,SH601727,0.014144121669232845,EXP_XGBModel_Alpha158_csi300_custom_step0_s_20260803_14,e2ede29692af4aeaa7e3f3f6f4bfc06b,0.064,,,
1433,2026-08-03,SH601633,-0.0011916044168174267,EXP_XGBModel_Alpha158_csi300_custom_step0_s_20260803_14,e2ede29692af4aeaa7e3f3f6f4bfc06b,0.064,,,
1434,2026-08-03,SH601618,0.024322370067238808,EXP_XGBModel_Alpha158_csi300_custom_step0_s_20260803_14,e2ede29692af4aeaa7e3f3f6f4bfc06b,0.064,,,
1435,2026-08-03,SH601607,0.022529911249876022,EXP_XGBModel_Alpha158_csi300_custom_step0_s_20260803_14,e2ede29692af4aeaa7e3f3f6f4bfc06b,0.064,,,
1436,2026-08-03,SH601601,-0.041633378714323044,EXP_XGBModel_Alpha158_csi300_custom_step0_s_20260803_14,e2ede29692af4aeaa7e3f3f6f4bfc06b,0.064,,,
1437,2026-08-03,SH601600,-0.0191568061709404,EXP_XGBModel_Alpha158_csi300_custom_step0_s_20260803_14,e2ede29692af4aeaa7e3f3f6f4bfc06b,0.064,,,
1438,2026-08-03,SH601456,0.038779161870479584,EXP_XGBModel_Alpha158_csi300_custom_step0_s_20260803_14,e2ede29692af4aeaa7e3f3f6f4bfc06b,0.064,,,
1439,2026-08-03,SH601398,-0.033346932381391525,EXP_XGBModel_Alpha158_csi300_custom_step0_s_20260803_14,e2ede29692af4aeaa7e3f3f6f4bfc06b,0.064,,,
1440,2026-08-03,SH601628,0.041342124342918396,EXP_XGBModel_Alpha158_csi300_custom_step0_s_20260803_14,e2ede29692af4aeaa7e3f3f6f4bfc06b,0.064,,,
1441,2026-08-03,SH601728,-0.0733097568154335,EXP_XGBModel_Alpha158_csi300_custom_step0_s_20260803_14,e2ede29692af4aeaa7e3f3f6f4bfc06b,0.064,,,
1442,2026-08-03,SH601766,0.06635948270559311,EXP_XGBModel_Alpha158_csi300_custom_step0_s_20260803_14,e2ede29692af4aeaa7e3f3f6f4bfc06b,0.064,,,
1443,2026-08-03,SH601788,0.031730759888887405,EXP_XGBModel_Alpha158_csi300_custom_step0_s_20260803_14,e2ede29692af4aeaa7e3f3f6f4bfc06b,0.064,,,
1444,2026-08-03,SH601901,0.02164904586970806,EXP_XGBModel_Alpha158_csi300_custom_step0_s_20260803_14,e2ede29692af4aeaa7e3f3f6f4bfc06b,0.064,,,
1445,2026-08-03,SH601899,-0.057618048042058945,EXP_XGBModel_Alpha158_csi300_custom_step0_s_20260803_14,e2ede29692af4aeaa7e3f3f6f4bfc06b,0.064,,,
1446,2026-08-03,SH601898,0.0402984581887722,EXP_XGBModel_Alpha158_csi300_custom_step0_s_20260803_14,e2ede29692af4aeaa7e3f3f6f4bfc06b,0.064,,,
1447,2026-08-03,SH601888,-0.029337171465158463,EXP_XGBModel_Alpha158_csi300_custom_step0_s_20260803_14,e2ede29692af4aeaa7e3f3f6f4bfc06b,0.064,,,
1448,2026-08-03,SH601881,0.005598959978669882,EXP_XGBModel_Alpha158_csi300_custom_step0_s_20260803_14,e2ede29692af4aeaa7e3f3f6f4bfc06b,0.064,,,
1449,2026-08-03,SH601878,0.03465953841805458,EXP_XGBModel_Alpha158_csi300_custom_step0_s_20260803_14,e2ede29692af4aeaa7e3f3f6f4bfc06b,0.064,,,
1450,2026-08-03,SH601877,0.020380668342113495,EXP_XGBModel_Alpha158_csi300_custom_step0_s_20260803_14,e2ede29692af4aeaa7e3f3f6f4bfc06b,0.064,,,
1451,2026-08-03,SH601872,-0.12935368716716766,EXP_XGBModel_Alpha158_csi300_custom_step0_s_20260803_14,e2ede29692af4aeaa7e3f3f6f4bfc06b,0.064,,,
1452,2026-08-03,SH601868,0.027477283030748367,EXP_XGBModel_Alpha158_csi300_custom_step0_s_20260803_14,e2ede29692af4aeaa7e3f3f6f4bfc06b,0.064,,,
1453,2026-08-03,SH601857,0.003979783970862627,EXP_XGBModel_Alpha158_csi300_custom_step0_s_20260803_14,e2ede29692af4aeaa7e3f3f6f4bfc06b,0.064,,,
1454,2026-08-03,SH601838,0.04493890330195427,EXP_XGBModel_Alpha158_csi300_custom_step0_s_20260803_14,e2ede29692af4aeaa7e3f3f6f4bfc06b,0.064,,,
1455,2026-08-03,SH601825,-0.03178004175424576,EXP_XGBModel_Alpha158_csi300_custom_step0_s_20260803_14,e2ede29692af4aeaa7e3f3f6f4bfc06b,0.064,,,
1456,2026-08-03,SH601818,0.04955953732132912,EXP_XGBModel_Alpha158_csi300_custom_step0_s_20260803_14,e2ede29692af4aeaa7e3f3f6f4bfc06b,0.064,,,
1457,2026-08-03,SH601816,0.07280965894460678,EXP_XGBModel_Alpha158_csi300_custom_step0_s_20260803_14,e2ede29692af4aeaa7e3f3f6f4bfc06b,0.064,,,
1458,2026-08-03,SH601800,0.007258016150444746,EXP_XGBModel_Alpha158_csi300_custom_step0_s_20260803_14,e2ede29692af4aeaa7e3f3f6f4bfc06b,0.064,,,
1459,2026-08-03,SH601390,0.008433018811047077,EXP_XGBModel_Alpha158_csi300_custom_step0_s_20260803_14,e2ede29692af4aeaa7e3f3f6f4bfc06b,0.064,,,
1460,2026-08-03,SH601377,0.038229092955589294,EXP_XGBModel_Alpha158_csi300_custom_step0_s_20260803_14,e2ede29692af4aeaa7e3f3f6f4bfc06b,0.064,,,
1461,2026-08-03,SH601360,0.007820834405720234,EXP_XGBModel_Alpha158_csi300_custom_step0_s_20260803_14,e2ede29692af4aeaa7e3f3f6f4bfc06b,0.064,,,
1462,2026-08-03,SH601336,-0.013996734283864498,EXP_XGBModel_Alpha158_csi300_custom_step0_s_20260803_14,e2ede29692af4aeaa7e3f3f6f4bfc06b,0.064,,,
1463,2026-08-03,SH601066,-0.038028229027986526,EXP_XGBModel_Alpha158_csi300_custom_step0_s_20260803_14,e2ede29692af4aeaa7e3f3f6f4bfc06b,0.064,,,
1464,2026-08-03,SH601059,0.0328633189201355,EXP_XGBModel_Alpha158_csi300_custom_step0_s_20260803_14,e2ede29692af4aeaa7e3f3f6f4bfc06b,0.064,,,
1465,2026-08-03,SH601058,0.008170212619006634,EXP_XGBModel_Alpha158_csi300_custom_step0_s_20260803_14,e2ede29692af4aeaa7e3f3f6f4bfc06b,0.064,,,
1466,2026-08-03,SH601021,0.03991194814443588,EXP_XGBModel_Alpha158_csi300_custom_step0_s_20260803_14,e2ede29692af4aeaa7e3f3f6f4bfc06b,0.064,,,
1467,2026-08-03,SH601018,0.044278256595134735,EXP_XGBModel_Alpha158_csi300_custom_step0_s_20260803_14,e2ede29692af4aeaa7e3f3f6f4bfc06b,0.064,,,
1468,2026-08-03,SH601012,-0.00656565185636282,EXP_XGBModel_Alpha158_csi300_custom_step0_s_20260803_14,e2ede29692af4aeaa7e3f3f6f4bfc06b,0.064,,,
1469,2026-08-03,SH601009,0.032719045877456665,EXP_XGBModel_Alpha158_csi300_custom_step0_s_20260803_14,e2ede29692af4aeaa7e3f3f6f4bfc06b,0.064,,,
1470,2026-08-03,SH601006,0.016073934733867645,EXP_XGBModel_Alpha158_csi300_custom_step0_s_20260803_14,e2ede29692af4aeaa7e3f3f6f4bfc06b,0.064,,,
1471,2026-08-03,SH600999,-0.004922523163259029,EXP_XGBModel_Alpha158_csi300_custom_step0_s_20260803_14,e2ede29692af4aeaa7e3f3f6f4bfc06b,0.064,,,
1472,2026-08-03,SH600989,0.03647838160395622,EXP_XGBModel_Alpha158_csi300_custom_step0_s_20260803_14,e2ede29692af4aeaa7e3f3f6f4bfc06b,0.064,,,
1473,2026-08-03,SH600958,0.021974913775920868,EXP_XGBModel_Alpha158_csi300_custom_step0_s_20260803_14,e2ede29692af4aeaa7e3f3f6f4bfc06b,0.064,,,
1474,2026-08-03,SH600941,0.015893707051873207,EXP_XGBModel_Alpha158_csi300_custom_step0_s_20260803_14,e2ede29692af4aeaa7e3f3f6f4bfc06b,0.064,,,
1475,2026-08-03,SH600938,0.04497230798006058,EXP_XGBModel_Alpha158_csi300_custom_step0_s_20260803_14,e2ede29692af4aeaa7e3f3f6f4bfc06b,0.064,,,
1476,2026-08-03,SH600930,0.09407484531402588,EXP_XGBModel_Alpha158_csi300_custom_step0_s_20260803_14,e2ede29692af4aeaa7e3f3f6f4bfc06b,0.064,,,
1477,2026-08-03,SH600926,0.05874473601579666,EXP_XGBModel_Alpha158_csi300_custom_step0_s_20260803_14,e2ede29692af4aeaa7e3f3f6f4bfc06b,0.064,,,
1478,2026-08-03,SH601077,0.019039584323763847,EXP_XGBModel_Alpha158_csi300_custom_step0_s_20260803_14,e2ede29692af4aeaa7e3f3f6f4bfc06b,0.064,,,
1479,2026-08-03,SH600918,0.009725105948746204,EXP_XGBModel_Alpha158_csi300_custom_step0_s_20260803_14,e2ede29692af4aeaa7e3f3f6f4bfc06b,0.064,,,
1480,2026-08-03,SH601088,0.032962922006845474,EXP_XGBModel_Alpha158_csi300_custom_step0_s_20260803_14,e2ede29692af4aeaa7e3f3f6f4bfc06b,0.064,,,
1481,2026-08-03,SH601111,0.00328773632645607,EXP_XGBModel_Alpha158_csi300_custom_step0_s_20260803_14,e2ede29692af4aeaa7e3f3f6f4bfc06b,0.064,,,
1482,2026-08-03,SH601328,-0.03300798684358597,EXP_XGBModel_Alpha158_csi300_custom_step0_s_20260803_14,e2ede29692af4aeaa7e3f3f6f4bfc06b,0.064,,,
1483,2026-08-03,SH601319,0.008758431300520897,EXP_XGBModel_Alpha158_csi300_custom_step0_s_20260803_14,e2ede29692af4aeaa7e3f3f6f4bfc06b,0.064,,,
1484,2026-08-03,SH601318,-0.0010562525130808353,EXP_XGBModel_Alpha158_csi300_custom_step0_s_20260803_14,e2ede29692af4aeaa7e3f3f6f4bfc06b,0.064,,,
1485,2026-08-03,SH601288,-0.018201231956481934,EXP_XGBModel_Alpha158_csi300_custom_step0_s_20260803_14,e2ede29692af4aeaa7e3f3f6f4bfc06b,0.064,,,
1486,2026-08-03,SH601238,-0.12200561165809631,EXP_XGBModel_Alpha158_csi300_custom_step0_s_20260803_14,e2ede29692af4aeaa7e3f3f6f4bfc06b,0.064,,,
1487,2026-08-03,SH601229,0.03759247809648514,EXP_XGBModel_Alpha158_csi300_custom_step0_s_20260803_14,e2ede29692af4aeaa7e3f3f6f4bfc06b,0.064,,,
1488,2026-08-03,SH601225,0.04849371314048767,EXP_XGBModel_Alpha158_csi300_custom_step0_s_20260803_14,e2ede29692af4aeaa7e3f3f6f4bfc06b,0.064,,,
1489,2026-08-03,SH601211,0.013718015514314175,EXP_XGBModel_Alpha158_csi300_custom_step0_s_20260803_14,e2ede29692af4aeaa7e3f3f6f4bfc06b,0.064,,,
1490,2026-08-03,SH601186,0.0249014999717474,EXP_XGBModel_Alpha158_csi300_custom_step0_s_20260803_14,e2ede29692af4aeaa7e3f3f6f4bfc06b,0.064,,,
1491,2026-08-03,SH601169,0.03829498589038849,EXP_XGBModel_Alpha158_csi300_custom_step0_s_20260803_14,e2ede29692af4aeaa7e3f3f6f4bfc06b,0.064,,,
1492,2026-08-03,SH601166,-0.008417573757469654,EXP_XGBModel_Alpha158_csi300_custom_step0_s_20260803_14,e2ede29692af4aeaa7e3f3f6f4bfc06b,0.064,,,
1493,2026-08-03,SH601138,0.043472111225128174,EXP_XGBModel_Alpha158_csi300_custom_step0_s_20260803_14,e2ede29692af4aeaa7e3f3f6f4bfc06b,0.064,,,
1494,2026-08-03,SH601136,-0.004570115357637405,EXP_XGBModel_Alpha158_csi300_custom_step0_s_20260803_14,e2ede29692af4aeaa7e3f3f6f4bfc06b,0.064,,,
1495,2026-08-03,SH601127,-0.04016898572444916,EXP_XGBModel_Alpha158_csi300_custom_step0_s_20260803_14,e2ede29692af4aeaa7e3f3f6f4bfc06b,0.064,,,
1496,2026-08-03,SH601117,0.004050706513226032,EXP_XGBModel_Alpha158_csi300_custom_step0_s_20260803_14,e2ede29692af4aeaa7e3f3f6f4bfc06b,0.064,,,
1497,2026-08-03,SH601100,-0.006188645958900452,EXP_XGBModel_Alpha158_csi300_custom_step0_s_20260803_14,e2ede29692af4aeaa7e3f3f6f4bfc06b,0.064,,,
1498,2026-08-03,SH600009,0.004832895006984472,EXP_XGBModel_Alpha158_csi300_custom_step0_s_20260803_14,e2ede29692af4aeaa7e3f3f6f4bfc06b,0.064,,,
1499,2026-08-03,SZ302132,0.01168624497950077,EXP_XGBModel_Alpha158_csi300_custom_step0_s_20260803_14,e2ede29692af4aeaa7e3f3f6f4bfc06b,0.064,,,
1500,2026-08-03,SH600009,-0.005365453194826841,EXP_XGBModel_Alpha158_csi300_custom_step0_s_20260803_14,54d11562505d4fbea15042d8568a1d6d,0.062,,,
1501,2026-08-03,SZ000617,0.007153667975217104,EXP_XGBModel_Alpha158_csi300_custom_step0_s_20260803_14,54d11562505d4fbea15042d8568a1d6d,0.062,,,
1502,2026-08-03,SZ000596,0.02192319929599762,EXP_XGBModel_Alpha158_csi300_custom_step0_s_20260803_14,54d11562505d4fbea15042d8568a1d6d,0.062,,,
1503,2026-08-03,SZ000568,-0.024106942117214203,EXP_XGBModel_Alpha158_csi300_custom_step0_s_20260803_14,54d11562505d4fbea15042d8568a1d6d,0.062,,,
1504,2026-08-03,SZ000538,0.03274071589112282,EXP_XGBModel_Alpha158_csi300_custom_step0_s_20260803_14,54d11562505d4fbea15042d8568a1d6d,0.062,,,
1505,2026-08-03,SZ000425,-0.004319502040743828,EXP_XGBModel_Alpha158_csi300_custom_step0_s_20260803_14,54d11562505d4fbea15042d8568a1d6d,0.062,,,
1506,2026-08-03,SZ000408,-0.04670656472444534,EXP_XGBModel_Alpha158_csi300_custom_step0_s_20260803_14,54d11562505d4fbea15042d8568a1d6d,0.062,,,
1507,2026-08-03,SZ000625,0.002285078866407275,EXP_XGBModel_Alpha158_csi300_custom_step0_s_20260803_14,54d11562505d4fbea15042d8568a1d6d,0.062,,,
1508,2026-08-03,SZ000338,0.0807207003235817,EXP_XGBModel_Alpha158_csi300_custom_step0_s_20260803_14,54d11562505d4fbea15042d8568a1d6d,0.062,,,
1509,2026-08-03,SZ000301,-0.0414937324821949,EXP_XGBModel_Alpha158_csi300_custom_step0_s_20260803_14,54d11562505d4fbea15042d8568a1d6d,0.062,,,
1510,2026-08-03,SZ000166,0.04727202653884888,EXP_XGBModel_Alpha158_csi300_custom_step0_s_20260803_14,54d11562505d4fbea15042d8568a1d6d,0.062,,,
1511,2026-08-03,SZ000157,0.011898565106093884,EXP_XGBModel_Alpha158_csi300_custom_step0_s_20260803_14,54d11562505d4fbea15042d8568a1d6d,0.062,,,
1512,2026-08-03,SZ000100,0.006441968958824873,EXP_XGBModel_Alpha158_csi300_custom_step0_s_20260803_14,54d11562505d4fbea15042d8568a1d6d,0.062,,,
1513,2026-08-03,SZ000063,-0.02986106462776661,EXP_XGBModel_Alpha158_csi300_custom_step0_s_20260803_14,54d11562505d4fbea15042d8568a1d6d,0.062,,,
1514,2026-08-03,SZ000002,-0.1109175756573677,EXP_XGBModel_Alpha158_csi300_custom_step0_s_20260803_14,54d11562505d4fbea15042d8568a1d6d,0.062,,,
1515,2026-08-03,SZ000333,0.022348366677761078,EXP_XGBModel_Alpha158_csi300_custom_step0_s_20260803_14,54d11562505d4fbea15042d8568a1d6d,0.062,,,
1516,2026-08-03,SZ000630,-0.02237033098936081,EXP_XGBModel_Alpha158_csi300_custom_step0_s_20260803_14,54d11562505d4fbea15042d8568a1d6d,0.062,,,
1517,2026-08-03,SZ000651,0.03897646814584732,EXP_XGBModel_Alpha158_csi300_custom_step0_s_20260803_14,54d11562505d4fbea15042d8568a1d6d,0.062,,,
1518,2026-08-03,SZ000657,0.14273056387901306,EXP_XGBModel_Alpha158_csi300_custom_step0_s_20260803_14,54d11562505d4fbea15042d8568a1d6d,0.062,,,
1519,2026-08-03,SZ001280,0.0476689413189888,EXP_XGBModel_Alpha158_csi300_custom_step0_s_20260803_14,54d11562505d4fbea15042d8568a1d6d,0.062,,,
1520,2026-08-03,SZ000999,0.018892554566264153,EXP_XGBModel_Alpha158_csi300_custom_step0_s_20260803_14,54d11562505d4fbea15042d8568a1d6d,0.062,,,
1521,2026-08-03,SZ000988,0.09680873155593872,EXP_XGBModel_Alpha158_csi300_custom_step0_s_20260803_14,54d11562505d4fbea15042d8568a1d6d,0.062,,,
1522,2026-08-03,SZ000977,0.04408373311161995,EXP_XGBModel_Alpha158_csi300_custom_step0_s_20260803_14,54d11562505d4fbea15042d8568a1d6d,0.062,,,
1523,2026-08-03,SZ000975,-0.06374575197696686,EXP_XGBModel_Alpha158_csi300_custom_step0_s_20260803_14,54d11562505d4fbea15042d8568a1d6d,0.062,,,
1524,2026-08-03,SZ000963,-0.035673338919878006,EXP_XGBModel_Alpha158_csi300_custom_step0_s_20260803_14,54d11562505d4fbea15042d8568a1d6d,0.062,,,
1525,2026-08-03,SZ000938,0.037248674780130386,EXP_XGBModel_Alpha158_csi300_custom_step0_s_20260803_14,54d11562505d4fbea15042d8568a1d6d,0.062,,,
1526,2026-08-03,SZ000895,0.0010425487998872995,EXP_XGBModel_Alpha158_csi300_custom_step0_s_20260803_14,54d11562505d4fbea15042d8568a1d6d,0.062,,,
1527,2026-08-03,SZ000858,-0.014907566830515862,EXP_XGBModel_Alpha158_csi300_custom_step0_s_20260803_14,54d11562505d4fbea15042d8568a1d6d,0.062,,,
1528,2026-08-03,SZ000807,-0.029526863247156143,EXP_XGBModel_Alpha158_csi300_custom_step0_s_20260803_14,54d11562505d4fbea15042d8568a1d6d,0.062,,,
1529,2026-08-03,SZ000792,-0.051795460283756256,EXP_XGBModel_Alpha158_csi300_custom_step0_s_20260803_14,54d11562505d4fbea15042d8568a1d6d,0.062,,,
1530,2026-08-03,SZ000776,0.005125077441334724,EXP_XGBModel_Alpha158_csi300_custom_step0_s_20260803_14,54d11562505d4fbea15042d8568a1d6d,0.062,,,
1531,2026-08-03,SZ000768,-0.010102706030011177,EXP_XGBModel_Alpha158_csi300_custom_step0_s_20260803_14,54d11562505d4fbea15042d8568a1d6d,0.062,,,
1532,2026-08-03,SZ000725,0.19324913620948792,EXP_XGBModel_Alpha158_csi300_custom_step0_s_20260803_14,54d11562505d4fbea15042d8568a1d6d,0.062,,,
1533,2026-08-03,SZ000708,0.01932385191321373,EXP_XGBModel_Alpha158_csi300_custom_step0_s_20260803_14,54d11562505d4fbea15042d8568a1d6d,0.062,,,
1534,2026-08-03,SZ000001,0.0322449766099453,EXP_XGBModel_Alpha158_csi300_custom_step0_s_20260803_14,54d11562505d4fbea15042d8568a1d6d,0.062,,,
1535,2026-08-03,SH688981,0.16729961335659027,EXP_XGBModel_Alpha158_csi300_custom_step0_s_20260803_14,54d11562505d4fbea15042d8568a1d6d,0.062,,,
1536,2026-08-03,SH688521,0.15674635767936707,EXP_XGBModel_Alpha158_csi300_custom_step0_s_20260803_14,54d11562505d4fbea15042d8568a1d6d,0.062,,,
1537,2026-08-03,SH688506,0.0016833764966577291,EXP_XGBModel_Alpha158_csi300_custom_step0_s_20260803_14,54d11562505d4fbea15042d8568a1d6d,0.062,,,
1538,2026-08-03,SH603993,-0.05889793112874031,EXP_XGBModel_Alpha158_csi300_custom_step0_s_20260803_14,54d11562505d4fbea15042d8568a1d6d,0.062,,,
1539,2026-08-03,SH603986,0.018916381523013115,EXP_XGBModel_Alpha158_csi300_custom_step0_s_20260803_14,54d11562505d4fbea15042d8568a1d6d,0.062,,,
1540,2026-08-03,SH603893,-0.1083168014883995,EXP_XGBModel_Alpha158_csi300_custom_step0_s_20260803_14,54d11562505d4fbea15042d8568a1d6d,0.062,,,
1541,2026-08-03,SH603799,0.07219848036766052,EXP_XGBModel_Alpha158_csi300_custom_step0_s_20260803_14,54d11562505d4fbea15042d8568a1d6d,0.062,,,
1542,2026-08-03,SH603501,8.88462527655065e-05,EXP_XGBModel_Alpha158_csi300_custom_step0_s_20260803_14,54d11562505d4fbea15042d8568a1d6d,0.062,,,
1543,2026-08-03,SH603392,0.012174123898148537,EXP_XGBModel_Alpha158_csi300_custom_step0_s_20260803_14,54d11562505d4fbea15042d8568a1d6d,0.062,,,
1544,2026-08-03,SH603369,-0.005421082954853773,EXP_XGBModel_Alpha158_csi300_custom_step0_s_20260803_14,54d11562505d4fbea15042d8568a1d6d,0.062,,,
1545,2026-08-03,SH603296,0.09512747824192047,EXP_XGBModel_Alpha158_csi300_custom_step0_s_20260803_14,54d11562505d4fbea15042d8568a1d6d,0.062,,,
1546,2026-08-03,SH603288,0.04501010477542877,EXP_XGBModel_Alpha158_csi300_custom_step0_s_20260803_14,54d11562505d4fbea15042d8568a1d6d,0.062,,,
1547,2026-08-03,SH603260,0.04815805330872536,EXP_XGBModel_Alpha158_csi300_custom_step0_s_20260803_14,54d11562505d4fbea15042d8568a1d6d,0.062,,,
1548,2026-08-03,SH603259,-0.08428137004375458,EXP_XGBModel_Alpha158_csi300_custom_step0_s_20260803_14,54d11562505d4fbea15042d8568a1d6d,0.062,,,
1549,2026-08-03,SH603019,0.04013371467590332,EXP_XGBModel_Alpha158_csi300_custom_step0_s_20260803_14,54d11562505d4fbea15042d8568a1d6d,0.062,,,
1550,2026-08-03,SH601998,-0.05439586937427521,EXP_XGBModel_Alpha158_csi300_custom_step0_s_20260803_14,54d11562505d4fbea15042d8568a1d6d,0.062,,,
1551,2026-08-03,SH601995,-0.0063549671322107315,EXP_XGBModel_Alpha158_csi300_custom_step0_s_20260803_14,54d11562505d4fbea15042d8568a1d6d,0.062,,,
1552,2026-08-03,SH601988,0.021469151601195335,EXP_XGBModel_Alpha158_csi300_custom_step0_s_20260803_14,54d11562505d4fbea15042d8568a1d6d,0.062,,,
1553,2026-08-03,SH605117,0.018720809370279312,EXP_XGBModel_Alpha158_csi300_custom_step0_s_20260803_14,54d11562505d4fbea15042d8568a1d6d,0.062,,,
1554,2026-08-03,SZ001391,0.013497523032128811,EXP_XGBModel_Alpha158_csi300_custom_step0_s_20260803_14,54d11562505d4fbea15042d8568a1d6d,0.062,,,
1555,2026-08-03,SH605499,-0.0015613269060850143,EXP_XGBModel_Alpha158_csi300_custom_step0_s_20260803_14,54d11562505d4fbea15042d8568a1d6d,0.062,,,
1556,2026-08-03,SH688009,0.03166485205292702,EXP_XGBModel_Alpha158_csi300_custom_step0_s_20260803_14,54d11562505d4fbea15042d8568a1d6d,0.062,,,
1557,2026-08-03,SH688472,-0.025988757610321045,EXP_XGBModel_Alpha158_csi300_custom_step0_s_20260803_14,54d11562505d4fbea15042d8568a1d6d,0.062,,,
1558,2026-08-03,SH688396,0.18933533132076263,EXP_XGBModel_Alpha158_csi300_custom_step0_s_20260803_14,54d11562505d4fbea15042d8568a1d6d,0.062,,,
1559,2026-08-03,SH688303,-0.09885739535093307,EXP_XGBModel_Alpha158_csi300_custom_step0_s_20260803_14,54d11562505d4fbea15042d8568a1d6d,0.062,,,
1560,2026-08-03,SH688271,-0.03516828268766403,EXP_XGBModel_Alpha158_csi300_custom_step0_s_20260803_14,54d11562505d4fbea15042d8568a1d6d,0.062,,,
1561,2026-08-03,SH688256,0.0921395868062973,EXP_XGBModel_Alpha158_csi300_custom_step0_s_20260803_14,54d11562505d4fbea15042d8568a1d6d,0.062,,,
1562,2026-08-03,SH688223,0.02152531035244465,EXP_XGBModel_Alpha158_csi300_custom_step0_s_20260803_14,54d11562505d4fbea15042d8568a1d6d,0.062,,,
1563,2026-08-03,SH688183,0.08130229264497757,EXP_XGBModel_Alpha158_csi300_custom_step0_s_20260803_14,54d11562505d4fbea15042d8568a1d6d,0.062,,,
1564,2026-08-03,SH688126,0.10160737484693527,EXP_XGBModel_Alpha158_csi300_custom_step0_s_20260803_14,54d11562505d4fbea15042d8568a1d6d,0.062,,,
1565,2026-08-03,SH688111,-0.02899625152349472,EXP_XGBModel_Alpha158_csi300_custom_step0_s_20260803_14,54d11562505d4fbea15042d8568a1d6d,0.062,,,
1566,2026-08-03,SH688082,0.22967714071273804,EXP_XGBModel_Alpha158_csi300_custom_step0_s_20260803_14,54d11562505d4fbea15042d8568a1d6d,0.062,,,
1567,2026-08-03,SH688072,0.3125879764556885,EXP_XGBModel_Alpha158_csi300_custom_step0_s_20260803_14,54d11562505d4fbea15042d8568a1d6d,0.062,,,
1568,2026-08-03,SH688047,0.10215011984109879,EXP_XGBModel_Alpha158_csi300_custom_step0_s_20260803_14,54d11562505d4fbea15042d8568a1d6d,0.062,,,
1569,2026-08-03,SH688041,0.07675328105688095,EXP_XGBModel_Alpha158_csi300_custom_step0_s_20260803_14,54d11562505d4fbea15042d8568a1d6d,0.062,,,
1570,2026-08-03,SH688036,0.03576385974884033,EXP_XGBModel_Alpha158_csi300_custom_step0_s_20260803_14,54d11562505d4fbea15042d8568a1d6d,0.062,,,
1571,2026-08-03,SH688012,0.037671349942684174,EXP_XGBModel_Alpha158_csi300_custom_step0_s_20260803_14,54d11562505d4fbea15042d8568a1d6d,0.062,,,
1572,2026-08-03,SH688008,0.16387754678726196,EXP_XGBModel_Alpha158_csi300_custom_step0_s_20260803_14,54d11562505d4fbea15042d8568a1d6d,0.062,,,
1573,2026-08-03,SH601985,0.06408065557479858,EXP_XGBModel_Alpha158_csi300_custom_step0_s_20260803_14,54d11562505d4fbea15042d8568a1d6d,0.062,,,
1574,2026-08-03,SZ001965,0.029250187799334526,EXP_XGBModel_Alpha158_csi300_custom_step0_s_20260803_14,54d11562505d4fbea15042d8568a1d6d,0.062,,,
1575,2026-08-03,SZ002001,-0.05175650492310524,EXP_XGBModel_Alpha158_csi300_custom_step0_s_20260803_14,54d11562505d4fbea15042d8568a1d6d,0.062,,,
1576,2026-08-03,SZ300413,-0.014385038986802101,EXP_XGBModel_Alpha158_csi300_custom_step0_s_20260803_14,54d11562505d4fbea15042d8568a1d6d,0.062,,,
1577,2026-08-03,SZ300408,0.27622461318969727,EXP_XGBModel_Alpha158_csi300_custom_step0_s_20260803_14,54d11562505d4fbea15042d8568a1d6d,0.062,,,
1578,2026-08-03,SZ300394,0.06582744419574738,EXP_XGBModel_Alpha158_csi300_custom_step0_s_20260803_14,54d11562505d4fbea15042d8568a1d6d,0.062,,,
1579,2026-08-03,SZ300316,0.10721258074045181,EXP_XGBModel_Alpha158_csi300_custom_step0_s_20260803_14,54d11562505d4fbea15042d8568a1d6d,0.062,,,
1580,2026-08-03,SZ300308,0.1956145316362381,EXP_XGBModel_Alpha158_csi300_custom_step0_s_20260803_14,54d11562505d4fbea15042d8568a1d6d,0.062,,,
1581,2026-08-03,SZ300274,0.10274329781532288,EXP_XGBModel_Alpha158_csi300_custom_step0_s_20260803_14,54d11562505d4fbea15042d8568a1d6d,0.062,,,
1582,2026-08-03,SZ300418,0.1400667130947113,EXP_XGBModel_Alpha158_csi300_custom_step0_s_20260803_14,54d11562505d4fbea15042d8568a1d6d,0.062,,,
1583,2026-08-03,SZ300251,-0.04478493705391884,EXP_XGBModel_Alpha158_csi300_custom_step0_s_20260803_14,54d11562505d4fbea15042d8568a1d6d,0.062,,,
1584,2026-08-03,SZ300122,-0.14506465196609497,EXP_XGBModel_Alpha158_csi300_custom_step0_s_20260803_14,54d11562505d4fbea15042d8568a1d6d,0.062,,,
1585,2026-08-03,SZ300059,-0.026551533490419388,EXP_XGBModel_Alpha158_csi300_custom_step0_s_20260803_14,54d11562505d4fbea15042d8568a1d6d,0.062,,,
1586,2026-08-03,SZ300033,-0.05913768708705902,EXP_XGBModel_Alpha158_csi300_custom_step0_s_20260803_14,54d11562505d4fbea15042d8568a1d6d,0.062,,,
1587,2026-08-03,SZ300015,-0.029460597783327103,EXP_XGBModel_Alpha158_csi300_custom_step0_s_20260803_14,54d11562505d4fbea15042d8568a1d6d,0.062,,,
1588,2026-08-03,SZ300014,0.04181461036205292,EXP_XGBModel_Alpha158_csi300_custom_step0_s_20260803_14,54d11562505d4fbea15042d8568a1d6d,0.062,,,
1589,2026-08-03,SZ003816,-0.0014163744635879993,EXP_XGBModel_Alpha158_csi300_custom_step0_s_20260803_14,54d11562505d4fbea15042d8568a1d6d,0.062,,,
1590,2026-08-03,SZ300124,0.016065513715147972,EXP_XGBModel_Alpha158_csi300_custom_step0_s_20260803_14,54d11562505d4fbea15042d8568a1d6d,0.062,,,
1591,2026-08-03,SZ300433,0.12130773067474365,EXP_XGBModel_Alpha158_csi300_custom_step0_s_20260803_14,54d11562505d4fbea15042d8568a1d6d,0.062,,,
1592,2026-08-03,SZ300442,0.1678166389465332,EXP_XGBModel_Alpha158_csi300_custom_step0_s_20260803_14,54d11562505d4fbea15042d8568a1d6d,0.062,,,
1593,2026-08-03,SZ300450,0.12274153530597687,EXP_XGBModel_Alpha158_csi300_custom_step0_s_20260803_14,54d11562505d4fbea15042d8568a1d6d,0.062,,,
1594,2026-08-03,SZ301269,-0.001389872981235385,EXP_XGBModel_Alpha158_csi300_custom_step0_s_20260803_14,54d11562505d4fbea15042d8568a1d6d,0.062,,,
1595,2026-08-03,SZ301236,0.009840410202741623,EXP_XGBModel_Alpha158_csi300_custom_step0_s_20260803_14,54d11562505d4fbea15042d8568a1d6d,0.062,,,
1596,2026-08-03,SZ301165,0.06658761948347092,EXP_XGBModel_Alpha158_csi300_custom_step0_s_20260803_14,54d11562505d4fbea15042d8568a1d6d,0.062,,,
1597,2026-08-03,SZ300999,-0.001336447661742568,EXP_XGBModel_Alpha158_csi300_custom_step0_s_20260803_14,54d11562505d4fbea15042d8568a1d6d,0.062,,,
1598,2026-08-03,SZ300896,-0.01589735597372055,EXP_XGBModel_Alpha158_csi300_custom_step0_s_20260803_14,54d11562505d4fbea15042d8568a1d6d,0.062,,,
1599,2026-08-03,SZ300866,0.000320601073326543,EXP_XGBModel_Alpha158_csi300_custom_step0_s_20260803_14,54d11562505d4fbea15042d8568a1d6d,0.062,,,
1600,2026-08-03,SZ300832,0.004063549917191267,EXP_XGBModel_Alpha158_csi300_custom_step0_s_20260803_14,54d11562505d4fbea15042d8568a1d6d,0.062,,,
1601,2026-08-03,SZ300803,-0.03336917608976364,EXP_XGBModel_Alpha158_csi300_custom_step0_s_20260803_14,54d11562505d4fbea15042d8568a1d6d,0.062,,,
1602,2026-08-03,SZ300760,0.004276847466826439,EXP_XGBModel_Alpha158_csi300_custom_step0_s_20260803_14,54d11562505d4fbea15042d8568a1d6d,0.062,,,
1603,2026-08-03,SZ300750,-0.0013791059609502554,EXP_XGBModel_Alpha158_csi300_custom_step0_s_20260803_14,54d11562505d4fbea15042d8568a1d6d,0.062,,,
1604,2026-08-03,SZ300661,0.010645604692399502,EXP_XGBModel_Alpha158_csi300_custom_step0_s_20260803_14,54d11562505d4fbea15042d8568a1d6d,0.062,,,
1605,2026-08-03,SZ300628,-0.0048092808574438095,EXP_XGBModel_Alpha158_csi300_custom_step0_s_20260803_14,54d11562505d4fbea15042d8568a1d6d,0.062,,,
1606,2026-08-03,SZ300502,0.17495222389698029,EXP_XGBModel_Alpha158_csi300_custom_step0_s_20260803_14,54d11562505d4fbea15042d8568a1d6d,0.062,,,
1607,2026-08-03,SZ300498,0.0048270318657159805,EXP_XGBModel_Alpha158_csi300_custom_step0_s_20260803_14,54d11562505d4fbea15042d8568a1d6d,0.062,,,
1608,2026-08-03,SZ300476,0.2989898920059204,EXP_XGBModel_Alpha158_csi300_custom_step0_s_20260803_14,54d11562505d4fbea15042d8568a1d6d,0.062,,,
1609,2026-08-03,SZ002938,0.1562599241733551,EXP_XGBModel_Alpha158_csi300_custom_step0_s_20260803_14,54d11562505d4fbea15042d8568a1d6d,0.062,,,
1610,2026-08-03,SZ002920,-0.03813765197992325,EXP_XGBModel_Alpha158_csi300_custom_step0_s_20260803_14,54d11562505d4fbea15042d8568a1d6d,0.062,,,
1611,2026-08-03,SZ002916,0.2060163915157318,EXP_XGBModel_Alpha158_csi300_custom_step0_s_20260803_14,54d11562505d4fbea15042d8568a1d6d,0.062,,,
1612,2026-08-03,SZ002837,0.16391244530677795,EXP_XGBModel_Alpha158_csi300_custom_step0_s_20260803_14,54d11562505d4fbea15042d8568a1d6d,0.062,,,
1613,2026-08-03,SZ002353,0.4596097767353058,EXP_XGBModel_Alpha158_csi300_custom_step0_s_20260803_14,54d11562505d4fbea15042d8568a1d6d,0.062,,,
1614,2026-08-03,SZ002352,0.016442906111478806,EXP_XGBModel_Alpha158_csi300_custom_step0_s_20260803_14,54d11562505d4fbea15042d8568a1d6d,0.062,,,
1615,2026-08-03,SZ002311,0.034569207578897476,EXP_XGBModel_Alpha158_csi300_custom_step0_s_20260803_14,54d11562505d4fbea15042d8568a1d6d,0.062,,,
1616,2026-08-03,SZ002304,0.007060674950480461,EXP_XGBModel_Alpha158_csi300_custom_step0_s_20260803_14,54d11562505d4fbea15042d8568a1d6d,0.062,,,
1617,2026-08-03,SZ002241,-0.052797310054302216,EXP_XGBModel_Alpha158_csi300_custom_step0_s_20260803_14,54d11562505d4fbea15042d8568a1d6d,0.062,,,
1618,2026-08-03,SZ002236,0.017058828845620155,EXP_XGBModel_Alpha158_csi300_custom_step0_s_20260803_14,54d11562505d4fbea15042d8568a1d6d,0.062,,,
1619,2026-08-03,SZ002230,0.019964130595326424,EXP_XGBModel_Alpha158_csi300_custom_step0_s_20260803_14,54d11562505d4fbea15042d8568a1d6d,0.062,,,
1620,2026-08-03,SZ002202,0.018232926726341248,EXP_XGBModel_Alpha158_csi300_custom_step0_s_20260803_14,54d11562505d4fbea15042d8568a1d6d,0.062,,,
1621,2026-08-03,SZ002179,0.0971393957734108,EXP_XGBModel_Alpha158_csi300_custom_step0_s_20260803_14,54d11562505d4fbea15042d8568a1d6d,0.062,,,
1622,2026-08-03,SZ002142,0.02458946593105793,EXP_XGBModel_Alpha158_csi300_custom_step0_s_20260803_14,54d11562505d4fbea15042d8568a1d6d,0.062,,,
1623,2026-08-03,SZ002074,-0.02678297646343708,EXP_XGBModel_Alpha158_csi300_custom_step0_s_20260803_14,54d11562505d4fbea15042d8568a1d6d,0.062,,,
1624,2026-08-03,SZ002050,0.008743353188037872,EXP_XGBModel_Alpha158_csi300_custom_step0_s_20260803_14,54d11562505d4fbea15042d8568a1d6d,0.062,,,
1625,2026-08-03,SZ002049,0.0891924649477005,EXP_XGBModel_Alpha158_csi300_custom_step0_s_20260803_14,54d11562505d4fbea15042d8568a1d6d,0.062,,,
1626,2026-08-03,SZ002028,0.041466061025857925,EXP_XGBModel_Alpha158_csi300_custom_step0_s_20260803_14,54d11562505d4fbea15042d8568a1d6d,0.062,,,
1627,2026-08-03,SZ002027,0.05840565264225006,EXP_XGBModel_Alpha158_csi300_custom_step0_s_20260803_14,54d11562505d4fbea15042d8568a1d6d,0.062,,,
1628,2026-08-03,SZ002371,0.07282855361700058,EXP_XGBModel_Alpha158_csi300_custom_step0_s_20260803_14,54d11562505d4fbea15042d8568a1d6d,0.062,,,
1629,2026-08-03,SZ001979,-0.04459582269191742,EXP_XGBModel_Alpha158_csi300_custom_step0_s_20260803_14,54d11562505d4fbea15042d8568a1d6d,0.062,,,
1630,2026-08-03,SZ002384,0.15447542071342468,EXP_XGBModel_Alpha158_csi300_custom_step0_s_20260803_14,54d11562505d4fbea15042d8568a1d6d,0.062,,,
1631,2026-08-03,SZ002422,0.048135653138160706,EXP_XGBModel_Alpha158_csi300_custom_step0_s_20260803_14,54d11562505d4fbea15042d8568a1d6d,0.062,,,
1632,2026-08-03,SZ002736,0.06100661680102348,EXP_XGBModel_Alpha158_csi300_custom_step0_s_20260803_14,54d11562505d4fbea15042d8568a1d6d,0.062,,,
1633,2026-08-03,SZ002714,-0.010160889476537704,EXP_XGBModel_Alpha158_csi300_custom_step0_s_20260803_14,54d11562505d4fbea15042d8568a1d6d,0.062,,,
1634,2026-08-03,SZ002709,0.2411925196647644,EXP_XGBModel_Alpha158_csi300_custom_step0_s_20260803_14,54d11562505d4fbea15042d8568a1d6d,0.062,,,
1635,2026-08-03,SZ002648,0.005164936184883118,EXP_XGBModel_Alpha158_csi300_custom_step0_s_20260803_14,54d11562505d4fbea15042d8568a1d6d,0.062,,,
1636,2026-08-03,SZ002625,-0.04688533768057823,EXP_XGBModel_Alpha158_csi300_custom_step0_s_20260803_14,54d11562505d4fbea15042d8568a1d6d,0.062,,,
1637,2026-08-03,SZ002602,-0.023918617516756058,EXP_XGBModel_Alpha158_csi300_custom_step0_s_20260803_14,54d11562505d4fbea15042d8568a1d6d,0.062,,,
1638,2026-08-03,SZ002600,0.23523733019828796,EXP_XGBModel_Alpha158_csi300_custom_step0_s_20260803_14,54d11562505d4fbea15042d8568a1d6d,0.062,,,
1639,2026-08-03,SZ002594,0.017681121826171875,EXP_XGBModel_Alpha158_csi300_custom_step0_s_20260803_14,54d11562505d4fbea15042d8568a1d6d,0.062,,,
1640,2026-08-03,SZ002558,0.15831652283668518,EXP_XGBModel_Alpha158_csi300_custom_step0_s_20260803_14,54d11562505d4fbea15042d8568a1d6d,0.062,,,
1641,2026-08-03,SZ002532,0.003840890945866704,EXP_XGBModel_Alpha158_csi300_custom_step0_s_20260803_14,54d11562505d4fbea15042d8568a1d6d,0.062,,,
1642,2026-08-03,SZ002493,-0.07670281827449799,EXP_XGBModel_Alpha158_csi300_custom_step0_s_20260803_14,54d11562505d4fbea15042d8568a1d6d,0.062,,,
1643,2026-08-03,SZ002475,0.12049024552106857,EXP_XGBModel_Alpha158_csi300_custom_step0_s_20260803_14,54d11562505d4fbea15042d8568a1d6d,0.062,,,
1644,2026-08-03,SZ002466,0.06469596922397614,EXP_XGBModel_Alpha158_csi300_custom_step0_s_20260803_14,54d11562505d4fbea15042d8568a1d6d,0.062,,,
1645,2026-08-03,SZ002463,0.12502548098564148,EXP_XGBModel_Alpha158_csi300_custom_step0_s_20260803_14,54d11562505d4fbea15042d8568a1d6d,0.062,,,
1646,2026-08-03,SZ002460,0.0908634141087532,EXP_XGBModel_Alpha158_csi300_custom_step0_s_20260803_14,54d11562505d4fbea15042d8568a1d6d,0.062,,,
1647,2026-08-03,SZ002415,0.03857573866844177,EXP_XGBModel_Alpha158_csi300_custom_step0_s_20260803_14,54d11562505d4fbea15042d8568a1d6d,0.062,,,
1648,2026-08-03,SH600000,0.0014296609442681074,EXP_XGBModel_Alpha158_csi300_custom_step0_s_20260803_14,54d11562505d4fbea15042d8568a1d6d,0.062,,,
1649,2026-08-03,SH601939,0.02273252047598362,EXP_XGBModel_Alpha158_csi300_custom_step0_s_20260803_14,54d11562505d4fbea15042d8568a1d6d,0.062,,,
1650,2026-08-03,SH601916,0.04665229842066765,EXP_XGBModel_Alpha158_csi300_custom_step0_s_20260803_14,54d11562505d4fbea15042d8568a1d6d,0.062,,,
1651,2026-08-03,SH600547,-0.05670852214097977,EXP_XGBModel_Alpha158_csi300_custom_step0_s_20260803_14,54d11562505d4fbea15042d8568a1d6d,0.062,,,
1652,2026-08-03,SH600522,0.07149394601583481,EXP_XGBModel_Alpha158_csi300_custom_step0_s_20260803_14,54d11562505d4fbea15042d8568a1d6d,0.062,,,
1653,2026-08-03,SH600519,0.011640267446637154,EXP_XGBModel_Alpha158_csi300_custom_step0_s_20260803_14,54d11562505d4fbea15042d8568a1d6d,0.062,,,
1654,2026-08-03,SH600515,-0.023752553388476372,EXP_XGBModel_Alpha158_csi300_custom_step0_s_20260803_14,54d11562505d4fbea15042d8568a1d6d,0.062,,,
1655,2026-08-03,SH600489,-0.06271187216043472,EXP_XGBModel_Alpha158_csi300_custom_step0_s_20260803_14,54d11562505d4fbea15042d8568a1d6d,0.062,,,
1656,2026-08-03,SH600482,0.032809074968099594,EXP_XGBModel_Alpha158_csi300_custom_step0_s_20260803_14,54d11562505d4fbea15042d8568a1d6d,0.062,,,
1657,2026-08-03,SH600549,0.14925894141197205,EXP_XGBModel_Alpha158_csi300_custom_step0_s_20260803_14,54d11562505d4fbea15042d8568a1d6d,0.062,,,
1658,2026-08-03,SH600460,0.16480018198490143,EXP_XGBModel_Alpha158_csi300_custom_step0_s_20260803_14,54d11562505d4fbea15042d8568a1d6d,0.062,,,
1659,2026-08-03,SH600436,-0.04570009931921959,EXP_XGBModel_Alpha158_csi300_custom_step0_s_20260803_14,54d11562505d4fbea15042d8568a1d6d,0.062,,,
1660,2026-08-03,SH600426,0.010810763575136662,EXP_XGBModel_Alpha158_csi300_custom_step0_s_20260803_14,54d11562505d4fbea15042d8568a1d6d,0.062,,,
1661,2026-08-03,SH600415,-0.071703240275383,EXP_XGBModel_Alpha158_csi300_custom_step0_s_20260803_14,54d11562505d4fbea15042d8568a1d6d,0.062,,,
1662,2026-08-03,SH600406,-0.022576209157705307,EXP_XGBModel_Alpha158_csi300_custom_step0_s_20260803_14,54d11562505d4fbea15042d8568a1d6d,0.062,,,
1663,2026-08-03,SH600372,0.03007284738123417,EXP_XGBModel_Alpha158_csi300_custom_step0_s_20260803_14,54d11562505d4fbea15042d8568a1d6d,0.062,,,
1664,2026-08-03,SH600362,-0.03777426853775978,EXP_XGBModel_Alpha158_csi300_custom_step0_s_20260803_14,54d11562505d4fbea15042d8568a1d6d,0.062,,,
1665,2026-08-03,SH600438,0.34007251262664795,EXP_XGBModel_Alpha158_csi300_custom_step0_s_20260803_14,54d11562505d4fbea15042d8568a1d6d,0.062,,,
1666,2026-08-03,SH600570,-0.005482552107423544,EXP_XGBModel_Alpha158_csi300_custom_step0_s_20260803_14,54d11562505d4fbea15042d8568a1d6d,0.062,,,
1667,2026-08-03,SH600584,0.3389280438423157,EXP_XGBModel_Alpha158_csi300_custom_step0_s_20260803_14,54d11562505d4fbea15042d8568a1d6d,0.062,,,
1668,2026-08-03,SH600585,-0.004767292644828558,EXP_XGBModel_Alpha158_csi300_custom_step0_s_20260803_14,54d11562505d4fbea15042d8568a1d6d,0.062,,,
1669,2026-08-03,SH600893,0.016870636492967606,EXP_XGBModel_Alpha158_csi300_custom_step0_s_20260803_14,54d11562505d4fbea15042d8568a1d6d,0.062,,,
1670,2026-08-03,SH600887,0.023240206763148308,EXP_XGBModel_Alpha158_csi300_custom_step0_s_20260803_14,54d11562505d4fbea15042d8568a1d6d,0.062,,,
1671,2026-08-03,SH600886,0.020296428352594376,EXP_XGBModel_Alpha158_csi300_custom_step0_s_20260803_14,54d11562505d4fbea15042d8568a1d6d,0.062,,,
1672,2026-08-03,SH600875,-0.021048475056886673,EXP_XGBModel_Alpha158_csi300_custom_step0_s_20260803_14,54d11562505d4fbea15042d8568a1d6d,0.062,,,
1673,2026-08-03,SH600845,0.01041183527559042,EXP_XGBModel_Alpha158_csi300_custom_step0_s_20260803_14,54d11562505d4fbea15042d8568a1d6d,0.062,,,
1674,2026-08-03,SH600809,0.019163908436894417,EXP_XGBModel_Alpha158_csi300_custom_step0_s_20260803_14,54d11562505d4fbea15042d8568a1d6d,0.062,,,
1675,2026-08-03,SH600803,-0.12103676050901413,EXP_XGBModel_Alpha158_csi300_custom_step0_s_20260803_14,54d11562505d4fbea15042d8568a1d6d,0.062,,,
1676,2026-08-03,SH600795,0.023956231772899628,EXP_XGBModel_Alpha158_csi300_custom_step0_s_20260803_14,54d11562505d4fbea15042d8568a1d6d,0.062,,,
1677,2026-08-03,SH600760,-0.0059301662258803844,EXP_XGBModel_Alpha158_csi300_custom_step0_s_20260803_14,54d11562505d4fbea15042d8568a1d6d,0.062,,,
1678,2026-08-03,SH600741,0.0312972366809845,EXP_XGBModel_Alpha158_csi300_custom_step0_s_20260803_14,54d11562505d4fbea15042d8568a1d6d,0.062,,,
1679,2026-08-03,SH600690,0.03704513609409332,EXP_XGBModel_Alpha158_csi300_custom_step0_s_20260803_14,54d11562505d4fbea15042d8568a1d6d,0.062,,,
1680,2026-08-03,SH600674,0.017684875056147575,EXP_XGBModel_Alpha158_csi300_custom_step0_s_20260803_14,54d11562505d4fbea15042d8568a1d6d,0.062,,,
1681,2026-08-03,SH600660,0.04001951962709427,EXP_XGBModel_Alpha158_csi300_custom_step0_s_20260803_14,54d11562505d4fbea15042d8568a1d6d,0.062,,,
1682,2026-08-03,SH600600,0.016107788309454918,EXP_XGBModel_Alpha158_csi300_custom_step0_s_20260803_14,54d11562505d4fbea15042d8568a1d6d,0.062,,,
1683,2026-08-03,SH600588,-0.00021331055904738605,EXP_XGBModel_Alpha158_csi300_custom_step0_s_20260803_14,54d11562505d4fbea15042d8568a1d6d,0.062,,,
1684,2026-08-03,SH600346,-0.040471576154232025,EXP_XGBModel_Alpha158_csi300_custom_step0_s_20260803_14,54d11562505d4fbea15042d8568a1d6d,0.062,,,
1685,2026-08-03,SH600309,-0.039832115173339844,EXP_XGBModel_Alpha158_csi300_custom_step0_s_20260803_14,54d11562505d4fbea15042d8568a1d6d,0.062,,,
1686,2026-08-03,SH600276,-0.020091556012630463,EXP_XGBModel_Alpha158_csi300_custom_step0_s_20260803_14,54d11562505d4fbea15042d8568a1d6d,0.062,,,
1687,2026-08-03,SH600233,-0.22316212952136993,EXP_XGBModel_Alpha158_csi300_custom_step0_s_20260803_14,54d11562505d4fbea15042d8568a1d6d,0.062,,,
1688,2026-08-03,SH600036,0.02307448349893093,EXP_XGBModel_Alpha158_csi300_custom_step0_s_20260803_14,54d11562505d4fbea15042d8568a1d6d,0.062,,,
1689,2026-08-03,SH600031,-0.028746623545885086,EXP_XGBModel_Alpha158_csi300_custom_step0_s_20260803_14,54d11562505d4fbea15042d8568a1d6d,0.062,,,
1690,2026-08-03,SH600030,0.035889822989702225,EXP_XGBModel_Alpha158_csi300_custom_step0_s_20260803_14,54d11562505d4fbea15042d8568a1d6d,0.062,,,
1691,2026-08-03,SH600029,0.015529563650488853,EXP_XGBModel_Alpha158_csi300_custom_step0_s_20260803_14,54d11562505d4fbea15042d8568a1d6d,0.062,,,
1692,2026-08-03,SH600028,0.031195983290672302,EXP_XGBModel_Alpha158_csi300_custom_step0_s_20260803_14,54d11562505d4fbea15042d8568a1d6d,0.062,,,
1693,2026-08-03,SH600027,-0.00198610732331872,EXP_XGBModel_Alpha158_csi300_custom_step0_s_20260803_14,54d11562505d4fbea15042d8568a1d6d,0.062,,,
1694,2026-08-03,SH600026,-0.16951581835746765,EXP_XGBModel_Alpha158_csi300_custom_step0_s_20260803_14,54d11562505d4fbea15042d8568a1d6d,0.062,,,
1695,2026-08-03,SH600025,0.01471682358533144,EXP_XGBModel_Alpha158_csi300_custom_step0_s_20260803_14,54d11562505d4fbea15042d8568a1d6d,0.062,,,
1696,2026-08-03,SH600023,0.02781308814883232,EXP_XGBModel_Alpha158_csi300_custom_step0_s_20260803_14,54d11562505d4fbea15042d8568a1d6d,0.062,,,
1697,2026-08-03,SH600019,0.008336110971868038,EXP_XGBModel_Alpha158_csi300_custom_step0_s_20260803_14,54d11562505d4fbea15042d8568a1d6d,0.062,,,
1698,2026-08-03,SH600018,0.030965300276875496,EXP_XGBModel_Alpha158_csi300_custom_step0_s_20260803_14,54d11562505d4fbea15042d8568a1d6d,0.062,,,
1699,2026-08-03,SH600016,0.027518870308995247,EXP_XGBModel_Alpha158_csi300_custom_step0_s_20260803_14,54d11562505d4fbea15042d8568a1d6d,0.062,,,
1700,2026-08-03,SH600015,0.03411129489541054,EXP_XGBModel_Alpha158_csi300_custom_step0_s_20260803_14,54d11562505d4fbea15042d8568a1d6d,0.062,,,
1701,2026-08-03,SH600011,0.002065710024908185,EXP_XGBModel_Alpha158_csi300_custom_step0_s_20260803_14,54d11562505d4fbea15042d8568a1d6d,0.062,,,
1702,2026-08-03,SH600010,-0.013255982659757137,EXP_XGBModel_Alpha158_csi300_custom_step0_s_20260803_14,54d11562505d4fbea15042d8568a1d6d,0.062,,,
1703,2026-08-03,SH600039,0.00547787407413125,EXP_XGBModel_Alpha158_csi300_custom_step0_s_20260803_14,54d11562505d4fbea15042d8568a1d6d,0.062,,,
1704,2026-08-03,SH600900,0.004730170127004385,EXP_XGBModel_Alpha158_csi300_custom_step0_s_20260803_14,54d11562505d4fbea15042d8568a1d6d,0.062,,,
1705,2026-08-03,SH600048,-0.026312991976737976,EXP_XGBModel_Alpha158_csi300_custom_step0_s_20260803_14,54d11562505d4fbea15042d8568a1d6d,0.062,,,
1706,2026-08-03,SH600061,0.062160052359104156,EXP_XGBModel_Alpha158_csi300_custom_step0_s_20260803_14,54d11562505d4fbea15042d8568a1d6d,0.062,,,
1707,2026-08-03,SH600221,0.04530280455946922,EXP_XGBModel_Alpha158_csi300_custom_step0_s_20260803_14,54d11562505d4fbea15042d8568a1d6d,0.062,,,
1708,2026-08-03,SH600219,-0.0032931193709373474,EXP_XGBModel_Alpha158_csi300_custom_step0_s_20260803_14,54d11562505d4fbea15042d8568a1d6d,0.062,,,
1709,2026-08-03,SH600196,-0.008704602718353271,EXP_XGBModel_Alpha158_csi300_custom_step0_s_20260803_14,54d11562505d4fbea15042d8568a1d6d,0.062,,,
1710,2026-08-03,SH600188,0.019149750471115112,EXP_XGBModel_Alpha158_csi300_custom_step0_s_20260803_14,54d11562505d4fbea15042d8568a1d6d,0.062,,,
1711,2026-08-03,SH600183,0.333636611700058,EXP_XGBModel_Alpha158_csi300_custom_step0_s_20260803_14,54d11562505d4fbea15042d8568a1d6d,0.062,,,
1712,2026-08-03,SH600176,-0.7133602499961853,EXP_XGBModel_Alpha158_csi300_custom_step0_s_20260803_14,54d11562505d4fbea15042d8568a1d6d,0.062,,,
1713,2026-08-03,SH600160,0.021927909925580025,EXP_XGBModel_Alpha158_csi300_custom_step0_s_20260803_14,54d11562505d4fbea15042d8568a1d6d,0.062,,,
1714,2026-08-03,SH600150,-0.02593989297747612,EXP_XGBModel_Alpha158_csi300_custom_step0_s_20260803_14,54d11562505d4fbea15042d8568a1d6d,0.062,,,
1715,2026-08-03,SH600118,0.12256995588541031,EXP_XGBModel_Alpha158_csi300_custom_step0_s_20260803_14,54d11562505d4fbea15042d8568a1d6d,0.062,,,
1716,2026-08-03,SH600115,-7.488144910894334e-05,EXP_XGBModel_Alpha158_csi300_custom_step0_s_20260803_14,54d11562505d4fbea15042d8568a1d6d,0.062,,,
1717,2026-08-03,SH600111,0.19360198080539703,EXP_XGBModel_Alpha158_csi300_custom_step0_s_20260803_14,54d11562505d4fbea15042d8568a1d6d,0.062,,,
1718,2026-08-03,SH600104,0.002593700075522065,EXP_XGBModel_Alpha158_csi300_custom_step0_s_20260803_14,54d11562505d4fbea15042d8568a1d6d,0.062,,,
1719,2026-08-03,SH600089,-0.015829043462872505,EXP_XGBModel_Alpha158_csi300_custom_step0_s_20260803_14,54d11562505d4fbea15042d8568a1d6d,0.062,,,
1720,2026-08-03,SH600085,-0.0015709283761680126,EXP_XGBModel_Alpha158_csi300_custom_step0_s_20260803_14,54d11562505d4fbea15042d8568a1d6d,0.062,,,
1721,2026-08-03,SH600066,-0.019783448427915573,EXP_XGBModel_Alpha158_csi300_custom_step0_s_20260803_14,54d11562505d4fbea15042d8568a1d6d,0.062,,,
1722,2026-08-03,SH600050,0.0139846820384264,EXP_XGBModel_Alpha158_csi300_custom_step0_s_20260803_14,54d11562505d4fbea15042d8568a1d6d,0.062,,,
1723,2026-08-03,SH601919,0.008390291593968868,EXP_XGBModel_Alpha158_csi300_custom_step0_s_20260803_14,54d11562505d4fbea15042d8568a1d6d,0.062,,,
1724,2026-08-03,SH600905,0.015419797971844673,EXP_XGBModel_Alpha158_csi300_custom_step0_s_20260803_14,54d11562505d4fbea15042d8568a1d6d,0.062,,,
1725,2026-08-03,SH600919,0.03966844826936722,EXP_XGBModel_Alpha158_csi300_custom_step0_s_20260803_14,54d11562505d4fbea15042d8568a1d6d,0.062,,,
1726,2026-08-03,SH601698,0.0057525308802723885,EXP_XGBModel_Alpha158_csi300_custom_step0_s_20260803_14,54d11562505d4fbea15042d8568a1d6d,0.062,,,
1727,2026-08-03,SH601689,0.051282137632369995,EXP_XGBModel_Alpha158_csi300_custom_step0_s_20260803_14,54d11562505d4fbea15042d8568a1d6d,0.062,,,
1728,2026-08-03,SH601688,-0.0011875010095536709,EXP_XGBModel_Alpha158_csi300_custom_step0_s_20260803_14,54d11562505d4fbea15042d8568a1d6d,0.062,,,
1729,2026-08-03,SH601669,0.038418982177972794,EXP_XGBModel_Alpha158_csi300_custom_step0_s_20260803_14,54d11562505d4fbea15042d8568a1d6d,0.062,,,
1730,2026-08-03,SH601668,0.057851895689964294,EXP_XGBModel_Alpha158_csi300_custom_step0_s_20260803_14,54d11562505d4fbea15042d8568a1d6d,0.062,,,
1731,2026-08-03,SH601658,0.052999839186668396,EXP_XGBModel_Alpha158_csi300_custom_step0_s_20260803_14,54d11562505d4fbea15042d8568a1d6d,0.062,,,
1732,2026-08-03,SH601727,0.0015300626400858164,EXP_XGBModel_Alpha158_csi300_custom_step0_s_20260803_14,54d11562505d4fbea15042d8568a1d6d,0.062,,,
1733,2026-08-03,SH601633,-0.005938341841101646,EXP_XGBModel_Alpha158_csi300_custom_step0_s_20260803_14,54d11562505d4fbea15042d8568a1d6d,0.062,,,
1734,2026-08-03,SH601618,0.01383981667459011,EXP_XGBModel_Alpha158_csi300_custom_step0_s_20260803_14,54d11562505d4fbea15042d8568a1d6d,0.062,,,
1735,2026-08-03,SH601607,0.01706063561141491,EXP_XGBModel_Alpha158_csi300_custom_step0_s_20260803_14,54d11562505d4fbea15042d8568a1d6d,0.062,,,
1736,2026-08-03,SH601601,-0.030794234946370125,EXP_XGBModel_Alpha158_csi300_custom_step0_s_20260803_14,54d11562505d4fbea15042d8568a1d6d,0.062,,,
1737,2026-08-03,SH601600,-0.012581107206642628,EXP_XGBModel_Alpha158_csi300_custom_step0_s_20260803_14,54d11562505d4fbea15042d8568a1d6d,0.062,,,
1738,2026-08-03,SH601456,0.04575024172663689,EXP_XGBModel_Alpha158_csi300_custom_step0_s_20260803_14,54d11562505d4fbea15042d8568a1d6d,0.062,,,
1739,2026-08-03,SH601398,-0.04864417761564255,EXP_XGBModel_Alpha158_csi300_custom_step0_s_20260803_14,54d11562505d4fbea15042d8568a1d6d,0.062,,,
1740,2026-08-03,SH601628,0.021427463740110397,EXP_XGBModel_Alpha158_csi300_custom_step0_s_20260803_14,54d11562505d4fbea15042d8568a1d6d,0.062,,,
1741,2026-08-03,SH601728,-0.030672643333673477,EXP_XGBModel_Alpha158_csi300_custom_step0_s_20260803_14,54d11562505d4fbea15042d8568a1d6d,0.062,,,
1742,2026-08-03,SH601766,0.018420064821839333,EXP_XGBModel_Alpha158_csi300_custom_step0_s_20260803_14,54d11562505d4fbea15042d8568a1d6d,0.062,,,
1743,2026-08-03,SH601788,0.04436095803976059,EXP_XGBModel_Alpha158_csi300_custom_step0_s_20260803_14,54d11562505d4fbea15042d8568a1d6d,0.062,,,
1744,2026-08-03,SH601901,0.03861124813556671,EXP_XGBModel_Alpha158_csi300_custom_step0_s_20260803_14,54d11562505d4fbea15042d8568a1d6d,0.062,,,
1745,2026-08-03,SH601899,-0.13942323625087738,EXP_XGBModel_Alpha158_csi300_custom_step0_s_20260803_14,54d11562505d4fbea15042d8568a1d6d,0.062,,,
1746,2026-08-03,SH601898,0.03385544940829277,EXP_XGBModel_Alpha158_csi300_custom_step0_s_20260803_14,54d11562505d4fbea15042d8568a1d6d,0.062,,,
1747,2026-08-03,SH601888,-0.03523317351937294,EXP_XGBModel_Alpha158_csi300_custom_step0_s_20260803_14,54d11562505d4fbea15042d8568a1d6d,0.062,,,
1748,2026-08-03,SH601881,0.02156779356300831,EXP_XGBModel_Alpha158_csi300_custom_step0_s_20260803_14,54d11562505d4fbea15042d8568a1d6d,0.062,,,
1749,2026-08-03,SH601878,0.045605991035699844,EXP_XGBModel_Alpha158_csi300_custom_step0_s_20260803_14,54d11562505d4fbea15042d8568a1d6d,0.062,,,
1750,2026-08-03,SH601877,0.0016026892699301243,EXP_XGBModel_Alpha158_csi300_custom_step0_s_20260803_14,54d11562505d4fbea15042d8568a1d6d,0.062,,,
1751,2026-08-03,SH601872,-0.1652366816997528,EXP_XGBModel_Alpha158_csi300_custom_step0_s_20260803_14,54d11562505d4fbea15042d8568a1d6d,0.062,,,
1752,2026-08-03,SH601868,0.03811408579349518,EXP_XGBModel_Alpha158_csi300_custom_step0_s_20260803_14,54d11562505d4fbea15042d8568a1d6d,0.062,,,
1753,2026-08-03,SH601857,0.010730360634624958,EXP_XGBModel_Alpha158_csi300_custom_step0_s_20260803_14,54d11562505d4fbea15042d8568a1d6d,0.062,,,
1754,2026-08-03,SH601838,0.053382508456707,EXP_XGBModel_Alpha158_csi300_custom_step0_s_20260803_14,54d11562505d4fbea15042d8568a1d6d,0.062,,,
1755,2026-08-03,SH601825,-0.07119850814342499,EXP_XGBModel_Alpha158_csi300_custom_step0_s_20260803_14,54d11562505d4fbea15042d8568a1d6d,0.062,,,
1756,2026-08-03,SH601818,0.03365767002105713,EXP_XGBModel_Alpha158_csi300_custom_step0_s_20260803_14,54d11562505d4fbea15042d8568a1d6d,0.062,,,
1757,2026-08-03,SH601816,0.01140170730650425,EXP_XGBModel_Alpha158_csi300_custom_step0_s_20260803_14,54d11562505d4fbea15042d8568a1d6d,0.062,,,
1758,2026-08-03,SH601800,0.002704758895561099,EXP_XGBModel_Alpha158_csi300_custom_step0_s_20260803_14,54d11562505d4fbea15042d8568a1d6d,0.062,,,
1759,2026-08-03,SH601390,0.00988893210887909,EXP_XGBModel_Alpha158_csi300_custom_step0_s_20260803_14,54d11562505d4fbea15042d8568a1d6d,0.062,,,
1760,2026-08-03,SH601377,0.0578225702047348,EXP_XGBModel_Alpha158_csi300_custom_step0_s_20260803_14,54d11562505d4fbea15042d8568a1d6d,0.062,,,
1761,2026-08-03,SH601360,-0.004237321205437183,EXP_XGBModel_Alpha158_csi300_custom_step0_s_20260803_14,54d11562505d4fbea15042d8568a1d6d,0.062,,,
1762,2026-08-03,SH601336,-0.005123323295265436,EXP_XGBModel_Alpha158_csi300_custom_step0_s_20260803_14,54d11562505d4fbea15042d8568a1d6d,0.062,,,
1763,2026-08-03,SH601066,-0.013168156147003174,EXP_XGBModel_Alpha158_csi300_custom_step0_s_20260803_14,54d11562505d4fbea15042d8568a1d6d,0.062,,,
1764,2026-08-03,SH601059,0.05763062834739685,EXP_XGBModel_Alpha158_csi300_custom_step0_s_20260803_14,54d11562505d4fbea15042d8568a1d6d,0.062,,,
1765,2026-08-03,SH601058,-0.0011374116875231266,EXP_XGBModel_Alpha158_csi300_custom_step0_s_20260803_14,54d11562505d4fbea15042d8568a1d6d,0.062,,,
1766,2026-08-03,SH601021,0.042073290795087814,EXP_XGBModel_Alpha158_csi300_custom_step0_s_20260803_14,54d11562505d4fbea15042d8568a1d6d,0.062,,,
1767,2026-08-03,SH601018,0.01879173517227173,EXP_XGBModel_Alpha158_csi300_custom_step0_s_20260803_14,54d11562505d4fbea15042d8568a1d6d,0.062,,,
1768,2026-08-03,SH601012,-0.011483590118587017,EXP_XGBModel_Alpha158_csi300_custom_step0_s_20260803_14,54d11562505d4fbea15042d8568a1d6d,0.062,,,
1769,2026-08-03,SH601009,0.04083310812711716,EXP_XGBModel_Alpha158_csi300_custom_step0_s_20260803_14,54d11562505d4fbea15042d8568a1d6d,0.062,,,
1770,2026-08-03,SH601006,0.008823861368000507,EXP_XGBModel_Alpha158_csi300_custom_step0_s_20260803_14,54d11562505d4fbea15042d8568a1d6d,0.062,,,
1771,2026-08-03,SH600999,-0.00974635686725378,EXP_XGBModel_Alpha158_csi300_custom_step0_s_20260803_14,54d11562505d4fbea15042d8568a1d6d,0.062,,,
1772,2026-08-03,SH600989,0.010960378684103489,EXP_XGBModel_Alpha158_csi300_custom_step0_s_20260803_14,54d11562505d4fbea15042d8568a1d6d,0.062,,,
1773,2026-08-03,SH600958,0.03484132140874863,EXP_XGBModel_Alpha158_csi300_custom_step0_s_20260803_14,54d11562505d4fbea15042d8568a1d6d,0.062,,,
1774,2026-08-03,SH600941,0.012852736748754978,EXP_XGBModel_Alpha158_csi300_custom_step0_s_20260803_14,54d11562505d4fbea15042d8568a1d6d,0.062,,,
1775,2026-08-03,SH600938,0.03259140998125076,EXP_XGBModel_Alpha158_csi300_custom_step0_s_20260803_14,54d11562505d4fbea15042d8568a1d6d,0.062,,,
1776,2026-08-03,SH600930,0.0025086491368710995,EXP_XGBModel_Alpha158_csi300_custom_step0_s_20260803_14,54d11562505d4fbea15042d8568a1d6d,0.062,,,
1777,2026-08-03,SH600926,0.02424010820686817,EXP_XGBModel_Alpha158_csi300_custom_step0_s_20260803_14,54d11562505d4fbea15042d8568a1d6d,0.062,,,
1778,2026-08-03,SH601077,0.012329190969467163,EXP_XGBModel_Alpha158_csi300_custom_step0_s_20260803_14,54d11562505d4fbea15042d8568a1d6d,0.062,,,
1779,2026-08-03,SH600918,-0.011934811249375343,EXP_XGBModel_Alpha158_csi300_custom_step0_s_20260803_14,54d11562505d4fbea15042d8568a1d6d,0.062,,,
1780,2026-08-03,SH601088,0.019725648686289787,EXP_XGBModel_Alpha158_csi300_custom_step0_s_20260803_14,54d11562505d4fbea15042d8568a1d6d,0.062,,,
1781,2026-08-03,SH601111,0.008407214656472206,EXP_XGBModel_Alpha158_csi300_custom_step0_s_20260803_14,54d11562505d4fbea15042d8568a1d6d,0.062,,,
1782,2026-08-03,SH601328,-0.024707017466425896,EXP_XGBModel_Alpha158_csi300_custom_step0_s_20260803_14,54d11562505d4fbea15042d8568a1d6d,0.062,,,
1783,2026-08-03,SH601319,0.004672556649893522,EXP_XGBModel_Alpha158_csi300_custom_step0_s_20260803_14,54d11562505d4fbea15042d8568a1d6d,0.062,,,
1784,2026-08-03,SH601318,0.00282633351162076,EXP_XGBModel_Alpha158_csi300_custom_step0_s_20260803_14,54d11562505d4fbea15042d8568a1d6d,0.062,,,
1785,2026-08-03,SH601288,-0.02931404858827591,EXP_XGBModel_Alpha158_csi300_custom_step0_s_20260803_14,54d11562505d4fbea15042d8568a1d6d,0.062,,,
1786,2026-08-03,SH601238,-0.13650307059288025,EXP_XGBModel_Alpha158_csi300_custom_step0_s_20260803_14,54d11562505d4fbea15042d8568a1d6d,0.062,,,
1787,2026-08-03,SH601229,0.043588560074567795,EXP_XGBModel_Alpha158_csi300_custom_step0_s_20260803_14,54d11562505d4fbea15042d8568a1d6d,0.062,,,
1788,2026-08-03,SH601225,0.042557571083307266,EXP_XGBModel_Alpha158_csi300_custom_step0_s_20260803_14,54d11562505d4fbea15042d8568a1d6d,0.062,,,
1789,2026-08-03,SH601211,0.023531300947070122,EXP_XGBModel_Alpha158_csi300_custom_step0_s_20260803_14,54d11562505d4fbea15042d8568a1d6d,0.062,,,
1790,2026-08-03,SH601186,0.02560688741505146,EXP_XGBModel_Alpha158_csi300_custom_step0_s_20260803_14,54d11562505d4fbea15042d8568a1d6d,0.062,,,
1791,2026-08-03,SH601169,0.02535674162209034,EXP_XGBModel_Alpha158_csi300_custom_step0_s_20260803_14,54d11562505d4fbea15042d8568a1d6d,0.062,,,
1792,2026-08-03,SH601166,0.009303560480475426,EXP_XGBModel_Alpha158_csi300_custom_step0_s_20260803_14,54d11562505d4fbea15042d8568a1d6d,0.062,,,
1793,2026-08-03,SH601138,0.03349824249744415,EXP_XGBModel_Alpha158_csi300_custom_step0_s_20260803_14,54d11562505d4fbea15042d8568a1d6d,0.062,,,
1794,2026-08-03,SH601136,-0.011488551273941994,EXP_XGBModel_Alpha158_csi300_custom_step0_s_20260803_14,54d11562505d4fbea15042d8568a1d6d,0.062,,,
1795,2026-08-03,SH601127,-0.040647558867931366,EXP_XGBModel_Alpha158_csi300_custom_step0_s_20260803_14,54d11562505d4fbea15042d8568a1d6d,0.062,,,
1796,2026-08-03,SH601117,0.015435868874192238,EXP_XGBModel_Alpha158_csi300_custom_step0_s_20260803_14,54d11562505d4fbea15042d8568a1d6d,0.062,,,
1797,2026-08-03,SH601100,-0.017025794833898544,EXP_XGBModel_Alpha158_csi300_custom_step0_s_20260803_14,54d11562505d4fbea15042d8568a1d6d,0.062,,,
1798,2026-08-03,SH600000,0.016624798998236656,EXP_LinearModel_Alpha158_csi300_custom_step0_s_20260803_14,dfe7e1fab52a44afbe7825966f5bd16d,0.08,,,
1799,2026-08-03,SH600000,-0.013298545964062214,EXP_XGBModel_Alpha158_csi300_custom_step0_s_20260803_14,e2ede29692af4aeaa7e3f3f6f4bfc06b,0.064,,,
1800,2026-08-03,SZ301308,1.4168126583099365,EXP_LinearModel_Alpha158_csi300_custom_step0_s_20260803_14,98f47d3ebed349d4a6145d845772b375,0.009,,,
1801,2026-08-03,SZ000617,-0.033836886286735535,EXP_LinearModel_Alpha158_csi300_custom_step0_s_20260803_14,dfe7e1fab52a44afbe7825966f5bd16d,0.08,,,
1802,2026-08-03,SZ000596,-0.05628455430269241,EXP_LinearModel_Alpha158_csi300_custom_step0_s_20260803_14,dfe7e1fab52a44afbe7825966f5bd16d,0.08,,,
1803,2026-08-03,SZ000568,-0.015195824205875397,EXP_LinearModel_Alpha158_csi300_custom_step0_s_20260803_14,dfe7e1fab52a44afbe7825966f5bd16d,0.08,,,
1804,2026-08-03,SZ000538,0.06945004314184189,EXP_LinearModel_Alpha158_csi300_custom_step0_s_20260803_14,dfe7e1fab52a44afbe7825966f5bd16d,0.08,,,
1805,2026-08-03,SZ000425,0.010841727256774902,EXP_LinearModel_Alpha158_csi300_custom_step0_s_20260803_14,dfe7e1fab52a44afbe7825966f5bd16d,0.08,,,
1806,2026-08-03,SZ000408,0.05780249834060669,EXP_LinearModel_Alpha158_csi300_custom_step0_s_20260803_14,dfe7e1fab52a44afbe7825966f5bd16d,0.08,,,
1807,2026-08-03,SZ000625,-0.028929412364959717,EXP_LinearModel_Alpha158_csi300_custom_step0_s_20260803_14,dfe7e1fab52a44afbe7825966f5bd16d,0.08,,,
1808,2026-08-03,SZ000338,0.1698523908853531,EXP_LinearModel_Alpha158_csi300_custom_step0_s_20260803_14,dfe7e1fab52a44afbe7825966f5bd16d,0.08,,,
1809,2026-08-03,SZ000301,-0.12867558002471924,EXP_LinearModel_Alpha158_csi300_custom_step0_s_20260803_14,dfe7e1fab52a44afbe7825966f5bd16d,0.08,,,
1810,2026-08-03,SZ000166,0.0743071511387825,EXP_LinearModel_Alpha158_csi300_custom_step0_s_20260803_14,dfe7e1fab52a44afbe7825966f5bd16d,0.08,,,
1811,2026-08-03,SZ000157,0.12736496329307556,EXP_LinearModel_Alpha158_csi300_custom_step0_s_20260803_14,dfe7e1fab52a44afbe7825966f5bd16d,0.08,,,
1812,2026-08-03,SZ000100,0.004435861948877573,EXP_LinearModel_Alpha158_csi300_custom_step0_s_20260803_14,dfe7e1fab52a44afbe7825966f5bd16d,0.08,,,
1813,2026-08-03,SZ000063,-0.03954065591096878,EXP_LinearModel_Alpha158_csi300_custom_step0_s_20260803_14,dfe7e1fab52a44afbe7825966f5bd16d,0.08,,,
1814,2026-08-03,SZ000002,-0.13819283246994019,EXP_LinearModel_Alpha158_csi300_custom_step0_s_20260803_14,dfe7e1fab52a44afbe7825966f5bd16d,0.08,,,
1815,2026-08-03,SZ000333,0.127047598361969,EXP_LinearModel_Alpha158_csi300_custom_step0_s_20260803_14,dfe7e1fab52a44afbe7825966f5bd16d,0.08,,,
1816,2026-08-03,SZ000630,0.09271003305912018,EXP_LinearModel_Alpha158_csi300_custom_step0_s_20260803_14,dfe7e1fab52a44afbe7825966f5bd16d,0.08,,,
1817,2026-08-03,SZ000651,0.026101820170879364,EXP_LinearModel_Alpha158_csi300_custom_step0_s_20260803_14,dfe7e1fab52a44afbe7825966f5bd16d,0.08,,,
1818,2026-08-03,SZ000657,0.7730984687805176,EXP_LinearModel_Alpha158_csi300_custom_step0_s_20260803_14,dfe7e1fab52a44afbe7825966f5bd16d,0.08,,,
1819,2026-08-03,SZ001280,0.09728269279003143,EXP_LinearModel_Alpha158_csi300_custom_step0_s_20260803_14,dfe7e1fab52a44afbe7825966f5bd16d,0.08,,,
1820,2026-08-03,SZ000999,0.05076678842306137,EXP_LinearModel_Alpha158_csi300_custom_step0_s_20260803_14,dfe7e1fab52a44afbe7825966f5bd16d,0.08,,,
1821,2026-08-03,SZ000988,0.4618125855922699,EXP_LinearModel_Alpha158_csi300_custom_step0_s_20260803_14,dfe7e1fab52a44afbe7825966f5bd16d,0.08,,,
1822,2026-08-03,SZ000977,0.1020897924900055,EXP_LinearModel_Alpha158_csi300_custom_step0_s_20260803_14,dfe7e1fab52a44afbe7825966f5bd16d,0.08,,,
1823,2026-08-03,SZ000975,0.028969956561923027,EXP_LinearModel_Alpha158_csi300_custom_step0_s_20260803_14,dfe7e1fab52a44afbe7825966f5bd16d,0.08,,,
1824,2026-08-03,SZ000963,-0.03127216175198555,EXP_LinearModel_Alpha158_csi300_custom_step0_s_20260803_14,dfe7e1fab52a44afbe7825966f5bd16d,0.08,,,
1825,2026-08-03,SZ000938,0.43607497215270996,EXP_LinearModel_Alpha158_csi300_custom_step0_s_20260803_14,dfe7e1fab52a44afbe7825966f5bd16d,0.08,,,
1826,2026-08-03,SZ000895,0.029819687828421593,EXP_LinearModel_Alpha158_csi300_custom_step0_s_20260803_14,dfe7e1fab52a44afbe7825966f5bd16d,0.08,,,
1827,2026-08-03,SZ000858,-0.06733205914497375,EXP_LinearModel_Alpha158_csi300_custom_step0_s_20260803_14,dfe7e1fab52a44afbe7825966f5bd16d,0.08,,,
1828,2026-08-03,SZ000807,-0.001811804948374629,EXP_LinearModel_Alpha158_csi300_custom_step0_s_20260803_14,dfe7e1fab52a44afbe7825966f5bd16d,0.08,,,
1829,2026-08-03,SZ000792,-0.028552528470754623,EXP_LinearModel_Alpha158_csi300_custom_step0_s_20260803_14,dfe7e1fab52a44afbe7825966f5bd16d,0.08,,,
1830,2026-08-03,SZ000776,0.006644983775913715,EXP_LinearModel_Alpha158_csi300_custom_step0_s_20260803_14,dfe7e1fab52a44afbe7825966f5bd16d,0.08,,,
1831,2026-08-03,SZ000768,0.08760674297809601,EXP_LinearModel_Alpha158_csi300_custom_step0_s_20260803_14,dfe7e1fab52a44afbe7825966f5bd16d,0.08,,,
1832,2026-08-03,SZ000725,0.053422220051288605,EXP_LinearModel_Alpha158_csi300_custom_step0_s_20260803_14,dfe7e1fab52a44afbe7825966f5bd16d,0.08,,,
1833,2026-08-03,SZ000708,0.12267506867647171,EXP_LinearModel_Alpha158_csi300_custom_step0_s_20260803_14,dfe7e1fab52a44afbe7825966f5bd16d,0.08,,,
1834,2026-08-03,SZ000001,-0.029300903901457787,EXP_LinearModel_Alpha158_csi300_custom_step0_s_20260803_14,dfe7e1fab52a44afbe7825966f5bd16d,0.08,,,
1835,2026-08-03,SH688981,0.10554660856723785,EXP_LinearModel_Alpha158_csi300_custom_step0_s_20260803_14,dfe7e1fab52a44afbe7825966f5bd16d,0.08,,,
1836,2026-08-03,SH688521,0.20767879486083984,EXP_LinearModel_Alpha158_csi300_custom_step0_s_20260803_14,dfe7e1fab52a44afbe7825966f5bd16d,0.08,,,
1837,2026-08-03,SH688506,-0.11205752193927765,EXP_LinearModel_Alpha158_csi300_custom_step0_s_20260803_14,dfe7e1fab52a44afbe7825966f5bd16d,0.08,,,
1838,2026-08-03,SH603993,0.01774311065673828,EXP_LinearModel_Alpha158_csi300_custom_step0_s_20260803_14,dfe7e1fab52a44afbe7825966f5bd16d,0.08,,,
1839,2026-08-03,SH603986,0.5560888051986694,EXP_LinearModel_Alpha158_csi300_custom_step0_s_20260803_14,dfe7e1fab52a44afbe7825966f5bd16d,0.08,,,
1840,2026-08-03,SH603893,0.1588996797800064,EXP_LinearModel_Alpha158_csi300_custom_step0_s_20260803_14,dfe7e1fab52a44afbe7825966f5bd16d,0.08,,,
1841,2026-08-03,SH603799,0.07469098269939423,EXP_LinearModel_Alpha158_csi300_custom_step0_s_20260803_14,dfe7e1fab52a44afbe7825966f5bd16d,0.08,,,
1842,2026-08-03,SH603501,0.05882362276315689,EXP_LinearModel_Alpha158_csi300_custom_step0_s_20260803_14,dfe7e1fab52a44afbe7825966f5bd16d,0.08,,,
1843,2026-08-03,SH603392,-0.11830993741750717,EXP_LinearModel_Alpha158_csi300_custom_step0_s_20260803_14,dfe7e1fab52a44afbe7825966f5bd16d,0.08,,,
1844,2026-08-03,SH603369,0.020082684233784676,EXP_LinearModel_Alpha158_csi300_custom_step0_s_20260803_14,dfe7e1fab52a44afbe7825966f5bd16d,0.08,,,
1845,2026-08-03,SH603296,0.11205893754959106,EXP_LinearModel_Alpha158_csi300_custom_step0_s_20260803_14,dfe7e1fab52a44afbe7825966f5bd16d,0.08,,,
1846,2026-08-03,SH603288,-0.001887724967673421,EXP_LinearModel_Alpha158_csi300_custom_step0_s_20260803_14,dfe7e1fab52a44afbe7825966f5bd16d,0.08,,,
1847,2026-08-03,SH603260,0.1381298154592514,EXP_LinearModel_Alpha158_csi300_custom_step0_s_20260803_14,dfe7e1fab52a44afbe7825966f5bd16d,0.08,,,
1848,2026-08-03,SH603259,-0.11662878096103668,EXP_LinearModel_Alpha158_csi300_custom_step0_s_20260803_14,dfe7e1fab52a44afbe7825966f5bd16d,0.08,,,
1849,2026-08-03,SH603019,-0.011883290484547615,EXP_LinearModel_Alpha158_csi300_custom_step0_s_20260803_14,dfe7e1fab52a44afbe7825966f5bd16d,0.08,,,
1850,2026-08-03,SH601998,0.03159210830926895,EXP_LinearModel_Alpha158_csi300_custom_step0_s_20260803_14,dfe7e1fab52a44afbe7825966f5bd16d,0.08,,,
1851,2026-08-03,SH601995,-0.06576727330684662,EXP_LinearModel_Alpha158_csi300_custom_step0_s_20260803_14,dfe7e1fab52a44afbe7825966f5bd16d,0.08,,,
1852,2026-08-03,SH601988,0.0689956322312355,EXP_LinearModel_Alpha158_csi300_custom_step0_s_20260803_14,dfe7e1fab52a44afbe7825966f5bd16d,0.08,,,
1853,2026-08-03,SH605117,0.03761686384677887,EXP_LinearModel_Alpha158_csi300_custom_step0_s_20260803_14,dfe7e1fab52a44afbe7825966f5bd16d,0.08,,,
1854,2026-08-03,SZ001391,0.09427933394908905,EXP_LinearModel_Alpha158_csi300_custom_step0_s_20260803_14,dfe7e1fab52a44afbe7825966f5bd16d,0.08,,,
1855,2026-08-03,SH605499,-0.0637349858880043,EXP_LinearModel_Alpha158_csi300_custom_step0_s_20260803_14,dfe7e1fab52a44afbe7825966f5bd16d,0.08,,,
1856,2026-08-03,SH688009,0.07213800400495529,EXP_LinearModel_Alpha158_csi300_custom_step0_s_20260803_14,dfe7e1fab52a44afbe7825966f5bd16d,0.08,,,
1857,2026-08-03,SH688472,-0.16558943688869476,EXP_LinearModel_Alpha158_csi300_custom_step0_s_20260803_14,dfe7e1fab52a44afbe7825966f5bd16d,0.08,,,
1858,2026-08-03,SH688396,0.22156649827957153,EXP_LinearModel_Alpha158_csi300_custom_step0_s_20260803_14,dfe7e1fab52a44afbe7825966f5bd16d,0.08,,,
1859,2026-08-03,SH688303,-0.04235323891043663,EXP_LinearModel_Alpha158_csi300_custom_step0_s_20260803_14,dfe7e1fab52a44afbe7825966f5bd16d,0.08,,,
1860,2026-08-03,SH688271,0.02892984263598919,EXP_LinearModel_Alpha158_csi300_custom_step0_s_20260803_14,dfe7e1fab52a44afbe7825966f5bd16d,0.08,,,
1861,2026-08-03,SH688256,0.14641714096069336,EXP_LinearModel_Alpha158_csi300_custom_step0_s_20260803_14,dfe7e1fab52a44afbe7825966f5bd16d,0.08,,,
1862,2026-08-03,SH688223,-0.06633315980434418,EXP_LinearModel_Alpha158_csi300_custom_step0_s_20260803_14,dfe7e1fab52a44afbe7825966f5bd16d,0.08,,,
1863,2026-08-03,SH688183,-0.09268330782651901,EXP_LinearModel_Alpha158_csi300_custom_step0_s_20260803_14,dfe7e1fab52a44afbe7825966f5bd16d,0.08,,,
1864,2026-08-03,SH688126,0.08527761697769165,EXP_LinearModel_Alpha158_csi300_custom_step0_s_20260803_14,dfe7e1fab52a44afbe7825966f5bd16d,0.08,,,
1865,2026-08-03,SH688111,-0.011674933135509491,EXP_LinearModel_Alpha158_csi300_custom_step0_s_20260803_14,dfe7e1fab52a44afbe7825966f5bd16d,0.08,,,
1866,2026-08-03,SH688082,0.22041533887386322,EXP_LinearModel_Alpha158_csi300_custom_step0_s_20260803_14,dfe7e1fab52a44afbe7825966f5bd16d,0.08,,,
1867,2026-08-03,SH688072,,EXP_LinearModel_Alpha158_csi300_custom_step0_s_20260803_14,dfe7e1fab52a44afbe7825966f5bd16d,0.08,,,
1868,2026-08-03,SH688047,0.0009496826678514481,EXP_LinearModel_Alpha158_csi300_custom_step0_s_20260803_14,dfe7e1fab52a44afbe7825966f5bd16d,0.08,,,
1869,2026-08-03,SH688041,0.11439333856105804,EXP_LinearModel_Alpha158_csi300_custom_step0_s_20260803_14,dfe7e1fab52a44afbe7825966f5bd16d,0.08,,,
1870,2026-08-03,SH688036,0.04143960773944855,EXP_LinearModel_Alpha158_csi300_custom_step0_s_20260803_14,dfe7e1fab52a44afbe7825966f5bd16d,0.08,,,
1871,2026-08-03,SH688012,0.08292756229639053,EXP_LinearModel_Alpha158_csi300_custom_step0_s_20260803_14,dfe7e1fab52a44afbe7825966f5bd16d,0.08,,,
1872,2026-08-03,SH688008,0.3326523005962372,EXP_LinearModel_Alpha158_csi300_custom_step0_s_20260803_14,dfe7e1fab52a44afbe7825966f5bd16d,0.08,,,
1873,2026-08-03,SH601985,0.06524359434843063,EXP_LinearModel_Alpha158_csi300_custom_step0_s_20260803_14,dfe7e1fab52a44afbe7825966f5bd16d,0.08,,,
1874,2026-08-03,SZ001965,0.04691274091601372,EXP_LinearModel_Alpha158_csi300_custom_step0_s_20260803_14,dfe7e1fab52a44afbe7825966f5bd16d,0.08,,,
1875,2026-08-03,SZ002001,-0.0765051394701004,EXP_LinearModel_Alpha158_csi300_custom_step0_s_20260803_14,dfe7e1fab52a44afbe7825966f5bd16d,0.08,,,
1876,2026-08-03,SZ300413,-0.028657058253884315,EXP_LinearModel_Alpha158_csi300_custom_step0_s_20260803_14,dfe7e1fab52a44afbe7825966f5bd16d,0.08,,,
1877,2026-08-03,SZ300408,0.11000003665685654,EXP_LinearModel_Alpha158_csi300_custom_step0_s_20260803_14,dfe7e1fab52a44afbe7825966f5bd16d,0.08,,,
1878,2026-08-03,SZ300394,0.19044047594070435,EXP_LinearModel_Alpha158_csi300_custom_step0_s_20260803_14,dfe7e1fab52a44afbe7825966f5bd16d,0.08,,,
1879,2026-08-03,SZ300316,0.1562095284461975,EXP_LinearModel_Alpha158_csi300_custom_step0_s_20260803_14,dfe7e1fab52a44afbe7825966f5bd16d,0.08,,,
1880,2026-08-03,SZ300308,0.12576857209205627,EXP_LinearModel_Alpha158_csi300_custom_step0_s_20260803_14,dfe7e1fab52a44afbe7825966f5bd16d,0.08,,,
1881,2026-08-03,SZ300274,0.19252140820026398,EXP_LinearModel_Alpha158_csi300_custom_step0_s_20260803_14,dfe7e1fab52a44afbe7825966f5bd16d,0.08,,,
1882,2026-08-03,SZ300418,0.04721910133957863,EXP_LinearModel_Alpha158_csi300_custom_step0_s_20260803_14,dfe7e1fab52a44afbe7825966f5bd16d,0.08,,,
1883,2026-08-03,SZ300251,-0.06030460447072983,EXP_LinearModel_Alpha158_csi300_custom_step0_s_20260803_14,dfe7e1fab52a44afbe7825966f5bd16d,0.08,,,
1884,2026-08-03,SZ300122,-0.03104478493332863,EXP_LinearModel_Alpha158_csi300_custom_step0_s_20260803_14,dfe7e1fab52a44afbe7825966f5bd16d,0.08,,,
1885,2026-08-03,SZ300059,-0.04607636108994484,EXP_LinearModel_Alpha158_csi300_custom_step0_s_20260803_14,dfe7e1fab52a44afbe7825966f5bd16d,0.08,,,
1886,2026-08-03,SZ300033,0.015550975687801838,EXP_LinearModel_Alpha158_csi300_custom_step0_s_20260803_14,dfe7e1fab52a44afbe7825966f5bd16d,0.08,,,
1887,2026-08-03,SZ300015,0.0557774119079113,EXP_LinearModel_Alpha158_csi300_custom_step0_s_20260803_14,dfe7e1fab52a44afbe7825966f5bd16d,0.08,,,
1888,2026-08-03,SZ300014,0.05079180747270584,EXP_LinearModel_Alpha158_csi300_custom_step0_s_20260803_14,dfe7e1fab52a44afbe7825966f5bd16d,0.08,,,
1889,2026-08-03,SZ003816,0.0016075344756245613,EXP_LinearModel_Alpha158_csi300_custom_step0_s_20260803_14,dfe7e1fab52a44afbe7825966f5bd16d,0.08,,,
1890,2026-08-03,SZ300124,0.015327485278248787,EXP_LinearModel_Alpha158_csi300_custom_step0_s_20260803_14,dfe7e1fab52a44afbe7825966f5bd16d,0.08,,,
1891,2026-08-03,SZ300433,0.3847142159938812,EXP_LinearModel_Alpha158_csi300_custom_step0_s_20260803_14,dfe7e1fab52a44afbe7825966f5bd16d,0.08,,,
1892,2026-08-03,SZ300442,0.10764089971780777,EXP_LinearModel_Alpha158_csi300_custom_step0_s_20260803_14,dfe7e1fab52a44afbe7825966f5bd16d,0.08,,,
1893,2026-08-03,SZ300450,-0.0034256838262081146,EXP_LinearModel_Alpha158_csi300_custom_step0_s_20260803_14,dfe7e1fab52a44afbe7825966f5bd16d,0.08,,,
1894,2026-08-03,SZ301269,-0.05277622863650322,EXP_LinearModel_Alpha158_csi300_custom_step0_s_20260803_14,dfe7e1fab52a44afbe7825966f5bd16d,0.08,,,
1895,2026-08-03,SZ301236,-0.12775351107120514,EXP_LinearModel_Alpha158_csi300_custom_step0_s_20260803_14,dfe7e1fab52a44afbe7825966f5bd16d,0.08,,,
1896,2026-08-03,SZ301165,0.08813898265361786,EXP_LinearModel_Alpha158_csi300_custom_step0_s_20260803_14,dfe7e1fab52a44afbe7825966f5bd16d,0.08,,,
1897,2026-08-03,SZ300999,0.04952162131667137,EXP_LinearModel_Alpha158_csi300_custom_step0_s_20260803_14,dfe7e1fab52a44afbe7825966f5bd16d,0.08,,,
1898,2026-08-03,SZ300896,-0.03868393227458,EXP_LinearModel_Alpha158_csi300_custom_step0_s_20260803_14,dfe7e1fab52a44afbe7825966f5bd16d,0.08,,,
1899,2026-08-03,SZ300866,0.04232344031333923,EXP_LinearModel_Alpha158_csi300_custom_step0_s_20260803_14,dfe7e1fab52a44afbe7825966f5bd16d,0.08,,,
1900,2026-08-03,SZ300832,-0.05725476145744324,EXP_LinearModel_Alpha158_csi300_custom_step0_s_20260803_14,dfe7e1fab52a44afbe7825966f5bd16d,0.08,,,
1901,2026-08-03,SZ300803,0.04091581702232361,EXP_LinearModel_Alpha158_csi300_custom_step0_s_20260803_14,dfe7e1fab52a44afbe7825966f5bd16d,0.08,,,
1902,2026-08-03,SZ300760,0.029155293479561806,EXP_LinearModel_Alpha158_csi300_custom_step0_s_20260803_14,dfe7e1fab52a44afbe7825966f5bd16d,0.08,,,
1903,2026-08-03,SZ300750,0.03907639905810356,EXP_LinearModel_Alpha158_csi300_custom_step0_s_20260803_14,dfe7e1fab52a44afbe7825966f5bd16d,0.08,,,
1904,2026-08-03,SZ300661,0.13023105263710022,EXP_LinearModel_Alpha158_csi300_custom_step0_s_20260803_14,dfe7e1fab52a44afbe7825966f5bd16d,0.08,,,
1905,2026-08-03,SZ300628,-0.09108984470367432,EXP_LinearModel_Alpha158_csi300_custom_step0_s_20260803_14,dfe7e1fab52a44afbe7825966f5bd16d,0.08,,,
1906,2026-08-03,SZ300502,0.020291149616241455,EXP_LinearModel_Alpha158_csi300_custom_step0_s_20260803_14,dfe7e1fab52a44afbe7825966f5bd16d,0.08,,,
1907,2026-08-03,SZ300498,0.08111974596977234,EXP_LinearModel_Alpha158_csi300_custom_step0_s_20260803_14,dfe7e1fab52a44afbe7825966f5bd16d,0.08,,,
1908,2026-08-03,SZ300476,0.4202040731906891,EXP_LinearModel_Alpha158_csi300_custom_step0_s_20260803_14,dfe7e1fab52a44afbe7825966f5bd16d,0.08,,,
1909,2026-08-03,SZ002938,0.14716845750808716,EXP_LinearModel_Alpha158_csi300_custom_step0_s_20260803_14,dfe7e1fab52a44afbe7825966f5bd16d,0.08,,,
1910,2026-08-03,SZ002920,-0.03010285645723343,EXP_LinearModel_Alpha158_csi300_custom_step0_s_20260803_14,dfe7e1fab52a44afbe7825966f5bd16d,0.08,,,
1911,2026-08-03,SZ002916,0.14987744390964508,EXP_LinearModel_Alpha158_csi300_custom_step0_s_20260803_14,dfe7e1fab52a44afbe7825966f5bd16d,0.08,,,
1912,2026-08-03,SZ002837,0.2819841206073761,EXP_LinearModel_Alpha158_csi300_custom_step0_s_20260803_14,dfe7e1fab52a44afbe7825966f5bd16d,0.08,,,
1913,2026-08-03,SZ002353,0.17650191485881805,EXP_LinearModel_Alpha158_csi300_custom_step0_s_20260803_14,dfe7e1fab52a44afbe7825966f5bd16d,0.08,,,
1914,2026-08-03,SZ002352,-0.01274495292454958,EXP_LinearModel_Alpha158_csi300_custom_step0_s_20260803_14,dfe7e1fab52a44afbe7825966f5bd16d,0.08,,,
1915,2026-08-03,SZ002311,0.12435299158096313,EXP_LinearModel_Alpha158_csi300_custom_step0_s_20260803_14,dfe7e1fab52a44afbe7825966f5bd16d,0.08,,,
1916,2026-08-03,SZ002304,-0.01847933419048786,EXP_LinearModel_Alpha158_csi300_custom_step0_s_20260803_14,dfe7e1fab52a44afbe7825966f5bd16d,0.08,,,
1917,2026-08-03,SZ002241,-0.10502903163433075,EXP_LinearModel_Alpha158_csi300_custom_step0_s_20260803_14,dfe7e1fab52a44afbe7825966f5bd16d,0.08,,,
1918,2026-08-03,SZ002236,-0.04983998462557793,EXP_LinearModel_Alpha158_csi300_custom_step0_s_20260803_14,dfe7e1fab52a44afbe7825966f5bd16d,0.08,,,
1919,2026-08-03,SZ002230,-0.049123186618089676,EXP_LinearModel_Alpha158_csi300_custom_step0_s_20260803_14,dfe7e1fab52a44afbe7825966f5bd16d,0.08,,,
1920,2026-08-03,SZ002202,0.08302421867847443,EXP_LinearModel_Alpha158_csi300_custom_step0_s_20260803_14,dfe7e1fab52a44afbe7825966f5bd16d,0.08,,,
1921,2026-08-03,SZ002179,0.05768371373414993,EXP_LinearModel_Alpha158_csi300_custom_step0_s_20260803_14,dfe7e1fab52a44afbe7825966f5bd16d,0.08,,,
1922,2026-08-03,SZ002142,0.024930033832788467,EXP_LinearModel_Alpha158_csi300_custom_step0_s_20260803_14,dfe7e1fab52a44afbe7825966f5bd16d,0.08,,,
1923,2026-08-03,SZ002074,-0.04538362845778465,EXP_LinearModel_Alpha158_csi300_custom_step0_s_20260803_14,dfe7e1fab52a44afbe7825966f5bd16d,0.08,,,
1924,2026-08-03,SZ002050,0.07592357695102692,EXP_LinearModel_Alpha158_csi300_custom_step0_s_20260803_14,dfe7e1fab52a44afbe7825966f5bd16d,0.08,,,
1925,2026-08-03,SZ002049,0.0828825980424881,EXP_LinearModel_Alpha158_csi300_custom_step0_s_20260803_14,dfe7e1fab52a44afbe7825966f5bd16d,0.08,,,
1926,2026-08-03,SZ002028,0.06556659936904907,EXP_LinearModel_Alpha158_csi300_custom_step0_s_20260803_14,dfe7e1fab52a44afbe7825966f5bd16d,0.08,,,
1927,2026-08-03,SZ002027,0.08138763159513474,EXP_LinearModel_Alpha158_csi300_custom_step0_s_20260803_14,dfe7e1fab52a44afbe7825966f5bd16d,0.08,,,
1928,2026-08-03,SZ002371,0.06759779155254364,EXP_LinearModel_Alpha158_csi300_custom_step0_s_20260803_14,dfe7e1fab52a44afbe7825966f5bd16d,0.08,,,
1929,2026-08-03,SZ001979,-0.09163318574428558,EXP_LinearModel_Alpha158_csi300_custom_step0_s_20260803_14,dfe7e1fab52a44afbe7825966f5bd16d,0.08,,,
1930,2026-08-03,SZ002384,0.1683836430311203,EXP_LinearModel_Alpha158_csi300_custom_step0_s_20260803_14,dfe7e1fab52a44afbe7825966f5bd16d,0.08,,,
1931,2026-08-03,SZ002422,0.3280465602874756,EXP_LinearModel_Alpha158_csi300_custom_step0_s_20260803_14,dfe7e1fab52a44afbe7825966f5bd16d,0.08,,,
1932,2026-08-03,SZ002736,0.08506283164024353,EXP_LinearModel_Alpha158_csi300_custom_step0_s_20260803_14,dfe7e1fab52a44afbe7825966f5bd16d,0.08,,,
1933,2026-08-03,SZ002714,-0.014475632458925247,EXP_LinearModel_Alpha158_csi300_custom_step0_s_20260803_14,dfe7e1fab52a44afbe7825966f5bd16d,0.08,,,
1934,2026-08-03,SZ002709,0.18802858889102936,EXP_LinearModel_Alpha158_csi300_custom_step0_s_20260803_14,dfe7e1fab52a44afbe7825966f5bd16d,0.08,,,
1935,2026-08-03,SZ002648,0.004105583764612675,EXP_LinearModel_Alpha158_csi300_custom_step0_s_20260803_14,dfe7e1fab52a44afbe7825966f5bd16d,0.08,,,
1936,2026-08-03,SZ002625,-0.06519438326358795,EXP_LinearModel_Alpha158_csi300_custom_step0_s_20260803_14,dfe7e1fab52a44afbe7825966f5bd16d,0.08,,,
1937,2026-08-03,SZ002602,-0.177620530128479,EXP_LinearModel_Alpha158_csi300_custom_step0_s_20260803_14,dfe7e1fab52a44afbe7825966f5bd16d,0.08,,,
1938,2026-08-03,SZ002600,0.1300596445798874,EXP_LinearModel_Alpha158_csi300_custom_step0_s_20260803_14,dfe7e1fab52a44afbe7825966f5bd16d,0.08,,,
1939,2026-08-03,SZ002594,0.1426689624786377,EXP_LinearModel_Alpha158_csi300_custom_step0_s_20260803_14,dfe7e1fab52a44afbe7825966f5bd16d,0.08,,,
1940,2026-08-03,SZ002558,-0.09633345901966095,EXP_LinearModel_Alpha158_csi300_custom_step0_s_20260803_14,dfe7e1fab52a44afbe7825966f5bd16d,0.08,,,
1941,2026-08-03,SZ002532,0.01271874364465475,EXP_LinearModel_Alpha158_csi300_custom_step0_s_20260803_14,dfe7e1fab52a44afbe7825966f5bd16d,0.08,,,
1942,2026-08-03,SZ002493,-0.0744948610663414,EXP_LinearModel_Alpha158_csi300_custom_step0_s_20260803_14,dfe7e1fab52a44afbe7825966f5bd16d,0.08,,,
1943,2026-08-03,SZ002475,-0.08115232735872269,EXP_LinearModel_Alpha158_csi300_custom_step0_s_20260803_14,dfe7e1fab52a44afbe7825966f5bd16d,0.08,,,
1944,2026-08-03,SZ002466,0.09345507621765137,EXP_LinearModel_Alpha158_csi300_custom_step0_s_20260803_14,dfe7e1fab52a44afbe7825966f5bd16d,0.08,,,
1945,2026-08-03,SZ002463,0.04608462378382683,EXP_LinearModel_Alpha158_csi300_custom_step0_s_20260803_14,dfe7e1fab52a44afbe7825966f5bd16d,0.08,,,
1946,2026-08-03,SZ002460,0.056248851120471954,EXP_LinearModel_Alpha158_csi300_custom_step0_s_20260803_14,dfe7e1fab52a44afbe7825966f5bd16d,0.08,,,
1947,2026-08-03,SZ002415,-0.0366644449532032,EXP_LinearModel_Alpha158_csi300_custom_step0_s_20260803_14,dfe7e1fab52a44afbe7825966f5bd16d,0.08,,,
1948,2026-08-03,SZ301308,0.7549622654914856,EXP_LinearModel_Alpha158_csi300_custom_step0_s_20260803_14,dfe7e1fab52a44afbe7825966f5bd16d,0.08,,,
1949,2026-08-03,SH601939,-0.1062120869755745,EXP_LinearModel_Alpha158_csi300_custom_step0_s_20260803_14,dfe7e1fab52a44afbe7825966f5bd16d,0.08,,,
1950,2026-08-03,SH601916,0.026080815121531487,EXP_LinearModel_Alpha158_csi300_custom_step0_s_20260803_14,dfe7e1fab52a44afbe7825966f5bd16d,0.08,,,
1951,2026-08-03,SH600547,-0.037300169467926025,EXP_LinearModel_Alpha158_csi300_custom_step0_s_20260803_14,dfe7e1fab52a44afbe7825966f5bd16d,0.08,,,
1952,2026-08-03,SH600522,0.5509318709373474,EXP_LinearModel_Alpha158_csi300_custom_step0_s_20260803_14,dfe7e1fab52a44afbe7825966f5bd16d,0.08,,,
1953,2026-08-03,SH600519,0.029843954369425774,EXP_LinearModel_Alpha158_csi300_custom_step0_s_20260803_14,dfe7e1fab52a44afbe7825966f5bd16d,0.08,,,
1954,2026-08-03,SH600515,0.02754875272512436,EXP_LinearModel_Alpha158_csi300_custom_step0_s_20260803_14,dfe7e1fab52a44afbe7825966f5bd16d,0.08,,,
1955,2026-08-03,SH600489,-0.006906814407557249,EXP_LinearModel_Alpha158_csi300_custom_step0_s_20260803_14,dfe7e1fab52a44afbe7825966f5bd16d,0.08,,,
1956,2026-08-03,SH600482,0.0509139783680439,EXP_LinearModel_Alpha158_csi300_custom_step0_s_20260803_14,dfe7e1fab52a44afbe7825966f5bd16d,0.08,,,
1957,2026-08-03,SH600549,0.5308220982551575,EXP_LinearModel_Alpha158_csi300_custom_step0_s_20260803_14,dfe7e1fab52a44afbe7825966f5bd16d,0.08,,,
1958,2026-08-03,SH600460,0.33100777864456177,EXP_LinearModel_Alpha158_csi300_custom_step0_s_20260803_14,dfe7e1fab52a44afbe7825966f5bd16d,0.08,,,
1959,2026-08-03,SH600436,-0.021220102906227112,EXP_LinearModel_Alpha158_csi300_custom_step0_s_20260803_14,dfe7e1fab52a44afbe7825966f5bd16d,0.08,,,
1960,2026-08-03,SH600426,0.04166780039668083,EXP_LinearModel_Alpha158_csi300_custom_step0_s_20260803_14,dfe7e1fab52a44afbe7825966f5bd16d,0.08,,,
1961,2026-08-03,SH600415,-0.10552835464477539,EXP_LinearModel_Alpha158_csi300_custom_step0_s_20260803_14,dfe7e1fab52a44afbe7825966f5bd16d,0.08,,,
1962,2026-08-03,SH600406,0.05924176424741745,EXP_LinearModel_Alpha158_csi300_custom_step0_s_20260803_14,dfe7e1fab52a44afbe7825966f5bd16d,0.08,,,
1963,2026-08-03,SH600372,-9.911879897117615e-05,EXP_LinearModel_Alpha158_csi300_custom_step0_s_20260803_14,dfe7e1fab52a44afbe7825966f5bd16d,0.08,,,
1964,2026-08-03,SH600362,0.07640775293111801,EXP_LinearModel_Alpha158_csi300_custom_step0_s_20260803_14,dfe7e1fab52a44afbe7825966f5bd16d,0.08,,,
1965,2026-08-03,SH600438,-0.08468492329120636,EXP_LinearModel_Alpha158_csi300_custom_step0_s_20260803_14,dfe7e1fab52a44afbe7825966f5bd16d,0.08,,,
1966,2026-08-03,SH600570,-0.02823636308312416,EXP_LinearModel_Alpha158_csi300_custom_step0_s_20260803_14,dfe7e1fab52a44afbe7825966f5bd16d,0.08,,,
1967,2026-08-03,SH600584,0.3011145293712616,EXP_LinearModel_Alpha158_csi300_custom_step0_s_20260803_14,dfe7e1fab52a44afbe7825966f5bd16d,0.08,,,
1968,2026-08-03,SH600585,0.06821110099554062,EXP_LinearModel_Alpha158_csi300_custom_step0_s_20260803_14,dfe7e1fab52a44afbe7825966f5bd16d,0.08,,,
1969,2026-08-03,SH600893,0.015068954788148403,EXP_LinearModel_Alpha158_csi300_custom_step0_s_20260803_14,dfe7e1fab52a44afbe7825966f5bd16d,0.08,,,
1970,2026-08-03,SH600887,0.10830789059400558,EXP_LinearModel_Alpha158_csi300_custom_step0_s_20260803_14,dfe7e1fab52a44afbe7825966f5bd16d,0.08,,,
1971,2026-08-03,SH600886,0.12977463006973267,EXP_LinearModel_Alpha158_csi300_custom_step0_s_20260803_14,dfe7e1fab52a44afbe7825966f5bd16d,0.08,,,
1972,2026-08-03,SH600875,0.08063412457704544,EXP_LinearModel_Alpha158_csi300_custom_step0_s_20260803_14,dfe7e1fab52a44afbe7825966f5bd16d,0.08,,,
1973,2026-08-03,SH600845,-0.003543897531926632,EXP_LinearModel_Alpha158_csi300_custom_step0_s_20260803_14,dfe7e1fab52a44afbe7825966f5bd16d,0.08,,,
1974,2026-08-03,SH600809,-0.004878687206655741,EXP_LinearModel_Alpha158_csi300_custom_step0_s_20260803_14,dfe7e1fab52a44afbe7825966f5bd16d,0.08,,,
1975,2026-08-03,SH600803,-0.03518086299300194,EXP_LinearModel_Alpha158_csi300_custom_step0_s_20260803_14,dfe7e1fab52a44afbe7825966f5bd16d,0.08,,,
1976,2026-08-03,SH600795,0.024937424808740616,EXP_LinearModel_Alpha158_csi300_custom_step0_s_20260803_14,dfe7e1fab52a44afbe7825966f5bd16d,0.08,,,
1977,2026-08-03,SH600760,0.1331959366798401,EXP_LinearModel_Alpha158_csi300_custom_step0_s_20260803_14,dfe7e1fab52a44afbe7825966f5bd16d,0.08,,,
1978,2026-08-03,SH600741,0.09905736893415451,EXP_LinearModel_Alpha158_csi300_custom_step0_s_20260803_14,dfe7e1fab52a44afbe7825966f5bd16d,0.08,,,
1979,2026-08-03,SH600690,0.031011922284960747,EXP_LinearModel_Alpha158_csi300_custom_step0_s_20260803_14,dfe7e1fab52a44afbe7825966f5bd16d,0.08,,,
1980,2026-08-03,SH600674,0.15677233040332794,EXP_LinearModel_Alpha158_csi300_custom_step0_s_20260803_14,dfe7e1fab52a44afbe7825966f5bd16d,0.08,,,
1981,2026-08-03,SH600660,0.019327500835061073,EXP_LinearModel_Alpha158_csi300_custom_step0_s_20260803_14,dfe7e1fab52a44afbe7825966f5bd16d,0.08,,,
1982,2026-08-03,SH600600,-0.03455652669072151,EXP_LinearModel_Alpha158_csi300_custom_step0_s_20260803_14,dfe7e1fab52a44afbe7825966f5bd16d,0.08,,,
1983,2026-08-03,SH600588,0.008323132991790771,EXP_LinearModel_Alpha158_csi300_custom_step0_s_20260803_14,dfe7e1fab52a44afbe7825966f5bd16d,0.08,,,
1984,2026-08-03,SH600346,-0.03331699222326279,EXP_LinearModel_Alpha158_csi300_custom_step0_s_20260803_14,dfe7e1fab52a44afbe7825966f5bd16d,0.08,,,
1985,2026-08-03,SH600309,-0.041788846254348755,EXP_LinearModel_Alpha158_csi300_custom_step0_s_20260803_14,dfe7e1fab52a44afbe7825966f5bd16d,0.08,,,
1986,2026-08-03,SH600276,-0.0074921706691384315,EXP_LinearModel_Alpha158_csi300_custom_step0_s_20260803_14,dfe7e1fab52a44afbe7825966f5bd16d,0.08,,,
1987,2026-08-03,SH600233,0.007994886487722397,EXP_LinearModel_Alpha158_csi300_custom_step0_s_20260803_14,dfe7e1fab52a44afbe7825966f5bd16d,0.08,,,
1988,2026-08-03,SH600036,0.09093517065048218,EXP_LinearModel_Alpha158_csi300_custom_step0_s_20260803_14,dfe7e1fab52a44afbe7825966f5bd16d,0.08,,,
1989,2026-08-03,SH600031,0.0389740876853466,EXP_LinearModel_Alpha158_csi300_custom_step0_s_20260803_14,dfe7e1fab52a44afbe7825966f5bd16d,0.08,,,
1990,2026-08-03,SH600030,0.03723021596670151,EXP_LinearModel_Alpha158_csi300_custom_step0_s_20260803_14,dfe7e1fab52a44afbe7825966f5bd16d,0.08,,,
1991,2026-08-03,SH600029,0.01233668439090252,EXP_LinearModel_Alpha158_csi300_custom_step0_s_20260803_14,dfe7e1fab52a44afbe7825966f5bd16d,0.08,,,
1992,2026-08-03,SH600028,0.0663890540599823,EXP_LinearModel_Alpha158_csi300_custom_step0_s_20260803_14,dfe7e1fab52a44afbe7825966f5bd16d,0.08,,,
1993,2026-08-03,SH600027,0.05273168906569481,EXP_LinearModel_Alpha158_csi300_custom_step0_s_20260803_14,dfe7e1fab52a44afbe7825966f5bd16d,0.08,,,
1994,2026-08-03,SH600026,-0.03374724090099335,EXP_LinearModel_Alpha158_csi300_custom_step0_s_20260803_14,dfe7e1fab52a44afbe7825966f5bd16d,0.08,,,
1995,2026-08-03,SH600025,0.10860887169837952,EXP_LinearModel_Alpha158_csi300_custom_step0_s_20260803_14,dfe7e1fab52a44afbe7825966f5bd16d,0.08,,,
1996,2026-08-03,SH600023,0.03378791734576225,EXP_LinearModel_Alpha158_csi300_custom_step0_s_20260803_14,dfe7e1fab52a44afbe7825966f5bd16d,0.08,,,
1997,2026-08-03,SH600019,0.04664326459169388,EXP_LinearModel_Alpha158_csi300_custom_step0_s_20260803_14,dfe7e1fab52a44afbe7825966f5bd16d,0.08,,,
1998,2026-08-03,SH600018,0.08355733752250671,EXP_LinearModel_Alpha158_csi300_custom_step0_s_20260803_14,dfe7e1fab52a44afbe7825966f5bd16d,0.08,,,
1999,2026-08-03,SH600016,0.013382093980908394,EXP_LinearModel_Alpha158_csi300_custom_step0_s_20260803_14,dfe7e1fab52a44afbe7825966f5bd16d,0.08,,,
2000,2026-08-03,SH600015,0.0540098212659359,EXP_LinearModel_Alpha158_csi300_custom_step0_s_20260803_14,dfe7e1fab52a44afbe7825966f5bd16d,0.08,,,
2001,2026-08-03,SH600011,-0.027262888848781586,EXP_LinearModel_Alpha158_csi300_custom_step0_s_20260803_14,dfe7e1fab52a44afbe7825966f5bd16d,0.08,,,
2002,2026-08-03,SH600010,0.029576634988188744,EXP_LinearModel_Alpha158_csi300_custom_step0_s_20260803_14,dfe7e1fab52a44afbe7825966f5bd16d,0.08,,,
2003,2026-08-03,SH600039,0.12326817214488983,EXP_LinearModel_Alpha158_csi300_custom_step0_s_20260803_14,dfe7e1fab52a44afbe7825966f5bd16d,0.08,,,
2004,2026-08-03,SH600900,0.1356629878282547,EXP_LinearModel_Alpha158_csi300_custom_step0_s_20260803_14,dfe7e1fab52a44afbe7825966f5bd16d,0.08,,,
2005,2026-08-03,SH600048,-0.05351616442203522,EXP_LinearModel_Alpha158_csi300_custom_step0_s_20260803_14,dfe7e1fab52a44afbe7825966f5bd16d,0.08,,,
2006,2026-08-03,SH600061,0.02829277142882347,EXP_LinearModel_Alpha158_csi300_custom_step0_s_20260803_14,dfe7e1fab52a44afbe7825966f5bd16d,0.08,,,
2007,2026-08-03,SH600221,0.11286222189664841,EXP_LinearModel_Alpha158_csi300_custom_step0_s_20260803_14,dfe7e1fab52a44afbe7825966f5bd16d,0.08,,,
2008,2026-08-03,SH600219,-0.026795273646712303,EXP_LinearModel_Alpha158_csi300_custom_step0_s_20260803_14,dfe7e1fab52a44afbe7825966f5bd16d,0.08,,,
2009,2026-08-03,SH600196,0.036046840250492096,EXP_LinearModel_Alpha158_csi300_custom_step0_s_20260803_14,dfe7e1fab52a44afbe7825966f5bd16d,0.08,,,
2010,2026-08-03,SH600188,-0.02793158032000065,EXP_LinearModel_Alpha158_csi300_custom_step0_s_20260803_14,dfe7e1fab52a44afbe7825966f5bd16d,0.08,,,
2011,2026-08-03,SH600183,0.2952522039413452,EXP_LinearModel_Alpha158_csi300_custom_step0_s_20260803_14,dfe7e1fab52a44afbe7825966f5bd16d,0.08,,,
2012,2026-08-03,SH600176,0.4108836352825165,EXP_LinearModel_Alpha158_csi300_custom_step0_s_20260803_14,dfe7e1fab52a44afbe7825966f5bd16d,0.08,,,
2013,2026-08-03,SH600160,0.0035843919031322002,EXP_LinearModel_Alpha158_csi300_custom_step0_s_20260803_14,dfe7e1fab52a44afbe7825966f5bd16d,0.08,,,
2014,2026-08-03,SH600150,-0.05203564092516899,EXP_LinearModel_Alpha158_csi300_custom_step0_s_20260803_14,dfe7e1fab52a44afbe7825966f5bd16d,0.08,,,
2015,2026-08-03,SH600118,-0.0742260292172432,EXP_LinearModel_Alpha158_csi300_custom_step0_s_20260803_14,dfe7e1fab52a44afbe7825966f5bd16d,0.08,,,
2016,2026-08-03,SH600115,-0.032501764595508575,EXP_LinearModel_Alpha158_csi300_custom_step0_s_20260803_14,dfe7e1fab52a44afbe7825966f5bd16d,0.08,,,
2017,2026-08-03,SH600111,0.16107606887817383,EXP_LinearModel_Alpha158_csi300_custom_step0_s_20260803_14,dfe7e1fab52a44afbe7825966f5bd16d,0.08,,,
2018,2026-08-03,SH600104,-0.05263474956154823,EXP_LinearModel_Alpha158_csi300_custom_step0_s_20260803_14,dfe7e1fab52a44afbe7825966f5bd16d,0.08,,,
2019,2026-08-03,SH600089,0.06453471630811691,EXP_LinearModel_Alpha158_csi300_custom_step0_s_20260803_14,dfe7e1fab52a44afbe7825966f5bd16d,0.08,,,
2020,2026-08-03,SH600085,0.06992048770189285,EXP_LinearModel_Alpha158_csi300_custom_step0_s_20260803_14,dfe7e1fab52a44afbe7825966f5bd16d,0.08,,,
2021,2026-08-03,SH600066,0.08648128062486649,EXP_LinearModel_Alpha158_csi300_custom_step0_s_20260803_14,dfe7e1fab52a44afbe7825966f5bd16d,0.08,,,
2022,2026-08-03,SH600050,0.10259050130844116,EXP_LinearModel_Alpha158_csi300_custom_step0_s_20260803_14,dfe7e1fab52a44afbe7825966f5bd16d,0.08,,,
2023,2026-08-03,SH601919,0.09268264472484589,EXP_LinearModel_Alpha158_csi300_custom_step0_s_20260803_14,dfe7e1fab52a44afbe7825966f5bd16d,0.08,,,
2024,2026-08-03,SH600905,0.08563601225614548,EXP_LinearModel_Alpha158_csi300_custom_step0_s_20260803_14,dfe7e1fab52a44afbe7825966f5bd16d,0.08,,,
2025,2026-08-03,SH600919,0.06180746108293533,EXP_LinearModel_Alpha158_csi300_custom_step0_s_20260803_14,dfe7e1fab52a44afbe7825966f5bd16d,0.08,,,
2026,2026-08-03,SH601698,0.003530208021402359,EXP_LinearModel_Alpha158_csi300_custom_step0_s_20260803_14,dfe7e1fab52a44afbe7825966f5bd16d,0.08,,,
2027,2026-08-03,SH601689,0.07904213666915894,EXP_LinearModel_Alpha158_csi300_custom_step0_s_20260803_14,dfe7e1fab52a44afbe7825966f5bd16d,0.08,,,
2028,2026-08-03,SH601688,0.08229159563779831,EXP_LinearModel_Alpha158_csi300_custom_step0_s_20260803_14,dfe7e1fab52a44afbe7825966f5bd16d,0.08,,,
2029,2026-08-03,SH601669,0.10607989877462387,EXP_LinearModel_Alpha158_csi300_custom_step0_s_20260803_14,dfe7e1fab52a44afbe7825966f5bd16d,0.08,,,
2030,2026-08-03,SH601668,0.2191029042005539,EXP_LinearModel_Alpha158_csi300_custom_step0_s_20260803_14,dfe7e1fab52a44afbe7825966f5bd16d,0.08,,,
2031,2026-08-03,SH601658,0.08471132814884186,EXP_LinearModel_Alpha158_csi300_custom_step0_s_20260803_14,dfe7e1fab52a44afbe7825966f5bd16d,0.08,,,
2032,2026-08-03,SH601727,-0.04032117500901222,EXP_LinearModel_Alpha158_csi300_custom_step0_s_20260803_14,dfe7e1fab52a44afbe7825966f5bd16d,0.08,,,
2033,2026-08-03,SH601633,0.07747435569763184,EXP_LinearModel_Alpha158_csi300_custom_step0_s_20260803_14,dfe7e1fab52a44afbe7825966f5bd16d,0.08,,,
2034,2026-08-03,SH601618,0.07514982670545578,EXP_LinearModel_Alpha158_csi300_custom_step0_s_20260803_14,dfe7e1fab52a44afbe7825966f5bd16d,0.08,,,
2035,2026-08-03,SH601607,0.04696604236960411,EXP_LinearModel_Alpha158_csi300_custom_step0_s_20260803_14,dfe7e1fab52a44afbe7825966f5bd16d,0.08,,,
2036,2026-08-03,SH601601,0.03919590637087822,EXP_LinearModel_Alpha158_csi300_custom_step0_s_20260803_14,dfe7e1fab52a44afbe7825966f5bd16d,0.08,,,
2037,2026-08-03,SH601600,0.011146079748868942,EXP_LinearModel_Alpha158_csi300_custom_step0_s_20260803_14,dfe7e1fab52a44afbe7825966f5bd16d,0.08,,,
2038,2026-08-03,SH601456,0.03924667462706566,EXP_LinearModel_Alpha158_csi300_custom_step0_s_20260803_14,dfe7e1fab52a44afbe7825966f5bd16d,0.08,,,
2039,2026-08-03,SH601398,-0.0461440235376358,EXP_LinearModel_Alpha158_csi300_custom_step0_s_20260803_14,dfe7e1fab52a44afbe7825966f5bd16d,0.08,,,
2040,2026-08-03,SH601628,0.02952536568045616,EXP_LinearModel_Alpha158_csi300_custom_step0_s_20260803_14,dfe7e1fab52a44afbe7825966f5bd16d,0.08,,,
2041,2026-08-03,SH601728,0.08016011863946915,EXP_LinearModel_Alpha158_csi300_custom_step0_s_20260803_14,dfe7e1fab52a44afbe7825966f5bd16d,0.08,,,
2042,2026-08-03,SH601766,0.07826054841279984,EXP_LinearModel_Alpha158_csi300_custom_step0_s_20260803_14,dfe7e1fab52a44afbe7825966f5bd16d,0.08,,,
2043,2026-08-03,SH601788,-0.021070213988423347,EXP_LinearModel_Alpha158_csi300_custom_step0_s_20260803_14,dfe7e1fab52a44afbe7825966f5bd16d,0.08,,,
2044,2026-08-03,SH601901,-0.028709394857287407,EXP_LinearModel_Alpha158_csi300_custom_step0_s_20260803_14,dfe7e1fab52a44afbe7825966f5bd16d,0.08,,,
2045,2026-08-03,SH601899,0.0031777559779584408,EXP_LinearModel_Alpha158_csi300_custom_step0_s_20260803_14,dfe7e1fab52a44afbe7825966f5bd16d,0.08,,,
2046,2026-08-03,SH601898,0.01456871535629034,EXP_LinearModel_Alpha158_csi300_custom_step0_s_20260803_14,dfe7e1fab52a44afbe7825966f5bd16d,0.08,,,
2047,2026-08-03,SH601888,-0.06894592195749283,EXP_LinearModel_Alpha158_csi300_custom_step0_s_20260803_14,dfe7e1fab52a44afbe7825966f5bd16d,0.08,,,
2048,2026-08-03,SH601881,0.030674591660499573,EXP_LinearModel_Alpha158_csi300_custom_step0_s_20260803_14,dfe7e1fab52a44afbe7825966f5bd16d,0.08,,,
2049,2026-08-03,SH601878,0.05603739246726036,EXP_LinearModel_Alpha158_csi300_custom_step0_s_20260803_14,dfe7e1fab52a44afbe7825966f5bd16d,0.08,,,
2050,2026-08-03,SH601877,-0.012335431762039661,EXP_LinearModel_Alpha158_csi300_custom_step0_s_20260803_14,dfe7e1fab52a44afbe7825966f5bd16d,0.08,,,
2051,2026-08-03,SH601872,0.0488739088177681,EXP_LinearModel_Alpha158_csi300_custom_step0_s_20260803_14,dfe7e1fab52a44afbe7825966f5bd16d,0.08,,,
2052,2026-08-03,SH601868,0.11938299983739853,EXP_LinearModel_Alpha158_csi300_custom_step0_s_20260803_14,dfe7e1fab52a44afbe7825966f5bd16d,0.08,,,
2053,2026-08-03,SH601857,0.20420914888381958,EXP_LinearModel_Alpha158_csi300_custom_step0_s_20260803_14,dfe7e1fab52a44afbe7825966f5bd16d,0.08,,,
2054,2026-08-03,SH601838,0.04066593945026398,EXP_LinearModel_Alpha158_csi300_custom_step0_s_20260803_14,dfe7e1fab52a44afbe7825966f5bd16d,0.08,,,
2055,2026-08-03,SH601825,-0.09004037827253342,EXP_LinearModel_Alpha158_csi300_custom_step0_s_20260803_14,dfe7e1fab52a44afbe7825966f5bd16d,0.08,,,
2056,2026-08-03,SH601818,0.025837788358330727,EXP_LinearModel_Alpha158_csi300_custom_step0_s_20260803_14,dfe7e1fab52a44afbe7825966f5bd16d,0.08,,,
2057,2026-08-03,SH601816,0.062157079577445984,EXP_LinearModel_Alpha158_csi300_custom_step0_s_20260803_14,dfe7e1fab52a44afbe7825966f5bd16d,0.08,,,
2058,2026-08-03,SH601800,0.03973867744207382,EXP_LinearModel_Alpha158_csi300_custom_step0_s_20260803_14,dfe7e1fab52a44afbe7825966f5bd16d,0.08,,,
2059,2026-08-03,SH601390,0.06879179924726486,EXP_LinearModel_Alpha158_csi300_custom_step0_s_20260803_14,dfe7e1fab52a44afbe7825966f5bd16d,0.08,,,
2060,2026-08-03,SH601377,0.0975712463259697,EXP_LinearModel_Alpha158_csi300_custom_step0_s_20260803_14,dfe7e1fab52a44afbe7825966f5bd16d,0.08,,,
2061,2026-08-03,SH601360,-0.018244165927171707,EXP_LinearModel_Alpha158_csi300_custom_step0_s_20260803_14,dfe7e1fab52a44afbe7825966f5bd16d,0.08,,,
2062,2026-08-03,SH601336,0.02169552631676197,EXP_LinearModel_Alpha158_csi300_custom_step0_s_20260803_14,dfe7e1fab52a44afbe7825966f5bd16d,0.08,,,
2063,2026-08-03,SH601066,-0.09493803232908249,EXP_LinearModel_Alpha158_csi300_custom_step0_s_20260803_14,dfe7e1fab52a44afbe7825966f5bd16d,0.08,,,
2064,2026-08-03,SH601059,0.0017462557880207896,EXP_LinearModel_Alpha158_csi300_custom_step0_s_20260803_14,dfe7e1fab52a44afbe7825966f5bd16d,0.08,,,
2065,2026-08-03,SH601058,0.10912621021270752,EXP_LinearModel_Alpha158_csi300_custom_step0_s_20260803_14,dfe7e1fab52a44afbe7825966f5bd16d,0.08,,,
2066,2026-08-03,SH601021,0.048662219196558,EXP_LinearModel_Alpha158_csi300_custom_step0_s_20260803_14,dfe7e1fab52a44afbe7825966f5bd16d,0.08,,,
2067,2026-08-03,SH601018,0.08867853134870529,EXP_LinearModel_Alpha158_csi300_custom_step0_s_20260803_14,dfe7e1fab52a44afbe7825966f5bd16d,0.08,,,
2068,2026-08-03,SH601012,-0.050723761320114136,EXP_LinearModel_Alpha158_csi300_custom_step0_s_20260803_14,dfe7e1fab52a44afbe7825966f5bd16d,0.08,,,
2069,2026-08-03,SH601009,-0.000771429855376482,EXP_LinearModel_Alpha158_csi300_custom_step0_s_20260803_14,dfe7e1fab52a44afbe7825966f5bd16d,0.08,,,
2070,2026-08-03,SH601006,0.10387768596410751,EXP_LinearModel_Alpha158_csi300_custom_step0_s_20260803_14,dfe7e1fab52a44afbe7825966f5bd16d,0.08,,,
2071,2026-08-03,SH600999,-0.013311050832271576,EXP_LinearModel_Alpha158_csi300_custom_step0_s_20260803_14,dfe7e1fab52a44afbe7825966f5bd16d,0.08,,,
2072,2026-08-03,SH600989,0.09136427193880081,EXP_LinearModel_Alpha158_csi300_custom_step0_s_20260803_14,dfe7e1fab52a44afbe7825966f5bd16d,0.08,,,
2073,2026-08-03,SH600958,0.008761188946664333,EXP_LinearModel_Alpha158_csi300_custom_step0_s_20260803_14,dfe7e1fab52a44afbe7825966f5bd16d,0.08,,,
2074,2026-08-03,SH600941,0.04705742374062538,EXP_LinearModel_Alpha158_csi300_custom_step0_s_20260803_14,dfe7e1fab52a44afbe7825966f5bd16d,0.08,,,
2075,2026-08-03,SH600938,0.07849670946598053,EXP_LinearModel_Alpha158_csi300_custom_step0_s_20260803_14,dfe7e1fab52a44afbe7825966f5bd16d,0.08,,,
2076,2026-08-03,SH600930,0.04490981623530388,EXP_LinearModel_Alpha158_csi300_custom_step0_s_20260803_14,dfe7e1fab52a44afbe7825966f5bd16d,0.08,,,
2077,2026-08-03,SH600926,0.050434134900569916,EXP_LinearModel_Alpha158_csi300_custom_step0_s_20260803_14,dfe7e1fab52a44afbe7825966f5bd16d,0.08,,,
2078,2026-08-03,SH601077,0.05430549383163452,EXP_LinearModel_Alpha158_csi300_custom_step0_s_20260803_14,dfe7e1fab52a44afbe7825966f5bd16d,0.08,,,
2079,2026-08-03,SH600918,0.017940253019332886,EXP_LinearModel_Alpha158_csi300_custom_step0_s_20260803_14,dfe7e1fab52a44afbe7825966f5bd16d,0.08,,,
2080,2026-08-03,SH601088,-0.008894707076251507,EXP_LinearModel_Alpha158_csi300_custom_step0_s_20260803_14,dfe7e1fab52a44afbe7825966f5bd16d,0.08,,,
2081,2026-08-03,SH601111,0.0020431187003850937,EXP_LinearModel_Alpha158_csi300_custom_step0_s_20260803_14,dfe7e1fab52a44afbe7825966f5bd16d,0.08,,,
2082,2026-08-03,SH601328,0.032765746116638184,EXP_LinearModel_Alpha158_csi300_custom_step0_s_20260803_14,dfe7e1fab52a44afbe7825966f5bd16d,0.08,,,
2083,2026-08-03,SH601319,0.0943714827299118,EXP_LinearModel_Alpha158_csi300_custom_step0_s_20260803_14,dfe7e1fab52a44afbe7825966f5bd16d,0.08,,,
2084,2026-08-03,SH601318,0.11498643457889557,EXP_LinearModel_Alpha158_csi300_custom_step0_s_20260803_14,dfe7e1fab52a44afbe7825966f5bd16d,0.08,,,
2085,2026-08-03,SH601288,0.02521112747490406,EXP_LinearModel_Alpha158_csi300_custom_step0_s_20260803_14,dfe7e1fab52a44afbe7825966f5bd16d,0.08,,,
2086,2026-08-03,SH601238,-0.14029426872730255,EXP_LinearModel_Alpha158_csi300_custom_step0_s_20260803_14,dfe7e1fab52a44afbe7825966f5bd16d,0.08,,,
2087,2026-08-03,SH601229,0.03832190856337547,EXP_LinearModel_Alpha158_csi300_custom_step0_s_20260803_14,dfe7e1fab52a44afbe7825966f5bd16d,0.08,,,
2088,2026-08-03,SH601225,0.17780080437660217,EXP_LinearModel_Alpha158_csi300_custom_step0_s_20260803_14,dfe7e1fab52a44afbe7825966f5bd16d,0.08,,,
2089,2026-08-03,SH601211,0.023977212607860565,EXP_LinearModel_Alpha158_csi300_custom_step0_s_20260803_14,dfe7e1fab52a44afbe7825966f5bd16d,0.08,,,
2090,2026-08-03,SH601186,0.07296767085790634,EXP_LinearModel_Alpha158_csi300_custom_step0_s_20260803_14,dfe7e1fab52a44afbe7825966f5bd16d,0.08,,,
2091,2026-08-03,SH601169,0.021491196006536484,EXP_LinearModel_Alpha158_csi300_custom_step0_s_20260803_14,dfe7e1fab52a44afbe7825966f5bd16d,0.08,,,
2092,2026-08-03,SH601166,0.033588018268346786,EXP_LinearModel_Alpha158_csi300_custom_step0_s_20260803_14,dfe7e1fab52a44afbe7825966f5bd16d,0.08,,,
2093,2026-08-03,SH601138,0.05960146337747574,EXP_LinearModel_Alpha158_csi300_custom_step0_s_20260803_14,dfe7e1fab52a44afbe7825966f5bd16d,0.08,,,
2094,2026-08-03,SH601136,-0.0038639679551124573,EXP_LinearModel_Alpha158_csi300_custom_step0_s_20260803_14,dfe7e1fab52a44afbe7825966f5bd16d,0.08,,,
2095,2026-08-03,SH601127,-0.19549164175987244,EXP_LinearModel_Alpha158_csi300_custom_step0_s_20260803_14,dfe7e1fab52a44afbe7825966f5bd16d,0.08,,,
2096,2026-08-03,SH601117,0.08380437642335892,EXP_LinearModel_Alpha158_csi300_custom_step0_s_20260803_14,dfe7e1fab52a44afbe7825966f5bd16d,0.08,,,
2097,2026-08-03,SH601100,0.12204612791538239,EXP_LinearModel_Alpha158_csi300_custom_step0_s_20260803_14,dfe7e1fab52a44afbe7825966f5bd16d,0.08,,,
2098,2026-08-03,SZ302132,0.07217387855052948,EXP_LinearModel_Alpha158_csi300_custom_step0_s_20260803_14,98f47d3ebed349d4a6145d845772b375,0.009,,,
2099,2026-08-03,SZ302132,0.03046564757823944,EXP_LinearModel_Alpha158_csi300_custom_step0_s_20260803_14,dfe7e1fab52a44afbe7825966f5bd16d,0.08,,,
2100,2026-08-03,SH600009,0.009782996959984303,EXP_LinearModel_Alpha158_csi300_custom_step0_s_20260803_14,98f47d3ebed349d4a6145d845772b375,0.009,,,
2101,2026-08-03,SZ000617,-0.021780285984277725,EXP_LinearModel_Alpha158_csi300_custom_step0_s_20260803_14,98f47d3ebed349d4a6145d845772b375,0.009,,,
2102,2026-08-03,SZ000596,-0.06410708278417587,EXP_LinearModel_Alpha158_csi300_custom_step0_s_20260803_14,98f47d3ebed349d4a6145d845772b375,0.009,,,
2103,2026-08-03,SZ000568,-0.07617571204900742,EXP_LinearModel_Alpha158_csi300_custom_step0_s_20260803_14,98f47d3ebed349d4a6145d845772b375,0.009,,,
2104,2026-08-03,SZ000538,0.044461123645305634,EXP_LinearModel_Alpha158_csi300_custom_step0_s_20260803_14,98f47d3ebed349d4a6145d845772b375,0.009,,,
2105,2026-08-03,SZ000425,0.013423421420156956,EXP_LinearModel_Alpha158_csi300_custom_step0_s_20260803_14,98f47d3ebed349d4a6145d845772b375,0.009,,,
2106,2026-08-03,SZ000408,0.052210960537195206,EXP_LinearModel_Alpha158_csi300_custom_step0_s_20260803_14,98f47d3ebed349d4a6145d845772b375,0.009,,,
2107,2026-08-03,SZ000625,-0.044704459607601166,EXP_LinearModel_Alpha158_csi300_custom_step0_s_20260803_14,98f47d3ebed349d4a6145d845772b375,0.009,,,
2108,2026-08-03,SZ000338,0.20270408689975739,EXP_LinearModel_Alpha158_csi300_custom_step0_s_20260803_14,98f47d3ebed349d4a6145d845772b375,0.009,,,
2109,2026-08-03,SZ000301,-0.113263338804245,EXP_LinearModel_Alpha158_csi300_custom_step0_s_20260803_14,98f47d3ebed349d4a6145d845772b375,0.009,,,
2110,2026-08-03,SZ000166,0.03546736389398575,EXP_LinearModel_Alpha158_csi300_custom_step0_s_20260803_14,98f47d3ebed349d4a6145d845772b375,0.009,,,
2111,2026-08-03,SZ000157,0.17017802596092224,EXP_LinearModel_Alpha158_csi300_custom_step0_s_20260803_14,98f47d3ebed349d4a6145d845772b375,0.009,,,
2112,2026-08-03,SZ000100,0.018559765070676804,EXP_LinearModel_Alpha158_csi300_custom_step0_s_20260803_14,98f47d3ebed349d4a6145d845772b375,0.009,,,
2113,2026-08-03,SZ000063,0.08608241379261017,EXP_LinearModel_Alpha158_csi300_custom_step0_s_20260803_14,98f47d3ebed349d4a6145d845772b375,0.009,,,
2114,2026-08-03,SZ000002,-0.1216859295964241,EXP_LinearModel_Alpha158_csi300_custom_step0_s_20260803_14,98f47d3ebed349d4a6145d845772b375,0.009,,,
2115,2026-08-03,SZ000333,0.1312848925590515,EXP_LinearModel_Alpha158_csi300_custom_step0_s_20260803_14,98f47d3ebed349d4a6145d845772b375,0.009,,,
2116,2026-08-03,SZ000630,0.08963280916213989,EXP_LinearModel_Alpha158_csi300_custom_step0_s_20260803_14,98f47d3ebed349d4a6145d845772b375,0.009,,,
2117,2026-08-03,SZ000651,0.03396552801132202,EXP_LinearModel_Alpha158_csi300_custom_step0_s_20260803_14,98f47d3ebed349d4a6145d845772b375,0.009,,,
2118,2026-08-03,SZ000657,1.1431435346603394,EXP_LinearModel_Alpha158_csi300_custom_step0_s_20260803_14,98f47d3ebed349d4a6145d845772b375,0.009,,,
2119,2026-08-03,SZ001280,0.16243447363376617,EXP_LinearModel_Alpha158_csi300_custom_step0_s_20260803_14,98f47d3ebed349d4a6145d845772b375,0.009,,,
2120,2026-08-03,SZ000999,0.0052939048036932945,EXP_LinearModel_Alpha158_csi300_custom_step0_s_20260803_14,98f47d3ebed349d4a6145d845772b375,0.009,,,
2121,2026-08-03,SZ000988,0.9251400232315063,EXP_LinearModel_Alpha158_csi300_custom_step0_s_20260803_14,98f47d3ebed349d4a6145d845772b375,0.009,,,
2122,2026-08-03,SZ000977,0.28104254603385925,EXP_LinearModel_Alpha158_csi300_custom_step0_s_20260803_14,98f47d3ebed349d4a6145d845772b375,0.009,,,
2123,2026-08-03,SZ000975,0.06922245025634766,EXP_LinearModel_Alpha158_csi300_custom_step0_s_20260803_14,98f47d3ebed349d4a6145d845772b375,0.009,,,
2124,2026-08-03,SZ000963,-0.09618888050317764,EXP_LinearModel_Alpha158_csi300_custom_step0_s_20260803_14,98f47d3ebed349d4a6145d845772b375,0.009,,,
2125,2026-08-03,SZ000938,0.7355982661247253,EXP_LinearModel_Alpha158_csi300_custom_step0_s_20260803_14,98f47d3ebed349d4a6145d845772b375,0.009,,,
2126,2026-08-03,SZ000895,0.06295047700405121,EXP_LinearModel_Alpha158_csi300_custom_step0_s_20260803_14,98f47d3ebed349d4a6145d845772b375,0.009,,,
2127,2026-08-03,SZ000858,-0.06992260366678238,EXP_LinearModel_Alpha158_csi300_custom_step0_s_20260803_14,98f47d3ebed349d4a6145d845772b375,0.009,,,
2128,2026-08-03,SZ000807,0.07196461409330368,EXP_LinearModel_Alpha158_csi300_custom_step0_s_20260803_14,98f47d3ebed349d4a6145d845772b375,0.009,,,
2129,2026-08-03,SZ000792,0.05057980492711067,EXP_LinearModel_Alpha158_csi300_custom_step0_s_20260803_14,98f47d3ebed349d4a6145d845772b375,0.009,,,
2130,2026-08-03,SZ000776,-0.010587059892714024,EXP_LinearModel_Alpha158_csi300_custom_step0_s_20260803_14,98f47d3ebed349d4a6145d845772b375,0.009,,,
2131,2026-08-03,SZ000768,0.05497986078262329,EXP_LinearModel_Alpha158_csi300_custom_step0_s_20260803_14,98f47d3ebed349d4a6145d845772b375,0.009,,,
2132,2026-08-03,SZ000725,0.18491415679454803,EXP_LinearModel_Alpha158_csi300_custom_step0_s_20260803_14,98f47d3ebed349d4a6145d845772b375,0.009,,,
2133,2026-08-03,SZ000708,0.10076314955949783,EXP_LinearModel_Alpha158_csi300_custom_step0_s_20260803_14,98f47d3ebed349d4a6145d845772b375,0.009,,,
2134,2026-08-03,SZ000001,-0.07566674798727036,EXP_LinearModel_Alpha158_csi300_custom_step0_s_20260803_14,98f47d3ebed349d4a6145d845772b375,0.009,,,
2135,2026-08-03,SH688981,0.34265393018722534,EXP_LinearModel_Alpha158_csi300_custom_step0_s_20260803_14,98f47d3ebed349d4a6145d845772b375,0.009,,,
2136,2026-08-03,SH688521,0.7010930776596069,EXP_LinearModel_Alpha158_csi300_custom_step0_s_20260803_14,98f47d3ebed349d4a6145d845772b375,0.009,,,
2137,2026-08-03,SH688506,-0.01817953959107399,EXP_LinearModel_Alpha158_csi300_custom_step0_s_20260803_14,98f47d3ebed349d4a6145d845772b375,0.009,,,
2138,2026-08-03,SH603993,0.00414988212287426,EXP_LinearModel_Alpha158_csi300_custom_step0_s_20260803_14,98f47d3ebed349d4a6145d845772b375,0.009,,,
2139,2026-08-03,SH603986,1.079836368560791,EXP_LinearModel_Alpha158_csi300_custom_step0_s_20260803_14,98f47d3ebed349d4a6145d845772b375,0.009,,,
2140,2026-08-03,SH603893,0.2964444160461426,EXP_LinearModel_Alpha158_csi300_custom_step0_s_20260803_14,98f47d3ebed349d4a6145d845772b375,0.009,,,
2141,2026-08-03,SH603799,0.1769181191921234,EXP_LinearModel_Alpha158_csi300_custom_step0_s_20260803_14,98f47d3ebed349d4a6145d845772b375,0.009,,,
2142,2026-08-03,SH603501,0.14554420113563538,EXP_LinearModel_Alpha158_csi300_custom_step0_s_20260803_14,98f47d3ebed349d4a6145d845772b375,0.009,,,
2143,2026-08-03,SH603392,-0.038697123527526855,EXP_LinearModel_Alpha158_csi300_custom_step0_s_20260803_14,98f47d3ebed349d4a6145d845772b375,0.009,,,
2144,2026-08-03,SH603369,-0.01411396823823452,EXP_LinearModel_Alpha158_csi300_custom_step0_s_20260803_14,98f47d3ebed349d4a6145d845772b375,0.009,,,
2145,2026-08-03,SH603296,0.25319796800613403,EXP_LinearModel_Alpha158_csi300_custom_step0_s_20260803_14,98f47d3ebed349d4a6145d845772b375,0.009,,,
2146,2026-08-03,SH603288,-0.03856993466615677,EXP_LinearModel_Alpha158_csi300_custom_step0_s_20260803_14,98f47d3ebed349d4a6145d845772b375,0.009,,,
2147,2026-08-03,SH603260,0.2320767045021057,EXP_LinearModel_Alpha158_csi300_custom_step0_s_20260803_14,98f47d3ebed349d4a6145d845772b375,0.009,,,
2148,2026-08-03,SH603259,-0.12872402369976044,EXP_LinearModel_Alpha158_csi300_custom_step0_s_20260803_14,98f47d3ebed349d4a6145d845772b375,0.009,,,
2149,2026-08-03,SH603019,0.1548612266778946,EXP_LinearModel_Alpha158_csi300_custom_step0_s_20260803_14,98f47d3ebed349d4a6145d845772b375,0.009,,,
2150,2026-08-03,SH601998,0.009266307577490807,EXP_LinearModel_Alpha158_csi300_custom_step0_s_20260803_14,98f47d3ebed349d4a6145d845772b375,0.009,,,
2151,2026-08-03,SH601995,-0.06412520259618759,EXP_LinearModel_Alpha158_csi300_custom_step0_s_20260803_14,98f47d3ebed349d4a6145d845772b375,0.009,,,
2152,2026-08-03,SH601988,0.011453482322394848,EXP_LinearModel_Alpha158_csi300_custom_step0_s_20260803_14,98f47d3ebed349d4a6145d845772b375,0.009,,,
2153,2026-08-03,SH605117,0.091580331325531,EXP_LinearModel_Alpha158_csi300_custom_step0_s_20260803_14,98f47d3ebed349d4a6145d845772b375,0.009,,,
2154,2026-08-03,SZ001391,0.04325297102332115,EXP_LinearModel_Alpha158_csi300_custom_step0_s_20260803_14,98f47d3ebed349d4a6145d845772b375,0.009,,,
2155,2026-08-03,SH605499,-0.04771965742111206,EXP_LinearModel_Alpha158_csi300_custom_step0_s_20260803_14,98f47d3ebed349d4a6145d845772b375,0.009,,,
2156,2026-08-03,SH688009,0.032311853021383286,EXP_LinearModel_Alpha158_csi300_custom_step0_s_20260803_14,98f47d3ebed349d4a6145d845772b375,0.009,,,
2157,2026-08-03,SH688472,-0.17205128073692322,EXP_LinearModel_Alpha158_csi300_custom_step0_s_20260803_14,98f47d3ebed349d4a6145d845772b375,0.009,,,
2158,2026-08-03,SH688396,0.6011979579925537,EXP_LinearModel_Alpha158_csi300_custom_step0_s_20260803_14,98f47d3ebed349d4a6145d845772b375,0.009,,,
2159,2026-08-03,SH688303,-0.06699137389659882,EXP_LinearModel_Alpha158_csi300_custom_step0_s_20260803_14,98f47d3ebed349d4a6145d845772b375,0.009,,,
2160,2026-08-03,SH688271,0.025024373084306717,EXP_LinearModel_Alpha158_csi300_custom_step0_s_20260803_14,98f47d3ebed349d4a6145d845772b375,0.009,,,
2161,2026-08-03,SH688256,0.35907799005508423,EXP_LinearModel_Alpha158_csi300_custom_step0_s_20260803_14,98f47d3ebed349d4a6145d845772b375,0.009,,,
2162,2026-08-03,SH688223,0.057630524039268494,EXP_LinearModel_Alpha158_csi300_custom_step0_s_20260803_14,98f47d3ebed349d4a6145d845772b375,0.009,,,
2163,2026-08-03,SH688183,0.1815706342458725,EXP_LinearModel_Alpha158_csi300_custom_step0_s_20260803_14,98f47d3ebed349d4a6145d845772b375,0.009,,,
2164,2026-08-03,SH688126,0.3725726306438446,EXP_LinearModel_Alpha158_csi300_custom_step0_s_20260803_14,98f47d3ebed349d4a6145d845772b375,0.009,,,
2165,2026-08-03,SH688111,-0.024238238111138344,EXP_LinearModel_Alpha158_csi300_custom_step0_s_20260803_14,98f47d3ebed349d4a6145d845772b375,0.009,,,
2166,2026-08-03,SH688082,0.5657035708427429,EXP_LinearModel_Alpha158_csi300_custom_step0_s_20260803_14,98f47d3ebed349d4a6145d845772b375,0.009,,,
2167,2026-08-03,SH688072,,EXP_LinearModel_Alpha158_csi300_custom_step0_s_20260803_14,98f47d3ebed349d4a6145d845772b375,0.009,,,
2168,2026-08-03,SH688047,0.27070823311805725,EXP_LinearModel_Alpha158_csi300_custom_step0_s_20260803_14,98f47d3ebed349d4a6145d845772b375,0.009,,,
2169,2026-08-03,SH688041,0.3610743284225464,EXP_LinearModel_Alpha158_csi300_custom_step0_s_20260803_14,98f47d3ebed349d4a6145d845772b375,0.009,,,
2170,2026-08-03,SH688036,0.07044842094182968,EXP_LinearModel_Alpha158_csi300_custom_step0_s_20260803_14,98f47d3ebed349d4a6145d845772b375,0.009,,,
2171,2026-08-03,SH688012,0.2687256932258606,EXP_LinearModel_Alpha158_csi300_custom_step0_s_20260803_14,98f47d3ebed349d4a6145d845772b375,0.009,,,
2172,2026-08-03,SH688008,0.5222660899162292,EXP_LinearModel_Alpha158_csi300_custom_step0_s_20260803_14,98f47d3ebed349d4a6145d845772b375,0.009,,,
2173,2026-08-03,SH601985,-0.05469294637441635,EXP_LinearModel_Alpha158_csi300_custom_step0_s_20260803_14,98f47d3ebed349d4a6145d845772b375,0.009,,,
2174,2026-08-03,SZ001965,-0.008822205476462841,EXP_LinearModel_Alpha158_csi300_custom_step0_s_20260803_14,98f47d3ebed349d4a6145d845772b375,0.009,,,
2175,2026-08-03,SZ002001,-0.10849499702453613,EXP_LinearModel_Alpha158_csi300_custom_step0_s_20260803_14,98f47d3ebed349d4a6145d845772b375,0.009,,,
2176,2026-08-03,SZ300413,-0.04634980857372284,EXP_LinearModel_Alpha158_csi300_custom_step0_s_20260803_14,98f47d3ebed349d4a6145d845772b375,0.009,,,
2177,2026-08-03,SZ300408,0.08987212181091309,EXP_LinearModel_Alpha158_csi300_custom_step0_s_20260803_14,98f47d3ebed349d4a6145d845772b375,0.009,,,
2178,2026-08-03,SZ300394,0.4627278447151184,EXP_LinearModel_Alpha158_csi300_custom_step0_s_20260803_14,98f47d3ebed349d4a6145d845772b375,0.009,,,
2179,2026-08-03,SZ300316,0.25749218463897705,EXP_LinearModel_Alpha158_csi300_custom_step0_s_20260803_14,98f47d3ebed349d4a6145d845772b375,0.009,,,
2180,2026-08-03,SZ300308,0.17259621620178223,EXP_LinearModel_Alpha158_csi300_custom_step0_s_20260803_14,98f47d3ebed349d4a6145d845772b375,0.009,,,
2181,2026-08-03,SZ300274,0.3940419852733612,EXP_LinearModel_Alpha158_csi300_custom_step0_s_20260803_14,98f47d3ebed349d4a6145d845772b375,0.009,,,
2182,2026-08-03,SZ300418,0.19079530239105225,EXP_LinearModel_Alpha158_csi300_custom_step0_s_20260803_14,98f47d3ebed349d4a6145d845772b375,0.009,,,
2183,2026-08-03,SZ300251,-0.04327351227402687,EXP_LinearModel_Alpha158_csi300_custom_step0_s_20260803_14,98f47d3ebed349d4a6145d845772b375,0.009,,,
2184,2026-08-03,SZ300122,-0.04345622658729553,EXP_LinearModel_Alpha158_csi300_custom_step0_s_20260803_14,98f47d3ebed349d4a6145d845772b375,0.009,,,
2185,2026-08-03,SZ300059,-0.05797126516699791,EXP_LinearModel_Alpha158_csi300_custom_step0_s_20260803_14,98f47d3ebed349d4a6145d845772b375,0.009,,,
2186,2026-08-03,SZ300033,0.044547054916620255,EXP_LinearModel_Alpha158_csi300_custom_step0_s_20260803_14,98f47d3ebed349d4a6145d845772b375,0.009,,,
2187,2026-08-03,SZ300015,0.03158455342054367,EXP_LinearModel_Alpha158_csi300_custom_step0_s_20260803_14,98f47d3ebed349d4a6145d845772b375,0.009,,,
2188,2026-08-03,SZ300014,0.10701458156108856,EXP_LinearModel_Alpha158_csi300_custom_step0_s_20260803_14,98f47d3ebed349d4a6145d845772b375,0.009,,,
2189,2026-08-03,SZ003816,-0.09459808468818665,EXP_LinearModel_Alpha158_csi300_custom_step0_s_20260803_14,98f47d3ebed349d4a6145d845772b375,0.009,,,
2190,2026-08-03,SZ300124,0.012559289112687111,EXP_LinearModel_Alpha158_csi300_custom_step0_s_20260803_14,98f47d3ebed349d4a6145d845772b375,0.009,,,
2191,2026-08-03,SZ300433,0.6581696271896362,EXP_LinearModel_Alpha158_csi300_custom_step0_s_20260803_14,98f47d3ebed349d4a6145d845772b375,0.009,,,
2192,2026-08-03,SZ300442,0.3432147204875946,EXP_LinearModel_Alpha158_csi300_custom_step0_s_20260803_14,98f47d3ebed349d4a6145d845772b375,0.009,,,
2193,2026-08-03,SZ300450,0.042048484086990356,EXP_LinearModel_Alpha158_csi300_custom_step0_s_20260803_14,98f47d3ebed349d4a6145d845772b375,0.009,,,
2194,2026-08-03,SZ301269,0.16877682507038116,EXP_LinearModel_Alpha158_csi300_custom_step0_s_20260803_14,98f47d3ebed349d4a6145d845772b375,0.009,,,
2195,2026-08-03,SZ301236,-0.03952272981405258,EXP_LinearModel_Alpha158_csi300_custom_step0_s_20260803_14,98f47d3ebed349d4a6145d845772b375,0.009,,,
2196,2026-08-03,SZ301165,0.3806886076927185,EXP_LinearModel_Alpha158_csi300_custom_step0_s_20260803_14,98f47d3ebed349d4a6145d845772b375,0.009,,,
2197,2026-08-03,SZ300999,0.03747280314564705,EXP_LinearModel_Alpha158_csi300_custom_step0_s_20260803_14,98f47d3ebed349d4a6145d845772b375,0.009,,,
2198,2026-08-03,SZ300896,-0.02575168013572693,EXP_LinearModel_Alpha158_csi300_custom_step0_s_20260803_14,98f47d3ebed349d4a6145d845772b375,0.009,,,
2199,2026-08-03,SZ300866,0.013059292919933796,EXP_LinearModel_Alpha158_csi300_custom_step0_s_20260803_14,98f47d3ebed349d4a6145d845772b375,0.009,,,
2200,2026-08-03,SZ300832,-0.13367483019828796,EXP_LinearModel_Alpha158_csi300_custom_step0_s_20260803_14,98f47d3ebed349d4a6145d845772b375,0.009,,,
2201,2026-08-03,SZ300803,0.06014375388622284,EXP_LinearModel_Alpha158_csi300_custom_step0_s_20260803_14,98f47d3ebed349d4a6145d845772b375,0.009,,,
2202,2026-08-03,SZ300760,0.022998414933681488,EXP_LinearModel_Alpha158_csi300_custom_step0_s_20260803_14,98f47d3ebed349d4a6145d845772b375,0.009,,,
2203,2026-08-03,SZ300750,0.021428316831588745,EXP_LinearModel_Alpha158_csi300_custom_step0_s_20260803_14,98f47d3ebed349d4a6145d845772b375,0.009,,,
2204,2026-08-03,SZ300661,0.28149276971817017,EXP_LinearModel_Alpha158_csi300_custom_step0_s_20260803_14,98f47d3ebed349d4a6145d845772b375,0.009,,,
2205,2026-08-03,SZ300628,-0.13534396886825562,EXP_LinearModel_Alpha158_csi300_custom_step0_s_20260803_14,98f47d3ebed349d4a6145d845772b375,0.009,,,
2206,2026-08-03,SZ300502,0.20068001747131348,EXP_LinearModel_Alpha158_csi300_custom_step0_s_20260803_14,98f47d3ebed349d4a6145d845772b375,0.009,,,
2207,2026-08-03,SZ300498,0.16573232412338257,EXP_LinearModel_Alpha158_csi300_custom_step0_s_20260803_14,98f47d3ebed349d4a6145d845772b375,0.009,,,
2208,2026-08-03,SZ300476,0.7705115675926208,EXP_LinearModel_Alpha158_csi300_custom_step0_s_20260803_14,98f47d3ebed349d4a6145d845772b375,0.009,,,
2209,2026-08-03,SZ002938,0.2606397867202759,EXP_LinearModel_Alpha158_csi300_custom_step0_s_20260803_14,98f47d3ebed349d4a6145d845772b375,0.009,,,
2210,2026-08-03,SZ002920,-0.03916727378964424,EXP_LinearModel_Alpha158_csi300_custom_step0_s_20260803_14,98f47d3ebed349d4a6145d845772b375,0.009,,,
2211,2026-08-03,SZ002916,0.40524858236312866,EXP_LinearModel_Alpha158_csi300_custom_step0_s_20260803_14,98f47d3ebed349d4a6145d845772b375,0.009,,,
2212,2026-08-03,SZ002837,0.6912943720817566,EXP_LinearModel_Alpha158_csi300_custom_step0_s_20260803_14,98f47d3ebed349d4a6145d845772b375,0.009,,,
2213,2026-08-03,SZ002353,0.2597610056400299,EXP_LinearModel_Alpha158_csi300_custom_step0_s_20260803_14,98f47d3ebed349d4a6145d845772b375,0.009,,,
2214,2026-08-03,SZ002352,-0.02124067395925522,EXP_LinearModel_Alpha158_csi300_custom_step0_s_20260803_14,98f47d3ebed349d4a6145d845772b375,0.009,,,
2215,2026-08-03,SZ002311,0.10743029415607452,EXP_LinearModel_Alpha158_csi300_custom_step0_s_20260803_14,98f47d3ebed349d4a6145d845772b375,0.009,,,
2216,2026-08-03,SZ002304,-0.06518649309873581,EXP_LinearModel_Alpha158_csi300_custom_step0_s_20260803_14,98f47d3ebed349d4a6145d845772b375,0.009,,,
2217,2026-08-03,SZ002241,-0.0702439621090889,EXP_LinearModel_Alpha158_csi300_custom_step0_s_20260803_14,98f47d3ebed349d4a6145d845772b375,0.009,,,
2218,2026-08-03,SZ002236,-0.08192171156406403,EXP_LinearModel_Alpha158_csi300_custom_step0_s_20260803_14,98f47d3ebed349d4a6145d845772b375,0.009,,,
2219,2026-08-03,SZ002230,-0.07539843767881393,EXP_LinearModel_Alpha158_csi300_custom_step0_s_20260803_14,98f47d3ebed349d4a6145d845772b375,0.009,,,
2220,2026-08-03,SZ002202,0.25093328952789307,EXP_LinearModel_Alpha158_csi300_custom_step0_s_20260803_14,98f47d3ebed349d4a6145d845772b375,0.009,,,
2221,2026-08-03,SZ002179,0.14946793019771576,EXP_LinearModel_Alpha158_csi300_custom_step0_s_20260803_14,98f47d3ebed349d4a6145d845772b375,0.009,,,
2222,2026-08-03,SZ002142,0.02691178396344185,EXP_LinearModel_Alpha158_csi300_custom_step0_s_20260803_14,98f47d3ebed349d4a6145d845772b375,0.009,,,
2223,2026-08-03,SZ002074,0.005618302151560783,EXP_LinearModel_Alpha158_csi300_custom_step0_s_20260803_14,98f47d3ebed349d4a6145d845772b375,0.009,,,
2224,2026-08-03,SZ002050,0.09305694699287415,EXP_LinearModel_Alpha158_csi300_custom_step0_s_20260803_14,98f47d3ebed349d4a6145d845772b375,0.009,,,
2225,2026-08-03,SZ002049,0.25203242897987366,EXP_LinearModel_Alpha158_csi300_custom_step0_s_20260803_14,98f47d3ebed349d4a6145d845772b375,0.009,,,
2226,2026-08-03,SZ002028,0.14775711297988892,EXP_LinearModel_Alpha158_csi300_custom_step0_s_20260803_14,98f47d3ebed349d4a6145d845772b375,0.009,,,
2227,2026-08-03,SZ002027,0.057364821434020996,EXP_LinearModel_Alpha158_csi300_custom_step0_s_20260803_14,98f47d3ebed349d4a6145d845772b375,0.009,,,
2228,2026-08-03,SZ002371,0.18046137690544128,EXP_LinearModel_Alpha158_csi300_custom_step0_s_20260803_14,98f47d3ebed349d4a6145d845772b375,0.009,,,
2229,2026-08-03,SZ001979,-0.08679447323083878,EXP_LinearModel_Alpha158_csi300_custom_step0_s_20260803_14,98f47d3ebed349d4a6145d845772b375,0.009,,,
2230,2026-08-03,SZ002384,0.5688073039054871,EXP_LinearModel_Alpha158_csi300_custom_step0_s_20260803_14,98f47d3ebed349d4a6145d845772b375,0.009,,,
2231,2026-08-03,SZ002422,0.4631956219673157,EXP_LinearModel_Alpha158_csi300_custom_step0_s_20260803_14,98f47d3ebed349d4a6145d845772b375,0.009,,,
2232,2026-08-03,SZ002736,0.03329094871878624,EXP_LinearModel_Alpha158_csi300_custom_step0_s_20260803_14,98f47d3ebed349d4a6145d845772b375,0.009,,,
2233,2026-08-03,SZ002714,0.1370309293270111,EXP_LinearModel_Alpha158_csi300_custom_step0_s_20260803_14,98f47d3ebed349d4a6145d845772b375,0.009,,,
2234,2026-08-03,SZ002709,0.3727746307849884,EXP_LinearModel_Alpha158_csi300_custom_step0_s_20260803_14,98f47d3ebed349d4a6145d845772b375,0.009,,,
2235,2026-08-03,SZ002648,0.00784975104033947,EXP_LinearModel_Alpha158_csi300_custom_step0_s_20260803_14,98f47d3ebed349d4a6145d845772b375,0.009,,,
2236,2026-08-03,SZ002625,-0.0767689198255539,EXP_LinearModel_Alpha158_csi300_custom_step0_s_20260803_14,98f47d3ebed349d4a6145d845772b375,0.009,,,
2237,2026-08-03,SZ002602,-0.16494156420230865,EXP_LinearModel_Alpha158_csi300_custom_step0_s_20260803_14,98f47d3ebed349d4a6145d845772b375,0.009,,,
2238,2026-08-03,SZ002600,0.22221523523330688,EXP_LinearModel_Alpha158_csi300_custom_step0_s_20260803_14,98f47d3ebed349d4a6145d845772b375,0.009,,,
2239,2026-08-03,SZ002594,0.1664293259382248,EXP_LinearModel_Alpha158_csi300_custom_step0_s_20260803_14,98f47d3ebed349d4a6145d845772b375,0.009,,,
2240,2026-08-03,SZ002558,-0.02609315514564514,EXP_LinearModel_Alpha158_csi300_custom_step0_s_20260803_14,98f47d3ebed349d4a6145d845772b375,0.009,,,
2241,2026-08-03,SZ002532,0.061295658349990845,EXP_LinearModel_Alpha158_csi300_custom_step0_s_20260803_14,98f47d3ebed349d4a6145d845772b375,0.009,,,
2242,2026-08-03,SZ002493,-0.08088399469852448,EXP_LinearModel_Alpha158_csi300_custom_step0_s_20260803_14,98f47d3ebed349d4a6145d845772b375,0.009,,,
2243,2026-08-03,SZ002475,0.01610506698489189,EXP_LinearModel_Alpha158_csi300_custom_step0_s_20260803_14,98f47d3ebed349d4a6145d845772b375,0.009,,,
2244,2026-08-03,SZ002466,0.26530107855796814,EXP_LinearModel_Alpha158_csi300_custom_step0_s_20260803_14,98f47d3ebed349d4a6145d845772b375,0.009,,,
2245,2026-08-03,SZ002463,0.2431800663471222,EXP_LinearModel_Alpha158_csi300_custom_step0_s_20260803_14,98f47d3ebed349d4a6145d845772b375,0.009,,,
2246,2026-08-03,SZ002460,0.18433113396167755,EXP_LinearModel_Alpha158_csi300_custom_step0_s_20260803_14,98f47d3ebed349d4a6145d845772b375,0.009,,,
2247,2026-08-03,SZ002415,-0.027470747008919716,EXP_LinearModel_Alpha158_csi300_custom_step0_s_20260803_14,98f47d3ebed349d4a6145d845772b375,0.009,,,
2248,2026-08-03,SH600000,-0.0060676042921841145,EXP_LinearModel_Alpha158_csi300_custom_step0_s_20260803_14,98f47d3ebed349d4a6145d845772b375,0.009,,,
2249,2026-08-03,SH601939,-0.15480083227157593,EXP_LinearModel_Alpha158_csi300_custom_step0_s_20260803_14,98f47d3ebed349d4a6145d845772b375,0.009,,,
2250,2026-08-03,SH601916,-0.0626019537448883,EXP_LinearModel_Alpha158_csi300_custom_step0_s_20260803_14,98f47d3ebed349d4a6145d845772b375,0.009,,,
2251,2026-08-03,SH600547,0.02533603273332119,EXP_LinearModel_Alpha158_csi300_custom_step0_s_20260803_14,98f47d3ebed349d4a6145d845772b375,0.009,,,
2252,2026-08-03,SH600522,0.9733607172966003,EXP_LinearModel_Alpha158_csi300_custom_step0_s_20260803_14,98f47d3ebed349d4a6145d845772b375,0.009,,,
2253,2026-08-03,SH600519,-0.023924121633172035,EXP_LinearModel_Alpha158_csi300_custom_step0_s_20260803_14,98f47d3ebed349d4a6145d845772b375,0.009,,,
2254,2026-08-03,SH600515,-0.027311688289046288,EXP_LinearModel_Alpha158_csi300_custom_step0_s_20260803_14,98f47d3ebed349d4a6145d845772b375,0.009,,,
2255,2026-08-03,SH600489,0.009719032794237137,EXP_LinearModel_Alpha158_csi300_custom_step0_s_20260803_14,98f47d3ebed349d4a6145d845772b375,0.009,,,
2256,2026-08-03,SH600482,0.21527791023254395,EXP_LinearModel_Alpha158_csi300_custom_step0_s_20260803_14,98f47d3ebed349d4a6145d845772b375,0.009,,,
2257,2026-08-03,SH600549,0.7573281526565552,EXP_LinearModel_Alpha158_csi300_custom_step0_s_20260803_14,98f47d3ebed349d4a6145d845772b375,0.009,,,
2258,2026-08-03,SH600460,0.7753927707672119,EXP_LinearModel_Alpha158_csi300_custom_step0_s_20260803_14,98f47d3ebed349d4a6145d845772b375,0.009,,,
2259,2026-08-03,SH600436,-0.0692935660481453,EXP_LinearModel_Alpha158_csi300_custom_step0_s_20260803_14,98f47d3ebed349d4a6145d845772b375,0.009,,,
2260,2026-08-03,SH600426,0.0881102904677391,EXP_LinearModel_Alpha158_csi300_custom_step0_s_20260803_14,98f47d3ebed349d4a6145d845772b375,0.009,,,
2261,2026-08-03,SH600415,-0.12774495780467987,EXP_LinearModel_Alpha158_csi300_custom_step0_s_20260803_14,98f47d3ebed349d4a6145d845772b375,0.009,,,
2262,2026-08-03,SH600406,0.01838674396276474,EXP_LinearModel_Alpha158_csi300_custom_step0_s_20260803_14,98f47d3ebed349d4a6145d845772b375,0.009,,,
2263,2026-08-03,SH600372,-0.00733160600066185,EXP_LinearModel_Alpha158_csi300_custom_step0_s_20260803_14,98f47d3ebed349d4a6145d845772b375,0.009,,,
2264,2026-08-03,SH600362,0.06689472496509552,EXP_LinearModel_Alpha158_csi300_custom_step0_s_20260803_14,98f47d3ebed349d4a6145d845772b375,0.009,,,
2265,2026-08-03,SH600438,-0.012997632846236229,EXP_LinearModel_Alpha158_csi300_custom_step0_s_20260803_14,98f47d3ebed349d4a6145d845772b375,0.009,,,
2266,2026-08-03,SH600570,-0.05603348836302757,EXP_LinearModel_Alpha158_csi300_custom_step0_s_20260803_14,98f47d3ebed349d4a6145d845772b375,0.009,,,
2267,2026-08-03,SH600584,0.7186058759689331,EXP_LinearModel_Alpha158_csi300_custom_step0_s_20260803_14,98f47d3ebed349d4a6145d845772b375,0.009,,,
2268,2026-08-03,SH600585,0.07336892932653427,EXP_LinearModel_Alpha158_csi300_custom_step0_s_20260803_14,98f47d3ebed349d4a6145d845772b375,0.009,,,
2269,2026-08-03,SH600893,0.05646853148937225,EXP_LinearModel_Alpha158_csi300_custom_step0_s_20260803_14,98f47d3ebed349d4a6145d845772b375,0.009,,,
2270,2026-08-03,SH600887,0.07012826949357986,EXP_LinearModel_Alpha158_csi300_custom_step0_s_20260803_14,98f47d3ebed349d4a6145d845772b375,0.009,,,
2271,2026-08-03,SH600886,0.1096656545996666,EXP_LinearModel_Alpha158_csi300_custom_step0_s_20260803_14,98f47d3ebed349d4a6145d845772b375,0.009,,,
2272,2026-08-03,SH600875,0.16745547950267792,EXP_LinearModel_Alpha158_csi300_custom_step0_s_20260803_14,98f47d3ebed349d4a6145d845772b375,0.009,,,
2273,2026-08-03,SH600845,0.047827526926994324,EXP_LinearModel_Alpha158_csi300_custom_step0_s_20260803_14,98f47d3ebed349d4a6145d845772b375,0.009,,,
2274,2026-08-03,SH600809,0.019893158227205276,EXP_LinearModel_Alpha158_csi300_custom_step0_s_20260803_14,98f47d3ebed349d4a6145d845772b375,0.009,,,
2275,2026-08-03,SH600803,-0.009270954877138138,EXP_LinearModel_Alpha158_csi300_custom_step0_s_20260803_14,98f47d3ebed349d4a6145d845772b375,0.009,,,
2276,2026-08-03,SH600795,0.019296692684292793,EXP_LinearModel_Alpha158_csi300_custom_step0_s_20260803_14,98f47d3ebed349d4a6145d845772b375,0.009,,,
2277,2026-08-03,SH600760,0.16334375739097595,EXP_LinearModel_Alpha158_csi300_custom_step0_s_20260803_14,98f47d3ebed349d4a6145d845772b375,0.009,,,
2278,2026-08-03,SH600741,0.08372874557971954,EXP_LinearModel_Alpha158_csi300_custom_step0_s_20260803_14,98f47d3ebed349d4a6145d845772b375,0.009,,,
2279,2026-08-03,SH600690,0.06381350755691528,EXP_LinearModel_Alpha158_csi300_custom_step0_s_20260803_14,98f47d3ebed349d4a6145d845772b375,0.009,,,
2280,2026-08-03,SH600674,0.14468233287334442,EXP_LinearModel_Alpha158_csi300_custom_step0_s_20260803_14,98f47d3ebed349d4a6145d845772b375,0.009,,,
2281,2026-08-03,SH600660,0.06833525002002716,EXP_LinearModel_Alpha158_csi300_custom_step0_s_20260803_14,98f47d3ebed349d4a6145d845772b375,0.009,,,
2282,2026-08-03,SH600600,-0.030583644285798073,EXP_LinearModel_Alpha158_csi300_custom_step0_s_20260803_14,98f47d3ebed349d4a6145d845772b375,0.009,,,
2283,2026-08-03,SH600588,-0.0159451887011528,EXP_LinearModel_Alpha158_csi300_custom_step0_s_20260803_14,98f47d3ebed349d4a6145d845772b375,0.009,,,
2284,2026-08-03,SH600346,0.02164526656270027,EXP_LinearModel_Alpha158_csi300_custom_step0_s_20260803_14,98f47d3ebed349d4a6145d845772b375,0.009,,,
2285,2026-08-03,SH600309,-0.027141399681568146,EXP_LinearModel_Alpha158_csi300_custom_step0_s_20260803_14,98f47d3ebed349d4a6145d845772b375,0.009,,,
2286,2026-08-03,SH600276,0.02181079052388668,EXP_LinearModel_Alpha158_csi300_custom_step0_s_20260803_14,98f47d3ebed349d4a6145d845772b375,0.009,,,
2287,2026-08-03,SH600233,0.03828120231628418,EXP_LinearModel_Alpha158_csi300_custom_step0_s_20260803_14,98f47d3ebed349d4a6145d845772b375,0.009,,,
2288,2026-08-03,SH600036,0.08876161277294159,EXP_LinearModel_Alpha158_csi300_custom_step0_s_20260803_14,98f47d3ebed349d4a6145d845772b375,0.009,,,
2289,2026-08-03,SH600031,0.04055456072092056,EXP_LinearModel_Alpha158_csi300_custom_step0_s_20260803_14,98f47d3ebed349d4a6145d845772b375,0.009,,,
2290,2026-08-03,SH600030,0.020165573805570602,EXP_LinearModel_Alpha158_csi300_custom_step0_s_20260803_14,98f47d3ebed349d4a6145d845772b375,0.009,,,
2291,2026-08-03,SH600029,0.10109579563140869,EXP_LinearModel_Alpha158_csi300_custom_step0_s_20260803_14,98f47d3ebed349d4a6145d845772b375,0.009,,,
2292,2026-08-03,SH600028,0.07140027731657028,EXP_LinearModel_Alpha158_csi300_custom_step0_s_20260803_14,98f47d3ebed349d4a6145d845772b375,0.009,,,
2293,2026-08-03,SH600027,0.0260762982070446,EXP_LinearModel_Alpha158_csi300_custom_step0_s_20260803_14,98f47d3ebed349d4a6145d845772b375,0.009,,,
2294,2026-08-03,SH600026,0.04276401549577713,EXP_LinearModel_Alpha158_csi300_custom_step0_s_20260803_14,98f47d3ebed349d4a6145d845772b375,0.009,,,
2295,2026-08-03,SH600025,0.025963930413126945,EXP_LinearModel_Alpha158_csi300_custom_step0_s_20260803_14,98f47d3ebed349d4a6145d845772b375,0.009,,,
2296,2026-08-03,SH600023,-0.023029979318380356,EXP_LinearModel_Alpha158_csi300_custom_step0_s_20260803_14,98f47d3ebed349d4a6145d845772b375,0.009,,,
2297,2026-08-03,SH600019,0.0270837415009737,EXP_LinearModel_Alpha158_csi300_custom_step0_s_20260803_14,98f47d3ebed349d4a6145d845772b375,0.009,,,
2298,2026-08-03,SH600018,0.047721002250909805,EXP_LinearModel_Alpha158_csi300_custom_step0_s_20260803_14,98f47d3ebed349d4a6145d845772b375,0.009,,,
2299,2026-08-03,SH600016,-0.049736082553863525,EXP_LinearModel_Alpha158_csi300_custom_step0_s_20260803_14,98f47d3ebed349d4a6145d845772b375,0.009,,,
2300,2026-08-03,SH600015,0.023462405428290367,EXP_LinearModel_Alpha158_csi300_custom_step0_s_20260803_14,98f47d3ebed349d4a6145d845772b375,0.009,,,
2301,2026-08-03,SH600011,-0.05950118228793144,EXP_LinearModel_Alpha158_csi300_custom_step0_s_20260803_14,98f47d3ebed349d4a6145d845772b375,0.009,,,
2302,2026-08-03,SH600010,0.03596191853284836,EXP_LinearModel_Alpha158_csi300_custom_step0_s_20260803_14,98f47d3ebed349d4a6145d845772b375,0.009,,,
2303,2026-08-03,SH600039,0.11241692304611206,EXP_LinearModel_Alpha158_csi300_custom_step0_s_20260803_14,98f47d3ebed349d4a6145d845772b375,0.009,,,
2304,2026-08-03,SH600900,0.09074989706277847,EXP_LinearModel_Alpha158_csi300_custom_step0_s_20260803_14,98f47d3ebed349d4a6145d845772b375,0.009,,,
2305,2026-08-03,SH600048,-0.026750782504677773,EXP_LinearModel_Alpha158_csi300_custom_step0_s_20260803_14,98f47d3ebed349d4a6145d845772b375,0.009,,,
2306,2026-08-03,SH600061,-0.002993033267557621,EXP_LinearModel_Alpha158_csi300_custom_step0_s_20260803_14,98f47d3ebed349d4a6145d845772b375,0.009,,,
2307,2026-08-03,SH600221,0.08079276978969574,EXP_LinearModel_Alpha158_csi300_custom_step0_s_20260803_14,98f47d3ebed349d4a6145d845772b375,0.009,,,
2308,2026-08-03,SH600219,-0.015234362334012985,EXP_LinearModel_Alpha158_csi300_custom_step0_s_20260803_14,98f47d3ebed349d4a6145d845772b375,0.009,,,
2309,2026-08-03,SH600196,-0.012474404647946358,EXP_LinearModel_Alpha158_csi300_custom_step0_s_20260803_14,98f47d3ebed349d4a6145d845772b375,0.009,,,
2310,2026-08-03,SH600188,0.08271617442369461,EXP_LinearModel_Alpha158_csi300_custom_step0_s_20260803_14,98f47d3ebed349d4a6145d845772b375,0.009,,,
2311,2026-08-03,SH600183,0.5007542371749878,EXP_LinearModel_Alpha158_csi300_custom_step0_s_20260803_14,98f47d3ebed349d4a6145d845772b375,0.009,,,
2312,2026-08-03,SH600176,0.9424375891685486,EXP_LinearModel_Alpha158_csi300_custom_step0_s_20260803_14,98f47d3ebed349d4a6145d845772b375,0.009,,,
2313,2026-08-03,SH600160,0.04521149769425392,EXP_LinearModel_Alpha158_csi300_custom_step0_s_20260803_14,98f47d3ebed349d4a6145d845772b375,0.009,,,
2314,2026-08-03,SH600150,-0.04675200209021568,EXP_LinearModel_Alpha158_csi300_custom_step0_s_20260803_14,98f47d3ebed349d4a6145d845772b375,0.009,,,
2315,2026-08-03,SH600118,0.32466843724250793,EXP_LinearModel_Alpha158_csi300_custom_step0_s_20260803_14,98f47d3ebed349d4a6145d845772b375,0.009,,,
2316,2026-08-03,SH600115,0.037328146398067474,EXP_LinearModel_Alpha158_csi300_custom_step0_s_20260803_14,98f47d3ebed349d4a6145d845772b375,0.009,,,
2317,2026-08-03,SH600111,0.12436514347791672,EXP_LinearModel_Alpha158_csi300_custom_step0_s_20260803_14,98f47d3ebed349d4a6145d845772b375,0.009,,,
2318,2026-08-03,SH600104,-0.06947587430477142,EXP_LinearModel_Alpha158_csi300_custom_step0_s_20260803_14,98f47d3ebed349d4a6145d845772b375,0.009,,,
2319,2026-08-03,SH600089,0.11323999613523483,EXP_LinearModel_Alpha158_csi300_custom_step0_s_20260803_14,98f47d3ebed349d4a6145d845772b375,0.009,,,
2320,2026-08-03,SH600085,0.08288232982158661,EXP_LinearModel_Alpha158_csi300_custom_step0_s_20260803_14,98f47d3ebed349d4a6145d845772b375,0.009,,,
2321,2026-08-03,SH600066,0.07374586910009384,EXP_LinearModel_Alpha158_csi300_custom_step0_s_20260803_14,98f47d3ebed349d4a6145d845772b375,0.009,,,
2322,2026-08-03,SH600050,0.07356218248605728,EXP_LinearModel_Alpha158_csi300_custom_step0_s_20260803_14,98f47d3ebed349d4a6145d845772b375,0.009,,,
2323,2026-08-03,SH601919,0.12084608525037766,EXP_LinearModel_Alpha158_csi300_custom_step0_s_20260803_14,98f47d3ebed349d4a6145d845772b375,0.009,,,
2324,2026-08-03,SH600905,-0.029650624841451645,EXP_LinearModel_Alpha158_csi300_custom_step0_s_20260803_14,98f47d3ebed349d4a6145d845772b375,0.009,,,
2325,2026-08-03,SH600919,0.020866263657808304,EXP_LinearModel_Alpha158_csi300_custom_step0_s_20260803_14,98f47d3ebed349d4a6145d845772b375,0.009,,,
2326,2026-08-03,SH601698,0.09407205879688263,EXP_LinearModel_Alpha158_csi300_custom_step0_s_20260803_14,98f47d3ebed349d4a6145d845772b375,0.009,,,
2327,2026-08-03,SH601689,0.19876839220523834,EXP_LinearModel_Alpha158_csi300_custom_step0_s_20260803_14,98f47d3ebed349d4a6145d845772b375,0.009,,,
2328,2026-08-03,SH601688,0.04522673785686493,EXP_LinearModel_Alpha158_csi300_custom_step0_s_20260803_14,98f47d3ebed349d4a6145d845772b375,0.009,,,
2329,2026-08-03,SH601669,0.0661134123802185,EXP_LinearModel_Alpha158_csi300_custom_step0_s_20260803_14,98f47d3ebed349d4a6145d845772b375,0.009,,,
2330,2026-08-03,SH601668,0.12704657018184662,EXP_LinearModel_Alpha158_csi300_custom_step0_s_20260803_14,98f47d3ebed349d4a6145d845772b375,0.009,,,
2331,2026-08-03,SH601658,0.06115076690912247,EXP_LinearModel_Alpha158_csi300_custom_step0_s_20260803_14,98f47d3ebed349d4a6145d845772b375,0.009,,,
2332,2026-08-03,SH601727,0.001990880351513624,EXP_LinearModel_Alpha158_csi300_custom_step0_s_20260803_14,98f47d3ebed349d4a6145d845772b375,0.009,,,
2333,2026-08-03,SH601633,0.08885923027992249,EXP_LinearModel_Alpha158_csi300_custom_step0_s_20260803_14,98f47d3ebed349d4a6145d845772b375,0.009,,,
2334,2026-08-03,SH601618,0.03207973390817642,EXP_LinearModel_Alpha158_csi300_custom_step0_s_20260803_14,98f47d3ebed349d4a6145d845772b375,0.009,,,
2335,2026-08-03,SH601607,-0.015647929161787033,EXP_LinearModel_Alpha158_csi300_custom_step0_s_20260803_14,98f47d3ebed349d4a6145d845772b375,0.009,,,
2336,2026-08-03,SH601601,0.03137075901031494,EXP_LinearModel_Alpha158_csi300_custom_step0_s_20260803_14,98f47d3ebed349d4a6145d845772b375,0.009,,,
2337,2026-08-03,SH601600,0.04727993533015251,EXP_LinearModel_Alpha158_csi300_custom_step0_s_20260803_14,98f47d3ebed349d4a6145d845772b375,0.009,,,
2338,2026-08-03,SH601456,-0.012189041823148727,EXP_LinearModel_Alpha158_csi300_custom_step0_s_20260803_14,98f47d3ebed349d4a6145d845772b375,0.009,,,
2339,2026-08-03,SH601398,-0.08618959039449692,EXP_LinearModel_Alpha158_csi300_custom_step0_s_20260803_14,98f47d3ebed349d4a6145d845772b375,0.009,,,
2340,2026-08-03,SH601628,0.03972789645195007,EXP_LinearModel_Alpha158_csi300_custom_step0_s_20260803_14,98f47d3ebed349d4a6145d845772b375,0.009,,,
2341,2026-08-03,SH601728,0.10599470138549805,EXP_LinearModel_Alpha158_csi300_custom_step0_s_20260803_14,98f47d3ebed349d4a6145d845772b375,0.009,,,
2342,2026-08-03,SH601766,0.046198770403862,EXP_LinearModel_Alpha158_csi300_custom_step0_s_20260803_14,98f47d3ebed349d4a6145d845772b375,0.009,,,
2343,2026-08-03,SH601788,-0.03514809161424637,EXP_LinearModel_Alpha158_csi300_custom_step0_s_20260803_14,98f47d3ebed349d4a6145d845772b375,0.009,,,
2344,2026-08-03,SH601901,-0.02623782306909561,EXP_LinearModel_Alpha158_csi300_custom_step0_s_20260803_14,98f47d3ebed349d4a6145d845772b375,0.009,,,
2345,2026-08-03,SH601899,0.003071640618145466,EXP_LinearModel_Alpha158_csi300_custom_step0_s_20260803_14,98f47d3ebed349d4a6145d845772b375,0.009,,,
2346,2026-08-03,SH601898,0.02750592865049839,EXP_LinearModel_Alpha158_csi300_custom_step0_s_20260803_14,98f47d3ebed349d4a6145d845772b375,0.009,,,
2347,2026-08-03,SH601888,-0.0970776155591011,EXP_LinearModel_Alpha158_csi300_custom_step0_s_20260803_14,98f47d3ebed349d4a6145d845772b375,0.009,,,
2348,2026-08-03,SH601881,-0.010234304703772068,EXP_LinearModel_Alpha158_csi300_custom_step0_s_20260803_14,98f47d3ebed349d4a6145d845772b375,0.009,,,
2349,2026-08-03,SH601878,0.03510340303182602,EXP_LinearModel_Alpha158_csi300_custom_step0_s_20260803_14,98f47d3ebed349d4a6145d845772b375,0.009,,,
2350,2026-08-03,SH601877,0.04316074773669243,EXP_LinearModel_Alpha158_csi300_custom_step0_s_20260803_14,98f47d3ebed349d4a6145d845772b375,0.009,,,
2351,2026-08-03,SH601872,0.115324966609478,EXP_LinearModel_Alpha158_csi300_custom_step0_s_20260803_14,98f47d3ebed349d4a6145d845772b375,0.009,,,
2352,2026-08-03,SH601868,0.16484390199184418,EXP_LinearModel_Alpha158_csi300_custom_step0_s_20260803_14,98f47d3ebed349d4a6145d845772b375,0.009,,,
2353,2026-08-03,SH601857,0.17614290118217468,EXP_LinearModel_Alpha158_csi300_custom_step0_s_20260803_14,98f47d3ebed349d4a6145d845772b375,0.009,,,
2354,2026-08-03,SH601838,-0.0024424237199127674,EXP_LinearModel_Alpha158_csi300_custom_step0_s_20260803_14,98f47d3ebed349d4a6145d845772b375,0.009,,,
2355,2026-08-03,SH601825,-0.1786521077156067,EXP_LinearModel_Alpha158_csi300_custom_step0_s_20260803_14,98f47d3ebed349d4a6145d845772b375,0.009,,,
2356,2026-08-03,SH601818,-0.030730178579688072,EXP_LinearModel_Alpha158_csi300_custom_step0_s_20260803_14,98f47d3ebed349d4a6145d845772b375,0.009,,,
2357,2026-08-03,SH601816,0.014537269249558449,EXP_LinearModel_Alpha158_csi300_custom_step0_s_20260803_14,98f47d3ebed349d4a6145d845772b375,0.009,,,
2358,2026-08-03,SH601800,-0.01846526749432087,EXP_LinearModel_Alpha158_csi300_custom_step0_s_20260803_14,98f47d3ebed349d4a6145d845772b375,0.009,,,
2359,2026-08-03,SH601390,0.03955055773258209,EXP_LinearModel_Alpha158_csi300_custom_step0_s_20260803_14,98f47d3ebed349d4a6145d845772b375,0.009,,,
2360,2026-08-03,SH601377,0.02717594988644123,EXP_LinearModel_Alpha158_csi300_custom_step0_s_20260803_14,98f47d3ebed349d4a6145d845772b375,0.009,,,
2361,2026-08-03,SH601360,-0.002607102505862713,EXP_LinearModel_Alpha158_csi300_custom_step0_s_20260803_14,98f47d3ebed349d4a6145d845772b375,0.009,,,
2362,2026-08-03,SH601336,-0.0031372536905109882,EXP_LinearModel_Alpha158_csi300_custom_step0_s_20260803_14,98f47d3ebed349d4a6145d845772b375,0.009,,,
2363,2026-08-03,SH601066,-0.11616551876068115,EXP_LinearModel_Alpha158_csi300_custom_step0_s_20260803_14,98f47d3ebed349d4a6145d845772b375,0.009,,,
2364,2026-08-03,SH601059,-0.0725472941994667,EXP_LinearModel_Alpha158_csi300_custom_step0_s_20260803_14,98f47d3ebed349d4a6145d845772b375,0.009,,,
2365,2026-08-03,SH601058,0.14488205313682556,EXP_LinearModel_Alpha158_csi300_custom_step0_s_20260803_14,98f47d3ebed349d4a6145d845772b375,0.009,,,
2366,2026-08-03,SH601021,0.040426015853881836,EXP_LinearModel_Alpha158_csi300_custom_step0_s_20260803_14,98f47d3ebed349d4a6145d845772b375,0.009,,,
2367,2026-08-03,SH601018,0.03604044020175934,EXP_LinearModel_Alpha158_csi300_custom_step0_s_20260803_14,98f47d3ebed349d4a6145d845772b375,0.009,,,
2368,2026-08-03,SH601012,-0.06918194144964218,EXP_LinearModel_Alpha158_csi300_custom_step0_s_20260803_14,98f47d3ebed349d4a6145d845772b375,0.009,,,
2369,2026-08-03,SH601009,-0.030679550021886826,EXP_LinearModel_Alpha158_csi300_custom_step0_s_20260803_14,98f47d3ebed349d4a6145d845772b375,0.009,,,
2370,2026-08-03,SH601006,0.06998788565397263,EXP_LinearModel_Alpha158_csi300_custom_step0_s_20260803_14,98f47d3ebed349d4a6145d845772b375,0.009,,,
2371,2026-08-03,SH600999,0.005097770132124424,EXP_LinearModel_Alpha158_csi300_custom_step0_s_20260803_14,98f47d3ebed349d4a6145d845772b375,0.009,,,
2372,2026-08-03,SH600989,0.12040546536445618,EXP_LinearModel_Alpha158_csi300_custom_step0_s_20260803_14,98f47d3ebed349d4a6145d845772b375,0.009,,,
2373,2026-08-03,SH600958,0.006675997748970985,EXP_LinearModel_Alpha158_csi300_custom_step0_s_20260803_14,98f47d3ebed349d4a6145d845772b375,0.009,,,
2374,2026-08-03,SH600941,-0.010324414819478989,EXP_LinearModel_Alpha158_csi300_custom_step0_s_20260803_14,98f47d3ebed349d4a6145d845772b375,0.009,,,
2375,2026-08-03,SH600938,0.10635571926832199,EXP_LinearModel_Alpha158_csi300_custom_step0_s_20260803_14,98f47d3ebed349d4a6145d845772b375,0.009,,,
2376,2026-08-03,SH600930,-0.026753928512334824,EXP_LinearModel_Alpha158_csi300_custom_step0_s_20260803_14,98f47d3ebed349d4a6145d845772b375,0.009,,,
2377,2026-08-03,SH600926,-0.01805526576936245,EXP_LinearModel_Alpha158_csi300_custom_step0_s_20260803_14,98f47d3ebed349d4a6145d845772b375,0.009,,,
2378,2026-08-03,SH601077,-0.01925583928823471,EXP_LinearModel_Alpha158_csi300_custom_step0_s_20260803_14,98f47d3ebed349d4a6145d845772b375,0.009,,,
2379,2026-08-03,SH600918,-0.022679120302200317,EXP_LinearModel_Alpha158_csi300_custom_step0_s_20260803_14,98f47d3ebed349d4a6145d845772b375,0.009,,,
2380,2026-08-03,SH601088,0.06816789507865906,EXP_LinearModel_Alpha158_csi300_custom_step0_s_20260803_14,98f47d3ebed349d4a6145d845772b375,0.009,,,
2381,2026-08-03,SH601111,0.07373927533626556,EXP_LinearModel_Alpha158_csi300_custom_step0_s_20260803_14,98f47d3ebed349d4a6145d845772b375,0.009,,,
2382,2026-08-03,SH601328,-0.028961367905139923,EXP_LinearModel_Alpha158_csi300_custom_step0_s_20260803_14,98f47d3ebed349d4a6145d845772b375,0.009,,,
2383,2026-08-03,SH601319,0.10223761200904846,EXP_LinearModel_Alpha158_csi300_custom_step0_s_20260803_14,98f47d3ebed349d4a6145d845772b375,0.009,,,
2384,2026-08-03,SH601318,0.0789126306772232,EXP_LinearModel_Alpha158_csi300_custom_step0_s_20260803_14,98f47d3ebed349d4a6145d845772b375,0.009,,,
2385,2026-08-03,SH601288,-0.06764017045497894,EXP_LinearModel_Alpha158_csi300_custom_step0_s_20260803_14,98f47d3ebed349d4a6145d845772b375,0.009,,,
2386,2026-08-03,SH601238,-0.18645378947257996,EXP_LinearModel_Alpha158_csi300_custom_step0_s_20260803_14,98f47d3ebed349d4a6145d845772b375,0.009,,,
2387,2026-08-03,SH601229,0.0040687816217541695,EXP_LinearModel_Alpha158_csi300_custom_step0_s_20260803_14,98f47d3ebed349d4a6145d845772b375,0.009,,,
2388,2026-08-03,SH601225,0.2188841551542282,EXP_LinearModel_Alpha158_csi300_custom_step0_s_20260803_14,98f47d3ebed349d4a6145d845772b375,0.009,,,
2389,2026-08-03,SH601211,-0.01901104487478733,EXP_LinearModel_Alpha158_csi300_custom_step0_s_20260803_14,98f47d3ebed349d4a6145d845772b375,0.009,,,
2390,2026-08-03,SH601186,0.025240465998649597,EXP_LinearModel_Alpha158_csi300_custom_step0_s_20260803_14,98f47d3ebed349d4a6145d845772b375,0.009,,,
2391,2026-08-03,SH601169,-0.03347989171743393,EXP_LinearModel_Alpha158_csi300_custom_step0_s_20260803_14,98f47d3ebed349d4a6145d845772b375,0.009,,,
2392,2026-08-03,SH601166,0.00857473723590374,EXP_LinearModel_Alpha158_csi300_custom_step0_s_20260803_14,98f47d3ebed349d4a6145d845772b375,0.009,,,
2393,2026-08-03,SH601138,0.13434404134750366,EXP_LinearModel_Alpha158_csi300_custom_step0_s_20260803_14,98f47d3ebed349d4a6145d845772b375,0.009,,,
2394,2026-08-03,SH601136,-0.031612709164619446,EXP_LinearModel_Alpha158_csi300_custom_step0_s_20260803_14,98f47d3ebed349d4a6145d845772b375,0.009,,,
2395,2026-08-03,SH601127,-0.21462248265743256,EXP_LinearModel_Alpha158_csi300_custom_step0_s_20260803_14,98f47d3ebed349d4a6145d845772b375,0.009,,,
2396,2026-08-03,SH601117,0.08419431746006012,EXP_LinearModel_Alpha158_csi300_custom_step0_s_20260803_14,98f47d3ebed349d4a6145d845772b375,0.009,,,
2397,2026-08-03,SH601100,0.11447860300540924,EXP_LinearModel_Alpha158_csi300_custom_step0_s_20260803_14,98f47d3ebed349d4a6145d845772b375,0.009,,,
2398,2026-08-03,SH600000,-0.057093548688711415,EXP_LGBModel_Alpha158_csi300_custom_step0_s_20260803_14,332948b11b3640a0bb507b772f399fd7,0.007,,,
2399,2026-08-03,SZ302132,-0.024848439960478756,EXP_LGBModel_Alpha158_csi300_custom_step0_s_20260803_14,a51528c3cbf24bcc8e6e69844f4ad8fc,0.14,,,
2400,2026-08-03,SZ301308,0.031144374865709697,EXP_LGBModel_Alpha158_csi300_custom_step0_s_20260803_14,a51528c3cbf24bcc8e6e69844f4ad8fc,0.14,,,
2401,2026-08-03,SZ000596,0.015667955550947136,EXP_CatBoostModel_Alpha158_csi300_custom_step0_s_20260803_14,cbc79b9284934daab3a53adf565f63d3,0.067,,,
2402,2026-08-03,SZ000568,0.010547416518209606,EXP_CatBoostModel_Alpha158_csi300_custom_step0_s_20260803_14,cbc79b9284934daab3a53adf565f63d3,0.067,,,
2403,2026-08-03,SZ000538,0.04224765767864235,EXP_CatBoostModel_Alpha158_csi300_custom_step0_s_20260803_14,cbc79b9284934daab3a53adf565f63d3,0.067,,,
2404,2026-08-03,SZ000425,-0.016230988761413906,EXP_CatBoostModel_Alpha158_csi300_custom_step0_s_20260803_14,cbc79b9284934daab3a53adf565f63d3,0.067,,,
2405,2026-08-03,SZ000408,-0.04027976744587565,EXP_CatBoostModel_Alpha158_csi300_custom_step0_s_20260803_14,cbc79b9284934daab3a53adf565f63d3,0.067,,,
2406,2026-08-03,SZ000338,-0.03189570966336933,EXP_CatBoostModel_Alpha158_csi300_custom_step0_s_20260803_14,cbc79b9284934daab3a53adf565f63d3,0.067,,,
2407,2026-08-03,SZ000617,-0.0027305424231751658,EXP_CatBoostModel_Alpha158_csi300_custom_step0_s_20260803_14,cbc79b9284934daab3a53adf565f63d3,0.067,,,
2408,2026-08-03,SZ000333,0.030376242273222318,EXP_CatBoostModel_Alpha158_csi300_custom_step0_s_20260803_14,cbc79b9284934daab3a53adf565f63d3,0.067,,,
2409,2026-08-03,SZ000166,0.040709816066333254,EXP_CatBoostModel_Alpha158_csi300_custom_step0_s_20260803_14,cbc79b9284934daab3a53adf565f63d3,0.067,,,
2410,2026-08-03,SZ000157,0.027373153300150124,EXP_CatBoostModel_Alpha158_csi300_custom_step0_s_20260803_14,cbc79b9284934daab3a53adf565f63d3,0.067,,,
2411,2026-08-03,SZ000100,-0.00552375754167731,EXP_CatBoostModel_Alpha158_csi300_custom_step0_s_20260803_14,cbc79b9284934daab3a53adf565f63d3,0.067,,,
2412,2026-08-03,SZ000063,-0.034539474720404494,EXP_CatBoostModel_Alpha158_csi300_custom_step0_s_20260803_14,cbc79b9284934daab3a53adf565f63d3,0.067,,,
2413,2026-08-03,SZ000002,-0.11493410779619007,EXP_CatBoostModel_Alpha158_csi300_custom_step0_s_20260803_14,cbc79b9284934daab3a53adf565f63d3,0.067,,,
2414,2026-08-03,SZ000001,0.005801995950176703,EXP_CatBoostModel_Alpha158_csi300_custom_step0_s_20260803_14,cbc79b9284934daab3a53adf565f63d3,0.067,,,
2415,2026-08-03,SZ000301,-0.05370687950192067,EXP_CatBoostModel_Alpha158_csi300_custom_step0_s_20260803_14,cbc79b9284934daab3a53adf565f63d3,0.067,,,
2416,2026-08-03,SZ000625,0.025138178334112884,EXP_CatBoostModel_Alpha158_csi300_custom_step0_s_20260803_14,cbc79b9284934daab3a53adf565f63d3,0.067,,,
2417,2026-08-03,SZ000630,-0.0009442952866694265,EXP_CatBoostModel_Alpha158_csi300_custom_step0_s_20260803_14,cbc79b9284934daab3a53adf565f63d3,0.067,,,
2418,2026-08-03,SZ000651,0.042407880062375586,EXP_CatBoostModel_Alpha158_csi300_custom_step0_s_20260803_14,cbc79b9284934daab3a53adf565f63d3,0.067,,,
2419,2026-08-03,SZ000999,0.013756914610596097,EXP_CatBoostModel_Alpha158_csi300_custom_step0_s_20260803_14,cbc79b9284934daab3a53adf565f63d3,0.067,,,
2420,2026-08-03,SZ000988,0.019350292585689887,EXP_CatBoostModel_Alpha158_csi300_custom_step0_s_20260803_14,cbc79b9284934daab3a53adf565f63d3,0.067,,,
2421,2026-08-03,SZ000977,0.11720358879316073,EXP_CatBoostModel_Alpha158_csi300_custom_step0_s_20260803_14,cbc79b9284934daab3a53adf565f63d3,0.067,,,
2422,2026-08-03,SZ000975,-0.04063868435932016,EXP_CatBoostModel_Alpha158_csi300_custom_step0_s_20260803_14,cbc79b9284934daab3a53adf565f63d3,0.067,,,
2423,2026-08-03,SZ000963,-0.036141027937523544,EXP_CatBoostModel_Alpha158_csi300_custom_step0_s_20260803_14,cbc79b9284934daab3a53adf565f63d3,0.067,,,
2424,2026-08-03,SZ000938,0.09457898531607534,EXP_CatBoostModel_Alpha158_csi300_custom_step0_s_20260803_14,cbc79b9284934daab3a53adf565f63d3,0.067,,,
2425,2026-08-03,SZ000895,0.014559376779385787,EXP_CatBoostModel_Alpha158_csi300_custom_step0_s_20260803_14,cbc79b9284934daab3a53adf565f63d3,0.067,,,
2426,2026-08-03,SZ000858,0.008222965237914113,EXP_CatBoostModel_Alpha158_csi300_custom_step0_s_20260803_14,cbc79b9284934daab3a53adf565f63d3,0.067,,,
2427,2026-08-03,SZ000807,-0.03717522362890131,EXP_CatBoostModel_Alpha158_csi300_custom_step0_s_20260803_14,cbc79b9284934daab3a53adf565f63d3,0.067,,,
2428,2026-08-03,SZ000792,-0.055099729009312835,EXP_CatBoostModel_Alpha158_csi300_custom_step0_s_20260803_14,cbc79b9284934daab3a53adf565f63d3,0.067,,,
2429,2026-08-03,SZ000776,0.00937576906299691,EXP_CatBoostModel_Alpha158_csi300_custom_step0_s_20260803_14,cbc79b9284934daab3a53adf565f63d3,0.067,,,
2430,2026-08-03,SZ000768,-0.021108135461036803,EXP_CatBoostModel_Alpha158_csi300_custom_step0_s_20260803_14,cbc79b9284934daab3a53adf565f63d3,0.067,,,
2431,2026-08-03,SZ000725,0.11973547996039346,EXP_CatBoostModel_Alpha158_csi300_custom_step0_s_20260803_14,cbc79b9284934daab3a53adf565f63d3,0.067,,,
2432,2026-08-03,SZ000708,0.011995201483613068,EXP_CatBoostModel_Alpha158_csi300_custom_step0_s_20260803_14,cbc79b9284934daab3a53adf565f63d3,0.067,,,
2433,2026-08-03,SZ000657,0.06497394491068108,EXP_CatBoostModel_Alpha158_csi300_custom_step0_s_20260803_14,cbc79b9284934daab3a53adf565f63d3,0.067,,,
2434,2026-08-03,SH688981,0.04855938417355739,EXP_CatBoostModel_Alpha158_csi300_custom_step0_s_20260803_14,cbc79b9284934daab3a53adf565f63d3,0.067,,,
2435,2026-08-03,SH688521,0.11557737300767716,EXP_CatBoostModel_Alpha158_csi300_custom_step0_s_20260803_14,cbc79b9284934daab3a53adf565f63d3,0.067,,,
2436,2026-08-03,SH688506,-0.02093347409073882,EXP_CatBoostModel_Alpha158_csi300_custom_step0_s_20260803_14,cbc79b9284934daab3a53adf565f63d3,0.067,,,
2437,2026-08-03,SH688472,-0.04675185897533183,EXP_CatBoostModel_Alpha158_csi300_custom_step0_s_20260803_14,cbc79b9284934daab3a53adf565f63d3,0.067,,,
2438,2026-08-03,SH603986,-0.010718316071041982,EXP_CatBoostModel_Alpha158_csi300_custom_step0_s_20260803_14,cbc79b9284934daab3a53adf565f63d3,0.067,,,
2439,2026-08-03,SH603893,-0.006926909439281418,EXP_CatBoostModel_Alpha158_csi300_custom_step0_s_20260803_14,cbc79b9284934daab3a53adf565f63d3,0.067,,,
2440,2026-08-03,SH603799,0.08263821950326637,EXP_CatBoostModel_Alpha158_csi300_custom_step0_s_20260803_14,cbc79b9284934daab3a53adf565f63d3,0.067,,,
2441,2026-08-03,SH603501,-0.027153306565361926,EXP_CatBoostModel_Alpha158_csi300_custom_step0_s_20260803_14,cbc79b9284934daab3a53adf565f63d3,0.067,,,
2442,2026-08-03,SH603392,-0.030040899304266674,EXP_CatBoostModel_Alpha158_csi300_custom_step0_s_20260803_14,cbc79b9284934daab3a53adf565f63d3,0.067,,,
2443,2026-08-03,SH603369,0.033643715134910386,EXP_CatBoostModel_Alpha158_csi300_custom_step0_s_20260803_14,cbc79b9284934daab3a53adf565f63d3,0.067,,,
2444,2026-08-03,SH603296,-0.08393280558877216,EXP_CatBoostModel_Alpha158_csi300_custom_step0_s_20260803_14,cbc79b9284934daab3a53adf565f63d3,0.067,,,
2445,2026-08-03,SH603288,0.052259140103728605,EXP_CatBoostModel_Alpha158_csi300_custom_step0_s_20260803_14,cbc79b9284934daab3a53adf565f63d3,0.067,,,
2446,2026-08-03,SH603260,0.12108508992057543,EXP_CatBoostModel_Alpha158_csi300_custom_step0_s_20260803_14,cbc79b9284934daab3a53adf565f63d3,0.067,,,
2447,2026-08-03,SH603259,-0.02584014054254507,EXP_CatBoostModel_Alpha158_csi300_custom_step0_s_20260803_14,cbc79b9284934daab3a53adf565f63d3,0.067,,,
2448,2026-08-03,SH603019,0.014430482424900854,EXP_CatBoostModel_Alpha158_csi300_custom_step0_s_20260803_14,cbc79b9284934daab3a53adf565f63d3,0.067,,,
2449,2026-08-03,SH601998,-0.05981600497790304,EXP_CatBoostModel_Alpha158_csi300_custom_step0_s_20260803_14,cbc79b9284934daab3a53adf565f63d3,0.067,,,
2450,2026-08-03,SH601995,-0.00373678487872831,EXP_CatBoostModel_Alpha158_csi300_custom_step0_s_20260803_14,cbc79b9284934daab3a53adf565f63d3,0.067,,,
2451,2026-08-03,SH601988,-0.003603555045379981,EXP_CatBoostModel_Alpha158_csi300_custom_step0_s_20260803_14,cbc79b9284934daab3a53adf565f63d3,0.067,,,
2452,2026-08-03,SH601985,0.05672548364387889,EXP_CatBoostModel_Alpha158_csi300_custom_step0_s_20260803_14,cbc79b9284934daab3a53adf565f63d3,0.067,,,
2453,2026-08-03,SH603993,-0.02741344293984525,EXP_CatBoostModel_Alpha158_csi300_custom_step0_s_20260803_14,cbc79b9284934daab3a53adf565f63d3,0.067,,,
2454,2026-08-03,SZ001280,-0.004557484270403275,EXP_CatBoostModel_Alpha158_csi300_custom_step0_s_20260803_14,cbc79b9284934daab3a53adf565f63d3,0.067,,,
2455,2026-08-03,SH605117,0.0008067005609111764,EXP_CatBoostModel_Alpha158_csi300_custom_step0_s_20260803_14,cbc79b9284934daab3a53adf565f63d3,0.067,,,
2456,2026-08-03,SH688008,0.20663282716699485,EXP_CatBoostModel_Alpha158_csi300_custom_step0_s_20260803_14,cbc79b9284934daab3a53adf565f63d3,0.067,,,
2457,2026-08-03,SH688396,0.12465621205923898,EXP_CatBoostModel_Alpha158_csi300_custom_step0_s_20260803_14,cbc79b9284934daab3a53adf565f63d3,0.067,,,
2458,2026-08-03,SH688303,-0.09671187830497611,EXP_CatBoostModel_Alpha158_csi300_custom_step0_s_20260803_14,cbc79b9284934daab3a53adf565f63d3,0.067,,,
2459,2026-08-03,SH688271,-0.04432944765494104,EXP_CatBoostModel_Alpha158_csi300_custom_step0_s_20260803_14,cbc79b9284934daab3a53adf565f63d3,0.067,,,
2460,2026-08-03,SH688256,0.030259121085959077,EXP_CatBoostModel_Alpha158_csi300_custom_step0_s_20260803_14,cbc79b9284934daab3a53adf565f63d3,0.067,,,
2461,2026-08-03,SH688223,-0.029397551265411992,EXP_CatBoostModel_Alpha158_csi300_custom_step0_s_20260803_14,cbc79b9284934daab3a53adf565f63d3,0.067,,,
2462,2026-08-03,SH688183,0.06182472175181342,EXP_CatBoostModel_Alpha158_csi300_custom_step0_s_20260803_14,cbc79b9284934daab3a53adf565f63d3,0.067,,,
2463,2026-08-03,SH688126,0.00929792928212664,EXP_CatBoostModel_Alpha158_csi300_custom_step0_s_20260803_14,cbc79b9284934daab3a53adf565f63d3,0.067,,,
2464,2026-08-03,SH688111,-0.010045256998219032,EXP_CatBoostModel_Alpha158_csi300_custom_step0_s_20260803_14,cbc79b9284934daab3a53adf565f63d3,0.067,,,
2465,2026-08-03,SH688082,0.20193766242267952,EXP_CatBoostModel_Alpha158_csi300_custom_step0_s_20260803_14,cbc79b9284934daab3a53adf565f63d3,0.067,,,
2466,2026-08-03,SH688072,0.11148553625577677,EXP_CatBoostModel_Alpha158_csi300_custom_step0_s_20260803_14,cbc79b9284934daab3a53adf565f63d3,0.067,,,
2467,2026-08-03,SH688047,0.0794101447731325,EXP_CatBoostModel_Alpha158_csi300_custom_step0_s_20260803_14,cbc79b9284934daab3a53adf565f63d3,0.067,,,
2468,2026-08-03,SH688041,0.046221981336192,EXP_CatBoostModel_Alpha158_csi300_custom_step0_s_20260803_14,cbc79b9284934daab3a53adf565f63d3,0.067,,,
2469,2026-08-03,SH688036,0.025831355883768073,EXP_CatBoostModel_Alpha158_csi300_custom_step0_s_20260803_14,cbc79b9284934daab3a53adf565f63d3,0.067,,,
2470,2026-08-03,SH688012,0.12425062239665216,EXP_CatBoostModel_Alpha158_csi300_custom_step0_s_20260803_14,cbc79b9284934daab3a53adf565f63d3,0.067,,,
2471,2026-08-03,SH688009,0.02907403604762295,EXP_CatBoostModel_Alpha158_csi300_custom_step0_s_20260803_14,cbc79b9284934daab3a53adf565f63d3,0.067,,,
2472,2026-08-03,SH605499,0.009065479245305945,EXP_CatBoostModel_Alpha158_csi300_custom_step0_s_20260803_14,cbc79b9284934daab3a53adf565f63d3,0.067,,,
2473,2026-08-03,SH601939,-0.024483788947669057,EXP_CatBoostModel_Alpha158_csi300_custom_step0_s_20260803_14,cbc79b9284934daab3a53adf565f63d3,0.067,,,
2474,2026-08-03,SZ001391,0.013570018968250226,EXP_CatBoostModel_Alpha158_csi300_custom_step0_s_20260803_14,cbc79b9284934daab3a53adf565f63d3,0.067,,,
2475,2026-08-03,SZ001979,-0.08103156052833456,EXP_CatBoostModel_Alpha158_csi300_custom_step0_s_20260803_14,cbc79b9284934daab3a53adf565f63d3,0.067,,,
2476,2026-08-03,SZ300408,0.127357452424137,EXP_CatBoostModel_Alpha158_csi300_custom_step0_s_20260803_14,cbc79b9284934daab3a53adf565f63d3,0.067,,,
2477,2026-08-03,SZ300394,0.12963610885761612,EXP_CatBoostModel_Alpha158_csi300_custom_step0_s_20260803_14,cbc79b9284934daab3a53adf565f63d3,0.067,,,
2478,2026-08-03,SZ300316,0.15198628818098364,EXP_CatBoostModel_Alpha158_csi300_custom_step0_s_20260803_14,cbc79b9284934daab3a53adf565f63d3,0.067,,,
2479,2026-08-03,SZ300308,0.19318450838091827,EXP_CatBoostModel_Alpha158_csi300_custom_step0_s_20260803_14,cbc79b9284934daab3a53adf565f63d3,0.067,,,
2480,2026-08-03,SZ300274,0.038144327561058566,EXP_CatBoostModel_Alpha158_csi300_custom_step0_s_20260803_14,cbc79b9284934daab3a53adf565f63d3,0.067,,,
2481,2026-08-03,SZ300251,-0.03705586650787046,EXP_CatBoostModel_Alpha158_csi300_custom_step0_s_20260803_14,cbc79b9284934daab3a53adf565f63d3,0.067,,,
2482,2026-08-03,SZ300413,-0.02964731626445136,EXP_CatBoostModel_Alpha158_csi300_custom_step0_s_20260803_14,cbc79b9284934daab3a53adf565f63d3,0.067,,,
2483,2026-08-03,SZ300124,0.030057667961494734,EXP_CatBoostModel_Alpha158_csi300_custom_step0_s_20260803_14,cbc79b9284934daab3a53adf565f63d3,0.067,,,
2484,2026-08-03,SZ300059,-0.004423875862950208,EXP_CatBoostModel_Alpha158_csi300_custom_step0_s_20260803_14,cbc79b9284934daab3a53adf565f63d3,0.067,,,
2485,2026-08-03,SZ300033,-0.03695850024091099,EXP_CatBoostModel_Alpha158_csi300_custom_step0_s_20260803_14,cbc79b9284934daab3a53adf565f63d3,0.067,,,
2486,2026-08-03,SZ300015,-0.012232603522405539,EXP_CatBoostModel_Alpha158_csi300_custom_step0_s_20260803_14,cbc79b9284934daab3a53adf565f63d3,0.067,,,
2487,2026-08-03,SZ300014,-0.004068464789732926,EXP_CatBoostModel_Alpha158_csi300_custom_step0_s_20260803_14,cbc79b9284934daab3a53adf565f63d3,0.067,,,
2488,2026-08-03,SZ003816,-0.013732131998035411,EXP_CatBoostModel_Alpha158_csi300_custom_step0_s_20260803_14,cbc79b9284934daab3a53adf565f63d3,0.067,,,
2489,2026-08-03,SZ002938,0.07609568413067318,EXP_CatBoostModel_Alpha158_csi300_custom_step0_s_20260803_14,cbc79b9284934daab3a53adf565f63d3,0.067,,,
2490,2026-08-03,SZ300122,-0.09412413427305895,EXP_CatBoostModel_Alpha158_csi300_custom_step0_s_20260803_14,cbc79b9284934daab3a53adf565f63d3,0.067,,,
2491,2026-08-03,SZ300418,0.035983957083013704,EXP_CatBoostModel_Alpha158_csi300_custom_step0_s_20260803_14,cbc79b9284934daab3a53adf565f63d3,0.067,,,
2492,2026-08-03,SZ300433,0.08844803428897532,EXP_CatBoostModel_Alpha158_csi300_custom_step0_s_20260803_14,cbc79b9284934daab3a53adf565f63d3,0.067,,,
2493,2026-08-03,SZ300442,0.12041891479514867,EXP_CatBoostModel_Alpha158_csi300_custom_step0_s_20260803_14,cbc79b9284934daab3a53adf565f63d3,0.067,,,
2494,2026-08-03,SZ301236,0.016266594633661143,EXP_CatBoostModel_Alpha158_csi300_custom_step0_s_20260803_14,cbc79b9284934daab3a53adf565f63d3,0.067,,,
2495,2026-08-03,SZ301165,0.1505004677682658,EXP_CatBoostModel_Alpha158_csi300_custom_step0_s_20260803_14,cbc79b9284934daab3a53adf565f63d3,0.067,,,
2496,2026-08-03,SZ300999,0.02527332343989302,EXP_CatBoostModel_Alpha158_csi300_custom_step0_s_20260803_14,cbc79b9284934daab3a53adf565f63d3,0.067,,,
2497,2026-08-03,SZ300896,-0.0073227443449120555,EXP_CatBoostModel_Alpha158_csi300_custom_step0_s_20260803_14,cbc79b9284934daab3a53adf565f63d3,0.067,,,
2498,2026-08-03,SZ300866,-0.028972542486399917,EXP_CatBoostModel_Alpha158_csi300_custom_step0_s_20260803_14,cbc79b9284934daab3a53adf565f63d3,0.067,,,
2499,2026-08-03,SZ300832,0.005432779131449199,EXP_CatBoostModel_Alpha158_csi300_custom_step0_s_20260803_14,cbc79b9284934daab3a53adf565f63d3,0.067,,,
2500,2026-08-03,SZ300803,-0.012241309870491922,EXP_CatBoostModel_Alpha158_csi300_custom_step0_s_20260803_14,cbc79b9284934daab3a53adf565f63d3,0.067,,,
2501,2026-08-03,SZ300760,0.027225312975559756,EXP_CatBoostModel_Alpha158_csi300_custom_step0_s_20260803_14,cbc79b9284934daab3a53adf565f63d3,0.067,,,
2502,2026-08-03,SZ300750,-0.013532181948127851,EXP_CatBoostModel_Alpha158_csi300_custom_step0_s_20260803_14,cbc79b9284934daab3a53adf565f63d3,0.067,,,
2503,2026-08-03,SZ300661,0.041265825394553,EXP_CatBoostModel_Alpha158_csi300_custom_step0_s_20260803_14,cbc79b9284934daab3a53adf565f63d3,0.067,,,
2504,2026-08-03,SZ300628,-0.016969707612142813,EXP_CatBoostModel_Alpha158_csi300_custom_step0_s_20260803_14,cbc79b9284934daab3a53adf565f63d3,0.067,,,
2505,2026-08-03,SZ300502,0.1517806450446875,EXP_CatBoostModel_Alpha158_csi300_custom_step0_s_20260803_14,cbc79b9284934daab3a53adf565f63d3,0.067,,,
2506,2026-08-03,SZ300498,0.007041967925077396,EXP_CatBoostModel_Alpha158_csi300_custom_step0_s_20260803_14,cbc79b9284934daab3a53adf565f63d3,0.067,,,
2507,2026-08-03,SZ300476,0.09535787097746212,EXP_CatBoostModel_Alpha158_csi300_custom_step0_s_20260803_14,cbc79b9284934daab3a53adf565f63d3,0.067,,,
2508,2026-08-03,SZ300450,0.10100846257767236,EXP_CatBoostModel_Alpha158_csi300_custom_step0_s_20260803_14,cbc79b9284934daab3a53adf565f63d3,0.067,,,
2509,2026-08-03,SZ002920,-0.05565881901163188,EXP_CatBoostModel_Alpha158_csi300_custom_step0_s_20260803_14,cbc79b9284934daab3a53adf565f63d3,0.067,,,
2510,2026-08-03,SZ002916,0.08226017506567501,EXP_CatBoostModel_Alpha158_csi300_custom_step0_s_20260803_14,cbc79b9284934daab3a53adf565f63d3,0.067,,,
2511,2026-08-03,SZ002837,0.02463072177209689,EXP_CatBoostModel_Alpha158_csi300_custom_step0_s_20260803_14,cbc79b9284934daab3a53adf565f63d3,0.067,,,
2512,2026-08-03,SZ002736,0.051365169825363724,EXP_CatBoostModel_Alpha158_csi300_custom_step0_s_20260803_14,cbc79b9284934daab3a53adf565f63d3,0.067,,,
2513,2026-08-03,SZ002352,0.01401016188956796,EXP_CatBoostModel_Alpha158_csi300_custom_step0_s_20260803_14,cbc79b9284934daab3a53adf565f63d3,0.067,,,
2514,2026-08-03,SZ002311,0.04260545048741627,EXP_CatBoostModel_Alpha158_csi300_custom_step0_s_20260803_14,cbc79b9284934daab3a53adf565f63d3,0.067,,,
2515,2026-08-03,SZ002304,0.038677753216916105,EXP_CatBoostModel_Alpha158_csi300_custom_step0_s_20260803_14,cbc79b9284934daab3a53adf565f63d3,0.067,,,
2516,2026-08-03,SZ002241,-0.04491906276609203,EXP_CatBoostModel_Alpha158_csi300_custom_step0_s_20260803_14,cbc79b9284934daab3a53adf565f63d3,0.067,,,
2517,2026-08-03,SZ002236,0.011466641483267105,EXP_CatBoostModel_Alpha158_csi300_custom_step0_s_20260803_14,cbc79b9284934daab3a53adf565f63d3,0.067,,,
2518,2026-08-03,SZ002230,-0.0038178885687154824,EXP_CatBoostModel_Alpha158_csi300_custom_step0_s_20260803_14,cbc79b9284934daab3a53adf565f63d3,0.067,,,
2519,2026-08-03,SZ002202,0.07185062420665388,EXP_CatBoostModel_Alpha158_csi300_custom_step0_s_20260803_14,cbc79b9284934daab3a53adf565f63d3,0.067,,,
2520,2026-08-03,SZ002179,0.13140477146141766,EXP_CatBoostModel_Alpha158_csi300_custom_step0_s_20260803_14,cbc79b9284934daab3a53adf565f63d3,0.067,,,
2521,2026-08-03,SZ002142,0.017039520004618607,EXP_CatBoostModel_Alpha158_csi300_custom_step0_s_20260803_14,cbc79b9284934daab3a53adf565f63d3,0.067,,,
2522,2026-08-03,SZ002074,-0.02547287455492044,EXP_CatBoostModel_Alpha158_csi300_custom_step0_s_20260803_14,cbc79b9284934daab3a53adf565f63d3,0.067,,,
2523,2026-08-03,SZ002050,0.01383911445006114,EXP_CatBoostModel_Alpha158_csi300_custom_step0_s_20260803_14,cbc79b9284934daab3a53adf565f63d3,0.067,,,
2524,2026-08-03,SZ002049,0.07797785541167426,EXP_CatBoostModel_Alpha158_csi300_custom_step0_s_20260803_14,cbc79b9284934daab3a53adf565f63d3,0.067,,,
2525,2026-08-03,SZ002028,-0.022149299452723883,EXP_CatBoostModel_Alpha158_csi300_custom_step0_s_20260803_14,cbc79b9284934daab3a53adf565f63d3,0.067,,,
2526,2026-08-03,SZ002027,0.01967946228032563,EXP_CatBoostModel_Alpha158_csi300_custom_step0_s_20260803_14,cbc79b9284934daab3a53adf565f63d3,0.067,,,
2527,2026-08-03,SZ002001,-0.05926516311137418,EXP_CatBoostModel_Alpha158_csi300_custom_step0_s_20260803_14,cbc79b9284934daab3a53adf565f63d3,0.067,,,
2528,2026-08-03,SZ002353,0.19685744614241504,EXP_CatBoostModel_Alpha158_csi300_custom_step0_s_20260803_14,cbc79b9284934daab3a53adf565f63d3,0.067,,,
2529,2026-08-03,SZ001965,0.003884997757795133,EXP_CatBoostModel_Alpha158_csi300_custom_step0_s_20260803_14,cbc79b9284934daab3a53adf565f63d3,0.067,,,
2530,2026-08-03,SZ002371,0.14695378933505682,EXP_CatBoostModel_Alpha158_csi300_custom_step0_s_20260803_14,cbc79b9284934daab3a53adf565f63d3,0.067,,,
2531,2026-08-03,SZ002415,0.013690409884398952,EXP_CatBoostModel_Alpha158_csi300_custom_step0_s_20260803_14,cbc79b9284934daab3a53adf565f63d3,0.067,,,
2532,2026-08-03,SZ002714,0.004256519508828278,EXP_CatBoostModel_Alpha158_csi300_custom_step0_s_20260803_14,cbc79b9284934daab3a53adf565f63d3,0.067,,,
2533,2026-08-03,SZ002709,0.14750515994077243,EXP_CatBoostModel_Alpha158_csi300_custom_step0_s_20260803_14,cbc79b9284934daab3a53adf565f63d3,0.067,,,
2534,2026-08-03,SZ002648,-0.00030476171648640256,EXP_CatBoostModel_Alpha158_csi300_custom_step0_s_20260803_14,cbc79b9284934daab3a53adf565f63d3,0.067,,,
2535,2026-08-03,SZ002625,-0.08322072520102688,EXP_CatBoostModel_Alpha158_csi300_custom_step0_s_20260803_14,cbc79b9284934daab3a53adf565f63d3,0.067,,,
2536,2026-08-03,SZ002602,-0.0314653894901371,EXP_CatBoostModel_Alpha158_csi300_custom_step0_s_20260803_14,cbc79b9284934daab3a53adf565f63d3,0.067,,,
2537,2026-08-03,SZ002600,0.24428942401457135,EXP_CatBoostModel_Alpha158_csi300_custom_step0_s_20260803_14,cbc79b9284934daab3a53adf565f63d3,0.067,,,
2538,2026-08-03,SZ002594,0.029549118492735667,EXP_CatBoostModel_Alpha158_csi300_custom_step0_s_20260803_14,cbc79b9284934daab3a53adf565f63d3,0.067,,,
2539,2026-08-03,SZ002558,0.025359712230618073,EXP_CatBoostModel_Alpha158_csi300_custom_step0_s_20260803_14,cbc79b9284934daab3a53adf565f63d3,0.067,,,
2540,2026-08-03,SZ002532,-0.0029642652303233413,EXP_CatBoostModel_Alpha158_csi300_custom_step0_s_20260803_14,cbc79b9284934daab3a53adf565f63d3,0.067,,,
2541,2026-08-03,SZ002493,-0.04765323237890167,EXP_CatBoostModel_Alpha158_csi300_custom_step0_s_20260803_14,cbc79b9284934daab3a53adf565f63d3,0.067,,,
2542,2026-08-03,SZ002475,-0.014104279446544528,EXP_CatBoostModel_Alpha158_csi300_custom_step0_s_20260803_14,cbc79b9284934daab3a53adf565f63d3,0.067,,,
2543,2026-08-03,SZ002466,0.1499095074065637,EXP_CatBoostModel_Alpha158_csi300_custom_step0_s_20260803_14,cbc79b9284934daab3a53adf565f63d3,0.067,,,
2544,2026-08-03,SZ002463,0.09837206843037051,EXP_CatBoostModel_Alpha158_csi300_custom_step0_s_20260803_14,cbc79b9284934daab3a53adf565f63d3,0.067,,,
2545,2026-08-03,SZ002460,0.14837828377401593,EXP_CatBoostModel_Alpha158_csi300_custom_step0_s_20260803_14,cbc79b9284934daab3a53adf565f63d3,0.067,,,
2546,2026-08-03,SZ002422,0.07736422689747854,EXP_CatBoostModel_Alpha158_csi300_custom_step0_s_20260803_14,cbc79b9284934daab3a53adf565f63d3,0.067,,,
2547,2026-08-03,SZ002384,0.11572930979103634,EXP_CatBoostModel_Alpha158_csi300_custom_step0_s_20260803_14,cbc79b9284934daab3a53adf565f63d3,0.067,,,
2548,2026-08-03,SZ301269,0.05098197160821184,EXP_CatBoostModel_Alpha158_csi300_custom_step0_s_20260803_14,cbc79b9284934daab3a53adf565f63d3,0.067,,,
2549,2026-08-03,SH601919,0.009405601721658765,EXP_CatBoostModel_Alpha158_csi300_custom_step0_s_20260803_14,cbc79b9284934daab3a53adf565f63d3,0.067,,,
2550,2026-08-03,SH601901,0.028507681087169983,EXP_CatBoostModel_Alpha158_csi300_custom_step0_s_20260803_14,cbc79b9284934daab3a53adf565f63d3,0.067,,,
2551,2026-08-03,SH600522,0.07595148882232716,EXP_CatBoostModel_Alpha158_csi300_custom_step0_s_20260803_14,cbc79b9284934daab3a53adf565f63d3,0.067,,,
2552,2026-08-03,SH600519,0.00894822716966953,EXP_CatBoostModel_Alpha158_csi300_custom_step0_s_20260803_14,cbc79b9284934daab3a53adf565f63d3,0.067,,,
2553,2026-08-03,SH600515,-0.04655636091654722,EXP_CatBoostModel_Alpha158_csi300_custom_step0_s_20260803_14,cbc79b9284934daab3a53adf565f63d3,0.067,,,
2554,2026-08-03,SH600489,-0.04372757306271162,EXP_CatBoostModel_Alpha158_csi300_custom_step0_s_20260803_14,cbc79b9284934daab3a53adf565f63d3,0.067,,,
2555,2026-08-03,SH600482,0.0003678540333876255,EXP_CatBoostModel_Alpha158_csi300_custom_step0_s_20260803_14,cbc79b9284934daab3a53adf565f63d3,0.067,,,
2556,2026-08-03,SH600460,0.07504787913112847,EXP_CatBoostModel_Alpha158_csi300_custom_step0_s_20260803_14,cbc79b9284934daab3a53adf565f63d3,0.067,,,
2557,2026-08-03,SH600547,-0.0490334875990105,EXP_CatBoostModel_Alpha158_csi300_custom_step0_s_20260803_14,cbc79b9284934daab3a53adf565f63d3,0.067,,,
2558,2026-08-03,SH600438,0.13546362860829791,EXP_CatBoostModel_Alpha158_csi300_custom_step0_s_20260803_14,cbc79b9284934daab3a53adf565f63d3,0.067,,,
2559,2026-08-03,SH600426,-0.006771532850264501,EXP_CatBoostModel_Alpha158_csi300_custom_step0_s_20260803_14,cbc79b9284934daab3a53adf565f63d3,0.067,,,
2560,2026-08-03,SH600415,-0.03197095118399738,EXP_CatBoostModel_Alpha158_csi300_custom_step0_s_20260803_14,cbc79b9284934daab3a53adf565f63d3,0.067,,,
2561,2026-08-03,SH600406,-0.017255065146918536,EXP_CatBoostModel_Alpha158_csi300_custom_step0_s_20260803_14,cbc79b9284934daab3a53adf565f63d3,0.067,,,
2562,2026-08-03,SH600372,0.021398019426594982,EXP_CatBoostModel_Alpha158_csi300_custom_step0_s_20260803_14,cbc79b9284934daab3a53adf565f63d3,0.067,,,
2563,2026-08-03,SH600362,-0.018113279371703546,EXP_CatBoostModel_Alpha158_csi300_custom_step0_s_20260803_14,cbc79b9284934daab3a53adf565f63d3,0.067,,,
2564,2026-08-03,SH600346,-0.053050847620746765,EXP_CatBoostModel_Alpha158_csi300_custom_step0_s_20260803_14,cbc79b9284934daab3a53adf565f63d3,0.067,,,
2565,2026-08-03,SH600436,-0.00265820369293183,EXP_CatBoostModel_Alpha158_csi300_custom_step0_s_20260803_14,cbc79b9284934daab3a53adf565f63d3,0.067,,,
2566,2026-08-03,SH600549,0.07204390961525432,EXP_CatBoostModel_Alpha158_csi300_custom_step0_s_20260803_14,cbc79b9284934daab3a53adf565f63d3,0.067,,,
2567,2026-08-03,SH600570,-0.021477851607300723,EXP_CatBoostModel_Alpha158_csi300_custom_step0_s_20260803_14,cbc79b9284934daab3a53adf565f63d3,0.067,,,
2568,2026-08-03,SH600584,0.2092813052666152,EXP_CatBoostModel_Alpha158_csi300_custom_step0_s_20260803_14,cbc79b9284934daab3a53adf565f63d3,0.067,,,
2569,2026-08-03,SH600887,0.02429483867763641,EXP_CatBoostModel_Alpha158_csi300_custom_step0_s_20260803_14,cbc79b9284934daab3a53adf565f63d3,0.067,,,
2570,2026-08-03,SH600886,0.029875853594168528,EXP_CatBoostModel_Alpha158_csi300_custom_step0_s_20260803_14,cbc79b9284934daab3a53adf565f63d3,0.067,,,
2571,2026-08-03,SH600875,-0.010168839741464123,EXP_CatBoostModel_Alpha158_csi300_custom_step0_s_20260803_14,cbc79b9284934daab3a53adf565f63d3,0.067,,,
2572,2026-08-03,SH600845,0.019468685126171913,EXP_CatBoostModel_Alpha158_csi300_custom_step0_s_20260803_14,cbc79b9284934daab3a53adf565f63d3,0.067,,,
2573,2026-08-03,SH600809,0.028070669926629096,EXP_CatBoostModel_Alpha158_csi300_custom_step0_s_20260803_14,cbc79b9284934daab3a53adf565f63d3,0.067,,,
2574,2026-08-03,SH600803,-0.04923234895617234,EXP_CatBoostModel_Alpha158_csi300_custom_step0_s_20260803_14,cbc79b9284934daab3a53adf565f63d3,0.067,,,
2575,2026-08-03,SH600795,0.014560076323123962,EXP_CatBoostModel_Alpha158_csi300_custom_step0_s_20260803_14,cbc79b9284934daab3a53adf565f63d3,0.067,,,
2576,2026-08-03,SH600760,0.007461905269852459,EXP_CatBoostModel_Alpha158_csi300_custom_step0_s_20260803_14,cbc79b9284934daab3a53adf565f63d3,0.067,,,
2577,2026-08-03,SH600741,0.03172449398366652,EXP_CatBoostModel_Alpha158_csi300_custom_step0_s_20260803_14,cbc79b9284934daab3a53adf565f63d3,0.067,,,
2578,2026-08-03,SH600690,0.03175089867379931,EXP_CatBoostModel_Alpha158_csi300_custom_step0_s_20260803_14,cbc79b9284934daab3a53adf565f63d3,0.067,,,
2579,2026-08-03,SH600674,0.008946553052871148,EXP_CatBoostModel_Alpha158_csi300_custom_step0_s_20260803_14,cbc79b9284934daab3a53adf565f63d3,0.067,,,
2580,2026-08-03,SH600660,0.04239963662723678,EXP_CatBoostModel_Alpha158_csi300_custom_step0_s_20260803_14,cbc79b9284934daab3a53adf565f63d3,0.067,,,
2581,2026-08-03,SH600600,0.02429312003633381,EXP_CatBoostModel_Alpha158_csi300_custom_step0_s_20260803_14,cbc79b9284934daab3a53adf565f63d3,0.067,,,
2582,2026-08-03,SH600588,-0.003687012253567035,EXP_CatBoostModel_Alpha158_csi300_custom_step0_s_20260803_14,cbc79b9284934daab3a53adf565f63d3,0.067,,,
2583,2026-08-03,SH600585,0.00951725333868304,EXP_CatBoostModel_Alpha158_csi300_custom_step0_s_20260803_14,cbc79b9284934daab3a53adf565f63d3,0.067,,,
2584,2026-08-03,SH600309,-0.028414292417173838,EXP_CatBoostModel_Alpha158_csi300_custom_step0_s_20260803_14,cbc79b9284934daab3a53adf565f63d3,0.067,,,
2585,2026-08-03,SH600276,0.0044319765883286755,EXP_CatBoostModel_Alpha158_csi300_custom_step0_s_20260803_14,cbc79b9284934daab3a53adf565f63d3,0.067,,,
2586,2026-08-03,SH600233,-0.07508670620338981,EXP_CatBoostModel_Alpha158_csi300_custom_step0_s_20260803_14,cbc79b9284934daab3a53adf565f63d3,0.067,,,
2587,2026-08-03,SH600221,0.030963455490885396,EXP_CatBoostModel_Alpha158_csi300_custom_step0_s_20260803_14,cbc79b9284934daab3a53adf565f63d3,0.067,,,
2588,2026-08-03,SH600031,-0.014843861490406743,EXP_CatBoostModel_Alpha158_csi300_custom_step0_s_20260803_14,cbc79b9284934daab3a53adf565f63d3,0.067,,,
2589,2026-08-03,SH600030,0.03366732081492587,EXP_CatBoostModel_Alpha158_csi300_custom_step0_s_20260803_14,cbc79b9284934daab3a53adf565f63d3,0.067,,,
2590,2026-08-03,SH600029,0.03433899852993664,EXP_CatBoostModel_Alpha158_csi300_custom_step0_s_20260803_14,cbc79b9284934daab3a53adf565f63d3,0.067,,,
2591,2026-08-03,SH600028,0.017491568078174955,EXP_CatBoostModel_Alpha158_csi300_custom_step0_s_20260803_14,cbc79b9284934daab3a53adf565f63d3,0.067,,,
2592,2026-08-03,SH600027,-0.0038084859436449564,EXP_CatBoostModel_Alpha158_csi300_custom_step0_s_20260803_14,cbc79b9284934daab3a53adf565f63d3,0.067,,,
2593,2026-08-03,SH600026,-0.0696574532532209,EXP_CatBoostModel_Alpha158_csi300_custom_step0_s_20260803_14,cbc79b9284934daab3a53adf565f63d3,0.067,,,
2594,2026-08-03,SH600025,0.025787531161271745,EXP_CatBoostModel_Alpha158_csi300_custom_step0_s_20260803_14,cbc79b9284934daab3a53adf565f63d3,0.067,,,
2595,2026-08-03,SH600023,0.010635807411890564,EXP_CatBoostModel_Alpha158_csi300_custom_step0_s_20260803_14,cbc79b9284934daab3a53adf565f63d3,0.067,,,
2596,2026-08-03,SH600019,0.02648178838289793,EXP_CatBoostModel_Alpha158_csi300_custom_step0_s_20260803_14,cbc79b9284934daab3a53adf565f63d3,0.067,,,
2597,2026-08-03,SH600018,0.03060089596898602,EXP_CatBoostModel_Alpha158_csi300_custom_step0_s_20260803_14,cbc79b9284934daab3a53adf565f63d3,0.067,,,
2598,2026-08-03,SH600016,0.018198603178641654,EXP_CatBoostModel_Alpha158_csi300_custom_step0_s_20260803_14,cbc79b9284934daab3a53adf565f63d3,0.067,,,
2599,2026-08-03,SH600015,0.007182154423374397,EXP_CatBoostModel_Alpha158_csi300_custom_step0_s_20260803_14,cbc79b9284934daab3a53adf565f63d3,0.067,,,
2600,2026-08-03,SH600011,-0.0105401235657906,EXP_CatBoostModel_Alpha158_csi300_custom_step0_s_20260803_14,cbc79b9284934daab3a53adf565f63d3,0.067,,,
2601,2026-08-03,SH600010,-0.025231925592974967,EXP_CatBoostModel_Alpha158_csi300_custom_step0_s_20260803_14,cbc79b9284934daab3a53adf565f63d3,0.067,,,
2602,2026-08-03,SH600009,0.012238063485700902,EXP_CatBoostModel_Alpha158_csi300_custom_step0_s_20260803_14,cbc79b9284934daab3a53adf565f63d3,0.067,,,
2603,2026-08-03,SH600036,0.008115408385509898,EXP_CatBoostModel_Alpha158_csi300_custom_step0_s_20260803_14,cbc79b9284934daab3a53adf565f63d3,0.067,,,
2604,2026-08-03,SH600893,-0.025949063543962612,EXP_CatBoostModel_Alpha158_csi300_custom_step0_s_20260803_14,cbc79b9284934daab3a53adf565f63d3,0.067,,,
2605,2026-08-03,SH600039,-0.00472849705976715,EXP_CatBoostModel_Alpha158_csi300_custom_step0_s_20260803_14,cbc79b9284934daab3a53adf565f63d3,0.067,,,
2606,2026-08-03,SH600050,0.011282223117559963,EXP_CatBoostModel_Alpha158_csi300_custom_step0_s_20260803_14,cbc79b9284934daab3a53adf565f63d3,0.067,,,
2607,2026-08-03,SH600219,-0.010477445376833358,EXP_CatBoostModel_Alpha158_csi300_custom_step0_s_20260803_14,cbc79b9284934daab3a53adf565f63d3,0.067,,,
2608,2026-08-03,SH600196,0.007565010960492084,EXP_CatBoostModel_Alpha158_csi300_custom_step0_s_20260803_14,cbc79b9284934daab3a53adf565f63d3,0.067,,,
2609,2026-08-03,SH600188,0.010441270718299518,EXP_CatBoostModel_Alpha158_csi300_custom_step0_s_20260803_14,cbc79b9284934daab3a53adf565f63d3,0.067,,,
2610,2026-08-03,SH600183,0.10654771261076705,EXP_CatBoostModel_Alpha158_csi300_custom_step0_s_20260803_14,cbc79b9284934daab3a53adf565f63d3,0.067,,,
2611,2026-08-03,SH600176,-0.05490895566031538,EXP_CatBoostModel_Alpha158_csi300_custom_step0_s_20260803_14,cbc79b9284934daab3a53adf565f63d3,0.067,,,
2612,2026-08-03,SH600160,0.07764562776406585,EXP_CatBoostModel_Alpha158_csi300_custom_step0_s_20260803_14,cbc79b9284934daab3a53adf565f63d3,0.067,,,
2613,2026-08-03,SH600150,-0.03297601946515067,EXP_CatBoostModel_Alpha158_csi300_custom_step0_s_20260803_14,cbc79b9284934daab3a53adf565f63d3,0.067,,,
2614,2026-08-03,SH600118,0.12953015862567346,EXP_CatBoostModel_Alpha158_csi300_custom_step0_s_20260803_14,cbc79b9284934daab3a53adf565f63d3,0.067,,,
2615,2026-08-03,SH600115,-0.006661787816614481,EXP_CatBoostModel_Alpha158_csi300_custom_step0_s_20260803_14,cbc79b9284934daab3a53adf565f63d3,0.067,,,
2616,2026-08-03,SH600111,0.08226021439568905,EXP_CatBoostModel_Alpha158_csi300_custom_step0_s_20260803_14,cbc79b9284934daab3a53adf565f63d3,0.067,,,
2617,2026-08-03,SH600104,0.004276249800820088,EXP_CatBoostModel_Alpha158_csi300_custom_step0_s_20260803_14,cbc79b9284934daab3a53adf565f63d3,0.067,,,
2618,2026-08-03,SH600089,-0.040787118371076875,EXP_CatBoostModel_Alpha158_csi300_custom_step0_s_20260803_14,cbc79b9284934daab3a53adf565f63d3,0.067,,,
2619,2026-08-03,SH600085,0.02568315566307519,EXP_CatBoostModel_Alpha158_csi300_custom_step0_s_20260803_14,cbc79b9284934daab3a53adf565f63d3,0.067,,,
2620,2026-08-03,SH600066,-0.023902114093820273,EXP_CatBoostModel_Alpha158_csi300_custom_step0_s_20260803_14,cbc79b9284934daab3a53adf565f63d3,0.067,,,
2621,2026-08-03,SH600061,0.04980938321473906,EXP_CatBoostModel_Alpha158_csi300_custom_step0_s_20260803_14,cbc79b9284934daab3a53adf565f63d3,0.067,,,
2622,2026-08-03,SH600048,-0.031952311624526455,EXP_CatBoostModel_Alpha158_csi300_custom_step0_s_20260803_14,cbc79b9284934daab3a53adf565f63d3,0.067,,,
2623,2026-08-03,SH601916,0.024781126489376692,EXP_CatBoostModel_Alpha158_csi300_custom_step0_s_20260803_14,cbc79b9284934daab3a53adf565f63d3,0.067,,,
2624,2026-08-03,SH600900,0.005274622100567413,EXP_CatBoostModel_Alpha158_csi300_custom_step0_s_20260803_14,cbc79b9284934daab3a53adf565f63d3,0.067,,,
2625,2026-08-03,SH600918,-0.00036859023415234293,EXP_CatBoostModel_Alpha158_csi300_custom_step0_s_20260803_14,cbc79b9284934daab3a53adf565f63d3,0.067,,,
2626,2026-08-03,SH601689,0.0322047003388091,EXP_CatBoostModel_Alpha158_csi300_custom_step0_s_20260803_14,cbc79b9284934daab3a53adf565f63d3,0.067,,,
2627,2026-08-03,SH601688,-0.012501589946184668,EXP_CatBoostModel_Alpha158_csi300_custom_step0_s_20260803_14,cbc79b9284934daab3a53adf565f63d3,0.067,,,
2628,2026-08-03,SH601669,0.01566148930903177,EXP_CatBoostModel_Alpha158_csi300_custom_step0_s_20260803_14,cbc79b9284934daab3a53adf565f63d3,0.067,,,
2629,2026-08-03,SH601668,0.029903018789453614,EXP_CatBoostModel_Alpha158_csi300_custom_step0_s_20260803_14,cbc79b9284934daab3a53adf565f63d3,0.067,,,
2630,2026-08-03,SH601658,0.04698806399272445,EXP_CatBoostModel_Alpha158_csi300_custom_step0_s_20260803_14,cbc79b9284934daab3a53adf565f63d3,0.067,,,
2631,2026-08-03,SH601633,0.018508524530190907,EXP_CatBoostModel_Alpha158_csi300_custom_step0_s_20260803_14,cbc79b9284934daab3a53adf565f63d3,0.067,,,
2632,2026-08-03,SH601698,0.010993044924733962,EXP_CatBoostModel_Alpha158_csi300_custom_step0_s_20260803_14,cbc79b9284934daab3a53adf565f63d3,0.067,,,
2633,2026-08-03,SH601628,-0.008018254502708504,EXP_CatBoostModel_Alpha158_csi300_custom_step0_s_20260803_14,cbc79b9284934daab3a53adf565f63d3,0.067,,,
2634,2026-08-03,SH601607,0.029601606789695284,EXP_CatBoostModel_Alpha158_csi300_custom_step0_s_20260803_14,cbc79b9284934daab3a53adf565f63d3,0.067,,,
2635,2026-08-03,SH601601,-0.040578835284092084,EXP_CatBoostModel_Alpha158_csi300_custom_step0_s_20260803_14,cbc79b9284934daab3a53adf565f63d3,0.067,,,
2636,2026-08-03,SH601600,-0.019989301846640568,EXP_CatBoostModel_Alpha158_csi300_custom_step0_s_20260803_14,cbc79b9284934daab3a53adf565f63d3,0.067,,,
2637,2026-08-03,SH601456,0.03718350277606987,EXP_CatBoostModel_Alpha158_csi300_custom_step0_s_20260803_14,cbc79b9284934daab3a53adf565f63d3,0.067,,,
2638,2026-08-03,SH601398,-0.04966214070726918,EXP_CatBoostModel_Alpha158_csi300_custom_step0_s_20260803_14,cbc79b9284934daab3a53adf565f63d3,0.067,,,
2639,2026-08-03,SH601390,0.0111150279217201,EXP_CatBoostModel_Alpha158_csi300_custom_step0_s_20260803_14,cbc79b9284934daab3a53adf565f63d3,0.067,,,
2640,2026-08-03,SH601618,0.009594429329325192,EXP_CatBoostModel_Alpha158_csi300_custom_step0_s_20260803_14,cbc79b9284934daab3a53adf565f63d3,0.067,,,
2641,2026-08-03,SH601727,-0.016066201100273028,EXP_CatBoostModel_Alpha158_csi300_custom_step0_s_20260803_14,cbc79b9284934daab3a53adf565f63d3,0.067,,,
2642,2026-08-03,SH601728,-0.03522008430013029,EXP_CatBoostModel_Alpha158_csi300_custom_step0_s_20260803_14,cbc79b9284934daab3a53adf565f63d3,0.067,,,
2643,2026-08-03,SH601766,0.0137328966148179,EXP_CatBoostModel_Alpha158_csi300_custom_step0_s_20260803_14,cbc79b9284934daab3a53adf565f63d3,0.067,,,
2644,2026-08-03,SH601899,-0.058563921621392734,EXP_CatBoostModel_Alpha158_csi300_custom_step0_s_20260803_14,cbc79b9284934daab3a53adf565f63d3,0.067,,,
2645,2026-08-03,SH601898,0.010032764845952688,EXP_CatBoostModel_Alpha158_csi300_custom_step0_s_20260803_14,cbc79b9284934daab3a53adf565f63d3,0.067,,,
2646,2026-08-03,SH601888,-0.017897928502217674,EXP_CatBoostModel_Alpha158_csi300_custom_step0_s_20260803_14,cbc79b9284934daab3a53adf565f63d3,0.067,,,
2647,2026-08-03,SH601881,0.022388084841765712,EXP_CatBoostModel_Alpha158_csi300_custom_step0_s_20260803_14,cbc79b9284934daab3a53adf565f63d3,0.067,,,
2648,2026-08-03,SH601878,0.05981995389633952,EXP_CatBoostModel_Alpha158_csi300_custom_step0_s_20260803_14,cbc79b9284934daab3a53adf565f63d3,0.067,,,
2649,2026-08-03,SH601877,-0.022303032750175707,EXP_CatBoostModel_Alpha158_csi300_custom_step0_s_20260803_14,cbc79b9284934daab3a53adf565f63d3,0.067,,,
2650,2026-08-03,SH601872,-0.1360463701926919,EXP_CatBoostModel_Alpha158_csi300_custom_step0_s_20260803_14,cbc79b9284934daab3a53adf565f63d3,0.067,,,
2651,2026-08-03,SH601868,0.006814660794970556,EXP_CatBoostModel_Alpha158_csi300_custom_step0_s_20260803_14,cbc79b9284934daab3a53adf565f63d3,0.067,,,
2652,2026-08-03,SH601857,-0.003798002991151666,EXP_CatBoostModel_Alpha158_csi300_custom_step0_s_20260803_14,cbc79b9284934daab3a53adf565f63d3,0.067,,,
2653,2026-08-03,SH601838,0.02594041795438102,EXP_CatBoostModel_Alpha158_csi300_custom_step0_s_20260803_14,cbc79b9284934daab3a53adf565f63d3,0.067,,,
2654,2026-08-03,SH601825,-0.07491674166278882,EXP_CatBoostModel_Alpha158_csi300_custom_step0_s_20260803_14,cbc79b9284934daab3a53adf565f63d3,0.067,,,
2655,2026-08-03,SH601818,0.02842925693776295,EXP_CatBoostModel_Alpha158_csi300_custom_step0_s_20260803_14,cbc79b9284934daab3a53adf565f63d3,0.067,,,
2656,2026-08-03,SH601816,0.0015913245814704927,EXP_CatBoostModel_Alpha158_csi300_custom_step0_s_20260803_14,cbc79b9284934daab3a53adf565f63d3,0.067,,,
2657,2026-08-03,SH601800,0.019642324346127563,EXP_CatBoostModel_Alpha158_csi300_custom_step0_s_20260803_14,cbc79b9284934daab3a53adf565f63d3,0.067,,,
2658,2026-08-03,SH601788,0.030901606166619706,EXP_CatBoostModel_Alpha158_csi300_custom_step0_s_20260803_14,cbc79b9284934daab3a53adf565f63d3,0.067,,,
2659,2026-08-03,SH601377,0.036450001222652864,EXP_CatBoostModel_Alpha158_csi300_custom_step0_s_20260803_14,cbc79b9284934daab3a53adf565f63d3,0.067,,,
2660,2026-08-03,SH601360,-0.027397932639412176,EXP_CatBoostModel_Alpha158_csi300_custom_step0_s_20260803_14,cbc79b9284934daab3a53adf565f63d3,0.067,,,
2661,2026-08-03,SH601336,-0.003449578116008805,EXP_CatBoostModel_Alpha158_csi300_custom_step0_s_20260803_14,cbc79b9284934daab3a53adf565f63d3,0.067,,,
2662,2026-08-03,SH601328,-0.05542298618155789,EXP_CatBoostModel_Alpha158_csi300_custom_step0_s_20260803_14,cbc79b9284934daab3a53adf565f63d3,0.067,,,
2663,2026-08-03,SH601059,0.034739165876579735,EXP_CatBoostModel_Alpha158_csi300_custom_step0_s_20260803_14,cbc79b9284934daab3a53adf565f63d3,0.067,,,
2664,2026-08-03,SH601058,0.01192847909698063,EXP_CatBoostModel_Alpha158_csi300_custom_step0_s_20260803_14,cbc79b9284934daab3a53adf565f63d3,0.067,,,
2665,2026-08-03,SH601021,0.04577411933842552,EXP_CatBoostModel_Alpha158_csi300_custom_step0_s_20260803_14,cbc79b9284934daab3a53adf565f63d3,0.067,,,
2666,2026-08-03,SH601018,0.026028190468631942,EXP_CatBoostModel_Alpha158_csi300_custom_step0_s_20260803_14,cbc79b9284934daab3a53adf565f63d3,0.067,,,
2667,2026-08-03,SH601012,-0.02396607952794087,EXP_CatBoostModel_Alpha158_csi300_custom_step0_s_20260803_14,cbc79b9284934daab3a53adf565f63d3,0.067,,,
2668,2026-08-03,SH601009,0.011714203344393317,EXP_CatBoostModel_Alpha158_csi300_custom_step0_s_20260803_14,cbc79b9284934daab3a53adf565f63d3,0.067,,,
2669,2026-08-03,SH601006,0.011305996984732183,EXP_CatBoostModel_Alpha158_csi300_custom_step0_s_20260803_14,cbc79b9284934daab3a53adf565f63d3,0.067,,,
2670,2026-08-03,SH600999,-0.03177651101155393,EXP_CatBoostModel_Alpha158_csi300_custom_step0_s_20260803_14,cbc79b9284934daab3a53adf565f63d3,0.067,,,
2671,2026-08-03,SH600989,0.002367436205929297,EXP_CatBoostModel_Alpha158_csi300_custom_step0_s_20260803_14,cbc79b9284934daab3a53adf565f63d3,0.067,,,
2672,2026-08-03,SH600958,0.03690653518353994,EXP_CatBoostModel_Alpha158_csi300_custom_step0_s_20260803_14,cbc79b9284934daab3a53adf565f63d3,0.067,,,
2673,2026-08-03,SH600941,-0.002661191836191498,EXP_CatBoostModel_Alpha158_csi300_custom_step0_s_20260803_14,cbc79b9284934daab3a53adf565f63d3,0.067,,,
2674,2026-08-03,SH600938,0.015097397443359755,EXP_CatBoostModel_Alpha158_csi300_custom_step0_s_20260803_14,cbc79b9284934daab3a53adf565f63d3,0.067,,,
2675,2026-08-03,SH600930,0.03769644048702735,EXP_CatBoostModel_Alpha158_csi300_custom_step0_s_20260803_14,cbc79b9284934daab3a53adf565f63d3,0.067,,,
2676,2026-08-03,SH600926,0.02552555010987624,EXP_CatBoostModel_Alpha158_csi300_custom_step0_s_20260803_14,cbc79b9284934daab3a53adf565f63d3,0.067,,,
2677,2026-08-03,SH600919,0.03876552002883017,EXP_CatBoostModel_Alpha158_csi300_custom_step0_s_20260803_14,cbc79b9284934daab3a53adf565f63d3,0.067,,,
2678,2026-08-03,SH601066,-0.017838215973304067,EXP_CatBoostModel_Alpha158_csi300_custom_step0_s_20260803_14,cbc79b9284934daab3a53adf565f63d3,0.067,,,
2679,2026-08-03,SH600905,0.002254969385987148,EXP_CatBoostModel_Alpha158_csi300_custom_step0_s_20260803_14,cbc79b9284934daab3a53adf565f63d3,0.067,,,
2680,2026-08-03,SH601077,0.004704221159355577,EXP_CatBoostModel_Alpha158_csi300_custom_step0_s_20260803_14,cbc79b9284934daab3a53adf565f63d3,0.067,,,
2681,2026-08-03,SH601100,-0.025568234574903856,EXP_CatBoostModel_Alpha158_csi300_custom_step0_s_20260803_14,cbc79b9284934daab3a53adf565f63d3,0.067,,,
2682,2026-08-03,SH601319,0.00834580178339269,EXP_CatBoostModel_Alpha158_csi300_custom_step0_s_20260803_14,cbc79b9284934daab3a53adf565f63d3,0.067,,,
2683,2026-08-03,SH601318,0.008230559757773462,EXP_CatBoostModel_Alpha158_csi300_custom_step0_s_20260803_14,cbc79b9284934daab3a53adf565f63d3,0.067,,,
2684,2026-08-03,SH601288,-0.043292295010364204,EXP_CatBoostModel_Alpha158_csi300_custom_step0_s_20260803_14,cbc79b9284934daab3a53adf565f63d3,0.067,,,
2685,2026-08-03,SH601238,-0.13584046650287826,EXP_CatBoostModel_Alpha158_csi300_custom_step0_s_20260803_14,cbc79b9284934daab3a53adf565f63d3,0.067,,,
2686,2026-08-03,SH601229,0.029360819413296952,EXP_CatBoostModel_Alpha158_csi300_custom_step0_s_20260803_14,cbc79b9284934daab3a53adf565f63d3,0.067,,,
2687,2026-08-03,SH601225,0.02683979066127974,EXP_CatBoostModel_Alpha158_csi300_custom_step0_s_20260803_14,cbc79b9284934daab3a53adf565f63d3,0.067,,,
2688,2026-08-03,SH601211,0.0071840704710768016,EXP_CatBoostModel_Alpha158_csi300_custom_step0_s_20260803_14,cbc79b9284934daab3a53adf565f63d3,0.067,,,
2689,2026-08-03,SH601186,0.03783886707703995,EXP_CatBoostModel_Alpha158_csi300_custom_step0_s_20260803_14,cbc79b9284934daab3a53adf565f63d3,0.067,,,
2690,2026-08-03,SH601169,0.02613459471038639,EXP_CatBoostModel_Alpha158_csi300_custom_step0_s_20260803_14,cbc79b9284934daab3a53adf565f63d3,0.067,,,
2691,2026-08-03,SH601166,0.029664450988458775,EXP_CatBoostModel_Alpha158_csi300_custom_step0_s_20260803_14,cbc79b9284934daab3a53adf565f63d3,0.067,,,
2692,2026-08-03,SH601138,0.028691516720158492,EXP_CatBoostModel_Alpha158_csi300_custom_step0_s_20260803_14,cbc79b9284934daab3a53adf565f63d3,0.067,,,
2693,2026-08-03,SH601136,-0.03699507176427072,EXP_CatBoostModel_Alpha158_csi300_custom_step0_s_20260803_14,cbc79b9284934daab3a53adf565f63d3,0.067,,,
2694,2026-08-03,SH601127,-0.046429837823498785,EXP_CatBoostModel_Alpha158_csi300_custom_step0_s_20260803_14,cbc79b9284934daab3a53adf565f63d3,0.067,,,
2695,2026-08-03,SH601117,0.017108539447012162,EXP_CatBoostModel_Alpha158_csi300_custom_step0_s_20260803_14,cbc79b9284934daab3a53adf565f63d3,0.067,,,
2696,2026-08-03,SH601111,0.02420659086914683,EXP_CatBoostModel_Alpha158_csi300_custom_step0_s_20260803_14,cbc79b9284934daab3a53adf565f63d3,0.067,,,
2697,2026-08-03,SH601088,0.02398822107400669,EXP_CatBoostModel_Alpha158_csi300_custom_step0_s_20260803_14,cbc79b9284934daab3a53adf565f63d3,0.067,,,
2698,2026-08-03,SH600000,-0.03649522521361511,EXP_CatBoostModel_Alpha158_csi300_custom_step0_s_20260803_14,cbc79b9284934daab3a53adf565f63d3,0.067,,,
2699,2026-08-03,SZ301308,-0.03819937461163018,EXP_CatBoostModel_Alpha158_csi300_custom_step0_s_20260803_14,cbc79b9284934daab3a53adf565f63d3,0.067,,,
2700,2026-08-03,SH600000,-0.011067432870784114,EXP_CatBoostModel_Alpha158_csi300_custom_step0_s_20260803_14,318064d5cb724d9e9c919a65c02182bf,0.126,,,
2701,2026-08-03,SZ000596,0.009119222632884555,EXP_CatBoostModel_Alpha158_csi300_custom_step0_s_20260803_14,318064d5cb724d9e9c919a65c02182bf,0.126,,,
2702,2026-08-03,SZ000568,0.004252385388970134,EXP_CatBoostModel_Alpha158_csi300_custom_step0_s_20260803_14,318064d5cb724d9e9c919a65c02182bf,0.126,,,
2703,2026-08-03,SZ000538,0.03827385725024162,EXP_CatBoostModel_Alpha158_csi300_custom_step0_s_20260803_14,318064d5cb724d9e9c919a65c02182bf,0.126,,,
2704,2026-08-03,SZ000425,-0.01115347896936867,EXP_CatBoostModel_Alpha158_csi300_custom_step0_s_20260803_14,318064d5cb724d9e9c919a65c02182bf,0.126,,,
2705,2026-08-03,SZ000408,-0.04268045221271325,EXP_CatBoostModel_Alpha158_csi300_custom_step0_s_20260803_14,318064d5cb724d9e9c919a65c02182bf,0.126,,,
2706,2026-08-03,SZ000338,-0.04051793912056949,EXP_CatBoostModel_Alpha158_csi300_custom_step0_s_20260803_14,318064d5cb724d9e9c919a65c02182bf,0.126,,,
2707,2026-08-03,SZ000617,-0.01725243288059285,EXP_CatBoostModel_Alpha158_csi300_custom_step0_s_20260803_14,318064d5cb724d9e9c919a65c02182bf,0.126,,,
2708,2026-08-03,SZ000333,0.019437608929115134,EXP_CatBoostModel_Alpha158_csi300_custom_step0_s_20260803_14,318064d5cb724d9e9c919a65c02182bf,0.126,,,
2709,2026-08-03,SZ000166,0.03868299993567485,EXP_CatBoostModel_Alpha158_csi300_custom_step0_s_20260803_14,318064d5cb724d9e9c919a65c02182bf,0.126,,,
2710,2026-08-03,SZ000157,0.010219356248798057,EXP_CatBoostModel_Alpha158_csi300_custom_step0_s_20260803_14,318064d5cb724d9e9c919a65c02182bf,0.126,,,
2711,2026-08-03,SZ000100,-0.026740452509575106,EXP_CatBoostModel_Alpha158_csi300_custom_step0_s_20260803_14,318064d5cb724d9e9c919a65c02182bf,0.126,,,
2712,2026-08-03,SZ000063,-0.034064867087833406,EXP_CatBoostModel_Alpha158_csi300_custom_step0_s_20260803_14,318064d5cb724d9e9c919a65c02182bf,0.126,,,
2713,2026-08-03,SZ000002,-0.04992478604434269,EXP_CatBoostModel_Alpha158_csi300_custom_step0_s_20260803_14,318064d5cb724d9e9c919a65c02182bf,0.126,,,
2714,2026-08-03,SZ000001,0.014108577502577583,EXP_CatBoostModel_Alpha158_csi300_custom_step0_s_20260803_14,318064d5cb724d9e9c919a65c02182bf,0.126,,,
2715,2026-08-03,SZ000301,-0.039181965675185296,EXP_CatBoostModel_Alpha158_csi300_custom_step0_s_20260803_14,318064d5cb724d9e9c919a65c02182bf,0.126,,,
2716,2026-08-03,SZ000625,-0.004788798150703983,EXP_CatBoostModel_Alpha158_csi300_custom_step0_s_20260803_14,318064d5cb724d9e9c919a65c02182bf,0.126,,,
2717,2026-08-03,SZ000630,0.0063011908411314856,EXP_CatBoostModel_Alpha158_csi300_custom_step0_s_20260803_14,318064d5cb724d9e9c919a65c02182bf,0.126,,,
2718,2026-08-03,SZ000651,0.004382109480558949,EXP_CatBoostModel_Alpha158_csi300_custom_step0_s_20260803_14,318064d5cb724d9e9c919a65c02182bf,0.126,,,
2719,2026-08-03,SZ000999,0.017797927824293475,EXP_CatBoostModel_Alpha158_csi300_custom_step0_s_20260803_14,318064d5cb724d9e9c919a65c02182bf,0.126,,,
2720,2026-08-03,SZ000988,0.09850452347815422,EXP_CatBoostModel_Alpha158_csi300_custom_step0_s_20260803_14,318064d5cb724d9e9c919a65c02182bf,0.126,,,
2721,2026-08-03,SZ000977,0.13926156205374463,EXP_CatBoostModel_Alpha158_csi300_custom_step0_s_20260803_14,318064d5cb724d9e9c919a65c02182bf,0.126,,,
2722,2026-08-03,SZ000975,-0.07963204972687855,EXP_CatBoostModel_Alpha158_csi300_custom_step0_s_20260803_14,318064d5cb724d9e9c919a65c02182bf,0.126,,,
2723,2026-08-03,SZ000963,-0.021191128705798947,EXP_CatBoostModel_Alpha158_csi300_custom_step0_s_20260803_14,318064d5cb724d9e9c919a65c02182bf,0.126,,,
2724,2026-08-03,SZ000938,0.23683017499380998,EXP_CatBoostModel_Alpha158_csi300_custom_step0_s_20260803_14,318064d5cb724d9e9c919a65c02182bf,0.126,,,
2725,2026-08-03,SZ000895,0.017057630837251547,EXP_CatBoostModel_Alpha158_csi300_custom_step0_s_20260803_14,318064d5cb724d9e9c919a65c02182bf,0.126,,,
2726,2026-08-03,SZ000858,-0.014290551514044458,EXP_CatBoostModel_Alpha158_csi300_custom_step0_s_20260803_14,318064d5cb724d9e9c919a65c02182bf,0.126,,,
2727,2026-08-03,SZ000807,-0.022495987361269832,EXP_CatBoostModel_Alpha158_csi300_custom_step0_s_20260803_14,318064d5cb724d9e9c919a65c02182bf,0.126,,,
2728,2026-08-03,SZ000792,-0.08002742178218908,EXP_CatBoostModel_Alpha158_csi300_custom_step0_s_20260803_14,318064d5cb724d9e9c919a65c02182bf,0.126,,,
2729,2026-08-03,SZ000776,-0.0019547719123480405,EXP_CatBoostModel_Alpha158_csi300_custom_step0_s_20260803_14,318064d5cb724d9e9c919a65c02182bf,0.126,,,
2730,2026-08-03,SZ000768,-0.00498923188543076,EXP_CatBoostModel_Alpha158_csi300_custom_step0_s_20260803_14,318064d5cb724d9e9c919a65c02182bf,0.126,,,
2731,2026-08-03,SZ000725,0.3064477956452471,EXP_CatBoostModel_Alpha158_csi300_custom_step0_s_20260803_14,318064d5cb724d9e9c919a65c02182bf,0.126,,,
2732,2026-08-03,SZ000708,0.035034147308455645,EXP_CatBoostModel_Alpha158_csi300_custom_step0_s_20260803_14,318064d5cb724d9e9c919a65c02182bf,0.126,,,
2733,2026-08-03,SZ000657,0.19982202002384886,EXP_CatBoostModel_Alpha158_csi300_custom_step0_s_20260803_14,318064d5cb724d9e9c919a65c02182bf,0.126,,,
2734,2026-08-03,SH688981,0.11910419988547101,EXP_CatBoostModel_Alpha158_csi300_custom_step0_s_20260803_14,318064d5cb724d9e9c919a65c02182bf,0.126,,,
2735,2026-08-03,SH688521,0.25170813555815863,EXP_CatBoostModel_Alpha158_csi300_custom_step0_s_20260803_14,318064d5cb724d9e9c919a65c02182bf,0.126,,,
2736,2026-08-03,SH688506,0.07275891366828607,EXP_CatBoostModel_Alpha158_csi300_custom_step0_s_20260803_14,318064d5cb724d9e9c919a65c02182bf,0.126,,,
2737,2026-08-03,SH688472,-0.03615979261957652,EXP_CatBoostModel_Alpha158_csi300_custom_step0_s_20260803_14,318064d5cb724d9e9c919a65c02182bf,0.126,,,
2738,2026-08-03,SH603986,0.12035918989126654,EXP_CatBoostModel_Alpha158_csi300_custom_step0_s_20260803_14,318064d5cb724d9e9c919a65c02182bf,0.126,,,
2739,2026-08-03,SH603893,0.06965732940979893,EXP_CatBoostModel_Alpha158_csi300_custom_step0_s_20260803_14,318064d5cb724d9e9c919a65c02182bf,0.126,,,
2740,2026-08-03,SH603799,0.0806996280943725,EXP_CatBoostModel_Alpha158_csi300_custom_step0_s_20260803_14,318064d5cb724d9e9c919a65c02182bf,0.126,,,
2741,2026-08-03,SH603501,-0.030083630132181415,EXP_CatBoostModel_Alpha158_csi300_custom_step0_s_20260803_14,318064d5cb724d9e9c919a65c02182bf,0.126,,,
2742,2026-08-03,SH603392,-0.023365290437523157,EXP_CatBoostModel_Alpha158_csi300_custom_step0_s_20260803_14,318064d5cb724d9e9c919a65c02182bf,0.126,,,
2743,2026-08-03,SH603369,0.019599181043601973,EXP_CatBoostModel_Alpha158_csi300_custom_step0_s_20260803_14,318064d5cb724d9e9c919a65c02182bf,0.126,,,
2744,2026-08-03,SH603296,0.050262884448224056,EXP_CatBoostModel_Alpha158_csi300_custom_step0_s_20260803_14,318064d5cb724d9e9c919a65c02182bf,0.126,,,
2745,2026-08-03,SH603288,0.04674000940444978,EXP_CatBoostModel_Alpha158_csi300_custom_step0_s_20260803_14,318064d5cb724d9e9c919a65c02182bf,0.126,,,
2746,2026-08-03,SH603260,0.12032336930723901,EXP_CatBoostModel_Alpha158_csi300_custom_step0_s_20260803_14,318064d5cb724d9e9c919a65c02182bf,0.126,,,
2747,2026-08-03,SH603259,-0.01245412796461644,EXP_CatBoostModel_Alpha158_csi300_custom_step0_s_20260803_14,318064d5cb724d9e9c919a65c02182bf,0.126,,,
2748,2026-08-03,SH603019,-0.019315103588336012,EXP_CatBoostModel_Alpha158_csi300_custom_step0_s_20260803_14,318064d5cb724d9e9c919a65c02182bf,0.126,,,
2749,2026-08-03,SH601998,-0.031363800432135956,EXP_CatBoostModel_Alpha158_csi300_custom_step0_s_20260803_14,318064d5cb724d9e9c919a65c02182bf,0.126,,,
2750,2026-08-03,SH601995,-0.0015866667393820673,EXP_CatBoostModel_Alpha158_csi300_custom_step0_s_20260803_14,318064d5cb724d9e9c919a65c02182bf,0.126,,,
2751,2026-08-03,SH601988,0.027357202380392978,EXP_CatBoostModel_Alpha158_csi300_custom_step0_s_20260803_14,318064d5cb724d9e9c919a65c02182bf,0.126,,,
2752,2026-08-03,SH601985,0.031194461958109994,EXP_CatBoostModel_Alpha158_csi300_custom_step0_s_20260803_14,318064d5cb724d9e9c919a65c02182bf,0.126,,,
2753,2026-08-03,SH603993,-0.008513968748783,EXP_CatBoostModel_Alpha158_csi300_custom_step0_s_20260803_14,318064d5cb724d9e9c919a65c02182bf,0.126,,,
2754,2026-08-03,SZ001280,-0.03733096639872581,EXP_CatBoostModel_Alpha158_csi300_custom_step0_s_20260803_14,318064d5cb724d9e9c919a65c02182bf,0.126,,,
2755,2026-08-03,SH605117,-0.0006095346300871782,EXP_CatBoostModel_Alpha158_csi300_custom_step0_s_20260803_14,318064d5cb724d9e9c919a65c02182bf,0.126,,,
2756,2026-08-03,SH688008,0.23744365762181352,EXP_CatBoostModel_Alpha158_csi300_custom_step0_s_20260803_14,318064d5cb724d9e9c919a65c02182bf,0.126,,,
2757,2026-08-03,SH688396,0.13346769319210158,EXP_CatBoostModel_Alpha158_csi300_custom_step0_s_20260803_14,318064d5cb724d9e9c919a65c02182bf,0.126,,,
2758,2026-08-03,SH688303,-0.08126883090941599,EXP_CatBoostModel_Alpha158_csi300_custom_step0_s_20260803_14,318064d5cb724d9e9c919a65c02182bf,0.126,,,
2759,2026-08-03,SH688271,-0.02759608329405027,EXP_CatBoostModel_Alpha158_csi300_custom_step0_s_20260803_14,318064d5cb724d9e9c919a65c02182bf,0.126,,,
2760,2026-08-03,SH688256,0.10729058634228832,EXP_CatBoostModel_Alpha158_csi300_custom_step0_s_20260803_14,318064d5cb724d9e9c919a65c02182bf,0.126,,,
2761,2026-08-03,SH688223,-0.05060050641817577,EXP_CatBoostModel_Alpha158_csi300_custom_step0_s_20260803_14,318064d5cb724d9e9c919a65c02182bf,0.126,,,
2762,2026-08-03,SH688183,0.07102621537842377,EXP_CatBoostModel_Alpha158_csi300_custom_step0_s_20260803_14,318064d5cb724d9e9c919a65c02182bf,0.126,,,
2763,2026-08-03,SH688126,0.03532709777845319,EXP_CatBoostModel_Alpha158_csi300_custom_step0_s_20260803_14,318064d5cb724d9e9c919a65c02182bf,0.126,,,
2764,2026-08-03,SH688111,-0.02139438754925863,EXP_CatBoostModel_Alpha158_csi300_custom_step0_s_20260803_14,318064d5cb724d9e9c919a65c02182bf,0.126,,,
2765,2026-08-03,SH688082,0.2497044140134386,EXP_CatBoostModel_Alpha158_csi300_custom_step0_s_20260803_14,318064d5cb724d9e9c919a65c02182bf,0.126,,,
2766,2026-08-03,SH688072,0.09460602093365661,EXP_CatBoostModel_Alpha158_csi300_custom_step0_s_20260803_14,318064d5cb724d9e9c919a65c02182bf,0.126,,,
2767,2026-08-03,SH688047,0.07602984255734804,EXP_CatBoostModel_Alpha158_csi300_custom_step0_s_20260803_14,318064d5cb724d9e9c919a65c02182bf,0.126,,,
2768,2026-08-03,SH688041,0.14611708551839803,EXP_CatBoostModel_Alpha158_csi300_custom_step0_s_20260803_14,318064d5cb724d9e9c919a65c02182bf,0.126,,,
2769,2026-08-03,SH688036,0.013070394588265808,EXP_CatBoostModel_Alpha158_csi300_custom_step0_s_20260803_14,318064d5cb724d9e9c919a65c02182bf,0.126,,,
2770,2026-08-03,SH688012,0.13619505780838548,EXP_CatBoostModel_Alpha158_csi300_custom_step0_s_20260803_14,318064d5cb724d9e9c919a65c02182bf,0.126,,,
2771,2026-08-03,SH688009,0.02330264040623334,EXP_CatBoostModel_Alpha158_csi300_custom_step0_s_20260803_14,318064d5cb724d9e9c919a65c02182bf,0.126,,,
2772,2026-08-03,SH605499,-0.01169248623226981,EXP_CatBoostModel_Alpha158_csi300_custom_step0_s_20260803_14,318064d5cb724d9e9c919a65c02182bf,0.126,,,
2773,2026-08-03,SH601939,-0.07972442231052647,EXP_CatBoostModel_Alpha158_csi300_custom_step0_s_20260803_14,318064d5cb724d9e9c919a65c02182bf,0.126,,,
2774,2026-08-03,SZ001391,0.00999810771986806,EXP_CatBoostModel_Alpha158_csi300_custom_step0_s_20260803_14,318064d5cb724d9e9c919a65c02182bf,0.126,,,
2775,2026-08-03,SZ001979,-0.08512056894728029,EXP_CatBoostModel_Alpha158_csi300_custom_step0_s_20260803_14,318064d5cb724d9e9c919a65c02182bf,0.126,,,
2776,2026-08-03,SZ300408,0.24426675487074084,EXP_CatBoostModel_Alpha158_csi300_custom_step0_s_20260803_14,318064d5cb724d9e9c919a65c02182bf,0.126,,,
2777,2026-08-03,SZ300394,0.23478470504345736,EXP_CatBoostModel_Alpha158_csi300_custom_step0_s_20260803_14,318064d5cb724d9e9c919a65c02182bf,0.126,,,
2778,2026-08-03,SZ300316,0.07333322433032924,EXP_CatBoostModel_Alpha158_csi300_custom_step0_s_20260803_14,318064d5cb724d9e9c919a65c02182bf,0.126,,,
2779,2026-08-03,SZ300308,0.08644114405561189,EXP_CatBoostModel_Alpha158_csi300_custom_step0_s_20260803_14,318064d5cb724d9e9c919a65c02182bf,0.126,,,
2780,2026-08-03,SZ300274,0.1307679688192932,EXP_CatBoostModel_Alpha158_csi300_custom_step0_s_20260803_14,318064d5cb724d9e9c919a65c02182bf,0.126,,,
2781,2026-08-03,SZ300251,-0.028457777256567587,EXP_CatBoostModel_Alpha158_csi300_custom_step0_s_20260803_14,318064d5cb724d9e9c919a65c02182bf,0.126,,,
2782,2026-08-03,SZ300413,-0.027621769300428367,EXP_CatBoostModel_Alpha158_csi300_custom_step0_s_20260803_14,318064d5cb724d9e9c919a65c02182bf,0.126,,,
2783,2026-08-03,SZ300124,-0.030895828175211085,EXP_CatBoostModel_Alpha158_csi300_custom_step0_s_20260803_14,318064d5cb724d9e9c919a65c02182bf,0.126,,,
2784,2026-08-03,SZ300059,0.010817917430694603,EXP_CatBoostModel_Alpha158_csi300_custom_step0_s_20260803_14,318064d5cb724d9e9c919a65c02182bf,0.126,,,
2785,2026-08-03,SZ300033,-0.06054271607824395,EXP_CatBoostModel_Alpha158_csi300_custom_step0_s_20260803_14,318064d5cb724d9e9c919a65c02182bf,0.126,,,
2786,2026-08-03,SZ300015,-0.005725046401386669,EXP_CatBoostModel_Alpha158_csi300_custom_step0_s_20260803_14,318064d5cb724d9e9c919a65c02182bf,0.126,,,
2787,2026-08-03,SZ300014,0.05519953461884835,EXP_CatBoostModel_Alpha158_csi300_custom_step0_s_20260803_14,318064d5cb724d9e9c919a65c02182bf,0.126,,,
2788,2026-08-03,SZ003816,-0.03990816953194773,EXP_CatBoostModel_Alpha158_csi300_custom_step0_s_20260803_14,318064d5cb724d9e9c919a65c02182bf,0.126,,,
2789,2026-08-03,SZ002938,0.08295895860866655,EXP_CatBoostModel_Alpha158_csi300_custom_step0_s_20260803_14,318064d5cb724d9e9c919a65c02182bf,0.126,,,
2790,2026-08-03,SZ300122,-0.048345826344340745,EXP_CatBoostModel_Alpha158_csi300_custom_step0_s_20260803_14,318064d5cb724d9e9c919a65c02182bf,0.126,,,
2791,2026-08-03,SZ300418,0.1358576768653117,EXP_CatBoostModel_Alpha158_csi300_custom_step0_s_20260803_14,318064d5cb724d9e9c919a65c02182bf,0.126,,,
2792,2026-08-03,SZ300433,0.07640005082294338,EXP_CatBoostModel_Alpha158_csi300_custom_step0_s_20260803_14,318064d5cb724d9e9c919a65c02182bf,0.126,,,
2793,2026-08-03,SZ300442,0.22543380001258162,EXP_CatBoostModel_Alpha158_csi300_custom_step0_s_20260803_14,318064d5cb724d9e9c919a65c02182bf,0.126,,,
2794,2026-08-03,SZ301236,0.0325011368400109,EXP_CatBoostModel_Alpha158_csi300_custom_step0_s_20260803_14,318064d5cb724d9e9c919a65c02182bf,0.126,,,
2795,2026-08-03,SZ301165,0.20568073653905622,EXP_CatBoostModel_Alpha158_csi300_custom_step0_s_20260803_14,318064d5cb724d9e9c919a65c02182bf,0.126,,,
2796,2026-08-03,SZ300999,0.0196492108965622,EXP_CatBoostModel_Alpha158_csi300_custom_step0_s_20260803_14,318064d5cb724d9e9c919a65c02182bf,0.126,,,
2797,2026-08-03,SZ300896,0.008065597876235989,EXP_CatBoostModel_Alpha158_csi300_custom_step0_s_20260803_14,318064d5cb724d9e9c919a65c02182bf,0.126,,,
2798,2026-08-03,SZ300866,0.006361694035610074,EXP_CatBoostModel_Alpha158_csi300_custom_step0_s_20260803_14,318064d5cb724d9e9c919a65c02182bf,0.126,,,
2799,2026-08-03,SZ300832,0.015749645058920677,EXP_CatBoostModel_Alpha158_csi300_custom_step0_s_20260803_14,318064d5cb724d9e9c919a65c02182bf,0.126,,,
2800,2026-08-03,SZ300803,-0.021035326692635147,EXP_CatBoostModel_Alpha158_csi300_custom_step0_s_20260803_14,318064d5cb724d9e9c919a65c02182bf,0.126,,,
2801,2026-08-03,SZ300760,0.01569618479451852,EXP_CatBoostModel_Alpha158_csi300_custom_step0_s_20260803_14,318064d5cb724d9e9c919a65c02182bf,0.126,,,
2802,2026-08-03,SZ300750,-0.006466036258367362,EXP_CatBoostModel_Alpha158_csi300_custom_step0_s_20260803_14,318064d5cb724d9e9c919a65c02182bf,0.126,,,
2803,2026-08-03,SZ300661,0.05110160612690827,EXP_CatBoostModel_Alpha158_csi300_custom_step0_s_20260803_14,318064d5cb724d9e9c919a65c02182bf,0.126,,,
2804,2026-08-03,SZ300628,0.011644315967891603,EXP_CatBoostModel_Alpha158_csi300_custom_step0_s_20260803_14,318064d5cb724d9e9c919a65c02182bf,0.126,,,
2805,2026-08-03,SZ300502,0.12218464472698655,EXP_CatBoostModel_Alpha158_csi300_custom_step0_s_20260803_14,318064d5cb724d9e9c919a65c02182bf,0.126,,,
2806,2026-08-03,SZ300498,0.01635584318284743,EXP_CatBoostModel_Alpha158_csi300_custom_step0_s_20260803_14,318064d5cb724d9e9c919a65c02182bf,0.126,,,
2807,2026-08-03,SZ300476,0.09573212205920126,EXP_CatBoostModel_Alpha158_csi300_custom_step0_s_20260803_14,318064d5cb724d9e9c919a65c02182bf,0.126,,,
2808,2026-08-03,SZ300450,0.25008758578194396,EXP_CatBoostModel_Alpha158_csi300_custom_step0_s_20260803_14,318064d5cb724d9e9c919a65c02182bf,0.126,,,
2809,2026-08-03,SZ002920,-0.05188787485915013,EXP_CatBoostModel_Alpha158_csi300_custom_step0_s_20260803_14,318064d5cb724d9e9c919a65c02182bf,0.126,,,
2810,2026-08-03,SZ002916,0.037736957965949454,EXP_CatBoostModel_Alpha158_csi300_custom_step0_s_20260803_14,318064d5cb724d9e9c919a65c02182bf,0.126,,,
2811,2026-08-03,SZ002837,0.10394199156192553,EXP_CatBoostModel_Alpha158_csi300_custom_step0_s_20260803_14,318064d5cb724d9e9c919a65c02182bf,0.126,,,
2812,2026-08-03,SZ002736,0.050906091887759713,EXP_CatBoostModel_Alpha158_csi300_custom_step0_s_20260803_14,318064d5cb724d9e9c919a65c02182bf,0.126,,,
2813,2026-08-03,SZ002352,0.01631737762478823,EXP_CatBoostModel_Alpha158_csi300_custom_step0_s_20260803_14,318064d5cb724d9e9c919a65c02182bf,0.126,,,
2814,2026-08-03,SZ002311,0.07186754520019585,EXP_CatBoostModel_Alpha158_csi300_custom_step0_s_20260803_14,318064d5cb724d9e9c919a65c02182bf,0.126,,,
2815,2026-08-03,SZ002304,0.019783860710151112,EXP_CatBoostModel_Alpha158_csi300_custom_step0_s_20260803_14,318064d5cb724d9e9c919a65c02182bf,0.126,,,
2816,2026-08-03,SZ002241,-0.0338414768006894,EXP_CatBoostModel_Alpha158_csi300_custom_step0_s_20260803_14,318064d5cb724d9e9c919a65c02182bf,0.126,,,
2817,2026-08-03,SZ002236,0.014096197737242645,EXP_CatBoostModel_Alpha158_csi300_custom_step0_s_20260803_14,318064d5cb724d9e9c919a65c02182bf,0.126,,,
2818,2026-08-03,SZ002230,-0.03006236653546405,EXP_CatBoostModel_Alpha158_csi300_custom_step0_s_20260803_14,318064d5cb724d9e9c919a65c02182bf,0.126,,,
2819,2026-08-03,SZ002202,0.11467185647614504,EXP_CatBoostModel_Alpha158_csi300_custom_step0_s_20260803_14,318064d5cb724d9e9c919a65c02182bf,0.126,,,
2820,2026-08-03,SZ002179,0.10376548453701563,EXP_CatBoostModel_Alpha158_csi300_custom_step0_s_20260803_14,318064d5cb724d9e9c919a65c02182bf,0.126,,,
2821,2026-08-03,SZ002142,0.029101627697086095,EXP_CatBoostModel_Alpha158_csi300_custom_step0_s_20260803_14,318064d5cb724d9e9c919a65c02182bf,0.126,,,
2822,2026-08-03,SZ002074,-0.027914899811906115,EXP_CatBoostModel_Alpha158_csi300_custom_step0_s_20260803_14,318064d5cb724d9e9c919a65c02182bf,0.126,,,
2823,2026-08-03,SZ002050,-0.002747558540728519,EXP_CatBoostModel_Alpha158_csi300_custom_step0_s_20260803_14,318064d5cb724d9e9c919a65c02182bf,0.126,,,
2824,2026-08-03,SZ002049,0.19452316789332566,EXP_CatBoostModel_Alpha158_csi300_custom_step0_s_20260803_14,318064d5cb724d9e9c919a65c02182bf,0.126,,,
2825,2026-08-03,SZ002028,-0.013641239457929005,EXP_CatBoostModel_Alpha158_csi300_custom_step0_s_20260803_14,318064d5cb724d9e9c919a65c02182bf,0.126,,,
2826,2026-08-03,SZ002027,0.05016109011882661,EXP_CatBoostModel_Alpha158_csi300_custom_step0_s_20260803_14,318064d5cb724d9e9c919a65c02182bf,0.126,,,
2827,2026-08-03,SZ002001,-0.040855241028111444,EXP_CatBoostModel_Alpha158_csi300_custom_step0_s_20260803_14,318064d5cb724d9e9c919a65c02182bf,0.126,,,
2828,2026-08-03,SZ002353,0.20030097331243152,EXP_CatBoostModel_Alpha158_csi300_custom_step0_s_20260803_14,318064d5cb724d9e9c919a65c02182bf,0.126,,,
2829,2026-08-03,SZ001965,0.0017639548585914792,EXP_CatBoostModel_Alpha158_csi300_custom_step0_s_20260803_14,318064d5cb724d9e9c919a65c02182bf,0.126,,,
2830,2026-08-03,SZ002371,0.09636649428615006,EXP_CatBoostModel_Alpha158_csi300_custom_step0_s_20260803_14,318064d5cb724d9e9c919a65c02182bf,0.126,,,
2831,2026-08-03,SZ002415,0.007434227529662963,EXP_CatBoostModel_Alpha158_csi300_custom_step0_s_20260803_14,318064d5cb724d9e9c919a65c02182bf,0.126,,,
2832,2026-08-03,SZ002714,-0.008481251071021021,EXP_CatBoostModel_Alpha158_csi300_custom_step0_s_20260803_14,318064d5cb724d9e9c919a65c02182bf,0.126,,,
2833,2026-08-03,SZ002709,0.19285935625956305,EXP_CatBoostModel_Alpha158_csi300_custom_step0_s_20260803_14,318064d5cb724d9e9c919a65c02182bf,0.126,,,
2834,2026-08-03,SZ002648,0.0018060497175178658,EXP_CatBoostModel_Alpha158_csi300_custom_step0_s_20260803_14,318064d5cb724d9e9c919a65c02182bf,0.126,,,
2835,2026-08-03,SZ002625,-0.06204122202299076,EXP_CatBoostModel_Alpha158_csi300_custom_step0_s_20260803_14,318064d5cb724d9e9c919a65c02182bf,0.126,,,
2836,2026-08-03,SZ002602,-0.05184633427572532,EXP_CatBoostModel_Alpha158_csi300_custom_step0_s_20260803_14,318064d5cb724d9e9c919a65c02182bf,0.126,,,
2837,2026-08-03,SZ002600,0.27564097457893283,EXP_CatBoostModel_Alpha158_csi300_custom_step0_s_20260803_14,318064d5cb724d9e9c919a65c02182bf,0.126,,,
2838,2026-08-03,SZ002594,0.023111399379345497,EXP_CatBoostModel_Alpha158_csi300_custom_step0_s_20260803_14,318064d5cb724d9e9c919a65c02182bf,0.126,,,
2839,2026-08-03,SZ002558,0.15837488353109863,EXP_CatBoostModel_Alpha158_csi300_custom_step0_s_20260803_14,318064d5cb724d9e9c919a65c02182bf,0.126,,,
2840,2026-08-03,SZ002532,0.0015642236642672213,EXP_CatBoostModel_Alpha158_csi300_custom_step0_s_20260803_14,318064d5cb724d9e9c919a65c02182bf,0.126,,,
2841,2026-08-03,SZ002493,-0.06485248860485762,EXP_CatBoostModel_Alpha158_csi300_custom_step0_s_20260803_14,318064d5cb724d9e9c919a65c02182bf,0.126,,,
2842,2026-08-03,SZ002475,-0.037394551323876854,EXP_CatBoostModel_Alpha158_csi300_custom_step0_s_20260803_14,318064d5cb724d9e9c919a65c02182bf,0.126,,,
2843,2026-08-03,SZ002466,0.168022250387781,EXP_CatBoostModel_Alpha158_csi300_custom_step0_s_20260803_14,318064d5cb724d9e9c919a65c02182bf,0.126,,,
2844,2026-08-03,SZ002463,0.10243575627242832,EXP_CatBoostModel_Alpha158_csi300_custom_step0_s_20260803_14,318064d5cb724d9e9c919a65c02182bf,0.126,,,
2845,2026-08-03,SZ002460,0.20833317422382314,EXP_CatBoostModel_Alpha158_csi300_custom_step0_s_20260803_14,318064d5cb724d9e9c919a65c02182bf,0.126,,,
2846,2026-08-03,SZ002422,0.13297962234805724,EXP_CatBoostModel_Alpha158_csi300_custom_step0_s_20260803_14,318064d5cb724d9e9c919a65c02182bf,0.126,,,
2847,2026-08-03,SZ002384,0.09793774799152477,EXP_CatBoostModel_Alpha158_csi300_custom_step0_s_20260803_14,318064d5cb724d9e9c919a65c02182bf,0.126,,,
2848,2026-08-03,SZ302132,0.011988004602046116,EXP_CatBoostModel_Alpha158_csi300_custom_step0_s_20260803_14,cbc79b9284934daab3a53adf565f63d3,0.067,,,
2849,2026-08-03,SH601919,0.018640799238307866,EXP_CatBoostModel_Alpha158_csi300_custom_step0_s_20260803_14,318064d5cb724d9e9c919a65c02182bf,0.126,,,
2850,2026-08-03,SH601901,0.03571570492164196,EXP_CatBoostModel_Alpha158_csi300_custom_step0_s_20260803_14,318064d5cb724d9e9c919a65c02182bf,0.126,,,
2851,2026-08-03,SH600522,0.13889494511559558,EXP_CatBoostModel_Alpha158_csi300_custom_step0_s_20260803_14,318064d5cb724d9e9c919a65c02182bf,0.126,,,
2852,2026-08-03,SH600519,-0.00019424713377927744,EXP_CatBoostModel_Alpha158_csi300_custom_step0_s_20260803_14,318064d5cb724d9e9c919a65c02182bf,0.126,,,
2853,2026-08-03,SH600515,-0.017228336805405295,EXP_CatBoostModel_Alpha158_csi300_custom_step0_s_20260803_14,318064d5cb724d9e9c919a65c02182bf,0.126,,,
2854,2026-08-03,SH600489,-0.07047835528587128,EXP_CatBoostModel_Alpha158_csi300_custom_step0_s_20260803_14,318064d5cb724d9e9c919a65c02182bf,0.126,,,
2855,2026-08-03,SH600482,0.0020710933243880372,EXP_CatBoostModel_Alpha158_csi300_custom_step0_s_20260803_14,318064d5cb724d9e9c919a65c02182bf,0.126,,,
2856,2026-08-03,SH600460,0.11101505691789215,EXP_CatBoostModel_Alpha158_csi300_custom_step0_s_20260803_14,318064d5cb724d9e9c919a65c02182bf,0.126,,,
2857,2026-08-03,SH600547,-0.07666908846943894,EXP_CatBoostModel_Alpha158_csi300_custom_step0_s_20260803_14,318064d5cb724d9e9c919a65c02182bf,0.126,,,
2858,2026-08-03,SH600438,0.08937393912697364,EXP_CatBoostModel_Alpha158_csi300_custom_step0_s_20260803_14,318064d5cb724d9e9c919a65c02182bf,0.126,,,
2859,2026-08-03,SH600426,0.0007488237308881891,EXP_CatBoostModel_Alpha158_csi300_custom_step0_s_20260803_14,318064d5cb724d9e9c919a65c02182bf,0.126,,,
2860,2026-08-03,SH600415,-0.0325737057180309,EXP_CatBoostModel_Alpha158_csi300_custom_step0_s_20260803_14,318064d5cb724d9e9c919a65c02182bf,0.126,,,
2861,2026-08-03,SH600406,-0.013897255618140774,EXP_CatBoostModel_Alpha158_csi300_custom_step0_s_20260803_14,318064d5cb724d9e9c919a65c02182bf,0.126,,,
2862,2026-08-03,SH600372,0.04485886734549399,EXP_CatBoostModel_Alpha158_csi300_custom_step0_s_20260803_14,318064d5cb724d9e9c919a65c02182bf,0.126,,,
2863,2026-08-03,SH600362,-0.05067708756635506,EXP_CatBoostModel_Alpha158_csi300_custom_step0_s_20260803_14,318064d5cb724d9e9c919a65c02182bf,0.126,,,
2864,2026-08-03,SH600346,-0.06364053344050524,EXP_CatBoostModel_Alpha158_csi300_custom_step0_s_20260803_14,318064d5cb724d9e9c919a65c02182bf,0.126,,,
2865,2026-08-03,SH600436,0.007550673003096485,EXP_CatBoostModel_Alpha158_csi300_custom_step0_s_20260803_14,318064d5cb724d9e9c919a65c02182bf,0.126,,,
2866,2026-08-03,SH600549,0.12462064408842925,EXP_CatBoostModel_Alpha158_csi300_custom_step0_s_20260803_14,318064d5cb724d9e9c919a65c02182bf,0.126,,,
2867,2026-08-03,SH600570,-0.043428694064483034,EXP_CatBoostModel_Alpha158_csi300_custom_step0_s_20260803_14,318064d5cb724d9e9c919a65c02182bf,0.126,,,
2868,2026-08-03,SH600584,0.34499023496613374,EXP_CatBoostModel_Alpha158_csi300_custom_step0_s_20260803_14,318064d5cb724d9e9c919a65c02182bf,0.126,,,
2869,2026-08-03,SH600887,0.029979855366499397,EXP_CatBoostModel_Alpha158_csi300_custom_step0_s_20260803_14,318064d5cb724d9e9c919a65c02182bf,0.126,,,
2870,2026-08-03,SH600886,0.02878522769206667,EXP_CatBoostModel_Alpha158_csi300_custom_step0_s_20260803_14,318064d5cb724d9e9c919a65c02182bf,0.126,,,
2871,2026-08-03,SH600875,-0.05156277356104063,EXP_CatBoostModel_Alpha158_csi300_custom_step0_s_20260803_14,318064d5cb724d9e9c919a65c02182bf,0.126,,,
2872,2026-08-03,SH600845,-0.012790314143394524,EXP_CatBoostModel_Alpha158_csi300_custom_step0_s_20260803_14,318064d5cb724d9e9c919a65c02182bf,0.126,,,
2873,2026-08-03,SH600809,-0.027755710610761188,EXP_CatBoostModel_Alpha158_csi300_custom_step0_s_20260803_14,318064d5cb724d9e9c919a65c02182bf,0.126,,,
2874,2026-08-03,SH600803,-0.039989038818694415,EXP_CatBoostModel_Alpha158_csi300_custom_step0_s_20260803_14,318064d5cb724d9e9c919a65c02182bf,0.126,,,
2875,2026-08-03,SH600795,0.005933340658602405,EXP_CatBoostModel_Alpha158_csi300_custom_step0_s_20260803_14,318064d5cb724d9e9c919a65c02182bf,0.126,,,
2876,2026-08-03,SH600760,0.00964549877423583,EXP_CatBoostModel_Alpha158_csi300_custom_step0_s_20260803_14,318064d5cb724d9e9c919a65c02182bf,0.126,,,
2877,2026-08-03,SH600741,0.027604345522806956,EXP_CatBoostModel_Alpha158_csi300_custom_step0_s_20260803_14,318064d5cb724d9e9c919a65c02182bf,0.126,,,
2878,2026-08-03,SH600690,0.013768886895411942,EXP_CatBoostModel_Alpha158_csi300_custom_step0_s_20260803_14,318064d5cb724d9e9c919a65c02182bf,0.126,,,
2879,2026-08-03,SH600674,0.03561862655880856,EXP_CatBoostModel_Alpha158_csi300_custom_step0_s_20260803_14,318064d5cb724d9e9c919a65c02182bf,0.126,,,
2880,2026-08-03,SH600660,0.018132010037327857,EXP_CatBoostModel_Alpha158_csi300_custom_step0_s_20260803_14,318064d5cb724d9e9c919a65c02182bf,0.126,,,
2881,2026-08-03,SH600600,0.019466378109146778,EXP_CatBoostModel_Alpha158_csi300_custom_step0_s_20260803_14,318064d5cb724d9e9c919a65c02182bf,0.126,,,
2882,2026-08-03,SH600588,-0.036513377474243214,EXP_CatBoostModel_Alpha158_csi300_custom_step0_s_20260803_14,318064d5cb724d9e9c919a65c02182bf,0.126,,,
2883,2026-08-03,SH600585,0.016159931505632913,EXP_CatBoostModel_Alpha158_csi300_custom_step0_s_20260803_14,318064d5cb724d9e9c919a65c02182bf,0.126,,,
2884,2026-08-03,SH600309,-0.01236275118245909,EXP_CatBoostModel_Alpha158_csi300_custom_step0_s_20260803_14,318064d5cb724d9e9c919a65c02182bf,0.126,,,
2885,2026-08-03,SH600276,-0.0028943430765884636,EXP_CatBoostModel_Alpha158_csi300_custom_step0_s_20260803_14,318064d5cb724d9e9c919a65c02182bf,0.126,,,
2886,2026-08-03,SH600233,-0.021410709654565502,EXP_CatBoostModel_Alpha158_csi300_custom_step0_s_20260803_14,318064d5cb724d9e9c919a65c02182bf,0.126,,,
2887,2026-08-03,SH600221,0.018663595213397607,EXP_CatBoostModel_Alpha158_csi300_custom_step0_s_20260803_14,318064d5cb724d9e9c919a65c02182bf,0.126,,,
2888,2026-08-03,SH600031,-0.00919264807541937,EXP_CatBoostModel_Alpha158_csi300_custom_step0_s_20260803_14,318064d5cb724d9e9c919a65c02182bf,0.126,,,
2889,2026-08-03,SH600030,0.028659943646623234,EXP_CatBoostModel_Alpha158_csi300_custom_step0_s_20260803_14,318064d5cb724d9e9c919a65c02182bf,0.126,,,
2890,2026-08-03,SH600029,0.022778104235613276,EXP_CatBoostModel_Alpha158_csi300_custom_step0_s_20260803_14,318064d5cb724d9e9c919a65c02182bf,0.126,,,
2891,2026-08-03,SH600028,0.025103808790604365,EXP_CatBoostModel_Alpha158_csi300_custom_step0_s_20260803_14,318064d5cb724d9e9c919a65c02182bf,0.126,,,
2892,2026-08-03,SH600027,0.0035991929278415286,EXP_CatBoostModel_Alpha158_csi300_custom_step0_s_20260803_14,318064d5cb724d9e9c919a65c02182bf,0.126,,,
2893,2026-08-03,SH600026,-0.026469246978920155,EXP_CatBoostModel_Alpha158_csi300_custom_step0_s_20260803_14,318064d5cb724d9e9c919a65c02182bf,0.126,,,
2894,2026-08-03,SH600025,0.03338401580203602,EXP_CatBoostModel_Alpha158_csi300_custom_step0_s_20260803_14,318064d5cb724d9e9c919a65c02182bf,0.126,,,
2895,2026-08-03,SH600023,0.010364817043610839,EXP_CatBoostModel_Alpha158_csi300_custom_step0_s_20260803_14,318064d5cb724d9e9c919a65c02182bf,0.126,,,
2896,2026-08-03,SH600019,0.023625261952642283,EXP_CatBoostModel_Alpha158_csi300_custom_step0_s_20260803_14,318064d5cb724d9e9c919a65c02182bf,0.126,,,
2897,2026-08-03,SH600018,0.03377456833733134,EXP_CatBoostModel_Alpha158_csi300_custom_step0_s_20260803_14,318064d5cb724d9e9c919a65c02182bf,0.126,,,
2898,2026-08-03,SH600016,0.023068569138987954,EXP_CatBoostModel_Alpha158_csi300_custom_step0_s_20260803_14,318064d5cb724d9e9c919a65c02182bf,0.126,,,
2899,2026-08-03,SH600015,0.012214633693531386,EXP_CatBoostModel_Alpha158_csi300_custom_step0_s_20260803_14,318064d5cb724d9e9c919a65c02182bf,0.126,,,
2900,2026-08-03,SH600011,0.0005312108216707337,EXP_CatBoostModel_Alpha158_csi300_custom_step0_s_20260803_14,318064d5cb724d9e9c919a65c02182bf,0.126,,,
2901,2026-08-03,SH600010,-0.007962464187066962,EXP_CatBoostModel_Alpha158_csi300_custom_step0_s_20260803_14,318064d5cb724d9e9c919a65c02182bf,0.126,,,
2902,2026-08-03,SH600009,0.0017758438812833085,EXP_CatBoostModel_Alpha158_csi300_custom_step0_s_20260803_14,318064d5cb724d9e9c919a65c02182bf,0.126,,,
2903,2026-08-03,SH600036,0.01018983496067273,EXP_CatBoostModel_Alpha158_csi300_custom_step0_s_20260803_14,318064d5cb724d9e9c919a65c02182bf,0.126,,,
2904,2026-08-03,SH600893,-0.040546708069071014,EXP_CatBoostModel_Alpha158_csi300_custom_step0_s_20260803_14,318064d5cb724d9e9c919a65c02182bf,0.126,,,
2905,2026-08-03,SH600039,0.015391797709788858,EXP_CatBoostModel_Alpha158_csi300_custom_step0_s_20260803_14,318064d5cb724d9e9c919a65c02182bf,0.126,,,
2906,2026-08-03,SH600050,0.028510046638000573,EXP_CatBoostModel_Alpha158_csi300_custom_step0_s_20260803_14,318064d5cb724d9e9c919a65c02182bf,0.126,,,
2907,2026-08-03,SH600219,-0.024725963873423417,EXP_CatBoostModel_Alpha158_csi300_custom_step0_s_20260803_14,318064d5cb724d9e9c919a65c02182bf,0.126,,,
2908,2026-08-03,SH600196,0.0001158714017885224,EXP_CatBoostModel_Alpha158_csi300_custom_step0_s_20260803_14,318064d5cb724d9e9c919a65c02182bf,0.126,,,
2909,2026-08-03,SH600188,-0.0030293252357907452,EXP_CatBoostModel_Alpha158_csi300_custom_step0_s_20260803_14,318064d5cb724d9e9c919a65c02182bf,0.126,,,
2910,2026-08-03,SH600183,0.1903399168188891,EXP_CatBoostModel_Alpha158_csi300_custom_step0_s_20260803_14,318064d5cb724d9e9c919a65c02182bf,0.126,,,
2911,2026-08-03,SH600176,0.05148582161319221,EXP_CatBoostModel_Alpha158_csi300_custom_step0_s_20260803_14,318064d5cb724d9e9c919a65c02182bf,0.126,,,
2912,2026-08-03,SH600160,0.08402604825087973,EXP_CatBoostModel_Alpha158_csi300_custom_step0_s_20260803_14,318064d5cb724d9e9c919a65c02182bf,0.126,,,
2913,2026-08-03,SH600150,-0.026194161651201166,EXP_CatBoostModel_Alpha158_csi300_custom_step0_s_20260803_14,318064d5cb724d9e9c919a65c02182bf,0.126,,,
2914,2026-08-03,SH600118,0.15543035467946117,EXP_CatBoostModel_Alpha158_csi300_custom_step0_s_20260803_14,318064d5cb724d9e9c919a65c02182bf,0.126,,,
2915,2026-08-03,SH600115,-0.01301056151546449,EXP_CatBoostModel_Alpha158_csi300_custom_step0_s_20260803_14,318064d5cb724d9e9c919a65c02182bf,0.126,,,
2916,2026-08-03,SH600111,0.10538278509295795,EXP_CatBoostModel_Alpha158_csi300_custom_step0_s_20260803_14,318064d5cb724d9e9c919a65c02182bf,0.126,,,
2917,2026-08-03,SH600104,-0.00801691607442551,EXP_CatBoostModel_Alpha158_csi300_custom_step0_s_20260803_14,318064d5cb724d9e9c919a65c02182bf,0.126,,,
2918,2026-08-03,SH600089,-0.05396785276621188,EXP_CatBoostModel_Alpha158_csi300_custom_step0_s_20260803_14,318064d5cb724d9e9c919a65c02182bf,0.126,,,
2919,2026-08-03,SH600085,0.007011180599818024,EXP_CatBoostModel_Alpha158_csi300_custom_step0_s_20260803_14,318064d5cb724d9e9c919a65c02182bf,0.126,,,
2920,2026-08-03,SH600066,0.0021604587896225783,EXP_CatBoostModel_Alpha158_csi300_custom_step0_s_20260803_14,318064d5cb724d9e9c919a65c02182bf,0.126,,,
2921,2026-08-03,SH600061,0.04652078452956736,EXP_CatBoostModel_Alpha158_csi300_custom_step0_s_20260803_14,318064d5cb724d9e9c919a65c02182bf,0.126,,,
2922,2026-08-03,SH600048,-0.03671627393365744,EXP_CatBoostModel_Alpha158_csi300_custom_step0_s_20260803_14,318064d5cb724d9e9c919a65c02182bf,0.126,,,
2923,2026-08-03,SH601916,0.04415677099640732,EXP_CatBoostModel_Alpha158_csi300_custom_step0_s_20260803_14,318064d5cb724d9e9c919a65c02182bf,0.126,,,
2924,2026-08-03,SH600900,0.036024397895154436,EXP_CatBoostModel_Alpha158_csi300_custom_step0_s_20260803_14,318064d5cb724d9e9c919a65c02182bf,0.126,,,
2925,2026-08-03,SH600918,0.015155563745870336,EXP_CatBoostModel_Alpha158_csi300_custom_step0_s_20260803_14,318064d5cb724d9e9c919a65c02182bf,0.126,,,
2926,2026-08-03,SH601689,0.06857299489983552,EXP_CatBoostModel_Alpha158_csi300_custom_step0_s_20260803_14,318064d5cb724d9e9c919a65c02182bf,0.126,,,
2927,2026-08-03,SH601688,-0.009444852235761232,EXP_CatBoostModel_Alpha158_csi300_custom_step0_s_20260803_14,318064d5cb724d9e9c919a65c02182bf,0.126,,,
2928,2026-08-03,SH601669,0.028558172086136722,EXP_CatBoostModel_Alpha158_csi300_custom_step0_s_20260803_14,318064d5cb724d9e9c919a65c02182bf,0.126,,,
2929,2026-08-03,SH601668,0.051705872896837486,EXP_CatBoostModel_Alpha158_csi300_custom_step0_s_20260803_14,318064d5cb724d9e9c919a65c02182bf,0.126,,,
2930,2026-08-03,SH601658,0.04206064861803481,EXP_CatBoostModel_Alpha158_csi300_custom_step0_s_20260803_14,318064d5cb724d9e9c919a65c02182bf,0.126,,,
2931,2026-08-03,SH601633,0.003953198692366627,EXP_CatBoostModel_Alpha158_csi300_custom_step0_s_20260803_14,318064d5cb724d9e9c919a65c02182bf,0.126,,,
2932,2026-08-03,SH601698,0.0525315459024044,EXP_CatBoostModel_Alpha158_csi300_custom_step0_s_20260803_14,318064d5cb724d9e9c919a65c02182bf,0.126,,,
2933,2026-08-03,SH601628,-0.0031884260394324164,EXP_CatBoostModel_Alpha158_csi300_custom_step0_s_20260803_14,318064d5cb724d9e9c919a65c02182bf,0.126,,,
2934,2026-08-03,SH601607,0.025721705976749762,EXP_CatBoostModel_Alpha158_csi300_custom_step0_s_20260803_14,318064d5cb724d9e9c919a65c02182bf,0.126,,,
2935,2026-08-03,SH601601,-0.008076934825017831,EXP_CatBoostModel_Alpha158_csi300_custom_step0_s_20260803_14,318064d5cb724d9e9c919a65c02182bf,0.126,,,
2936,2026-08-03,SH601600,-0.010622164045553634,EXP_CatBoostModel_Alpha158_csi300_custom_step0_s_20260803_14,318064d5cb724d9e9c919a65c02182bf,0.126,,,
2937,2026-08-03,SH601456,0.046489920783910774,EXP_CatBoostModel_Alpha158_csi300_custom_step0_s_20260803_14,318064d5cb724d9e9c919a65c02182bf,0.126,,,
2938,2026-08-03,SH601398,-0.07097771569130071,EXP_CatBoostModel_Alpha158_csi300_custom_step0_s_20260803_14,318064d5cb724d9e9c919a65c02182bf,0.126,,,
2939,2026-08-03,SH601390,0.022900553766367758,EXP_CatBoostModel_Alpha158_csi300_custom_step0_s_20260803_14,318064d5cb724d9e9c919a65c02182bf,0.126,,,
2940,2026-08-03,SH601618,0.030830848285006745,EXP_CatBoostModel_Alpha158_csi300_custom_step0_s_20260803_14,318064d5cb724d9e9c919a65c02182bf,0.126,,,
2941,2026-08-03,SH601727,-0.0426515904569785,EXP_CatBoostModel_Alpha158_csi300_custom_step0_s_20260803_14,318064d5cb724d9e9c919a65c02182bf,0.126,,,
2942,2026-08-03,SH601728,-0.04707409402723153,EXP_CatBoostModel_Alpha158_csi300_custom_step0_s_20260803_14,318064d5cb724d9e9c919a65c02182bf,0.126,,,
2943,2026-08-03,SH601766,0.014953919702261642,EXP_CatBoostModel_Alpha158_csi300_custom_step0_s_20260803_14,318064d5cb724d9e9c919a65c02182bf,0.126,,,
2944,2026-08-03,SH601899,-0.06554498278822332,EXP_CatBoostModel_Alpha158_csi300_custom_step0_s_20260803_14,318064d5cb724d9e9c919a65c02182bf,0.126,,,
2945,2026-08-03,SH601898,0.00030629544040746814,EXP_CatBoostModel_Alpha158_csi300_custom_step0_s_20260803_14,318064d5cb724d9e9c919a65c02182bf,0.126,,,
2946,2026-08-03,SH601888,-0.006052984101617892,EXP_CatBoostModel_Alpha158_csi300_custom_step0_s_20260803_14,318064d5cb724d9e9c919a65c02182bf,0.126,,,
2947,2026-08-03,SH601881,0.027009979615183134,EXP_CatBoostModel_Alpha158_csi300_custom_step0_s_20260803_14,318064d5cb724d9e9c919a65c02182bf,0.126,,,
2948,2026-08-03,SH601878,0.05308773619837593,EXP_CatBoostModel_Alpha158_csi300_custom_step0_s_20260803_14,318064d5cb724d9e9c919a65c02182bf,0.126,,,
2949,2026-08-03,SH601877,-0.0680889456191266,EXP_CatBoostModel_Alpha158_csi300_custom_step0_s_20260803_14,318064d5cb724d9e9c919a65c02182bf,0.126,,,
2950,2026-08-03,SH601872,-0.08047327527070407,EXP_CatBoostModel_Alpha158_csi300_custom_step0_s_20260803_14,318064d5cb724d9e9c919a65c02182bf,0.126,,,
2951,2026-08-03,SH601868,0.006672915682984519,EXP_CatBoostModel_Alpha158_csi300_custom_step0_s_20260803_14,318064d5cb724d9e9c919a65c02182bf,0.126,,,
2952,2026-08-03,SH601857,0.022458158706840554,EXP_CatBoostModel_Alpha158_csi300_custom_step0_s_20260803_14,318064d5cb724d9e9c919a65c02182bf,0.126,,,
2953,2026-08-03,SH601838,0.04214284217519407,EXP_CatBoostModel_Alpha158_csi300_custom_step0_s_20260803_14,318064d5cb724d9e9c919a65c02182bf,0.126,,,
2954,2026-08-03,SH601825,-0.06039008964866908,EXP_CatBoostModel_Alpha158_csi300_custom_step0_s_20260803_14,318064d5cb724d9e9c919a65c02182bf,0.126,,,
2955,2026-08-03,SH601818,0.025677752173251377,EXP_CatBoostModel_Alpha158_csi300_custom_step0_s_20260803_14,318064d5cb724d9e9c919a65c02182bf,0.126,,,
2956,2026-08-03,SH601816,0.018671389635895153,EXP_CatBoostModel_Alpha158_csi300_custom_step0_s_20260803_14,318064d5cb724d9e9c919a65c02182bf,0.126,,,
2957,2026-08-03,SH601800,0.01804713656073411,EXP_CatBoostModel_Alpha158_csi300_custom_step0_s_20260803_14,318064d5cb724d9e9c919a65c02182bf,0.126,,,
2958,2026-08-03,SH601788,0.03816937842385296,EXP_CatBoostModel_Alpha158_csi300_custom_step0_s_20260803_14,318064d5cb724d9e9c919a65c02182bf,0.126,,,
2959,2026-08-03,SH601377,0.046819475267912324,EXP_CatBoostModel_Alpha158_csi300_custom_step0_s_20260803_14,318064d5cb724d9e9c919a65c02182bf,0.126,,,
2960,2026-08-03,SH601360,-0.03515609198326291,EXP_CatBoostModel_Alpha158_csi300_custom_step0_s_20260803_14,318064d5cb724d9e9c919a65c02182bf,0.126,,,
2961,2026-08-03,SH601336,0.018856514091737542,EXP_CatBoostModel_Alpha158_csi300_custom_step0_s_20260803_14,318064d5cb724d9e9c919a65c02182bf,0.126,,,
2962,2026-08-03,SH601328,-0.03451552083122394,EXP_CatBoostModel_Alpha158_csi300_custom_step0_s_20260803_14,318064d5cb724d9e9c919a65c02182bf,0.126,,,
2963,2026-08-03,SH601059,0.039716322656214074,EXP_CatBoostModel_Alpha158_csi300_custom_step0_s_20260803_14,318064d5cb724d9e9c919a65c02182bf,0.126,,,
2964,2026-08-03,SH601058,0.019955732747070944,EXP_CatBoostModel_Alpha158_csi300_custom_step0_s_20260803_14,318064d5cb724d9e9c919a65c02182bf,0.126,,,
2965,2026-08-03,SH601021,0.024623080725232775,EXP_CatBoostModel_Alpha158_csi300_custom_step0_s_20260803_14,318064d5cb724d9e9c919a65c02182bf,0.126,,,
2966,2026-08-03,SH601018,0.036070506167124185,EXP_CatBoostModel_Alpha158_csi300_custom_step0_s_20260803_14,318064d5cb724d9e9c919a65c02182bf,0.126,,,
2967,2026-08-03,SH601012,-0.03820187601980748,EXP_CatBoostModel_Alpha158_csi300_custom_step0_s_20260803_14,318064d5cb724d9e9c919a65c02182bf,0.126,,,
2968,2026-08-03,SH601009,0.01365835591851036,EXP_CatBoostModel_Alpha158_csi300_custom_step0_s_20260803_14,318064d5cb724d9e9c919a65c02182bf,0.126,,,
2969,2026-08-03,SH601006,0.01894213114064431,EXP_CatBoostModel_Alpha158_csi300_custom_step0_s_20260803_14,318064d5cb724d9e9c919a65c02182bf,0.126,,,
2970,2026-08-03,SH600999,-0.01217780744475001,EXP_CatBoostModel_Alpha158_csi300_custom_step0_s_20260803_14,318064d5cb724d9e9c919a65c02182bf,0.126,,,
2971,2026-08-03,SH600989,-0.000507857531917204,EXP_CatBoostModel_Alpha158_csi300_custom_step0_s_20260803_14,318064d5cb724d9e9c919a65c02182bf,0.126,,,
2972,2026-08-03,SH600958,0.03652193806380183,EXP_CatBoostModel_Alpha158_csi300_custom_step0_s_20260803_14,318064d5cb724d9e9c919a65c02182bf,0.126,,,
2973,2026-08-03,SH600941,-0.0035542507462854827,EXP_CatBoostModel_Alpha158_csi300_custom_step0_s_20260803_14,318064d5cb724d9e9c919a65c02182bf,0.126,,,
2974,2026-08-03,SH600938,-0.009442745042405443,EXP_CatBoostModel_Alpha158_csi300_custom_step0_s_20260803_14,318064d5cb724d9e9c919a65c02182bf,0.126,,,
2975,2026-08-03,SH600930,-0.006895245634166126,EXP_CatBoostModel_Alpha158_csi300_custom_step0_s_20260803_14,318064d5cb724d9e9c919a65c02182bf,0.126,,,
2976,2026-08-03,SH600926,0.021187271380128794,EXP_CatBoostModel_Alpha158_csi300_custom_step0_s_20260803_14,318064d5cb724d9e9c919a65c02182bf,0.126,,,
2977,2026-08-03,SH600919,0.04469363893010901,EXP_CatBoostModel_Alpha158_csi300_custom_step0_s_20260803_14,318064d5cb724d9e9c919a65c02182bf,0.126,,,
2978,2026-08-03,SH601066,-0.0183035930983728,EXP_CatBoostModel_Alpha158_csi300_custom_step0_s_20260803_14,318064d5cb724d9e9c919a65c02182bf,0.126,,,
2979,2026-08-03,SH600905,0.024526597091255473,EXP_CatBoostModel_Alpha158_csi300_custom_step0_s_20260803_14,318064d5cb724d9e9c919a65c02182bf,0.126,,,
2980,2026-08-03,SH601077,0.011666547542965556,EXP_CatBoostModel_Alpha158_csi300_custom_step0_s_20260803_14,318064d5cb724d9e9c919a65c02182bf,0.126,,,
2981,2026-08-03,SH601100,-0.04579855979901888,EXP_CatBoostModel_Alpha158_csi300_custom_step0_s_20260803_14,318064d5cb724d9e9c919a65c02182bf,0.126,,,
2982,2026-08-03,SH601319,0.020045283576943563,EXP_CatBoostModel_Alpha158_csi300_custom_step0_s_20260803_14,318064d5cb724d9e9c919a65c02182bf,0.126,,,
2983,2026-08-03,SH601318,0.01817665411959657,EXP_CatBoostModel_Alpha158_csi300_custom_step0_s_20260803_14,318064d5cb724d9e9c919a65c02182bf,0.126,,,
2984,2026-08-03,SH601288,-0.013192472479043812,EXP_CatBoostModel_Alpha158_csi300_custom_step0_s_20260803_14,318064d5cb724d9e9c919a65c02182bf,0.126,,,
2985,2026-08-03,SH601238,-0.09623834243659349,EXP_CatBoostModel_Alpha158_csi300_custom_step0_s_20260803_14,318064d5cb724d9e9c919a65c02182bf,0.126,,,
2986,2026-08-03,SH601229,0.019054568818478158,EXP_CatBoostModel_Alpha158_csi300_custom_step0_s_20260803_14,318064d5cb724d9e9c919a65c02182bf,0.126,,,
2987,2026-08-03,SH601225,0.023604029180915823,EXP_CatBoostModel_Alpha158_csi300_custom_step0_s_20260803_14,318064d5cb724d9e9c919a65c02182bf,0.126,,,
2988,2026-08-03,SH601211,0.020266487109037896,EXP_CatBoostModel_Alpha158_csi300_custom_step0_s_20260803_14,318064d5cb724d9e9c919a65c02182bf,0.126,,,
2989,2026-08-03,SH601186,0.029531430252478202,EXP_CatBoostModel_Alpha158_csi300_custom_step0_s_20260803_14,318064d5cb724d9e9c919a65c02182bf,0.126,,,
2990,2026-08-03,SH601169,0.03773723636549705,EXP_CatBoostModel_Alpha158_csi300_custom_step0_s_20260803_14,318064d5cb724d9e9c919a65c02182bf,0.126,,,
2991,2026-08-03,SH601166,0.08391501167298826,EXP_CatBoostModel_Alpha158_csi300_custom_step0_s_20260803_14,318064d5cb724d9e9c919a65c02182bf,0.126,,,
2992,2026-08-03,SH601138,0.023168313491260237,EXP_CatBoostModel_Alpha158_csi300_custom_step0_s_20260803_14,318064d5cb724d9e9c919a65c02182bf,0.126,,,
2993,2026-08-03,SH601136,-0.017565418958562767,EXP_CatBoostModel_Alpha158_csi300_custom_step0_s_20260803_14,318064d5cb724d9e9c919a65c02182bf,0.126,,,
2994,2026-08-03,SH601127,-0.07179207045097323,EXP_CatBoostModel_Alpha158_csi300_custom_step0_s_20260803_14,318064d5cb724d9e9c919a65c02182bf,0.126,,,
2995,2026-08-03,SH601117,0.014407292291803181,EXP_CatBoostModel_Alpha158_csi300_custom_step0_s_20260803_14,318064d5cb724d9e9c919a65c02182bf,0.126,,,
2996,2026-08-03,SH601111,-0.0053852384911316185,EXP_CatBoostModel_Alpha158_csi300_custom_step0_s_20260803_14,318064d5cb724d9e9c919a65c02182bf,0.126,,,
2997,2026-08-03,SH601088,0.013159253657996273,EXP_CatBoostModel_Alpha158_csi300_custom_step0_s_20260803_14,318064d5cb724d9e9c919a65c02182bf,0.126,,,
2998,2026-08-03,SZ301269,-0.0009490469419678514,EXP_CatBoostModel_Alpha158_csi300_custom_step0_s_20260803_14,318064d5cb724d9e9c919a65c02182bf,0.126,,,
2999,2026-08-03,SZ302132,0.0022359215157716377,EXP_CatBoostModel_Alpha158_csi300_custom_step0_s_20260803_14,7a7fd543f8f84ff5b89b9ff91eb0b1fc,0.07,,,
3000,2026-08-03,SZ301269,-0.0041011691100101486,EXP_CatBoostModel_Alpha158_csi300_custom_step0_s_20260803_14,7a7fd543f8f84ff5b89b9ff91eb0b1fc,0.07,,,
3001,2026-08-03,SZ000596,0.03965745701728532,EXP_CatBoostModel_Alpha158_csi300_custom_step0_s_20260803_14,50b91b074aac4ae998a899121b7ff5de,0.061,,,
3002,2026-08-03,SZ000568,0.006937555938879999,EXP_CatBoostModel_Alpha158_csi300_custom_step0_s_20260803_14,50b91b074aac4ae998a899121b7ff5de,0.061,,,
3003,2026-08-03,SZ000538,0.05668300877220751,EXP_CatBoostModel_Alpha158_csi300_custom_step0_s_20260803_14,50b91b074aac4ae998a899121b7ff5de,0.061,,,
3004,2026-08-03,SZ000425,-0.0026753845041170327,EXP_CatBoostModel_Alpha158_csi300_custom_step0_s_20260803_14,50b91b074aac4ae998a899121b7ff5de,0.061,,,
3005,2026-08-03,SZ000408,-0.02915871873955426,EXP_CatBoostModel_Alpha158_csi300_custom_step0_s_20260803_14,50b91b074aac4ae998a899121b7ff5de,0.061,,,
3006,2026-08-03,SZ000338,0.051256681128003176,EXP_CatBoostModel_Alpha158_csi300_custom_step0_s_20260803_14,50b91b074aac4ae998a899121b7ff5de,0.061,,,
3007,2026-08-03,SZ000617,0.006453085630309135,EXP_CatBoostModel_Alpha158_csi300_custom_step0_s_20260803_14,50b91b074aac4ae998a899121b7ff5de,0.061,,,
3008,2026-08-03,SZ000333,0.05239164592731312,EXP_CatBoostModel_Alpha158_csi300_custom_step0_s_20260803_14,50b91b074aac4ae998a899121b7ff5de,0.061,,,
3009,2026-08-03,SZ000166,0.03246816376860273,EXP_CatBoostModel_Alpha158_csi300_custom_step0_s_20260803_14,50b91b074aac4ae998a899121b7ff5de,0.061,,,
3010,2026-08-03,SZ000157,0.03109016748266384,EXP_CatBoostModel_Alpha158_csi300_custom_step0_s_20260803_14,50b91b074aac4ae998a899121b7ff5de,0.061,,,
3011,2026-08-03,SZ000100,5.352207733117107e-05,EXP_CatBoostModel_Alpha158_csi300_custom_step0_s_20260803_14,50b91b074aac4ae998a899121b7ff5de,0.061,,,
3012,2026-08-03,SZ000063,-0.023168305544452195,EXP_CatBoostModel_Alpha158_csi300_custom_step0_s_20260803_14,50b91b074aac4ae998a899121b7ff5de,0.061,,,
3013,2026-08-03,SZ000002,-0.10538483704121047,EXP_CatBoostModel_Alpha158_csi300_custom_step0_s_20260803_14,50b91b074aac4ae998a899121b7ff5de,0.061,,,
3014,2026-08-03,SZ000001,0.04433746571254331,EXP_CatBoostModel_Alpha158_csi300_custom_step0_s_20260803_14,50b91b074aac4ae998a899121b7ff5de,0.061,,,
3015,2026-08-03,SZ000301,-0.035733054277569565,EXP_CatBoostModel_Alpha158_csi300_custom_step0_s_20260803_14,50b91b074aac4ae998a899121b7ff5de,0.061,,,
3016,2026-08-03,SZ000625,0.011155856477157718,EXP_CatBoostModel_Alpha158_csi300_custom_step0_s_20260803_14,50b91b074aac4ae998a899121b7ff5de,0.061,,,
3017,2026-08-03,SZ000630,-0.02287942558761016,EXP_CatBoostModel_Alpha158_csi300_custom_step0_s_20260803_14,50b91b074aac4ae998a899121b7ff5de,0.061,,,
3018,2026-08-03,SZ000651,0.05751584450001752,EXP_CatBoostModel_Alpha158_csi300_custom_step0_s_20260803_14,50b91b074aac4ae998a899121b7ff5de,0.061,,,
3019,2026-08-03,SZ000999,0.041676677499434024,EXP_CatBoostModel_Alpha158_csi300_custom_step0_s_20260803_14,50b91b074aac4ae998a899121b7ff5de,0.061,,,
3020,2026-08-03,SZ000988,0.0978583285053212,EXP_CatBoostModel_Alpha158_csi300_custom_step0_s_20260803_14,50b91b074aac4ae998a899121b7ff5de,0.061,,,
3021,2026-08-03,SZ000977,0.0637280549807115,EXP_CatBoostModel_Alpha158_csi300_custom_step0_s_20260803_14,50b91b074aac4ae998a899121b7ff5de,0.061,,,
3022,2026-08-03,SZ000975,-0.022976520259079695,EXP_CatBoostModel_Alpha158_csi300_custom_step0_s_20260803_14,50b91b074aac4ae998a899121b7ff5de,0.061,,,
3023,2026-08-03,SZ000963,-0.019290803486328872,EXP_CatBoostModel_Alpha158_csi300_custom_step0_s_20260803_14,50b91b074aac4ae998a899121b7ff5de,0.061,,,
3024,2026-08-03,SZ000938,0.08569426505027332,EXP_CatBoostModel_Alpha158_csi300_custom_step0_s_20260803_14,50b91b074aac4ae998a899121b7ff5de,0.061,,,
3025,2026-08-03,SZ000895,0.02244319164353056,EXP_CatBoostModel_Alpha158_csi300_custom_step0_s_20260803_14,50b91b074aac4ae998a899121b7ff5de,0.061,,,
3026,2026-08-03,SZ000858,0.0005756946060763398,EXP_CatBoostModel_Alpha158_csi300_custom_step0_s_20260803_14,50b91b074aac4ae998a899121b7ff5de,0.061,,,
3027,2026-08-03,SZ000807,-0.017256271613819832,EXP_CatBoostModel_Alpha158_csi300_custom_step0_s_20260803_14,50b91b074aac4ae998a899121b7ff5de,0.061,,,
3028,2026-08-03,SZ000792,-0.02865733881781037,EXP_CatBoostModel_Alpha158_csi300_custom_step0_s_20260803_14,50b91b074aac4ae998a899121b7ff5de,0.061,,,
3029,2026-08-03,SZ000776,0.017543426365708457,EXP_CatBoostModel_Alpha158_csi300_custom_step0_s_20260803_14,50b91b074aac4ae998a899121b7ff5de,0.061,,,
3030,2026-08-03,SZ000768,-0.005426407157461729,EXP_CatBoostModel_Alpha158_csi300_custom_step0_s_20260803_14,50b91b074aac4ae998a899121b7ff5de,0.061,,,
3031,2026-08-03,SZ000725,0.051322106096106775,EXP_CatBoostModel_Alpha158_csi300_custom_step0_s_20260803_14,50b91b074aac4ae998a899121b7ff5de,0.061,,,
3032,2026-08-03,SZ000708,0.0453098085842115,EXP_CatBoostModel_Alpha158_csi300_custom_step0_s_20260803_14,50b91b074aac4ae998a899121b7ff5de,0.061,,,
3033,2026-08-03,SZ000657,0.1431042237509399,EXP_CatBoostModel_Alpha158_csi300_custom_step0_s_20260803_14,50b91b074aac4ae998a899121b7ff5de,0.061,,,
3034,2026-08-03,SH688981,0.09508303631618961,EXP_CatBoostModel_Alpha158_csi300_custom_step0_s_20260803_14,50b91b074aac4ae998a899121b7ff5de,0.061,,,
3035,2026-08-03,SH688521,0.17141500950548624,EXP_CatBoostModel_Alpha158_csi300_custom_step0_s_20260803_14,50b91b074aac4ae998a899121b7ff5de,0.061,,,
3036,2026-08-03,SH688506,0.06340266485203856,EXP_CatBoostModel_Alpha158_csi300_custom_step0_s_20260803_14,50b91b074aac4ae998a899121b7ff5de,0.061,,,
3037,2026-08-03,SH688472,-0.04333093247928926,EXP_CatBoostModel_Alpha158_csi300_custom_step0_s_20260803_14,50b91b074aac4ae998a899121b7ff5de,0.061,,,
3038,2026-08-03,SH603986,0.12175108019641817,EXP_CatBoostModel_Alpha158_csi300_custom_step0_s_20260803_14,50b91b074aac4ae998a899121b7ff5de,0.061,,,
3039,2026-08-03,SH603893,0.010482894728686085,EXP_CatBoostModel_Alpha158_csi300_custom_step0_s_20260803_14,50b91b074aac4ae998a899121b7ff5de,0.061,,,
3040,2026-08-03,SH603799,0.019037003753986297,EXP_CatBoostModel_Alpha158_csi300_custom_step0_s_20260803_14,50b91b074aac4ae998a899121b7ff5de,0.061,,,
3041,2026-08-03,SH603501,-0.010749086529145016,EXP_CatBoostModel_Alpha158_csi300_custom_step0_s_20260803_14,50b91b074aac4ae998a899121b7ff5de,0.061,,,
3042,2026-08-03,SH603392,0.01378894224882106,EXP_CatBoostModel_Alpha158_csi300_custom_step0_s_20260803_14,50b91b074aac4ae998a899121b7ff5de,0.061,,,
3043,2026-08-03,SH603369,0.025472918510115464,EXP_CatBoostModel_Alpha158_csi300_custom_step0_s_20260803_14,50b91b074aac4ae998a899121b7ff5de,0.061,,,
3044,2026-08-03,SH603296,0.021867453653854577,EXP_CatBoostModel_Alpha158_csi300_custom_step0_s_20260803_14,50b91b074aac4ae998a899121b7ff5de,0.061,,,
3045,2026-08-03,SH603288,0.06383984417096275,EXP_CatBoostModel_Alpha158_csi300_custom_step0_s_20260803_14,50b91b074aac4ae998a899121b7ff5de,0.061,,,
3046,2026-08-03,SH603260,-0.015324370083744848,EXP_CatBoostModel_Alpha158_csi300_custom_step0_s_20260803_14,50b91b074aac4ae998a899121b7ff5de,0.061,,,
3047,2026-08-03,SH603259,-0.02259621162312856,EXP_CatBoostModel_Alpha158_csi300_custom_step0_s_20260803_14,50b91b074aac4ae998a899121b7ff5de,0.061,,,
3048,2026-08-03,SH603019,-0.002079576722362557,EXP_CatBoostModel_Alpha158_csi300_custom_step0_s_20260803_14,50b91b074aac4ae998a899121b7ff5de,0.061,,,
3049,2026-08-03,SH601998,-0.049498280282940614,EXP_CatBoostModel_Alpha158_csi300_custom_step0_s_20260803_14,50b91b074aac4ae998a899121b7ff5de,0.061,,,
3050,2026-08-03,SH601995,-0.023842135585627814,EXP_CatBoostModel_Alpha158_csi300_custom_step0_s_20260803_14,50b91b074aac4ae998a899121b7ff5de,0.061,,,
3051,2026-08-03,SH601988,0.009939667977317223,EXP_CatBoostModel_Alpha158_csi300_custom_step0_s_20260803_14,50b91b074aac4ae998a899121b7ff5de,0.061,,,
3052,2026-08-03,SH601985,0.05224708910206752,EXP_CatBoostModel_Alpha158_csi300_custom_step0_s_20260803_14,50b91b074aac4ae998a899121b7ff5de,0.061,,,
3053,2026-08-03,SH603993,-0.036500110901902263,EXP_CatBoostModel_Alpha158_csi300_custom_step0_s_20260803_14,50b91b074aac4ae998a899121b7ff5de,0.061,,,
3054,2026-08-03,SZ001280,0.03458820473169345,EXP_CatBoostModel_Alpha158_csi300_custom_step0_s_20260803_14,50b91b074aac4ae998a899121b7ff5de,0.061,,,
3055,2026-08-03,SH605117,0.05258580327931697,EXP_CatBoostModel_Alpha158_csi300_custom_step0_s_20260803_14,50b91b074aac4ae998a899121b7ff5de,0.061,,,
3056,2026-08-03,SH688008,0.11351032439755447,EXP_CatBoostModel_Alpha158_csi300_custom_step0_s_20260803_14,50b91b074aac4ae998a899121b7ff5de,0.061,,,
3057,2026-08-03,SH688396,0.17646794326581108,EXP_CatBoostModel_Alpha158_csi300_custom_step0_s_20260803_14,50b91b074aac4ae998a899121b7ff5de,0.061,,,
3058,2026-08-03,SH688303,-0.04314293720375485,EXP_CatBoostModel_Alpha158_csi300_custom_step0_s_20260803_14,50b91b074aac4ae998a899121b7ff5de,0.061,,,
3059,2026-08-03,SH688271,-0.041931891200945315,EXP_CatBoostModel_Alpha158_csi300_custom_step0_s_20260803_14,50b91b074aac4ae998a899121b7ff5de,0.061,,,
3060,2026-08-03,SH688256,0.0687219743607762,EXP_CatBoostModel_Alpha158_csi300_custom_step0_s_20260803_14,50b91b074aac4ae998a899121b7ff5de,0.061,,,
3061,2026-08-03,SH688223,0.0224149471690531,EXP_CatBoostModel_Alpha158_csi300_custom_step0_s_20260803_14,50b91b074aac4ae998a899121b7ff5de,0.061,,,
3062,2026-08-03,SH688183,-0.023003575325250287,EXP_CatBoostModel_Alpha158_csi300_custom_step0_s_20260803_14,50b91b074aac4ae998a899121b7ff5de,0.061,,,
3063,2026-08-03,SH688126,0.10054672677943724,EXP_CatBoostModel_Alpha158_csi300_custom_step0_s_20260803_14,50b91b074aac4ae998a899121b7ff5de,0.061,,,
3064,2026-08-03,SH688111,0.03056467444093778,EXP_CatBoostModel_Alpha158_csi300_custom_step0_s_20260803_14,50b91b074aac4ae998a899121b7ff5de,0.061,,,
3065,2026-08-03,SH688082,0.25192804677855496,EXP_CatBoostModel_Alpha158_csi300_custom_step0_s_20260803_14,50b91b074aac4ae998a899121b7ff5de,0.061,,,
3066,2026-08-03,SH688072,0.17557536233811977,EXP_CatBoostModel_Alpha158_csi300_custom_step0_s_20260803_14,50b91b074aac4ae998a899121b7ff5de,0.061,,,
3067,2026-08-03,SH688047,0.00010395186181735269,EXP_CatBoostModel_Alpha158_csi300_custom_step0_s_20260803_14,50b91b074aac4ae998a899121b7ff5de,0.061,,,
3068,2026-08-03,SH688041,0.09556469428277423,EXP_CatBoostModel_Alpha158_csi300_custom_step0_s_20260803_14,50b91b074aac4ae998a899121b7ff5de,0.061,,,
3069,2026-08-03,SH688036,0.0269288565247321,EXP_CatBoostModel_Alpha158_csi300_custom_step0_s_20260803_14,50b91b074aac4ae998a899121b7ff5de,0.061,,,
3070,2026-08-03,SH688012,0.13958665325004097,EXP_CatBoostModel_Alpha158_csi300_custom_step0_s_20260803_14,50b91b074aac4ae998a899121b7ff5de,0.061,,,
3071,2026-08-03,SH688009,0.03445373388970704,EXP_CatBoostModel_Alpha158_csi300_custom_step0_s_20260803_14,50b91b074aac4ae998a899121b7ff5de,0.061,,,
3072,2026-08-03,SH605499,0.01481305383128114,EXP_CatBoostModel_Alpha158_csi300_custom_step0_s_20260803_14,50b91b074aac4ae998a899121b7ff5de,0.061,,,
3073,2026-08-03,SH601939,-0.0009732959703876089,EXP_CatBoostModel_Alpha158_csi300_custom_step0_s_20260803_14,50b91b074aac4ae998a899121b7ff5de,0.061,,,
3074,2026-08-03,SZ001391,0.019098958952319084,EXP_CatBoostModel_Alpha158_csi300_custom_step0_s_20260803_14,50b91b074aac4ae998a899121b7ff5de,0.061,,,
3075,2026-08-03,SZ001979,-0.04360367957206715,EXP_CatBoostModel_Alpha158_csi300_custom_step0_s_20260803_14,50b91b074aac4ae998a899121b7ff5de,0.061,,,
3076,2026-08-03,SZ300408,0.03893098790147877,EXP_CatBoostModel_Alpha158_csi300_custom_step0_s_20260803_14,50b91b074aac4ae998a899121b7ff5de,0.061,,,
3077,2026-08-03,SZ300394,0.22561197101080996,EXP_CatBoostModel_Alpha158_csi300_custom_step0_s_20260803_14,50b91b074aac4ae998a899121b7ff5de,0.061,,,
3078,2026-08-03,SZ300316,0.0225192159478249,EXP_CatBoostModel_Alpha158_csi300_custom_step0_s_20260803_14,50b91b074aac4ae998a899121b7ff5de,0.061,,,
3079,2026-08-03,SZ300308,0.09681153570051337,EXP_CatBoostModel_Alpha158_csi300_custom_step0_s_20260803_14,50b91b074aac4ae998a899121b7ff5de,0.061,,,
3080,2026-08-03,SZ300274,0.08130130023623655,EXP_CatBoostModel_Alpha158_csi300_custom_step0_s_20260803_14,50b91b074aac4ae998a899121b7ff5de,0.061,,,
3081,2026-08-03,SZ300251,-0.03496644624818983,EXP_CatBoostModel_Alpha158_csi300_custom_step0_s_20260803_14,50b91b074aac4ae998a899121b7ff5de,0.061,,,
3082,2026-08-03,SZ300413,-0.012320782393652061,EXP_CatBoostModel_Alpha158_csi300_custom_step0_s_20260803_14,50b91b074aac4ae998a899121b7ff5de,0.061,,,
3083,2026-08-03,SZ300124,0.015391844315766418,EXP_CatBoostModel_Alpha158_csi300_custom_step0_s_20260803_14,50b91b074aac4ae998a899121b7ff5de,0.061,,,
3084,2026-08-03,SZ300059,-0.019173988310291292,EXP_CatBoostModel_Alpha158_csi300_custom_step0_s_20260803_14,50b91b074aac4ae998a899121b7ff5de,0.061,,,
3085,2026-08-03,SZ300033,-0.028483423509463663,EXP_CatBoostModel_Alpha158_csi300_custom_step0_s_20260803_14,50b91b074aac4ae998a899121b7ff5de,0.061,,,
3086,2026-08-03,SZ300015,-0.01529826907906213,EXP_CatBoostModel_Alpha158_csi300_custom_step0_s_20260803_14,50b91b074aac4ae998a899121b7ff5de,0.061,,,
3087,2026-08-03,SZ300014,-0.006817900406452491,EXP_CatBoostModel_Alpha158_csi300_custom_step0_s_20260803_14,50b91b074aac4ae998a899121b7ff5de,0.061,,,
3088,2026-08-03,SZ003816,0.0004951121028801346,EXP_CatBoostModel_Alpha158_csi300_custom_step0_s_20260803_14,50b91b074aac4ae998a899121b7ff5de,0.061,,,
3089,2026-08-03,SZ002938,0.06841727255829086,EXP_CatBoostModel_Alpha158_csi300_custom_step0_s_20260803_14,50b91b074aac4ae998a899121b7ff5de,0.061,,,
3090,2026-08-03,SZ300122,-0.11937170324418737,EXP_CatBoostModel_Alpha158_csi300_custom_step0_s_20260803_14,50b91b074aac4ae998a899121b7ff5de,0.061,,,
3091,2026-08-03,SZ300418,0.1273822489438544,EXP_CatBoostModel_Alpha158_csi300_custom_step0_s_20260803_14,50b91b074aac4ae998a899121b7ff5de,0.061,,,
3092,2026-08-03,SZ300433,0.07927363310536456,EXP_CatBoostModel_Alpha158_csi300_custom_step0_s_20260803_14,50b91b074aac4ae998a899121b7ff5de,0.061,,,
3093,2026-08-03,SZ300442,0.10064374819348236,EXP_CatBoostModel_Alpha158_csi300_custom_step0_s_20260803_14,50b91b074aac4ae998a899121b7ff5de,0.061,,,
3094,2026-08-03,SZ301236,0.04099980321356171,EXP_CatBoostModel_Alpha158_csi300_custom_step0_s_20260803_14,50b91b074aac4ae998a899121b7ff5de,0.061,,,
3095,2026-08-03,SZ301165,-0.02711560980065604,EXP_CatBoostModel_Alpha158_csi300_custom_step0_s_20260803_14,50b91b074aac4ae998a899121b7ff5de,0.061,,,
3096,2026-08-03,SZ300999,0.02010598423550888,EXP_CatBoostModel_Alpha158_csi300_custom_step0_s_20260803_14,50b91b074aac4ae998a899121b7ff5de,0.061,,,
3097,2026-08-03,SZ300896,-0.0035156374413406882,EXP_CatBoostModel_Alpha158_csi300_custom_step0_s_20260803_14,50b91b074aac4ae998a899121b7ff5de,0.061,,,
3098,2026-08-03,SZ300866,0.022048152814258485,EXP_CatBoostModel_Alpha158_csi300_custom_step0_s_20260803_14,50b91b074aac4ae998a899121b7ff5de,0.061,,,
3099,2026-08-03,SZ300832,0.02622080890294184,EXP_CatBoostModel_Alpha158_csi300_custom_step0_s_20260803_14,50b91b074aac4ae998a899121b7ff5de,0.061,,,
3100,2026-08-03,SZ300803,-0.015475914059850588,EXP_CatBoostModel_Alpha158_csi300_custom_step0_s_20260803_14,50b91b074aac4ae998a899121b7ff5de,0.061,,,
3101,2026-08-03,SZ300760,0.025467384659250462,EXP_CatBoostModel_Alpha158_csi300_custom_step0_s_20260803_14,50b91b074aac4ae998a899121b7ff5de,0.061,,,
3102,2026-08-03,SZ300750,0.012888297747861984,EXP_CatBoostModel_Alpha158_csi300_custom_step0_s_20260803_14,50b91b074aac4ae998a899121b7ff5de,0.061,,,
3103,2026-08-03,SZ300661,0.0331736854564114,EXP_CatBoostModel_Alpha158_csi300_custom_step0_s_20260803_14,50b91b074aac4ae998a899121b7ff5de,0.061,,,
3104,2026-08-03,SZ300628,0.015937858879018465,EXP_CatBoostModel_Alpha158_csi300_custom_step0_s_20260803_14,50b91b074aac4ae998a899121b7ff5de,0.061,,,
3105,2026-08-03,SZ300502,0.10950562933838544,EXP_CatBoostModel_Alpha158_csi300_custom_step0_s_20260803_14,50b91b074aac4ae998a899121b7ff5de,0.061,,,
3106,2026-08-03,SZ300498,0.010004690676116732,EXP_CatBoostModel_Alpha158_csi300_custom_step0_s_20260803_14,50b91b074aac4ae998a899121b7ff5de,0.061,,,
3107,2026-08-03,SZ300476,0.1374805439603721,EXP_CatBoostModel_Alpha158_csi300_custom_step0_s_20260803_14,50b91b074aac4ae998a899121b7ff5de,0.061,,,
3108,2026-08-03,SZ300450,0.03989170675291281,EXP_CatBoostModel_Alpha158_csi300_custom_step0_s_20260803_14,50b91b074aac4ae998a899121b7ff5de,0.061,,,
3109,2026-08-03,SZ002920,-0.04744680079384426,EXP_CatBoostModel_Alpha158_csi300_custom_step0_s_20260803_14,50b91b074aac4ae998a899121b7ff5de,0.061,,,
3110,2026-08-03,SZ002916,0.08612575004633524,EXP_CatBoostModel_Alpha158_csi300_custom_step0_s_20260803_14,50b91b074aac4ae998a899121b7ff5de,0.061,,,
3111,2026-08-03,SZ002837,0.13330099215315605,EXP_CatBoostModel_Alpha158_csi300_custom_step0_s_20260803_14,50b91b074aac4ae998a899121b7ff5de,0.061,,,
3112,2026-08-03,SZ002736,0.04248220566529401,EXP_CatBoostModel_Alpha158_csi300_custom_step0_s_20260803_14,50b91b074aac4ae998a899121b7ff5de,0.061,,,
3113,2026-08-03,SZ002352,0.005315046372547449,EXP_CatBoostModel_Alpha158_csi300_custom_step0_s_20260803_14,50b91b074aac4ae998a899121b7ff5de,0.061,,,
3114,2026-08-03,SZ002311,0.05926277231066329,EXP_CatBoostModel_Alpha158_csi300_custom_step0_s_20260803_14,50b91b074aac4ae998a899121b7ff5de,0.061,,,
3115,2026-08-03,SZ002304,0.026616718694592218,EXP_CatBoostModel_Alpha158_csi300_custom_step0_s_20260803_14,50b91b074aac4ae998a899121b7ff5de,0.061,,,
3116,2026-08-03,SZ002241,-0.04420965889228225,EXP_CatBoostModel_Alpha158_csi300_custom_step0_s_20260803_14,50b91b074aac4ae998a899121b7ff5de,0.061,,,
3117,2026-08-03,SZ002236,0.03015436807061604,EXP_CatBoostModel_Alpha158_csi300_custom_step0_s_20260803_14,50b91b074aac4ae998a899121b7ff5de,0.061,,,
3118,2026-08-03,SZ002230,0.021572462922989744,EXP_CatBoostModel_Alpha158_csi300_custom_step0_s_20260803_14,50b91b074aac4ae998a899121b7ff5de,0.061,,,
3119,2026-08-03,SZ002202,0.02250384897251808,EXP_CatBoostModel_Alpha158_csi300_custom_step0_s_20260803_14,50b91b074aac4ae998a899121b7ff5de,0.061,,,
3120,2026-08-03,SZ002179,0.026639210373469342,EXP_CatBoostModel_Alpha158_csi300_custom_step0_s_20260803_14,50b91b074aac4ae998a899121b7ff5de,0.061,,,
3121,2026-08-03,SZ002142,0.035964912439480606,EXP_CatBoostModel_Alpha158_csi300_custom_step0_s_20260803_14,50b91b074aac4ae998a899121b7ff5de,0.061,,,
3122,2026-08-03,SZ002074,-0.011184171962207785,EXP_CatBoostModel_Alpha158_csi300_custom_step0_s_20260803_14,50b91b074aac4ae998a899121b7ff5de,0.061,,,
3123,2026-08-03,SZ002050,0.018217722800638343,EXP_CatBoostModel_Alpha158_csi300_custom_step0_s_20260803_14,50b91b074aac4ae998a899121b7ff5de,0.061,,,
3124,2026-08-03,SZ002049,0.04767945238985713,EXP_CatBoostModel_Alpha158_csi300_custom_step0_s_20260803_14,50b91b074aac4ae998a899121b7ff5de,0.061,,,
3125,2026-08-03,SZ002028,0.007423080506237108,EXP_CatBoostModel_Alpha158_csi300_custom_step0_s_20260803_14,50b91b074aac4ae998a899121b7ff5de,0.061,,,
3126,2026-08-03,SZ002027,0.03174415651536,EXP_CatBoostModel_Alpha158_csi300_custom_step0_s_20260803_14,50b91b074aac4ae998a899121b7ff5de,0.061,,,
3127,2026-08-03,SZ002001,-0.07034278292128851,EXP_CatBoostModel_Alpha158_csi300_custom_step0_s_20260803_14,50b91b074aac4ae998a899121b7ff5de,0.061,,,
3128,2026-08-03,SZ002353,0.11364608507862706,EXP_CatBoostModel_Alpha158_csi300_custom_step0_s_20260803_14,50b91b074aac4ae998a899121b7ff5de,0.061,,,
3129,2026-08-03,SZ001965,0.02324796627885842,EXP_CatBoostModel_Alpha158_csi300_custom_step0_s_20260803_14,50b91b074aac4ae998a899121b7ff5de,0.061,,,
3130,2026-08-03,SZ002371,0.11785506407973009,EXP_CatBoostModel_Alpha158_csi300_custom_step0_s_20260803_14,50b91b074aac4ae998a899121b7ff5de,0.061,,,
3131,2026-08-03,SZ002415,0.05186494709256077,EXP_CatBoostModel_Alpha158_csi300_custom_step0_s_20260803_14,50b91b074aac4ae998a899121b7ff5de,0.061,,,
3132,2026-08-03,SZ002714,0.0012285478700333789,EXP_CatBoostModel_Alpha158_csi300_custom_step0_s_20260803_14,50b91b074aac4ae998a899121b7ff5de,0.061,,,
3133,2026-08-03,SZ002709,0.037545888554997645,EXP_CatBoostModel_Alpha158_csi300_custom_step0_s_20260803_14,50b91b074aac4ae998a899121b7ff5de,0.061,,,
3134,2026-08-03,SZ002648,0.0027443142735163457,EXP_CatBoostModel_Alpha158_csi300_custom_step0_s_20260803_14,50b91b074aac4ae998a899121b7ff5de,0.061,,,
3135,2026-08-03,SZ002625,-0.03893032676794544,EXP_CatBoostModel_Alpha158_csi300_custom_step0_s_20260803_14,50b91b074aac4ae998a899121b7ff5de,0.061,,,
3136,2026-08-03,SZ002602,-0.0034558598197267166,EXP_CatBoostModel_Alpha158_csi300_custom_step0_s_20260803_14,50b91b074aac4ae998a899121b7ff5de,0.061,,,
3137,2026-08-03,SZ002600,0.0297619584888644,EXP_CatBoostModel_Alpha158_csi300_custom_step0_s_20260803_14,50b91b074aac4ae998a899121b7ff5de,0.061,,,
3138,2026-08-03,SZ002594,0.02933131763072685,EXP_CatBoostModel_Alpha158_csi300_custom_step0_s_20260803_14,50b91b074aac4ae998a899121b7ff5de,0.061,,,
3139,2026-08-03,SZ002558,0.09494673668328397,EXP_CatBoostModel_Alpha158_csi300_custom_step0_s_20260803_14,50b91b074aac4ae998a899121b7ff5de,0.061,,,
3140,2026-08-03,SZ002532,0.011914591239001807,EXP_CatBoostModel_Alpha158_csi300_custom_step0_s_20260803_14,50b91b074aac4ae998a899121b7ff5de,0.061,,,
3141,2026-08-03,SZ002493,-0.0424864665825274,EXP_CatBoostModel_Alpha158_csi300_custom_step0_s_20260803_14,50b91b074aac4ae998a899121b7ff5de,0.061,,,
3142,2026-08-03,SZ002475,-0.0063986800806712825,EXP_CatBoostModel_Alpha158_csi300_custom_step0_s_20260803_14,50b91b074aac4ae998a899121b7ff5de,0.061,,,
3143,2026-08-03,SZ002466,0.005690766566771073,EXP_CatBoostModel_Alpha158_csi300_custom_step0_s_20260803_14,50b91b074aac4ae998a899121b7ff5de,0.061,,,
3144,2026-08-03,SZ002463,0.07585798276954588,EXP_CatBoostModel_Alpha158_csi300_custom_step0_s_20260803_14,50b91b074aac4ae998a899121b7ff5de,0.061,,,
3145,2026-08-03,SZ002460,0.003365591126468697,EXP_CatBoostModel_Alpha158_csi300_custom_step0_s_20260803_14,50b91b074aac4ae998a899121b7ff5de,0.061,,,
3146,2026-08-03,SZ002422,0.08849514281193707,EXP_CatBoostModel_Alpha158_csi300_custom_step0_s_20260803_14,50b91b074aac4ae998a899121b7ff5de,0.061,,,
3147,2026-08-03,SZ002384,0.08852029105942208,EXP_CatBoostModel_Alpha158_csi300_custom_step0_s_20260803_14,50b91b074aac4ae998a899121b7ff5de,0.061,,,
3148,2026-08-03,SZ301269,-0.027486083368564646,EXP_CatBoostModel_Alpha158_csi300_custom_step0_s_20260803_14,50b91b074aac4ae998a899121b7ff5de,0.061,,,
3149,2026-08-03,SH601919,0.019876029639210133,EXP_CatBoostModel_Alpha158_csi300_custom_step0_s_20260803_14,50b91b074aac4ae998a899121b7ff5de,0.061,,,
3150,2026-08-03,SH601901,0.02345984104830206,EXP_CatBoostModel_Alpha158_csi300_custom_step0_s_20260803_14,50b91b074aac4ae998a899121b7ff5de,0.061,,,
3151,2026-08-03,SH600522,0.08390520144774671,EXP_CatBoostModel_Alpha158_csi300_custom_step0_s_20260803_14,50b91b074aac4ae998a899121b7ff5de,0.061,,,
3152,2026-08-03,SH600519,0.021891312047993636,EXP_CatBoostModel_Alpha158_csi300_custom_step0_s_20260803_14,50b91b074aac4ae998a899121b7ff5de,0.061,,,
3153,2026-08-03,SH600515,-0.04247515352584676,EXP_CatBoostModel_Alpha158_csi300_custom_step0_s_20260803_14,50b91b074aac4ae998a899121b7ff5de,0.061,,,
3154,2026-08-03,SH600489,-0.03995999451436258,EXP_CatBoostModel_Alpha158_csi300_custom_step0_s_20260803_14,50b91b074aac4ae998a899121b7ff5de,0.061,,,
3155,2026-08-03,SH600482,0.019318608121532854,EXP_CatBoostModel_Alpha158_csi300_custom_step0_s_20260803_14,50b91b074aac4ae998a899121b7ff5de,0.061,,,
3156,2026-08-03,SH600460,0.16858900258502305,EXP_CatBoostModel_Alpha158_csi300_custom_step0_s_20260803_14,50b91b074aac4ae998a899121b7ff5de,0.061,,,
3157,2026-08-03,SH600547,-0.051314609351299355,EXP_CatBoostModel_Alpha158_csi300_custom_step0_s_20260803_14,50b91b074aac4ae998a899121b7ff5de,0.061,,,
3158,2026-08-03,SH600438,0.38336055816766224,EXP_CatBoostModel_Alpha158_csi300_custom_step0_s_20260803_14,50b91b074aac4ae998a899121b7ff5de,0.061,,,
3159,2026-08-03,SH600426,0.020045606603920706,EXP_CatBoostModel_Alpha158_csi300_custom_step0_s_20260803_14,50b91b074aac4ae998a899121b7ff5de,0.061,,,
3160,2026-08-03,SH600415,-0.026724020476661087,EXP_CatBoostModel_Alpha158_csi300_custom_step0_s_20260803_14,50b91b074aac4ae998a899121b7ff5de,0.061,,,
3161,2026-08-03,SH600406,-0.04877191392541743,EXP_CatBoostModel_Alpha158_csi300_custom_step0_s_20260803_14,50b91b074aac4ae998a899121b7ff5de,0.061,,,
3162,2026-08-03,SH600372,0.02702486661408104,EXP_CatBoostModel_Alpha158_csi300_custom_step0_s_20260803_14,50b91b074aac4ae998a899121b7ff5de,0.061,,,
3163,2026-08-03,SH600362,-0.0177130311354861,EXP_CatBoostModel_Alpha158_csi300_custom_step0_s_20260803_14,50b91b074aac4ae998a899121b7ff5de,0.061,,,
3164,2026-08-03,SH600346,-0.06246330737060226,EXP_CatBoostModel_Alpha158_csi300_custom_step0_s_20260803_14,50b91b074aac4ae998a899121b7ff5de,0.061,,,
3165,2026-08-03,SH600436,-0.043355705004246674,EXP_CatBoostModel_Alpha158_csi300_custom_step0_s_20260803_14,50b91b074aac4ae998a899121b7ff5de,0.061,,,
3166,2026-08-03,SH600549,0.0412318606591557,EXP_CatBoostModel_Alpha158_csi300_custom_step0_s_20260803_14,50b91b074aac4ae998a899121b7ff5de,0.061,,,
3167,2026-08-03,SH600570,-0.006458247261472099,EXP_CatBoostModel_Alpha158_csi300_custom_step0_s_20260803_14,50b91b074aac4ae998a899121b7ff5de,0.061,,,
3168,2026-08-03,SH600584,0.22006853504879278,EXP_CatBoostModel_Alpha158_csi300_custom_step0_s_20260803_14,50b91b074aac4ae998a899121b7ff5de,0.061,,,
3169,2026-08-03,SH600887,0.03777630430730011,EXP_CatBoostModel_Alpha158_csi300_custom_step0_s_20260803_14,50b91b074aac4ae998a899121b7ff5de,0.061,,,
3170,2026-08-03,SH600886,0.028497809231684303,EXP_CatBoostModel_Alpha158_csi300_custom_step0_s_20260803_14,50b91b074aac4ae998a899121b7ff5de,0.061,,,
3171,2026-08-03,SH600875,0.005373081376090863,EXP_CatBoostModel_Alpha158_csi300_custom_step0_s_20260803_14,50b91b074aac4ae998a899121b7ff5de,0.061,,,
3172,2026-08-03,SH600845,0.0031033743430274436,EXP_CatBoostModel_Alpha158_csi300_custom_step0_s_20260803_14,50b91b074aac4ae998a899121b7ff5de,0.061,,,
3173,2026-08-03,SH600809,0.05149713734985649,EXP_CatBoostModel_Alpha158_csi300_custom_step0_s_20260803_14,50b91b074aac4ae998a899121b7ff5de,0.061,,,
3174,2026-08-03,SH600803,-0.03217365073667658,EXP_CatBoostModel_Alpha158_csi300_custom_step0_s_20260803_14,50b91b074aac4ae998a899121b7ff5de,0.061,,,
3175,2026-08-03,SH600795,0.03182800163778625,EXP_CatBoostModel_Alpha158_csi300_custom_step0_s_20260803_14,50b91b074aac4ae998a899121b7ff5de,0.061,,,
3176,2026-08-03,SH600760,0.0024832238305371457,EXP_CatBoostModel_Alpha158_csi300_custom_step0_s_20260803_14,50b91b074aac4ae998a899121b7ff5de,0.061,,,
3177,2026-08-03,SH600741,0.04473498870597581,EXP_CatBoostModel_Alpha158_csi300_custom_step0_s_20260803_14,50b91b074aac4ae998a899121b7ff5de,0.061,,,
3178,2026-08-03,SH600690,0.0540210121240201,EXP_CatBoostModel_Alpha158_csi300_custom_step0_s_20260803_14,50b91b074aac4ae998a899121b7ff5de,0.061,,,
3179,2026-08-03,SH600674,0.03250020021460641,EXP_CatBoostModel_Alpha158_csi300_custom_step0_s_20260803_14,50b91b074aac4ae998a899121b7ff5de,0.061,,,
3180,2026-08-03,SH600660,0.056693499134240606,EXP_CatBoostModel_Alpha158_csi300_custom_step0_s_20260803_14,50b91b074aac4ae998a899121b7ff5de,0.061,,,
3181,2026-08-03,SH600600,0.03654216410915637,EXP_CatBoostModel_Alpha158_csi300_custom_step0_s_20260803_14,50b91b074aac4ae998a899121b7ff5de,0.061,,,
3182,2026-08-03,SH600588,-0.10376848521133557,EXP_CatBoostModel_Alpha158_csi300_custom_step0_s_20260803_14,50b91b074aac4ae998a899121b7ff5de,0.061,,,
3183,2026-08-03,SH600585,0.014841361881530594,EXP_CatBoostModel_Alpha158_csi300_custom_step0_s_20260803_14,50b91b074aac4ae998a899121b7ff5de,0.061,,,
3184,2026-08-03,SH600309,-0.030071767994937722,EXP_CatBoostModel_Alpha158_csi300_custom_step0_s_20260803_14,50b91b074aac4ae998a899121b7ff5de,0.061,,,
3185,2026-08-03,SH600276,-0.002029420953901481,EXP_CatBoostModel_Alpha158_csi300_custom_step0_s_20260803_14,50b91b074aac4ae998a899121b7ff5de,0.061,,,
3186,2026-08-03,SH600233,-0.13273689813065054,EXP_CatBoostModel_Alpha158_csi300_custom_step0_s_20260803_14,50b91b074aac4ae998a899121b7ff5de,0.061,,,
3187,2026-08-03,SH600221,0.024179652021670998,EXP_CatBoostModel_Alpha158_csi300_custom_step0_s_20260803_14,50b91b074aac4ae998a899121b7ff5de,0.061,,,
3188,2026-08-03,SH600031,-0.014887745123273082,EXP_CatBoostModel_Alpha158_csi300_custom_step0_s_20260803_14,50b91b074aac4ae998a899121b7ff5de,0.061,,,
3189,2026-08-03,SH600030,0.0185920242011075,EXP_CatBoostModel_Alpha158_csi300_custom_step0_s_20260803_14,50b91b074aac4ae998a899121b7ff5de,0.061,,,
3190,2026-08-03,SH600029,0.016068048487470166,EXP_CatBoostModel_Alpha158_csi300_custom_step0_s_20260803_14,50b91b074aac4ae998a899121b7ff5de,0.061,,,
3191,2026-08-03,SH600028,0.03517022055095285,EXP_CatBoostModel_Alpha158_csi300_custom_step0_s_20260803_14,50b91b074aac4ae998a899121b7ff5de,0.061,,,
3192,2026-08-03,SH600027,0.0055105360949947325,EXP_CatBoostModel_Alpha158_csi300_custom_step0_s_20260803_14,50b91b074aac4ae998a899121b7ff5de,0.061,,,
3193,2026-08-03,SH600026,-0.09566308515425065,EXP_CatBoostModel_Alpha158_csi300_custom_step0_s_20260803_14,50b91b074aac4ae998a899121b7ff5de,0.061,,,
3194,2026-08-03,SH600025,0.0318778084291155,EXP_CatBoostModel_Alpha158_csi300_custom_step0_s_20260803_14,50b91b074aac4ae998a899121b7ff5de,0.061,,,
3195,2026-08-03,SH600023,0.009221490919436826,EXP_CatBoostModel_Alpha158_csi300_custom_step0_s_20260803_14,50b91b074aac4ae998a899121b7ff5de,0.061,,,
3196,2026-08-03,SH600019,0.0341945589723282,EXP_CatBoostModel_Alpha158_csi300_custom_step0_s_20260803_14,50b91b074aac4ae998a899121b7ff5de,0.061,,,
3197,2026-08-03,SH600018,0.041867716743450856,EXP_CatBoostModel_Alpha158_csi300_custom_step0_s_20260803_14,50b91b074aac4ae998a899121b7ff5de,0.061,,,
3198,2026-08-03,SH600016,0.0362576891235472,EXP_CatBoostModel_Alpha158_csi300_custom_step0_s_20260803_14,50b91b074aac4ae998a899121b7ff5de,0.061,,,
3199,2026-08-03,SH600015,0.04158436403513444,EXP_CatBoostModel_Alpha158_csi300_custom_step0_s_20260803_14,50b91b074aac4ae998a899121b7ff5de,0.061,,,
3200,2026-08-03,SH600011,0.0042630825485972254,EXP_CatBoostModel_Alpha158_csi300_custom_step0_s_20260803_14,50b91b074aac4ae998a899121b7ff5de,0.061,,,
3201,2026-08-03,SH600010,-0.002045729516591494,EXP_CatBoostModel_Alpha158_csi300_custom_step0_s_20260803_14,50b91b074aac4ae998a899121b7ff5de,0.061,,,
3202,2026-08-03,SH600009,0.004101352527772451,EXP_CatBoostModel_Alpha158_csi300_custom_step0_s_20260803_14,50b91b074aac4ae998a899121b7ff5de,0.061,,,
3203,2026-08-03,SH600036,0.023762462462016982,EXP_CatBoostModel_Alpha158_csi300_custom_step0_s_20260803_14,50b91b074aac4ae998a899121b7ff5de,0.061,,,
3204,2026-08-03,SH600893,0.0006084538586951169,EXP_CatBoostModel_Alpha158_csi300_custom_step0_s_20260803_14,50b91b074aac4ae998a899121b7ff5de,0.061,,,
3205,2026-08-03,SH600039,0.018135474463267097,EXP_CatBoostModel_Alpha158_csi300_custom_step0_s_20260803_14,50b91b074aac4ae998a899121b7ff5de,0.061,,,
3206,2026-08-03,SH600050,0.01933225843728446,EXP_CatBoostModel_Alpha158_csi300_custom_step0_s_20260803_14,50b91b074aac4ae998a899121b7ff5de,0.061,,,
3207,2026-08-03,SH600219,-0.008187594600609294,EXP_CatBoostModel_Alpha158_csi300_custom_step0_s_20260803_14,50b91b074aac4ae998a899121b7ff5de,0.061,,,
3208,2026-08-03,SH600196,-0.007533677265141111,EXP_CatBoostModel_Alpha158_csi300_custom_step0_s_20260803_14,50b91b074aac4ae998a899121b7ff5de,0.061,,,
3209,2026-08-03,SH600188,0.020214072555698643,EXP_CatBoostModel_Alpha158_csi300_custom_step0_s_20260803_14,50b91b074aac4ae998a899121b7ff5de,0.061,,,
3210,2026-08-03,SH600183,0.19004915013701726,EXP_CatBoostModel_Alpha158_csi300_custom_step0_s_20260803_14,50b91b074aac4ae998a899121b7ff5de,0.061,,,
3211,2026-08-03,SH600176,-0.31749599171577536,EXP_CatBoostModel_Alpha158_csi300_custom_step0_s_20260803_14,50b91b074aac4ae998a899121b7ff5de,0.061,,,
3212,2026-08-03,SH600160,-0.012779162280644518,EXP_CatBoostModel_Alpha158_csi300_custom_step0_s_20260803_14,50b91b074aac4ae998a899121b7ff5de,0.061,,,
3213,2026-08-03,SH600150,-0.03816556340024854,EXP_CatBoostModel_Alpha158_csi300_custom_step0_s_20260803_14,50b91b074aac4ae998a899121b7ff5de,0.061,,,
3214,2026-08-03,SH600118,-0.048137910435674364,EXP_CatBoostModel_Alpha158_csi300_custom_step0_s_20260803_14,50b91b074aac4ae998a899121b7ff5de,0.061,,,
3215,2026-08-03,SH600115,-0.01517193138373373,EXP_CatBoostModel_Alpha158_csi300_custom_step0_s_20260803_14,50b91b074aac4ae998a899121b7ff5de,0.061,,,
3216,2026-08-03,SH600111,0.030792337025317043,EXP_CatBoostModel_Alpha158_csi300_custom_step0_s_20260803_14,50b91b074aac4ae998a899121b7ff5de,0.061,,,
3217,2026-08-03,SH600104,0.024136281931048695,EXP_CatBoostModel_Alpha158_csi300_custom_step0_s_20260803_14,50b91b074aac4ae998a899121b7ff5de,0.061,,,
3218,2026-08-03,SH600089,-0.005681018891913508,EXP_CatBoostModel_Alpha158_csi300_custom_step0_s_20260803_14,50b91b074aac4ae998a899121b7ff5de,0.061,,,
3219,2026-08-03,SH600085,0.0030017394249068526,EXP_CatBoostModel_Alpha158_csi300_custom_step0_s_20260803_14,50b91b074aac4ae998a899121b7ff5de,0.061,,,
3220,2026-08-03,SH600066,-0.008384534004573648,EXP_CatBoostModel_Alpha158_csi300_custom_step0_s_20260803_14,50b91b074aac4ae998a899121b7ff5de,0.061,,,
3221,2026-08-03,SH600061,0.04532558089083678,EXP_CatBoostModel_Alpha158_csi300_custom_step0_s_20260803_14,50b91b074aac4ae998a899121b7ff5de,0.061,,,
3222,2026-08-03,SH600048,-0.023899729287408432,EXP_CatBoostModel_Alpha158_csi300_custom_step0_s_20260803_14,50b91b074aac4ae998a899121b7ff5de,0.061,,,
3223,2026-08-03,SH601916,-0.029075642269351436,EXP_CatBoostModel_Alpha158_csi300_custom_step0_s_20260803_14,50b91b074aac4ae998a899121b7ff5de,0.061,,,
3224,2026-08-03,SH600900,0.025429152082466128,EXP_CatBoostModel_Alpha158_csi300_custom_step0_s_20260803_14,50b91b074aac4ae998a899121b7ff5de,0.061,,,
3225,2026-08-03,SH600918,0.010748774516328174,EXP_CatBoostModel_Alpha158_csi300_custom_step0_s_20260803_14,50b91b074aac4ae998a899121b7ff5de,0.061,,,
3226,2026-08-03,SH601689,0.009165979738125484,EXP_CatBoostModel_Alpha158_csi300_custom_step0_s_20260803_14,50b91b074aac4ae998a899121b7ff5de,0.061,,,
3227,2026-08-03,SH601688,-0.006287704622130449,EXP_CatBoostModel_Alpha158_csi300_custom_step0_s_20260803_14,50b91b074aac4ae998a899121b7ff5de,0.061,,,
3228,2026-08-03,SH601669,0.0271277254431126,EXP_CatBoostModel_Alpha158_csi300_custom_step0_s_20260803_14,50b91b074aac4ae998a899121b7ff5de,0.061,,,
3229,2026-08-03,SH601668,-0.00195895447581969,EXP_CatBoostModel_Alpha158_csi300_custom_step0_s_20260803_14,50b91b074aac4ae998a899121b7ff5de,0.061,,,
3230,2026-08-03,SH601658,0.050055299497292254,EXP_CatBoostModel_Alpha158_csi300_custom_step0_s_20260803_14,50b91b074aac4ae998a899121b7ff5de,0.061,,,
3231,2026-08-03,SH601633,0.005290125738051525,EXP_CatBoostModel_Alpha158_csi300_custom_step0_s_20260803_14,50b91b074aac4ae998a899121b7ff5de,0.061,,,
3232,2026-08-03,SH601698,0.004316909401549056,EXP_CatBoostModel_Alpha158_csi300_custom_step0_s_20260803_14,50b91b074aac4ae998a899121b7ff5de,0.061,,,
3233,2026-08-03,SH601628,0.04033184565504354,EXP_CatBoostModel_Alpha158_csi300_custom_step0_s_20260803_14,50b91b074aac4ae998a899121b7ff5de,0.061,,,
3234,2026-08-03,SH601607,0.024872180530640057,EXP_CatBoostModel_Alpha158_csi300_custom_step0_s_20260803_14,50b91b074aac4ae998a899121b7ff5de,0.061,,,
3235,2026-08-03,SH601601,-0.05196515469764766,EXP_CatBoostModel_Alpha158_csi300_custom_step0_s_20260803_14,50b91b074aac4ae998a899121b7ff5de,0.061,,,
3236,2026-08-03,SH601600,-0.016930325339460178,EXP_CatBoostModel_Alpha158_csi300_custom_step0_s_20260803_14,50b91b074aac4ae998a899121b7ff5de,0.061,,,
3237,2026-08-03,SH601456,0.03319138122324716,EXP_CatBoostModel_Alpha158_csi300_custom_step0_s_20260803_14,50b91b074aac4ae998a899121b7ff5de,0.061,,,
3238,2026-08-03,SH601398,-0.02655700856025476,EXP_CatBoostModel_Alpha158_csi300_custom_step0_s_20260803_14,50b91b074aac4ae998a899121b7ff5de,0.061,,,
3239,2026-08-03,SH601390,0.01101957273669037,EXP_CatBoostModel_Alpha158_csi300_custom_step0_s_20260803_14,50b91b074aac4ae998a899121b7ff5de,0.061,,,
3240,2026-08-03,SH601618,0.02827618583664915,EXP_CatBoostModel_Alpha158_csi300_custom_step0_s_20260803_14,50b91b074aac4ae998a899121b7ff5de,0.061,,,
3241,2026-08-03,SH601727,0.00022423993587211198,EXP_CatBoostModel_Alpha158_csi300_custom_step0_s_20260803_14,50b91b074aac4ae998a899121b7ff5de,0.061,,,
3242,2026-08-03,SH601728,-0.04910306398906361,EXP_CatBoostModel_Alpha158_csi300_custom_step0_s_20260803_14,50b91b074aac4ae998a899121b7ff5de,0.061,,,
3243,2026-08-03,SH601766,0.039871792205496054,EXP_CatBoostModel_Alpha158_csi300_custom_step0_s_20260803_14,50b91b074aac4ae998a899121b7ff5de,0.061,,,
3244,2026-08-03,SH601899,-0.06806119199792271,EXP_CatBoostModel_Alpha158_csi300_custom_step0_s_20260803_14,50b91b074aac4ae998a899121b7ff5de,0.061,,,
3245,2026-08-03,SH601898,0.005598644752064978,EXP_CatBoostModel_Alpha158_csi300_custom_step0_s_20260803_14,50b91b074aac4ae998a899121b7ff5de,0.061,,,
3246,2026-08-03,SH601888,-0.013129923794304948,EXP_CatBoostModel_Alpha158_csi300_custom_step0_s_20260803_14,50b91b074aac4ae998a899121b7ff5de,0.061,,,
3247,2026-08-03,SH601881,0.004989538600759267,EXP_CatBoostModel_Alpha158_csi300_custom_step0_s_20260803_14,50b91b074aac4ae998a899121b7ff5de,0.061,,,
3248,2026-08-03,SH601878,0.039711724969440254,EXP_CatBoostModel_Alpha158_csi300_custom_step0_s_20260803_14,50b91b074aac4ae998a899121b7ff5de,0.061,,,
3249,2026-08-03,SH601877,-0.0069601917979238625,EXP_CatBoostModel_Alpha158_csi300_custom_step0_s_20260803_14,50b91b074aac4ae998a899121b7ff5de,0.061,,,
3250,2026-08-03,SH601872,-0.12754214681444365,EXP_CatBoostModel_Alpha158_csi300_custom_step0_s_20260803_14,50b91b074aac4ae998a899121b7ff5de,0.061,,,
3251,2026-08-03,SH601868,0.024348875713118792,EXP_CatBoostModel_Alpha158_csi300_custom_step0_s_20260803_14,50b91b074aac4ae998a899121b7ff5de,0.061,,,
3252,2026-08-03,SH601857,0.007349543064463947,EXP_CatBoostModel_Alpha158_csi300_custom_step0_s_20260803_14,50b91b074aac4ae998a899121b7ff5de,0.061,,,
3253,2026-08-03,SH601838,0.04086001368398968,EXP_CatBoostModel_Alpha158_csi300_custom_step0_s_20260803_14,50b91b074aac4ae998a899121b7ff5de,0.061,,,
3254,2026-08-03,SH601825,-0.05971422117117566,EXP_CatBoostModel_Alpha158_csi300_custom_step0_s_20260803_14,50b91b074aac4ae998a899121b7ff5de,0.061,,,
3255,2026-08-03,SH601818,0.03536340857728241,EXP_CatBoostModel_Alpha158_csi300_custom_step0_s_20260803_14,50b91b074aac4ae998a899121b7ff5de,0.061,,,
3256,2026-08-03,SH601816,0.005142275133066534,EXP_CatBoostModel_Alpha158_csi300_custom_step0_s_20260803_14,50b91b074aac4ae998a899121b7ff5de,0.061,,,
3257,2026-08-03,SH601800,0.01897511176549877,EXP_CatBoostModel_Alpha158_csi300_custom_step0_s_20260803_14,50b91b074aac4ae998a899121b7ff5de,0.061,,,
3258,2026-08-03,SH601788,0.03796242479195228,EXP_CatBoostModel_Alpha158_csi300_custom_step0_s_20260803_14,50b91b074aac4ae998a899121b7ff5de,0.061,,,
3259,2026-08-03,SH601377,0.03758893363985428,EXP_CatBoostModel_Alpha158_csi300_custom_step0_s_20260803_14,50b91b074aac4ae998a899121b7ff5de,0.061,,,
3260,2026-08-03,SH601360,0.01336634591000719,EXP_CatBoostModel_Alpha158_csi300_custom_step0_s_20260803_14,50b91b074aac4ae998a899121b7ff5de,0.061,,,
3261,2026-08-03,SH601336,-0.017156336407695986,EXP_CatBoostModel_Alpha158_csi300_custom_step0_s_20260803_14,50b91b074aac4ae998a899121b7ff5de,0.061,,,
3262,2026-08-03,SH601328,-0.046812479724962955,EXP_CatBoostModel_Alpha158_csi300_custom_step0_s_20260803_14,50b91b074aac4ae998a899121b7ff5de,0.061,,,
3263,2026-08-03,SH601059,0.036118863889110064,EXP_CatBoostModel_Alpha158_csi300_custom_step0_s_20260803_14,50b91b074aac4ae998a899121b7ff5de,0.061,,,
3264,2026-08-03,SH601058,0.015835474627937666,EXP_CatBoostModel_Alpha158_csi300_custom_step0_s_20260803_14,50b91b074aac4ae998a899121b7ff5de,0.061,,,
3265,2026-08-03,SH601021,0.03470006516715431,EXP_CatBoostModel_Alpha158_csi300_custom_step0_s_20260803_14,50b91b074aac4ae998a899121b7ff5de,0.061,,,
3266,2026-08-03,SH601018,0.017680284712541867,EXP_CatBoostModel_Alpha158_csi300_custom_step0_s_20260803_14,50b91b074aac4ae998a899121b7ff5de,0.061,,,
3267,2026-08-03,SH601012,0.0001600942127640446,EXP_CatBoostModel_Alpha158_csi300_custom_step0_s_20260803_14,50b91b074aac4ae998a899121b7ff5de,0.061,,,
3268,2026-08-03,SH601009,0.028132029381754485,EXP_CatBoostModel_Alpha158_csi300_custom_step0_s_20260803_14,50b91b074aac4ae998a899121b7ff5de,0.061,,,
3269,2026-08-03,SH601006,0.013446225464939551,EXP_CatBoostModel_Alpha158_csi300_custom_step0_s_20260803_14,50b91b074aac4ae998a899121b7ff5de,0.061,,,
3270,2026-08-03,SH600999,-0.010060844278759164,EXP_CatBoostModel_Alpha158_csi300_custom_step0_s_20260803_14,50b91b074aac4ae998a899121b7ff5de,0.061,,,
3271,2026-08-03,SH600989,0.015818687464750444,EXP_CatBoostModel_Alpha158_csi300_custom_step0_s_20260803_14,50b91b074aac4ae998a899121b7ff5de,0.061,,,
3272,2026-08-03,SH600958,0.02523098205914242,EXP_CatBoostModel_Alpha158_csi300_custom_step0_s_20260803_14,50b91b074aac4ae998a899121b7ff5de,0.061,,,
3273,2026-08-03,SH600941,0.008795746659744457,EXP_CatBoostModel_Alpha158_csi300_custom_step0_s_20260803_14,50b91b074aac4ae998a899121b7ff5de,0.061,,,
3274,2026-08-03,SH600938,0.049618690310576405,EXP_CatBoostModel_Alpha158_csi300_custom_step0_s_20260803_14,50b91b074aac4ae998a899121b7ff5de,0.061,,,
3275,2026-08-03,SH600930,0.0995983430506124,EXP_CatBoostModel_Alpha158_csi300_custom_step0_s_20260803_14,50b91b074aac4ae998a899121b7ff5de,0.061,,,
3276,2026-08-03,SH600926,0.039894389874059036,EXP_CatBoostModel_Alpha158_csi300_custom_step0_s_20260803_14,50b91b074aac4ae998a899121b7ff5de,0.061,,,
3277,2026-08-03,SH600919,0.05798989222040029,EXP_CatBoostModel_Alpha158_csi300_custom_step0_s_20260803_14,50b91b074aac4ae998a899121b7ff5de,0.061,,,
3278,2026-08-03,SH601066,-0.016362683777892684,EXP_CatBoostModel_Alpha158_csi300_custom_step0_s_20260803_14,50b91b074aac4ae998a899121b7ff5de,0.061,,,
3279,2026-08-03,SH600905,0.026352248802751686,EXP_CatBoostModel_Alpha158_csi300_custom_step0_s_20260803_14,50b91b074aac4ae998a899121b7ff5de,0.061,,,
3280,2026-08-03,SH601077,0.020649774593105196,EXP_CatBoostModel_Alpha158_csi300_custom_step0_s_20260803_14,50b91b074aac4ae998a899121b7ff5de,0.061,,,
3281,2026-08-03,SH601100,0.004638875575959266,EXP_CatBoostModel_Alpha158_csi300_custom_step0_s_20260803_14,50b91b074aac4ae998a899121b7ff5de,0.061,,,
3282,2026-08-03,SH601319,0.014693104640254253,EXP_CatBoostModel_Alpha158_csi300_custom_step0_s_20260803_14,50b91b074aac4ae998a899121b7ff5de,0.061,,,
3283,2026-08-03,SH601318,0.004072868046113639,EXP_CatBoostModel_Alpha158_csi300_custom_step0_s_20260803_14,50b91b074aac4ae998a899121b7ff5de,0.061,,,
3284,2026-08-03,SH601288,-0.013914242123583002,EXP_CatBoostModel_Alpha158_csi300_custom_step0_s_20260803_14,50b91b074aac4ae998a899121b7ff5de,0.061,,,
3285,2026-08-03,SH601238,-0.10212312745542573,EXP_CatBoostModel_Alpha158_csi300_custom_step0_s_20260803_14,50b91b074aac4ae998a899121b7ff5de,0.061,,,
3286,2026-08-03,SH601229,0.02918643684583265,EXP_CatBoostModel_Alpha158_csi300_custom_step0_s_20260803_14,50b91b074aac4ae998a899121b7ff5de,0.061,,,
3287,2026-08-03,SH601225,0.04699351861364767,EXP_CatBoostModel_Alpha158_csi300_custom_step0_s_20260803_14,50b91b074aac4ae998a899121b7ff5de,0.061,,,
3288,2026-08-03,SH601211,0.011297341800335257,EXP_CatBoostModel_Alpha158_csi300_custom_step0_s_20260803_14,50b91b074aac4ae998a899121b7ff5de,0.061,,,
3289,2026-08-03,SH601186,0.05194589369310398,EXP_CatBoostModel_Alpha158_csi300_custom_step0_s_20260803_14,50b91b074aac4ae998a899121b7ff5de,0.061,,,
3290,2026-08-03,SH601169,0.03488483331920474,EXP_CatBoostModel_Alpha158_csi300_custom_step0_s_20260803_14,50b91b074aac4ae998a899121b7ff5de,0.061,,,
3291,2026-08-03,SH601166,-0.03439549413378096,EXP_CatBoostModel_Alpha158_csi300_custom_step0_s_20260803_14,50b91b074aac4ae998a899121b7ff5de,0.061,,,
3292,2026-08-03,SH601138,0.03406970947377369,EXP_CatBoostModel_Alpha158_csi300_custom_step0_s_20260803_14,50b91b074aac4ae998a899121b7ff5de,0.061,,,
3293,2026-08-03,SH601136,-0.004079564452488417,EXP_CatBoostModel_Alpha158_csi300_custom_step0_s_20260803_14,50b91b074aac4ae998a899121b7ff5de,0.061,,,
3294,2026-08-03,SH601127,-0.010957737013945687,EXP_CatBoostModel_Alpha158_csi300_custom_step0_s_20260803_14,50b91b074aac4ae998a899121b7ff5de,0.061,,,
3295,2026-08-03,SH601117,0.01860611990736118,EXP_CatBoostModel_Alpha158_csi300_custom_step0_s_20260803_14,50b91b074aac4ae998a899121b7ff5de,0.061,,,
3296,2026-08-03,SH601111,0.011216975620373815,EXP_CatBoostModel_Alpha158_csi300_custom_step0_s_20260803_14,50b91b074aac4ae998a899121b7ff5de,0.061,,,
3297,2026-08-03,SH601088,0.04984531887464389,EXP_CatBoostModel_Alpha158_csi300_custom_step0_s_20260803_14,50b91b074aac4ae998a899121b7ff5de,0.061,,,
3298,2026-08-03,SZ301308,0.01868166534618829,EXP_CatBoostModel_Alpha158_csi300_custom_step0_s_20260803_14,7a7fd543f8f84ff5b89b9ff91eb0b1fc,0.07,,,
3299,2026-08-03,SZ301308,0.07423491204879479,EXP_CatBoostModel_Alpha158_csi300_custom_step0_s_20260803_14,50b91b074aac4ae998a899121b7ff5de,0.061,,,
3300,2026-08-03,SH600000,-0.023211489167034742,EXP_CatBoostModel_Alpha158_csi300_custom_step0_s_20260803_14,7a7fd543f8f84ff5b89b9ff91eb0b1fc,0.07,,,
3301,2026-08-03,SZ000596,0.025969694564399754,EXP_CatBoostModel_Alpha158_csi300_custom_step0_s_20260803_14,7a7fd543f8f84ff5b89b9ff91eb0b1fc,0.07,,,
3302,2026-08-03,SZ000568,0.0077414245255779685,EXP_CatBoostModel_Alpha158_csi300_custom_step0_s_20260803_14,7a7fd543f8f84ff5b89b9ff91eb0b1fc,0.07,,,
3303,2026-08-03,SZ000538,0.031147310838454293,EXP_CatBoostModel_Alpha158_csi300_custom_step0_s_20260803_14,7a7fd543f8f84ff5b89b9ff91eb0b1fc,0.07,,,
3304,2026-08-03,SZ000425,0.008510347021721652,EXP_CatBoostModel_Alpha158_csi300_custom_step0_s_20260803_14,7a7fd543f8f84ff5b89b9ff91eb0b1fc,0.07,,,
3305,2026-08-03,SZ000408,-0.03639584559212774,EXP_CatBoostModel_Alpha158_csi300_custom_step0_s_20260803_14,7a7fd543f8f84ff5b89b9ff91eb0b1fc,0.07,,,
3306,2026-08-03,SZ000338,0.013209933345374252,EXP_CatBoostModel_Alpha158_csi300_custom_step0_s_20260803_14,7a7fd543f8f84ff5b89b9ff91eb0b1fc,0.07,,,
3307,2026-08-03,SZ000617,0.004037847326148516,EXP_CatBoostModel_Alpha158_csi300_custom_step0_s_20260803_14,7a7fd543f8f84ff5b89b9ff91eb0b1fc,0.07,,,
3308,2026-08-03,SZ000333,0.012946088877087881,EXP_CatBoostModel_Alpha158_csi300_custom_step0_s_20260803_14,7a7fd543f8f84ff5b89b9ff91eb0b1fc,0.07,,,
3309,2026-08-03,SZ000166,0.04030564951660677,EXP_CatBoostModel_Alpha158_csi300_custom_step0_s_20260803_14,7a7fd543f8f84ff5b89b9ff91eb0b1fc,0.07,,,
3310,2026-08-03,SZ000157,0.010063842867952286,EXP_CatBoostModel_Alpha158_csi300_custom_step0_s_20260803_14,7a7fd543f8f84ff5b89b9ff91eb0b1fc,0.07,,,
3311,2026-08-03,SZ000100,-0.001490667565776869,EXP_CatBoostModel_Alpha158_csi300_custom_step0_s_20260803_14,7a7fd543f8f84ff5b89b9ff91eb0b1fc,0.07,,,
3312,2026-08-03,SZ000063,-0.008961747675023822,EXP_CatBoostModel_Alpha158_csi300_custom_step0_s_20260803_14,7a7fd543f8f84ff5b89b9ff91eb0b1fc,0.07,,,
3313,2026-08-03,SZ000002,-0.06399726246844646,EXP_CatBoostModel_Alpha158_csi300_custom_step0_s_20260803_14,7a7fd543f8f84ff5b89b9ff91eb0b1fc,0.07,,,
3314,2026-08-03,SZ000001,0.01582389674008541,EXP_CatBoostModel_Alpha158_csi300_custom_step0_s_20260803_14,7a7fd543f8f84ff5b89b9ff91eb0b1fc,0.07,,,
3315,2026-08-03,SZ000301,-0.04103172782396875,EXP_CatBoostModel_Alpha158_csi300_custom_step0_s_20260803_14,7a7fd543f8f84ff5b89b9ff91eb0b1fc,0.07,,,
3316,2026-08-03,SZ000625,0.005490084153979853,EXP_CatBoostModel_Alpha158_csi300_custom_step0_s_20260803_14,7a7fd543f8f84ff5b89b9ff91eb0b1fc,0.07,,,
3317,2026-08-03,SZ000630,0.0033389027775161217,EXP_CatBoostModel_Alpha158_csi300_custom_step0_s_20260803_14,7a7fd543f8f84ff5b89b9ff91eb0b1fc,0.07,,,
3318,2026-08-03,SZ000651,0.021711529493372336,EXP_CatBoostModel_Alpha158_csi300_custom_step0_s_20260803_14,7a7fd543f8f84ff5b89b9ff91eb0b1fc,0.07,,,
3319,2026-08-03,SZ000999,0.010203037464285584,EXP_CatBoostModel_Alpha158_csi300_custom_step0_s_20260803_14,7a7fd543f8f84ff5b89b9ff91eb0b1fc,0.07,,,
3320,2026-08-03,SZ000988,0.04437040418418022,EXP_CatBoostModel_Alpha158_csi300_custom_step0_s_20260803_14,7a7fd543f8f84ff5b89b9ff91eb0b1fc,0.07,,,
3321,2026-08-03,SZ000977,0.04758942138620742,EXP_CatBoostModel_Alpha158_csi300_custom_step0_s_20260803_14,7a7fd543f8f84ff5b89b9ff91eb0b1fc,0.07,,,
3322,2026-08-03,SZ000975,-0.030286717110662244,EXP_CatBoostModel_Alpha158_csi300_custom_step0_s_20260803_14,7a7fd543f8f84ff5b89b9ff91eb0b1fc,0.07,,,
3323,2026-08-03,SZ000963,-0.017339366373871762,EXP_CatBoostModel_Alpha158_csi300_custom_step0_s_20260803_14,7a7fd543f8f84ff5b89b9ff91eb0b1fc,0.07,,,
3324,2026-08-03,SZ000938,0.04558936952180945,EXP_CatBoostModel_Alpha158_csi300_custom_step0_s_20260803_14,7a7fd543f8f84ff5b89b9ff91eb0b1fc,0.07,,,
3325,2026-08-03,SZ000895,0.010025371600180084,EXP_CatBoostModel_Alpha158_csi300_custom_step0_s_20260803_14,7a7fd543f8f84ff5b89b9ff91eb0b1fc,0.07,,,
3326,2026-08-03,SZ000858,0.0034513228998557318,EXP_CatBoostModel_Alpha158_csi300_custom_step0_s_20260803_14,7a7fd543f8f84ff5b89b9ff91eb0b1fc,0.07,,,
3327,2026-08-03,SZ000807,-0.007552009767952654,EXP_CatBoostModel_Alpha158_csi300_custom_step0_s_20260803_14,7a7fd543f8f84ff5b89b9ff91eb0b1fc,0.07,,,
3328,2026-08-03,SZ000792,-0.03896252221239648,EXP_CatBoostModel_Alpha158_csi300_custom_step0_s_20260803_14,7a7fd543f8f84ff5b89b9ff91eb0b1fc,0.07,,,
3329,2026-08-03,SZ000776,0.003920566225826532,EXP_CatBoostModel_Alpha158_csi300_custom_step0_s_20260803_14,7a7fd543f8f84ff5b89b9ff91eb0b1fc,0.07,,,
3330,2026-08-03,SZ000768,-0.0018334787350861258,EXP_CatBoostModel_Alpha158_csi300_custom_step0_s_20260803_14,7a7fd543f8f84ff5b89b9ff91eb0b1fc,0.07,,,
3331,2026-08-03,SZ000725,0.05242991987287673,EXP_CatBoostModel_Alpha158_csi300_custom_step0_s_20260803_14,7a7fd543f8f84ff5b89b9ff91eb0b1fc,0.07,,,
3332,2026-08-03,SZ000708,0.02181044989661547,EXP_CatBoostModel_Alpha158_csi300_custom_step0_s_20260803_14,7a7fd543f8f84ff5b89b9ff91eb0b1fc,0.07,,,
3333,2026-08-03,SZ000657,0.06647936505790936,EXP_CatBoostModel_Alpha158_csi300_custom_step0_s_20260803_14,7a7fd543f8f84ff5b89b9ff91eb0b1fc,0.07,,,
3334,2026-08-03,SH688981,0.022962653525449947,EXP_CatBoostModel_Alpha158_csi300_custom_step0_s_20260803_14,7a7fd543f8f84ff5b89b9ff91eb0b1fc,0.07,,,
3335,2026-08-03,SH688521,0.094961488326322,EXP_CatBoostModel_Alpha158_csi300_custom_step0_s_20260803_14,7a7fd543f8f84ff5b89b9ff91eb0b1fc,0.07,,,
3336,2026-08-03,SH688506,0.02936143245137566,EXP_CatBoostModel_Alpha158_csi300_custom_step0_s_20260803_14,7a7fd543f8f84ff5b89b9ff91eb0b1fc,0.07,,,
3337,2026-08-03,SH688472,-0.06869806492000055,EXP_CatBoostModel_Alpha158_csi300_custom_step0_s_20260803_14,7a7fd543f8f84ff5b89b9ff91eb0b1fc,0.07,,,
3338,2026-08-03,SH603986,-0.006505312364343581,EXP_CatBoostModel_Alpha158_csi300_custom_step0_s_20260803_14,7a7fd543f8f84ff5b89b9ff91eb0b1fc,0.07,,,
3339,2026-08-03,SH603893,0.013068353944124188,EXP_CatBoostModel_Alpha158_csi300_custom_step0_s_20260803_14,7a7fd543f8f84ff5b89b9ff91eb0b1fc,0.07,,,
3340,2026-08-03,SH603799,0.005393882952925801,EXP_CatBoostModel_Alpha158_csi300_custom_step0_s_20260803_14,7a7fd543f8f84ff5b89b9ff91eb0b1fc,0.07,,,
3341,2026-08-03,SH603501,-0.004701920816863086,EXP_CatBoostModel_Alpha158_csi300_custom_step0_s_20260803_14,7a7fd543f8f84ff5b89b9ff91eb0b1fc,0.07,,,
3342,2026-08-03,SH603392,0.005469507028486736,EXP_CatBoostModel_Alpha158_csi300_custom_step0_s_20260803_14,7a7fd543f8f84ff5b89b9ff91eb0b1fc,0.07,,,
3343,2026-08-03,SH603369,0.006479440936291151,EXP_CatBoostModel_Alpha158_csi300_custom_step0_s_20260803_14,7a7fd543f8f84ff5b89b9ff91eb0b1fc,0.07,,,
3344,2026-08-03,SH603296,0.055146380917825887,EXP_CatBoostModel_Alpha158_csi300_custom_step0_s_20260803_14,7a7fd543f8f84ff5b89b9ff91eb0b1fc,0.07,,,
3345,2026-08-03,SH603288,0.023723587103050888,EXP_CatBoostModel_Alpha158_csi300_custom_step0_s_20260803_14,7a7fd543f8f84ff5b89b9ff91eb0b1fc,0.07,,,
3346,2026-08-03,SH603260,0.0421800830189362,EXP_CatBoostModel_Alpha158_csi300_custom_step0_s_20260803_14,7a7fd543f8f84ff5b89b9ff91eb0b1fc,0.07,,,
3347,2026-08-03,SH603259,-0.031373029163400255,EXP_CatBoostModel_Alpha158_csi300_custom_step0_s_20260803_14,7a7fd543f8f84ff5b89b9ff91eb0b1fc,0.07,,,
3348,2026-08-03,SH603019,0.011281950182151754,EXP_CatBoostModel_Alpha158_csi300_custom_step0_s_20260803_14,7a7fd543f8f84ff5b89b9ff91eb0b1fc,0.07,,,
3349,2026-08-03,SH601998,-0.031098275266180277,EXP_CatBoostModel_Alpha158_csi300_custom_step0_s_20260803_14,7a7fd543f8f84ff5b89b9ff91eb0b1fc,0.07,,,
3350,2026-08-03,SH601995,0.0017030426905074519,EXP_CatBoostModel_Alpha158_csi300_custom_step0_s_20260803_14,7a7fd543f8f84ff5b89b9ff91eb0b1fc,0.07,,,
3351,2026-08-03,SH601988,-0.00369147529312425,EXP_CatBoostModel_Alpha158_csi300_custom_step0_s_20260803_14,7a7fd543f8f84ff5b89b9ff91eb0b1fc,0.07,,,
3352,2026-08-03,SH601985,0.04717276592127866,EXP_CatBoostModel_Alpha158_csi300_custom_step0_s_20260803_14,7a7fd543f8f84ff5b89b9ff91eb0b1fc,0.07,,,
3353,2026-08-03,SH603993,-0.011638653750135642,EXP_CatBoostModel_Alpha158_csi300_custom_step0_s_20260803_14,7a7fd543f8f84ff5b89b9ff91eb0b1fc,0.07,,,
3354,2026-08-03,SZ001280,0.015184813468867218,EXP_CatBoostModel_Alpha158_csi300_custom_step0_s_20260803_14,7a7fd543f8f84ff5b89b9ff91eb0b1fc,0.07,,,
3355,2026-08-03,SH605117,-0.003618820428872493,EXP_CatBoostModel_Alpha158_csi300_custom_step0_s_20260803_14,7a7fd543f8f84ff5b89b9ff91eb0b1fc,0.07,,,
3356,2026-08-03,SH688008,0.0521134344816049,EXP_CatBoostModel_Alpha158_csi300_custom_step0_s_20260803_14,7a7fd543f8f84ff5b89b9ff91eb0b1fc,0.07,,,
3357,2026-08-03,SH688396,0.06016120655765335,EXP_CatBoostModel_Alpha158_csi300_custom_step0_s_20260803_14,7a7fd543f8f84ff5b89b9ff91eb0b1fc,0.07,,,
3358,2026-08-03,SH688303,-0.06672760562258921,EXP_CatBoostModel_Alpha158_csi300_custom_step0_s_20260803_14,7a7fd543f8f84ff5b89b9ff91eb0b1fc,0.07,,,
3359,2026-08-03,SH688271,-0.022816676425338973,EXP_CatBoostModel_Alpha158_csi300_custom_step0_s_20260803_14,7a7fd543f8f84ff5b89b9ff91eb0b1fc,0.07,,,
3360,2026-08-03,SH688256,0.06065958711311193,EXP_CatBoostModel_Alpha158_csi300_custom_step0_s_20260803_14,7a7fd543f8f84ff5b89b9ff91eb0b1fc,0.07,,,
3361,2026-08-03,SH688223,-0.00040994311902758327,EXP_CatBoostModel_Alpha158_csi300_custom_step0_s_20260803_14,7a7fd543f8f84ff5b89b9ff91eb0b1fc,0.07,,,
3362,2026-08-03,SH688183,-0.0017490853698067515,EXP_CatBoostModel_Alpha158_csi300_custom_step0_s_20260803_14,7a7fd543f8f84ff5b89b9ff91eb0b1fc,0.07,,,
3363,2026-08-03,SH688126,0.010818315478009051,EXP_CatBoostModel_Alpha158_csi300_custom_step0_s_20260803_14,7a7fd543f8f84ff5b89b9ff91eb0b1fc,0.07,,,
3364,2026-08-03,SH688111,-0.009394447226799427,EXP_CatBoostModel_Alpha158_csi300_custom_step0_s_20260803_14,7a7fd543f8f84ff5b89b9ff91eb0b1fc,0.07,,,
3365,2026-08-03,SH688082,0.08325206145674208,EXP_CatBoostModel_Alpha158_csi300_custom_step0_s_20260803_14,7a7fd543f8f84ff5b89b9ff91eb0b1fc,0.07,,,
3366,2026-08-03,SH688072,0.056233144268486523,EXP_CatBoostModel_Alpha158_csi300_custom_step0_s_20260803_14,7a7fd543f8f84ff5b89b9ff91eb0b1fc,0.07,,,
3367,2026-08-03,SH688047,0.016946058832644315,EXP_CatBoostModel_Alpha158_csi300_custom_step0_s_20260803_14,7a7fd543f8f84ff5b89b9ff91eb0b1fc,0.07,,,
3368,2026-08-03,SH688041,0.020580214594971488,EXP_CatBoostModel_Alpha158_csi300_custom_step0_s_20260803_14,7a7fd543f8f84ff5b89b9ff91eb0b1fc,0.07,,,
3369,2026-08-03,SH688036,0.021051584222961005,EXP_CatBoostModel_Alpha158_csi300_custom_step0_s_20260803_14,7a7fd543f8f84ff5b89b9ff91eb0b1fc,0.07,,,
3370,2026-08-03,SH688012,-0.008128057460418772,EXP_CatBoostModel_Alpha158_csi300_custom_step0_s_20260803_14,7a7fd543f8f84ff5b89b9ff91eb0b1fc,0.07,,,
3371,2026-08-03,SH688009,0.014513871357641317,EXP_CatBoostModel_Alpha158_csi300_custom_step0_s_20260803_14,7a7fd543f8f84ff5b89b9ff91eb0b1fc,0.07,,,
3372,2026-08-03,SH605499,0.017690558889562197,EXP_CatBoostModel_Alpha158_csi300_custom_step0_s_20260803_14,7a7fd543f8f84ff5b89b9ff91eb0b1fc,0.07,,,
3373,2026-08-03,SH601939,-0.0075123119905698265,EXP_CatBoostModel_Alpha158_csi300_custom_step0_s_20260803_14,7a7fd543f8f84ff5b89b9ff91eb0b1fc,0.07,,,
3374,2026-08-03,SZ001391,0.005473100614412297,EXP_CatBoostModel_Alpha158_csi300_custom_step0_s_20260803_14,7a7fd543f8f84ff5b89b9ff91eb0b1fc,0.07,,,
3375,2026-08-03,SZ001979,-0.07954535132293158,EXP_CatBoostModel_Alpha158_csi300_custom_step0_s_20260803_14,7a7fd543f8f84ff5b89b9ff91eb0b1fc,0.07,,,
3376,2026-08-03,SZ300408,0.04378982891526832,EXP_CatBoostModel_Alpha158_csi300_custom_step0_s_20260803_14,7a7fd543f8f84ff5b89b9ff91eb0b1fc,0.07,,,
3377,2026-08-03,SZ300394,0.10969579038815043,EXP_CatBoostModel_Alpha158_csi300_custom_step0_s_20260803_14,7a7fd543f8f84ff5b89b9ff91eb0b1fc,0.07,,,
3378,2026-08-03,SZ300316,0.009942681489024193,EXP_CatBoostModel_Alpha158_csi300_custom_step0_s_20260803_14,7a7fd543f8f84ff5b89b9ff91eb0b1fc,0.07,,,
3379,2026-08-03,SZ300308,0.011027365301774,EXP_CatBoostModel_Alpha158_csi300_custom_step0_s_20260803_14,7a7fd543f8f84ff5b89b9ff91eb0b1fc,0.07,,,
3380,2026-08-03,SZ300274,0.00840594344712544,EXP_CatBoostModel_Alpha158_csi300_custom_step0_s_20260803_14,7a7fd543f8f84ff5b89b9ff91eb0b1fc,0.07,,,
3381,2026-08-03,SZ300251,-0.0075879642852980465,EXP_CatBoostModel_Alpha158_csi300_custom_step0_s_20260803_14,7a7fd543f8f84ff5b89b9ff91eb0b1fc,0.07,,,
3382,2026-08-03,SZ300413,-0.023919204232062872,EXP_CatBoostModel_Alpha158_csi300_custom_step0_s_20260803_14,7a7fd543f8f84ff5b89b9ff91eb0b1fc,0.07,,,
3383,2026-08-03,SZ300124,0.009005881984448816,EXP_CatBoostModel_Alpha158_csi300_custom_step0_s_20260803_14,7a7fd543f8f84ff5b89b9ff91eb0b1fc,0.07,,,
3384,2026-08-03,SZ300059,-0.0043718699831307535,EXP_CatBoostModel_Alpha158_csi300_custom_step0_s_20260803_14,7a7fd543f8f84ff5b89b9ff91eb0b1fc,0.07,,,
3385,2026-08-03,SZ300033,-0.02213657409155607,EXP_CatBoostModel_Alpha158_csi300_custom_step0_s_20260803_14,7a7fd543f8f84ff5b89b9ff91eb0b1fc,0.07,,,
3386,2026-08-03,SZ300015,-0.015740834654476184,EXP_CatBoostModel_Alpha158_csi300_custom_step0_s_20260803_14,7a7fd543f8f84ff5b89b9ff91eb0b1fc,0.07,,,
3387,2026-08-03,SZ300014,0.008796314303621919,EXP_CatBoostModel_Alpha158_csi300_custom_step0_s_20260803_14,7a7fd543f8f84ff5b89b9ff91eb0b1fc,0.07,,,
3388,2026-08-03,SZ003816,-0.01123196244668728,EXP_CatBoostModel_Alpha158_csi300_custom_step0_s_20260803_14,7a7fd543f8f84ff5b89b9ff91eb0b1fc,0.07,,,
3389,2026-08-03,SZ002938,0.02266160144722436,EXP_CatBoostModel_Alpha158_csi300_custom_step0_s_20260803_14,7a7fd543f8f84ff5b89b9ff91eb0b1fc,0.07,,,
3390,2026-08-03,SZ300122,-0.09601325114850677,EXP_CatBoostModel_Alpha158_csi300_custom_step0_s_20260803_14,7a7fd543f8f84ff5b89b9ff91eb0b1fc,0.07,,,
3391,2026-08-03,SZ300418,0.024427980970296425,EXP_CatBoostModel_Alpha158_csi300_custom_step0_s_20260803_14,7a7fd543f8f84ff5b89b9ff91eb0b1fc,0.07,,,
3392,2026-08-03,SZ300433,0.039962285593054855,EXP_CatBoostModel_Alpha158_csi300_custom_step0_s_20260803_14,7a7fd543f8f84ff5b89b9ff91eb0b1fc,0.07,,,
3393,2026-08-03,SZ300442,0.07787264450541968,EXP_CatBoostModel_Alpha158_csi300_custom_step0_s_20260803_14,7a7fd543f8f84ff5b89b9ff91eb0b1fc,0.07,,,
3394,2026-08-03,SZ301236,0.00977606591892268,EXP_CatBoostModel_Alpha158_csi300_custom_step0_s_20260803_14,7a7fd543f8f84ff5b89b9ff91eb0b1fc,0.07,,,
3395,2026-08-03,SZ301165,0.060387239057990635,EXP_CatBoostModel_Alpha158_csi300_custom_step0_s_20260803_14,7a7fd543f8f84ff5b89b9ff91eb0b1fc,0.07,,,
3396,2026-08-03,SZ300999,0.009943072092090801,EXP_CatBoostModel_Alpha158_csi300_custom_step0_s_20260803_14,7a7fd543f8f84ff5b89b9ff91eb0b1fc,0.07,,,
3397,2026-08-03,SZ300896,0.0076893059848297685,EXP_CatBoostModel_Alpha158_csi300_custom_step0_s_20260803_14,7a7fd543f8f84ff5b89b9ff91eb0b1fc,0.07,,,
3398,2026-08-03,SZ300866,0.009651225205511944,EXP_CatBoostModel_Alpha158_csi300_custom_step0_s_20260803_14,7a7fd543f8f84ff5b89b9ff91eb0b1fc,0.07,,,
3399,2026-08-03,SZ300832,0.0016454078147653368,EXP_CatBoostModel_Alpha158_csi300_custom_step0_s_20260803_14,7a7fd543f8f84ff5b89b9ff91eb0b1fc,0.07,,,
3400,2026-08-03,SZ300803,-0.0201195824175072,EXP_CatBoostModel_Alpha158_csi300_custom_step0_s_20260803_14,7a7fd543f8f84ff5b89b9ff91eb0b1fc,0.07,,,
3401,2026-08-03,SZ300760,0.00535612318388491,EXP_CatBoostModel_Alpha158_csi300_custom_step0_s_20260803_14,7a7fd543f8f84ff5b89b9ff91eb0b1fc,0.07,,,
3402,2026-08-03,SZ300750,-0.001273588657876247,EXP_CatBoostModel_Alpha158_csi300_custom_step0_s_20260803_14,7a7fd543f8f84ff5b89b9ff91eb0b1fc,0.07,,,
3403,2026-08-03,SZ300661,-0.03471680900400195,EXP_CatBoostModel_Alpha158_csi300_custom_step0_s_20260803_14,7a7fd543f8f84ff5b89b9ff91eb0b1fc,0.07,,,
3404,2026-08-03,SZ300628,0.008111212436068969,EXP_CatBoostModel_Alpha158_csi300_custom_step0_s_20260803_14,7a7fd543f8f84ff5b89b9ff91eb0b1fc,0.07,,,
3405,2026-08-03,SZ300502,0.06782445679354226,EXP_CatBoostModel_Alpha158_csi300_custom_step0_s_20260803_14,7a7fd543f8f84ff5b89b9ff91eb0b1fc,0.07,,,
3406,2026-08-03,SZ300498,0.012800095409694505,EXP_CatBoostModel_Alpha158_csi300_custom_step0_s_20260803_14,7a7fd543f8f84ff5b89b9ff91eb0b1fc,0.07,,,
3407,2026-08-03,SZ300476,0.05057906936525805,EXP_CatBoostModel_Alpha158_csi300_custom_step0_s_20260803_14,7a7fd543f8f84ff5b89b9ff91eb0b1fc,0.07,,,
3408,2026-08-03,SZ300450,0.011687711560105308,EXP_CatBoostModel_Alpha158_csi300_custom_step0_s_20260803_14,7a7fd543f8f84ff5b89b9ff91eb0b1fc,0.07,,,
3409,2026-08-03,SZ002920,-0.04786268815035779,EXP_CatBoostModel_Alpha158_csi300_custom_step0_s_20260803_14,7a7fd543f8f84ff5b89b9ff91eb0b1fc,0.07,,,
3410,2026-08-03,SZ002916,0.013578531595628038,EXP_CatBoostModel_Alpha158_csi300_custom_step0_s_20260803_14,7a7fd543f8f84ff5b89b9ff91eb0b1fc,0.07,,,
3411,2026-08-03,SZ002837,0.042939116000024875,EXP_CatBoostModel_Alpha158_csi300_custom_step0_s_20260803_14,7a7fd543f8f84ff5b89b9ff91eb0b1fc,0.07,,,
3412,2026-08-03,SZ002736,0.042387961832712144,EXP_CatBoostModel_Alpha158_csi300_custom_step0_s_20260803_14,7a7fd543f8f84ff5b89b9ff91eb0b1fc,0.07,,,
3413,2026-08-03,SZ002352,0.00793834921824257,EXP_CatBoostModel_Alpha158_csi300_custom_step0_s_20260803_14,7a7fd543f8f84ff5b89b9ff91eb0b1fc,0.07,,,
3414,2026-08-03,SZ002311,0.021068032052371687,EXP_CatBoostModel_Alpha158_csi300_custom_step0_s_20260803_14,7a7fd543f8f84ff5b89b9ff91eb0b1fc,0.07,,,
3415,2026-08-03,SZ002304,0.014054649216753538,EXP_CatBoostModel_Alpha158_csi300_custom_step0_s_20260803_14,7a7fd543f8f84ff5b89b9ff91eb0b1fc,0.07,,,
3416,2026-08-03,SZ002241,-0.02646370775006171,EXP_CatBoostModel_Alpha158_csi300_custom_step0_s_20260803_14,7a7fd543f8f84ff5b89b9ff91eb0b1fc,0.07,,,
3417,2026-08-03,SZ002236,0.01581934195628324,EXP_CatBoostModel_Alpha158_csi300_custom_step0_s_20260803_14,7a7fd543f8f84ff5b89b9ff91eb0b1fc,0.07,,,
3418,2026-08-03,SZ002230,0.006226414583333135,EXP_CatBoostModel_Alpha158_csi300_custom_step0_s_20260803_14,7a7fd543f8f84ff5b89b9ff91eb0b1fc,0.07,,,
3419,2026-08-03,SZ002202,0.022556177624787847,EXP_CatBoostModel_Alpha158_csi300_custom_step0_s_20260803_14,7a7fd543f8f84ff5b89b9ff91eb0b1fc,0.07,,,
3420,2026-08-03,SZ002179,0.02840711909191742,EXP_CatBoostModel_Alpha158_csi300_custom_step0_s_20260803_14,7a7fd543f8f84ff5b89b9ff91eb0b1fc,0.07,,,
3421,2026-08-03,SZ002142,0.013092385452586824,EXP_CatBoostModel_Alpha158_csi300_custom_step0_s_20260803_14,7a7fd543f8f84ff5b89b9ff91eb0b1fc,0.07,,,
3422,2026-08-03,SZ002074,-0.013147493039268324,EXP_CatBoostModel_Alpha158_csi300_custom_step0_s_20260803_14,7a7fd543f8f84ff5b89b9ff91eb0b1fc,0.07,,,
3423,2026-08-03,SZ002050,0.0024293377052652682,EXP_CatBoostModel_Alpha158_csi300_custom_step0_s_20260803_14,7a7fd543f8f84ff5b89b9ff91eb0b1fc,0.07,,,
3424,2026-08-03,SZ002049,0.03999325004224338,EXP_CatBoostModel_Alpha158_csi300_custom_step0_s_20260803_14,7a7fd543f8f84ff5b89b9ff91eb0b1fc,0.07,,,
3425,2026-08-03,SZ002028,-0.009898162293872578,EXP_CatBoostModel_Alpha158_csi300_custom_step0_s_20260803_14,7a7fd543f8f84ff5b89b9ff91eb0b1fc,0.07,,,
3426,2026-08-03,SZ002027,0.01186035443083047,EXP_CatBoostModel_Alpha158_csi300_custom_step0_s_20260803_14,7a7fd543f8f84ff5b89b9ff91eb0b1fc,0.07,,,
3427,2026-08-03,SZ002001,-0.051389075369504586,EXP_CatBoostModel_Alpha158_csi300_custom_step0_s_20260803_14,7a7fd543f8f84ff5b89b9ff91eb0b1fc,0.07,,,
3428,2026-08-03,SZ002353,0.06413964758604374,EXP_CatBoostModel_Alpha158_csi300_custom_step0_s_20260803_14,7a7fd543f8f84ff5b89b9ff91eb0b1fc,0.07,,,
3429,2026-08-03,SZ001965,-0.0030924329265208245,EXP_CatBoostModel_Alpha158_csi300_custom_step0_s_20260803_14,7a7fd543f8f84ff5b89b9ff91eb0b1fc,0.07,,,
3430,2026-08-03,SZ002371,0.024721264492348998,EXP_CatBoostModel_Alpha158_csi300_custom_step0_s_20260803_14,7a7fd543f8f84ff5b89b9ff91eb0b1fc,0.07,,,
3431,2026-08-03,SZ002415,0.017483579502391138,EXP_CatBoostModel_Alpha158_csi300_custom_step0_s_20260803_14,7a7fd543f8f84ff5b89b9ff91eb0b1fc,0.07,,,
3432,2026-08-03,SZ002714,0.012824245484007572,EXP_CatBoostModel_Alpha158_csi300_custom_step0_s_20260803_14,7a7fd543f8f84ff5b89b9ff91eb0b1fc,0.07,,,
3433,2026-08-03,SZ002709,0.011591981000542272,EXP_CatBoostModel_Alpha158_csi300_custom_step0_s_20260803_14,7a7fd543f8f84ff5b89b9ff91eb0b1fc,0.07,,,
3434,2026-08-03,SZ002648,0.0009149429105185989,EXP_CatBoostModel_Alpha158_csi300_custom_step0_s_20260803_14,7a7fd543f8f84ff5b89b9ff91eb0b1fc,0.07,,,
3435,2026-08-03,SZ002625,-0.03238610690980439,EXP_CatBoostModel_Alpha158_csi300_custom_step0_s_20260803_14,7a7fd543f8f84ff5b89b9ff91eb0b1fc,0.07,,,
3436,2026-08-03,SZ002602,-0.00911098440782024,EXP_CatBoostModel_Alpha158_csi300_custom_step0_s_20260803_14,7a7fd543f8f84ff5b89b9ff91eb0b1fc,0.07,,,
3437,2026-08-03,SZ002600,0.0439168885351013,EXP_CatBoostModel_Alpha158_csi300_custom_step0_s_20260803_14,7a7fd543f8f84ff5b89b9ff91eb0b1fc,0.07,,,
3438,2026-08-03,SZ002594,0.01463473990958804,EXP_CatBoostModel_Alpha158_csi300_custom_step0_s_20260803_14,7a7fd543f8f84ff5b89b9ff91eb0b1fc,0.07,,,
3439,2026-08-03,SZ002558,0.024311362457532373,EXP_CatBoostModel_Alpha158_csi300_custom_step0_s_20260803_14,7a7fd543f8f84ff5b89b9ff91eb0b1fc,0.07,,,
3440,2026-08-03,SZ002532,0.010973358469351163,EXP_CatBoostModel_Alpha158_csi300_custom_step0_s_20260803_14,7a7fd543f8f84ff5b89b9ff91eb0b1fc,0.07,,,
3441,2026-08-03,SZ002493,-0.039268423297798546,EXP_CatBoostModel_Alpha158_csi300_custom_step0_s_20260803_14,7a7fd543f8f84ff5b89b9ff91eb0b1fc,0.07,,,
3442,2026-08-03,SZ002475,0.06669548027553546,EXP_CatBoostModel_Alpha158_csi300_custom_step0_s_20260803_14,7a7fd543f8f84ff5b89b9ff91eb0b1fc,0.07,,,
3443,2026-08-03,SZ002466,0.00665414297267243,EXP_CatBoostModel_Alpha158_csi300_custom_step0_s_20260803_14,7a7fd543f8f84ff5b89b9ff91eb0b1fc,0.07,,,
3444,2026-08-03,SZ002463,0.0035044917903555763,EXP_CatBoostModel_Alpha158_csi300_custom_step0_s_20260803_14,7a7fd543f8f84ff5b89b9ff91eb0b1fc,0.07,,,
3445,2026-08-03,SZ002460,0.0026171905365289724,EXP_CatBoostModel_Alpha158_csi300_custom_step0_s_20260803_14,7a7fd543f8f84ff5b89b9ff91eb0b1fc,0.07,,,
3446,2026-08-03,SZ002422,0.015633692918852887,EXP_CatBoostModel_Alpha158_csi300_custom_step0_s_20260803_14,7a7fd543f8f84ff5b89b9ff91eb0b1fc,0.07,,,
3447,2026-08-03,SZ002384,0.06554622507870601,EXP_CatBoostModel_Alpha158_csi300_custom_step0_s_20260803_14,7a7fd543f8f84ff5b89b9ff91eb0b1fc,0.07,,,
3448,2026-08-03,SZ302132,0.013672248146830742,EXP_CatBoostModel_Alpha158_csi300_custom_step0_s_20260803_14,50b91b074aac4ae998a899121b7ff5de,0.061,,,
3449,2026-08-03,SH601919,0.003760655490895113,EXP_CatBoostModel_Alpha158_csi300_custom_step0_s_20260803_14,7a7fd543f8f84ff5b89b9ff91eb0b1fc,0.07,,,
3450,2026-08-03,SH601901,0.03409946838839175,EXP_CatBoostModel_Alpha158_csi300_custom_step0_s_20260803_14,7a7fd543f8f84ff5b89b9ff91eb0b1fc,0.07,,,
3451,2026-08-03,SH600522,0.03566383273515591,EXP_CatBoostModel_Alpha158_csi300_custom_step0_s_20260803_14,7a7fd543f8f84ff5b89b9ff91eb0b1fc,0.07,,,
3452,2026-08-03,SH600519,0.008700945084052735,EXP_CatBoostModel_Alpha158_csi300_custom_step0_s_20260803_14,7a7fd543f8f84ff5b89b9ff91eb0b1fc,0.07,,,
3453,2026-08-03,SH600515,-0.03855849267820006,EXP_CatBoostModel_Alpha158_csi300_custom_step0_s_20260803_14,7a7fd543f8f84ff5b89b9ff91eb0b1fc,0.07,,,
3454,2026-08-03,SH600489,-0.040538441498383926,EXP_CatBoostModel_Alpha158_csi300_custom_step0_s_20260803_14,7a7fd543f8f84ff5b89b9ff91eb0b1fc,0.07,,,
3455,2026-08-03,SH600482,0.016930506261904014,EXP_CatBoostModel_Alpha158_csi300_custom_step0_s_20260803_14,7a7fd543f8f84ff5b89b9ff91eb0b1fc,0.07,,,
3456,2026-08-03,SH600460,0.06542839476821886,EXP_CatBoostModel_Alpha158_csi300_custom_step0_s_20260803_14,7a7fd543f8f84ff5b89b9ff91eb0b1fc,0.07,,,
3457,2026-08-03,SH600547,-0.04257161230334836,EXP_CatBoostModel_Alpha158_csi300_custom_step0_s_20260803_14,7a7fd543f8f84ff5b89b9ff91eb0b1fc,0.07,,,
3458,2026-08-03,SH600438,0.1648326122206361,EXP_CatBoostModel_Alpha158_csi300_custom_step0_s_20260803_14,7a7fd543f8f84ff5b89b9ff91eb0b1fc,0.07,,,
3459,2026-08-03,SH600426,0.011418315958788203,EXP_CatBoostModel_Alpha158_csi300_custom_step0_s_20260803_14,7a7fd543f8f84ff5b89b9ff91eb0b1fc,0.07,,,
3460,2026-08-03,SH600415,-0.025720847386576293,EXP_CatBoostModel_Alpha158_csi300_custom_step0_s_20260803_14,7a7fd543f8f84ff5b89b9ff91eb0b1fc,0.07,,,
3461,2026-08-03,SH600406,-0.02629930430071806,EXP_CatBoostModel_Alpha158_csi300_custom_step0_s_20260803_14,7a7fd543f8f84ff5b89b9ff91eb0b1fc,0.07,,,
3462,2026-08-03,SH600372,0.02443837618395846,EXP_CatBoostModel_Alpha158_csi300_custom_step0_s_20260803_14,7a7fd543f8f84ff5b89b9ff91eb0b1fc,0.07,,,
3463,2026-08-03,SH600362,-0.033784368259321886,EXP_CatBoostModel_Alpha158_csi300_custom_step0_s_20260803_14,7a7fd543f8f84ff5b89b9ff91eb0b1fc,0.07,,,
3464,2026-08-03,SH600346,-0.03478940583661849,EXP_CatBoostModel_Alpha158_csi300_custom_step0_s_20260803_14,7a7fd543f8f84ff5b89b9ff91eb0b1fc,0.07,,,
3465,2026-08-03,SH600436,-0.01240471457357792,EXP_CatBoostModel_Alpha158_csi300_custom_step0_s_20260803_14,7a7fd543f8f84ff5b89b9ff91eb0b1fc,0.07,,,
3466,2026-08-03,SH600549,0.06314973246129728,EXP_CatBoostModel_Alpha158_csi300_custom_step0_s_20260803_14,7a7fd543f8f84ff5b89b9ff91eb0b1fc,0.07,,,
3467,2026-08-03,SH600570,0.010660767774041307,EXP_CatBoostModel_Alpha158_csi300_custom_step0_s_20260803_14,7a7fd543f8f84ff5b89b9ff91eb0b1fc,0.07,,,
3468,2026-08-03,SH600584,0.11283942213714285,EXP_CatBoostModel_Alpha158_csi300_custom_step0_s_20260803_14,7a7fd543f8f84ff5b89b9ff91eb0b1fc,0.07,,,
3469,2026-08-03,SH600887,0.012585671058175166,EXP_CatBoostModel_Alpha158_csi300_custom_step0_s_20260803_14,7a7fd543f8f84ff5b89b9ff91eb0b1fc,0.07,,,
3470,2026-08-03,SH600886,0.0065934784176271705,EXP_CatBoostModel_Alpha158_csi300_custom_step0_s_20260803_14,7a7fd543f8f84ff5b89b9ff91eb0b1fc,0.07,,,
3471,2026-08-03,SH600875,0.0026511846350993707,EXP_CatBoostModel_Alpha158_csi300_custom_step0_s_20260803_14,7a7fd543f8f84ff5b89b9ff91eb0b1fc,0.07,,,
3472,2026-08-03,SH600845,0.004946311736464524,EXP_CatBoostModel_Alpha158_csi300_custom_step0_s_20260803_14,7a7fd543f8f84ff5b89b9ff91eb0b1fc,0.07,,,
3473,2026-08-03,SH600809,0.016359348902804233,EXP_CatBoostModel_Alpha158_csi300_custom_step0_s_20260803_14,7a7fd543f8f84ff5b89b9ff91eb0b1fc,0.07,,,
3474,2026-08-03,SH600803,-0.051607086586584944,EXP_CatBoostModel_Alpha158_csi300_custom_step0_s_20260803_14,7a7fd543f8f84ff5b89b9ff91eb0b1fc,0.07,,,
3475,2026-08-03,SH600795,0.014244797396350307,EXP_CatBoostModel_Alpha158_csi300_custom_step0_s_20260803_14,7a7fd543f8f84ff5b89b9ff91eb0b1fc,0.07,,,
3476,2026-08-03,SH600760,0.004668030478117496,EXP_CatBoostModel_Alpha158_csi300_custom_step0_s_20260803_14,7a7fd543f8f84ff5b89b9ff91eb0b1fc,0.07,,,
3477,2026-08-03,SH600741,0.012723780714545295,EXP_CatBoostModel_Alpha158_csi300_custom_step0_s_20260803_14,7a7fd543f8f84ff5b89b9ff91eb0b1fc,0.07,,,
3478,2026-08-03,SH600690,0.01769610349474679,EXP_CatBoostModel_Alpha158_csi300_custom_step0_s_20260803_14,7a7fd543f8f84ff5b89b9ff91eb0b1fc,0.07,,,
3479,2026-08-03,SH600674,0.001143575371773245,EXP_CatBoostModel_Alpha158_csi300_custom_step0_s_20260803_14,7a7fd543f8f84ff5b89b9ff91eb0b1fc,0.07,,,
3480,2026-08-03,SH600660,0.017075368010718812,EXP_CatBoostModel_Alpha158_csi300_custom_step0_s_20260803_14,7a7fd543f8f84ff5b89b9ff91eb0b1fc,0.07,,,
3481,2026-08-03,SH600600,0.01509514926427615,EXP_CatBoostModel_Alpha158_csi300_custom_step0_s_20260803_14,7a7fd543f8f84ff5b89b9ff91eb0b1fc,0.07,,,
3482,2026-08-03,SH600588,-0.06299136297257714,EXP_CatBoostModel_Alpha158_csi300_custom_step0_s_20260803_14,7a7fd543f8f84ff5b89b9ff91eb0b1fc,0.07,,,
3483,2026-08-03,SH600585,0.005964326700077988,EXP_CatBoostModel_Alpha158_csi300_custom_step0_s_20260803_14,7a7fd543f8f84ff5b89b9ff91eb0b1fc,0.07,,,
3484,2026-08-03,SH600309,-0.02401662288295671,EXP_CatBoostModel_Alpha158_csi300_custom_step0_s_20260803_14,7a7fd543f8f84ff5b89b9ff91eb0b1fc,0.07,,,
3485,2026-08-03,SH600276,0.0005224822837145335,EXP_CatBoostModel_Alpha158_csi300_custom_step0_s_20260803_14,7a7fd543f8f84ff5b89b9ff91eb0b1fc,0.07,,,
3486,2026-08-03,SH600233,-0.10808923310854936,EXP_CatBoostModel_Alpha158_csi300_custom_step0_s_20260803_14,7a7fd543f8f84ff5b89b9ff91eb0b1fc,0.07,,,
3487,2026-08-03,SH600221,0.02181133203886971,EXP_CatBoostModel_Alpha158_csi300_custom_step0_s_20260803_14,7a7fd543f8f84ff5b89b9ff91eb0b1fc,0.07,,,
3488,2026-08-03,SH600031,-0.007201899956782849,EXP_CatBoostModel_Alpha158_csi300_custom_step0_s_20260803_14,7a7fd543f8f84ff5b89b9ff91eb0b1fc,0.07,,,
3489,2026-08-03,SH600030,0.0335544957146918,EXP_CatBoostModel_Alpha158_csi300_custom_step0_s_20260803_14,7a7fd543f8f84ff5b89b9ff91eb0b1fc,0.07,,,
3490,2026-08-03,SH600029,0.021839403005900225,EXP_CatBoostModel_Alpha158_csi300_custom_step0_s_20260803_14,7a7fd543f8f84ff5b89b9ff91eb0b1fc,0.07,,,
3491,2026-08-03,SH600028,0.0069153991402149066,EXP_CatBoostModel_Alpha158_csi300_custom_step0_s_20260803_14,7a7fd543f8f84ff5b89b9ff91eb0b1fc,0.07,,,
3492,2026-08-03,SH600027,0.007862836364237104,EXP_CatBoostModel_Alpha158_csi300_custom_step0_s_20260803_14,7a7fd543f8f84ff5b89b9ff91eb0b1fc,0.07,,,
3493,2026-08-03,SH600026,-0.11629652191520565,EXP_CatBoostModel_Alpha158_csi300_custom_step0_s_20260803_14,7a7fd543f8f84ff5b89b9ff91eb0b1fc,0.07,,,
3494,2026-08-03,SH600025,0.01402972414674412,EXP_CatBoostModel_Alpha158_csi300_custom_step0_s_20260803_14,7a7fd543f8f84ff5b89b9ff91eb0b1fc,0.07,,,
3495,2026-08-03,SH600023,0.011950937611145046,EXP_CatBoostModel_Alpha158_csi300_custom_step0_s_20260803_14,7a7fd543f8f84ff5b89b9ff91eb0b1fc,0.07,,,
3496,2026-08-03,SH600019,0.013546278051488374,EXP_CatBoostModel_Alpha158_csi300_custom_step0_s_20260803_14,7a7fd543f8f84ff5b89b9ff91eb0b1fc,0.07,,,
3497,2026-08-03,SH600018,0.01322944695286856,EXP_CatBoostModel_Alpha158_csi300_custom_step0_s_20260803_14,7a7fd543f8f84ff5b89b9ff91eb0b1fc,0.07,,,
3498,2026-08-03,SH600016,0.015285536807923522,EXP_CatBoostModel_Alpha158_csi300_custom_step0_s_20260803_14,7a7fd543f8f84ff5b89b9ff91eb0b1fc,0.07,,,
3499,2026-08-03,SH600015,0.0181632898674233,EXP_CatBoostModel_Alpha158_csi300_custom_step0_s_20260803_14,7a7fd543f8f84ff5b89b9ff91eb0b1fc,0.07,,,
3500,2026-08-03,SH600011,-0.0014640049391600157,EXP_CatBoostModel_Alpha158_csi300_custom_step0_s_20260803_14,7a7fd543f8f84ff5b89b9ff91eb0b1fc,0.07,,,
3501,2026-08-03,SH600010,0.003267730928746768,EXP_CatBoostModel_Alpha158_csi300_custom_step0_s_20260803_14,7a7fd543f8f84ff5b89b9ff91eb0b1fc,0.07,,,
3502,2026-08-03,SH600009,0.006161733300318393,EXP_CatBoostModel_Alpha158_csi300_custom_step0_s_20260803_14,7a7fd543f8f84ff5b89b9ff91eb0b1fc,0.07,,,
3503,2026-08-03,SH600036,0.01445707348340575,EXP_CatBoostModel_Alpha158_csi300_custom_step0_s_20260803_14,7a7fd543f8f84ff5b89b9ff91eb0b1fc,0.07,,,
3504,2026-08-03,SH600893,-0.0025638610006864784,EXP_CatBoostModel_Alpha158_csi300_custom_step0_s_20260803_14,7a7fd543f8f84ff5b89b9ff91eb0b1fc,0.07,,,
3505,2026-08-03,SH600039,0.00030667138151864595,EXP_CatBoostModel_Alpha158_csi300_custom_step0_s_20260803_14,7a7fd543f8f84ff5b89b9ff91eb0b1fc,0.07,,,
3506,2026-08-03,SH600050,0.008220361922223961,EXP_CatBoostModel_Alpha158_csi300_custom_step0_s_20260803_14,7a7fd543f8f84ff5b89b9ff91eb0b1fc,0.07,,,
3507,2026-08-03,SH600219,-0.0015672086148489865,EXP_CatBoostModel_Alpha158_csi300_custom_step0_s_20260803_14,7a7fd543f8f84ff5b89b9ff91eb0b1fc,0.07,,,
3508,2026-08-03,SH600196,-0.0007036939615801064,EXP_CatBoostModel_Alpha158_csi300_custom_step0_s_20260803_14,7a7fd543f8f84ff5b89b9ff91eb0b1fc,0.07,,,
3509,2026-08-03,SH600188,0.01487180725263828,EXP_CatBoostModel_Alpha158_csi300_custom_step0_s_20260803_14,7a7fd543f8f84ff5b89b9ff91eb0b1fc,0.07,,,
3510,2026-08-03,SH600183,0.0950086210029448,EXP_CatBoostModel_Alpha158_csi300_custom_step0_s_20260803_14,7a7fd543f8f84ff5b89b9ff91eb0b1fc,0.07,,,
3511,2026-08-03,SH600176,-0.30701574121576014,EXP_CatBoostModel_Alpha158_csi300_custom_step0_s_20260803_14,7a7fd543f8f84ff5b89b9ff91eb0b1fc,0.07,,,
3512,2026-08-03,SH600160,-0.005590567365796695,EXP_CatBoostModel_Alpha158_csi300_custom_step0_s_20260803_14,7a7fd543f8f84ff5b89b9ff91eb0b1fc,0.07,,,
3513,2026-08-03,SH600150,-0.011635204656789947,EXP_CatBoostModel_Alpha158_csi300_custom_step0_s_20260803_14,7a7fd543f8f84ff5b89b9ff91eb0b1fc,0.07,,,
3514,2026-08-03,SH600118,0.033019821853483705,EXP_CatBoostModel_Alpha158_csi300_custom_step0_s_20260803_14,7a7fd543f8f84ff5b89b9ff91eb0b1fc,0.07,,,
3515,2026-08-03,SH600115,0.0033372938472517218,EXP_CatBoostModel_Alpha158_csi300_custom_step0_s_20260803_14,7a7fd543f8f84ff5b89b9ff91eb0b1fc,0.07,,,
3516,2026-08-03,SH600111,0.017439062291055532,EXP_CatBoostModel_Alpha158_csi300_custom_step0_s_20260803_14,7a7fd543f8f84ff5b89b9ff91eb0b1fc,0.07,,,
3517,2026-08-03,SH600104,0.00795442506504357,EXP_CatBoostModel_Alpha158_csi300_custom_step0_s_20260803_14,7a7fd543f8f84ff5b89b9ff91eb0b1fc,0.07,,,
3518,2026-08-03,SH600089,-0.010068624665527534,EXP_CatBoostModel_Alpha158_csi300_custom_step0_s_20260803_14,7a7fd543f8f84ff5b89b9ff91eb0b1fc,0.07,,,
3519,2026-08-03,SH600085,0.0062563013361214,EXP_CatBoostModel_Alpha158_csi300_custom_step0_s_20260803_14,7a7fd543f8f84ff5b89b9ff91eb0b1fc,0.07,,,
3520,2026-08-03,SH600066,-0.010184071062224452,EXP_CatBoostModel_Alpha158_csi300_custom_step0_s_20260803_14,7a7fd543f8f84ff5b89b9ff91eb0b1fc,0.07,,,
3521,2026-08-03,SH600061,0.03852160865439999,EXP_CatBoostModel_Alpha158_csi300_custom_step0_s_20260803_14,7a7fd543f8f84ff5b89b9ff91eb0b1fc,0.07,,,
3522,2026-08-03,SH600048,-0.021276395269076497,EXP_CatBoostModel_Alpha158_csi300_custom_step0_s_20260803_14,7a7fd543f8f84ff5b89b9ff91eb0b1fc,0.07,,,
3523,2026-08-03,SH601916,-0.0074850602298748735,EXP_CatBoostModel_Alpha158_csi300_custom_step0_s_20260803_14,7a7fd543f8f84ff5b89b9ff91eb0b1fc,0.07,,,
3524,2026-08-03,SH600900,0.008680293430888266,EXP_CatBoostModel_Alpha158_csi300_custom_step0_s_20260803_14,7a7fd543f8f84ff5b89b9ff91eb0b1fc,0.07,,,
3525,2026-08-03,SH600918,-0.005396441417698903,EXP_CatBoostModel_Alpha158_csi300_custom_step0_s_20260803_14,7a7fd543f8f84ff5b89b9ff91eb0b1fc,0.07,,,
3526,2026-08-03,SH601689,0.0194865544535896,EXP_CatBoostModel_Alpha158_csi300_custom_step0_s_20260803_14,7a7fd543f8f84ff5b89b9ff91eb0b1fc,0.07,,,
3527,2026-08-03,SH601688,-0.0011445529379866604,EXP_CatBoostModel_Alpha158_csi300_custom_step0_s_20260803_14,7a7fd543f8f84ff5b89b9ff91eb0b1fc,0.07,,,
3528,2026-08-03,SH601669,0.022373879217778274,EXP_CatBoostModel_Alpha158_csi300_custom_step0_s_20260803_14,7a7fd543f8f84ff5b89b9ff91eb0b1fc,0.07,,,
3529,2026-08-03,SH601668,0.022124896780947374,EXP_CatBoostModel_Alpha158_csi300_custom_step0_s_20260803_14,7a7fd543f8f84ff5b89b9ff91eb0b1fc,0.07,,,
3530,2026-08-03,SH601658,0.03284499444779911,EXP_CatBoostModel_Alpha158_csi300_custom_step0_s_20260803_14,7a7fd543f8f84ff5b89b9ff91eb0b1fc,0.07,,,
3531,2026-08-03,SH601633,0.002690796162291794,EXP_CatBoostModel_Alpha158_csi300_custom_step0_s_20260803_14,7a7fd543f8f84ff5b89b9ff91eb0b1fc,0.07,,,
3532,2026-08-03,SH601698,0.008381412955698244,EXP_CatBoostModel_Alpha158_csi300_custom_step0_s_20260803_14,7a7fd543f8f84ff5b89b9ff91eb0b1fc,0.07,,,
3533,2026-08-03,SH601628,-0.0015947608926646856,EXP_CatBoostModel_Alpha158_csi300_custom_step0_s_20260803_14,7a7fd543f8f84ff5b89b9ff91eb0b1fc,0.07,,,
3534,2026-08-03,SH601607,0.01576854548331458,EXP_CatBoostModel_Alpha158_csi300_custom_step0_s_20260803_14,7a7fd543f8f84ff5b89b9ff91eb0b1fc,0.07,,,
3535,2026-08-03,SH601601,-0.027645852277948604,EXP_CatBoostModel_Alpha158_csi300_custom_step0_s_20260803_14,7a7fd543f8f84ff5b89b9ff91eb0b1fc,0.07,,,
3536,2026-08-03,SH601600,-0.01519415168593851,EXP_CatBoostModel_Alpha158_csi300_custom_step0_s_20260803_14,7a7fd543f8f84ff5b89b9ff91eb0b1fc,0.07,,,
3537,2026-08-03,SH601456,0.033085917949263154,EXP_CatBoostModel_Alpha158_csi300_custom_step0_s_20260803_14,7a7fd543f8f84ff5b89b9ff91eb0b1fc,0.07,,,
3538,2026-08-03,SH601398,-0.048078851049632276,EXP_CatBoostModel_Alpha158_csi300_custom_step0_s_20260803_14,7a7fd543f8f84ff5b89b9ff91eb0b1fc,0.07,,,
3539,2026-08-03,SH601390,0.007954094718903498,EXP_CatBoostModel_Alpha158_csi300_custom_step0_s_20260803_14,7a7fd543f8f84ff5b89b9ff91eb0b1fc,0.07,,,
3540,2026-08-03,SH601618,0.016836750440124358,EXP_CatBoostModel_Alpha158_csi300_custom_step0_s_20260803_14,7a7fd543f8f84ff5b89b9ff91eb0b1fc,0.07,,,
3541,2026-08-03,SH601727,0.0004413641993546911,EXP_CatBoostModel_Alpha158_csi300_custom_step0_s_20260803_14,7a7fd543f8f84ff5b89b9ff91eb0b1fc,0.07,,,
3542,2026-08-03,SH601728,-0.042196660116323566,EXP_CatBoostModel_Alpha158_csi300_custom_step0_s_20260803_14,7a7fd543f8f84ff5b89b9ff91eb0b1fc,0.07,,,
3543,2026-08-03,SH601766,0.005524442162924029,EXP_CatBoostModel_Alpha158_csi300_custom_step0_s_20260803_14,7a7fd543f8f84ff5b89b9ff91eb0b1fc,0.07,,,
3544,2026-08-03,SH601899,-0.05719537364919947,EXP_CatBoostModel_Alpha158_csi300_custom_step0_s_20260803_14,7a7fd543f8f84ff5b89b9ff91eb0b1fc,0.07,,,
3545,2026-08-03,SH601898,0.007115581295287961,EXP_CatBoostModel_Alpha158_csi300_custom_step0_s_20260803_14,7a7fd543f8f84ff5b89b9ff91eb0b1fc,0.07,,,
3546,2026-08-03,SH601888,-0.005957899693144813,EXP_CatBoostModel_Alpha158_csi300_custom_step0_s_20260803_14,7a7fd543f8f84ff5b89b9ff91eb0b1fc,0.07,,,
3547,2026-08-03,SH601881,0.025182133743259335,EXP_CatBoostModel_Alpha158_csi300_custom_step0_s_20260803_14,7a7fd543f8f84ff5b89b9ff91eb0b1fc,0.07,,,
3548,2026-08-03,SH601878,0.04134535508625776,EXP_CatBoostModel_Alpha158_csi300_custom_step0_s_20260803_14,7a7fd543f8f84ff5b89b9ff91eb0b1fc,0.07,,,
3549,2026-08-03,SH601877,-0.0024148340438513737,EXP_CatBoostModel_Alpha158_csi300_custom_step0_s_20260803_14,7a7fd543f8f84ff5b89b9ff91eb0b1fc,0.07,,,
3550,2026-08-03,SH601872,-0.13788712361813227,EXP_CatBoostModel_Alpha158_csi300_custom_step0_s_20260803_14,7a7fd543f8f84ff5b89b9ff91eb0b1fc,0.07,,,
3551,2026-08-03,SH601868,0.022899084608790272,EXP_CatBoostModel_Alpha158_csi300_custom_step0_s_20260803_14,7a7fd543f8f84ff5b89b9ff91eb0b1fc,0.07,,,
3552,2026-08-03,SH601857,0.0006782537220994301,EXP_CatBoostModel_Alpha158_csi300_custom_step0_s_20260803_14,7a7fd543f8f84ff5b89b9ff91eb0b1fc,0.07,,,
3553,2026-08-03,SH601838,0.01856328124133468,EXP_CatBoostModel_Alpha158_csi300_custom_step0_s_20260803_14,7a7fd543f8f84ff5b89b9ff91eb0b1fc,0.07,,,
3554,2026-08-03,SH601825,-0.06046280114358717,EXP_CatBoostModel_Alpha158_csi300_custom_step0_s_20260803_14,7a7fd543f8f84ff5b89b9ff91eb0b1fc,0.07,,,
3555,2026-08-03,SH601818,0.018958886506131638,EXP_CatBoostModel_Alpha158_csi300_custom_step0_s_20260803_14,7a7fd543f8f84ff5b89b9ff91eb0b1fc,0.07,,,
3556,2026-08-03,SH601816,-0.0019416421730051672,EXP_CatBoostModel_Alpha158_csi300_custom_step0_s_20260803_14,7a7fd543f8f84ff5b89b9ff91eb0b1fc,0.07,,,
3557,2026-08-03,SH601800,0.00634651054113095,EXP_CatBoostModel_Alpha158_csi300_custom_step0_s_20260803_14,7a7fd543f8f84ff5b89b9ff91eb0b1fc,0.07,,,
3558,2026-08-03,SH601788,0.03406843593140156,EXP_CatBoostModel_Alpha158_csi300_custom_step0_s_20260803_14,7a7fd543f8f84ff5b89b9ff91eb0b1fc,0.07,,,
3559,2026-08-03,SH601377,0.04149366413951973,EXP_CatBoostModel_Alpha158_csi300_custom_step0_s_20260803_14,7a7fd543f8f84ff5b89b9ff91eb0b1fc,0.07,,,
3560,2026-08-03,SH601360,-0.002486736202600824,EXP_CatBoostModel_Alpha158_csi300_custom_step0_s_20260803_14,7a7fd543f8f84ff5b89b9ff91eb0b1fc,0.07,,,
3561,2026-08-03,SH601336,0.003763593552983001,EXP_CatBoostModel_Alpha158_csi300_custom_step0_s_20260803_14,7a7fd543f8f84ff5b89b9ff91eb0b1fc,0.07,,,
3562,2026-08-03,SH601328,-0.02344238610142717,EXP_CatBoostModel_Alpha158_csi300_custom_step0_s_20260803_14,7a7fd543f8f84ff5b89b9ff91eb0b1fc,0.07,,,
3563,2026-08-03,SH601059,0.039147980212280685,EXP_CatBoostModel_Alpha158_csi300_custom_step0_s_20260803_14,7a7fd543f8f84ff5b89b9ff91eb0b1fc,0.07,,,
3564,2026-08-03,SH601058,0.007471422116583521,EXP_CatBoostModel_Alpha158_csi300_custom_step0_s_20260803_14,7a7fd543f8f84ff5b89b9ff91eb0b1fc,0.07,,,
3565,2026-08-03,SH601021,0.032416733247505415,EXP_CatBoostModel_Alpha158_csi300_custom_step0_s_20260803_14,7a7fd543f8f84ff5b89b9ff91eb0b1fc,0.07,,,
3566,2026-08-03,SH601018,0.014250848688750853,EXP_CatBoostModel_Alpha158_csi300_custom_step0_s_20260803_14,7a7fd543f8f84ff5b89b9ff91eb0b1fc,0.07,,,
3567,2026-08-03,SH601012,-0.009347076302913638,EXP_CatBoostModel_Alpha158_csi300_custom_step0_s_20260803_14,7a7fd543f8f84ff5b89b9ff91eb0b1fc,0.07,,,
3568,2026-08-03,SH601009,0.01546403433370621,EXP_CatBoostModel_Alpha158_csi300_custom_step0_s_20260803_14,7a7fd543f8f84ff5b89b9ff91eb0b1fc,0.07,,,
3569,2026-08-03,SH601006,0.004052342530545299,EXP_CatBoostModel_Alpha158_csi300_custom_step0_s_20260803_14,7a7fd543f8f84ff5b89b9ff91eb0b1fc,0.07,,,
3570,2026-08-03,SH600999,-0.0023493229247741046,EXP_CatBoostModel_Alpha158_csi300_custom_step0_s_20260803_14,7a7fd543f8f84ff5b89b9ff91eb0b1fc,0.07,,,
3571,2026-08-03,SH600989,0.011532077002774293,EXP_CatBoostModel_Alpha158_csi300_custom_step0_s_20260803_14,7a7fd543f8f84ff5b89b9ff91eb0b1fc,0.07,,,
3572,2026-08-03,SH600958,0.03340977269951674,EXP_CatBoostModel_Alpha158_csi300_custom_step0_s_20260803_14,7a7fd543f8f84ff5b89b9ff91eb0b1fc,0.07,,,
3573,2026-08-03,SH600941,0.00617482654733968,EXP_CatBoostModel_Alpha158_csi300_custom_step0_s_20260803_14,7a7fd543f8f84ff5b89b9ff91eb0b1fc,0.07,,,
3574,2026-08-03,SH600938,0.015977557081270716,EXP_CatBoostModel_Alpha158_csi300_custom_step0_s_20260803_14,7a7fd543f8f84ff5b89b9ff91eb0b1fc,0.07,,,
3575,2026-08-03,SH600930,0.07309997492457955,EXP_CatBoostModel_Alpha158_csi300_custom_step0_s_20260803_14,7a7fd543f8f84ff5b89b9ff91eb0b1fc,0.07,,,
3576,2026-08-03,SH600926,0.0167546514825143,EXP_CatBoostModel_Alpha158_csi300_custom_step0_s_20260803_14,7a7fd543f8f84ff5b89b9ff91eb0b1fc,0.07,,,
3577,2026-08-03,SH600919,0.029201892029270402,EXP_CatBoostModel_Alpha158_csi300_custom_step0_s_20260803_14,7a7fd543f8f84ff5b89b9ff91eb0b1fc,0.07,,,
3578,2026-08-03,SH601066,-0.0029132144764732275,EXP_CatBoostModel_Alpha158_csi300_custom_step0_s_20260803_14,7a7fd543f8f84ff5b89b9ff91eb0b1fc,0.07,,,
3579,2026-08-03,SH600905,0.011782946948479138,EXP_CatBoostModel_Alpha158_csi300_custom_step0_s_20260803_14,7a7fd543f8f84ff5b89b9ff91eb0b1fc,0.07,,,
3580,2026-08-03,SH601077,-0.007972168934698445,EXP_CatBoostModel_Alpha158_csi300_custom_step0_s_20260803_14,7a7fd543f8f84ff5b89b9ff91eb0b1fc,0.07,,,
3581,2026-08-03,SH601100,-0.019169165759509707,EXP_CatBoostModel_Alpha158_csi300_custom_step0_s_20260803_14,7a7fd543f8f84ff5b89b9ff91eb0b1fc,0.07,,,
3582,2026-08-03,SH601319,0.006592330094748556,EXP_CatBoostModel_Alpha158_csi300_custom_step0_s_20260803_14,7a7fd543f8f84ff5b89b9ff91eb0b1fc,0.07,,,
3583,2026-08-03,SH601318,0.0023878053521718405,EXP_CatBoostModel_Alpha158_csi300_custom_step0_s_20260803_14,7a7fd543f8f84ff5b89b9ff91eb0b1fc,0.07,,,
3584,2026-08-03,SH601288,-0.015255678795592975,EXP_CatBoostModel_Alpha158_csi300_custom_step0_s_20260803_14,7a7fd543f8f84ff5b89b9ff91eb0b1fc,0.07,,,
3585,2026-08-03,SH601238,-0.08805593297000419,EXP_CatBoostModel_Alpha158_csi300_custom_step0_s_20260803_14,7a7fd543f8f84ff5b89b9ff91eb0b1fc,0.07,,,
3586,2026-08-03,SH601229,0.024469551611953324,EXP_CatBoostModel_Alpha158_csi300_custom_step0_s_20260803_14,7a7fd543f8f84ff5b89b9ff91eb0b1fc,0.07,,,
3587,2026-08-03,SH601225,0.014078208414203498,EXP_CatBoostModel_Alpha158_csi300_custom_step0_s_20260803_14,7a7fd543f8f84ff5b89b9ff91eb0b1fc,0.07,,,
3588,2026-08-03,SH601211,0.01153396002227142,EXP_CatBoostModel_Alpha158_csi300_custom_step0_s_20260803_14,7a7fd543f8f84ff5b89b9ff91eb0b1fc,0.07,,,
3589,2026-08-03,SH601186,0.016705186901455716,EXP_CatBoostModel_Alpha158_csi300_custom_step0_s_20260803_14,7a7fd543f8f84ff5b89b9ff91eb0b1fc,0.07,,,
3590,2026-08-03,SH601169,0.01840150427823323,EXP_CatBoostModel_Alpha158_csi300_custom_step0_s_20260803_14,7a7fd543f8f84ff5b89b9ff91eb0b1fc,0.07,,,
3591,2026-08-03,SH601166,0.01093362958877861,EXP_CatBoostModel_Alpha158_csi300_custom_step0_s_20260803_14,7a7fd543f8f84ff5b89b9ff91eb0b1fc,0.07,,,
3592,2026-08-03,SH601138,-0.010775894734453848,EXP_CatBoostModel_Alpha158_csi300_custom_step0_s_20260803_14,7a7fd543f8f84ff5b89b9ff91eb0b1fc,0.07,,,
3593,2026-08-03,SH601136,0.0048471686094991445,EXP_CatBoostModel_Alpha158_csi300_custom_step0_s_20260803_14,7a7fd543f8f84ff5b89b9ff91eb0b1fc,0.07,,,
3594,2026-08-03,SH601127,-0.028821751089981182,EXP_CatBoostModel_Alpha158_csi300_custom_step0_s_20260803_14,7a7fd543f8f84ff5b89b9ff91eb0b1fc,0.07,,,
3595,2026-08-03,SH601117,0.008162358089391867,EXP_CatBoostModel_Alpha158_csi300_custom_step0_s_20260803_14,7a7fd543f8f84ff5b89b9ff91eb0b1fc,0.07,,,
3596,2026-08-03,SH601111,0.0080047661930171,EXP_CatBoostModel_Alpha158_csi300_custom_step0_s_20260803_14,7a7fd543f8f84ff5b89b9ff91eb0b1fc,0.07,,,
3597,2026-08-03,SH601088,0.016394965128282542,EXP_CatBoostModel_Alpha158_csi300_custom_step0_s_20260803_14,7a7fd543f8f84ff5b89b9ff91eb0b1fc,0.07,,,
3598,2026-08-03,SZ301308,-0.01429609594452435,EXP_CatBoostModel_Alpha158_csi300_custom_step0_s_20260803_14,318064d5cb724d9e9c919a65c02182bf,0.126,,,
3599,2026-08-03,SZ302132,-0.00887827339923249,EXP_CatBoostModel_Alpha158_csi300_custom_step0_s_20260803_14,318064d5cb724d9e9c919a65c02182bf,0.126,,,
3600,2026-08-03,SH600000,-0.02799397627730262,EXP_LGBModel_Alpha158_csi300_custom_step0_s_20260803_14,d4533a7ad98242afbd6b0c4edbf42254,0.059,,,
3601,2026-08-03,SZ000617,-0.005053802235338219,EXP_LGBModel_Alpha158_csi300_custom_step0_s_20260803_14,8ba4c47522a042bc84afa8a6b7c68cf4,0.058,,,
3602,2026-08-03,SZ000596,0.04144339343981382,EXP_LGBModel_Alpha158_csi300_custom_step0_s_20260803_14,8ba4c47522a042bc84afa8a6b7c68cf4,0.058,,,
3603,2026-08-03,SZ000568,-0.0026103858495493027,EXP_LGBModel_Alpha158_csi300_custom_step0_s_20260803_14,8ba4c47522a042bc84afa8a6b7c68cf4,0.058,,,
3604,2026-08-03,SZ000538,0.04625689736691909,EXP_LGBModel_Alpha158_csi300_custom_step0_s_20260803_14,8ba4c47522a042bc84afa8a6b7c68cf4,0.058,,,
3605,2026-08-03,SZ000425,-0.008510666750715493,EXP_LGBModel_Alpha158_csi300_custom_step0_s_20260803_14,8ba4c47522a042bc84afa8a6b7c68cf4,0.058,,,
3606,2026-08-03,SZ000408,-0.03299222829758055,EXP_LGBModel_Alpha158_csi300_custom_step0_s_20260803_14,8ba4c47522a042bc84afa8a6b7c68cf4,0.058,,,
3607,2026-08-03,SZ000625,0.00999450238068012,EXP_LGBModel_Alpha158_csi300_custom_step0_s_20260803_14,8ba4c47522a042bc84afa8a6b7c68cf4,0.058,,,
3608,2026-08-03,SZ000338,-0.012640135347334791,EXP_LGBModel_Alpha158_csi300_custom_step0_s_20260803_14,8ba4c47522a042bc84afa8a6b7c68cf4,0.058,,,
3609,2026-08-03,SZ000301,-0.04290837092383247,EXP_LGBModel_Alpha158_csi300_custom_step0_s_20260803_14,8ba4c47522a042bc84afa8a6b7c68cf4,0.058,,,
3610,2026-08-03,SZ000166,0.03840848244248332,EXP_LGBModel_Alpha158_csi300_custom_step0_s_20260803_14,8ba4c47522a042bc84afa8a6b7c68cf4,0.058,,,
3611,2026-08-03,SZ000157,0.028483376632993936,EXP_LGBModel_Alpha158_csi300_custom_step0_s_20260803_14,8ba4c47522a042bc84afa8a6b7c68cf4,0.058,,,
3612,2026-08-03,SZ000100,-0.03296734019408217,EXP_LGBModel_Alpha158_csi300_custom_step0_s_20260803_14,8ba4c47522a042bc84afa8a6b7c68cf4,0.058,,,
3613,2026-08-03,SZ000063,-0.042323531553583565,EXP_LGBModel_Alpha158_csi300_custom_step0_s_20260803_14,8ba4c47522a042bc84afa8a6b7c68cf4,0.058,,,
3614,2026-08-03,SZ000002,-0.13393094517957102,EXP_LGBModel_Alpha158_csi300_custom_step0_s_20260803_14,8ba4c47522a042bc84afa8a6b7c68cf4,0.058,,,
3615,2026-08-03,SZ000333,0.04791622466703439,EXP_LGBModel_Alpha158_csi300_custom_step0_s_20260803_14,8ba4c47522a042bc84afa8a6b7c68cf4,0.058,,,
3616,2026-08-03,SZ000630,-0.04264637842740917,EXP_LGBModel_Alpha158_csi300_custom_step0_s_20260803_14,8ba4c47522a042bc84afa8a6b7c68cf4,0.058,,,
3617,2026-08-03,SZ000651,0.03979986761930069,EXP_LGBModel_Alpha158_csi300_custom_step0_s_20260803_14,8ba4c47522a042bc84afa8a6b7c68cf4,0.058,,,
3618,2026-08-03,SZ000657,0.053536062331393026,EXP_LGBModel_Alpha158_csi300_custom_step0_s_20260803_14,8ba4c47522a042bc84afa8a6b7c68cf4,0.058,,,
3619,2026-08-03,SZ001280,-0.00965058190534165,EXP_LGBModel_Alpha158_csi300_custom_step0_s_20260803_14,8ba4c47522a042bc84afa8a6b7c68cf4,0.058,,,
3620,2026-08-03,SZ000999,0.023408454646304703,EXP_LGBModel_Alpha158_csi300_custom_step0_s_20260803_14,8ba4c47522a042bc84afa8a6b7c68cf4,0.058,,,
3621,2026-08-03,SZ000988,0.023910069111019526,EXP_LGBModel_Alpha158_csi300_custom_step0_s_20260803_14,8ba4c47522a042bc84afa8a6b7c68cf4,0.058,,,
3622,2026-08-03,SZ000977,0.08681213475467861,EXP_LGBModel_Alpha158_csi300_custom_step0_s_20260803_14,8ba4c47522a042bc84afa8a6b7c68cf4,0.058,,,
3623,2026-08-03,SZ000975,-0.03484582415681799,EXP_LGBModel_Alpha158_csi300_custom_step0_s_20260803_14,8ba4c47522a042bc84afa8a6b7c68cf4,0.058,,,
3624,2026-08-03,SZ000963,-0.03562720226393122,EXP_LGBModel_Alpha158_csi300_custom_step0_s_20260803_14,8ba4c47522a042bc84afa8a6b7c68cf4,0.058,,,
3625,2026-08-03,SZ000938,0.024252504976557274,EXP_LGBModel_Alpha158_csi300_custom_step0_s_20260803_14,8ba4c47522a042bc84afa8a6b7c68cf4,0.058,,,
3626,2026-08-03,SZ000895,0.03299576952111352,EXP_LGBModel_Alpha158_csi300_custom_step0_s_20260803_14,8ba4c47522a042bc84afa8a6b7c68cf4,0.058,,,
3627,2026-08-03,SZ000858,-0.014200310167824219,EXP_LGBModel_Alpha158_csi300_custom_step0_s_20260803_14,8ba4c47522a042bc84afa8a6b7c68cf4,0.058,,,
3628,2026-08-03,SZ000807,-0.05367120334677071,EXP_LGBModel_Alpha158_csi300_custom_step0_s_20260803_14,8ba4c47522a042bc84afa8a6b7c68cf4,0.058,,,
3629,2026-08-03,SZ000792,-0.048707617919901657,EXP_LGBModel_Alpha158_csi300_custom_step0_s_20260803_14,8ba4c47522a042bc84afa8a6b7c68cf4,0.058,,,
3630,2026-08-03,SZ000776,-0.0011838024280023756,EXP_LGBModel_Alpha158_csi300_custom_step0_s_20260803_14,8ba4c47522a042bc84afa8a6b7c68cf4,0.058,,,
3631,2026-08-03,SZ000768,-0.020621989583022835,EXP_LGBModel_Alpha158_csi300_custom_step0_s_20260803_14,8ba4c47522a042bc84afa8a6b7c68cf4,0.058,,,
3632,2026-08-03,SZ000725,0.03909082277208477,EXP_LGBModel_Alpha158_csi300_custom_step0_s_20260803_14,8ba4c47522a042bc84afa8a6b7c68cf4,0.058,,,
3633,2026-08-03,SZ000708,0.02876899934638069,EXP_LGBModel_Alpha158_csi300_custom_step0_s_20260803_14,8ba4c47522a042bc84afa8a6b7c68cf4,0.058,,,
3634,2026-08-03,SZ000001,0.013368263409148736,EXP_LGBModel_Alpha158_csi300_custom_step0_s_20260803_14,8ba4c47522a042bc84afa8a6b7c68cf4,0.058,,,
3635,2026-08-03,SH688981,0.03981285938721142,EXP_LGBModel_Alpha158_csi300_custom_step0_s_20260803_14,8ba4c47522a042bc84afa8a6b7c68cf4,0.058,,,
3636,2026-08-03,SH688521,0.08648365075448014,EXP_LGBModel_Alpha158_csi300_custom_step0_s_20260803_14,8ba4c47522a042bc84afa8a6b7c68cf4,0.058,,,
3637,2026-08-03,SH688506,-0.007944659634096057,EXP_LGBModel_Alpha158_csi300_custom_step0_s_20260803_14,8ba4c47522a042bc84afa8a6b7c68cf4,0.058,,,
3638,2026-08-03,SH603993,-0.04432941476729022,EXP_LGBModel_Alpha158_csi300_custom_step0_s_20260803_14,8ba4c47522a042bc84afa8a6b7c68cf4,0.058,,,
3639,2026-08-03,SH603986,0.03878603692586524,EXP_LGBModel_Alpha158_csi300_custom_step0_s_20260803_14,8ba4c47522a042bc84afa8a6b7c68cf4,0.058,,,
3640,2026-08-03,SH603893,-0.010070752506704826,EXP_LGBModel_Alpha158_csi300_custom_step0_s_20260803_14,8ba4c47522a042bc84afa8a6b7c68cf4,0.058,,,
3641,2026-08-03,SH603799,0.019606853853481845,EXP_LGBModel_Alpha158_csi300_custom_step0_s_20260803_14,8ba4c47522a042bc84afa8a6b7c68cf4,0.058,,,
3642,2026-08-03,SH603501,-0.035082807179925686,EXP_LGBModel_Alpha158_csi300_custom_step0_s_20260803_14,8ba4c47522a042bc84afa8a6b7c68cf4,0.058,,,
3643,2026-08-03,SH603392,-0.015650717297434696,EXP_LGBModel_Alpha158_csi300_custom_step0_s_20260803_14,8ba4c47522a042bc84afa8a6b7c68cf4,0.058,,,
3644,2026-08-03,SH603369,0.022115079418068482,EXP_LGBModel_Alpha158_csi300_custom_step0_s_20260803_14,8ba4c47522a042bc84afa8a6b7c68cf4,0.058,,,
3645,2026-08-03,SH603296,-0.024160867212912517,EXP_LGBModel_Alpha158_csi300_custom_step0_s_20260803_14,8ba4c47522a042bc84afa8a6b7c68cf4,0.058,,,
3646,2026-08-03,SH603288,0.05338642336693147,EXP_LGBModel_Alpha158_csi300_custom_step0_s_20260803_14,8ba4c47522a042bc84afa8a6b7c68cf4,0.058,,,
3647,2026-08-03,SH603260,0.014602530958647017,EXP_LGBModel_Alpha158_csi300_custom_step0_s_20260803_14,8ba4c47522a042bc84afa8a6b7c68cf4,0.058,,,
3648,2026-08-03,SH603259,-0.042686990299542926,EXP_LGBModel_Alpha158_csi300_custom_step0_s_20260803_14,8ba4c47522a042bc84afa8a6b7c68cf4,0.058,,,
3649,2026-08-03,SH603019,-0.004945071195802499,EXP_LGBModel_Alpha158_csi300_custom_step0_s_20260803_14,8ba4c47522a042bc84afa8a6b7c68cf4,0.058,,,
3650,2026-08-03,SH601998,-0.07781706560380085,EXP_LGBModel_Alpha158_csi300_custom_step0_s_20260803_14,8ba4c47522a042bc84afa8a6b7c68cf4,0.058,,,
3651,2026-08-03,SH601995,-0.013745227018907076,EXP_LGBModel_Alpha158_csi300_custom_step0_s_20260803_14,8ba4c47522a042bc84afa8a6b7c68cf4,0.058,,,
3652,2026-08-03,SH601988,0.013374114295310982,EXP_LGBModel_Alpha158_csi300_custom_step0_s_20260803_14,8ba4c47522a042bc84afa8a6b7c68cf4,0.058,,,
3653,2026-08-03,SH605117,0.012643475531226312,EXP_LGBModel_Alpha158_csi300_custom_step0_s_20260803_14,8ba4c47522a042bc84afa8a6b7c68cf4,0.058,,,
3654,2026-08-03,SZ001391,0.02527897276964169,EXP_LGBModel_Alpha158_csi300_custom_step0_s_20260803_14,8ba4c47522a042bc84afa8a6b7c68cf4,0.058,,,
3655,2026-08-03,SH605499,-0.0016453110406761983,EXP_LGBModel_Alpha158_csi300_custom_step0_s_20260803_14,8ba4c47522a042bc84afa8a6b7c68cf4,0.058,,,
3656,2026-08-03,SH688009,0.04177476929321105,EXP_LGBModel_Alpha158_csi300_custom_step0_s_20260803_14,8ba4c47522a042bc84afa8a6b7c68cf4,0.058,,,
3657,2026-08-03,SH688472,-0.06164997375194472,EXP_LGBModel_Alpha158_csi300_custom_step0_s_20260803_14,8ba4c47522a042bc84afa8a6b7c68cf4,0.058,,,
3658,2026-08-03,SH688396,0.057399817206255456,EXP_LGBModel_Alpha158_csi300_custom_step0_s_20260803_14,8ba4c47522a042bc84afa8a6b7c68cf4,0.058,,,
3659,2026-08-03,SH688303,-0.0945410720162946,EXP_LGBModel_Alpha158_csi300_custom_step0_s_20260803_14,8ba4c47522a042bc84afa8a6b7c68cf4,0.058,,,
3660,2026-08-03,SH688271,-0.0489332239336947,EXP_LGBModel_Alpha158_csi300_custom_step0_s_20260803_14,8ba4c47522a042bc84afa8a6b7c68cf4,0.058,,,
3661,2026-08-03,SH688256,-0.007806684058056634,EXP_LGBModel_Alpha158_csi300_custom_step0_s_20260803_14,8ba4c47522a042bc84afa8a6b7c68cf4,0.058,,,
3662,2026-08-03,SH688223,-0.06399231231600966,EXP_LGBModel_Alpha158_csi300_custom_step0_s_20260803_14,8ba4c47522a042bc84afa8a6b7c68cf4,0.058,,,
3663,2026-08-03,SH688183,-0.024831476437534045,EXP_LGBModel_Alpha158_csi300_custom_step0_s_20260803_14,8ba4c47522a042bc84afa8a6b7c68cf4,0.058,,,
3664,2026-08-03,SH688126,-0.008176988313025395,EXP_LGBModel_Alpha158_csi300_custom_step0_s_20260803_14,8ba4c47522a042bc84afa8a6b7c68cf4,0.058,,,
3665,2026-08-03,SH688111,-0.032919810851575165,EXP_LGBModel_Alpha158_csi300_custom_step0_s_20260803_14,8ba4c47522a042bc84afa8a6b7c68cf4,0.058,,,
3666,2026-08-03,SH688082,0.0701227188837127,EXP_LGBModel_Alpha158_csi300_custom_step0_s_20260803_14,8ba4c47522a042bc84afa8a6b7c68cf4,0.058,,,
3667,2026-08-03,SH688072,-0.0067549494027001715,EXP_LGBModel_Alpha158_csi300_custom_step0_s_20260803_14,8ba4c47522a042bc84afa8a6b7c68cf4,0.058,,,
3668,2026-08-03,SH688047,0.03303577713573751,EXP_LGBModel_Alpha158_csi300_custom_step0_s_20260803_14,8ba4c47522a042bc84afa8a6b7c68cf4,0.058,,,
3669,2026-08-03,SH688041,0.03917381426348,EXP_LGBModel_Alpha158_csi300_custom_step0_s_20260803_14,8ba4c47522a042bc84afa8a6b7c68cf4,0.058,,,
3670,2026-08-03,SH688036,0.034177468231841736,EXP_LGBModel_Alpha158_csi300_custom_step0_s_20260803_14,8ba4c47522a042bc84afa8a6b7c68cf4,0.058,,,
3671,2026-08-03,SH688012,0.010166275577883516,EXP_LGBModel_Alpha158_csi300_custom_step0_s_20260803_14,8ba4c47522a042bc84afa8a6b7c68cf4,0.058,,,
3672,2026-08-03,SH688008,0.09057724159796642,EXP_LGBModel_Alpha158_csi300_custom_step0_s_20260803_14,8ba4c47522a042bc84afa8a6b7c68cf4,0.058,,,
3673,2026-08-03,SH601985,0.06024823378974326,EXP_LGBModel_Alpha158_csi300_custom_step0_s_20260803_14,8ba4c47522a042bc84afa8a6b7c68cf4,0.058,,,
3674,2026-08-03,SZ001965,-0.0009497834353563533,EXP_LGBModel_Alpha158_csi300_custom_step0_s_20260803_14,8ba4c47522a042bc84afa8a6b7c68cf4,0.058,,,
3675,2026-08-03,SZ002001,-0.09175289982547855,EXP_LGBModel_Alpha158_csi300_custom_step0_s_20260803_14,8ba4c47522a042bc84afa8a6b7c68cf4,0.058,,,
3676,2026-08-03,SZ300413,-0.05330881182400617,EXP_LGBModel_Alpha158_csi300_custom_step0_s_20260803_14,8ba4c47522a042bc84afa8a6b7c68cf4,0.058,,,
3677,2026-08-03,SZ300408,-0.00964437957926979,EXP_LGBModel_Alpha158_csi300_custom_step0_s_20260803_14,8ba4c47522a042bc84afa8a6b7c68cf4,0.058,,,
3678,2026-08-03,SZ300394,0.03537346933449301,EXP_LGBModel_Alpha158_csi300_custom_step0_s_20260803_14,8ba4c47522a042bc84afa8a6b7c68cf4,0.058,,,
3679,2026-08-03,SZ300316,0.04115705954061109,EXP_LGBModel_Alpha158_csi300_custom_step0_s_20260803_14,8ba4c47522a042bc84afa8a6b7c68cf4,0.058,,,
3680,2026-08-03,SZ300308,0.06339189721636772,EXP_LGBModel_Alpha158_csi300_custom_step0_s_20260803_14,8ba4c47522a042bc84afa8a6b7c68cf4,0.058,,,
3681,2026-08-03,SZ300274,0.0041419688839012215,EXP_LGBModel_Alpha158_csi300_custom_step0_s_20260803_14,8ba4c47522a042bc84afa8a6b7c68cf4,0.058,,,
3682,2026-08-03,SZ300418,0.035220981445869916,EXP_LGBModel_Alpha158_csi300_custom_step0_s_20260803_14,8ba4c47522a042bc84afa8a6b7c68cf4,0.058,,,
3683,2026-08-03,SZ300251,-0.05879326679915111,EXP_LGBModel_Alpha158_csi300_custom_step0_s_20260803_14,8ba4c47522a042bc84afa8a6b7c68cf4,0.058,,,
3684,2026-08-03,SZ300122,-0.1293348616566713,EXP_LGBModel_Alpha158_csi300_custom_step0_s_20260803_14,8ba4c47522a042bc84afa8a6b7c68cf4,0.058,,,
3685,2026-08-03,SZ300059,-0.025625776502982436,EXP_LGBModel_Alpha158_csi300_custom_step0_s_20260803_14,8ba4c47522a042bc84afa8a6b7c68cf4,0.058,,,
3686,2026-08-03,SZ300033,-0.07206385819236613,EXP_LGBModel_Alpha158_csi300_custom_step0_s_20260803_14,8ba4c47522a042bc84afa8a6b7c68cf4,0.058,,,
3687,2026-08-03,SZ300015,-0.01707598712299377,EXP_LGBModel_Alpha158_csi300_custom_step0_s_20260803_14,8ba4c47522a042bc84afa8a6b7c68cf4,0.058,,,
3688,2026-08-03,SZ300014,0.012598814713692438,EXP_LGBModel_Alpha158_csi300_custom_step0_s_20260803_14,8ba4c47522a042bc84afa8a6b7c68cf4,0.058,,,
3689,2026-08-03,SZ003816,0.0007874877299615897,EXP_LGBModel_Alpha158_csi300_custom_step0_s_20260803_14,8ba4c47522a042bc84afa8a6b7c68cf4,0.058,,,
3690,2026-08-03,SZ300124,0.03060539704653668,EXP_LGBModel_Alpha158_csi300_custom_step0_s_20260803_14,8ba4c47522a042bc84afa8a6b7c68cf4,0.058,,,
3691,2026-08-03,SZ300433,0.03490270843563649,EXP_LGBModel_Alpha158_csi300_custom_step0_s_20260803_14,8ba4c47522a042bc84afa8a6b7c68cf4,0.058,,,
3692,2026-08-03,SZ300442,0.09082164772785416,EXP_LGBModel_Alpha158_csi300_custom_step0_s_20260803_14,8ba4c47522a042bc84afa8a6b7c68cf4,0.058,,,
3693,2026-08-03,SZ300450,0.038125273875111804,EXP_LGBModel_Alpha158_csi300_custom_step0_s_20260803_14,8ba4c47522a042bc84afa8a6b7c68cf4,0.058,,,
3694,2026-08-03,SZ301269,-0.011869661197459906,EXP_LGBModel_Alpha158_csi300_custom_step0_s_20260803_14,8ba4c47522a042bc84afa8a6b7c68cf4,0.058,,,
3695,2026-08-03,SZ301236,0.02184572609420914,EXP_LGBModel_Alpha158_csi300_custom_step0_s_20260803_14,8ba4c47522a042bc84afa8a6b7c68cf4,0.058,,,
3696,2026-08-03,SZ301165,0.04948684584642828,EXP_LGBModel_Alpha158_csi300_custom_step0_s_20260803_14,8ba4c47522a042bc84afa8a6b7c68cf4,0.058,,,
3697,2026-08-03,SZ300999,0.03910748436638964,EXP_LGBModel_Alpha158_csi300_custom_step0_s_20260803_14,8ba4c47522a042bc84afa8a6b7c68cf4,0.058,,,
3698,2026-08-03,SZ300896,-0.006066944483996267,EXP_LGBModel_Alpha158_csi300_custom_step0_s_20260803_14,8ba4c47522a042bc84afa8a6b7c68cf4,0.058,,,
3699,2026-08-03,SZ300866,-0.05712282923194477,EXP_LGBModel_Alpha158_csi300_custom_step0_s_20260803_14,8ba4c47522a042bc84afa8a6b7c68cf4,0.058,,,
3700,2026-08-03,SZ300832,0.016477258750456022,EXP_LGBModel_Alpha158_csi300_custom_step0_s_20260803_14,8ba4c47522a042bc84afa8a6b7c68cf4,0.058,,,
3701,2026-08-03,SZ300803,-0.03190900744735873,EXP_LGBModel_Alpha158_csi300_custom_step0_s_20260803_14,8ba4c47522a042bc84afa8a6b7c68cf4,0.058,,,
3702,2026-08-03,SZ300760,0.019826785153252858,EXP_LGBModel_Alpha158_csi300_custom_step0_s_20260803_14,8ba4c47522a042bc84afa8a6b7c68cf4,0.058,,,
3703,2026-08-03,SZ300750,-0.005633379195606211,EXP_LGBModel_Alpha158_csi300_custom_step0_s_20260803_14,8ba4c47522a042bc84afa8a6b7c68cf4,0.058,,,
3704,2026-08-03,SZ300661,0.02144261493314389,EXP_LGBModel_Alpha158_csi300_custom_step0_s_20260803_14,8ba4c47522a042bc84afa8a6b7c68cf4,0.058,,,
3705,2026-08-03,SZ300628,0.004840033986513747,EXP_LGBModel_Alpha158_csi300_custom_step0_s_20260803_14,8ba4c47522a042bc84afa8a6b7c68cf4,0.058,,,
3706,2026-08-03,SZ300502,0.061574730863996986,EXP_LGBModel_Alpha158_csi300_custom_step0_s_20260803_14,8ba4c47522a042bc84afa8a6b7c68cf4,0.058,,,
3707,2026-08-03,SZ300498,0.010790386709096376,EXP_LGBModel_Alpha158_csi300_custom_step0_s_20260803_14,8ba4c47522a042bc84afa8a6b7c68cf4,0.058,,,
3708,2026-08-03,SZ300476,0.09832969997246073,EXP_LGBModel_Alpha158_csi300_custom_step0_s_20260803_14,8ba4c47522a042bc84afa8a6b7c68cf4,0.058,,,
3709,2026-08-03,SZ002938,0.04637368214878383,EXP_LGBModel_Alpha158_csi300_custom_step0_s_20260803_14,8ba4c47522a042bc84afa8a6b7c68cf4,0.058,,,
3710,2026-08-03,SZ002920,-0.04715916811747419,EXP_LGBModel_Alpha158_csi300_custom_step0_s_20260803_14,8ba4c47522a042bc84afa8a6b7c68cf4,0.058,,,
3711,2026-08-03,SZ002916,0.0685245625475236,EXP_LGBModel_Alpha158_csi300_custom_step0_s_20260803_14,8ba4c47522a042bc84afa8a6b7c68cf4,0.058,,,
3712,2026-08-03,SZ002837,0.01677341584576575,EXP_LGBModel_Alpha158_csi300_custom_step0_s_20260803_14,8ba4c47522a042bc84afa8a6b7c68cf4,0.058,,,
3713,2026-08-03,SZ002353,0.08252203601493992,EXP_LGBModel_Alpha158_csi300_custom_step0_s_20260803_14,8ba4c47522a042bc84afa8a6b7c68cf4,0.058,,,
3714,2026-08-03,SZ002352,0.010632584152317562,EXP_LGBModel_Alpha158_csi300_custom_step0_s_20260803_14,8ba4c47522a042bc84afa8a6b7c68cf4,0.058,,,
3715,2026-08-03,SZ002311,0.03528746765319479,EXP_LGBModel_Alpha158_csi300_custom_step0_s_20260803_14,8ba4c47522a042bc84afa8a6b7c68cf4,0.058,,,
3716,2026-08-03,SZ002304,0.02613340564663452,EXP_LGBModel_Alpha158_csi300_custom_step0_s_20260803_14,8ba4c47522a042bc84afa8a6b7c68cf4,0.058,,,
3717,2026-08-03,SZ002241,-0.06279878892206739,EXP_LGBModel_Alpha158_csi300_custom_step0_s_20260803_14,8ba4c47522a042bc84afa8a6b7c68cf4,0.058,,,
3718,2026-08-03,SZ002236,-0.0005985803032477244,EXP_LGBModel_Alpha158_csi300_custom_step0_s_20260803_14,8ba4c47522a042bc84afa8a6b7c68cf4,0.058,,,
3719,2026-08-03,SZ002230,-0.02563523880050252,EXP_LGBModel_Alpha158_csi300_custom_step0_s_20260803_14,8ba4c47522a042bc84afa8a6b7c68cf4,0.058,,,
3720,2026-08-03,SZ002202,0.008118041564500952,EXP_LGBModel_Alpha158_csi300_custom_step0_s_20260803_14,8ba4c47522a042bc84afa8a6b7c68cf4,0.058,,,
3721,2026-08-03,SZ002179,0.07720336526148512,EXP_LGBModel_Alpha158_csi300_custom_step0_s_20260803_14,8ba4c47522a042bc84afa8a6b7c68cf4,0.058,,,
3722,2026-08-03,SZ002142,0.042149616276906075,EXP_LGBModel_Alpha158_csi300_custom_step0_s_20260803_14,8ba4c47522a042bc84afa8a6b7c68cf4,0.058,,,
3723,2026-08-03,SZ002074,-0.05384598678029197,EXP_LGBModel_Alpha158_csi300_custom_step0_s_20260803_14,8ba4c47522a042bc84afa8a6b7c68cf4,0.058,,,
3724,2026-08-03,SZ002050,0.016411247722337808,EXP_LGBModel_Alpha158_csi300_custom_step0_s_20260803_14,8ba4c47522a042bc84afa8a6b7c68cf4,0.058,,,
3725,2026-08-03,SZ002049,0.06361939156985587,EXP_LGBModel_Alpha158_csi300_custom_step0_s_20260803_14,8ba4c47522a042bc84afa8a6b7c68cf4,0.058,,,
3726,2026-08-03,SZ002028,-0.038995524067928174,EXP_LGBModel_Alpha158_csi300_custom_step0_s_20260803_14,8ba4c47522a042bc84afa8a6b7c68cf4,0.058,,,
3727,2026-08-03,SZ002027,0.013521026494884278,EXP_LGBModel_Alpha158_csi300_custom_step0_s_20260803_14,8ba4c47522a042bc84afa8a6b7c68cf4,0.058,,,
3728,2026-08-03,SZ002371,0.04403828058175044,EXP_LGBModel_Alpha158_csi300_custom_step0_s_20260803_14,8ba4c47522a042bc84afa8a6b7c68cf4,0.058,,,
3729,2026-08-03,SZ001979,-0.12038929691385154,EXP_LGBModel_Alpha158_csi300_custom_step0_s_20260803_14,8ba4c47522a042bc84afa8a6b7c68cf4,0.058,,,
3730,2026-08-03,SZ002384,0.01976825914859079,EXP_LGBModel_Alpha158_csi300_custom_step0_s_20260803_14,8ba4c47522a042bc84afa8a6b7c68cf4,0.058,,,
3731,2026-08-03,SZ002422,0.09158128722497652,EXP_LGBModel_Alpha158_csi300_custom_step0_s_20260803_14,8ba4c47522a042bc84afa8a6b7c68cf4,0.058,,,
3732,2026-08-03,SZ002736,0.059509900005807366,EXP_LGBModel_Alpha158_csi300_custom_step0_s_20260803_14,8ba4c47522a042bc84afa8a6b7c68cf4,0.058,,,
3733,2026-08-03,SZ002714,-0.02867246603749413,EXP_LGBModel_Alpha158_csi300_custom_step0_s_20260803_14,8ba4c47522a042bc84afa8a6b7c68cf4,0.058,,,
3734,2026-08-03,SZ002709,0.06338357079863306,EXP_LGBModel_Alpha158_csi300_custom_step0_s_20260803_14,8ba4c47522a042bc84afa8a6b7c68cf4,0.058,,,
3735,2026-08-03,SZ002648,-0.001430935387374007,EXP_LGBModel_Alpha158_csi300_custom_step0_s_20260803_14,8ba4c47522a042bc84afa8a6b7c68cf4,0.058,,,
3736,2026-08-03,SZ002625,-0.10037009470317534,EXP_LGBModel_Alpha158_csi300_custom_step0_s_20260803_14,8ba4c47522a042bc84afa8a6b7c68cf4,0.058,,,
3737,2026-08-03,SZ002602,-0.0346486710839114,EXP_LGBModel_Alpha158_csi300_custom_step0_s_20260803_14,8ba4c47522a042bc84afa8a6b7c68cf4,0.058,,,
3738,2026-08-03,SZ002600,0.06633831132534704,EXP_LGBModel_Alpha158_csi300_custom_step0_s_20260803_14,8ba4c47522a042bc84afa8a6b7c68cf4,0.058,,,
3739,2026-08-03,SZ002594,0.03615900820142546,EXP_LGBModel_Alpha158_csi300_custom_step0_s_20260803_14,8ba4c47522a042bc84afa8a6b7c68cf4,0.058,,,
3740,2026-08-03,SZ002558,-0.003135189359976244,EXP_LGBModel_Alpha158_csi300_custom_step0_s_20260803_14,8ba4c47522a042bc84afa8a6b7c68cf4,0.058,,,
3741,2026-08-03,SZ002532,0.0009883582870791044,EXP_LGBModel_Alpha158_csi300_custom_step0_s_20260803_14,8ba4c47522a042bc84afa8a6b7c68cf4,0.058,,,
3742,2026-08-03,SZ002493,-0.04787322464540316,EXP_LGBModel_Alpha158_csi300_custom_step0_s_20260803_14,8ba4c47522a042bc84afa8a6b7c68cf4,0.058,,,
3743,2026-08-03,SZ002475,-0.012343860426692332,EXP_LGBModel_Alpha158_csi300_custom_step0_s_20260803_14,8ba4c47522a042bc84afa8a6b7c68cf4,0.058,,,
3744,2026-08-03,SZ002466,0.05177331986666193,EXP_LGBModel_Alpha158_csi300_custom_step0_s_20260803_14,8ba4c47522a042bc84afa8a6b7c68cf4,0.058,,,
3745,2026-08-03,SZ002463,0.06532497412102475,EXP_LGBModel_Alpha158_csi300_custom_step0_s_20260803_14,8ba4c47522a042bc84afa8a6b7c68cf4,0.058,,,
3746,2026-08-03,SZ002460,0.03888871924610967,EXP_LGBModel_Alpha158_csi300_custom_step0_s_20260803_14,8ba4c47522a042bc84afa8a6b7c68cf4,0.058,,,
3747,2026-08-03,SZ002415,0.006728195789668931,EXP_LGBModel_Alpha158_csi300_custom_step0_s_20260803_14,8ba4c47522a042bc84afa8a6b7c68cf4,0.058,,,
3748,2026-08-03,SZ301308,0.04871556862838189,EXP_LGBModel_Alpha158_csi300_custom_step0_s_20260803_14,8ba4c47522a042bc84afa8a6b7c68cf4,0.058,,,
3749,2026-08-03,SH601939,-0.0077315989354965284,EXP_LGBModel_Alpha158_csi300_custom_step0_s_20260803_14,8ba4c47522a042bc84afa8a6b7c68cf4,0.058,,,
3750,2026-08-03,SH601916,0.010763737067870035,EXP_LGBModel_Alpha158_csi300_custom_step0_s_20260803_14,8ba4c47522a042bc84afa8a6b7c68cf4,0.058,,,
3751,2026-08-03,SH600547,-0.06754751147779804,EXP_LGBModel_Alpha158_csi300_custom_step0_s_20260803_14,8ba4c47522a042bc84afa8a6b7c68cf4,0.058,,,
3752,2026-08-03,SH600522,0.07814695762889146,EXP_LGBModel_Alpha158_csi300_custom_step0_s_20260803_14,8ba4c47522a042bc84afa8a6b7c68cf4,0.058,,,
3753,2026-08-03,SH600519,0.02043788386841907,EXP_LGBModel_Alpha158_csi300_custom_step0_s_20260803_14,8ba4c47522a042bc84afa8a6b7c68cf4,0.058,,,
3754,2026-08-03,SH600515,-0.03664932030786061,EXP_LGBModel_Alpha158_csi300_custom_step0_s_20260803_14,8ba4c47522a042bc84afa8a6b7c68cf4,0.058,,,
3755,2026-08-03,SH600489,-0.06514408390759388,EXP_LGBModel_Alpha158_csi300_custom_step0_s_20260803_14,8ba4c47522a042bc84afa8a6b7c68cf4,0.058,,,
3756,2026-08-03,SH600482,0.003878943041044051,EXP_LGBModel_Alpha158_csi300_custom_step0_s_20260803_14,8ba4c47522a042bc84afa8a6b7c68cf4,0.058,,,
3757,2026-08-03,SH600549,0.07270987465748968,EXP_LGBModel_Alpha158_csi300_custom_step0_s_20260803_14,8ba4c47522a042bc84afa8a6b7c68cf4,0.058,,,
3758,2026-08-03,SH600460,0.06846539259704823,EXP_LGBModel_Alpha158_csi300_custom_step0_s_20260803_14,8ba4c47522a042bc84afa8a6b7c68cf4,0.058,,,
3759,2026-08-03,SH600436,-0.02004603212796424,EXP_LGBModel_Alpha158_csi300_custom_step0_s_20260803_14,8ba4c47522a042bc84afa8a6b7c68cf4,0.058,,,
3760,2026-08-03,SH600426,-0.009975437436980466,EXP_LGBModel_Alpha158_csi300_custom_step0_s_20260803_14,8ba4c47522a042bc84afa8a6b7c68cf4,0.058,,,
3761,2026-08-03,SH600415,-0.05076925213692442,EXP_LGBModel_Alpha158_csi300_custom_step0_s_20260803_14,8ba4c47522a042bc84afa8a6b7c68cf4,0.058,,,
3762,2026-08-03,SH600406,-0.016055269216486947,EXP_LGBModel_Alpha158_csi300_custom_step0_s_20260803_14,8ba4c47522a042bc84afa8a6b7c68cf4,0.058,,,
3763,2026-08-03,SH600372,0.024429334077957464,EXP_LGBModel_Alpha158_csi300_custom_step0_s_20260803_14,8ba4c47522a042bc84afa8a6b7c68cf4,0.058,,,
3764,2026-08-03,SH600362,-0.09042312093143151,EXP_LGBModel_Alpha158_csi300_custom_step0_s_20260803_14,8ba4c47522a042bc84afa8a6b7c68cf4,0.058,,,
3765,2026-08-03,SH600438,0.06526638591827404,EXP_LGBModel_Alpha158_csi300_custom_step0_s_20260803_14,8ba4c47522a042bc84afa8a6b7c68cf4,0.058,,,
3766,2026-08-03,SH600570,-0.02374716529335235,EXP_LGBModel_Alpha158_csi300_custom_step0_s_20260803_14,8ba4c47522a042bc84afa8a6b7c68cf4,0.058,,,
3767,2026-08-03,SH600584,0.07361434961964741,EXP_LGBModel_Alpha158_csi300_custom_step0_s_20260803_14,8ba4c47522a042bc84afa8a6b7c68cf4,0.058,,,
3768,2026-08-03,SH600585,0.023244849230756263,EXP_LGBModel_Alpha158_csi300_custom_step0_s_20260803_14,8ba4c47522a042bc84afa8a6b7c68cf4,0.058,,,
3769,2026-08-03,SH600893,-0.038034778624148,EXP_LGBModel_Alpha158_csi300_custom_step0_s_20260803_14,8ba4c47522a042bc84afa8a6b7c68cf4,0.058,,,
3770,2026-08-03,SH600887,0.04166822322846596,EXP_LGBModel_Alpha158_csi300_custom_step0_s_20260803_14,8ba4c47522a042bc84afa8a6b7c68cf4,0.058,,,
3771,2026-08-03,SH600886,0.047375205829656895,EXP_LGBModel_Alpha158_csi300_custom_step0_s_20260803_14,8ba4c47522a042bc84afa8a6b7c68cf4,0.058,,,
3772,2026-08-03,SH600875,-0.038500772923072746,EXP_LGBModel_Alpha158_csi300_custom_step0_s_20260803_14,8ba4c47522a042bc84afa8a6b7c68cf4,0.058,,,
3773,2026-08-03,SH600845,0.005358767799189476,EXP_LGBModel_Alpha158_csi300_custom_step0_s_20260803_14,8ba4c47522a042bc84afa8a6b7c68cf4,0.058,,,
3774,2026-08-03,SH600809,0.019773736329839683,EXP_LGBModel_Alpha158_csi300_custom_step0_s_20260803_14,8ba4c47522a042bc84afa8a6b7c68cf4,0.058,,,
3775,2026-08-03,SH600803,-0.0483543181060989,EXP_LGBModel_Alpha158_csi300_custom_step0_s_20260803_14,8ba4c47522a042bc84afa8a6b7c68cf4,0.058,,,
3776,2026-08-03,SH600795,0.015660073357042347,EXP_LGBModel_Alpha158_csi300_custom_step0_s_20260803_14,8ba4c47522a042bc84afa8a6b7c68cf4,0.058,,,
3777,2026-08-03,SH600760,0.012895474861156997,EXP_LGBModel_Alpha158_csi300_custom_step0_s_20260803_14,8ba4c47522a042bc84afa8a6b7c68cf4,0.058,,,
3778,2026-08-03,SH600741,0.04046516986331288,EXP_LGBModel_Alpha158_csi300_custom_step0_s_20260803_14,8ba4c47522a042bc84afa8a6b7c68cf4,0.058,,,
3779,2026-08-03,SH600690,0.04655314257734772,EXP_LGBModel_Alpha158_csi300_custom_step0_s_20260803_14,8ba4c47522a042bc84afa8a6b7c68cf4,0.058,,,
3780,2026-08-03,SH600674,0.014799849118315644,EXP_LGBModel_Alpha158_csi300_custom_step0_s_20260803_14,8ba4c47522a042bc84afa8a6b7c68cf4,0.058,,,
3781,2026-08-03,SH600660,0.039005884849911104,EXP_LGBModel_Alpha158_csi300_custom_step0_s_20260803_14,8ba4c47522a042bc84afa8a6b7c68cf4,0.058,,,
3782,2026-08-03,SH600600,0.015991035095140764,EXP_LGBModel_Alpha158_csi300_custom_step0_s_20260803_14,8ba4c47522a042bc84afa8a6b7c68cf4,0.058,,,
3783,2026-08-03,SH600588,-0.05226169235899097,EXP_LGBModel_Alpha158_csi300_custom_step0_s_20260803_14,8ba4c47522a042bc84afa8a6b7c68cf4,0.058,,,
3784,2026-08-03,SH600346,-0.05642620970504894,EXP_LGBModel_Alpha158_csi300_custom_step0_s_20260803_14,8ba4c47522a042bc84afa8a6b7c68cf4,0.058,,,
3785,2026-08-03,SH600309,-0.004695199354219732,EXP_LGBModel_Alpha158_csi300_custom_step0_s_20260803_14,8ba4c47522a042bc84afa8a6b7c68cf4,0.058,,,
3786,2026-08-03,SH600276,-0.02413926938892462,EXP_LGBModel_Alpha158_csi300_custom_step0_s_20260803_14,8ba4c47522a042bc84afa8a6b7c68cf4,0.058,,,
3787,2026-08-03,SH600233,-0.11911482660437009,EXP_LGBModel_Alpha158_csi300_custom_step0_s_20260803_14,8ba4c47522a042bc84afa8a6b7c68cf4,0.058,,,
3788,2026-08-03,SH600036,0.027468912373146533,EXP_LGBModel_Alpha158_csi300_custom_step0_s_20260803_14,8ba4c47522a042bc84afa8a6b7c68cf4,0.058,,,
3789,2026-08-03,SH600031,-0.022900240898221583,EXP_LGBModel_Alpha158_csi300_custom_step0_s_20260803_14,8ba4c47522a042bc84afa8a6b7c68cf4,0.058,,,
3790,2026-08-03,SH600030,0.0313606237933509,EXP_LGBModel_Alpha158_csi300_custom_step0_s_20260803_14,8ba4c47522a042bc84afa8a6b7c68cf4,0.058,,,
3791,2026-08-03,SH600029,0.016010003735417968,EXP_LGBModel_Alpha158_csi300_custom_step0_s_20260803_14,8ba4c47522a042bc84afa8a6b7c68cf4,0.058,,,
3792,2026-08-03,SH600028,0.0256482700760034,EXP_LGBModel_Alpha158_csi300_custom_step0_s_20260803_14,8ba4c47522a042bc84afa8a6b7c68cf4,0.058,,,
3793,2026-08-03,SH600027,0.013165752389744144,EXP_LGBModel_Alpha158_csi300_custom_step0_s_20260803_14,8ba4c47522a042bc84afa8a6b7c68cf4,0.058,,,
3794,2026-08-03,SH600026,-0.08205330915123854,EXP_LGBModel_Alpha158_csi300_custom_step0_s_20260803_14,8ba4c47522a042bc84afa8a6b7c68cf4,0.058,,,
3795,2026-08-03,SH600025,0.025246349470672176,EXP_LGBModel_Alpha158_csi300_custom_step0_s_20260803_14,8ba4c47522a042bc84afa8a6b7c68cf4,0.058,,,
3796,2026-08-03,SH600023,0.0023241013891507657,EXP_LGBModel_Alpha158_csi300_custom_step0_s_20260803_14,8ba4c47522a042bc84afa8a6b7c68cf4,0.058,,,
3797,2026-08-03,SH600019,0.03248039438081681,EXP_LGBModel_Alpha158_csi300_custom_step0_s_20260803_14,8ba4c47522a042bc84afa8a6b7c68cf4,0.058,,,
3798,2026-08-03,SH600018,0.031455754947521244,EXP_LGBModel_Alpha158_csi300_custom_step0_s_20260803_14,8ba4c47522a042bc84afa8a6b7c68cf4,0.058,,,
3799,2026-08-03,SH600016,0.04173303008801757,EXP_LGBModel_Alpha158_csi300_custom_step0_s_20260803_14,8ba4c47522a042bc84afa8a6b7c68cf4,0.058,,,
3800,2026-08-03,SH600015,0.026751354006512837,EXP_LGBModel_Alpha158_csi300_custom_step0_s_20260803_14,8ba4c47522a042bc84afa8a6b7c68cf4,0.058,,,
3801,2026-08-03,SH600011,-0.02057196443602727,EXP_LGBModel_Alpha158_csi300_custom_step0_s_20260803_14,8ba4c47522a042bc84afa8a6b7c68cf4,0.058,,,
3802,2026-08-03,SH600010,-0.017729321094185544,EXP_LGBModel_Alpha158_csi300_custom_step0_s_20260803_14,8ba4c47522a042bc84afa8a6b7c68cf4,0.058,,,
3803,2026-08-03,SH600039,-0.0007272709432257527,EXP_LGBModel_Alpha158_csi300_custom_step0_s_20260803_14,8ba4c47522a042bc84afa8a6b7c68cf4,0.058,,,
3804,2026-08-03,SH600900,0.024161413102124094,EXP_LGBModel_Alpha158_csi300_custom_step0_s_20260803_14,8ba4c47522a042bc84afa8a6b7c68cf4,0.058,,,
3805,2026-08-03,SH600048,-0.05486762323411806,EXP_LGBModel_Alpha158_csi300_custom_step0_s_20260803_14,8ba4c47522a042bc84afa8a6b7c68cf4,0.058,,,
3806,2026-08-03,SH600061,0.060709933596242674,EXP_LGBModel_Alpha158_csi300_custom_step0_s_20260803_14,8ba4c47522a042bc84afa8a6b7c68cf4,0.058,,,
3807,2026-08-03,SH600221,0.017095010397044103,EXP_LGBModel_Alpha158_csi300_custom_step0_s_20260803_14,8ba4c47522a042bc84afa8a6b7c68cf4,0.058,,,
3808,2026-08-03,SH600219,-0.02307360578751569,EXP_LGBModel_Alpha158_csi300_custom_step0_s_20260803_14,8ba4c47522a042bc84afa8a6b7c68cf4,0.058,,,
3809,2026-08-03,SH600196,-0.001966101230470609,EXP_LGBModel_Alpha158_csi300_custom_step0_s_20260803_14,8ba4c47522a042bc84afa8a6b7c68cf4,0.058,,,
3810,2026-08-03,SH600188,-0.02127857087261561,EXP_LGBModel_Alpha158_csi300_custom_step0_s_20260803_14,8ba4c47522a042bc84afa8a6b7c68cf4,0.058,,,
3811,2026-08-03,SH600183,0.059279499886926226,EXP_LGBModel_Alpha158_csi300_custom_step0_s_20260803_14,8ba4c47522a042bc84afa8a6b7c68cf4,0.058,,,
3812,2026-08-03,SH600176,0.046504441454558475,EXP_LGBModel_Alpha158_csi300_custom_step0_s_20260803_14,8ba4c47522a042bc84afa8a6b7c68cf4,0.058,,,
3813,2026-08-03,SH600160,0.04395620279642038,EXP_LGBModel_Alpha158_csi300_custom_step0_s_20260803_14,8ba4c47522a042bc84afa8a6b7c68cf4,0.058,,,
3814,2026-08-03,SH600150,-0.023427497922153998,EXP_LGBModel_Alpha158_csi300_custom_step0_s_20260803_14,8ba4c47522a042bc84afa8a6b7c68cf4,0.058,,,
3815,2026-08-03,SH600118,0.018538244267397513,EXP_LGBModel_Alpha158_csi300_custom_step0_s_20260803_14,8ba4c47522a042bc84afa8a6b7c68cf4,0.058,,,
3816,2026-08-03,SH600115,-0.00812668079825253,EXP_LGBModel_Alpha158_csi300_custom_step0_s_20260803_14,8ba4c47522a042bc84afa8a6b7c68cf4,0.058,,,
3817,2026-08-03,SH600111,0.04017193264039608,EXP_LGBModel_Alpha158_csi300_custom_step0_s_20260803_14,8ba4c47522a042bc84afa8a6b7c68cf4,0.058,,,
3818,2026-08-03,SH600104,0.0005398019507329424,EXP_LGBModel_Alpha158_csi300_custom_step0_s_20260803_14,8ba4c47522a042bc84afa8a6b7c68cf4,0.058,,,
3819,2026-08-03,SH600089,-0.048890721238114755,EXP_LGBModel_Alpha158_csi300_custom_step0_s_20260803_14,8ba4c47522a042bc84afa8a6b7c68cf4,0.058,,,
3820,2026-08-03,SH600085,0.007879487640005938,EXP_LGBModel_Alpha158_csi300_custom_step0_s_20260803_14,8ba4c47522a042bc84afa8a6b7c68cf4,0.058,,,
3821,2026-08-03,SH600066,-0.03129913285793847,EXP_LGBModel_Alpha158_csi300_custom_step0_s_20260803_14,8ba4c47522a042bc84afa8a6b7c68cf4,0.058,,,
3822,2026-08-03,SH600050,0.006613437122449486,EXP_LGBModel_Alpha158_csi300_custom_step0_s_20260803_14,8ba4c47522a042bc84afa8a6b7c68cf4,0.058,,,
3823,2026-08-03,SH601919,0.007863270987401139,EXP_LGBModel_Alpha158_csi300_custom_step0_s_20260803_14,8ba4c47522a042bc84afa8a6b7c68cf4,0.058,,,
3824,2026-08-03,SH600905,0.005562062658094164,EXP_LGBModel_Alpha158_csi300_custom_step0_s_20260803_14,8ba4c47522a042bc84afa8a6b7c68cf4,0.058,,,
3825,2026-08-03,SH600919,0.05149121127249846,EXP_LGBModel_Alpha158_csi300_custom_step0_s_20260803_14,8ba4c47522a042bc84afa8a6b7c68cf4,0.058,,,
3826,2026-08-03,SH601698,0.016311065311699225,EXP_LGBModel_Alpha158_csi300_custom_step0_s_20260803_14,8ba4c47522a042bc84afa8a6b7c68cf4,0.058,,,
3827,2026-08-03,SH601689,0.02712886749518239,EXP_LGBModel_Alpha158_csi300_custom_step0_s_20260803_14,8ba4c47522a042bc84afa8a6b7c68cf4,0.058,,,
3828,2026-08-03,SH601688,-0.02014191359728157,EXP_LGBModel_Alpha158_csi300_custom_step0_s_20260803_14,8ba4c47522a042bc84afa8a6b7c68cf4,0.058,,,
3829,2026-08-03,SH601669,0.01196996675347201,EXP_LGBModel_Alpha158_csi300_custom_step0_s_20260803_14,8ba4c47522a042bc84afa8a6b7c68cf4,0.058,,,
3830,2026-08-03,SH601668,0.0303437625938881,EXP_LGBModel_Alpha158_csi300_custom_step0_s_20260803_14,8ba4c47522a042bc84afa8a6b7c68cf4,0.058,,,
3831,2026-08-03,SH601658,0.0612989216437397,EXP_LGBModel_Alpha158_csi300_custom_step0_s_20260803_14,8ba4c47522a042bc84afa8a6b7c68cf4,0.058,,,
3832,2026-08-03,SH601727,-0.040539648383472376,EXP_LGBModel_Alpha158_csi300_custom_step0_s_20260803_14,8ba4c47522a042bc84afa8a6b7c68cf4,0.058,,,
3833,2026-08-03,SH601633,0.028174911266742698,EXP_LGBModel_Alpha158_csi300_custom_step0_s_20260803_14,8ba4c47522a042bc84afa8a6b7c68cf4,0.058,,,
3834,2026-08-03,SH601618,0.01517735416401539,EXP_LGBModel_Alpha158_csi300_custom_step0_s_20260803_14,8ba4c47522a042bc84afa8a6b7c68cf4,0.058,,,
3835,2026-08-03,SH601607,0.03169279563706496,EXP_LGBModel_Alpha158_csi300_custom_step0_s_20260803_14,8ba4c47522a042bc84afa8a6b7c68cf4,0.058,,,
3836,2026-08-03,SH601601,-0.009749064693271728,EXP_LGBModel_Alpha158_csi300_custom_step0_s_20260803_14,8ba4c47522a042bc84afa8a6b7c68cf4,0.058,,,
3837,2026-08-03,SH601600,-0.024043589600761625,EXP_LGBModel_Alpha158_csi300_custom_step0_s_20260803_14,8ba4c47522a042bc84afa8a6b7c68cf4,0.058,,,
3838,2026-08-03,SH601456,0.04168111024153178,EXP_LGBModel_Alpha158_csi300_custom_step0_s_20260803_14,8ba4c47522a042bc84afa8a6b7c68cf4,0.058,,,
3839,2026-08-03,SH601398,-0.08558999024971282,EXP_LGBModel_Alpha158_csi300_custom_step0_s_20260803_14,8ba4c47522a042bc84afa8a6b7c68cf4,0.058,,,
3840,2026-08-03,SH601628,-0.03329797293036076,EXP_LGBModel_Alpha158_csi300_custom_step0_s_20260803_14,8ba4c47522a042bc84afa8a6b7c68cf4,0.058,,,
3841,2026-08-03,SH601728,-0.07888671421237861,EXP_LGBModel_Alpha158_csi300_custom_step0_s_20260803_14,8ba4c47522a042bc84afa8a6b7c68cf4,0.058,,,
3842,2026-08-03,SH601766,0.024225029934304882,EXP_LGBModel_Alpha158_csi300_custom_step0_s_20260803_14,8ba4c47522a042bc84afa8a6b7c68cf4,0.058,,,
3843,2026-08-03,SH601788,0.03730831133653168,EXP_LGBModel_Alpha158_csi300_custom_step0_s_20260803_14,8ba4c47522a042bc84afa8a6b7c68cf4,0.058,,,
3844,2026-08-03,SH601901,0.022295059028171527,EXP_LGBModel_Alpha158_csi300_custom_step0_s_20260803_14,8ba4c47522a042bc84afa8a6b7c68cf4,0.058,,,
3845,2026-08-03,SH601899,-0.05769878562155175,EXP_LGBModel_Alpha158_csi300_custom_step0_s_20260803_14,8ba4c47522a042bc84afa8a6b7c68cf4,0.058,,,
3846,2026-08-03,SH601898,0.002852617227384168,EXP_LGBModel_Alpha158_csi300_custom_step0_s_20260803_14,8ba4c47522a042bc84afa8a6b7c68cf4,0.058,,,
3847,2026-08-03,SH601888,-0.01519958854085032,EXP_LGBModel_Alpha158_csi300_custom_step0_s_20260803_14,8ba4c47522a042bc84afa8a6b7c68cf4,0.058,,,
3848,2026-08-03,SH601881,0.02339972703560434,EXP_LGBModel_Alpha158_csi300_custom_step0_s_20260803_14,8ba4c47522a042bc84afa8a6b7c68cf4,0.058,,,
3849,2026-08-03,SH601878,0.055010690804357866,EXP_LGBModel_Alpha158_csi300_custom_step0_s_20260803_14,8ba4c47522a042bc84afa8a6b7c68cf4,0.058,,,
3850,2026-08-03,SH601877,-0.026374785552560637,EXP_LGBModel_Alpha158_csi300_custom_step0_s_20260803_14,8ba4c47522a042bc84afa8a6b7c68cf4,0.058,,,
3851,2026-08-03,SH601872,-0.07015557611377518,EXP_LGBModel_Alpha158_csi300_custom_step0_s_20260803_14,8ba4c47522a042bc84afa8a6b7c68cf4,0.058,,,
3852,2026-08-03,SH601868,-0.0013550398729368853,EXP_LGBModel_Alpha158_csi300_custom_step0_s_20260803_14,8ba4c47522a042bc84afa8a6b7c68cf4,0.058,,,
3853,2026-08-03,SH601857,0.02593689971589164,EXP_LGBModel_Alpha158_csi300_custom_step0_s_20260803_14,8ba4c47522a042bc84afa8a6b7c68cf4,0.058,,,
3854,2026-08-03,SH601838,0.029173517285022637,EXP_LGBModel_Alpha158_csi300_custom_step0_s_20260803_14,8ba4c47522a042bc84afa8a6b7c68cf4,0.058,,,
3855,2026-08-03,SH601825,-0.10961228622424762,EXP_LGBModel_Alpha158_csi300_custom_step0_s_20260803_14,8ba4c47522a042bc84afa8a6b7c68cf4,0.058,,,
3856,2026-08-03,SH601818,0.03210655134244588,EXP_LGBModel_Alpha158_csi300_custom_step0_s_20260803_14,8ba4c47522a042bc84afa8a6b7c68cf4,0.058,,,
3857,2026-08-03,SH601816,0.01929799290048576,EXP_LGBModel_Alpha158_csi300_custom_step0_s_20260803_14,8ba4c47522a042bc84afa8a6b7c68cf4,0.058,,,
3858,2026-08-03,SH601800,0.029085194278444238,EXP_LGBModel_Alpha158_csi300_custom_step0_s_20260803_14,8ba4c47522a042bc84afa8a6b7c68cf4,0.058,,,
3859,2026-08-03,SH601390,0.009047237296349682,EXP_LGBModel_Alpha158_csi300_custom_step0_s_20260803_14,8ba4c47522a042bc84afa8a6b7c68cf4,0.058,,,
3860,2026-08-03,SH601377,0.045123879375066706,EXP_LGBModel_Alpha158_csi300_custom_step0_s_20260803_14,8ba4c47522a042bc84afa8a6b7c68cf4,0.058,,,
3861,2026-08-03,SH601360,-0.03463799038426329,EXP_LGBModel_Alpha158_csi300_custom_step0_s_20260803_14,8ba4c47522a042bc84afa8a6b7c68cf4,0.058,,,
3862,2026-08-03,SH601336,0.0028732986228525987,EXP_LGBModel_Alpha158_csi300_custom_step0_s_20260803_14,8ba4c47522a042bc84afa8a6b7c68cf4,0.058,,,
3863,2026-08-03,SH601066,-0.01336074582162115,EXP_LGBModel_Alpha158_csi300_custom_step0_s_20260803_14,8ba4c47522a042bc84afa8a6b7c68cf4,0.058,,,
3864,2026-08-03,SH601059,0.039770539751043756,EXP_LGBModel_Alpha158_csi300_custom_step0_s_20260803_14,8ba4c47522a042bc84afa8a6b7c68cf4,0.058,,,
3865,2026-08-03,SH601058,0.02135929399229206,EXP_LGBModel_Alpha158_csi300_custom_step0_s_20260803_14,8ba4c47522a042bc84afa8a6b7c68cf4,0.058,,,
3866,2026-08-03,SH601021,0.04650420915961507,EXP_LGBModel_Alpha158_csi300_custom_step0_s_20260803_14,8ba4c47522a042bc84afa8a6b7c68cf4,0.058,,,
3867,2026-08-03,SH601018,0.04178423924877531,EXP_LGBModel_Alpha158_csi300_custom_step0_s_20260803_14,8ba4c47522a042bc84afa8a6b7c68cf4,0.058,,,
3868,2026-08-03,SH601012,-0.014311134211390337,EXP_LGBModel_Alpha158_csi300_custom_step0_s_20260803_14,8ba4c47522a042bc84afa8a6b7c68cf4,0.058,,,
3869,2026-08-03,SH601009,0.040183840533989136,EXP_LGBModel_Alpha158_csi300_custom_step0_s_20260803_14,8ba4c47522a042bc84afa8a6b7c68cf4,0.058,,,
3870,2026-08-03,SH601006,0.03354072987612485,EXP_LGBModel_Alpha158_csi300_custom_step0_s_20260803_14,8ba4c47522a042bc84afa8a6b7c68cf4,0.058,,,
3871,2026-08-03,SH600999,-0.018586780732714157,EXP_LGBModel_Alpha158_csi300_custom_step0_s_20260803_14,8ba4c47522a042bc84afa8a6b7c68cf4,0.058,,,
3872,2026-08-03,SH600989,0.020936074176495845,EXP_LGBModel_Alpha158_csi300_custom_step0_s_20260803_14,8ba4c47522a042bc84afa8a6b7c68cf4,0.058,,,
3873,2026-08-03,SH600958,0.03818529225327884,EXP_LGBModel_Alpha158_csi300_custom_step0_s_20260803_14,8ba4c47522a042bc84afa8a6b7c68cf4,0.058,,,
3874,2026-08-03,SH600941,0.020082704635040322,EXP_LGBModel_Alpha158_csi300_custom_step0_s_20260803_14,8ba4c47522a042bc84afa8a6b7c68cf4,0.058,,,
3875,2026-08-03,SH600938,0.02241353277741262,EXP_LGBModel_Alpha158_csi300_custom_step0_s_20260803_14,8ba4c47522a042bc84afa8a6b7c68cf4,0.058,,,
3876,2026-08-03,SH600930,0.007144895716591042,EXP_LGBModel_Alpha158_csi300_custom_step0_s_20260803_14,8ba4c47522a042bc84afa8a6b7c68cf4,0.058,,,
3877,2026-08-03,SH600926,0.03511242188896975,EXP_LGBModel_Alpha158_csi300_custom_step0_s_20260803_14,8ba4c47522a042bc84afa8a6b7c68cf4,0.058,,,
3878,2026-08-03,SH601077,0.01016623240301554,EXP_LGBModel_Alpha158_csi300_custom_step0_s_20260803_14,8ba4c47522a042bc84afa8a6b7c68cf4,0.058,,,
3879,2026-08-03,SH600918,0.017510664293616206,EXP_LGBModel_Alpha158_csi300_custom_step0_s_20260803_14,8ba4c47522a042bc84afa8a6b7c68cf4,0.058,,,
3880,2026-08-03,SH601088,0.02438140637224044,EXP_LGBModel_Alpha158_csi300_custom_step0_s_20260803_14,8ba4c47522a042bc84afa8a6b7c68cf4,0.058,,,
3881,2026-08-03,SH601111,0.007340833503874824,EXP_LGBModel_Alpha158_csi300_custom_step0_s_20260803_14,8ba4c47522a042bc84afa8a6b7c68cf4,0.058,,,
3882,2026-08-03,SH601328,-0.04620015234875327,EXP_LGBModel_Alpha158_csi300_custom_step0_s_20260803_14,8ba4c47522a042bc84afa8a6b7c68cf4,0.058,,,
3883,2026-08-03,SH601319,0.01735585308891908,EXP_LGBModel_Alpha158_csi300_custom_step0_s_20260803_14,8ba4c47522a042bc84afa8a6b7c68cf4,0.058,,,
3884,2026-08-03,SH601318,0.02256556507023024,EXP_LGBModel_Alpha158_csi300_custom_step0_s_20260803_14,8ba4c47522a042bc84afa8a6b7c68cf4,0.058,,,
3885,2026-08-03,SH601288,-0.04796732707974598,EXP_LGBModel_Alpha158_csi300_custom_step0_s_20260803_14,8ba4c47522a042bc84afa8a6b7c68cf4,0.058,,,
3886,2026-08-03,SH601238,-0.10347033075253448,EXP_LGBModel_Alpha158_csi300_custom_step0_s_20260803_14,8ba4c47522a042bc84afa8a6b7c68cf4,0.058,,,
3887,2026-08-03,SH601229,0.04376413708783424,EXP_LGBModel_Alpha158_csi300_custom_step0_s_20260803_14,8ba4c47522a042bc84afa8a6b7c68cf4,0.058,,,
3888,2026-08-03,SH601225,0.0272795506281951,EXP_LGBModel_Alpha158_csi300_custom_step0_s_20260803_14,8ba4c47522a042bc84afa8a6b7c68cf4,0.058,,,
3889,2026-08-03,SH601211,0.013959849251168135,EXP_LGBModel_Alpha158_csi300_custom_step0_s_20260803_14,8ba4c47522a042bc84afa8a6b7c68cf4,0.058,,,
3890,2026-08-03,SH601186,0.026229295460405318,EXP_LGBModel_Alpha158_csi300_custom_step0_s_20260803_14,8ba4c47522a042bc84afa8a6b7c68cf4,0.058,,,
3891,2026-08-03,SH601169,0.04013921139549822,EXP_LGBModel_Alpha158_csi300_custom_step0_s_20260803_14,8ba4c47522a042bc84afa8a6b7c68cf4,0.058,,,
3892,2026-08-03,SH601166,0.009651276919184123,EXP_LGBModel_Alpha158_csi300_custom_step0_s_20260803_14,8ba4c47522a042bc84afa8a6b7c68cf4,0.058,,,
3893,2026-08-03,SH601138,0.038567257388589224,EXP_LGBModel_Alpha158_csi300_custom_step0_s_20260803_14,8ba4c47522a042bc84afa8a6b7c68cf4,0.058,,,
3894,2026-08-03,SH601136,-0.0407186297846671,EXP_LGBModel_Alpha158_csi300_custom_step0_s_20260803_14,8ba4c47522a042bc84afa8a6b7c68cf4,0.058,,,
3895,2026-08-03,SH601127,-0.07581676651904251,EXP_LGBModel_Alpha158_csi300_custom_step0_s_20260803_14,8ba4c47522a042bc84afa8a6b7c68cf4,0.058,,,
3896,2026-08-03,SH601117,0.010247537285470707,EXP_LGBModel_Alpha158_csi300_custom_step0_s_20260803_14,8ba4c47522a042bc84afa8a6b7c68cf4,0.058,,,
3897,2026-08-03,SH601100,-0.03113889274488733,EXP_LGBModel_Alpha158_csi300_custom_step0_s_20260803_14,8ba4c47522a042bc84afa8a6b7c68cf4,0.058,,,
3898,2026-08-03,SH600009,0.007871212645515357,EXP_LGBModel_Alpha158_csi300_custom_step0_s_20260803_14,8ba4c47522a042bc84afa8a6b7c68cf4,0.058,,,
3899,2026-08-03,SZ302132,0.00373094554265657,EXP_LGBModel_Alpha158_csi300_custom_step0_s_20260803_14,8ba4c47522a042bc84afa8a6b7c68cf4,0.058,,,
3900,2026-08-03,SH600009,0.007247853723254209,EXP_LGBModel_Alpha158_csi300_custom_step0_s_20260803_14,a51528c3cbf24bcc8e6e69844f4ad8fc,0.14,,,
3901,2026-08-03,SZ000617,-0.01720617956652777,EXP_LGBModel_Alpha158_csi300_custom_step0_s_20260803_14,a51528c3cbf24bcc8e6e69844f4ad8fc,0.14,,,
3902,2026-08-03,SZ000596,0.04417513751028415,EXP_LGBModel_Alpha158_csi300_custom_step0_s_20260803_14,a51528c3cbf24bcc8e6e69844f4ad8fc,0.14,,,
3903,2026-08-03,SZ000568,-0.013410159088099281,EXP_LGBModel_Alpha158_csi300_custom_step0_s_20260803_14,a51528c3cbf24bcc8e6e69844f4ad8fc,0.14,,,
3904,2026-08-03,SZ000538,0.05186993904471704,EXP_LGBModel_Alpha158_csi300_custom_step0_s_20260803_14,a51528c3cbf24bcc8e6e69844f4ad8fc,0.14,,,
3905,2026-08-03,SZ000425,-0.005904238251945685,EXP_LGBModel_Alpha158_csi300_custom_step0_s_20260803_14,a51528c3cbf24bcc8e6e69844f4ad8fc,0.14,,,
3906,2026-08-03,SZ000408,-0.031789610383663236,EXP_LGBModel_Alpha158_csi300_custom_step0_s_20260803_14,a51528c3cbf24bcc8e6e69844f4ad8fc,0.14,,,
3907,2026-08-03,SZ000625,-0.047190466317080924,EXP_LGBModel_Alpha158_csi300_custom_step0_s_20260803_14,a51528c3cbf24bcc8e6e69844f4ad8fc,0.14,,,
3908,2026-08-03,SZ000338,-0.040903617680357836,EXP_LGBModel_Alpha158_csi300_custom_step0_s_20260803_14,a51528c3cbf24bcc8e6e69844f4ad8fc,0.14,,,
3909,2026-08-03,SZ000301,-0.10658014266491432,EXP_LGBModel_Alpha158_csi300_custom_step0_s_20260803_14,a51528c3cbf24bcc8e6e69844f4ad8fc,0.14,,,
3910,2026-08-03,SZ000166,0.04651710693396732,EXP_LGBModel_Alpha158_csi300_custom_step0_s_20260803_14,a51528c3cbf24bcc8e6e69844f4ad8fc,0.14,,,
3911,2026-08-03,SZ000157,0.01575008265392434,EXP_LGBModel_Alpha158_csi300_custom_step0_s_20260803_14,a51528c3cbf24bcc8e6e69844f4ad8fc,0.14,,,
3912,2026-08-03,SZ000100,-0.060092291520606224,EXP_LGBModel_Alpha158_csi300_custom_step0_s_20260803_14,a51528c3cbf24bcc8e6e69844f4ad8fc,0.14,,,
3913,2026-08-03,SZ000063,-0.05726584724311673,EXP_LGBModel_Alpha158_csi300_custom_step0_s_20260803_14,a51528c3cbf24bcc8e6e69844f4ad8fc,0.14,,,
3914,2026-08-03,SZ000002,-0.1183319019841092,EXP_LGBModel_Alpha158_csi300_custom_step0_s_20260803_14,a51528c3cbf24bcc8e6e69844f4ad8fc,0.14,,,
3915,2026-08-03,SZ000333,0.04127455366801887,EXP_LGBModel_Alpha158_csi300_custom_step0_s_20260803_14,a51528c3cbf24bcc8e6e69844f4ad8fc,0.14,,,
3916,2026-08-03,SZ000630,-0.056438684545630884,EXP_LGBModel_Alpha158_csi300_custom_step0_s_20260803_14,a51528c3cbf24bcc8e6e69844f4ad8fc,0.14,,,
3917,2026-08-03,SZ000651,0.0032191244954456397,EXP_LGBModel_Alpha158_csi300_custom_step0_s_20260803_14,a51528c3cbf24bcc8e6e69844f4ad8fc,0.14,,,
3918,2026-08-03,SZ000657,0.03791996757190219,EXP_LGBModel_Alpha158_csi300_custom_step0_s_20260803_14,a51528c3cbf24bcc8e6e69844f4ad8fc,0.14,,,
3919,2026-08-03,SZ001280,-0.05422554620493384,EXP_LGBModel_Alpha158_csi300_custom_step0_s_20260803_14,a51528c3cbf24bcc8e6e69844f4ad8fc,0.14,,,
3920,2026-08-03,SZ000999,0.05930416367425269,EXP_LGBModel_Alpha158_csi300_custom_step0_s_20260803_14,a51528c3cbf24bcc8e6e69844f4ad8fc,0.14,,,
3921,2026-08-03,SZ000988,0.008413612568986102,EXP_LGBModel_Alpha158_csi300_custom_step0_s_20260803_14,a51528c3cbf24bcc8e6e69844f4ad8fc,0.14,,,
3922,2026-08-03,SZ000977,0.16825453836542215,EXP_LGBModel_Alpha158_csi300_custom_step0_s_20260803_14,a51528c3cbf24bcc8e6e69844f4ad8fc,0.14,,,
3923,2026-08-03,SZ000975,-0.091853290574853,EXP_LGBModel_Alpha158_csi300_custom_step0_s_20260803_14,a51528c3cbf24bcc8e6e69844f4ad8fc,0.14,,,
3924,2026-08-03,SZ000963,-0.039568159224572255,EXP_LGBModel_Alpha158_csi300_custom_step0_s_20260803_14,a51528c3cbf24bcc8e6e69844f4ad8fc,0.14,,,
3925,2026-08-03,SZ000938,0.1362744867172404,EXP_LGBModel_Alpha158_csi300_custom_step0_s_20260803_14,a51528c3cbf24bcc8e6e69844f4ad8fc,0.14,,,
3926,2026-08-03,SZ000895,0.042044879600127025,EXP_LGBModel_Alpha158_csi300_custom_step0_s_20260803_14,a51528c3cbf24bcc8e6e69844f4ad8fc,0.14,,,
3927,2026-08-03,SZ000858,-0.0534359979043988,EXP_LGBModel_Alpha158_csi300_custom_step0_s_20260803_14,a51528c3cbf24bcc8e6e69844f4ad8fc,0.14,,,
3928,2026-08-03,SZ000807,-0.0724361127991479,EXP_LGBModel_Alpha158_csi300_custom_step0_s_20260803_14,a51528c3cbf24bcc8e6e69844f4ad8fc,0.14,,,
3929,2026-08-03,SZ000792,-0.04383335357519456,EXP_LGBModel_Alpha158_csi300_custom_step0_s_20260803_14,a51528c3cbf24bcc8e6e69844f4ad8fc,0.14,,,
3930,2026-08-03,SZ000776,0.03723231464990352,EXP_LGBModel_Alpha158_csi300_custom_step0_s_20260803_14,a51528c3cbf24bcc8e6e69844f4ad8fc,0.14,,,
3931,2026-08-03,SZ000768,0.028791312357641968,EXP_LGBModel_Alpha158_csi300_custom_step0_s_20260803_14,a51528c3cbf24bcc8e6e69844f4ad8fc,0.14,,,
3932,2026-08-03,SZ000725,0.062500837673492,EXP_LGBModel_Alpha158_csi300_custom_step0_s_20260803_14,a51528c3cbf24bcc8e6e69844f4ad8fc,0.14,,,
3933,2026-08-03,SZ000708,0.05585297355178622,EXP_LGBModel_Alpha158_csi300_custom_step0_s_20260803_14,a51528c3cbf24bcc8e6e69844f4ad8fc,0.14,,,
3934,2026-08-03,SZ000001,0.006422014703747193,EXP_LGBModel_Alpha158_csi300_custom_step0_s_20260803_14,a51528c3cbf24bcc8e6e69844f4ad8fc,0.14,,,
3935,2026-08-03,SH688981,0.05489182584797713,EXP_LGBModel_Alpha158_csi300_custom_step0_s_20260803_14,a51528c3cbf24bcc8e6e69844f4ad8fc,0.14,,,
3936,2026-08-03,SH688521,0.0725054386085588,EXP_LGBModel_Alpha158_csi300_custom_step0_s_20260803_14,a51528c3cbf24bcc8e6e69844f4ad8fc,0.14,,,
3937,2026-08-03,SH688506,0.003933204788756453,EXP_LGBModel_Alpha158_csi300_custom_step0_s_20260803_14,a51528c3cbf24bcc8e6e69844f4ad8fc,0.14,,,
3938,2026-08-03,SH603993,-0.07143611851631007,EXP_LGBModel_Alpha158_csi300_custom_step0_s_20260803_14,a51528c3cbf24bcc8e6e69844f4ad8fc,0.14,,,
3939,2026-08-03,SH603986,0.014272923358422791,EXP_LGBModel_Alpha158_csi300_custom_step0_s_20260803_14,a51528c3cbf24bcc8e6e69844f4ad8fc,0.14,,,
3940,2026-08-03,SH603893,0.05118173526965867,EXP_LGBModel_Alpha158_csi300_custom_step0_s_20260803_14,a51528c3cbf24bcc8e6e69844f4ad8fc,0.14,,,
3941,2026-08-03,SH603799,0.08573443842522181,EXP_LGBModel_Alpha158_csi300_custom_step0_s_20260803_14,a51528c3cbf24bcc8e6e69844f4ad8fc,0.14,,,
3942,2026-08-03,SH603501,-0.04608462994479205,EXP_LGBModel_Alpha158_csi300_custom_step0_s_20260803_14,a51528c3cbf24bcc8e6e69844f4ad8fc,0.14,,,
3943,2026-08-03,SH603392,-0.05706475105651375,EXP_LGBModel_Alpha158_csi300_custom_step0_s_20260803_14,a51528c3cbf24bcc8e6e69844f4ad8fc,0.14,,,
3944,2026-08-03,SH603369,-0.004101135094365655,EXP_LGBModel_Alpha158_csi300_custom_step0_s_20260803_14,a51528c3cbf24bcc8e6e69844f4ad8fc,0.14,,,
3945,2026-08-03,SH603296,0.007832841831528445,EXP_LGBModel_Alpha158_csi300_custom_step0_s_20260803_14,a51528c3cbf24bcc8e6e69844f4ad8fc,0.14,,,
3946,2026-08-03,SH603288,0.07372165852067299,EXP_LGBModel_Alpha158_csi300_custom_step0_s_20260803_14,a51528c3cbf24bcc8e6e69844f4ad8fc,0.14,,,
3947,2026-08-03,SH603260,0.03621031429954434,EXP_LGBModel_Alpha158_csi300_custom_step0_s_20260803_14,a51528c3cbf24bcc8e6e69844f4ad8fc,0.14,,,
3948,2026-08-03,SH603259,-0.02452037096886758,EXP_LGBModel_Alpha158_csi300_custom_step0_s_20260803_14,a51528c3cbf24bcc8e6e69844f4ad8fc,0.14,,,
3949,2026-08-03,SH603019,0.020277072583260367,EXP_LGBModel_Alpha158_csi300_custom_step0_s_20260803_14,a51528c3cbf24bcc8e6e69844f4ad8fc,0.14,,,
3950,2026-08-03,SH601998,-0.055568509085417266,EXP_LGBModel_Alpha158_csi300_custom_step0_s_20260803_14,a51528c3cbf24bcc8e6e69844f4ad8fc,0.14,,,
3951,2026-08-03,SH601995,-0.011399467030710984,EXP_LGBModel_Alpha158_csi300_custom_step0_s_20260803_14,a51528c3cbf24bcc8e6e69844f4ad8fc,0.14,,,
3952,2026-08-03,SH601988,0.0514599267800214,EXP_LGBModel_Alpha158_csi300_custom_step0_s_20260803_14,a51528c3cbf24bcc8e6e69844f4ad8fc,0.14,,,
3953,2026-08-03,SH605117,-0.010312804880246062,EXP_LGBModel_Alpha158_csi300_custom_step0_s_20260803_14,a51528c3cbf24bcc8e6e69844f4ad8fc,0.14,,,
3954,2026-08-03,SZ001391,0.04147135356034517,EXP_LGBModel_Alpha158_csi300_custom_step0_s_20260803_14,a51528c3cbf24bcc8e6e69844f4ad8fc,0.14,,,
3955,2026-08-03,SH605499,0.022330200964011962,EXP_LGBModel_Alpha158_csi300_custom_step0_s_20260803_14,a51528c3cbf24bcc8e6e69844f4ad8fc,0.14,,,
3956,2026-08-03,SH688009,0.07798074450401231,EXP_LGBModel_Alpha158_csi300_custom_step0_s_20260803_14,a51528c3cbf24bcc8e6e69844f4ad8fc,0.14,,,
3957,2026-08-03,SH688472,-0.062076487550318624,EXP_LGBModel_Alpha158_csi300_custom_step0_s_20260803_14,a51528c3cbf24bcc8e6e69844f4ad8fc,0.14,,,
3958,2026-08-03,SH688396,0.08444130460216477,EXP_LGBModel_Alpha158_csi300_custom_step0_s_20260803_14,a51528c3cbf24bcc8e6e69844f4ad8fc,0.14,,,
3959,2026-08-03,SH688303,-0.10898804069062398,EXP_LGBModel_Alpha158_csi300_custom_step0_s_20260803_14,a51528c3cbf24bcc8e6e69844f4ad8fc,0.14,,,
3960,2026-08-03,SH688271,-0.05047262098336112,EXP_LGBModel_Alpha158_csi300_custom_step0_s_20260803_14,a51528c3cbf24bcc8e6e69844f4ad8fc,0.14,,,
3961,2026-08-03,SH688256,-0.005474866022222312,EXP_LGBModel_Alpha158_csi300_custom_step0_s_20260803_14,a51528c3cbf24bcc8e6e69844f4ad8fc,0.14,,,
3962,2026-08-03,SH688223,-0.08835194188520734,EXP_LGBModel_Alpha158_csi300_custom_step0_s_20260803_14,a51528c3cbf24bcc8e6e69844f4ad8fc,0.14,,,
3963,2026-08-03,SH688183,-0.03506153164233959,EXP_LGBModel_Alpha158_csi300_custom_step0_s_20260803_14,a51528c3cbf24bcc8e6e69844f4ad8fc,0.14,,,
3964,2026-08-03,SH688126,-0.03561188553809702,EXP_LGBModel_Alpha158_csi300_custom_step0_s_20260803_14,a51528c3cbf24bcc8e6e69844f4ad8fc,0.14,,,
3965,2026-08-03,SH688111,-0.024469872321426486,EXP_LGBModel_Alpha158_csi300_custom_step0_s_20260803_14,a51528c3cbf24bcc8e6e69844f4ad8fc,0.14,,,
3966,2026-08-03,SH688082,0.10477835338962496,EXP_LGBModel_Alpha158_csi300_custom_step0_s_20260803_14,a51528c3cbf24bcc8e6e69844f4ad8fc,0.14,,,
3967,2026-08-03,SH688072,0.05722044025203908,EXP_LGBModel_Alpha158_csi300_custom_step0_s_20260803_14,a51528c3cbf24bcc8e6e69844f4ad8fc,0.14,,,
3968,2026-08-03,SH688047,0.03126347006500861,EXP_LGBModel_Alpha158_csi300_custom_step0_s_20260803_14,a51528c3cbf24bcc8e6e69844f4ad8fc,0.14,,,
3969,2026-08-03,SH688041,0.06149624125517254,EXP_LGBModel_Alpha158_csi300_custom_step0_s_20260803_14,a51528c3cbf24bcc8e6e69844f4ad8fc,0.14,,,
3970,2026-08-03,SH688036,0.03025412060696056,EXP_LGBModel_Alpha158_csi300_custom_step0_s_20260803_14,a51528c3cbf24bcc8e6e69844f4ad8fc,0.14,,,
3971,2026-08-03,SH688012,0.07666568848770111,EXP_LGBModel_Alpha158_csi300_custom_step0_s_20260803_14,a51528c3cbf24bcc8e6e69844f4ad8fc,0.14,,,
3972,2026-08-03,SH688008,0.1217014885916908,EXP_LGBModel_Alpha158_csi300_custom_step0_s_20260803_14,a51528c3cbf24bcc8e6e69844f4ad8fc,0.14,,,
3973,2026-08-03,SH601985,0.02967532973598568,EXP_LGBModel_Alpha158_csi300_custom_step0_s_20260803_14,a51528c3cbf24bcc8e6e69844f4ad8fc,0.14,,,
3974,2026-08-03,SZ001965,0.023488114630096663,EXP_LGBModel_Alpha158_csi300_custom_step0_s_20260803_14,a51528c3cbf24bcc8e6e69844f4ad8fc,0.14,,,
3975,2026-08-03,SZ002001,-0.06266237881994531,EXP_LGBModel_Alpha158_csi300_custom_step0_s_20260803_14,a51528c3cbf24bcc8e6e69844f4ad8fc,0.14,,,
3976,2026-08-03,SZ300413,-0.04801767271630212,EXP_LGBModel_Alpha158_csi300_custom_step0_s_20260803_14,a51528c3cbf24bcc8e6e69844f4ad8fc,0.14,,,
3977,2026-08-03,SZ300408,0.042927288041225975,EXP_LGBModel_Alpha158_csi300_custom_step0_s_20260803_14,a51528c3cbf24bcc8e6e69844f4ad8fc,0.14,,,
3978,2026-08-03,SZ300394,0.03508902519148847,EXP_LGBModel_Alpha158_csi300_custom_step0_s_20260803_14,a51528c3cbf24bcc8e6e69844f4ad8fc,0.14,,,
3979,2026-08-03,SZ300316,0.10393354267651392,EXP_LGBModel_Alpha158_csi300_custom_step0_s_20260803_14,a51528c3cbf24bcc8e6e69844f4ad8fc,0.14,,,
3980,2026-08-03,SZ300308,0.030374763774544816,EXP_LGBModel_Alpha158_csi300_custom_step0_s_20260803_14,a51528c3cbf24bcc8e6e69844f4ad8fc,0.14,,,
3981,2026-08-03,SZ300274,0.07542108609930494,EXP_LGBModel_Alpha158_csi300_custom_step0_s_20260803_14,a51528c3cbf24bcc8e6e69844f4ad8fc,0.14,,,
3982,2026-08-03,SZ300418,0.0872482285814568,EXP_LGBModel_Alpha158_csi300_custom_step0_s_20260803_14,a51528c3cbf24bcc8e6e69844f4ad8fc,0.14,,,
3983,2026-08-03,SZ300251,-0.08007432943786955,EXP_LGBModel_Alpha158_csi300_custom_step0_s_20260803_14,a51528c3cbf24bcc8e6e69844f4ad8fc,0.14,,,
3984,2026-08-03,SZ300122,-0.08223353525587189,EXP_LGBModel_Alpha158_csi300_custom_step0_s_20260803_14,a51528c3cbf24bcc8e6e69844f4ad8fc,0.14,,,
3985,2026-08-03,SZ300059,-0.017781846528460325,EXP_LGBModel_Alpha158_csi300_custom_step0_s_20260803_14,a51528c3cbf24bcc8e6e69844f4ad8fc,0.14,,,
3986,2026-08-03,SZ300033,-0.1281990146311008,EXP_LGBModel_Alpha158_csi300_custom_step0_s_20260803_14,a51528c3cbf24bcc8e6e69844f4ad8fc,0.14,,,
3987,2026-08-03,SZ300015,-0.0572709837931154,EXP_LGBModel_Alpha158_csi300_custom_step0_s_20260803_14,a51528c3cbf24bcc8e6e69844f4ad8fc,0.14,,,
3988,2026-08-03,SZ300014,0.05658550245003279,EXP_LGBModel_Alpha158_csi300_custom_step0_s_20260803_14,a51528c3cbf24bcc8e6e69844f4ad8fc,0.14,,,
3989,2026-08-03,SZ003816,-0.03603283267816795,EXP_LGBModel_Alpha158_csi300_custom_step0_s_20260803_14,a51528c3cbf24bcc8e6e69844f4ad8fc,0.14,,,
3990,2026-08-03,SZ300124,-0.0118632728718798,EXP_LGBModel_Alpha158_csi300_custom_step0_s_20260803_14,a51528c3cbf24bcc8e6e69844f4ad8fc,0.14,,,
3991,2026-08-03,SZ300433,0.061324788475914424,EXP_LGBModel_Alpha158_csi300_custom_step0_s_20260803_14,a51528c3cbf24bcc8e6e69844f4ad8fc,0.14,,,
3992,2026-08-03,SZ300442,0.11415566512392833,EXP_LGBModel_Alpha158_csi300_custom_step0_s_20260803_14,a51528c3cbf24bcc8e6e69844f4ad8fc,0.14,,,
3993,2026-08-03,SZ300450,0.13171587809601765,EXP_LGBModel_Alpha158_csi300_custom_step0_s_20260803_14,a51528c3cbf24bcc8e6e69844f4ad8fc,0.14,,,
3994,2026-08-03,SZ301269,-0.05030265423813651,EXP_LGBModel_Alpha158_csi300_custom_step0_s_20260803_14,a51528c3cbf24bcc8e6e69844f4ad8fc,0.14,,,
3995,2026-08-03,SZ301236,0.0351561555793687,EXP_LGBModel_Alpha158_csi300_custom_step0_s_20260803_14,a51528c3cbf24bcc8e6e69844f4ad8fc,0.14,,,
3996,2026-08-03,SZ301165,0.07413622597710207,EXP_LGBModel_Alpha158_csi300_custom_step0_s_20260803_14,a51528c3cbf24bcc8e6e69844f4ad8fc,0.14,,,
3997,2026-08-03,SZ300999,0.04453117673632798,EXP_LGBModel_Alpha158_csi300_custom_step0_s_20260803_14,a51528c3cbf24bcc8e6e69844f4ad8fc,0.14,,,
3998,2026-08-03,SZ300896,-0.029094450380385092,EXP_LGBModel_Alpha158_csi300_custom_step0_s_20260803_14,a51528c3cbf24bcc8e6e69844f4ad8fc,0.14,,,
3999,2026-08-03,SZ300866,-0.039256229588511105,EXP_LGBModel_Alpha158_csi300_custom_step0_s_20260803_14,a51528c3cbf24bcc8e6e69844f4ad8fc,0.14,,,
4000,2026-08-03,SZ300832,0.0009103244278168561,EXP_LGBModel_Alpha158_csi300_custom_step0_s_20260803_14,a51528c3cbf24bcc8e6e69844f4ad8fc,0.14,,,
4001,2026-08-03,SZ300803,-0.05997321474372957,EXP_LGBModel_Alpha158_csi300_custom_step0_s_20260803_14,a51528c3cbf24bcc8e6e69844f4ad8fc,0.14,,,
4002,2026-08-03,SZ300760,-0.005251378169590092,EXP_LGBModel_Alpha158_csi300_custom_step0_s_20260803_14,a51528c3cbf24bcc8e6e69844f4ad8fc,0.14,,,
4003,2026-08-03,SZ300750,-0.00011379659393205885,EXP_LGBModel_Alpha158_csi300_custom_step0_s_20260803_14,a51528c3cbf24bcc8e6e69844f4ad8fc,0.14,,,
4004,2026-08-03,SZ300661,0.020768282453994525,EXP_LGBModel_Alpha158_csi300_custom_step0_s_20260803_14,a51528c3cbf24bcc8e6e69844f4ad8fc,0.14,,,
4005,2026-08-03,SZ300628,0.025483232493393636,EXP_LGBModel_Alpha158_csi300_custom_step0_s_20260803_14,a51528c3cbf24bcc8e6e69844f4ad8fc,0.14,,,
4006,2026-08-03,SZ300502,0.019281906968965312,EXP_LGBModel_Alpha158_csi300_custom_step0_s_20260803_14,a51528c3cbf24bcc8e6e69844f4ad8fc,0.14,,,
4007,2026-08-03,SZ300498,0.00362513594839503,EXP_LGBModel_Alpha158_csi300_custom_step0_s_20260803_14,a51528c3cbf24bcc8e6e69844f4ad8fc,0.14,,,
4008,2026-08-03,SZ300476,0.0764477285261602,EXP_LGBModel_Alpha158_csi300_custom_step0_s_20260803_14,a51528c3cbf24bcc8e6e69844f4ad8fc,0.14,,,
4009,2026-08-03,SZ002938,0.09660681385472383,EXP_LGBModel_Alpha158_csi300_custom_step0_s_20260803_14,a51528c3cbf24bcc8e6e69844f4ad8fc,0.14,,,
4010,2026-08-03,SZ002920,-0.07622240307245477,EXP_LGBModel_Alpha158_csi300_custom_step0_s_20260803_14,a51528c3cbf24bcc8e6e69844f4ad8fc,0.14,,,
4011,2026-08-03,SZ002916,0.02842173419133412,EXP_LGBModel_Alpha158_csi300_custom_step0_s_20260803_14,a51528c3cbf24bcc8e6e69844f4ad8fc,0.14,,,
4012,2026-08-03,SZ002837,0.019550354211641835,EXP_LGBModel_Alpha158_csi300_custom_step0_s_20260803_14,a51528c3cbf24bcc8e6e69844f4ad8fc,0.14,,,
4013,2026-08-03,SZ002353,0.1349676256853495,EXP_LGBModel_Alpha158_csi300_custom_step0_s_20260803_14,a51528c3cbf24bcc8e6e69844f4ad8fc,0.14,,,
4014,2026-08-03,SZ002352,0.00463965810259816,EXP_LGBModel_Alpha158_csi300_custom_step0_s_20260803_14,a51528c3cbf24bcc8e6e69844f4ad8fc,0.14,,,
4015,2026-08-03,SZ002311,0.05812603662874921,EXP_LGBModel_Alpha158_csi300_custom_step0_s_20260803_14,a51528c3cbf24bcc8e6e69844f4ad8fc,0.14,,,
4016,2026-08-03,SZ002304,-0.012074082868550108,EXP_LGBModel_Alpha158_csi300_custom_step0_s_20260803_14,a51528c3cbf24bcc8e6e69844f4ad8fc,0.14,,,
4017,2026-08-03,SZ002241,-0.064412873375007,EXP_LGBModel_Alpha158_csi300_custom_step0_s_20260803_14,a51528c3cbf24bcc8e6e69844f4ad8fc,0.14,,,
4018,2026-08-03,SZ002236,0.00083016143927549,EXP_LGBModel_Alpha158_csi300_custom_step0_s_20260803_14,a51528c3cbf24bcc8e6e69844f4ad8fc,0.14,,,
4019,2026-08-03,SZ002230,-0.06760506027427088,EXP_LGBModel_Alpha158_csi300_custom_step0_s_20260803_14,a51528c3cbf24bcc8e6e69844f4ad8fc,0.14,,,
4020,2026-08-03,SZ002202,0.0667031912221323,EXP_LGBModel_Alpha158_csi300_custom_step0_s_20260803_14,a51528c3cbf24bcc8e6e69844f4ad8fc,0.14,,,
4021,2026-08-03,SZ002179,0.182051139944702,EXP_LGBModel_Alpha158_csi300_custom_step0_s_20260803_14,a51528c3cbf24bcc8e6e69844f4ad8fc,0.14,,,
4022,2026-08-03,SZ002142,0.07805968538683983,EXP_LGBModel_Alpha158_csi300_custom_step0_s_20260803_14,a51528c3cbf24bcc8e6e69844f4ad8fc,0.14,,,
4023,2026-08-03,SZ002074,-0.05214692752739239,EXP_LGBModel_Alpha158_csi300_custom_step0_s_20260803_14,a51528c3cbf24bcc8e6e69844f4ad8fc,0.14,,,
4024,2026-08-03,SZ002050,-0.0167031782442543,EXP_LGBModel_Alpha158_csi300_custom_step0_s_20260803_14,a51528c3cbf24bcc8e6e69844f4ad8fc,0.14,,,
4025,2026-08-03,SZ002049,0.12556849868387193,EXP_LGBModel_Alpha158_csi300_custom_step0_s_20260803_14,a51528c3cbf24bcc8e6e69844f4ad8fc,0.14,,,
4026,2026-08-03,SZ002028,-0.061701675110281066,EXP_LGBModel_Alpha158_csi300_custom_step0_s_20260803_14,a51528c3cbf24bcc8e6e69844f4ad8fc,0.14,,,
4027,2026-08-03,SZ002027,0.005913583101588403,EXP_LGBModel_Alpha158_csi300_custom_step0_s_20260803_14,a51528c3cbf24bcc8e6e69844f4ad8fc,0.14,,,
4028,2026-08-03,SZ002371,0.0783710817312406,EXP_LGBModel_Alpha158_csi300_custom_step0_s_20260803_14,a51528c3cbf24bcc8e6e69844f4ad8fc,0.14,,,
4029,2026-08-03,SZ001979,-0.07087048089260174,EXP_LGBModel_Alpha158_csi300_custom_step0_s_20260803_14,a51528c3cbf24bcc8e6e69844f4ad8fc,0.14,,,
4030,2026-08-03,SZ002384,0.06099149437307831,EXP_LGBModel_Alpha158_csi300_custom_step0_s_20260803_14,a51528c3cbf24bcc8e6e69844f4ad8fc,0.14,,,
4031,2026-08-03,SZ002422,0.14598842760544564,EXP_LGBModel_Alpha158_csi300_custom_step0_s_20260803_14,a51528c3cbf24bcc8e6e69844f4ad8fc,0.14,,,
4032,2026-08-03,SZ002736,0.06298845428266443,EXP_LGBModel_Alpha158_csi300_custom_step0_s_20260803_14,a51528c3cbf24bcc8e6e69844f4ad8fc,0.14,,,
4033,2026-08-03,SZ002714,-0.02150058619097218,EXP_LGBModel_Alpha158_csi300_custom_step0_s_20260803_14,a51528c3cbf24bcc8e6e69844f4ad8fc,0.14,,,
4034,2026-08-03,SZ002709,0.10439304570727428,EXP_LGBModel_Alpha158_csi300_custom_step0_s_20260803_14,a51528c3cbf24bcc8e6e69844f4ad8fc,0.14,,,
4035,2026-08-03,SZ002648,-0.02604576522843579,EXP_LGBModel_Alpha158_csi300_custom_step0_s_20260803_14,a51528c3cbf24bcc8e6e69844f4ad8fc,0.14,,,
4036,2026-08-03,SZ002625,-0.031892318721241396,EXP_LGBModel_Alpha158_csi300_custom_step0_s_20260803_14,a51528c3cbf24bcc8e6e69844f4ad8fc,0.14,,,
4037,2026-08-03,SZ002602,-0.11537024061463373,EXP_LGBModel_Alpha158_csi300_custom_step0_s_20260803_14,a51528c3cbf24bcc8e6e69844f4ad8fc,0.14,,,
4038,2026-08-03,SZ002600,0.17294073234607324,EXP_LGBModel_Alpha158_csi300_custom_step0_s_20260803_14,a51528c3cbf24bcc8e6e69844f4ad8fc,0.14,,,
4039,2026-08-03,SZ002594,0.03130126233227367,EXP_LGBModel_Alpha158_csi300_custom_step0_s_20260803_14,a51528c3cbf24bcc8e6e69844f4ad8fc,0.14,,,
4040,2026-08-03,SZ002558,0.007130238409803164,EXP_LGBModel_Alpha158_csi300_custom_step0_s_20260803_14,a51528c3cbf24bcc8e6e69844f4ad8fc,0.14,,,
4041,2026-08-03,SZ002532,-0.015062337306851506,EXP_LGBModel_Alpha158_csi300_custom_step0_s_20260803_14,a51528c3cbf24bcc8e6e69844f4ad8fc,0.14,,,
4042,2026-08-03,SZ002493,-0.10115860205674715,EXP_LGBModel_Alpha158_csi300_custom_step0_s_20260803_14,a51528c3cbf24bcc8e6e69844f4ad8fc,0.14,,,
4043,2026-08-03,SZ002475,-0.06080445063524226,EXP_LGBModel_Alpha158_csi300_custom_step0_s_20260803_14,a51528c3cbf24bcc8e6e69844f4ad8fc,0.14,,,
4044,2026-08-03,SZ002466,0.1495941168015092,EXP_LGBModel_Alpha158_csi300_custom_step0_s_20260803_14,a51528c3cbf24bcc8e6e69844f4ad8fc,0.14,,,
4045,2026-08-03,SZ002463,0.06694464586029927,EXP_LGBModel_Alpha158_csi300_custom_step0_s_20260803_14,a51528c3cbf24bcc8e6e69844f4ad8fc,0.14,,,
4046,2026-08-03,SZ002460,0.10937133803813302,EXP_LGBModel_Alpha158_csi300_custom_step0_s_20260803_14,a51528c3cbf24bcc8e6e69844f4ad8fc,0.14,,,
4047,2026-08-03,SZ002415,0.06562308924909174,EXP_LGBModel_Alpha158_csi300_custom_step0_s_20260803_14,a51528c3cbf24bcc8e6e69844f4ad8fc,0.14,,,
4048,2026-08-03,SH600000,-0.0026876534489018718,EXP_LGBModel_Alpha158_csi300_custom_step0_s_20260803_14,a51528c3cbf24bcc8e6e69844f4ad8fc,0.14,,,
4049,2026-08-03,SH601939,-0.11403386623102711,EXP_LGBModel_Alpha158_csi300_custom_step0_s_20260803_14,a51528c3cbf24bcc8e6e69844f4ad8fc,0.14,,,
4050,2026-08-03,SH601916,0.015266690640354966,EXP_LGBModel_Alpha158_csi300_custom_step0_s_20260803_14,a51528c3cbf24bcc8e6e69844f4ad8fc,0.14,,,
4051,2026-08-03,SH600547,-0.08206995726655285,EXP_LGBModel_Alpha158_csi300_custom_step0_s_20260803_14,a51528c3cbf24bcc8e6e69844f4ad8fc,0.14,,,
4052,2026-08-03,SH600522,0.042813445762031443,EXP_LGBModel_Alpha158_csi300_custom_step0_s_20260803_14,a51528c3cbf24bcc8e6e69844f4ad8fc,0.14,,,
4053,2026-08-03,SH600519,0.015546768032635688,EXP_LGBModel_Alpha158_csi300_custom_step0_s_20260803_14,a51528c3cbf24bcc8e6e69844f4ad8fc,0.14,,,
4054,2026-08-03,SH600515,0.015138042494827907,EXP_LGBModel_Alpha158_csi300_custom_step0_s_20260803_14,a51528c3cbf24bcc8e6e69844f4ad8fc,0.14,,,
4055,2026-08-03,SH600489,-0.11395627111338681,EXP_LGBModel_Alpha158_csi300_custom_step0_s_20260803_14,a51528c3cbf24bcc8e6e69844f4ad8fc,0.14,,,
4056,2026-08-03,SH600482,-0.0006541681058907708,EXP_LGBModel_Alpha158_csi300_custom_step0_s_20260803_14,a51528c3cbf24bcc8e6e69844f4ad8fc,0.14,,,
4057,2026-08-03,SH600549,0.07224147816756725,EXP_LGBModel_Alpha158_csi300_custom_step0_s_20260803_14,a51528c3cbf24bcc8e6e69844f4ad8fc,0.14,,,
4058,2026-08-03,SH600460,0.05758753504528115,EXP_LGBModel_Alpha158_csi300_custom_step0_s_20260803_14,a51528c3cbf24bcc8e6e69844f4ad8fc,0.14,,,
4059,2026-08-03,SH600436,0.042995694340708164,EXP_LGBModel_Alpha158_csi300_custom_step0_s_20260803_14,a51528c3cbf24bcc8e6e69844f4ad8fc,0.14,,,
4060,2026-08-03,SH600426,-0.026291082445598815,EXP_LGBModel_Alpha158_csi300_custom_step0_s_20260803_14,a51528c3cbf24bcc8e6e69844f4ad8fc,0.14,,,
4061,2026-08-03,SH600415,-0.07117139905386162,EXP_LGBModel_Alpha158_csi300_custom_step0_s_20260803_14,a51528c3cbf24bcc8e6e69844f4ad8fc,0.14,,,
4062,2026-08-03,SH600406,0.02960234419899318,EXP_LGBModel_Alpha158_csi300_custom_step0_s_20260803_14,a51528c3cbf24bcc8e6e69844f4ad8fc,0.14,,,
4063,2026-08-03,SH600372,0.014447980003514348,EXP_LGBModel_Alpha158_csi300_custom_step0_s_20260803_14,a51528c3cbf24bcc8e6e69844f4ad8fc,0.14,,,
4064,2026-08-03,SH600362,-0.12349898497786752,EXP_LGBModel_Alpha158_csi300_custom_step0_s_20260803_14,a51528c3cbf24bcc8e6e69844f4ad8fc,0.14,,,
4065,2026-08-03,SH600438,0.11741299119341748,EXP_LGBModel_Alpha158_csi300_custom_step0_s_20260803_14,a51528c3cbf24bcc8e6e69844f4ad8fc,0.14,,,
4066,2026-08-03,SH600570,-0.04704528247168712,EXP_LGBModel_Alpha158_csi300_custom_step0_s_20260803_14,a51528c3cbf24bcc8e6e69844f4ad8fc,0.14,,,
4067,2026-08-03,SH600584,0.09942348019659712,EXP_LGBModel_Alpha158_csi300_custom_step0_s_20260803_14,a51528c3cbf24bcc8e6e69844f4ad8fc,0.14,,,
4068,2026-08-03,SH600585,0.04920295019060033,EXP_LGBModel_Alpha158_csi300_custom_step0_s_20260803_14,a51528c3cbf24bcc8e6e69844f4ad8fc,0.14,,,
4069,2026-08-03,SH600893,-0.07036594953644351,EXP_LGBModel_Alpha158_csi300_custom_step0_s_20260803_14,a51528c3cbf24bcc8e6e69844f4ad8fc,0.14,,,
4070,2026-08-03,SH600887,0.0508066589177956,EXP_LGBModel_Alpha158_csi300_custom_step0_s_20260803_14,a51528c3cbf24bcc8e6e69844f4ad8fc,0.14,,,
4071,2026-08-03,SH600886,0.030460617600880924,EXP_LGBModel_Alpha158_csi300_custom_step0_s_20260803_14,a51528c3cbf24bcc8e6e69844f4ad8fc,0.14,,,
4072,2026-08-03,SH600875,-0.06687254706287057,EXP_LGBModel_Alpha158_csi300_custom_step0_s_20260803_14,a51528c3cbf24bcc8e6e69844f4ad8fc,0.14,,,
4073,2026-08-03,SH600845,-0.05624776749154488,EXP_LGBModel_Alpha158_csi300_custom_step0_s_20260803_14,a51528c3cbf24bcc8e6e69844f4ad8fc,0.14,,,
4074,2026-08-03,SH600809,0.007212606228518192,EXP_LGBModel_Alpha158_csi300_custom_step0_s_20260803_14,a51528c3cbf24bcc8e6e69844f4ad8fc,0.14,,,
4075,2026-08-03,SH600803,-0.053706336545052066,EXP_LGBModel_Alpha158_csi300_custom_step0_s_20260803_14,a51528c3cbf24bcc8e6e69844f4ad8fc,0.14,,,
4076,2026-08-03,SH600795,0.02222880298681784,EXP_LGBModel_Alpha158_csi300_custom_step0_s_20260803_14,a51528c3cbf24bcc8e6e69844f4ad8fc,0.14,,,
4077,2026-08-03,SH600760,0.0016120925681791063,EXP_LGBModel_Alpha158_csi300_custom_step0_s_20260803_14,a51528c3cbf24bcc8e6e69844f4ad8fc,0.14,,,
4078,2026-08-03,SH600741,0.0179798206468572,EXP_LGBModel_Alpha158_csi300_custom_step0_s_20260803_14,a51528c3cbf24bcc8e6e69844f4ad8fc,0.14,,,
4079,2026-08-03,SH600690,0.04650982817756257,EXP_LGBModel_Alpha158_csi300_custom_step0_s_20260803_14,a51528c3cbf24bcc8e6e69844f4ad8fc,0.14,,,
4080,2026-08-03,SH600674,0.06268917230472916,EXP_LGBModel_Alpha158_csi300_custom_step0_s_20260803_14,a51528c3cbf24bcc8e6e69844f4ad8fc,0.14,,,
4081,2026-08-03,SH600660,0.0337794138470654,EXP_LGBModel_Alpha158_csi300_custom_step0_s_20260803_14,a51528c3cbf24bcc8e6e69844f4ad8fc,0.14,,,
4082,2026-08-03,SH600600,0.015100645043316112,EXP_LGBModel_Alpha158_csi300_custom_step0_s_20260803_14,a51528c3cbf24bcc8e6e69844f4ad8fc,0.14,,,
4083,2026-08-03,SH600588,-0.01279136094776736,EXP_LGBModel_Alpha158_csi300_custom_step0_s_20260803_14,a51528c3cbf24bcc8e6e69844f4ad8fc,0.14,,,
4084,2026-08-03,SH600346,-0.07476052809690927,EXP_LGBModel_Alpha158_csi300_custom_step0_s_20260803_14,a51528c3cbf24bcc8e6e69844f4ad8fc,0.14,,,
4085,2026-08-03,SH600309,-0.010337040039629127,EXP_LGBModel_Alpha158_csi300_custom_step0_s_20260803_14,a51528c3cbf24bcc8e6e69844f4ad8fc,0.14,,,
4086,2026-08-03,SH600276,-0.015767043407387927,EXP_LGBModel_Alpha158_csi300_custom_step0_s_20260803_14,a51528c3cbf24bcc8e6e69844f4ad8fc,0.14,,,
4087,2026-08-03,SH600233,-0.02950110724792698,EXP_LGBModel_Alpha158_csi300_custom_step0_s_20260803_14,a51528c3cbf24bcc8e6e69844f4ad8fc,0.14,,,
4088,2026-08-03,SH600036,0.059792843581461246,EXP_LGBModel_Alpha158_csi300_custom_step0_s_20260803_14,a51528c3cbf24bcc8e6e69844f4ad8fc,0.14,,,
4089,2026-08-03,SH600031,-0.04495964527647131,EXP_LGBModel_Alpha158_csi300_custom_step0_s_20260803_14,a51528c3cbf24bcc8e6e69844f4ad8fc,0.14,,,
4090,2026-08-03,SH600030,0.04928701183558321,EXP_LGBModel_Alpha158_csi300_custom_step0_s_20260803_14,a51528c3cbf24bcc8e6e69844f4ad8fc,0.14,,,
4091,2026-08-03,SH600029,-0.005028793956664284,EXP_LGBModel_Alpha158_csi300_custom_step0_s_20260803_14,a51528c3cbf24bcc8e6e69844f4ad8fc,0.14,,,
4092,2026-08-03,SH600028,0.03757432260598213,EXP_LGBModel_Alpha158_csi300_custom_step0_s_20260803_14,a51528c3cbf24bcc8e6e69844f4ad8fc,0.14,,,
4093,2026-08-03,SH600027,0.005873095908451112,EXP_LGBModel_Alpha158_csi300_custom_step0_s_20260803_14,a51528c3cbf24bcc8e6e69844f4ad8fc,0.14,,,
4094,2026-08-03,SH600026,-0.054005150422710604,EXP_LGBModel_Alpha158_csi300_custom_step0_s_20260803_14,a51528c3cbf24bcc8e6e69844f4ad8fc,0.14,,,
4095,2026-08-03,SH600025,0.0461589657955932,EXP_LGBModel_Alpha158_csi300_custom_step0_s_20260803_14,a51528c3cbf24bcc8e6e69844f4ad8fc,0.14,,,
4096,2026-08-03,SH600023,0.026359961271785783,EXP_LGBModel_Alpha158_csi300_custom_step0_s_20260803_14,a51528c3cbf24bcc8e6e69844f4ad8fc,0.14,,,
4097,2026-08-03,SH600019,0.05779699561187433,EXP_LGBModel_Alpha158_csi300_custom_step0_s_20260803_14,a51528c3cbf24bcc8e6e69844f4ad8fc,0.14,,,
4098,2026-08-03,SH600018,0.03715246114223937,EXP_LGBModel_Alpha158_csi300_custom_step0_s_20260803_14,a51528c3cbf24bcc8e6e69844f4ad8fc,0.14,,,
4099,2026-08-03,SH600016,0.09093653025693405,EXP_LGBModel_Alpha158_csi300_custom_step0_s_20260803_14,a51528c3cbf24bcc8e6e69844f4ad8fc,0.14,,,
4100,2026-08-03,SH600015,0.0038387637912188524,EXP_LGBModel_Alpha158_csi300_custom_step0_s_20260803_14,a51528c3cbf24bcc8e6e69844f4ad8fc,0.14,,,
4101,2026-08-03,SH600011,-0.008000129103244038,EXP_LGBModel_Alpha158_csi300_custom_step0_s_20260803_14,a51528c3cbf24bcc8e6e69844f4ad8fc,0.14,,,
4102,2026-08-03,SH600010,-0.01784021852957235,EXP_LGBModel_Alpha158_csi300_custom_step0_s_20260803_14,a51528c3cbf24bcc8e6e69844f4ad8fc,0.14,,,
4103,2026-08-03,SH600039,0.037238240991055785,EXP_LGBModel_Alpha158_csi300_custom_step0_s_20260803_14,a51528c3cbf24bcc8e6e69844f4ad8fc,0.14,,,
4104,2026-08-03,SH600900,0.063080407549254,EXP_LGBModel_Alpha158_csi300_custom_step0_s_20260803_14,a51528c3cbf24bcc8e6e69844f4ad8fc,0.14,,,
4105,2026-08-03,SH600048,-0.053546080729893315,EXP_LGBModel_Alpha158_csi300_custom_step0_s_20260803_14,a51528c3cbf24bcc8e6e69844f4ad8fc,0.14,,,
4106,2026-08-03,SH600061,0.04886197179514843,EXP_LGBModel_Alpha158_csi300_custom_step0_s_20260803_14,a51528c3cbf24bcc8e6e69844f4ad8fc,0.14,,,
4107,2026-08-03,SH600221,0.035530696037654776,EXP_LGBModel_Alpha158_csi300_custom_step0_s_20260803_14,a51528c3cbf24bcc8e6e69844f4ad8fc,0.14,,,
4108,2026-08-03,SH600219,-0.03872778552598106,EXP_LGBModel_Alpha158_csi300_custom_step0_s_20260803_14,a51528c3cbf24bcc8e6e69844f4ad8fc,0.14,,,
4109,2026-08-03,SH600196,-0.009388092764393133,EXP_LGBModel_Alpha158_csi300_custom_step0_s_20260803_14,a51528c3cbf24bcc8e6e69844f4ad8fc,0.14,,,
4110,2026-08-03,SH600188,-0.022280350620828636,EXP_LGBModel_Alpha158_csi300_custom_step0_s_20260803_14,a51528c3cbf24bcc8e6e69844f4ad8fc,0.14,,,
4111,2026-08-03,SH600183,0.050813272506133364,EXP_LGBModel_Alpha158_csi300_custom_step0_s_20260803_14,a51528c3cbf24bcc8e6e69844f4ad8fc,0.14,,,
4112,2026-08-03,SH600176,0.040479297256740224,EXP_LGBModel_Alpha158_csi300_custom_step0_s_20260803_14,a51528c3cbf24bcc8e6e69844f4ad8fc,0.14,,,
4113,2026-08-03,SH600160,0.11883510087862384,EXP_LGBModel_Alpha158_csi300_custom_step0_s_20260803_14,a51528c3cbf24bcc8e6e69844f4ad8fc,0.14,,,
4114,2026-08-03,SH600150,-0.05110682244377745,EXP_LGBModel_Alpha158_csi300_custom_step0_s_20260803_14,a51528c3cbf24bcc8e6e69844f4ad8fc,0.14,,,
4115,2026-08-03,SH600118,0.015479124582496987,EXP_LGBModel_Alpha158_csi300_custom_step0_s_20260803_14,a51528c3cbf24bcc8e6e69844f4ad8fc,0.14,,,
4116,2026-08-03,SH600115,-0.0030913600142409062,EXP_LGBModel_Alpha158_csi300_custom_step0_s_20260803_14,a51528c3cbf24bcc8e6e69844f4ad8fc,0.14,,,
4117,2026-08-03,SH600111,0.12225477712331059,EXP_LGBModel_Alpha158_csi300_custom_step0_s_20260803_14,a51528c3cbf24bcc8e6e69844f4ad8fc,0.14,,,
4118,2026-08-03,SH600104,-0.001866499239861076,EXP_LGBModel_Alpha158_csi300_custom_step0_s_20260803_14,a51528c3cbf24bcc8e6e69844f4ad8fc,0.14,,,
4119,2026-08-03,SH600089,-0.10320982585154868,EXP_LGBModel_Alpha158_csi300_custom_step0_s_20260803_14,a51528c3cbf24bcc8e6e69844f4ad8fc,0.14,,,
4120,2026-08-03,SH600085,0.0067302875140227035,EXP_LGBModel_Alpha158_csi300_custom_step0_s_20260803_14,a51528c3cbf24bcc8e6e69844f4ad8fc,0.14,,,
4121,2026-08-03,SH600066,-0.012709303339495765,EXP_LGBModel_Alpha158_csi300_custom_step0_s_20260803_14,a51528c3cbf24bcc8e6e69844f4ad8fc,0.14,,,
4122,2026-08-03,SH600050,0.10397222984983338,EXP_LGBModel_Alpha158_csi300_custom_step0_s_20260803_14,a51528c3cbf24bcc8e6e69844f4ad8fc,0.14,,,
4123,2026-08-03,SH601919,0.008115963355512247,EXP_LGBModel_Alpha158_csi300_custom_step0_s_20260803_14,a51528c3cbf24bcc8e6e69844f4ad8fc,0.14,,,
4124,2026-08-03,SH600905,0.03917436379728995,EXP_LGBModel_Alpha158_csi300_custom_step0_s_20260803_14,a51528c3cbf24bcc8e6e69844f4ad8fc,0.14,,,
4125,2026-08-03,SH600919,0.07220997829496596,EXP_LGBModel_Alpha158_csi300_custom_step0_s_20260803_14,a51528c3cbf24bcc8e6e69844f4ad8fc,0.14,,,
4126,2026-08-03,SH601698,0.09229078619651361,EXP_LGBModel_Alpha158_csi300_custom_step0_s_20260803_14,a51528c3cbf24bcc8e6e69844f4ad8fc,0.14,,,
4127,2026-08-03,SH601689,0.03100033256900104,EXP_LGBModel_Alpha158_csi300_custom_step0_s_20260803_14,a51528c3cbf24bcc8e6e69844f4ad8fc,0.14,,,
4128,2026-08-03,SH601688,-0.01620142339086832,EXP_LGBModel_Alpha158_csi300_custom_step0_s_20260803_14,a51528c3cbf24bcc8e6e69844f4ad8fc,0.14,,,
4129,2026-08-03,SH601669,0.046040085929253544,EXP_LGBModel_Alpha158_csi300_custom_step0_s_20260803_14,a51528c3cbf24bcc8e6e69844f4ad8fc,0.14,,,
4130,2026-08-03,SH601668,0.07437674290567077,EXP_LGBModel_Alpha158_csi300_custom_step0_s_20260803_14,a51528c3cbf24bcc8e6e69844f4ad8fc,0.14,,,
4131,2026-08-03,SH601658,0.05603753972167382,EXP_LGBModel_Alpha158_csi300_custom_step0_s_20260803_14,a51528c3cbf24bcc8e6e69844f4ad8fc,0.14,,,
4132,2026-08-03,SH601727,-0.08041379234734146,EXP_LGBModel_Alpha158_csi300_custom_step0_s_20260803_14,a51528c3cbf24bcc8e6e69844f4ad8fc,0.14,,,
4133,2026-08-03,SH601633,-0.005382844287192201,EXP_LGBModel_Alpha158_csi300_custom_step0_s_20260803_14,a51528c3cbf24bcc8e6e69844f4ad8fc,0.14,,,
4134,2026-08-03,SH601618,0.06497351769708468,EXP_LGBModel_Alpha158_csi300_custom_step0_s_20260803_14,a51528c3cbf24bcc8e6e69844f4ad8fc,0.14,,,
4135,2026-08-03,SH601607,0.04387626704357739,EXP_LGBModel_Alpha158_csi300_custom_step0_s_20260803_14,a51528c3cbf24bcc8e6e69844f4ad8fc,0.14,,,
4136,2026-08-03,SH601601,0.0260279142025183,EXP_LGBModel_Alpha158_csi300_custom_step0_s_20260803_14,a51528c3cbf24bcc8e6e69844f4ad8fc,0.14,,,
4137,2026-08-03,SH601600,-0.03086731949643807,EXP_LGBModel_Alpha158_csi300_custom_step0_s_20260803_14,a51528c3cbf24bcc8e6e69844f4ad8fc,0.14,,,
4138,2026-08-03,SH601456,0.05102910749676469,EXP_LGBModel_Alpha158_csi300_custom_step0_s_20260803_14,a51528c3cbf24bcc8e6e69844f4ad8fc,0.14,,,
4139,2026-08-03,SH601398,-0.07294425123855951,EXP_LGBModel_Alpha158_csi300_custom_step0_s_20260803_14,a51528c3cbf24bcc8e6e69844f4ad8fc,0.14,,,
4140,2026-08-03,SH601628,-0.02811614208677413,EXP_LGBModel_Alpha158_csi300_custom_step0_s_20260803_14,a51528c3cbf24bcc8e6e69844f4ad8fc,0.14,,,
4141,2026-08-03,SH601728,-0.06426108865111187,EXP_LGBModel_Alpha158_csi300_custom_step0_s_20260803_14,a51528c3cbf24bcc8e6e69844f4ad8fc,0.14,,,
4142,2026-08-03,SH601766,0.014600677698510346,EXP_LGBModel_Alpha158_csi300_custom_step0_s_20260803_14,a51528c3cbf24bcc8e6e69844f4ad8fc,0.14,,,
4143,2026-08-03,SH601788,0.046115525637712214,EXP_LGBModel_Alpha158_csi300_custom_step0_s_20260803_14,a51528c3cbf24bcc8e6e69844f4ad8fc,0.14,,,
4144,2026-08-03,SH601901,0.03385667082657027,EXP_LGBModel_Alpha158_csi300_custom_step0_s_20260803_14,a51528c3cbf24bcc8e6e69844f4ad8fc,0.14,,,
4145,2026-08-03,SH601899,-0.09349460900792893,EXP_LGBModel_Alpha158_csi300_custom_step0_s_20260803_14,a51528c3cbf24bcc8e6e69844f4ad8fc,0.14,,,
4146,2026-08-03,SH601898,-0.014967696570111941,EXP_LGBModel_Alpha158_csi300_custom_step0_s_20260803_14,a51528c3cbf24bcc8e6e69844f4ad8fc,0.14,,,
4147,2026-08-03,SH601888,-0.0654005733123399,EXP_LGBModel_Alpha158_csi300_custom_step0_s_20260803_14,a51528c3cbf24bcc8e6e69844f4ad8fc,0.14,,,
4148,2026-08-03,SH601881,0.02695968555448151,EXP_LGBModel_Alpha158_csi300_custom_step0_s_20260803_14,a51528c3cbf24bcc8e6e69844f4ad8fc,0.14,,,
4149,2026-08-03,SH601878,0.05926080265703832,EXP_LGBModel_Alpha158_csi300_custom_step0_s_20260803_14,a51528c3cbf24bcc8e6e69844f4ad8fc,0.14,,,
4150,2026-08-03,SH601877,-0.0649996005823092,EXP_LGBModel_Alpha158_csi300_custom_step0_s_20260803_14,a51528c3cbf24bcc8e6e69844f4ad8fc,0.14,,,
4151,2026-08-03,SH601872,-0.08946871150837862,EXP_LGBModel_Alpha158_csi300_custom_step0_s_20260803_14,a51528c3cbf24bcc8e6e69844f4ad8fc,0.14,,,
4152,2026-08-03,SH601868,0.008280334049198621,EXP_LGBModel_Alpha158_csi300_custom_step0_s_20260803_14,a51528c3cbf24bcc8e6e69844f4ad8fc,0.14,,,
4153,2026-08-03,SH601857,0.06101010799792357,EXP_LGBModel_Alpha158_csi300_custom_step0_s_20260803_14,a51528c3cbf24bcc8e6e69844f4ad8fc,0.14,,,
4154,2026-08-03,SH601838,0.06858333967031016,EXP_LGBModel_Alpha158_csi300_custom_step0_s_20260803_14,a51528c3cbf24bcc8e6e69844f4ad8fc,0.14,,,
4155,2026-08-03,SH601825,-0.07447682594707623,EXP_LGBModel_Alpha158_csi300_custom_step0_s_20260803_14,a51528c3cbf24bcc8e6e69844f4ad8fc,0.14,,,
4156,2026-08-03,SH601818,0.04049756633204978,EXP_LGBModel_Alpha158_csi300_custom_step0_s_20260803_14,a51528c3cbf24bcc8e6e69844f4ad8fc,0.14,,,
4157,2026-08-03,SH601816,0.03980234308849482,EXP_LGBModel_Alpha158_csi300_custom_step0_s_20260803_14,a51528c3cbf24bcc8e6e69844f4ad8fc,0.14,,,
4158,2026-08-03,SH601800,0.017407908837919536,EXP_LGBModel_Alpha158_csi300_custom_step0_s_20260803_14,a51528c3cbf24bcc8e6e69844f4ad8fc,0.14,,,
4159,2026-08-03,SH601390,0.028018871526125925,EXP_LGBModel_Alpha158_csi300_custom_step0_s_20260803_14,a51528c3cbf24bcc8e6e69844f4ad8fc,0.14,,,
4160,2026-08-03,SH601377,0.06630939849798179,EXP_LGBModel_Alpha158_csi300_custom_step0_s_20260803_14,a51528c3cbf24bcc8e6e69844f4ad8fc,0.14,,,
4161,2026-08-03,SH601360,-0.051683736819982264,EXP_LGBModel_Alpha158_csi300_custom_step0_s_20260803_14,a51528c3cbf24bcc8e6e69844f4ad8fc,0.14,,,
4162,2026-08-03,SH601336,0.026173294588742353,EXP_LGBModel_Alpha158_csi300_custom_step0_s_20260803_14,a51528c3cbf24bcc8e6e69844f4ad8fc,0.14,,,
4163,2026-08-03,SH601066,0.0011708563650275141,EXP_LGBModel_Alpha158_csi300_custom_step0_s_20260803_14,a51528c3cbf24bcc8e6e69844f4ad8fc,0.14,,,
4164,2026-08-03,SH601059,0.05400405746530775,EXP_LGBModel_Alpha158_csi300_custom_step0_s_20260803_14,a51528c3cbf24bcc8e6e69844f4ad8fc,0.14,,,
4165,2026-08-03,SH601058,0.04115796927199031,EXP_LGBModel_Alpha158_csi300_custom_step0_s_20260803_14,a51528c3cbf24bcc8e6e69844f4ad8fc,0.14,,,
4166,2026-08-03,SH601021,0.036429735372150926,EXP_LGBModel_Alpha158_csi300_custom_step0_s_20260803_14,a51528c3cbf24bcc8e6e69844f4ad8fc,0.14,,,
4167,2026-08-03,SH601018,0.08102732781585738,EXP_LGBModel_Alpha158_csi300_custom_step0_s_20260803_14,a51528c3cbf24bcc8e6e69844f4ad8fc,0.14,,,
4168,2026-08-03,SH601012,-0.06981179783261884,EXP_LGBModel_Alpha158_csi300_custom_step0_s_20260803_14,a51528c3cbf24bcc8e6e69844f4ad8fc,0.14,,,
4169,2026-08-03,SH601009,0.04494661553288965,EXP_LGBModel_Alpha158_csi300_custom_step0_s_20260803_14,a51528c3cbf24bcc8e6e69844f4ad8fc,0.14,,,
4170,2026-08-03,SH601006,0.051545374673168234,EXP_LGBModel_Alpha158_csi300_custom_step0_s_20260803_14,a51528c3cbf24bcc8e6e69844f4ad8fc,0.14,,,
4171,2026-08-03,SH600999,-0.018121878829805996,EXP_LGBModel_Alpha158_csi300_custom_step0_s_20260803_14,a51528c3cbf24bcc8e6e69844f4ad8fc,0.14,,,
4172,2026-08-03,SH600989,0.0016036362552538303,EXP_LGBModel_Alpha158_csi300_custom_step0_s_20260803_14,a51528c3cbf24bcc8e6e69844f4ad8fc,0.14,,,
4173,2026-08-03,SH600958,0.029943287490776637,EXP_LGBModel_Alpha158_csi300_custom_step0_s_20260803_14,a51528c3cbf24bcc8e6e69844f4ad8fc,0.14,,,
4174,2026-08-03,SH600941,0.050456248605265715,EXP_LGBModel_Alpha158_csi300_custom_step0_s_20260803_14,a51528c3cbf24bcc8e6e69844f4ad8fc,0.14,,,
4175,2026-08-03,SH600938,0.014430444006902493,EXP_LGBModel_Alpha158_csi300_custom_step0_s_20260803_14,a51528c3cbf24bcc8e6e69844f4ad8fc,0.14,,,
4176,2026-08-03,SH600930,0.01374735075530274,EXP_LGBModel_Alpha158_csi300_custom_step0_s_20260803_14,a51528c3cbf24bcc8e6e69844f4ad8fc,0.14,,,
4177,2026-08-03,SH600926,0.053211952316059484,EXP_LGBModel_Alpha158_csi300_custom_step0_s_20260803_14,a51528c3cbf24bcc8e6e69844f4ad8fc,0.14,,,
4178,2026-08-03,SH601077,0.025545146037029884,EXP_LGBModel_Alpha158_csi300_custom_step0_s_20260803_14,a51528c3cbf24bcc8e6e69844f4ad8fc,0.14,,,
4179,2026-08-03,SH600918,0.04094313824352287,EXP_LGBModel_Alpha158_csi300_custom_step0_s_20260803_14,a51528c3cbf24bcc8e6e69844f4ad8fc,0.14,,,
4180,2026-08-03,SH601088,0.009474775755497291,EXP_LGBModel_Alpha158_csi300_custom_step0_s_20260803_14,a51528c3cbf24bcc8e6e69844f4ad8fc,0.14,,,
4181,2026-08-03,SH601111,-1.4795528004335522e-05,EXP_LGBModel_Alpha158_csi300_custom_step0_s_20260803_14,a51528c3cbf24bcc8e6e69844f4ad8fc,0.14,,,
4182,2026-08-03,SH601328,-0.02877819461870094,EXP_LGBModel_Alpha158_csi300_custom_step0_s_20260803_14,a51528c3cbf24bcc8e6e69844f4ad8fc,0.14,,,
4183,2026-08-03,SH601319,0.021426511865138557,EXP_LGBModel_Alpha158_csi300_custom_step0_s_20260803_14,a51528c3cbf24bcc8e6e69844f4ad8fc,0.14,,,
4184,2026-08-03,SH601318,0.03246462715522905,EXP_LGBModel_Alpha158_csi300_custom_step0_s_20260803_14,a51528c3cbf24bcc8e6e69844f4ad8fc,0.14,,,
4185,2026-08-03,SH601288,-0.045562465869596364,EXP_LGBModel_Alpha158_csi300_custom_step0_s_20260803_14,a51528c3cbf24bcc8e6e69844f4ad8fc,0.14,,,
4186,2026-08-03,SH601238,-0.07558887890831514,EXP_LGBModel_Alpha158_csi300_custom_step0_s_20260803_14,a51528c3cbf24bcc8e6e69844f4ad8fc,0.14,,,
4187,2026-08-03,SH601229,0.05913919971646237,EXP_LGBModel_Alpha158_csi300_custom_step0_s_20260803_14,a51528c3cbf24bcc8e6e69844f4ad8fc,0.14,,,
4188,2026-08-03,SH601225,0.038972516224493145,EXP_LGBModel_Alpha158_csi300_custom_step0_s_20260803_14,a51528c3cbf24bcc8e6e69844f4ad8fc,0.14,,,
4189,2026-08-03,SH601211,0.023255513349624266,EXP_LGBModel_Alpha158_csi300_custom_step0_s_20260803_14,a51528c3cbf24bcc8e6e69844f4ad8fc,0.14,,,
4190,2026-08-03,SH601186,0.04133008815994289,EXP_LGBModel_Alpha158_csi300_custom_step0_s_20260803_14,a51528c3cbf24bcc8e6e69844f4ad8fc,0.14,,,
4191,2026-08-03,SH601169,0.09164744967455679,EXP_LGBModel_Alpha158_csi300_custom_step0_s_20260803_14,a51528c3cbf24bcc8e6e69844f4ad8fc,0.14,,,
4192,2026-08-03,SH601166,-0.007228085674725088,EXP_LGBModel_Alpha158_csi300_custom_step0_s_20260803_14,a51528c3cbf24bcc8e6e69844f4ad8fc,0.14,,,
4193,2026-08-03,SH601138,0.0006233913150317321,EXP_LGBModel_Alpha158_csi300_custom_step0_s_20260803_14,a51528c3cbf24bcc8e6e69844f4ad8fc,0.14,,,
4194,2026-08-03,SH601136,-0.03322614299314368,EXP_LGBModel_Alpha158_csi300_custom_step0_s_20260803_14,a51528c3cbf24bcc8e6e69844f4ad8fc,0.14,,,
4195,2026-08-03,SH601127,-0.07988830435248813,EXP_LGBModel_Alpha158_csi300_custom_step0_s_20260803_14,a51528c3cbf24bcc8e6e69844f4ad8fc,0.14,,,
4196,2026-08-03,SH601117,-0.0013103939893814168,EXP_LGBModel_Alpha158_csi300_custom_step0_s_20260803_14,a51528c3cbf24bcc8e6e69844f4ad8fc,0.14,,,
4197,2026-08-03,SH601100,-0.07385048154013289,EXP_LGBModel_Alpha158_csi300_custom_step0_s_20260803_14,a51528c3cbf24bcc8e6e69844f4ad8fc,0.14,,,
4198,2026-08-03,SH600000,-0.01610960523146808,EXP_LGBModel_Alpha158_csi300_custom_step0_s_20260803_14,8ba4c47522a042bc84afa8a6b7c68cf4,0.058,,,
4199,2026-08-03,SZ302132,-0.0004911221300604833,EXP_LGBModel_Alpha158_csi300_custom_step0_s_20260803_14,5a49789f7ae14af4829b337d9d246bec,0.073,,,
4200,2026-08-03,SZ301308,0.007710928977716345,EXP_LGBModel_Alpha158_csi300_custom_step0_s_20260803_14,5a49789f7ae14af4829b337d9d246bec,0.073,,,
4201,2026-08-03,SZ000596,0.04731031264192824,EXP_LGBModel_Alpha158_csi300_custom_step0_s_20260803_14,d4533a7ad98242afbd6b0c4edbf42254,0.059,,,
4202,2026-08-03,SZ000568,-0.02246551587858771,EXP_LGBModel_Alpha158_csi300_custom_step0_s_20260803_14,d4533a7ad98242afbd6b0c4edbf42254,0.059,,,
4203,2026-08-03,SZ000538,0.054490040043182496,EXP_LGBModel_Alpha158_csi300_custom_step0_s_20260803_14,d4533a7ad98242afbd6b0c4edbf42254,0.059,,,
4204,2026-08-03,SZ000425,-0.018858749171874994,EXP_LGBModel_Alpha158_csi300_custom_step0_s_20260803_14,d4533a7ad98242afbd6b0c4edbf42254,0.059,,,
4205,2026-08-03,SZ000408,-0.028378390850436343,EXP_LGBModel_Alpha158_csi300_custom_step0_s_20260803_14,d4533a7ad98242afbd6b0c4edbf42254,0.059,,,
4206,2026-08-03,SZ000338,0.045177726772010936,EXP_LGBModel_Alpha158_csi300_custom_step0_s_20260803_14,d4533a7ad98242afbd6b0c4edbf42254,0.059,,,
4207,2026-08-03,SZ000617,0.008633709783559793,EXP_LGBModel_Alpha158_csi300_custom_step0_s_20260803_14,d4533a7ad98242afbd6b0c4edbf42254,0.059,,,
4208,2026-08-03,SZ000333,0.03953159300415722,EXP_LGBModel_Alpha158_csi300_custom_step0_s_20260803_14,d4533a7ad98242afbd6b0c4edbf42254,0.059,,,
4209,2026-08-03,SZ000166,0.01594232102588726,EXP_LGBModel_Alpha158_csi300_custom_step0_s_20260803_14,d4533a7ad98242afbd6b0c4edbf42254,0.059,,,
4210,2026-08-03,SZ000157,0.01840973270726886,EXP_LGBModel_Alpha158_csi300_custom_step0_s_20260803_14,d4533a7ad98242afbd6b0c4edbf42254,0.059,,,
4211,2026-08-03,SZ000100,-0.006070450805560373,EXP_LGBModel_Alpha158_csi300_custom_step0_s_20260803_14,d4533a7ad98242afbd6b0c4edbf42254,0.059,,,
4212,2026-08-03,SZ000063,-0.03857067114065254,EXP_LGBModel_Alpha158_csi300_custom_step0_s_20260803_14,d4533a7ad98242afbd6b0c4edbf42254,0.059,,,
4213,2026-08-03,SZ000002,-0.13457318962724313,EXP_LGBModel_Alpha158_csi300_custom_step0_s_20260803_14,d4533a7ad98242afbd6b0c4edbf42254,0.059,,,
4214,2026-08-03,SZ000001,0.03615438767980788,EXP_LGBModel_Alpha158_csi300_custom_step0_s_20260803_14,d4533a7ad98242afbd6b0c4edbf42254,0.059,,,
4215,2026-08-03,SZ000301,-0.08928215937259913,EXP_LGBModel_Alpha158_csi300_custom_step0_s_20260803_14,d4533a7ad98242afbd6b0c4edbf42254,0.059,,,
4216,2026-08-03,SZ000625,-0.0021801558488009987,EXP_LGBModel_Alpha158_csi300_custom_step0_s_20260803_14,d4533a7ad98242afbd6b0c4edbf42254,0.059,,,
4217,2026-08-03,SZ000630,-0.04803846747006382,EXP_LGBModel_Alpha158_csi300_custom_step0_s_20260803_14,d4533a7ad98242afbd6b0c4edbf42254,0.059,,,
4218,2026-08-03,SZ000651,0.062548404411162,EXP_LGBModel_Alpha158_csi300_custom_step0_s_20260803_14,d4533a7ad98242afbd6b0c4edbf42254,0.059,,,
4219,2026-08-03,SZ000999,0.03467207680488695,EXP_LGBModel_Alpha158_csi300_custom_step0_s_20260803_14,d4533a7ad98242afbd6b0c4edbf42254,0.059,,,
4220,2026-08-03,SZ000988,0.06671630737178345,EXP_LGBModel_Alpha158_csi300_custom_step0_s_20260803_14,d4533a7ad98242afbd6b0c4edbf42254,0.059,,,
4221,2026-08-03,SZ000977,0.03419805891349691,EXP_LGBModel_Alpha158_csi300_custom_step0_s_20260803_14,d4533a7ad98242afbd6b0c4edbf42254,0.059,,,
4222,2026-08-03,SZ000975,-0.02429958884168044,EXP_LGBModel_Alpha158_csi300_custom_step0_s_20260803_14,d4533a7ad98242afbd6b0c4edbf42254,0.059,,,
4223,2026-08-03,SZ000963,-0.027089962321062956,EXP_LGBModel_Alpha158_csi300_custom_step0_s_20260803_14,d4533a7ad98242afbd6b0c4edbf42254,0.059,,,
4224,2026-08-03,SZ000938,0.07937774248555,EXP_LGBModel_Alpha158_csi300_custom_step0_s_20260803_14,d4533a7ad98242afbd6b0c4edbf42254,0.059,,,
4225,2026-08-03,SZ000895,0.014984214625081343,EXP_LGBModel_Alpha158_csi300_custom_step0_s_20260803_14,d4533a7ad98242afbd6b0c4edbf42254,0.059,,,
4226,2026-08-03,SZ000858,-0.02174654936388206,EXP_LGBModel_Alpha158_csi300_custom_step0_s_20260803_14,d4533a7ad98242afbd6b0c4edbf42254,0.059,,,
4227,2026-08-03,SZ000807,-0.04277489943601712,EXP_LGBModel_Alpha158_csi300_custom_step0_s_20260803_14,d4533a7ad98242afbd6b0c4edbf42254,0.059,,,
4228,2026-08-03,SZ000792,-0.021955830544130202,EXP_LGBModel_Alpha158_csi300_custom_step0_s_20260803_14,d4533a7ad98242afbd6b0c4edbf42254,0.059,,,
4229,2026-08-03,SZ000776,0.009445099222382184,EXP_LGBModel_Alpha158_csi300_custom_step0_s_20260803_14,d4533a7ad98242afbd6b0c4edbf42254,0.059,,,
4230,2026-08-03,SZ000768,-0.0012172813247008948,EXP_LGBModel_Alpha158_csi300_custom_step0_s_20260803_14,d4533a7ad98242afbd6b0c4edbf42254,0.059,,,
4231,2026-08-03,SZ000725,0.034307625110844654,EXP_LGBModel_Alpha158_csi300_custom_step0_s_20260803_14,d4533a7ad98242afbd6b0c4edbf42254,0.059,,,
4232,2026-08-03,SZ000708,0.05676443810686565,EXP_LGBModel_Alpha158_csi300_custom_step0_s_20260803_14,d4533a7ad98242afbd6b0c4edbf42254,0.059,,,
4233,2026-08-03,SZ000657,0.05498892019437006,EXP_LGBModel_Alpha158_csi300_custom_step0_s_20260803_14,d4533a7ad98242afbd6b0c4edbf42254,0.059,,,
4234,2026-08-03,SH688981,0.040932725389113016,EXP_LGBModel_Alpha158_csi300_custom_step0_s_20260803_14,d4533a7ad98242afbd6b0c4edbf42254,0.059,,,
4235,2026-08-03,SH688521,0.06190284467714236,EXP_LGBModel_Alpha158_csi300_custom_step0_s_20260803_14,d4533a7ad98242afbd6b0c4edbf42254,0.059,,,
4236,2026-08-03,SH688506,0.044805747919140604,EXP_LGBModel_Alpha158_csi300_custom_step0_s_20260803_14,d4533a7ad98242afbd6b0c4edbf42254,0.059,,,
4237,2026-08-03,SH688472,-0.052086392740620366,EXP_LGBModel_Alpha158_csi300_custom_step0_s_20260803_14,d4533a7ad98242afbd6b0c4edbf42254,0.059,,,
4238,2026-08-03,SH603986,0.037838106141817804,EXP_LGBModel_Alpha158_csi300_custom_step0_s_20260803_14,d4533a7ad98242afbd6b0c4edbf42254,0.059,,,
4239,2026-08-03,SH603893,0.005090123496942965,EXP_LGBModel_Alpha158_csi300_custom_step0_s_20260803_14,d4533a7ad98242afbd6b0c4edbf42254,0.059,,,
4240,2026-08-03,SH603799,0.005106661379162765,EXP_LGBModel_Alpha158_csi300_custom_step0_s_20260803_14,d4533a7ad98242afbd6b0c4edbf42254,0.059,,,
4241,2026-08-03,SH603501,-0.016858178476514177,EXP_LGBModel_Alpha158_csi300_custom_step0_s_20260803_14,d4533a7ad98242afbd6b0c4edbf42254,0.059,,,
4242,2026-08-03,SH603392,0.0015432262422589362,EXP_LGBModel_Alpha158_csi300_custom_step0_s_20260803_14,d4533a7ad98242afbd6b0c4edbf42254,0.059,,,
4243,2026-08-03,SH603369,0.016033755147648765,EXP_LGBModel_Alpha158_csi300_custom_step0_s_20260803_14,d4533a7ad98242afbd6b0c4edbf42254,0.059,,,
4244,2026-08-03,SH603296,0.02109517486137328,EXP_LGBModel_Alpha158_csi300_custom_step0_s_20260803_14,d4533a7ad98242afbd6b0c4edbf42254,0.059,,,
4245,2026-08-03,SH603288,0.08459440448944995,EXP_LGBModel_Alpha158_csi300_custom_step0_s_20260803_14,d4533a7ad98242afbd6b0c4edbf42254,0.059,,,
4246,2026-08-03,SH603260,-0.009493175580181933,EXP_LGBModel_Alpha158_csi300_custom_step0_s_20260803_14,d4533a7ad98242afbd6b0c4edbf42254,0.059,,,
4247,2026-08-03,SH603259,-0.05138275313749025,EXP_LGBModel_Alpha158_csi300_custom_step0_s_20260803_14,d4533a7ad98242afbd6b0c4edbf42254,0.059,,,
4248,2026-08-03,SH603019,-0.019185704287568134,EXP_LGBModel_Alpha158_csi300_custom_step0_s_20260803_14,d4533a7ad98242afbd6b0c4edbf42254,0.059,,,
4249,2026-08-03,SH601998,-0.03347121013161504,EXP_LGBModel_Alpha158_csi300_custom_step0_s_20260803_14,d4533a7ad98242afbd6b0c4edbf42254,0.059,,,
4250,2026-08-03,SH601995,-0.02544843705514263,EXP_LGBModel_Alpha158_csi300_custom_step0_s_20260803_14,d4533a7ad98242afbd6b0c4edbf42254,0.059,,,
4251,2026-08-03,SH601988,0.05355825352888874,EXP_LGBModel_Alpha158_csi300_custom_step0_s_20260803_14,d4533a7ad98242afbd6b0c4edbf42254,0.059,,,
4252,2026-08-03,SH601985,0.046031320763592044,EXP_LGBModel_Alpha158_csi300_custom_step0_s_20260803_14,d4533a7ad98242afbd6b0c4edbf42254,0.059,,,
4253,2026-08-03,SH603993,-0.07346594297596223,EXP_LGBModel_Alpha158_csi300_custom_step0_s_20260803_14,d4533a7ad98242afbd6b0c4edbf42254,0.059,,,
4254,2026-08-03,SZ001280,0.017925015394024454,EXP_LGBModel_Alpha158_csi300_custom_step0_s_20260803_14,d4533a7ad98242afbd6b0c4edbf42254,0.059,,,
4255,2026-08-03,SH605117,0.052840882480921635,EXP_LGBModel_Alpha158_csi300_custom_step0_s_20260803_14,d4533a7ad98242afbd6b0c4edbf42254,0.059,,,
4256,2026-08-03,SH688008,0.07400081194582338,EXP_LGBModel_Alpha158_csi300_custom_step0_s_20260803_14,d4533a7ad98242afbd6b0c4edbf42254,0.059,,,
4257,2026-08-03,SH688396,0.08049708239830135,EXP_LGBModel_Alpha158_csi300_custom_step0_s_20260803_14,d4533a7ad98242afbd6b0c4edbf42254,0.059,,,
4258,2026-08-03,SH688303,-0.0933371429355804,EXP_LGBModel_Alpha158_csi300_custom_step0_s_20260803_14,d4533a7ad98242afbd6b0c4edbf42254,0.059,,,
4259,2026-08-03,SH688271,-0.0449464860565937,EXP_LGBModel_Alpha158_csi300_custom_step0_s_20260803_14,d4533a7ad98242afbd6b0c4edbf42254,0.059,,,
4260,2026-08-03,SH688256,0.045697968344783596,EXP_LGBModel_Alpha158_csi300_custom_step0_s_20260803_14,d4533a7ad98242afbd6b0c4edbf42254,0.059,,,
4261,2026-08-03,SH688223,-0.009398239221743331,EXP_LGBModel_Alpha158_csi300_custom_step0_s_20260803_14,d4533a7ad98242afbd6b0c4edbf42254,0.059,,,
4262,2026-08-03,SH688183,-0.02492386205687744,EXP_LGBModel_Alpha158_csi300_custom_step0_s_20260803_14,d4533a7ad98242afbd6b0c4edbf42254,0.059,,,
4263,2026-08-03,SH688126,-0.012997795891097808,EXP_LGBModel_Alpha158_csi300_custom_step0_s_20260803_14,d4533a7ad98242afbd6b0c4edbf42254,0.059,,,
4264,2026-08-03,SH688111,0.04892887520757219,EXP_LGBModel_Alpha158_csi300_custom_step0_s_20260803_14,d4533a7ad98242afbd6b0c4edbf42254,0.059,,,
4265,2026-08-03,SH688082,0.07827821633683031,EXP_LGBModel_Alpha158_csi300_custom_step0_s_20260803_14,d4533a7ad98242afbd6b0c4edbf42254,0.059,,,
4266,2026-08-03,SH688072,0.07306933649820702,EXP_LGBModel_Alpha158_csi300_custom_step0_s_20260803_14,d4533a7ad98242afbd6b0c4edbf42254,0.059,,,
4267,2026-08-03,SH688047,0.012642737534833593,EXP_LGBModel_Alpha158_csi300_custom_step0_s_20260803_14,d4533a7ad98242afbd6b0c4edbf42254,0.059,,,
4268,2026-08-03,SH688041,0.02854454634874416,EXP_LGBModel_Alpha158_csi300_custom_step0_s_20260803_14,d4533a7ad98242afbd6b0c4edbf42254,0.059,,,
4269,2026-08-03,SH688036,0.06858165948457612,EXP_LGBModel_Alpha158_csi300_custom_step0_s_20260803_14,d4533a7ad98242afbd6b0c4edbf42254,0.059,,,
4270,2026-08-03,SH688012,0.06841567932500313,EXP_LGBModel_Alpha158_csi300_custom_step0_s_20260803_14,d4533a7ad98242afbd6b0c4edbf42254,0.059,,,
4271,2026-08-03,SH688009,0.057605656890290395,EXP_LGBModel_Alpha158_csi300_custom_step0_s_20260803_14,d4533a7ad98242afbd6b0c4edbf42254,0.059,,,
4272,2026-08-03,SH605499,0.019165255479905146,EXP_LGBModel_Alpha158_csi300_custom_step0_s_20260803_14,d4533a7ad98242afbd6b0c4edbf42254,0.059,,,
4273,2026-08-03,SH601939,0.018995645157872883,EXP_LGBModel_Alpha158_csi300_custom_step0_s_20260803_14,d4533a7ad98242afbd6b0c4edbf42254,0.059,,,
4274,2026-08-03,SZ001391,0.03353172663101431,EXP_LGBModel_Alpha158_csi300_custom_step0_s_20260803_14,d4533a7ad98242afbd6b0c4edbf42254,0.059,,,
4275,2026-08-03,SZ001979,-0.04527360949982233,EXP_LGBModel_Alpha158_csi300_custom_step0_s_20260803_14,d4533a7ad98242afbd6b0c4edbf42254,0.059,,,
4276,2026-08-03,SZ300408,-0.03616160349424752,EXP_LGBModel_Alpha158_csi300_custom_step0_s_20260803_14,d4533a7ad98242afbd6b0c4edbf42254,0.059,,,
4277,2026-08-03,SZ300394,0.04291729688213576,EXP_LGBModel_Alpha158_csi300_custom_step0_s_20260803_14,d4533a7ad98242afbd6b0c4edbf42254,0.059,,,
4278,2026-08-03,SZ300316,0.026436281998338133,EXP_LGBModel_Alpha158_csi300_custom_step0_s_20260803_14,d4533a7ad98242afbd6b0c4edbf42254,0.059,,,
4279,2026-08-03,SZ300308,0.07713412359414679,EXP_LGBModel_Alpha158_csi300_custom_step0_s_20260803_14,d4533a7ad98242afbd6b0c4edbf42254,0.059,,,
4280,2026-08-03,SZ300274,0.07784787672943067,EXP_LGBModel_Alpha158_csi300_custom_step0_s_20260803_14,d4533a7ad98242afbd6b0c4edbf42254,0.059,,,
4281,2026-08-03,SZ300251,-0.06962933735074177,EXP_LGBModel_Alpha158_csi300_custom_step0_s_20260803_14,d4533a7ad98242afbd6b0c4edbf42254,0.059,,,
4282,2026-08-03,SZ300413,-0.010327008651808394,EXP_LGBModel_Alpha158_csi300_custom_step0_s_20260803_14,d4533a7ad98242afbd6b0c4edbf42254,0.059,,,
4283,2026-08-03,SZ300124,0.017496141718549473,EXP_LGBModel_Alpha158_csi300_custom_step0_s_20260803_14,d4533a7ad98242afbd6b0c4edbf42254,0.059,,,
4284,2026-08-03,SZ300059,-0.05626779301132272,EXP_LGBModel_Alpha158_csi300_custom_step0_s_20260803_14,d4533a7ad98242afbd6b0c4edbf42254,0.059,,,
4285,2026-08-03,SZ300033,-0.058204030584257174,EXP_LGBModel_Alpha158_csi300_custom_step0_s_20260803_14,d4533a7ad98242afbd6b0c4edbf42254,0.059,,,
4286,2026-08-03,SZ300015,-0.04036444337419151,EXP_LGBModel_Alpha158_csi300_custom_step0_s_20260803_14,d4533a7ad98242afbd6b0c4edbf42254,0.059,,,
4287,2026-08-03,SZ300014,-0.009735529606335176,EXP_LGBModel_Alpha158_csi300_custom_step0_s_20260803_14,d4533a7ad98242afbd6b0c4edbf42254,0.059,,,
4288,2026-08-03,SZ003816,0.015386481647490674,EXP_LGBModel_Alpha158_csi300_custom_step0_s_20260803_14,d4533a7ad98242afbd6b0c4edbf42254,0.059,,,
4289,2026-08-03,SZ002938,0.08755782531335557,EXP_LGBModel_Alpha158_csi300_custom_step0_s_20260803_14,d4533a7ad98242afbd6b0c4edbf42254,0.059,,,
4290,2026-08-03,SZ300122,-0.09505342305760361,EXP_LGBModel_Alpha158_csi300_custom_step0_s_20260803_14,d4533a7ad98242afbd6b0c4edbf42254,0.059,,,
4291,2026-08-03,SZ300418,0.06422787507494444,EXP_LGBModel_Alpha158_csi300_custom_step0_s_20260803_14,d4533a7ad98242afbd6b0c4edbf42254,0.059,,,
4292,2026-08-03,SZ300433,0.035290011254218205,EXP_LGBModel_Alpha158_csi300_custom_step0_s_20260803_14,d4533a7ad98242afbd6b0c4edbf42254,0.059,,,
4293,2026-08-03,SZ300442,0.08046653482711416,EXP_LGBModel_Alpha158_csi300_custom_step0_s_20260803_14,d4533a7ad98242afbd6b0c4edbf42254,0.059,,,
4294,2026-08-03,SZ301236,0.035439176326184645,EXP_LGBModel_Alpha158_csi300_custom_step0_s_20260803_14,d4533a7ad98242afbd6b0c4edbf42254,0.059,,,
4295,2026-08-03,SZ301165,0.014902744377342035,EXP_LGBModel_Alpha158_csi300_custom_step0_s_20260803_14,d4533a7ad98242afbd6b0c4edbf42254,0.059,,,
4296,2026-08-03,SZ300999,0.02040050577804255,EXP_LGBModel_Alpha158_csi300_custom_step0_s_20260803_14,d4533a7ad98242afbd6b0c4edbf42254,0.059,,,
4297,2026-08-03,SZ300896,-0.005451845988289511,EXP_LGBModel_Alpha158_csi300_custom_step0_s_20260803_14,d4533a7ad98242afbd6b0c4edbf42254,0.059,,,
4298,2026-08-03,SZ300866,0.015617432728564789,EXP_LGBModel_Alpha158_csi300_custom_step0_s_20260803_14,d4533a7ad98242afbd6b0c4edbf42254,0.059,,,
4299,2026-08-03,SZ300832,0.024799332240447586,EXP_LGBModel_Alpha158_csi300_custom_step0_s_20260803_14,d4533a7ad98242afbd6b0c4edbf42254,0.059,,,
4300,2026-08-03,SZ300803,-0.034534918176469115,EXP_LGBModel_Alpha158_csi300_custom_step0_s_20260803_14,d4533a7ad98242afbd6b0c4edbf42254,0.059,,,
4301,2026-08-03,SZ300760,0.007090690279279049,EXP_LGBModel_Alpha158_csi300_custom_step0_s_20260803_14,d4533a7ad98242afbd6b0c4edbf42254,0.059,,,
4302,2026-08-03,SZ300750,0.013719634222094493,EXP_LGBModel_Alpha158_csi300_custom_step0_s_20260803_14,d4533a7ad98242afbd6b0c4edbf42254,0.059,,,
4303,2026-08-03,SZ300661,0.012177025033542357,EXP_LGBModel_Alpha158_csi300_custom_step0_s_20260803_14,d4533a7ad98242afbd6b0c4edbf42254,0.059,,,
4304,2026-08-03,SZ300628,0.040612254299866854,EXP_LGBModel_Alpha158_csi300_custom_step0_s_20260803_14,d4533a7ad98242afbd6b0c4edbf42254,0.059,,,
4305,2026-08-03,SZ300502,0.05099692918230291,EXP_LGBModel_Alpha158_csi300_custom_step0_s_20260803_14,d4533a7ad98242afbd6b0c4edbf42254,0.059,,,
4306,2026-08-03,SZ300498,-0.01065964094419871,EXP_LGBModel_Alpha158_csi300_custom_step0_s_20260803_14,d4533a7ad98242afbd6b0c4edbf42254,0.059,,,
4307,2026-08-03,SZ300476,0.09528133559536835,EXP_LGBModel_Alpha158_csi300_custom_step0_s_20260803_14,d4533a7ad98242afbd6b0c4edbf42254,0.059,,,
4308,2026-08-03,SZ300450,0.014231010649061555,EXP_LGBModel_Alpha158_csi300_custom_step0_s_20260803_14,d4533a7ad98242afbd6b0c4edbf42254,0.059,,,
4309,2026-08-03,SZ002920,-0.022663381051613547,EXP_LGBModel_Alpha158_csi300_custom_step0_s_20260803_14,d4533a7ad98242afbd6b0c4edbf42254,0.059,,,
4310,2026-08-03,SZ002916,0.0622383046942103,EXP_LGBModel_Alpha158_csi300_custom_step0_s_20260803_14,d4533a7ad98242afbd6b0c4edbf42254,0.059,,,
4311,2026-08-03,SZ002837,0.06769203424121988,EXP_LGBModel_Alpha158_csi300_custom_step0_s_20260803_14,d4533a7ad98242afbd6b0c4edbf42254,0.059,,,
4312,2026-08-03,SZ002736,0.0332004935379104,EXP_LGBModel_Alpha158_csi300_custom_step0_s_20260803_14,d4533a7ad98242afbd6b0c4edbf42254,0.059,,,
4313,2026-08-03,SZ002352,-0.0014621031765646414,EXP_LGBModel_Alpha158_csi300_custom_step0_s_20260803_14,d4533a7ad98242afbd6b0c4edbf42254,0.059,,,
4314,2026-08-03,SZ002311,0.0491538624840721,EXP_LGBModel_Alpha158_csi300_custom_step0_s_20260803_14,d4533a7ad98242afbd6b0c4edbf42254,0.059,,,
4315,2026-08-03,SZ002304,0.031269395846251394,EXP_LGBModel_Alpha158_csi300_custom_step0_s_20260803_14,d4533a7ad98242afbd6b0c4edbf42254,0.059,,,
4316,2026-08-03,SZ002241,-0.04530568558754324,EXP_LGBModel_Alpha158_csi300_custom_step0_s_20260803_14,d4533a7ad98242afbd6b0c4edbf42254,0.059,,,
4317,2026-08-03,SZ002236,0.03876022867524416,EXP_LGBModel_Alpha158_csi300_custom_step0_s_20260803_14,d4533a7ad98242afbd6b0c4edbf42254,0.059,,,
4318,2026-08-03,SZ002230,0.061613731731277134,EXP_LGBModel_Alpha158_csi300_custom_step0_s_20260803_14,d4533a7ad98242afbd6b0c4edbf42254,0.059,,,
4319,2026-08-03,SZ002202,-0.01212146869734444,EXP_LGBModel_Alpha158_csi300_custom_step0_s_20260803_14,d4533a7ad98242afbd6b0c4edbf42254,0.059,,,
4320,2026-08-03,SZ002179,0.013313066441943942,EXP_LGBModel_Alpha158_csi300_custom_step0_s_20260803_14,d4533a7ad98242afbd6b0c4edbf42254,0.059,,,
4321,2026-08-03,SZ002142,0.058382085396503754,EXP_LGBModel_Alpha158_csi300_custom_step0_s_20260803_14,d4533a7ad98242afbd6b0c4edbf42254,0.059,,,
4322,2026-08-03,SZ002074,-0.02565484634111432,EXP_LGBModel_Alpha158_csi300_custom_step0_s_20260803_14,d4533a7ad98242afbd6b0c4edbf42254,0.059,,,
4323,2026-08-03,SZ002050,0.009782701096736292,EXP_LGBModel_Alpha158_csi300_custom_step0_s_20260803_14,d4533a7ad98242afbd6b0c4edbf42254,0.059,,,
4324,2026-08-03,SZ002049,0.009532717881244917,EXP_LGBModel_Alpha158_csi300_custom_step0_s_20260803_14,d4533a7ad98242afbd6b0c4edbf42254,0.059,,,
4325,2026-08-03,SZ002028,-0.00567107915937713,EXP_LGBModel_Alpha158_csi300_custom_step0_s_20260803_14,d4533a7ad98242afbd6b0c4edbf42254,0.059,,,
4326,2026-08-03,SZ002027,0.05953383918314206,EXP_LGBModel_Alpha158_csi300_custom_step0_s_20260803_14,d4533a7ad98242afbd6b0c4edbf42254,0.059,,,
4327,2026-08-03,SZ002001,-0.0430645960342321,EXP_LGBModel_Alpha158_csi300_custom_step0_s_20260803_14,d4533a7ad98242afbd6b0c4edbf42254,0.059,,,
4328,2026-08-03,SZ002353,0.06710742525326037,EXP_LGBModel_Alpha158_csi300_custom_step0_s_20260803_14,d4533a7ad98242afbd6b0c4edbf42254,0.059,,,
4329,2026-08-03,SZ001965,0.030856093150850708,EXP_LGBModel_Alpha158_csi300_custom_step0_s_20260803_14,d4533a7ad98242afbd6b0c4edbf42254,0.059,,,
4330,2026-08-03,SZ002371,0.083514070007586,EXP_LGBModel_Alpha158_csi300_custom_step0_s_20260803_14,d4533a7ad98242afbd6b0c4edbf42254,0.059,,,
4331,2026-08-03,SZ002415,0.06652682474490486,EXP_LGBModel_Alpha158_csi300_custom_step0_s_20260803_14,d4533a7ad98242afbd6b0c4edbf42254,0.059,,,
4332,2026-08-03,SZ002714,-0.030822832355022443,EXP_LGBModel_Alpha158_csi300_custom_step0_s_20260803_14,d4533a7ad98242afbd6b0c4edbf42254,0.059,,,
4333,2026-08-03,SZ002709,0.037215420928321606,EXP_LGBModel_Alpha158_csi300_custom_step0_s_20260803_14,d4533a7ad98242afbd6b0c4edbf42254,0.059,,,
4334,2026-08-03,SZ002648,-0.015052452275738799,EXP_LGBModel_Alpha158_csi300_custom_step0_s_20260803_14,d4533a7ad98242afbd6b0c4edbf42254,0.059,,,
4335,2026-08-03,SZ002625,-0.053624312417543105,EXP_LGBModel_Alpha158_csi300_custom_step0_s_20260803_14,d4533a7ad98242afbd6b0c4edbf42254,0.059,,,
4336,2026-08-03,SZ002602,-0.021634716921738135,EXP_LGBModel_Alpha158_csi300_custom_step0_s_20260803_14,d4533a7ad98242afbd6b0c4edbf42254,0.059,,,
4337,2026-08-03,SZ002600,0.019047656865176402,EXP_LGBModel_Alpha158_csi300_custom_step0_s_20260803_14,d4533a7ad98242afbd6b0c4edbf42254,0.059,,,
4338,2026-08-03,SZ002594,0.03544550719368074,EXP_LGBModel_Alpha158_csi300_custom_step0_s_20260803_14,d4533a7ad98242afbd6b0c4edbf42254,0.059,,,
4339,2026-08-03,SZ002558,0.0715493293137816,EXP_LGBModel_Alpha158_csi300_custom_step0_s_20260803_14,d4533a7ad98242afbd6b0c4edbf42254,0.059,,,
4340,2026-08-03,SZ002532,0.01821144722463604,EXP_LGBModel_Alpha158_csi300_custom_step0_s_20260803_14,d4533a7ad98242afbd6b0c4edbf42254,0.059,,,
4341,2026-08-03,SZ002493,-0.06682693268914307,EXP_LGBModel_Alpha158_csi300_custom_step0_s_20260803_14,d4533a7ad98242afbd6b0c4edbf42254,0.059,,,
4342,2026-08-03,SZ002475,0.0271597730378273,EXP_LGBModel_Alpha158_csi300_custom_step0_s_20260803_14,d4533a7ad98242afbd6b0c4edbf42254,0.059,,,
4343,2026-08-03,SZ002466,0.02393502364355599,EXP_LGBModel_Alpha158_csi300_custom_step0_s_20260803_14,d4533a7ad98242afbd6b0c4edbf42254,0.059,,,
4344,2026-08-03,SZ002463,0.04008902073612476,EXP_LGBModel_Alpha158_csi300_custom_step0_s_20260803_14,d4533a7ad98242afbd6b0c4edbf42254,0.059,,,
4345,2026-08-03,SZ002460,0.02533688506567504,EXP_LGBModel_Alpha158_csi300_custom_step0_s_20260803_14,d4533a7ad98242afbd6b0c4edbf42254,0.059,,,
4346,2026-08-03,SZ002422,0.0917822857705856,EXP_LGBModel_Alpha158_csi300_custom_step0_s_20260803_14,d4533a7ad98242afbd6b0c4edbf42254,0.059,,,
4347,2026-08-03,SZ002384,0.04687918754282312,EXP_LGBModel_Alpha158_csi300_custom_step0_s_20260803_14,d4533a7ad98242afbd6b0c4edbf42254,0.059,,,
4348,2026-08-03,SZ301269,-0.04075727771296395,EXP_LGBModel_Alpha158_csi300_custom_step0_s_20260803_14,d4533a7ad98242afbd6b0c4edbf42254,0.059,,,
4349,2026-08-03,SH601919,-0.016213397516883242,EXP_LGBModel_Alpha158_csi300_custom_step0_s_20260803_14,d4533a7ad98242afbd6b0c4edbf42254,0.059,,,
4350,2026-08-03,SH601901,0.029101907165137466,EXP_LGBModel_Alpha158_csi300_custom_step0_s_20260803_14,d4533a7ad98242afbd6b0c4edbf42254,0.059,,,
4351,2026-08-03,SH600522,0.02117539514356988,EXP_LGBModel_Alpha158_csi300_custom_step0_s_20260803_14,d4533a7ad98242afbd6b0c4edbf42254,0.059,,,
4352,2026-08-03,SH600519,-0.0005153425747095924,EXP_LGBModel_Alpha158_csi300_custom_step0_s_20260803_14,d4533a7ad98242afbd6b0c4edbf42254,0.059,,,
4353,2026-08-03,SH600515,0.000405746628851995,EXP_LGBModel_Alpha158_csi300_custom_step0_s_20260803_14,d4533a7ad98242afbd6b0c4edbf42254,0.059,,,
4354,2026-08-03,SH600489,-0.052011777973465595,EXP_LGBModel_Alpha158_csi300_custom_step0_s_20260803_14,d4533a7ad98242afbd6b0c4edbf42254,0.059,,,
4355,2026-08-03,SH600482,-0.006449860660845635,EXP_LGBModel_Alpha158_csi300_custom_step0_s_20260803_14,d4533a7ad98242afbd6b0c4edbf42254,0.059,,,
4356,2026-08-03,SH600460,0.07667683134433337,EXP_LGBModel_Alpha158_csi300_custom_step0_s_20260803_14,d4533a7ad98242afbd6b0c4edbf42254,0.059,,,
4357,2026-08-03,SH600547,-0.062416304528734305,EXP_LGBModel_Alpha158_csi300_custom_step0_s_20260803_14,d4533a7ad98242afbd6b0c4edbf42254,0.059,,,
4358,2026-08-03,SH600438,0.29038221419817944,EXP_LGBModel_Alpha158_csi300_custom_step0_s_20260803_14,d4533a7ad98242afbd6b0c4edbf42254,0.059,,,
4359,2026-08-03,SH600426,0.01845875937173915,EXP_LGBModel_Alpha158_csi300_custom_step0_s_20260803_14,d4533a7ad98242afbd6b0c4edbf42254,0.059,,,
4360,2026-08-03,SH600415,-0.034203909481909635,EXP_LGBModel_Alpha158_csi300_custom_step0_s_20260803_14,d4533a7ad98242afbd6b0c4edbf42254,0.059,,,
4361,2026-08-03,SH600406,-0.005897390049156872,EXP_LGBModel_Alpha158_csi300_custom_step0_s_20260803_14,d4533a7ad98242afbd6b0c4edbf42254,0.059,,,
4362,2026-08-03,SH600372,0.044950347438339915,EXP_LGBModel_Alpha158_csi300_custom_step0_s_20260803_14,d4533a7ad98242afbd6b0c4edbf42254,0.059,,,
4363,2026-08-03,SH600362,-0.07842084037773232,EXP_LGBModel_Alpha158_csi300_custom_step0_s_20260803_14,d4533a7ad98242afbd6b0c4edbf42254,0.059,,,
4364,2026-08-03,SH600346,-0.05961090476936702,EXP_LGBModel_Alpha158_csi300_custom_step0_s_20260803_14,d4533a7ad98242afbd6b0c4edbf42254,0.059,,,
4365,2026-08-03,SH600436,-0.05328020818755974,EXP_LGBModel_Alpha158_csi300_custom_step0_s_20260803_14,d4533a7ad98242afbd6b0c4edbf42254,0.059,,,
4366,2026-08-03,SH600549,0.0374957083364087,EXP_LGBModel_Alpha158_csi300_custom_step0_s_20260803_14,d4533a7ad98242afbd6b0c4edbf42254,0.059,,,
4367,2026-08-03,SH600570,-0.010791279093852834,EXP_LGBModel_Alpha158_csi300_custom_step0_s_20260803_14,d4533a7ad98242afbd6b0c4edbf42254,0.059,,,
4368,2026-08-03,SH600584,0.1009987491039747,EXP_LGBModel_Alpha158_csi300_custom_step0_s_20260803_14,d4533a7ad98242afbd6b0c4edbf42254,0.059,,,
4369,2026-08-03,SH600887,0.04936221057305615,EXP_LGBModel_Alpha158_csi300_custom_step0_s_20260803_14,d4533a7ad98242afbd6b0c4edbf42254,0.059,,,
4370,2026-08-03,SH600886,0.010809657458674612,EXP_LGBModel_Alpha158_csi300_custom_step0_s_20260803_14,d4533a7ad98242afbd6b0c4edbf42254,0.059,,,
4371,2026-08-03,SH600875,-0.01680340312293767,EXP_LGBModel_Alpha158_csi300_custom_step0_s_20260803_14,d4533a7ad98242afbd6b0c4edbf42254,0.059,,,
4372,2026-08-03,SH600845,0.02079852076179445,EXP_LGBModel_Alpha158_csi300_custom_step0_s_20260803_14,d4533a7ad98242afbd6b0c4edbf42254,0.059,,,
4373,2026-08-03,SH600809,0.05589543149141495,EXP_LGBModel_Alpha158_csi300_custom_step0_s_20260803_14,d4533a7ad98242afbd6b0c4edbf42254,0.059,,,
4374,2026-08-03,SH600803,-0.05862980677222874,EXP_LGBModel_Alpha158_csi300_custom_step0_s_20260803_14,d4533a7ad98242afbd6b0c4edbf42254,0.059,,,
4375,2026-08-03,SH600795,0.023799285588204277,EXP_LGBModel_Alpha158_csi300_custom_step0_s_20260803_14,d4533a7ad98242afbd6b0c4edbf42254,0.059,,,
4376,2026-08-03,SH600760,-0.002363210281704892,EXP_LGBModel_Alpha158_csi300_custom_step0_s_20260803_14,d4533a7ad98242afbd6b0c4edbf42254,0.059,,,
4377,2026-08-03,SH600741,0.027228695768833182,EXP_LGBModel_Alpha158_csi300_custom_step0_s_20260803_14,d4533a7ad98242afbd6b0c4edbf42254,0.059,,,
4378,2026-08-03,SH600690,0.05179813142444442,EXP_LGBModel_Alpha158_csi300_custom_step0_s_20260803_14,d4533a7ad98242afbd6b0c4edbf42254,0.059,,,
4379,2026-08-03,SH600674,0.032973134473710156,EXP_LGBModel_Alpha158_csi300_custom_step0_s_20260803_14,d4533a7ad98242afbd6b0c4edbf42254,0.059,,,
4380,2026-08-03,SH600660,0.0686661228364608,EXP_LGBModel_Alpha158_csi300_custom_step0_s_20260803_14,d4533a7ad98242afbd6b0c4edbf42254,0.059,,,
4381,2026-08-03,SH600600,0.04237086817467256,EXP_LGBModel_Alpha158_csi300_custom_step0_s_20260803_14,d4533a7ad98242afbd6b0c4edbf42254,0.059,,,
4382,2026-08-03,SH600588,-0.05101887591280809,EXP_LGBModel_Alpha158_csi300_custom_step0_s_20260803_14,d4533a7ad98242afbd6b0c4edbf42254,0.059,,,
4383,2026-08-03,SH600585,0.020962297382757882,EXP_LGBModel_Alpha158_csi300_custom_step0_s_20260803_14,d4533a7ad98242afbd6b0c4edbf42254,0.059,,,
4384,2026-08-03,SH600309,-0.010726300060807515,EXP_LGBModel_Alpha158_csi300_custom_step0_s_20260803_14,d4533a7ad98242afbd6b0c4edbf42254,0.059,,,
4385,2026-08-03,SH600276,-0.027922839202545457,EXP_LGBModel_Alpha158_csi300_custom_step0_s_20260803_14,d4533a7ad98242afbd6b0c4edbf42254,0.059,,,
4386,2026-08-03,SH600233,-0.11374210588513717,EXP_LGBModel_Alpha158_csi300_custom_step0_s_20260803_14,d4533a7ad98242afbd6b0c4edbf42254,0.059,,,
4387,2026-08-03,SH600221,0.006958290998631098,EXP_LGBModel_Alpha158_csi300_custom_step0_s_20260803_14,d4533a7ad98242afbd6b0c4edbf42254,0.059,,,
4388,2026-08-03,SH600031,-0.04887412557506879,EXP_LGBModel_Alpha158_csi300_custom_step0_s_20260803_14,d4533a7ad98242afbd6b0c4edbf42254,0.059,,,
4389,2026-08-03,SH600030,0.01531671763306211,EXP_LGBModel_Alpha158_csi300_custom_step0_s_20260803_14,d4533a7ad98242afbd6b0c4edbf42254,0.059,,,
4390,2026-08-03,SH600029,-0.0027658612529806656,EXP_LGBModel_Alpha158_csi300_custom_step0_s_20260803_14,d4533a7ad98242afbd6b0c4edbf42254,0.059,,,
4391,2026-08-03,SH600028,0.027480402842762788,EXP_LGBModel_Alpha158_csi300_custom_step0_s_20260803_14,d4533a7ad98242afbd6b0c4edbf42254,0.059,,,
4392,2026-08-03,SH600027,0.0031875560608609003,EXP_LGBModel_Alpha158_csi300_custom_step0_s_20260803_14,d4533a7ad98242afbd6b0c4edbf42254,0.059,,,
4393,2026-08-03,SH600026,-0.0753703591286858,EXP_LGBModel_Alpha158_csi300_custom_step0_s_20260803_14,d4533a7ad98242afbd6b0c4edbf42254,0.059,,,
4394,2026-08-03,SH600025,0.03200312953908469,EXP_LGBModel_Alpha158_csi300_custom_step0_s_20260803_14,d4533a7ad98242afbd6b0c4edbf42254,0.059,,,
4395,2026-08-03,SH600023,0.033445455622028275,EXP_LGBModel_Alpha158_csi300_custom_step0_s_20260803_14,d4533a7ad98242afbd6b0c4edbf42254,0.059,,,
4396,2026-08-03,SH600019,0.05057095205561456,EXP_LGBModel_Alpha158_csi300_custom_step0_s_20260803_14,d4533a7ad98242afbd6b0c4edbf42254,0.059,,,
4397,2026-08-03,SH600018,0.03825473288600514,EXP_LGBModel_Alpha158_csi300_custom_step0_s_20260803_14,d4533a7ad98242afbd6b0c4edbf42254,0.059,,,
4398,2026-08-03,SH600016,0.0409737580660113,EXP_LGBModel_Alpha158_csi300_custom_step0_s_20260803_14,d4533a7ad98242afbd6b0c4edbf42254,0.059,,,
4399,2026-08-03,SH600015,0.03762672776126206,EXP_LGBModel_Alpha158_csi300_custom_step0_s_20260803_14,d4533a7ad98242afbd6b0c4edbf42254,0.059,,,
4400,2026-08-03,SH600011,0.016248721723555133,EXP_LGBModel_Alpha158_csi300_custom_step0_s_20260803_14,d4533a7ad98242afbd6b0c4edbf42254,0.059,,,
4401,2026-08-03,SH600010,-0.014807146942808094,EXP_LGBModel_Alpha158_csi300_custom_step0_s_20260803_14,d4533a7ad98242afbd6b0c4edbf42254,0.059,,,
4402,2026-08-03,SH600009,-0.001739394463232763,EXP_LGBModel_Alpha158_csi300_custom_step0_s_20260803_14,d4533a7ad98242afbd6b0c4edbf42254,0.059,,,
4403,2026-08-03,SH600036,0.04184318538753981,EXP_LGBModel_Alpha158_csi300_custom_step0_s_20260803_14,d4533a7ad98242afbd6b0c4edbf42254,0.059,,,
4404,2026-08-03,SH600893,0.019613652540386373,EXP_LGBModel_Alpha158_csi300_custom_step0_s_20260803_14,d4533a7ad98242afbd6b0c4edbf42254,0.059,,,
4405,2026-08-03,SH600039,0.02639451273590633,EXP_LGBModel_Alpha158_csi300_custom_step0_s_20260803_14,d4533a7ad98242afbd6b0c4edbf42254,0.059,,,
4406,2026-08-03,SH600050,0.03506848330569316,EXP_LGBModel_Alpha158_csi300_custom_step0_s_20260803_14,d4533a7ad98242afbd6b0c4edbf42254,0.059,,,
4407,2026-08-03,SH600219,-0.013706829196712239,EXP_LGBModel_Alpha158_csi300_custom_step0_s_20260803_14,d4533a7ad98242afbd6b0c4edbf42254,0.059,,,
4408,2026-08-03,SH600196,-0.018375278181011666,EXP_LGBModel_Alpha158_csi300_custom_step0_s_20260803_14,d4533a7ad98242afbd6b0c4edbf42254,0.059,,,
4409,2026-08-03,SH600188,0.044977817103661916,EXP_LGBModel_Alpha158_csi300_custom_step0_s_20260803_14,d4533a7ad98242afbd6b0c4edbf42254,0.059,,,
4410,2026-08-03,SH600183,0.08543505732253599,EXP_LGBModel_Alpha158_csi300_custom_step0_s_20260803_14,d4533a7ad98242afbd6b0c4edbf42254,0.059,,,
4411,2026-08-03,SH600176,0.023902472184400832,EXP_LGBModel_Alpha158_csi300_custom_step0_s_20260803_14,d4533a7ad98242afbd6b0c4edbf42254,0.059,,,
4412,2026-08-03,SH600160,-0.02220149402428163,EXP_LGBModel_Alpha158_csi300_custom_step0_s_20260803_14,d4533a7ad98242afbd6b0c4edbf42254,0.059,,,
4413,2026-08-03,SH600150,-0.04995428279624542,EXP_LGBModel_Alpha158_csi300_custom_step0_s_20260803_14,d4533a7ad98242afbd6b0c4edbf42254,0.059,,,
4414,2026-08-03,SH600118,0.022143221061115107,EXP_LGBModel_Alpha158_csi300_custom_step0_s_20260803_14,d4533a7ad98242afbd6b0c4edbf42254,0.059,,,
4415,2026-08-03,SH600115,-0.020728795288601224,EXP_LGBModel_Alpha158_csi300_custom_step0_s_20260803_14,d4533a7ad98242afbd6b0c4edbf42254,0.059,,,
4416,2026-08-03,SH600111,0.02668366618697871,EXP_LGBModel_Alpha158_csi300_custom_step0_s_20260803_14,d4533a7ad98242afbd6b0c4edbf42254,0.059,,,
4417,2026-08-03,SH600104,0.03572037376571221,EXP_LGBModel_Alpha158_csi300_custom_step0_s_20260803_14,d4533a7ad98242afbd6b0c4edbf42254,0.059,,,
4418,2026-08-03,SH600089,-0.023885439522721888,EXP_LGBModel_Alpha158_csi300_custom_step0_s_20260803_14,d4533a7ad98242afbd6b0c4edbf42254,0.059,,,
4419,2026-08-03,SH600085,-0.013001045558177193,EXP_LGBModel_Alpha158_csi300_custom_step0_s_20260803_14,d4533a7ad98242afbd6b0c4edbf42254,0.059,,,
4420,2026-08-03,SH600066,0.000720290789673823,EXP_LGBModel_Alpha158_csi300_custom_step0_s_20260803_14,d4533a7ad98242afbd6b0c4edbf42254,0.059,,,
4421,2026-08-03,SH600061,0.02991966642266718,EXP_LGBModel_Alpha158_csi300_custom_step0_s_20260803_14,d4533a7ad98242afbd6b0c4edbf42254,0.059,,,
4422,2026-08-03,SH600048,-0.04905746470738251,EXP_LGBModel_Alpha158_csi300_custom_step0_s_20260803_14,d4533a7ad98242afbd6b0c4edbf42254,0.059,,,
4423,2026-08-03,SH601916,-0.01123902129544066,EXP_LGBModel_Alpha158_csi300_custom_step0_s_20260803_14,d4533a7ad98242afbd6b0c4edbf42254,0.059,,,
4424,2026-08-03,SH600900,0.03580910609422488,EXP_LGBModel_Alpha158_csi300_custom_step0_s_20260803_14,d4533a7ad98242afbd6b0c4edbf42254,0.059,,,
4425,2026-08-03,SH600918,0.02808264970289238,EXP_LGBModel_Alpha158_csi300_custom_step0_s_20260803_14,d4533a7ad98242afbd6b0c4edbf42254,0.059,,,
4426,2026-08-03,SH601689,-0.0006895202789312048,EXP_LGBModel_Alpha158_csi300_custom_step0_s_20260803_14,d4533a7ad98242afbd6b0c4edbf42254,0.059,,,
4427,2026-08-03,SH601688,-0.01980583150197149,EXP_LGBModel_Alpha158_csi300_custom_step0_s_20260803_14,d4533a7ad98242afbd6b0c4edbf42254,0.059,,,
4428,2026-08-03,SH601669,0.04527897403503695,EXP_LGBModel_Alpha158_csi300_custom_step0_s_20260803_14,d4533a7ad98242afbd6b0c4edbf42254,0.059,,,
4429,2026-08-03,SH601668,0.021911185865428454,EXP_LGBModel_Alpha158_csi300_custom_step0_s_20260803_14,d4533a7ad98242afbd6b0c4edbf42254,0.059,,,
4430,2026-08-03,SH601658,0.07657120731371182,EXP_LGBModel_Alpha158_csi300_custom_step0_s_20260803_14,d4533a7ad98242afbd6b0c4edbf42254,0.059,,,
4431,2026-08-03,SH601633,-0.016552812167887915,EXP_LGBModel_Alpha158_csi300_custom_step0_s_20260803_14,d4533a7ad98242afbd6b0c4edbf42254,0.059,,,
4432,2026-08-03,SH601698,-0.021732592637351562,EXP_LGBModel_Alpha158_csi300_custom_step0_s_20260803_14,d4533a7ad98242afbd6b0c4edbf42254,0.059,,,
4433,2026-08-03,SH601628,0.04463761070078086,EXP_LGBModel_Alpha158_csi300_custom_step0_s_20260803_14,d4533a7ad98242afbd6b0c4edbf42254,0.059,,,
4434,2026-08-03,SH601607,0.030418662361633465,EXP_LGBModel_Alpha158_csi300_custom_step0_s_20260803_14,d4533a7ad98242afbd6b0c4edbf42254,0.059,,,
4435,2026-08-03,SH601601,-0.05432910769605545,EXP_LGBModel_Alpha158_csi300_custom_step0_s_20260803_14,d4533a7ad98242afbd6b0c4edbf42254,0.059,,,
4436,2026-08-03,SH601600,-0.02907602631989944,EXP_LGBModel_Alpha158_csi300_custom_step0_s_20260803_14,d4533a7ad98242afbd6b0c4edbf42254,0.059,,,
4437,2026-08-03,SH601456,0.04549359665595367,EXP_LGBModel_Alpha158_csi300_custom_step0_s_20260803_14,d4533a7ad98242afbd6b0c4edbf42254,0.059,,,
4438,2026-08-03,SH601398,-0.057873004622437774,EXP_LGBModel_Alpha158_csi300_custom_step0_s_20260803_14,d4533a7ad98242afbd6b0c4edbf42254,0.059,,,
4439,2026-08-03,SH601390,0.002857742731879943,EXP_LGBModel_Alpha158_csi300_custom_step0_s_20260803_14,d4533a7ad98242afbd6b0c4edbf42254,0.059,,,
4440,2026-08-03,SH601618,0.037935000262485113,EXP_LGBModel_Alpha158_csi300_custom_step0_s_20260803_14,d4533a7ad98242afbd6b0c4edbf42254,0.059,,,
4441,2026-08-03,SH601727,0.01912475471412966,EXP_LGBModel_Alpha158_csi300_custom_step0_s_20260803_14,d4533a7ad98242afbd6b0c4edbf42254,0.059,,,
4442,2026-08-03,SH601728,-0.07738663518491133,EXP_LGBModel_Alpha158_csi300_custom_step0_s_20260803_14,d4533a7ad98242afbd6b0c4edbf42254,0.059,,,
4443,2026-08-03,SH601766,0.048632356854006166,EXP_LGBModel_Alpha158_csi300_custom_step0_s_20260803_14,d4533a7ad98242afbd6b0c4edbf42254,0.059,,,
4444,2026-08-03,SH601899,-0.0897463716703046,EXP_LGBModel_Alpha158_csi300_custom_step0_s_20260803_14,d4533a7ad98242afbd6b0c4edbf42254,0.059,,,
4445,2026-08-03,SH601898,0.02703587629874708,EXP_LGBModel_Alpha158_csi300_custom_step0_s_20260803_14,d4533a7ad98242afbd6b0c4edbf42254,0.059,,,
4446,2026-08-03,SH601888,-0.024375446012039087,EXP_LGBModel_Alpha158_csi300_custom_step0_s_20260803_14,d4533a7ad98242afbd6b0c4edbf42254,0.059,,,
4447,2026-08-03,SH601881,0.005763981214268671,EXP_LGBModel_Alpha158_csi300_custom_step0_s_20260803_14,d4533a7ad98242afbd6b0c4edbf42254,0.059,,,
4448,2026-08-03,SH601878,0.015465036759765294,EXP_LGBModel_Alpha158_csi300_custom_step0_s_20260803_14,d4533a7ad98242afbd6b0c4edbf42254,0.059,,,
4449,2026-08-03,SH601877,0.011372653515143518,EXP_LGBModel_Alpha158_csi300_custom_step0_s_20260803_14,d4533a7ad98242afbd6b0c4edbf42254,0.059,,,
4450,2026-08-03,SH601872,-0.13062365962353917,EXP_LGBModel_Alpha158_csi300_custom_step0_s_20260803_14,d4533a7ad98242afbd6b0c4edbf42254,0.059,,,
4451,2026-08-03,SH601868,0.04598244839594999,EXP_LGBModel_Alpha158_csi300_custom_step0_s_20260803_14,d4533a7ad98242afbd6b0c4edbf42254,0.059,,,
4452,2026-08-03,SH601857,0.0019265098727271764,EXP_LGBModel_Alpha158_csi300_custom_step0_s_20260803_14,d4533a7ad98242afbd6b0c4edbf42254,0.059,,,
4453,2026-08-03,SH601838,0.05336196814331773,EXP_LGBModel_Alpha158_csi300_custom_step0_s_20260803_14,d4533a7ad98242afbd6b0c4edbf42254,0.059,,,
4454,2026-08-03,SH601825,-0.07434614102793864,EXP_LGBModel_Alpha158_csi300_custom_step0_s_20260803_14,d4533a7ad98242afbd6b0c4edbf42254,0.059,,,
4455,2026-08-03,SH601818,0.03485202231578203,EXP_LGBModel_Alpha158_csi300_custom_step0_s_20260803_14,d4533a7ad98242afbd6b0c4edbf42254,0.059,,,
4456,2026-08-03,SH601816,0.005010036693789322,EXP_LGBModel_Alpha158_csi300_custom_step0_s_20260803_14,d4533a7ad98242afbd6b0c4edbf42254,0.059,,,
4457,2026-08-03,SH601800,0.01649809682359876,EXP_LGBModel_Alpha158_csi300_custom_step0_s_20260803_14,d4533a7ad98242afbd6b0c4edbf42254,0.059,,,
4458,2026-08-03,SH601788,0.04620755177047491,EXP_LGBModel_Alpha158_csi300_custom_step0_s_20260803_14,d4533a7ad98242afbd6b0c4edbf42254,0.059,,,
4459,2026-08-03,SH601377,0.046762992857485565,EXP_LGBModel_Alpha158_csi300_custom_step0_s_20260803_14,d4533a7ad98242afbd6b0c4edbf42254,0.059,,,
4460,2026-08-03,SH601360,0.01941676857071265,EXP_LGBModel_Alpha158_csi300_custom_step0_s_20260803_14,d4533a7ad98242afbd6b0c4edbf42254,0.059,,,
4461,2026-08-03,SH601336,-0.03831719003203603,EXP_LGBModel_Alpha158_csi300_custom_step0_s_20260803_14,d4533a7ad98242afbd6b0c4edbf42254,0.059,,,
4462,2026-08-03,SH601328,-0.04910710580829771,EXP_LGBModel_Alpha158_csi300_custom_step0_s_20260803_14,d4533a7ad98242afbd6b0c4edbf42254,0.059,,,
4463,2026-08-03,SH601059,0.04180530941668844,EXP_LGBModel_Alpha158_csi300_custom_step0_s_20260803_14,d4533a7ad98242afbd6b0c4edbf42254,0.059,,,
4464,2026-08-03,SH601058,0.0051323561116065905,EXP_LGBModel_Alpha158_csi300_custom_step0_s_20260803_14,d4533a7ad98242afbd6b0c4edbf42254,0.059,,,
4465,2026-08-03,SH601021,0.021587233011719945,EXP_LGBModel_Alpha158_csi300_custom_step0_s_20260803_14,d4533a7ad98242afbd6b0c4edbf42254,0.059,,,
4466,2026-08-03,SH601018,0.0543250227497792,EXP_LGBModel_Alpha158_csi300_custom_step0_s_20260803_14,d4533a7ad98242afbd6b0c4edbf42254,0.059,,,
4467,2026-08-03,SH601012,0.004774196763096359,EXP_LGBModel_Alpha158_csi300_custom_step0_s_20260803_14,d4533a7ad98242afbd6b0c4edbf42254,0.059,,,
4468,2026-08-03,SH601009,0.04949777765922602,EXP_LGBModel_Alpha158_csi300_custom_step0_s_20260803_14,d4533a7ad98242afbd6b0c4edbf42254,0.059,,,
4469,2026-08-03,SH601006,0.028680628395807144,EXP_LGBModel_Alpha158_csi300_custom_step0_s_20260803_14,d4533a7ad98242afbd6b0c4edbf42254,0.059,,,
4470,2026-08-03,SH600999,-0.007406686656723156,EXP_LGBModel_Alpha158_csi300_custom_step0_s_20260803_14,d4533a7ad98242afbd6b0c4edbf42254,0.059,,,
4471,2026-08-03,SH600989,0.04361804262942955,EXP_LGBModel_Alpha158_csi300_custom_step0_s_20260803_14,d4533a7ad98242afbd6b0c4edbf42254,0.059,,,
4472,2026-08-03,SH600958,0.030478976560803263,EXP_LGBModel_Alpha158_csi300_custom_step0_s_20260803_14,d4533a7ad98242afbd6b0c4edbf42254,0.059,,,
4473,2026-08-03,SH600941,0.015333156599312397,EXP_LGBModel_Alpha158_csi300_custom_step0_s_20260803_14,d4533a7ad98242afbd6b0c4edbf42254,0.059,,,
4474,2026-08-03,SH600938,0.05440404014014279,EXP_LGBModel_Alpha158_csi300_custom_step0_s_20260803_14,d4533a7ad98242afbd6b0c4edbf42254,0.059,,,
4475,2026-08-03,SH600930,0.015294658650319355,EXP_LGBModel_Alpha158_csi300_custom_step0_s_20260803_14,d4533a7ad98242afbd6b0c4edbf42254,0.059,,,
4476,2026-08-03,SH600926,0.03420184341395764,EXP_LGBModel_Alpha158_csi300_custom_step0_s_20260803_14,d4533a7ad98242afbd6b0c4edbf42254,0.059,,,
4477,2026-08-03,SH600919,0.06532266421453582,EXP_LGBModel_Alpha158_csi300_custom_step0_s_20260803_14,d4533a7ad98242afbd6b0c4edbf42254,0.059,,,
4478,2026-08-03,SH601066,-0.014189560022852895,EXP_LGBModel_Alpha158_csi300_custom_step0_s_20260803_14,d4533a7ad98242afbd6b0c4edbf42254,0.059,,,
4479,2026-08-03,SH600905,0.036879993332470495,EXP_LGBModel_Alpha158_csi300_custom_step0_s_20260803_14,d4533a7ad98242afbd6b0c4edbf42254,0.059,,,
4480,2026-08-03,SH601077,0.007584523036611174,EXP_LGBModel_Alpha158_csi300_custom_step0_s_20260803_14,d4533a7ad98242afbd6b0c4edbf42254,0.059,,,
4481,2026-08-03,SH601100,-0.01943326671609628,EXP_LGBModel_Alpha158_csi300_custom_step0_s_20260803_14,d4533a7ad98242afbd6b0c4edbf42254,0.059,,,
4482,2026-08-03,SH601319,0.025643271922648727,EXP_LGBModel_Alpha158_csi300_custom_step0_s_20260803_14,d4533a7ad98242afbd6b0c4edbf42254,0.059,,,
4483,2026-08-03,SH601318,0.00999075379905623,EXP_LGBModel_Alpha158_csi300_custom_step0_s_20260803_14,d4533a7ad98242afbd6b0c4edbf42254,0.059,,,
4484,2026-08-03,SH601288,-0.010880643963263716,EXP_LGBModel_Alpha158_csi300_custom_step0_s_20260803_14,d4533a7ad98242afbd6b0c4edbf42254,0.059,,,
4485,2026-08-03,SH601238,-0.07454500533812562,EXP_LGBModel_Alpha158_csi300_custom_step0_s_20260803_14,d4533a7ad98242afbd6b0c4edbf42254,0.059,,,
4486,2026-08-03,SH601229,0.04182793468594829,EXP_LGBModel_Alpha158_csi300_custom_step0_s_20260803_14,d4533a7ad98242afbd6b0c4edbf42254,0.059,,,
4487,2026-08-03,SH601225,0.056977819996703455,EXP_LGBModel_Alpha158_csi300_custom_step0_s_20260803_14,d4533a7ad98242afbd6b0c4edbf42254,0.059,,,
4488,2026-08-03,SH601211,0.022242198388353486,EXP_LGBModel_Alpha158_csi300_custom_step0_s_20260803_14,d4533a7ad98242afbd6b0c4edbf42254,0.059,,,
4489,2026-08-03,SH601186,0.03820361553452296,EXP_LGBModel_Alpha158_csi300_custom_step0_s_20260803_14,d4533a7ad98242afbd6b0c4edbf42254,0.059,,,
4490,2026-08-03,SH601169,0.04327537291807366,EXP_LGBModel_Alpha158_csi300_custom_step0_s_20260803_14,d4533a7ad98242afbd6b0c4edbf42254,0.059,,,
4491,2026-08-03,SH601166,-0.014969693929097899,EXP_LGBModel_Alpha158_csi300_custom_step0_s_20260803_14,d4533a7ad98242afbd6b0c4edbf42254,0.059,,,
4492,2026-08-03,SH601138,0.06478360068317839,EXP_LGBModel_Alpha158_csi300_custom_step0_s_20260803_14,d4533a7ad98242afbd6b0c4edbf42254,0.059,,,
4493,2026-08-03,SH601136,-0.011739326109318942,EXP_LGBModel_Alpha158_csi300_custom_step0_s_20260803_14,d4533a7ad98242afbd6b0c4edbf42254,0.059,,,
4494,2026-08-03,SH601127,-0.05615466088163327,EXP_LGBModel_Alpha158_csi300_custom_step0_s_20260803_14,d4533a7ad98242afbd6b0c4edbf42254,0.059,,,
4495,2026-08-03,SH601117,0.019897306403895917,EXP_LGBModel_Alpha158_csi300_custom_step0_s_20260803_14,d4533a7ad98242afbd6b0c4edbf42254,0.059,,,
4496,2026-08-03,SH601111,0.0035537357272855457,EXP_LGBModel_Alpha158_csi300_custom_step0_s_20260803_14,d4533a7ad98242afbd6b0c4edbf42254,0.059,,,
4497,2026-08-03,SH601088,0.05921848978072818,EXP_LGBModel_Alpha158_csi300_custom_step0_s_20260803_14,d4533a7ad98242afbd6b0c4edbf42254,0.059,,,
4498,2026-08-03,SZ301308,0.057466550627976086,EXP_LGBModel_Alpha158_csi300_custom_step0_s_20260803_14,d4533a7ad98242afbd6b0c4edbf42254,0.059,,,
4499,2026-08-03,SZ302132,0.024532114680690217,EXP_LGBModel_Alpha158_csi300_custom_step0_s_20260803_14,d4533a7ad98242afbd6b0c4edbf42254,0.059,,,
4500,2026-08-03,SH600000,0.0012808701839364266,EXP_LGBModel_Alpha158_csi300_custom_step0_s_20260803_14,5a49789f7ae14af4829b337d9d246bec,0.073,,,
4501,2026-08-03,SZ000617,0.0023293918253443195,EXP_LGBModel_Alpha158_csi300_custom_step0_s_20260803_14,5a49789f7ae14af4829b337d9d246bec,0.073,,,
4502,2026-08-03,SZ000596,0.024806220209300348,EXP_LGBModel_Alpha158_csi300_custom_step0_s_20260803_14,5a49789f7ae14af4829b337d9d246bec,0.073,,,
4503,2026-08-03,SZ000568,-0.02065582809657014,EXP_LGBModel_Alpha158_csi300_custom_step0_s_20260803_14,5a49789f7ae14af4829b337d9d246bec,0.073,,,
4504,2026-08-03,SZ000538,0.04278802389945313,EXP_LGBModel_Alpha158_csi300_custom_step0_s_20260803_14,5a49789f7ae14af4829b337d9d246bec,0.073,,,
4505,2026-08-03,SZ000425,0.007855337440887225,EXP_LGBModel_Alpha158_csi300_custom_step0_s_20260803_14,5a49789f7ae14af4829b337d9d246bec,0.073,,,
4506,2026-08-03,SZ000408,-0.024260830636613398,EXP_LGBModel_Alpha158_csi300_custom_step0_s_20260803_14,5a49789f7ae14af4829b337d9d246bec,0.073,,,
4507,2026-08-03,SZ000625,-0.0057718697442008466,EXP_LGBModel_Alpha158_csi300_custom_step0_s_20260803_14,5a49789f7ae14af4829b337d9d246bec,0.073,,,
4508,2026-08-03,SZ000338,0.03144578490374293,EXP_LGBModel_Alpha158_csi300_custom_step0_s_20260803_14,5a49789f7ae14af4829b337d9d246bec,0.073,,,
4509,2026-08-03,SZ000301,-0.04865350568909671,EXP_LGBModel_Alpha158_csi300_custom_step0_s_20260803_14,5a49789f7ae14af4829b337d9d246bec,0.073,,,
4510,2026-08-03,SZ000166,0.03560321823419355,EXP_LGBModel_Alpha158_csi300_custom_step0_s_20260803_14,5a49789f7ae14af4829b337d9d246bec,0.073,,,
4511,2026-08-03,SZ000157,0.00621990693588756,EXP_LGBModel_Alpha158_csi300_custom_step0_s_20260803_14,5a49789f7ae14af4829b337d9d246bec,0.073,,,
4512,2026-08-03,SZ000100,-0.01648884711476425,EXP_LGBModel_Alpha158_csi300_custom_step0_s_20260803_14,5a49789f7ae14af4829b337d9d246bec,0.073,,,
4513,2026-08-03,SZ000063,-0.01640342536411444,EXP_LGBModel_Alpha158_csi300_custom_step0_s_20260803_14,5a49789f7ae14af4829b337d9d246bec,0.073,,,
4514,2026-08-03,SZ000002,-0.11876477298678498,EXP_LGBModel_Alpha158_csi300_custom_step0_s_20260803_14,5a49789f7ae14af4829b337d9d246bec,0.073,,,
4515,2026-08-03,SZ000333,0.017037677123516042,EXP_LGBModel_Alpha158_csi300_custom_step0_s_20260803_14,5a49789f7ae14af4829b337d9d246bec,0.073,,,
4516,2026-08-03,SZ000630,-0.028171194656544708,EXP_LGBModel_Alpha158_csi300_custom_step0_s_20260803_14,5a49789f7ae14af4829b337d9d246bec,0.073,,,
4517,2026-08-03,SZ000651,0.03979868390018377,EXP_LGBModel_Alpha158_csi300_custom_step0_s_20260803_14,5a49789f7ae14af4829b337d9d246bec,0.073,,,
4518,2026-08-03,SZ000657,0.03815415775703689,EXP_LGBModel_Alpha158_csi300_custom_step0_s_20260803_14,5a49789f7ae14af4829b337d9d246bec,0.073,,,
4519,2026-08-03,SZ001280,0.03425601886747974,EXP_LGBModel_Alpha158_csi300_custom_step0_s_20260803_14,5a49789f7ae14af4829b337d9d246bec,0.073,,,
4520,2026-08-03,SZ000999,0.011714656203834333,EXP_LGBModel_Alpha158_csi300_custom_step0_s_20260803_14,5a49789f7ae14af4829b337d9d246bec,0.073,,,
4521,2026-08-03,SZ000988,0.033681150747967355,EXP_LGBModel_Alpha158_csi300_custom_step0_s_20260803_14,5a49789f7ae14af4829b337d9d246bec,0.073,,,
4522,2026-08-03,SZ000977,0.0460497233540389,EXP_LGBModel_Alpha158_csi300_custom_step0_s_20260803_14,5a49789f7ae14af4829b337d9d246bec,0.073,,,
4523,2026-08-03,SZ000975,-0.07462402428423279,EXP_LGBModel_Alpha158_csi300_custom_step0_s_20260803_14,5a49789f7ae14af4829b337d9d246bec,0.073,,,
4524,2026-08-03,SZ000963,-0.025893845971441832,EXP_LGBModel_Alpha158_csi300_custom_step0_s_20260803_14,5a49789f7ae14af4829b337d9d246bec,0.073,,,
4525,2026-08-03,SZ000938,0.0442506657212487,EXP_LGBModel_Alpha158_csi300_custom_step0_s_20260803_14,5a49789f7ae14af4829b337d9d246bec,0.073,,,
4526,2026-08-03,SZ000895,-0.0005218465083240737,EXP_LGBModel_Alpha158_csi300_custom_step0_s_20260803_14,5a49789f7ae14af4829b337d9d246bec,0.073,,,
4527,2026-08-03,SZ000858,-0.013367690277459283,EXP_LGBModel_Alpha158_csi300_custom_step0_s_20260803_14,5a49789f7ae14af4829b337d9d246bec,0.073,,,
4528,2026-08-03,SZ000807,-0.023835700500988453,EXP_LGBModel_Alpha158_csi300_custom_step0_s_20260803_14,5a49789f7ae14af4829b337d9d246bec,0.073,,,
4529,2026-08-03,SZ000792,-0.02978581315001185,EXP_LGBModel_Alpha158_csi300_custom_step0_s_20260803_14,5a49789f7ae14af4829b337d9d246bec,0.073,,,
4530,2026-08-03,SZ000776,-0.0016654242008315452,EXP_LGBModel_Alpha158_csi300_custom_step0_s_20260803_14,5a49789f7ae14af4829b337d9d246bec,0.073,,,
4531,2026-08-03,SZ000768,0.0021959635832831093,EXP_LGBModel_Alpha158_csi300_custom_step0_s_20260803_14,5a49789f7ae14af4829b337d9d246bec,0.073,,,
4532,2026-08-03,SZ000725,0.02553144014598495,EXP_LGBModel_Alpha158_csi300_custom_step0_s_20260803_14,5a49789f7ae14af4829b337d9d246bec,0.073,,,
4533,2026-08-03,SZ000708,0.03556147422351133,EXP_LGBModel_Alpha158_csi300_custom_step0_s_20260803_14,5a49789f7ae14af4829b337d9d246bec,0.073,,,
4534,2026-08-03,SZ000001,0.0076861898548497105,EXP_LGBModel_Alpha158_csi300_custom_step0_s_20260803_14,5a49789f7ae14af4829b337d9d246bec,0.073,,,
4535,2026-08-03,SH688981,-0.0075598226443391765,EXP_LGBModel_Alpha158_csi300_custom_step0_s_20260803_14,5a49789f7ae14af4829b337d9d246bec,0.073,,,
4536,2026-08-03,SH688521,0.011287579173580156,EXP_LGBModel_Alpha158_csi300_custom_step0_s_20260803_14,5a49789f7ae14af4829b337d9d246bec,0.073,,,
4537,2026-08-03,SH688506,0.006451536713679061,EXP_LGBModel_Alpha158_csi300_custom_step0_s_20260803_14,5a49789f7ae14af4829b337d9d246bec,0.073,,,
4538,2026-08-03,SH603993,-0.047154657385281365,EXP_LGBModel_Alpha158_csi300_custom_step0_s_20260803_14,5a49789f7ae14af4829b337d9d246bec,0.073,,,
4539,2026-08-03,SH603986,0.007369076505792641,EXP_LGBModel_Alpha158_csi300_custom_step0_s_20260803_14,5a49789f7ae14af4829b337d9d246bec,0.073,,,
4540,2026-08-03,SH603893,-0.006221129396433435,EXP_LGBModel_Alpha158_csi300_custom_step0_s_20260803_14,5a49789f7ae14af4829b337d9d246bec,0.073,,,
4541,2026-08-03,SH603799,-0.01883258406358786,EXP_LGBModel_Alpha158_csi300_custom_step0_s_20260803_14,5a49789f7ae14af4829b337d9d246bec,0.073,,,
4542,2026-08-03,SH603501,-0.007561368552139681,EXP_LGBModel_Alpha158_csi300_custom_step0_s_20260803_14,5a49789f7ae14af4829b337d9d246bec,0.073,,,
4543,2026-08-03,SH603392,-0.014435684865959067,EXP_LGBModel_Alpha158_csi300_custom_step0_s_20260803_14,5a49789f7ae14af4829b337d9d246bec,0.073,,,
4544,2026-08-03,SH603369,-0.01729868541456493,EXP_LGBModel_Alpha158_csi300_custom_step0_s_20260803_14,5a49789f7ae14af4829b337d9d246bec,0.073,,,
4545,2026-08-03,SH603296,0.010096432619300934,EXP_LGBModel_Alpha158_csi300_custom_step0_s_20260803_14,5a49789f7ae14af4829b337d9d246bec,0.073,,,
4546,2026-08-03,SH603288,0.04819238874501616,EXP_LGBModel_Alpha158_csi300_custom_step0_s_20260803_14,5a49789f7ae14af4829b337d9d246bec,0.073,,,
4547,2026-08-03,SH603260,-0.009209403713104785,EXP_LGBModel_Alpha158_csi300_custom_step0_s_20260803_14,5a49789f7ae14af4829b337d9d246bec,0.073,,,
4548,2026-08-03,SH603259,-0.06621054891784554,EXP_LGBModel_Alpha158_csi300_custom_step0_s_20260803_14,5a49789f7ae14af4829b337d9d246bec,0.073,,,
4549,2026-08-03,SH603019,-0.009945574494141613,EXP_LGBModel_Alpha158_csi300_custom_step0_s_20260803_14,5a49789f7ae14af4829b337d9d246bec,0.073,,,
4550,2026-08-03,SH601998,-0.046823224214370684,EXP_LGBModel_Alpha158_csi300_custom_step0_s_20260803_14,5a49789f7ae14af4829b337d9d246bec,0.073,,,
4551,2026-08-03,SH601995,-0.009979066661889682,EXP_LGBModel_Alpha158_csi300_custom_step0_s_20260803_14,5a49789f7ae14af4829b337d9d246bec,0.073,,,
4552,2026-08-03,SH601988,0.024212198114403633,EXP_LGBModel_Alpha158_csi300_custom_step0_s_20260803_14,5a49789f7ae14af4829b337d9d246bec,0.073,,,
4553,2026-08-03,SH605117,0.01285101404766284,EXP_LGBModel_Alpha158_csi300_custom_step0_s_20260803_14,5a49789f7ae14af4829b337d9d246bec,0.073,,,
4554,2026-08-03,SZ001391,0.01792325351862347,EXP_LGBModel_Alpha158_csi300_custom_step0_s_20260803_14,5a49789f7ae14af4829b337d9d246bec,0.073,,,
4555,2026-08-03,SH605499,0.030485847924035588,EXP_LGBModel_Alpha158_csi300_custom_step0_s_20260803_14,5a49789f7ae14af4829b337d9d246bec,0.073,,,
4556,2026-08-03,SH688009,0.034763588351192865,EXP_LGBModel_Alpha158_csi300_custom_step0_s_20260803_14,5a49789f7ae14af4829b337d9d246bec,0.073,,,
4557,2026-08-03,SH688472,-0.040978022027440504,EXP_LGBModel_Alpha158_csi300_custom_step0_s_20260803_14,5a49789f7ae14af4829b337d9d246bec,0.073,,,
4558,2026-08-03,SH688396,-0.002838559354945238,EXP_LGBModel_Alpha158_csi300_custom_step0_s_20260803_14,5a49789f7ae14af4829b337d9d246bec,0.073,,,
4559,2026-08-03,SH688303,-0.06324906312513387,EXP_LGBModel_Alpha158_csi300_custom_step0_s_20260803_14,5a49789f7ae14af4829b337d9d246bec,0.073,,,
4560,2026-08-03,SH688271,-0.05376684495531152,EXP_LGBModel_Alpha158_csi300_custom_step0_s_20260803_14,5a49789f7ae14af4829b337d9d246bec,0.073,,,
4561,2026-08-03,SH688256,0.025044601667724965,EXP_LGBModel_Alpha158_csi300_custom_step0_s_20260803_14,5a49789f7ae14af4829b337d9d246bec,0.073,,,
4562,2026-08-03,SH688223,-0.0021167921550398973,EXP_LGBModel_Alpha158_csi300_custom_step0_s_20260803_14,5a49789f7ae14af4829b337d9d246bec,0.073,,,
4563,2026-08-03,SH688183,-0.0021105696358604802,EXP_LGBModel_Alpha158_csi300_custom_step0_s_20260803_14,5a49789f7ae14af4829b337d9d246bec,0.073,,,
4564,2026-08-03,SH688126,0.009515293864820633,EXP_LGBModel_Alpha158_csi300_custom_step0_s_20260803_14,5a49789f7ae14af4829b337d9d246bec,0.073,,,
4565,2026-08-03,SH688111,0.003651159508939957,EXP_LGBModel_Alpha158_csi300_custom_step0_s_20260803_14,5a49789f7ae14af4829b337d9d246bec,0.073,,,
4566,2026-08-03,SH688082,0.03940573952230171,EXP_LGBModel_Alpha158_csi300_custom_step0_s_20260803_14,5a49789f7ae14af4829b337d9d246bec,0.073,,,
4567,2026-08-03,SH688072,0.026235212591622765,EXP_LGBModel_Alpha158_csi300_custom_step0_s_20260803_14,5a49789f7ae14af4829b337d9d246bec,0.073,,,
4568,2026-08-03,SH688047,-0.010861873867014184,EXP_LGBModel_Alpha158_csi300_custom_step0_s_20260803_14,5a49789f7ae14af4829b337d9d246bec,0.073,,,
4569,2026-08-03,SH688041,-0.005708781102608331,EXP_LGBModel_Alpha158_csi300_custom_step0_s_20260803_14,5a49789f7ae14af4829b337d9d246bec,0.073,,,
4570,2026-08-03,SH688036,0.032101161303377534,EXP_LGBModel_Alpha158_csi300_custom_step0_s_20260803_14,5a49789f7ae14af4829b337d9d246bec,0.073,,,
4571,2026-08-03,SH688012,0.022938690172178824,EXP_LGBModel_Alpha158_csi300_custom_step0_s_20260803_14,5a49789f7ae14af4829b337d9d246bec,0.073,,,
4572,2026-08-03,SH688008,0.005166968454956554,EXP_LGBModel_Alpha158_csi300_custom_step0_s_20260803_14,5a49789f7ae14af4829b337d9d246bec,0.073,,,
4573,2026-08-03,SH601985,0.045950541585477234,EXP_LGBModel_Alpha158_csi300_custom_step0_s_20260803_14,5a49789f7ae14af4829b337d9d246bec,0.073,,,
4574,2026-08-03,SZ001965,0.0156018757892921,EXP_LGBModel_Alpha158_csi300_custom_step0_s_20260803_14,5a49789f7ae14af4829b337d9d246bec,0.073,,,
4575,2026-08-03,SZ002001,-0.04869714477012276,EXP_LGBModel_Alpha158_csi300_custom_step0_s_20260803_14,5a49789f7ae14af4829b337d9d246bec,0.073,,,
4576,2026-08-03,SZ300413,-0.01881195407483155,EXP_LGBModel_Alpha158_csi300_custom_step0_s_20260803_14,5a49789f7ae14af4829b337d9d246bec,0.073,,,
4577,2026-08-03,SZ300408,-0.05246369126325529,EXP_LGBModel_Alpha158_csi300_custom_step0_s_20260803_14,5a49789f7ae14af4829b337d9d246bec,0.073,,,
4578,2026-08-03,SZ300394,0.0181460947977064,EXP_LGBModel_Alpha158_csi300_custom_step0_s_20260803_14,5a49789f7ae14af4829b337d9d246bec,0.073,,,
4579,2026-08-03,SZ300316,0.017260222938317783,EXP_LGBModel_Alpha158_csi300_custom_step0_s_20260803_14,5a49789f7ae14af4829b337d9d246bec,0.073,,,
4580,2026-08-03,SZ300308,0.0533549711620589,EXP_LGBModel_Alpha158_csi300_custom_step0_s_20260803_14,5a49789f7ae14af4829b337d9d246bec,0.073,,,
4581,2026-08-03,SZ300274,0.02479846419793044,EXP_LGBModel_Alpha158_csi300_custom_step0_s_20260803_14,5a49789f7ae14af4829b337d9d246bec,0.073,,,
4582,2026-08-03,SZ300418,0.04402998719009248,EXP_LGBModel_Alpha158_csi300_custom_step0_s_20260803_14,5a49789f7ae14af4829b337d9d246bec,0.073,,,
4583,2026-08-03,SZ300251,-0.03493970299660614,EXP_LGBModel_Alpha158_csi300_custom_step0_s_20260803_14,5a49789f7ae14af4829b337d9d246bec,0.073,,,
4584,2026-08-03,SZ300122,-0.09093537556145345,EXP_LGBModel_Alpha158_csi300_custom_step0_s_20260803_14,5a49789f7ae14af4829b337d9d246bec,0.073,,,
4585,2026-08-03,SZ300059,-0.02831639273566537,EXP_LGBModel_Alpha158_csi300_custom_step0_s_20260803_14,5a49789f7ae14af4829b337d9d246bec,0.073,,,
4586,2026-08-03,SZ300033,-0.06120998296340412,EXP_LGBModel_Alpha158_csi300_custom_step0_s_20260803_14,5a49789f7ae14af4829b337d9d246bec,0.073,,,
4587,2026-08-03,SZ300015,-0.01920565093397172,EXP_LGBModel_Alpha158_csi300_custom_step0_s_20260803_14,5a49789f7ae14af4829b337d9d246bec,0.073,,,
4588,2026-08-03,SZ300014,0.0020977117949440532,EXP_LGBModel_Alpha158_csi300_custom_step0_s_20260803_14,5a49789f7ae14af4829b337d9d246bec,0.073,,,
4589,2026-08-03,SZ003816,-0.004802224767985363,EXP_LGBModel_Alpha158_csi300_custom_step0_s_20260803_14,5a49789f7ae14af4829b337d9d246bec,0.073,,,
4590,2026-08-03,SZ300124,-0.0032895752307743873,EXP_LGBModel_Alpha158_csi300_custom_step0_s_20260803_14,5a49789f7ae14af4829b337d9d246bec,0.073,,,
4591,2026-08-03,SZ300433,0.01581594163908413,EXP_LGBModel_Alpha158_csi300_custom_step0_s_20260803_14,5a49789f7ae14af4829b337d9d246bec,0.073,,,
4592,2026-08-03,SZ300442,0.04033147796991723,EXP_LGBModel_Alpha158_csi300_custom_step0_s_20260803_14,5a49789f7ae14af4829b337d9d246bec,0.073,,,
4593,2026-08-03,SZ300450,0.019388368585661776,EXP_LGBModel_Alpha158_csi300_custom_step0_s_20260803_14,5a49789f7ae14af4829b337d9d246bec,0.073,,,
4594,2026-08-03,SZ301269,-0.007635778287584032,EXP_LGBModel_Alpha158_csi300_custom_step0_s_20260803_14,5a49789f7ae14af4829b337d9d246bec,0.073,,,
4595,2026-08-03,SZ301236,0.011018813549878237,EXP_LGBModel_Alpha158_csi300_custom_step0_s_20260803_14,5a49789f7ae14af4829b337d9d246bec,0.073,,,
4596,2026-08-03,SZ301165,0.016064503302093976,EXP_LGBModel_Alpha158_csi300_custom_step0_s_20260803_14,5a49789f7ae14af4829b337d9d246bec,0.073,,,
4597,2026-08-03,SZ300999,0.004363542609199093,EXP_LGBModel_Alpha158_csi300_custom_step0_s_20260803_14,5a49789f7ae14af4829b337d9d246bec,0.073,,,
4598,2026-08-03,SZ300896,-0.00017349892922510356,EXP_LGBModel_Alpha158_csi300_custom_step0_s_20260803_14,5a49789f7ae14af4829b337d9d246bec,0.073,,,
4599,2026-08-03,SZ300866,-0.01045221690384961,EXP_LGBModel_Alpha158_csi300_custom_step0_s_20260803_14,5a49789f7ae14af4829b337d9d246bec,0.073,,,
4600,2026-08-03,SZ300832,-0.007668069136933347,EXP_LGBModel_Alpha158_csi300_custom_step0_s_20260803_14,5a49789f7ae14af4829b337d9d246bec,0.073,,,
4601,2026-08-03,SZ300803,-0.030425625336307337,EXP_LGBModel_Alpha158_csi300_custom_step0_s_20260803_14,5a49789f7ae14af4829b337d9d246bec,0.073,,,
4602,2026-08-03,SZ300760,-0.0070941495634809,EXP_LGBModel_Alpha158_csi300_custom_step0_s_20260803_14,5a49789f7ae14af4829b337d9d246bec,0.073,,,
4603,2026-08-03,SZ300750,0.014640147440664176,EXP_LGBModel_Alpha158_csi300_custom_step0_s_20260803_14,5a49789f7ae14af4829b337d9d246bec,0.073,,,
4604,2026-08-03,SZ300661,0.002231662571996285,EXP_LGBModel_Alpha158_csi300_custom_step0_s_20260803_14,5a49789f7ae14af4829b337d9d246bec,0.073,,,
4605,2026-08-03,SZ300628,0.02461439253640223,EXP_LGBModel_Alpha158_csi300_custom_step0_s_20260803_14,5a49789f7ae14af4829b337d9d246bec,0.073,,,
4606,2026-08-03,SZ300502,0.036313419245719236,EXP_LGBModel_Alpha158_csi300_custom_step0_s_20260803_14,5a49789f7ae14af4829b337d9d246bec,0.073,,,
4607,2026-08-03,SZ300498,-0.0013683957534187721,EXP_LGBModel_Alpha158_csi300_custom_step0_s_20260803_14,5a49789f7ae14af4829b337d9d246bec,0.073,,,
4608,2026-08-03,SZ300476,0.0552549724336217,EXP_LGBModel_Alpha158_csi300_custom_step0_s_20260803_14,5a49789f7ae14af4829b337d9d246bec,0.073,,,
4609,2026-08-03,SZ002938,0.034952166618986695,EXP_LGBModel_Alpha158_csi300_custom_step0_s_20260803_14,5a49789f7ae14af4829b337d9d246bec,0.073,,,
4610,2026-08-03,SZ002920,-0.04488280022137815,EXP_LGBModel_Alpha158_csi300_custom_step0_s_20260803_14,5a49789f7ae14af4829b337d9d246bec,0.073,,,
4611,2026-08-03,SZ002916,0.024184497681485787,EXP_LGBModel_Alpha158_csi300_custom_step0_s_20260803_14,5a49789f7ae14af4829b337d9d246bec,0.073,,,
4612,2026-08-03,SZ002837,0.02852733798260071,EXP_LGBModel_Alpha158_csi300_custom_step0_s_20260803_14,5a49789f7ae14af4829b337d9d246bec,0.073,,,
4613,2026-08-03,SZ002353,0.041548768188578715,EXP_LGBModel_Alpha158_csi300_custom_step0_s_20260803_14,5a49789f7ae14af4829b337d9d246bec,0.073,,,
4614,2026-08-03,SZ002352,-0.006607238234583209,EXP_LGBModel_Alpha158_csi300_custom_step0_s_20260803_14,5a49789f7ae14af4829b337d9d246bec,0.073,,,
4615,2026-08-03,SZ002311,0.028231141310578124,EXP_LGBModel_Alpha158_csi300_custom_step0_s_20260803_14,5a49789f7ae14af4829b337d9d246bec,0.073,,,
4616,2026-08-03,SZ002304,0.0015333071255918184,EXP_LGBModel_Alpha158_csi300_custom_step0_s_20260803_14,5a49789f7ae14af4829b337d9d246bec,0.073,,,
4617,2026-08-03,SZ002241,-0.02907652827447546,EXP_LGBModel_Alpha158_csi300_custom_step0_s_20260803_14,5a49789f7ae14af4829b337d9d246bec,0.073,,,
4618,2026-08-03,SZ002236,0.030036907836803746,EXP_LGBModel_Alpha158_csi300_custom_step0_s_20260803_14,5a49789f7ae14af4829b337d9d246bec,0.073,,,
4619,2026-08-03,SZ002230,-0.0010174242104926392,EXP_LGBModel_Alpha158_csi300_custom_step0_s_20260803_14,5a49789f7ae14af4829b337d9d246bec,0.073,,,
4620,2026-08-03,SZ002202,-0.00630086910392074,EXP_LGBModel_Alpha158_csi300_custom_step0_s_20260803_14,5a49789f7ae14af4829b337d9d246bec,0.073,,,
4621,2026-08-03,SZ002179,0.01765783716673198,EXP_LGBModel_Alpha158_csi300_custom_step0_s_20260803_14,5a49789f7ae14af4829b337d9d246bec,0.073,,,
4622,2026-08-03,SZ002142,0.03234265414722581,EXP_LGBModel_Alpha158_csi300_custom_step0_s_20260803_14,5a49789f7ae14af4829b337d9d246bec,0.073,,,
4623,2026-08-03,SZ002074,-0.026830897321511064,EXP_LGBModel_Alpha158_csi300_custom_step0_s_20260803_14,5a49789f7ae14af4829b337d9d246bec,0.073,,,
4624,2026-08-03,SZ002050,-0.006187381492821096,EXP_LGBModel_Alpha158_csi300_custom_step0_s_20260803_14,5a49789f7ae14af4829b337d9d246bec,0.073,,,
4625,2026-08-03,SZ002049,0.01869196322918078,EXP_LGBModel_Alpha158_csi300_custom_step0_s_20260803_14,5a49789f7ae14af4829b337d9d246bec,0.073,,,
4626,2026-08-03,SZ002028,0.013923513020216454,EXP_LGBModel_Alpha158_csi300_custom_step0_s_20260803_14,5a49789f7ae14af4829b337d9d246bec,0.073,,,
4627,2026-08-03,SZ002027,0.03624138329670695,EXP_LGBModel_Alpha158_csi300_custom_step0_s_20260803_14,5a49789f7ae14af4829b337d9d246bec,0.073,,,
4628,2026-08-03,SZ002371,0.03453138281197694,EXP_LGBModel_Alpha158_csi300_custom_step0_s_20260803_14,5a49789f7ae14af4829b337d9d246bec,0.073,,,
4629,2026-08-03,SZ001979,-0.09586229208028865,EXP_LGBModel_Alpha158_csi300_custom_step0_s_20260803_14,5a49789f7ae14af4829b337d9d246bec,0.073,,,
4630,2026-08-03,SZ002384,0.015069393099471905,EXP_LGBModel_Alpha158_csi300_custom_step0_s_20260803_14,5a49789f7ae14af4829b337d9d246bec,0.073,,,
4631,2026-08-03,SZ002422,0.05399536004359012,EXP_LGBModel_Alpha158_csi300_custom_step0_s_20260803_14,5a49789f7ae14af4829b337d9d246bec,0.073,,,
4632,2026-08-03,SZ002736,0.032949356363585106,EXP_LGBModel_Alpha158_csi300_custom_step0_s_20260803_14,5a49789f7ae14af4829b337d9d246bec,0.073,,,
4633,2026-08-03,SZ002714,-0.0028283929233623227,EXP_LGBModel_Alpha158_csi300_custom_step0_s_20260803_14,5a49789f7ae14af4829b337d9d246bec,0.073,,,
4634,2026-08-03,SZ002709,0.028642939271853695,EXP_LGBModel_Alpha158_csi300_custom_step0_s_20260803_14,5a49789f7ae14af4829b337d9d246bec,0.073,,,
4635,2026-08-03,SZ002648,-0.010091604523803109,EXP_LGBModel_Alpha158_csi300_custom_step0_s_20260803_14,5a49789f7ae14af4829b337d9d246bec,0.073,,,
4636,2026-08-03,SZ002625,-0.0050967425206591005,EXP_LGBModel_Alpha158_csi300_custom_step0_s_20260803_14,5a49789f7ae14af4829b337d9d246bec,0.073,,,
4637,2026-08-03,SZ002602,-0.022726790112449227,EXP_LGBModel_Alpha158_csi300_custom_step0_s_20260803_14,5a49789f7ae14af4829b337d9d246bec,0.073,,,
4638,2026-08-03,SZ002600,0.00862109595368564,EXP_LGBModel_Alpha158_csi300_custom_step0_s_20260803_14,5a49789f7ae14af4829b337d9d246bec,0.073,,,
4639,2026-08-03,SZ002594,0.031158436288364393,EXP_LGBModel_Alpha158_csi300_custom_step0_s_20260803_14,5a49789f7ae14af4829b337d9d246bec,0.073,,,
4640,2026-08-03,SZ002558,0.016533346818471666,EXP_LGBModel_Alpha158_csi300_custom_step0_s_20260803_14,5a49789f7ae14af4829b337d9d246bec,0.073,,,
4641,2026-08-03,SZ002532,0.008581089462029122,EXP_LGBModel_Alpha158_csi300_custom_step0_s_20260803_14,5a49789f7ae14af4829b337d9d246bec,0.073,,,
4642,2026-08-03,SZ002493,-0.0497150501722355,EXP_LGBModel_Alpha158_csi300_custom_step0_s_20260803_14,5a49789f7ae14af4829b337d9d246bec,0.073,,,
4643,2026-08-03,SZ002475,0.015858771670583215,EXP_LGBModel_Alpha158_csi300_custom_step0_s_20260803_14,5a49789f7ae14af4829b337d9d246bec,0.073,,,
4644,2026-08-03,SZ002466,0.0060102537361611105,EXP_LGBModel_Alpha158_csi300_custom_step0_s_20260803_14,5a49789f7ae14af4829b337d9d246bec,0.073,,,
4645,2026-08-03,SZ002463,0.03262889590449945,EXP_LGBModel_Alpha158_csi300_custom_step0_s_20260803_14,5a49789f7ae14af4829b337d9d246bec,0.073,,,
4646,2026-08-03,SZ002460,-0.002806809468911438,EXP_LGBModel_Alpha158_csi300_custom_step0_s_20260803_14,5a49789f7ae14af4829b337d9d246bec,0.073,,,
4647,2026-08-03,SZ002415,0.03385446157865012,EXP_LGBModel_Alpha158_csi300_custom_step0_s_20260803_14,5a49789f7ae14af4829b337d9d246bec,0.073,,,
4648,2026-08-03,SH601939,-0.0060985101975227244,EXP_LGBModel_Alpha158_csi300_custom_step0_s_20260803_14,5a49789f7ae14af4829b337d9d246bec,0.073,,,
4649,2026-08-03,SH601919,-0.022191936741832338,EXP_LGBModel_Alpha158_csi300_custom_step0_s_20260803_14,5a49789f7ae14af4829b337d9d246bec,0.073,,,
4650,2026-08-03,SH601916,0.003585778738507253,EXP_LGBModel_Alpha158_csi300_custom_step0_s_20260803_14,5a49789f7ae14af4829b337d9d246bec,0.073,,,
4651,2026-08-03,SH600522,0.0018274724404598029,EXP_LGBModel_Alpha158_csi300_custom_step0_s_20260803_14,5a49789f7ae14af4829b337d9d246bec,0.073,,,
4652,2026-08-03,SH600519,0.007322267501841182,EXP_LGBModel_Alpha158_csi300_custom_step0_s_20260803_14,5a49789f7ae14af4829b337d9d246bec,0.073,,,
4653,2026-08-03,SH600515,-0.007638035803171154,EXP_LGBModel_Alpha158_csi300_custom_step0_s_20260803_14,5a49789f7ae14af4829b337d9d246bec,0.073,,,
4654,2026-08-03,SH600489,-0.07738611598271596,EXP_LGBModel_Alpha158_csi300_custom_step0_s_20260803_14,5a49789f7ae14af4829b337d9d246bec,0.073,,,
4655,2026-08-03,SH600482,-0.04255979781411773,EXP_LGBModel_Alpha158_csi300_custom_step0_s_20260803_14,5a49789f7ae14af4829b337d9d246bec,0.073,,,
4656,2026-08-03,SH600460,0.03219285093073281,EXP_LGBModel_Alpha158_csi300_custom_step0_s_20260803_14,5a49789f7ae14af4829b337d9d246bec,0.073,,,
4657,2026-08-03,SH600547,-0.05083008316770917,EXP_LGBModel_Alpha158_csi300_custom_step0_s_20260803_14,5a49789f7ae14af4829b337d9d246bec,0.073,,,
4658,2026-08-03,SH600438,0.0864242644360101,EXP_LGBModel_Alpha158_csi300_custom_step0_s_20260803_14,5a49789f7ae14af4829b337d9d246bec,0.073,,,
4659,2026-08-03,SH600426,0.012902027784368816,EXP_LGBModel_Alpha158_csi300_custom_step0_s_20260803_14,5a49789f7ae14af4829b337d9d246bec,0.073,,,
4660,2026-08-03,SH600415,-0.047241944731188555,EXP_LGBModel_Alpha158_csi300_custom_step0_s_20260803_14,5a49789f7ae14af4829b337d9d246bec,0.073,,,
4661,2026-08-03,SH600406,-0.0004736411257848065,EXP_LGBModel_Alpha158_csi300_custom_step0_s_20260803_14,5a49789f7ae14af4829b337d9d246bec,0.073,,,
4662,2026-08-03,SH600372,0.02768088101054693,EXP_LGBModel_Alpha158_csi300_custom_step0_s_20260803_14,5a49789f7ae14af4829b337d9d246bec,0.073,,,
4663,2026-08-03,SH600362,-0.055825907688242415,EXP_LGBModel_Alpha158_csi300_custom_step0_s_20260803_14,5a49789f7ae14af4829b337d9d246bec,0.073,,,
4664,2026-08-03,SH600346,-0.028584030251631594,EXP_LGBModel_Alpha158_csi300_custom_step0_s_20260803_14,5a49789f7ae14af4829b337d9d246bec,0.073,,,
4665,2026-08-03,SH600436,-0.029124473088228423,EXP_LGBModel_Alpha158_csi300_custom_step0_s_20260803_14,5a49789f7ae14af4829b337d9d246bec,0.073,,,
4666,2026-08-03,SH600549,0.014625703038499121,EXP_LGBModel_Alpha158_csi300_custom_step0_s_20260803_14,5a49789f7ae14af4829b337d9d246bec,0.073,,,
4667,2026-08-03,SH600570,-0.0007977547853208444,EXP_LGBModel_Alpha158_csi300_custom_step0_s_20260803_14,5a49789f7ae14af4829b337d9d246bec,0.073,,,
4668,2026-08-03,SH600584,0.05608025887526574,EXP_LGBModel_Alpha158_csi300_custom_step0_s_20260803_14,5a49789f7ae14af4829b337d9d246bec,0.073,,,
4669,2026-08-03,SH600887,0.03198966787252761,EXP_LGBModel_Alpha158_csi300_custom_step0_s_20260803_14,5a49789f7ae14af4829b337d9d246bec,0.073,,,
4670,2026-08-03,SH600886,0.008737494338832998,EXP_LGBModel_Alpha158_csi300_custom_step0_s_20260803_14,5a49789f7ae14af4829b337d9d246bec,0.073,,,
4671,2026-08-03,SH600875,-0.009209118228192342,EXP_LGBModel_Alpha158_csi300_custom_step0_s_20260803_14,5a49789f7ae14af4829b337d9d246bec,0.073,,,
4672,2026-08-03,SH600845,-0.004245721568957444,EXP_LGBModel_Alpha158_csi300_custom_step0_s_20260803_14,5a49789f7ae14af4829b337d9d246bec,0.073,,,
4673,2026-08-03,SH600809,0.018275074978539193,EXP_LGBModel_Alpha158_csi300_custom_step0_s_20260803_14,5a49789f7ae14af4829b337d9d246bec,0.073,,,
4674,2026-08-03,SH600803,-0.057558566362761285,EXP_LGBModel_Alpha158_csi300_custom_step0_s_20260803_14,5a49789f7ae14af4829b337d9d246bec,0.073,,,
4675,2026-08-03,SH600795,0.02358587243396655,EXP_LGBModel_Alpha158_csi300_custom_step0_s_20260803_14,5a49789f7ae14af4829b337d9d246bec,0.073,,,
4676,2026-08-03,SH600760,-0.005167983431380691,EXP_LGBModel_Alpha158_csi300_custom_step0_s_20260803_14,5a49789f7ae14af4829b337d9d246bec,0.073,,,
4677,2026-08-03,SH600741,0.025222489263743864,EXP_LGBModel_Alpha158_csi300_custom_step0_s_20260803_14,5a49789f7ae14af4829b337d9d246bec,0.073,,,
4678,2026-08-03,SH600690,0.026264337107142235,EXP_LGBModel_Alpha158_csi300_custom_step0_s_20260803_14,5a49789f7ae14af4829b337d9d246bec,0.073,,,
4679,2026-08-03,SH600674,0.01925493984352034,EXP_LGBModel_Alpha158_csi300_custom_step0_s_20260803_14,5a49789f7ae14af4829b337d9d246bec,0.073,,,
4680,2026-08-03,SH600660,0.02083250676558956,EXP_LGBModel_Alpha158_csi300_custom_step0_s_20260803_14,5a49789f7ae14af4829b337d9d246bec,0.073,,,
4681,2026-08-03,SH600600,0.01414901646079455,EXP_LGBModel_Alpha158_csi300_custom_step0_s_20260803_14,5a49789f7ae14af4829b337d9d246bec,0.073,,,
4682,2026-08-03,SH600588,-0.012066117701477412,EXP_LGBModel_Alpha158_csi300_custom_step0_s_20260803_14,5a49789f7ae14af4829b337d9d246bec,0.073,,,
4683,2026-08-03,SH600585,0.0069503850301761,EXP_LGBModel_Alpha158_csi300_custom_step0_s_20260803_14,5a49789f7ae14af4829b337d9d246bec,0.073,,,
4684,2026-08-03,SH600309,-0.014688720649516925,EXP_LGBModel_Alpha158_csi300_custom_step0_s_20260803_14,5a49789f7ae14af4829b337d9d246bec,0.073,,,
4685,2026-08-03,SH600276,-0.012336557268620806,EXP_LGBModel_Alpha158_csi300_custom_step0_s_20260803_14,5a49789f7ae14af4829b337d9d246bec,0.073,,,
4686,2026-08-03,SH600233,-0.12684991932501766,EXP_LGBModel_Alpha158_csi300_custom_step0_s_20260803_14,5a49789f7ae14af4829b337d9d246bec,0.073,,,
4687,2026-08-03,SH600221,0.04638950705263194,EXP_LGBModel_Alpha158_csi300_custom_step0_s_20260803_14,5a49789f7ae14af4829b337d9d246bec,0.073,,,
4688,2026-08-03,SH600031,-0.020680661082332887,EXP_LGBModel_Alpha158_csi300_custom_step0_s_20260803_14,5a49789f7ae14af4829b337d9d246bec,0.073,,,
4689,2026-08-03,SH600030,0.028706098132233338,EXP_LGBModel_Alpha158_csi300_custom_step0_s_20260803_14,5a49789f7ae14af4829b337d9d246bec,0.073,,,
4690,2026-08-03,SH600029,0.01964891743965711,EXP_LGBModel_Alpha158_csi300_custom_step0_s_20260803_14,5a49789f7ae14af4829b337d9d246bec,0.073,,,
4691,2026-08-03,SH600028,0.014284232243263646,EXP_LGBModel_Alpha158_csi300_custom_step0_s_20260803_14,5a49789f7ae14af4829b337d9d246bec,0.073,,,
4692,2026-08-03,SH600027,0.007505852273732465,EXP_LGBModel_Alpha158_csi300_custom_step0_s_20260803_14,5a49789f7ae14af4829b337d9d246bec,0.073,,,
4693,2026-08-03,SH600026,-0.07772322845964716,EXP_LGBModel_Alpha158_csi300_custom_step0_s_20260803_14,5a49789f7ae14af4829b337d9d246bec,0.073,,,
4694,2026-08-03,SH600025,0.020984159638729568,EXP_LGBModel_Alpha158_csi300_custom_step0_s_20260803_14,5a49789f7ae14af4829b337d9d246bec,0.073,,,
4695,2026-08-03,SH600023,0.027293801852730275,EXP_LGBModel_Alpha158_csi300_custom_step0_s_20260803_14,5a49789f7ae14af4829b337d9d246bec,0.073,,,
4696,2026-08-03,SH600019,0.013074088163644306,EXP_LGBModel_Alpha158_csi300_custom_step0_s_20260803_14,5a49789f7ae14af4829b337d9d246bec,0.073,,,
4697,2026-08-03,SH600018,0.009059415167235551,EXP_LGBModel_Alpha158_csi300_custom_step0_s_20260803_14,5a49789f7ae14af4829b337d9d246bec,0.073,,,
4698,2026-08-03,SH600016,0.03590926896128266,EXP_LGBModel_Alpha158_csi300_custom_step0_s_20260803_14,5a49789f7ae14af4829b337d9d246bec,0.073,,,
4699,2026-08-03,SH600015,0.009495820362052335,EXP_LGBModel_Alpha158_csi300_custom_step0_s_20260803_14,5a49789f7ae14af4829b337d9d246bec,0.073,,,
4700,2026-08-03,SH600011,-0.011713732707967757,EXP_LGBModel_Alpha158_csi300_custom_step0_s_20260803_14,5a49789f7ae14af4829b337d9d246bec,0.073,,,
4701,2026-08-03,SH600010,-0.010624952230466058,EXP_LGBModel_Alpha158_csi300_custom_step0_s_20260803_14,5a49789f7ae14af4829b337d9d246bec,0.073,,,
4702,2026-08-03,SH600009,0.0042410074511163775,EXP_LGBModel_Alpha158_csi300_custom_step0_s_20260803_14,5a49789f7ae14af4829b337d9d246bec,0.073,,,
4703,2026-08-03,SH600036,0.019510829170886278,EXP_LGBModel_Alpha158_csi300_custom_step0_s_20260803_14,5a49789f7ae14af4829b337d9d246bec,0.073,,,
4704,2026-08-03,SH600893,0.0037838559498433785,EXP_LGBModel_Alpha158_csi300_custom_step0_s_20260803_14,5a49789f7ae14af4829b337d9d246bec,0.073,,,
4705,2026-08-03,SH600039,0.005625673776015955,EXP_LGBModel_Alpha158_csi300_custom_step0_s_20260803_14,5a49789f7ae14af4829b337d9d246bec,0.073,,,
4706,2026-08-03,SH600050,0.011595022606626022,EXP_LGBModel_Alpha158_csi300_custom_step0_s_20260803_14,5a49789f7ae14af4829b337d9d246bec,0.073,,,
4707,2026-08-03,SH600219,0.0004339912802744147,EXP_LGBModel_Alpha158_csi300_custom_step0_s_20260803_14,5a49789f7ae14af4829b337d9d246bec,0.073,,,
4708,2026-08-03,SH600196,-0.002584815616811845,EXP_LGBModel_Alpha158_csi300_custom_step0_s_20260803_14,5a49789f7ae14af4829b337d9d246bec,0.073,,,
4709,2026-08-03,SH600188,0.01819833640088279,EXP_LGBModel_Alpha158_csi300_custom_step0_s_20260803_14,5a49789f7ae14af4829b337d9d246bec,0.073,,,
4710,2026-08-03,SH600183,0.043844460041097634,EXP_LGBModel_Alpha158_csi300_custom_step0_s_20260803_14,5a49789f7ae14af4829b337d9d246bec,0.073,,,
4711,2026-08-03,SH600176,-0.022662274113735115,EXP_LGBModel_Alpha158_csi300_custom_step0_s_20260803_14,5a49789f7ae14af4829b337d9d246bec,0.073,,,
4712,2026-08-03,SH600160,-0.005728142657410655,EXP_LGBModel_Alpha158_csi300_custom_step0_s_20260803_14,5a49789f7ae14af4829b337d9d246bec,0.073,,,
4713,2026-08-03,SH600150,-0.01975931545697899,EXP_LGBModel_Alpha158_csi300_custom_step0_s_20260803_14,5a49789f7ae14af4829b337d9d246bec,0.073,,,
4714,2026-08-03,SH600118,0.01297066367345483,EXP_LGBModel_Alpha158_csi300_custom_step0_s_20260803_14,5a49789f7ae14af4829b337d9d246bec,0.073,,,
4715,2026-08-03,SH600115,-0.006246183008615681,EXP_LGBModel_Alpha158_csi300_custom_step0_s_20260803_14,5a49789f7ae14af4829b337d9d246bec,0.073,,,
4716,2026-08-03,SH600111,0.013962631364584267,EXP_LGBModel_Alpha158_csi300_custom_step0_s_20260803_14,5a49789f7ae14af4829b337d9d246bec,0.073,,,
4717,2026-08-03,SH600104,-0.004934861230883121,EXP_LGBModel_Alpha158_csi300_custom_step0_s_20260803_14,5a49789f7ae14af4829b337d9d246bec,0.073,,,
4718,2026-08-03,SH600089,-0.010707030808468413,EXP_LGBModel_Alpha158_csi300_custom_step0_s_20260803_14,5a49789f7ae14af4829b337d9d246bec,0.073,,,
4719,2026-08-03,SH600085,-0.009771178301553239,EXP_LGBModel_Alpha158_csi300_custom_step0_s_20260803_14,5a49789f7ae14af4829b337d9d246bec,0.073,,,
4720,2026-08-03,SH600066,-0.009111598945946639,EXP_LGBModel_Alpha158_csi300_custom_step0_s_20260803_14,5a49789f7ae14af4829b337d9d246bec,0.073,,,
4721,2026-08-03,SH600061,0.03294559880307057,EXP_LGBModel_Alpha158_csi300_custom_step0_s_20260803_14,5a49789f7ae14af4829b337d9d246bec,0.073,,,
4722,2026-08-03,SH600048,-0.035602027306184544,EXP_LGBModel_Alpha158_csi300_custom_step0_s_20260803_14,5a49789f7ae14af4829b337d9d246bec,0.073,,,
4723,2026-08-03,SH600900,0.02458960446071172,EXP_LGBModel_Alpha158_csi300_custom_step0_s_20260803_14,5a49789f7ae14af4829b337d9d246bec,0.073,,,
4724,2026-08-03,SH600905,0.015927741976767534,EXP_LGBModel_Alpha158_csi300_custom_step0_s_20260803_14,5a49789f7ae14af4829b337d9d246bec,0.073,,,
4725,2026-08-03,SH600918,0.002109117736638825,EXP_LGBModel_Alpha158_csi300_custom_step0_s_20260803_14,5a49789f7ae14af4829b337d9d246bec,0.073,,,
4726,2026-08-03,SH601698,-0.015511710147941735,EXP_LGBModel_Alpha158_csi300_custom_step0_s_20260803_14,5a49789f7ae14af4829b337d9d246bec,0.073,,,
4727,2026-08-03,SH601689,-0.005927604970623918,EXP_LGBModel_Alpha158_csi300_custom_step0_s_20260803_14,5a49789f7ae14af4829b337d9d246bec,0.073,,,
4728,2026-08-03,SH601688,-0.005176821038255398,EXP_LGBModel_Alpha158_csi300_custom_step0_s_20260803_14,5a49789f7ae14af4829b337d9d246bec,0.073,,,
4729,2026-08-03,SH601669,0.023987719949866034,EXP_LGBModel_Alpha158_csi300_custom_step0_s_20260803_14,5a49789f7ae14af4829b337d9d246bec,0.073,,,
4730,2026-08-03,SH601668,0.02952379602517033,EXP_LGBModel_Alpha158_csi300_custom_step0_s_20260803_14,5a49789f7ae14af4829b337d9d246bec,0.073,,,
4731,2026-08-03,SH601658,0.04723004036092727,EXP_LGBModel_Alpha158_csi300_custom_step0_s_20260803_14,5a49789f7ae14af4829b337d9d246bec,0.073,,,
4732,2026-08-03,SH601633,-0.008676964448049454,EXP_LGBModel_Alpha158_csi300_custom_step0_s_20260803_14,5a49789f7ae14af4829b337d9d246bec,0.073,,,
4733,2026-08-03,SH601628,-0.0023180630835235765,EXP_LGBModel_Alpha158_csi300_custom_step0_s_20260803_14,5a49789f7ae14af4829b337d9d246bec,0.073,,,
4734,2026-08-03,SH601618,0.005952416642189851,EXP_LGBModel_Alpha158_csi300_custom_step0_s_20260803_14,5a49789f7ae14af4829b337d9d246bec,0.073,,,
4735,2026-08-03,SH601607,0.022472220239895386,EXP_LGBModel_Alpha158_csi300_custom_step0_s_20260803_14,5a49789f7ae14af4829b337d9d246bec,0.073,,,
4736,2026-08-03,SH601601,-0.011541670022808294,EXP_LGBModel_Alpha158_csi300_custom_step0_s_20260803_14,5a49789f7ae14af4829b337d9d246bec,0.073,,,
4737,2026-08-03,SH601600,-0.025354130386746405,EXP_LGBModel_Alpha158_csi300_custom_step0_s_20260803_14,5a49789f7ae14af4829b337d9d246bec,0.073,,,
4738,2026-08-03,SH601456,0.03666807176078406,EXP_LGBModel_Alpha158_csi300_custom_step0_s_20260803_14,5a49789f7ae14af4829b337d9d246bec,0.073,,,
4739,2026-08-03,SH601398,-0.06729852154156658,EXP_LGBModel_Alpha158_csi300_custom_step0_s_20260803_14,5a49789f7ae14af4829b337d9d246bec,0.073,,,
4740,2026-08-03,SH601390,0.0006470738181956117,EXP_LGBModel_Alpha158_csi300_custom_step0_s_20260803_14,5a49789f7ae14af4829b337d9d246bec,0.073,,,
4741,2026-08-03,SH601727,-0.005052338996542898,EXP_LGBModel_Alpha158_csi300_custom_step0_s_20260803_14,5a49789f7ae14af4829b337d9d246bec,0.073,,,
4742,2026-08-03,SH601377,0.043768462982514085,EXP_LGBModel_Alpha158_csi300_custom_step0_s_20260803_14,5a49789f7ae14af4829b337d9d246bec,0.073,,,
4743,2026-08-03,SH601728,-0.0547728327146761,EXP_LGBModel_Alpha158_csi300_custom_step0_s_20260803_14,5a49789f7ae14af4829b337d9d246bec,0.073,,,
4744,2026-08-03,SH601788,0.04076445538343649,EXP_LGBModel_Alpha158_csi300_custom_step0_s_20260803_14,5a49789f7ae14af4829b337d9d246bec,0.073,,,
4745,2026-08-03,SH601901,0.024246819205174738,EXP_LGBModel_Alpha158_csi300_custom_step0_s_20260803_14,5a49789f7ae14af4829b337d9d246bec,0.073,,,
4746,2026-08-03,SH601899,-0.09186050162815425,EXP_LGBModel_Alpha158_csi300_custom_step0_s_20260803_14,5a49789f7ae14af4829b337d9d246bec,0.073,,,
4747,2026-08-03,SH601898,0.015751044342641074,EXP_LGBModel_Alpha158_csi300_custom_step0_s_20260803_14,5a49789f7ae14af4829b337d9d246bec,0.073,,,
4748,2026-08-03,SH601888,-0.02066147919703882,EXP_LGBModel_Alpha158_csi300_custom_step0_s_20260803_14,5a49789f7ae14af4829b337d9d246bec,0.073,,,
4749,2026-08-03,SH601881,0.02677281352890631,EXP_LGBModel_Alpha158_csi300_custom_step0_s_20260803_14,5a49789f7ae14af4829b337d9d246bec,0.073,,,
4750,2026-08-03,SH601878,0.023363638003297615,EXP_LGBModel_Alpha158_csi300_custom_step0_s_20260803_14,5a49789f7ae14af4829b337d9d246bec,0.073,,,
4751,2026-08-03,SH601877,-0.0015822629489037645,EXP_LGBModel_Alpha158_csi300_custom_step0_s_20260803_14,5a49789f7ae14af4829b337d9d246bec,0.073,,,
4752,2026-08-03,SH601872,-0.1171717021581055,EXP_LGBModel_Alpha158_csi300_custom_step0_s_20260803_14,5a49789f7ae14af4829b337d9d246bec,0.073,,,
4753,2026-08-03,SH601868,0.03239919093930387,EXP_LGBModel_Alpha158_csi300_custom_step0_s_20260803_14,5a49789f7ae14af4829b337d9d246bec,0.073,,,
4754,2026-08-03,SH601857,0.001054462841472292,EXP_LGBModel_Alpha158_csi300_custom_step0_s_20260803_14,5a49789f7ae14af4829b337d9d246bec,0.073,,,
4755,2026-08-03,SH601838,0.03223920928099522,EXP_LGBModel_Alpha158_csi300_custom_step0_s_20260803_14,5a49789f7ae14af4829b337d9d246bec,0.073,,,
4756,2026-08-03,SH601825,-0.10089752381236473,EXP_LGBModel_Alpha158_csi300_custom_step0_s_20260803_14,5a49789f7ae14af4829b337d9d246bec,0.073,,,
4757,2026-08-03,SH601818,0.019878738635671526,EXP_LGBModel_Alpha158_csi300_custom_step0_s_20260803_14,5a49789f7ae14af4829b337d9d246bec,0.073,,,
4758,2026-08-03,SH601816,0.002656038134631862,EXP_LGBModel_Alpha158_csi300_custom_step0_s_20260803_14,5a49789f7ae14af4829b337d9d246bec,0.073,,,
4759,2026-08-03,SH601800,0.0032605081342109085,EXP_LGBModel_Alpha158_csi300_custom_step0_s_20260803_14,5a49789f7ae14af4829b337d9d246bec,0.073,,,
4760,2026-08-03,SH601766,0.0034170418302357577,EXP_LGBModel_Alpha158_csi300_custom_step0_s_20260803_14,5a49789f7ae14af4829b337d9d246bec,0.073,,,
4761,2026-08-03,SZ301308,-0.011144550517201424,EXP_XGBModel_Alpha158_csi300_custom_step0_s_20260803_14,54d11562505d4fbea15042d8568a1d6d,0.062,,,
4762,2026-08-03,SH601360,-0.013178122933228828,EXP_LGBModel_Alpha158_csi300_custom_step0_s_20260803_14,5a49789f7ae14af4829b337d9d246bec,0.073,,,
4763,2026-08-03,SH601328,-0.026825689868332687,EXP_LGBModel_Alpha158_csi300_custom_step0_s_20260803_14,5a49789f7ae14af4829b337d9d246bec,0.073,,,
4764,2026-08-03,SH601059,0.04125651167776513,EXP_LGBModel_Alpha158_csi300_custom_step0_s_20260803_14,5a49789f7ae14af4829b337d9d246bec,0.073,,,
4765,2026-08-03,SH601058,-0.005192557050098314,EXP_LGBModel_Alpha158_csi300_custom_step0_s_20260803_14,5a49789f7ae14af4829b337d9d246bec,0.073,,,
4766,2026-08-03,SH601021,0.04114888404940776,EXP_LGBModel_Alpha158_csi300_custom_step0_s_20260803_14,5a49789f7ae14af4829b337d9d246bec,0.073,,,
4767,2026-08-03,SH601018,0.021173384561782187,EXP_LGBModel_Alpha158_csi300_custom_step0_s_20260803_14,5a49789f7ae14af4829b337d9d246bec,0.073,,,
4768,2026-08-03,SH601012,-0.00033555004393549164,EXP_LGBModel_Alpha158_csi300_custom_step0_s_20260803_14,5a49789f7ae14af4829b337d9d246bec,0.073,,,
4769,2026-08-03,SH601009,0.028541048758770667,EXP_LGBModel_Alpha158_csi300_custom_step0_s_20260803_14,5a49789f7ae14af4829b337d9d246bec,0.073,,,
4770,2026-08-03,SH601006,0.009415884931833974,EXP_LGBModel_Alpha158_csi300_custom_step0_s_20260803_14,5a49789f7ae14af4829b337d9d246bec,0.073,,,
4771,2026-08-03,SH600999,-0.0190872245293524,EXP_LGBModel_Alpha158_csi300_custom_step0_s_20260803_14,5a49789f7ae14af4829b337d9d246bec,0.073,,,
4772,2026-08-03,SH600989,0.03436797768580584,EXP_LGBModel_Alpha158_csi300_custom_step0_s_20260803_14,5a49789f7ae14af4829b337d9d246bec,0.073,,,
4773,2026-08-03,SH600958,0.036655240582494045,EXP_LGBModel_Alpha158_csi300_custom_step0_s_20260803_14,5a49789f7ae14af4829b337d9d246bec,0.073,,,
4774,2026-08-03,SH600941,0.016041039180711432,EXP_LGBModel_Alpha158_csi300_custom_step0_s_20260803_14,5a49789f7ae14af4829b337d9d246bec,0.073,,,
4775,2026-08-03,SH600938,0.03798283085852772,EXP_LGBModel_Alpha158_csi300_custom_step0_s_20260803_14,5a49789f7ae14af4829b337d9d246bec,0.073,,,
4776,2026-08-03,SH600930,0.012905025420648385,EXP_LGBModel_Alpha158_csi300_custom_step0_s_20260803_14,5a49789f7ae14af4829b337d9d246bec,0.073,,,
4777,2026-08-03,SH600926,0.022215100622561528,EXP_LGBModel_Alpha158_csi300_custom_step0_s_20260803_14,5a49789f7ae14af4829b337d9d246bec,0.073,,,
4778,2026-08-03,SH600919,0.03576342344846499,EXP_LGBModel_Alpha158_csi300_custom_step0_s_20260803_14,5a49789f7ae14af4829b337d9d246bec,0.073,,,
4779,2026-08-03,SH601066,-0.014941211638320656,EXP_LGBModel_Alpha158_csi300_custom_step0_s_20260803_14,5a49789f7ae14af4829b337d9d246bec,0.073,,,
4780,2026-08-03,SH601336,0.000837117441598959,EXP_LGBModel_Alpha158_csi300_custom_step0_s_20260803_14,5a49789f7ae14af4829b337d9d246bec,0.073,,,
4781,2026-08-03,SH601077,-0.006024765236409299,EXP_LGBModel_Alpha158_csi300_custom_step0_s_20260803_14,5a49789f7ae14af4829b337d9d246bec,0.073,,,
4782,2026-08-03,SH601100,-0.0383178360479975,EXP_LGBModel_Alpha158_csi300_custom_step0_s_20260803_14,5a49789f7ae14af4829b337d9d246bec,0.073,,,
4783,2026-08-03,SH601319,0.008960602828967809,EXP_LGBModel_Alpha158_csi300_custom_step0_s_20260803_14,5a49789f7ae14af4829b337d9d246bec,0.073,,,
4784,2026-08-03,SH601318,0.006537587399926389,EXP_LGBModel_Alpha158_csi300_custom_step0_s_20260803_14,5a49789f7ae14af4829b337d9d246bec,0.073,,,
4785,2026-08-03,SH601288,-0.04174438931000795,EXP_LGBModel_Alpha158_csi300_custom_step0_s_20260803_14,5a49789f7ae14af4829b337d9d246bec,0.073,,,
4786,2026-08-03,SH601238,-0.11032151155871035,EXP_LGBModel_Alpha158_csi300_custom_step0_s_20260803_14,5a49789f7ae14af4829b337d9d246bec,0.073,,,
4787,2026-08-03,SH601229,0.033466536075083896,EXP_LGBModel_Alpha158_csi300_custom_step0_s_20260803_14,5a49789f7ae14af4829b337d9d246bec,0.073,,,
4788,2026-08-03,SH601225,0.03736726016257635,EXP_LGBModel_Alpha158_csi300_custom_step0_s_20260803_14,5a49789f7ae14af4829b337d9d246bec,0.073,,,
4789,2026-08-03,SH601211,0.004394115348739607,EXP_LGBModel_Alpha158_csi300_custom_step0_s_20260803_14,5a49789f7ae14af4829b337d9d246bec,0.073,,,
4790,2026-08-03,SH601186,0.014601627549614278,EXP_LGBModel_Alpha158_csi300_custom_step0_s_20260803_14,5a49789f7ae14af4829b337d9d246bec,0.073,,,
4791,2026-08-03,SH601169,0.024334714531881768,EXP_LGBModel_Alpha158_csi300_custom_step0_s_20260803_14,5a49789f7ae14af4829b337d9d246bec,0.073,,,
4792,2026-08-03,SH601166,-0.0031578210073101385,EXP_LGBModel_Alpha158_csi300_custom_step0_s_20260803_14,5a49789f7ae14af4829b337d9d246bec,0.073,,,
4793,2026-08-03,SH601138,0.022578558910134605,EXP_LGBModel_Alpha158_csi300_custom_step0_s_20260803_14,5a49789f7ae14af4829b337d9d246bec,0.073,,,
4794,2026-08-03,SH601136,-0.006576960561434089,EXP_LGBModel_Alpha158_csi300_custom_step0_s_20260803_14,5a49789f7ae14af4829b337d9d246bec,0.073,,,
4795,2026-08-03,SH601127,-0.045356164573237635,EXP_LGBModel_Alpha158_csi300_custom_step0_s_20260803_14,5a49789f7ae14af4829b337d9d246bec,0.073,,,
4796,2026-08-03,SH601117,0.0121161393806063,EXP_LGBModel_Alpha158_csi300_custom_step0_s_20260803_14,5a49789f7ae14af4829b337d9d246bec,0.073,,,
4797,2026-08-03,SH601111,-0.002805745030751722,EXP_LGBModel_Alpha158_csi300_custom_step0_s_20260803_14,5a49789f7ae14af4829b337d9d246bec,0.073,,,
4798,2026-08-03,SH601088,0.039202408312656346,EXP_LGBModel_Alpha158_csi300_custom_step0_s_20260803_14,5a49789f7ae14af4829b337d9d246bec,0.073,,,
4799,2026-08-03,SZ302132,0.010747894644737244,EXP_XGBModel_Alpha158_csi300_custom_step0_s_20260803_14,54d11562505d4fbea15042d8568a1d6d,0.062,,,
