,datetime,instrument,score,exp_name,rid,weight,real_label,error,abs_error
0,2026-07-29,SH600000,0.0706650675554231,EXP_CatBoostModel_Alpha158_csi300_custom_step0_s_20260729_13,694639f66d4f4f40816182a1c2411298,0.059,,,
1,2026-07-29,SH600015,0.08854349702596664,EXP_LinearModel_Alpha158_csi300_custom_step0_s_20260729_13,71746a05ed9c4cb6abc93820d418a04c,0.054,,,
2,2026-07-29,SH600011,-0.08153697103261948,EXP_LinearModel_Alpha158_csi300_custom_step0_s_20260729_13,71746a05ed9c4cb6abc93820d418a04c,0.054,,,
3,2026-07-29,SH600010,-0.04309406131505966,EXP_LinearModel_Alpha158_csi300_custom_step0_s_20260729_13,71746a05ed9c4cb6abc93820d418a04c,0.054,,,
4,2026-07-29,SH600009,0.007160188630223274,EXP_LinearModel_Alpha158_csi300_custom_step0_s_20260729_13,71746a05ed9c4cb6abc93820d418a04c,0.054,,,
5,2026-07-29,SH600000,0.03777338191866875,EXP_LinearModel_Alpha158_csi300_custom_step0_s_20260729_13,71746a05ed9c4cb6abc93820d418a04c,0.054,,,
6,2026-07-29,SZ302132,-0.038012389093637466,EXP_LinearModel_Alpha158_csi300_custom_step0_s_20260729_13,a18db767c6c64391a430019375ed8698,0.031,,,
7,2026-07-29,SZ301308,0.21122749149799347,EXP_LinearModel_Alpha158_csi300_custom_step0_s_20260729_13,a18db767c6c64391a430019375ed8698,0.031,,,
8,2026-07-29,SZ301269,-0.08873318880796432,EXP_LinearModel_Alpha158_csi300_custom_step0_s_20260729_13,a18db767c6c64391a430019375ed8698,0.031,,,
9,2026-07-29,SZ301236,-0.1450948268175125,EXP_LinearModel_Alpha158_csi300_custom_step0_s_20260729_13,a18db767c6c64391a430019375ed8698,0.031,,,
10,2026-07-29,SZ301165,-0.42110490798950195,EXP_LinearModel_Alpha158_csi300_custom_step0_s_20260729_13,a18db767c6c64391a430019375ed8698,0.031,,,
11,2026-07-29,SZ300999,0.020921431481838226,EXP_LinearModel_Alpha158_csi300_custom_step0_s_20260729_13,a18db767c6c64391a430019375ed8698,0.031,,,
12,2026-07-29,SZ300896,0.015006829984486103,EXP_LinearModel_Alpha158_csi300_custom_step0_s_20260729_13,a18db767c6c64391a430019375ed8698,0.031,,,
13,2026-07-29,SZ300866,0.014586284756660461,EXP_LinearModel_Alpha158_csi300_custom_step0_s_20260729_13,a18db767c6c64391a430019375ed8698,0.031,,,
14,2026-07-29,SZ300832,-0.030263716354966164,EXP_LinearModel_Alpha158_csi300_custom_step0_s_20260729_13,a18db767c6c64391a430019375ed8698,0.031,,,
15,2026-07-29,SZ300803,0.07306661456823349,EXP_LinearModel_Alpha158_csi300_custom_step0_s_20260729_13,a18db767c6c64391a430019375ed8698,0.031,,,
16,2026-07-29,SZ300760,0.0062491619028151035,EXP_LinearModel_Alpha158_csi300_custom_step0_s_20260729_13,a18db767c6c64391a430019375ed8698,0.031,,,
17,2026-07-29,SZ300750,-0.05749300867319107,EXP_LinearModel_Alpha158_csi300_custom_step0_s_20260729_13,a18db767c6c64391a430019375ed8698,0.031,,,
18,2026-07-29,SH600016,0.09053971618413925,EXP_LinearModel_Alpha158_csi300_custom_step0_s_20260729_13,71746a05ed9c4cb6abc93820d418a04c,0.054,,,
19,2026-07-29,SZ300661,0.037090003490448,EXP_LinearModel_Alpha158_csi300_custom_step0_s_20260729_13,a18db767c6c64391a430019375ed8698,0.031,,,
20,2026-07-29,SH600018,0.16267545521259308,EXP_LinearModel_Alpha158_csi300_custom_step0_s_20260729_13,71746a05ed9c4cb6abc93820d418a04c,0.054,,,
21,2026-07-29,SH600023,-0.009538577869534492,EXP_LinearModel_Alpha158_csi300_custom_step0_s_20260729_13,71746a05ed9c4cb6abc93820d418a04c,0.054,,,
22,2026-07-29,SH600111,0.10230429470539093,EXP_LinearModel_Alpha158_csi300_custom_step0_s_20260729_13,71746a05ed9c4cb6abc93820d418a04c,0.054,,,
23,2026-07-29,SH600104,0.002977999858558178,EXP_LinearModel_Alpha158_csi300_custom_step0_s_20260729_13,71746a05ed9c4cb6abc93820d418a04c,0.054,,,
24,2026-07-29,SH600089,-0.035926882177591324,EXP_LinearModel_Alpha158_csi300_custom_step0_s_20260729_13,71746a05ed9c4cb6abc93820d418a04c,0.054,,,
25,2026-07-29,SH600085,-0.071769118309021,EXP_LinearModel_Alpha158_csi300_custom_step0_s_20260729_13,71746a05ed9c4cb6abc93820d418a04c,0.054,,,
26,2026-07-29,SH600066,0.041436515748500824,EXP_LinearModel_Alpha158_csi300_custom_step0_s_20260729_13,71746a05ed9c4cb6abc93820d418a04c,0.054,,,
27,2026-07-29,SH600061,0.015915323048830032,EXP_LinearModel_Alpha158_csi300_custom_step0_s_20260729_13,71746a05ed9c4cb6abc93820d418a04c,0.054,,,
28,2026-07-29,SH600050,0.16385552287101746,EXP_LinearModel_Alpha158_csi300_custom_step0_s_20260729_13,71746a05ed9c4cb6abc93820d418a04c,0.054,,,
29,2026-07-29,SH600048,0.01620321534574032,EXP_LinearModel_Alpha158_csi300_custom_step0_s_20260729_13,71746a05ed9c4cb6abc93820d418a04c,0.054,,,
30,2026-07-29,SH600039,0.03806672245264053,EXP_LinearModel_Alpha158_csi300_custom_step0_s_20260729_13,71746a05ed9c4cb6abc93820d418a04c,0.054,,,
31,2026-07-29,SH600036,0.02841583639383316,EXP_LinearModel_Alpha158_csi300_custom_step0_s_20260729_13,71746a05ed9c4cb6abc93820d418a04c,0.054,,,
32,2026-07-29,SH600031,-0.10049663484096527,EXP_LinearModel_Alpha158_csi300_custom_step0_s_20260729_13,71746a05ed9c4cb6abc93820d418a04c,0.054,,,
33,2026-07-29,SH600030,-0.03581558167934418,EXP_LinearModel_Alpha158_csi300_custom_step0_s_20260729_13,71746a05ed9c4cb6abc93820d418a04c,0.054,,,
34,2026-07-29,SH600029,-0.06369871646165848,EXP_LinearModel_Alpha158_csi300_custom_step0_s_20260729_13,71746a05ed9c4cb6abc93820d418a04c,0.054,,,
35,2026-07-29,SH600028,0.11193223297595978,EXP_LinearModel_Alpha158_csi300_custom_step0_s_20260729_13,71746a05ed9c4cb6abc93820d418a04c,0.054,,,
36,2026-07-29,SH600027,-0.01058092713356018,EXP_LinearModel_Alpha158_csi300_custom_step0_s_20260729_13,71746a05ed9c4cb6abc93820d418a04c,0.054,,,
37,2026-07-29,SH600026,-0.019437730312347412,EXP_LinearModel_Alpha158_csi300_custom_step0_s_20260729_13,71746a05ed9c4cb6abc93820d418a04c,0.054,,,
38,2026-07-29,SH600025,0.05695918947458267,EXP_LinearModel_Alpha158_csi300_custom_step0_s_20260729_13,71746a05ed9c4cb6abc93820d418a04c,0.054,,,
39,2026-07-29,SH600019,0.008455222472548485,EXP_LinearModel_Alpha158_csi300_custom_step0_s_20260729_13,71746a05ed9c4cb6abc93820d418a04c,0.054,,,
40,2026-07-29,SH600115,-0.09728869050741196,EXP_LinearModel_Alpha158_csi300_custom_step0_s_20260729_13,71746a05ed9c4cb6abc93820d418a04c,0.054,,,
41,2026-07-29,SZ300628,-0.07241310179233551,EXP_LinearModel_Alpha158_csi300_custom_step0_s_20260729_13,a18db767c6c64391a430019375ed8698,0.031,,,
42,2026-07-29,SZ300498,-0.04370101913809776,EXP_LinearModel_Alpha158_csi300_custom_step0_s_20260729_13,a18db767c6c64391a430019375ed8698,0.031,,,
43,2026-07-29,SZ002916,-0.12341588735580444,EXP_LinearModel_Alpha158_csi300_custom_step0_s_20260729_13,a18db767c6c64391a430019375ed8698,0.031,,,
44,2026-07-29,SZ002837,0.016362227499485016,EXP_LinearModel_Alpha158_csi300_custom_step0_s_20260729_13,a18db767c6c64391a430019375ed8698,0.031,,,
45,2026-07-29,SZ002736,0.05106084421277046,EXP_LinearModel_Alpha158_csi300_custom_step0_s_20260729_13,a18db767c6c64391a430019375ed8698,0.031,,,
46,2026-07-29,SZ002714,-0.1224212497472763,EXP_LinearModel_Alpha158_csi300_custom_step0_s_20260729_13,a18db767c6c64391a430019375ed8698,0.031,,,
47,2026-07-29,SZ002709,-0.021615341305732727,EXP_LinearModel_Alpha158_csi300_custom_step0_s_20260729_13,a18db767c6c64391a430019375ed8698,0.031,,,
48,2026-07-29,SZ002648,-0.10055727511644363,EXP_LinearModel_Alpha158_csi300_custom_step0_s_20260729_13,a18db767c6c64391a430019375ed8698,0.031,,,
49,2026-07-29,SZ002625,-0.023836975917220116,EXP_LinearModel_Alpha158_csi300_custom_step0_s_20260729_13,a18db767c6c64391a430019375ed8698,0.031,,,
50,2026-07-29,SZ002602,0.011483902111649513,EXP_LinearModel_Alpha158_csi300_custom_step0_s_20260729_13,a18db767c6c64391a430019375ed8698,0.031,,,
51,2026-07-29,SZ002600,0.020498061552643776,EXP_LinearModel_Alpha158_csi300_custom_step0_s_20260729_13,a18db767c6c64391a430019375ed8698,0.031,,,
52,2026-07-29,SZ002594,-0.011652478948235512,EXP_LinearModel_Alpha158_csi300_custom_step0_s_20260729_13,a18db767c6c64391a430019375ed8698,0.031,,,
53,2026-07-29,SZ002558,0.025172105059027672,EXP_LinearModel_Alpha158_csi300_custom_step0_s_20260729_13,a18db767c6c64391a430019375ed8698,0.031,,,
54,2026-07-29,SZ002532,-0.012374958023428917,EXP_LinearModel_Alpha158_csi300_custom_step0_s_20260729_13,a18db767c6c64391a430019375ed8698,0.031,,,
55,2026-07-29,SZ002493,-0.06103230267763138,EXP_LinearModel_Alpha158_csi300_custom_step0_s_20260729_13,a18db767c6c64391a430019375ed8698,0.031,,,
56,2026-07-29,SZ002475,-0.045965682715177536,EXP_LinearModel_Alpha158_csi300_custom_step0_s_20260729_13,a18db767c6c64391a430019375ed8698,0.031,,,
57,2026-07-29,SZ002466,0.005283192731440067,EXP_LinearModel_Alpha158_csi300_custom_step0_s_20260729_13,a18db767c6c64391a430019375ed8698,0.031,,,
58,2026-07-29,SZ002463,-0.14942745864391327,EXP_LinearModel_Alpha158_csi300_custom_step0_s_20260729_13,a18db767c6c64391a430019375ed8698,0.031,,,
59,2026-07-29,SZ002460,0.0037326812744140625,EXP_LinearModel_Alpha158_csi300_custom_step0_s_20260729_13,a18db767c6c64391a430019375ed8698,0.031,,,
60,2026-07-29,SZ002920,0.0425291433930397,EXP_LinearModel_Alpha158_csi300_custom_step0_s_20260729_13,a18db767c6c64391a430019375ed8698,0.031,,,
61,2026-07-29,SZ300502,-0.012770013883709908,EXP_LinearModel_Alpha158_csi300_custom_step0_s_20260729_13,a18db767c6c64391a430019375ed8698,0.031,,,
62,2026-07-29,SZ002938,-0.06271103024482727,EXP_LinearModel_Alpha158_csi300_custom_step0_s_20260729_13,a18db767c6c64391a430019375ed8698,0.031,,,
63,2026-07-29,SZ300014,-0.05154091864824295,EXP_LinearModel_Alpha158_csi300_custom_step0_s_20260729_13,a18db767c6c64391a430019375ed8698,0.031,,,
64,2026-07-29,SZ300476,0.05023862048983574,EXP_LinearModel_Alpha158_csi300_custom_step0_s_20260729_13,a18db767c6c64391a430019375ed8698,0.031,,,
65,2026-07-29,SZ300450,-0.009748486801981926,EXP_LinearModel_Alpha158_csi300_custom_step0_s_20260729_13,a18db767c6c64391a430019375ed8698,0.031,,,
66,2026-07-29,SZ300442,-0.097283273935318,EXP_LinearModel_Alpha158_csi300_custom_step0_s_20260729_13,a18db767c6c64391a430019375ed8698,0.031,,,
67,2026-07-29,SZ300433,-0.016346711665391922,EXP_LinearModel_Alpha158_csi300_custom_step0_s_20260729_13,a18db767c6c64391a430019375ed8698,0.031,,,
68,2026-07-29,SZ300418,-0.1590535193681717,EXP_LinearModel_Alpha158_csi300_custom_step0_s_20260729_13,a18db767c6c64391a430019375ed8698,0.031,,,
69,2026-07-29,SZ300413,0.01490767952054739,EXP_LinearModel_Alpha158_csi300_custom_step0_s_20260729_13,a18db767c6c64391a430019375ed8698,0.031,,,
70,2026-07-29,SZ300408,0.109931081533432,EXP_LinearModel_Alpha158_csi300_custom_step0_s_20260729_13,a18db767c6c64391a430019375ed8698,0.031,,,
71,2026-07-29,SZ300394,0.01849554479122162,EXP_LinearModel_Alpha158_csi300_custom_step0_s_20260729_13,a18db767c6c64391a430019375ed8698,0.031,,,
72,2026-07-29,SZ300316,-0.08618070185184479,EXP_LinearModel_Alpha158_csi300_custom_step0_s_20260729_13,a18db767c6c64391a430019375ed8698,0.031,,,
73,2026-07-29,SZ300308,-0.04031674936413765,EXP_LinearModel_Alpha158_csi300_custom_step0_s_20260729_13,a18db767c6c64391a430019375ed8698,0.031,,,
74,2026-07-29,SZ300274,-0.2161232978105545,EXP_LinearModel_Alpha158_csi300_custom_step0_s_20260729_13,a18db767c6c64391a430019375ed8698,0.031,,,
75,2026-07-29,SZ300251,-0.12442061305046082,EXP_LinearModel_Alpha158_csi300_custom_step0_s_20260729_13,a18db767c6c64391a430019375ed8698,0.031,,,
76,2026-07-29,SZ300124,0.06430479139089584,EXP_LinearModel_Alpha158_csi300_custom_step0_s_20260729_13,a18db767c6c64391a430019375ed8698,0.031,,,
77,2026-07-29,SZ300122,-0.03613545373082161,EXP_LinearModel_Alpha158_csi300_custom_step0_s_20260729_13,a18db767c6c64391a430019375ed8698,0.031,,,
78,2026-07-29,SZ300059,-0.0568394809961319,EXP_LinearModel_Alpha158_csi300_custom_step0_s_20260729_13,a18db767c6c64391a430019375ed8698,0.031,,,
79,2026-07-29,SZ300033,-0.10151172429323196,EXP_LinearModel_Alpha158_csi300_custom_step0_s_20260729_13,a18db767c6c64391a430019375ed8698,0.031,,,
80,2026-07-29,SZ300015,-0.013809649273753166,EXP_LinearModel_Alpha158_csi300_custom_step0_s_20260729_13,a18db767c6c64391a430019375ed8698,0.031,,,
81,2026-07-29,SZ003816,0.05755758285522461,EXP_LinearModel_Alpha158_csi300_custom_step0_s_20260729_13,a18db767c6c64391a430019375ed8698,0.031,,,
82,2026-07-29,SZ002422,-0.14787614345550537,EXP_LinearModel_Alpha158_csi300_custom_step0_s_20260729_13,a18db767c6c64391a430019375ed8698,0.031,,,
83,2026-07-29,SH600118,0.11399083584547043,EXP_LinearModel_Alpha158_csi300_custom_step0_s_20260729_13,71746a05ed9c4cb6abc93820d418a04c,0.054,,,
84,2026-07-29,SH600160,-0.022694844752550125,EXP_LinearModel_Alpha158_csi300_custom_step0_s_20260729_13,71746a05ed9c4cb6abc93820d418a04c,0.054,,,
85,2026-07-29,SH601021,0.04417720064520836,EXP_LinearModel_Alpha158_csi300_custom_step0_s_20260729_13,71746a05ed9c4cb6abc93820d418a04c,0.054,,,
86,2026-07-29,SH601018,0.06918701529502869,EXP_LinearModel_Alpha158_csi300_custom_step0_s_20260729_13,71746a05ed9c4cb6abc93820d418a04c,0.054,,,
87,2026-07-29,SH601012,-0.10664228349924088,EXP_LinearModel_Alpha158_csi300_custom_step0_s_20260729_13,71746a05ed9c4cb6abc93820d418a04c,0.054,,,
88,2026-07-29,SH601009,0.07390116155147552,EXP_LinearModel_Alpha158_csi300_custom_step0_s_20260729_13,71746a05ed9c4cb6abc93820d418a04c,0.054,,,
89,2026-07-29,SH601006,0.0679842084646225,EXP_LinearModel_Alpha158_csi300_custom_step0_s_20260729_13,71746a05ed9c4cb6abc93820d418a04c,0.054,,,
90,2026-07-29,SH600999,0.05787905305624008,EXP_LinearModel_Alpha158_csi300_custom_step0_s_20260729_13,71746a05ed9c4cb6abc93820d418a04c,0.054,,,
91,2026-07-29,SH600989,-0.03098844178020954,EXP_LinearModel_Alpha158_csi300_custom_step0_s_20260729_13,71746a05ed9c4cb6abc93820d418a04c,0.054,,,
92,2026-07-29,SH600958,,EXP_LinearModel_Alpha158_csi300_custom_step0_s_20260729_13,71746a05ed9c4cb6abc93820d418a04c,0.054,,,
93,2026-07-29,SH600941,0.038156840950250626,EXP_LinearModel_Alpha158_csi300_custom_step0_s_20260729_13,71746a05ed9c4cb6abc93820d418a04c,0.054,,,
94,2026-07-29,SH600938,-0.019962243735790253,EXP_LinearModel_Alpha158_csi300_custom_step0_s_20260729_13,71746a05ed9c4cb6abc93820d418a04c,0.054,,,
95,2026-07-29,SH600930,0.07492095232009888,EXP_LinearModel_Alpha158_csi300_custom_step0_s_20260729_13,71746a05ed9c4cb6abc93820d418a04c,0.054,,,
96,2026-07-29,SH600926,0.060714974999427795,EXP_LinearModel_Alpha158_csi300_custom_step0_s_20260729_13,71746a05ed9c4cb6abc93820d418a04c,0.054,,,
97,2026-07-29,SH600919,0.02249147742986679,EXP_LinearModel_Alpha158_csi300_custom_step0_s_20260729_13,71746a05ed9c4cb6abc93820d418a04c,0.054,,,
98,2026-07-29,SH600918,-0.04548173397779465,EXP_LinearModel_Alpha158_csi300_custom_step0_s_20260729_13,71746a05ed9c4cb6abc93820d418a04c,0.054,,,
99,2026-07-29,SH600905,0.024264728650450706,EXP_LinearModel_Alpha158_csi300_custom_step0_s_20260729_13,71746a05ed9c4cb6abc93820d418a04c,0.054,,,
100,2026-07-29,SH600900,0.030929196625947952,EXP_LinearModel_Alpha158_csi300_custom_step0_s_20260729_13,71746a05ed9c4cb6abc93820d418a04c,0.054,,,
101,2026-07-29,SH600893,-0.06838662177324295,EXP_LinearModel_Alpha158_csi300_custom_step0_s_20260729_13,71746a05ed9c4cb6abc93820d418a04c,0.054,,,
102,2026-07-29,SH601058,-0.005094439256936312,EXP_LinearModel_Alpha158_csi300_custom_step0_s_20260729_13,71746a05ed9c4cb6abc93820d418a04c,0.054,,,
103,2026-07-29,SH600887,0.08671993017196655,EXP_LinearModel_Alpha158_csi300_custom_step0_s_20260729_13,71746a05ed9c4cb6abc93820d418a04c,0.054,,,
104,2026-07-29,SH601059,-0.09039517492055893,EXP_LinearModel_Alpha158_csi300_custom_step0_s_20260729_13,71746a05ed9c4cb6abc93820d418a04c,0.054,,,
105,2026-07-29,SH601077,-0.0016051712445914745,EXP_LinearModel_Alpha158_csi300_custom_step0_s_20260729_13,71746a05ed9c4cb6abc93820d418a04c,0.054,,,
106,2026-07-29,SH601319,0.0772627592086792,EXP_LinearModel_Alpha158_csi300_custom_step0_s_20260729_13,71746a05ed9c4cb6abc93820d418a04c,0.054,,,
107,2026-07-29,SH601318,0.057184841483831406,EXP_LinearModel_Alpha158_csi300_custom_step0_s_20260729_13,71746a05ed9c4cb6abc93820d418a04c,0.054,,,
108,2026-07-29,SH601288,0.05341129004955292,EXP_LinearModel_Alpha158_csi300_custom_step0_s_20260729_13,71746a05ed9c4cb6abc93820d418a04c,0.054,,,
109,2026-07-29,SH601238,-0.05859215557575226,EXP_LinearModel_Alpha158_csi300_custom_step0_s_20260729_13,71746a05ed9c4cb6abc93820d418a04c,0.054,,,
110,2026-07-29,SH601229,0.01436026394367218,EXP_LinearModel_Alpha158_csi300_custom_step0_s_20260729_13,71746a05ed9c4cb6abc93820d418a04c,0.054,,,
111,2026-07-29,SH601225,-0.022222895175218582,EXP_LinearModel_Alpha158_csi300_custom_step0_s_20260729_13,71746a05ed9c4cb6abc93820d418a04c,0.054,,,
112,2026-07-29,SH601211,-0.052313514053821564,EXP_LinearModel_Alpha158_csi300_custom_step0_s_20260729_13,71746a05ed9c4cb6abc93820d418a04c,0.054,,,
113,2026-07-29,SH601186,0.05968999117612839,EXP_LinearModel_Alpha158_csi300_custom_step0_s_20260729_13,71746a05ed9c4cb6abc93820d418a04c,0.054,,,
114,2026-07-29,SH601169,0.11835494637489319,EXP_LinearModel_Alpha158_csi300_custom_step0_s_20260729_13,71746a05ed9c4cb6abc93820d418a04c,0.054,,,
115,2026-07-29,SH601166,0.07275916635990143,EXP_LinearModel_Alpha158_csi300_custom_step0_s_20260729_13,71746a05ed9c4cb6abc93820d418a04c,0.054,,,
116,2026-07-29,SH601138,-0.04249247908592224,EXP_LinearModel_Alpha158_csi300_custom_step0_s_20260729_13,71746a05ed9c4cb6abc93820d418a04c,0.054,,,
117,2026-07-29,SH601136,-0.013386951759457588,EXP_LinearModel_Alpha158_csi300_custom_step0_s_20260729_13,71746a05ed9c4cb6abc93820d418a04c,0.054,,,
118,2026-07-29,SH601127,-0.0627318024635315,EXP_LinearModel_Alpha158_csi300_custom_step0_s_20260729_13,71746a05ed9c4cb6abc93820d418a04c,0.054,,,
119,2026-07-29,SH601117,-0.008266756311058998,EXP_LinearModel_Alpha158_csi300_custom_step0_s_20260729_13,71746a05ed9c4cb6abc93820d418a04c,0.054,,,
120,2026-07-29,SH601111,-0.09550954401493073,EXP_LinearModel_Alpha158_csi300_custom_step0_s_20260729_13,71746a05ed9c4cb6abc93820d418a04c,0.054,,,
121,2026-07-29,SH601100,-0.16526006162166595,EXP_LinearModel_Alpha158_csi300_custom_step0_s_20260729_13,71746a05ed9c4cb6abc93820d418a04c,0.054,,,
122,2026-07-29,SH601088,0.07070202380418777,EXP_LinearModel_Alpha158_csi300_custom_step0_s_20260729_13,71746a05ed9c4cb6abc93820d418a04c,0.054,,,
123,2026-07-29,SH601066,0.025181490927934647,EXP_LinearModel_Alpha158_csi300_custom_step0_s_20260729_13,71746a05ed9c4cb6abc93820d418a04c,0.054,,,
124,2026-07-29,SH600150,-0.058326032012701035,EXP_LinearModel_Alpha158_csi300_custom_step0_s_20260729_13,71746a05ed9c4cb6abc93820d418a04c,0.054,,,
125,2026-07-29,SH600886,0.07596304267644882,EXP_LinearModel_Alpha158_csi300_custom_step0_s_20260729_13,71746a05ed9c4cb6abc93820d418a04c,0.054,,,
126,2026-07-29,SH600845,-0.05672551691532135,EXP_LinearModel_Alpha158_csi300_custom_step0_s_20260729_13,71746a05ed9c4cb6abc93820d418a04c,0.054,,,
127,2026-07-29,SH600438,-0.013065852224826813,EXP_LinearModel_Alpha158_csi300_custom_step0_s_20260729_13,71746a05ed9c4cb6abc93820d418a04c,0.054,,,
128,2026-07-29,SH600436,-0.06930019706487656,EXP_LinearModel_Alpha158_csi300_custom_step0_s_20260729_13,71746a05ed9c4cb6abc93820d418a04c,0.054,,,
129,2026-07-29,SH600426,-0.09298329800367355,EXP_LinearModel_Alpha158_csi300_custom_step0_s_20260729_13,71746a05ed9c4cb6abc93820d418a04c,0.054,,,
130,2026-07-29,SH600415,0.07068909704685211,EXP_LinearModel_Alpha158_csi300_custom_step0_s_20260729_13,71746a05ed9c4cb6abc93820d418a04c,0.054,,,
131,2026-07-29,SH600406,-0.01766951009631157,EXP_LinearModel_Alpha158_csi300_custom_step0_s_20260729_13,71746a05ed9c4cb6abc93820d418a04c,0.054,,,
132,2026-07-29,SH600372,-0.05221663787961006,EXP_LinearModel_Alpha158_csi300_custom_step0_s_20260729_13,71746a05ed9c4cb6abc93820d418a04c,0.054,,,
133,2026-07-29,SH600362,-0.10139786452054977,EXP_LinearModel_Alpha158_csi300_custom_step0_s_20260729_13,71746a05ed9c4cb6abc93820d418a04c,0.054,,,
134,2026-07-29,SH600346,-0.06575081497430801,EXP_LinearModel_Alpha158_csi300_custom_step0_s_20260729_13,71746a05ed9c4cb6abc93820d418a04c,0.054,,,
135,2026-07-29,SH600309,-0.12515665590763092,EXP_LinearModel_Alpha158_csi300_custom_step0_s_20260729_13,71746a05ed9c4cb6abc93820d418a04c,0.054,,,
136,2026-07-29,SH600276,-0.05960744619369507,EXP_LinearModel_Alpha158_csi300_custom_step0_s_20260729_13,71746a05ed9c4cb6abc93820d418a04c,0.054,,,
137,2026-07-29,SH600233,-0.02642808109521866,EXP_LinearModel_Alpha158_csi300_custom_step0_s_20260729_13,71746a05ed9c4cb6abc93820d418a04c,0.054,,,
138,2026-07-29,SH600221,0.015224075876176357,EXP_LinearModel_Alpha158_csi300_custom_step0_s_20260729_13,71746a05ed9c4cb6abc93820d418a04c,0.054,,,
139,2026-07-29,SH600219,-0.05708540230989456,EXP_LinearModel_Alpha158_csi300_custom_step0_s_20260729_13,71746a05ed9c4cb6abc93820d418a04c,0.054,,,
140,2026-07-29,SH600196,-0.025587018579244614,EXP_LinearModel_Alpha158_csi300_custom_step0_s_20260729_13,71746a05ed9c4cb6abc93820d418a04c,0.054,,,
141,2026-07-29,SH600188,-0.11632469296455383,EXP_LinearModel_Alpha158_csi300_custom_step0_s_20260729_13,71746a05ed9c4cb6abc93820d418a04c,0.054,,,
142,2026-07-29,SH600183,-0.0019934410229325294,EXP_LinearModel_Alpha158_csi300_custom_step0_s_20260729_13,71746a05ed9c4cb6abc93820d418a04c,0.054,,,
143,2026-07-29,SH600176,0.10626997798681259,EXP_LinearModel_Alpha158_csi300_custom_step0_s_20260729_13,71746a05ed9c4cb6abc93820d418a04c,0.054,,,
144,2026-07-29,SH600460,0.19289392232894897,EXP_LinearModel_Alpha158_csi300_custom_step0_s_20260729_13,71746a05ed9c4cb6abc93820d418a04c,0.054,,,
145,2026-07-29,SH600875,-0.0054198456928133965,EXP_LinearModel_Alpha158_csi300_custom_step0_s_20260729_13,71746a05ed9c4cb6abc93820d418a04c,0.054,,,
146,2026-07-29,SH600482,-0.024163104593753815,EXP_LinearModel_Alpha158_csi300_custom_step0_s_20260729_13,71746a05ed9c4cb6abc93820d418a04c,0.054,,,
147,2026-07-29,SH600515,0.006135230418294668,EXP_LinearModel_Alpha158_csi300_custom_step0_s_20260729_13,71746a05ed9c4cb6abc93820d418a04c,0.054,,,
148,2026-07-29,SH600809,-0.07038594037294388,EXP_LinearModel_Alpha158_csi300_custom_step0_s_20260729_13,71746a05ed9c4cb6abc93820d418a04c,0.054,,,
149,2026-07-29,SH600803,0.022162705659866333,EXP_LinearModel_Alpha158_csi300_custom_step0_s_20260729_13,71746a05ed9c4cb6abc93820d418a04c,0.054,,,
150,2026-07-29,SH600795,0.04966580495238304,EXP_LinearModel_Alpha158_csi300_custom_step0_s_20260729_13,71746a05ed9c4cb6abc93820d418a04c,0.054,,,
151,2026-07-29,SH600760,-0.04755384102463722,EXP_LinearModel_Alpha158_csi300_custom_step0_s_20260729_13,71746a05ed9c4cb6abc93820d418a04c,0.054,,,
152,2026-07-29,SH600741,0.09224475920200348,EXP_LinearModel_Alpha158_csi300_custom_step0_s_20260729_13,71746a05ed9c4cb6abc93820d418a04c,0.054,,,
153,2026-07-29,SH600690,0.04835040494799614,EXP_LinearModel_Alpha158_csi300_custom_step0_s_20260729_13,71746a05ed9c4cb6abc93820d418a04c,0.054,,,
154,2026-07-29,SH600674,0.10699447244405746,EXP_LinearModel_Alpha158_csi300_custom_step0_s_20260729_13,71746a05ed9c4cb6abc93820d418a04c,0.054,,,
155,2026-07-29,SH600660,0.04094106703996658,EXP_LinearModel_Alpha158_csi300_custom_step0_s_20260729_13,71746a05ed9c4cb6abc93820d418a04c,0.054,,,
156,2026-07-29,SH600600,0.014371948316693306,EXP_LinearModel_Alpha158_csi300_custom_step0_s_20260729_13,71746a05ed9c4cb6abc93820d418a04c,0.054,,,
157,2026-07-29,SH600588,-0.06859752535820007,EXP_LinearModel_Alpha158_csi300_custom_step0_s_20260729_13,71746a05ed9c4cb6abc93820d418a04c,0.054,,,
158,2026-07-29,SH600585,0.024740608409047127,EXP_LinearModel_Alpha158_csi300_custom_step0_s_20260729_13,71746a05ed9c4cb6abc93820d418a04c,0.054,,,
159,2026-07-29,SH600584,-0.01160762831568718,EXP_LinearModel_Alpha158_csi300_custom_step0_s_20260729_13,71746a05ed9c4cb6abc93820d418a04c,0.054,,,
160,2026-07-29,SH600570,-0.08529020845890045,EXP_LinearModel_Alpha158_csi300_custom_step0_s_20260729_13,71746a05ed9c4cb6abc93820d418a04c,0.054,,,
161,2026-07-29,SH600549,0.22968924045562744,EXP_LinearModel_Alpha158_csi300_custom_step0_s_20260729_13,71746a05ed9c4cb6abc93820d418a04c,0.054,,,
162,2026-07-29,SH600547,-0.09438776224851608,EXP_LinearModel_Alpha158_csi300_custom_step0_s_20260729_13,71746a05ed9c4cb6abc93820d418a04c,0.054,,,
163,2026-07-29,SH600522,0.5273550748825073,EXP_LinearModel_Alpha158_csi300_custom_step0_s_20260729_13,71746a05ed9c4cb6abc93820d418a04c,0.054,,,
164,2026-07-29,SH600519,0.015761254355311394,EXP_LinearModel_Alpha158_csi300_custom_step0_s_20260729_13,71746a05ed9c4cb6abc93820d418a04c,0.054,,,
165,2026-07-29,SH600489,-0.10927507281303406,EXP_LinearModel_Alpha158_csi300_custom_step0_s_20260729_13,71746a05ed9c4cb6abc93820d418a04c,0.054,,,
166,2026-07-29,SZ002415,-0.09565144032239914,EXP_LinearModel_Alpha158_csi300_custom_step0_s_20260729_13,a18db767c6c64391a430019375ed8698,0.031,,,
167,2026-07-29,SZ002384,-0.14231641590595245,EXP_LinearModel_Alpha158_csi300_custom_step0_s_20260729_13,a18db767c6c64391a430019375ed8698,0.031,,,
168,2026-07-29,SZ002371,-0.27228644490242004,EXP_LinearModel_Alpha158_csi300_custom_step0_s_20260729_13,a18db767c6c64391a430019375ed8698,0.031,,,
169,2026-07-29,SH601818,0.10208455473184586,EXP_LinearModel_Alpha158_csi300_custom_step0_s_20260729_13,a18db767c6c64391a430019375ed8698,0.031,,,
170,2026-07-29,SH601816,0.07282755523920059,EXP_LinearModel_Alpha158_csi300_custom_step0_s_20260729_13,a18db767c6c64391a430019375ed8698,0.031,,,
171,2026-07-29,SH601800,0.02568114548921585,EXP_LinearModel_Alpha158_csi300_custom_step0_s_20260729_13,a18db767c6c64391a430019375ed8698,0.031,,,
172,2026-07-29,SH601788,-0.045878082513809204,EXP_LinearModel_Alpha158_csi300_custom_step0_s_20260729_13,a18db767c6c64391a430019375ed8698,0.031,,,
173,2026-07-29,SH601766,0.08287239074707031,EXP_LinearModel_Alpha158_csi300_custom_step0_s_20260729_13,a18db767c6c64391a430019375ed8698,0.031,,,
174,2026-07-29,SH601728,0.050282951444387436,EXP_LinearModel_Alpha158_csi300_custom_step0_s_20260729_13,a18db767c6c64391a430019375ed8698,0.031,,,
175,2026-07-29,SH601727,0.017907388508319855,EXP_LinearModel_Alpha158_csi300_custom_step0_s_20260729_13,a18db767c6c64391a430019375ed8698,0.031,,,
176,2026-07-29,SH601698,-0.028409138321876526,EXP_LinearModel_Alpha158_csi300_custom_step0_s_20260729_13,a18db767c6c64391a430019375ed8698,0.031,,,
177,2026-07-29,SH601689,0.05459780991077423,EXP_LinearModel_Alpha158_csi300_custom_step0_s_20260729_13,a18db767c6c64391a430019375ed8698,0.031,,,
178,2026-07-29,SH601688,-0.03905363380908966,EXP_LinearModel_Alpha158_csi300_custom_step0_s_20260729_13,a18db767c6c64391a430019375ed8698,0.031,,,
179,2026-07-29,SH601669,0.001211661845445633,EXP_LinearModel_Alpha158_csi300_custom_step0_s_20260729_13,a18db767c6c64391a430019375ed8698,0.031,,,
180,2026-07-29,SH601668,0.11744220554828644,EXP_LinearModel_Alpha158_csi300_custom_step0_s_20260729_13,a18db767c6c64391a430019375ed8698,0.031,,,
181,2026-07-29,SH601658,0.06312151253223419,EXP_LinearModel_Alpha158_csi300_custom_step0_s_20260729_13,a18db767c6c64391a430019375ed8698,0.031,,,
182,2026-07-29,SH601633,-8.319900371134281e-05,EXP_LinearModel_Alpha158_csi300_custom_step0_s_20260729_13,a18db767c6c64391a430019375ed8698,0.031,,,
183,2026-07-29,SH601628,0.05043106526136398,EXP_LinearModel_Alpha158_csi300_custom_step0_s_20260729_13,a18db767c6c64391a430019375ed8698,0.031,,,
184,2026-07-29,SH601618,0.007738509215414524,EXP_LinearModel_Alpha158_csi300_custom_step0_s_20260729_13,a18db767c6c64391a430019375ed8698,0.031,,,
185,2026-07-29,SH601607,0.02015400119125843,EXP_LinearModel_Alpha158_csi300_custom_step0_s_20260729_13,a18db767c6c64391a430019375ed8698,0.031,,,
186,2026-07-29,SH601825,0.04057123512029648,EXP_LinearModel_Alpha158_csi300_custom_step0_s_20260729_13,a18db767c6c64391a430019375ed8698,0.031,,,
187,2026-07-29,SH601601,0.03083491325378418,EXP_LinearModel_Alpha158_csi300_custom_step0_s_20260729_13,a18db767c6c64391a430019375ed8698,0.031,,,
188,2026-07-29,SH601838,0.06833016872406006,EXP_LinearModel_Alpha158_csi300_custom_step0_s_20260729_13,a18db767c6c64391a430019375ed8698,0.031,,,
189,2026-07-29,SH601868,-0.000639461213722825,EXP_LinearModel_Alpha158_csi300_custom_step0_s_20260729_13,a18db767c6c64391a430019375ed8698,0.031,,,
190,2026-07-29,SH603259,-0.022276289761066437,EXP_LinearModel_Alpha158_csi300_custom_step0_s_20260729_13,a18db767c6c64391a430019375ed8698,0.031,,,
191,2026-07-29,SH603019,-0.07917125523090363,EXP_LinearModel_Alpha158_csi300_custom_step0_s_20260729_13,a18db767c6c64391a430019375ed8698,0.031,,,
192,2026-07-29,SH601998,0.014485636726021767,EXP_LinearModel_Alpha158_csi300_custom_step0_s_20260729_13,a18db767c6c64391a430019375ed8698,0.031,,,
193,2026-07-29,SH601995,0.014893804676830769,EXP_LinearModel_Alpha158_csi300_custom_step0_s_20260729_13,a18db767c6c64391a430019375ed8698,0.031,,,
194,2026-07-29,SH601988,0.05067143589258194,EXP_LinearModel_Alpha158_csi300_custom_step0_s_20260729_13,a18db767c6c64391a430019375ed8698,0.031,,,
195,2026-07-29,SH601985,0.040096595883369446,EXP_LinearModel_Alpha158_csi300_custom_step0_s_20260729_13,a18db767c6c64391a430019375ed8698,0.031,,,
196,2026-07-29,SH601939,0.043899040669202805,EXP_LinearModel_Alpha158_csi300_custom_step0_s_20260729_13,a18db767c6c64391a430019375ed8698,0.031,,,
197,2026-07-29,SH601919,0.008381935767829418,EXP_LinearModel_Alpha158_csi300_custom_step0_s_20260729_13,a18db767c6c64391a430019375ed8698,0.031,,,
198,2026-07-29,SH601916,0.11525827646255493,EXP_LinearModel_Alpha158_csi300_custom_step0_s_20260729_13,a18db767c6c64391a430019375ed8698,0.031,,,
199,2026-07-29,SH601901,-0.007845909334719181,EXP_LinearModel_Alpha158_csi300_custom_step0_s_20260729_13,a18db767c6c64391a430019375ed8698,0.031,,,
200,2026-07-29,SH601899,-0.1325594037771225,EXP_LinearModel_Alpha158_csi300_custom_step0_s_20260729_13,a18db767c6c64391a430019375ed8698,0.031,,,
201,2026-07-29,SH601898,-0.055378369987010956,EXP_LinearModel_Alpha158_csi300_custom_step0_s_20260729_13,a18db767c6c64391a430019375ed8698,0.031,,,
202,2026-07-29,SH601888,-0.01791662909090519,EXP_LinearModel_Alpha158_csi300_custom_step0_s_20260729_13,a18db767c6c64391a430019375ed8698,0.031,,,
203,2026-07-29,SH601881,-0.05340973287820816,EXP_LinearModel_Alpha158_csi300_custom_step0_s_20260729_13,a18db767c6c64391a430019375ed8698,0.031,,,
204,2026-07-29,SH601878,-0.03006736934185028,EXP_LinearModel_Alpha158_csi300_custom_step0_s_20260729_13,a18db767c6c64391a430019375ed8698,0.031,,,
205,2026-07-29,SH601877,-0.00043139304034411907,EXP_LinearModel_Alpha158_csi300_custom_step0_s_20260729_13,a18db767c6c64391a430019375ed8698,0.031,,,
206,2026-07-29,SH601872,-0.08857956528663635,EXP_LinearModel_Alpha158_csi300_custom_step0_s_20260729_13,a18db767c6c64391a430019375ed8698,0.031,,,
207,2026-07-29,SH601857,0.06067446991801262,EXP_LinearModel_Alpha158_csi300_custom_step0_s_20260729_13,a18db767c6c64391a430019375ed8698,0.031,,,
208,2026-07-29,SH603260,0.05984186381101608,EXP_LinearModel_Alpha158_csi300_custom_step0_s_20260729_13,a18db767c6c64391a430019375ed8698,0.031,,,
209,2026-07-29,SH601600,-0.0010168487206101418,EXP_LinearModel_Alpha158_csi300_custom_step0_s_20260729_13,a18db767c6c64391a430019375ed8698,0.031,,,
210,2026-07-29,SH601398,0.03953302651643753,EXP_LinearModel_Alpha158_csi300_custom_step0_s_20260729_13,a18db767c6c64391a430019375ed8698,0.031,,,
211,2026-07-29,SH601088,0.04798842594027519,EXP_LinearModel_Alpha158_csi300_custom_step0_s_20260729_13,a18db767c6c64391a430019375ed8698,0.031,,,
212,2026-07-29,SH601077,0.02781052142381668,EXP_LinearModel_Alpha158_csi300_custom_step0_s_20260729_13,a18db767c6c64391a430019375ed8698,0.031,,,
213,2026-07-29,SH601066,-0.02789207361638546,EXP_LinearModel_Alpha158_csi300_custom_step0_s_20260729_13,a18db767c6c64391a430019375ed8698,0.031,,,
214,2026-07-29,SH601059,-0.060720209032297134,EXP_LinearModel_Alpha158_csi300_custom_step0_s_20260729_13,a18db767c6c64391a430019375ed8698,0.031,,,
215,2026-07-29,SH601058,0.006151026114821434,EXP_LinearModel_Alpha158_csi300_custom_step0_s_20260729_13,a18db767c6c64391a430019375ed8698,0.031,,,
216,2026-07-29,SH601021,0.02915853075683117,EXP_LinearModel_Alpha158_csi300_custom_step0_s_20260729_13,a18db767c6c64391a430019375ed8698,0.031,,,
217,2026-07-29,SH601018,0.06291697919368744,EXP_LinearModel_Alpha158_csi300_custom_step0_s_20260729_13,a18db767c6c64391a430019375ed8698,0.031,,,
218,2026-07-29,SH601012,-0.0889834389090538,EXP_LinearModel_Alpha158_csi300_custom_step0_s_20260729_13,a18db767c6c64391a430019375ed8698,0.031,,,
219,2026-07-29,SH601009,0.06170956790447235,EXP_LinearModel_Alpha158_csi300_custom_step0_s_20260729_13,a18db767c6c64391a430019375ed8698,0.031,,,
220,2026-07-29,SH601006,0.06919282674789429,EXP_LinearModel_Alpha158_csi300_custom_step0_s_20260729_13,a18db767c6c64391a430019375ed8698,0.031,,,
221,2026-07-29,SH600999,-0.028371265158057213,EXP_LinearModel_Alpha158_csi300_custom_step0_s_20260729_13,a18db767c6c64391a430019375ed8698,0.031,,,
222,2026-07-29,SH600989,-0.010607056319713593,EXP_LinearModel_Alpha158_csi300_custom_step0_s_20260729_13,a18db767c6c64391a430019375ed8698,0.031,,,
223,2026-07-29,SH600958,,EXP_LinearModel_Alpha158_csi300_custom_step0_s_20260729_13,a18db767c6c64391a430019375ed8698,0.031,,,
224,2026-07-29,SH600941,0.028755223378539085,EXP_LinearModel_Alpha158_csi300_custom_step0_s_20260729_13,a18db767c6c64391a430019375ed8698,0.031,,,
225,2026-07-29,SH600938,-0.013292727060616016,EXP_LinearModel_Alpha158_csi300_custom_step0_s_20260729_13,a18db767c6c64391a430019375ed8698,0.031,,,
226,2026-07-29,SH600930,0.13973744213581085,EXP_LinearModel_Alpha158_csi300_custom_step0_s_20260729_13,a18db767c6c64391a430019375ed8698,0.031,,,
227,2026-07-29,SH600926,0.05093902722001076,EXP_LinearModel_Alpha158_csi300_custom_step0_s_20260729_13,a18db767c6c64391a430019375ed8698,0.031,,,
228,2026-07-29,SH601100,-0.12298315018415451,EXP_LinearModel_Alpha158_csi300_custom_step0_s_20260729_13,a18db767c6c64391a430019375ed8698,0.031,,,
229,2026-07-29,SH601456,0.00760811660438776,EXP_LinearModel_Alpha158_csi300_custom_step0_s_20260729_13,a18db767c6c64391a430019375ed8698,0.031,,,
230,2026-07-29,SH601111,-0.06584401428699493,EXP_LinearModel_Alpha158_csi300_custom_step0_s_20260729_13,a18db767c6c64391a430019375ed8698,0.031,,,
231,2026-07-29,SH601127,-0.010957054793834686,EXP_LinearModel_Alpha158_csi300_custom_step0_s_20260729_13,a18db767c6c64391a430019375ed8698,0.031,,,
232,2026-07-29,SH601390,0.08666166663169861,EXP_LinearModel_Alpha158_csi300_custom_step0_s_20260729_13,a18db767c6c64391a430019375ed8698,0.031,,,
233,2026-07-29,SH601377,-0.007222048472613096,EXP_LinearModel_Alpha158_csi300_custom_step0_s_20260729_13,a18db767c6c64391a430019375ed8698,0.031,,,
234,2026-07-29,SH601360,-0.10537011921405792,EXP_LinearModel_Alpha158_csi300_custom_step0_s_20260729_13,a18db767c6c64391a430019375ed8698,0.031,,,
235,2026-07-29,SH601336,-0.03528567776083946,EXP_LinearModel_Alpha158_csi300_custom_step0_s_20260729_13,a18db767c6c64391a430019375ed8698,0.031,,,
236,2026-07-29,SH601328,0.10460356622934341,EXP_LinearModel_Alpha158_csi300_custom_step0_s_20260729_13,a18db767c6c64391a430019375ed8698,0.031,,,
237,2026-07-29,SH601319,0.08032567799091339,EXP_LinearModel_Alpha158_csi300_custom_step0_s_20260729_13,a18db767c6c64391a430019375ed8698,0.031,,,
238,2026-07-29,SH601318,0.03465354070067406,EXP_LinearModel_Alpha158_csi300_custom_step0_s_20260729_13,a18db767c6c64391a430019375ed8698,0.031,,,
239,2026-07-29,SH601288,0.060001205652952194,EXP_LinearModel_Alpha158_csi300_custom_step0_s_20260729_13,a18db767c6c64391a430019375ed8698,0.031,,,
240,2026-07-29,SH601238,-0.01220730785280466,EXP_LinearModel_Alpha158_csi300_custom_step0_s_20260729_13,a18db767c6c64391a430019375ed8698,0.031,,,
241,2026-07-29,SH601229,0.043870583176612854,EXP_LinearModel_Alpha158_csi300_custom_step0_s_20260729_13,a18db767c6c64391a430019375ed8698,0.031,,,
242,2026-07-29,SH601225,-0.01815875619649887,EXP_LinearModel_Alpha158_csi300_custom_step0_s_20260729_13,a18db767c6c64391a430019375ed8698,0.031,,,
243,2026-07-29,SH601211,-0.04653775691986084,EXP_LinearModel_Alpha158_csi300_custom_step0_s_20260729_13,a18db767c6c64391a430019375ed8698,0.031,,,
244,2026-07-29,SH601186,0.052098967134952545,EXP_LinearModel_Alpha158_csi300_custom_step0_s_20260729_13,a18db767c6c64391a430019375ed8698,0.031,,,
245,2026-07-29,SH601169,0.12720003724098206,EXP_LinearModel_Alpha158_csi300_custom_step0_s_20260729_13,a18db767c6c64391a430019375ed8698,0.031,,,
246,2026-07-29,SH601166,0.0780707523226738,EXP_LinearModel_Alpha158_csi300_custom_step0_s_20260729_13,a18db767c6c64391a430019375ed8698,0.031,,,
247,2026-07-29,SH601138,-0.07429485023021698,EXP_LinearModel_Alpha158_csi300_custom_step0_s_20260729_13,a18db767c6c64391a430019375ed8698,0.031,,,
248,2026-07-29,SH601136,-0.002557789906859398,EXP_LinearModel_Alpha158_csi300_custom_step0_s_20260729_13,a18db767c6c64391a430019375ed8698,0.031,,,
249,2026-07-29,SH601117,-0.007040949538350105,EXP_LinearModel_Alpha158_csi300_custom_step0_s_20260729_13,a18db767c6c64391a430019375ed8698,0.031,,,
250,2026-07-29,SH603288,0.04086132347583771,EXP_LinearModel_Alpha158_csi300_custom_step0_s_20260729_13,a18db767c6c64391a430019375ed8698,0.031,,,
251,2026-07-29,SH603296,-0.2549684941768646,EXP_LinearModel_Alpha158_csi300_custom_step0_s_20260729_13,a18db767c6c64391a430019375ed8698,0.031,,,
252,2026-07-29,SH603369,0.0379338264465332,EXP_LinearModel_Alpha158_csi300_custom_step0_s_20260729_13,a18db767c6c64391a430019375ed8698,0.031,,,
253,2026-07-29,SZ000988,0.09868668764829636,EXP_LinearModel_Alpha158_csi300_custom_step0_s_20260729_13,a18db767c6c64391a430019375ed8698,0.031,,,
254,2026-07-29,SZ000977,-0.1160670816898346,EXP_LinearModel_Alpha158_csi300_custom_step0_s_20260729_13,a18db767c6c64391a430019375ed8698,0.031,,,
255,2026-07-29,SZ000975,-0.05694951117038727,EXP_LinearModel_Alpha158_csi300_custom_step0_s_20260729_13,a18db767c6c64391a430019375ed8698,0.031,,,
256,2026-07-29,SZ000963,-0.054138101637363434,EXP_LinearModel_Alpha158_csi300_custom_step0_s_20260729_13,a18db767c6c64391a430019375ed8698,0.031,,,
257,2026-07-29,SZ000938,-0.1132340133190155,EXP_LinearModel_Alpha158_csi300_custom_step0_s_20260729_13,a18db767c6c64391a430019375ed8698,0.031,,,
258,2026-07-29,SZ000895,0.03565772622823715,EXP_LinearModel_Alpha158_csi300_custom_step0_s_20260729_13,a18db767c6c64391a430019375ed8698,0.031,,,
259,2026-07-29,SZ000858,-0.026080168783664703,EXP_LinearModel_Alpha158_csi300_custom_step0_s_20260729_13,a18db767c6c64391a430019375ed8698,0.031,,,
260,2026-07-29,SZ000807,-0.006119437515735626,EXP_LinearModel_Alpha158_csi300_custom_step0_s_20260729_13,a18db767c6c64391a430019375ed8698,0.031,,,
261,2026-07-29,SZ000792,-0.09761499613523483,EXP_LinearModel_Alpha158_csi300_custom_step0_s_20260729_13,a18db767c6c64391a430019375ed8698,0.031,,,
262,2026-07-29,SZ000776,-0.0813450813293457,EXP_LinearModel_Alpha158_csi300_custom_step0_s_20260729_13,a18db767c6c64391a430019375ed8698,0.031,,,
263,2026-07-29,SZ000768,0.035166185349226,EXP_LinearModel_Alpha158_csi300_custom_step0_s_20260729_13,a18db767c6c64391a430019375ed8698,0.031,,,
264,2026-07-29,SZ000725,-0.05329631641507149,EXP_LinearModel_Alpha158_csi300_custom_step0_s_20260729_13,a18db767c6c64391a430019375ed8698,0.031,,,
265,2026-07-29,SZ000708,0.0010981872910633683,EXP_LinearModel_Alpha158_csi300_custom_step0_s_20260729_13,a18db767c6c64391a430019375ed8698,0.031,,,
266,2026-07-29,SZ000657,0.0006147511303424835,EXP_LinearModel_Alpha158_csi300_custom_step0_s_20260729_13,a18db767c6c64391a430019375ed8698,0.031,,,
267,2026-07-29,SZ000651,0.04301520064473152,EXP_LinearModel_Alpha158_csi300_custom_step0_s_20260729_13,a18db767c6c64391a430019375ed8698,0.031,,,
268,2026-07-29,SZ000630,-0.04456441104412079,EXP_LinearModel_Alpha158_csi300_custom_step0_s_20260729_13,a18db767c6c64391a430019375ed8698,0.031,,,
269,2026-07-29,SZ000625,-0.03265222907066345,EXP_LinearModel_Alpha158_csi300_custom_step0_s_20260729_13,a18db767c6c64391a430019375ed8698,0.031,,,
270,2026-07-29,SZ000999,0.023540252819657326,EXP_LinearModel_Alpha158_csi300_custom_step0_s_20260729_13,a18db767c6c64391a430019375ed8698,0.031,,,
271,2026-07-29,SZ000617,-0.005227444693446159,EXP_LinearModel_Alpha158_csi300_custom_step0_s_20260729_13,a18db767c6c64391a430019375ed8698,0.031,,,
272,2026-07-29,SZ001280,0.06471005082130432,EXP_LinearModel_Alpha158_csi300_custom_step0_s_20260729_13,a18db767c6c64391a430019375ed8698,0.031,,,
273,2026-07-29,SZ001965,0.017078030854463577,EXP_LinearModel_Alpha158_csi300_custom_step0_s_20260729_13,a18db767c6c64391a430019375ed8698,0.031,,,
274,2026-07-29,SZ002353,-0.10238055884838104,EXP_LinearModel_Alpha158_csi300_custom_step0_s_20260729_13,a18db767c6c64391a430019375ed8698,0.031,,,
275,2026-07-29,SZ002352,0.0344378761947155,EXP_LinearModel_Alpha158_csi300_custom_step0_s_20260729_13,a18db767c6c64391a430019375ed8698,0.031,,,
276,2026-07-29,SZ002311,-0.010876058600842953,EXP_LinearModel_Alpha158_csi300_custom_step0_s_20260729_13,a18db767c6c64391a430019375ed8698,0.031,,,
277,2026-07-29,SZ002304,-0.03538093343377113,EXP_LinearModel_Alpha158_csi300_custom_step0_s_20260729_13,a18db767c6c64391a430019375ed8698,0.031,,,
278,2026-07-29,SZ002241,0.008679918944835663,EXP_LinearModel_Alpha158_csi300_custom_step0_s_20260729_13,a18db767c6c64391a430019375ed8698,0.031,,,
279,2026-07-29,SZ002236,-0.06253813952207565,EXP_LinearModel_Alpha158_csi300_custom_step0_s_20260729_13,a18db767c6c64391a430019375ed8698,0.031,,,
280,2026-07-29,SZ002230,-0.07028770446777344,EXP_LinearModel_Alpha158_csi300_custom_step0_s_20260729_13,a18db767c6c64391a430019375ed8698,0.031,,,
281,2026-07-29,SZ002202,-0.0011417455971240997,EXP_LinearModel_Alpha158_csi300_custom_step0_s_20260729_13,a18db767c6c64391a430019375ed8698,0.031,,,
282,2026-07-29,SZ002179,0.028147172182798386,EXP_LinearModel_Alpha158_csi300_custom_step0_s_20260729_13,a18db767c6c64391a430019375ed8698,0.031,,,
283,2026-07-29,SZ002142,0.050391752272844315,EXP_LinearModel_Alpha158_csi300_custom_step0_s_20260729_13,a18db767c6c64391a430019375ed8698,0.031,,,
284,2026-07-29,SZ002074,0.06130239740014076,EXP_LinearModel_Alpha158_csi300_custom_step0_s_20260729_13,a18db767c6c64391a430019375ed8698,0.031,,,
285,2026-07-29,SZ002050,-0.04427815601229668,EXP_LinearModel_Alpha158_csi300_custom_step0_s_20260729_13,a18db767c6c64391a430019375ed8698,0.031,,,
286,2026-07-29,SZ002049,0.033590830862522125,EXP_LinearModel_Alpha158_csi300_custom_step0_s_20260729_13,a18db767c6c64391a430019375ed8698,0.031,,,
287,2026-07-29,SZ002028,-0.1596347987651825,EXP_LinearModel_Alpha158_csi300_custom_step0_s_20260729_13,a18db767c6c64391a430019375ed8698,0.031,,,
288,2026-07-29,SZ002027,0.04182109981775284,EXP_LinearModel_Alpha158_csi300_custom_step0_s_20260729_13,a18db767c6c64391a430019375ed8698,0.031,,,
289,2026-07-29,SZ002001,-0.049602851271629333,EXP_LinearModel_Alpha158_csi300_custom_step0_s_20260729_13,a18db767c6c64391a430019375ed8698,0.031,,,
290,2026-07-29,SZ001979,0.024938765913248062,EXP_LinearModel_Alpha158_csi300_custom_step0_s_20260729_13,a18db767c6c64391a430019375ed8698,0.031,,,
291,2026-07-29,SZ001391,0.060706328600645065,EXP_LinearModel_Alpha158_csi300_custom_step0_s_20260729_13,a18db767c6c64391a430019375ed8698,0.031,,,
292,2026-07-29,SZ000596,-0.08363442867994308,EXP_LinearModel_Alpha158_csi300_custom_step0_s_20260729_13,a18db767c6c64391a430019375ed8698,0.031,,,
293,2026-07-29,SZ000568,-0.0028174039907753468,EXP_LinearModel_Alpha158_csi300_custom_step0_s_20260729_13,a18db767c6c64391a430019375ed8698,0.031,,,
294,2026-07-29,SZ000538,-0.01485537551343441,EXP_LinearModel_Alpha158_csi300_custom_step0_s_20260729_13,a18db767c6c64391a430019375ed8698,0.031,,,
295,2026-07-29,SH688111,-0.2124997228384018,EXP_LinearModel_Alpha158_csi300_custom_step0_s_20260729_13,a18db767c6c64391a430019375ed8698,0.031,,,
296,2026-07-29,SH688082,-0.32012173533439636,EXP_LinearModel_Alpha158_csi300_custom_step0_s_20260729_13,a18db767c6c64391a430019375ed8698,0.031,,,
297,2026-07-29,SH688072,,EXP_LinearModel_Alpha158_csi300_custom_step0_s_20260729_13,a18db767c6c64391a430019375ed8698,0.031,,,
298,2026-07-29,SH688047,0.06111842766404152,EXP_LinearModel_Alpha158_csi300_custom_step0_s_20260729_13,a18db767c6c64391a430019375ed8698,0.031,,,
299,2026-07-29,SH688041,-0.15486352145671844,EXP_LinearModel_Alpha158_csi300_custom_step0_s_20260729_13,a18db767c6c64391a430019375ed8698,0.031,,,
300,2026-07-29,SH688036,-0.03598473593592644,EXP_LinearModel_Alpha158_csi300_custom_step0_s_20260729_13,a18db767c6c64391a430019375ed8698,0.031,,,
301,2026-07-29,SH688012,-0.3775292932987213,EXP_LinearModel_Alpha158_csi300_custom_step0_s_20260729_13,a18db767c6c64391a430019375ed8698,0.031,,,
302,2026-07-29,SH688009,0.12423422932624817,EXP_LinearModel_Alpha158_csi300_custom_step0_s_20260729_13,a18db767c6c64391a430019375ed8698,0.031,,,
303,2026-07-29,SH688008,-0.23107804358005524,EXP_LinearModel_Alpha158_csi300_custom_step0_s_20260729_13,a18db767c6c64391a430019375ed8698,0.031,,,
304,2026-07-29,SH605499,-0.03475606441497803,EXP_LinearModel_Alpha158_csi300_custom_step0_s_20260729_13,a18db767c6c64391a430019375ed8698,0.031,,,
305,2026-07-29,SH605117,-0.05738867074251175,EXP_LinearModel_Alpha158_csi300_custom_step0_s_20260729_13,a18db767c6c64391a430019375ed8698,0.031,,,
306,2026-07-29,SH603993,-0.12525153160095215,EXP_LinearModel_Alpha158_csi300_custom_step0_s_20260729_13,a18db767c6c64391a430019375ed8698,0.031,,,
307,2026-07-29,SH603986,0.026304274797439575,EXP_LinearModel_Alpha158_csi300_custom_step0_s_20260729_13,a18db767c6c64391a430019375ed8698,0.031,,,
308,2026-07-29,SH603893,-0.0471956804394722,EXP_LinearModel_Alpha158_csi300_custom_step0_s_20260729_13,a18db767c6c64391a430019375ed8698,0.031,,,
309,2026-07-29,SH603799,-0.05714046210050583,EXP_LinearModel_Alpha158_csi300_custom_step0_s_20260729_13,a18db767c6c64391a430019375ed8698,0.031,,,
310,2026-07-29,SH603501,0.05275215208530426,EXP_LinearModel_Alpha158_csi300_custom_step0_s_20260729_13,a18db767c6c64391a430019375ed8698,0.031,,,
311,2026-07-29,SH603392,-0.024214571341872215,EXP_LinearModel_Alpha158_csi300_custom_step0_s_20260729_13,a18db767c6c64391a430019375ed8698,0.031,,,
312,2026-07-29,SH688126,-0.07770949602127075,EXP_LinearModel_Alpha158_csi300_custom_step0_s_20260729_13,a18db767c6c64391a430019375ed8698,0.031,,,
313,2026-07-29,SH688183,-0.17266333103179932,EXP_LinearModel_Alpha158_csi300_custom_step0_s_20260729_13,a18db767c6c64391a430019375ed8698,0.031,,,
314,2026-07-29,SH688223,0.0796307623386383,EXP_LinearModel_Alpha158_csi300_custom_step0_s_20260729_13,a18db767c6c64391a430019375ed8698,0.031,,,
315,2026-07-29,SH688256,-0.18741397559642792,EXP_LinearModel_Alpha158_csi300_custom_step0_s_20260729_13,a18db767c6c64391a430019375ed8698,0.031,,,
316,2026-07-29,SZ000425,-0.02027151919901371,EXP_LinearModel_Alpha158_csi300_custom_step0_s_20260729_13,a18db767c6c64391a430019375ed8698,0.031,,,
317,2026-07-29,SZ000408,-0.12466342747211456,EXP_LinearModel_Alpha158_csi300_custom_step0_s_20260729_13,a18db767c6c64391a430019375ed8698,0.031,,,
318,2026-07-29,SZ000338,0.0213625431060791,EXP_LinearModel_Alpha158_csi300_custom_step0_s_20260729_13,a18db767c6c64391a430019375ed8698,0.031,,,
319,2026-07-29,SZ000333,0.01767643727362156,EXP_LinearModel_Alpha158_csi300_custom_step0_s_20260729_13,a18db767c6c64391a430019375ed8698,0.031,,,
320,2026-07-29,SZ000301,-0.005753657314926386,EXP_LinearModel_Alpha158_csi300_custom_step0_s_20260729_13,a18db767c6c64391a430019375ed8698,0.031,,,
321,2026-07-29,SZ000166,-0.02871217206120491,EXP_LinearModel_Alpha158_csi300_custom_step0_s_20260729_13,a18db767c6c64391a430019375ed8698,0.031,,,
322,2026-07-29,SZ000157,-0.018912959843873978,EXP_LinearModel_Alpha158_csi300_custom_step0_s_20260729_13,a18db767c6c64391a430019375ed8698,0.031,,,
323,2026-07-29,SZ000100,-0.13283772766590118,EXP_LinearModel_Alpha158_csi300_custom_step0_s_20260729_13,a18db767c6c64391a430019375ed8698,0.031,,,
324,2026-07-29,SH601328,0.11299099773168564,EXP_LinearModel_Alpha158_csi300_custom_step0_s_20260729_13,71746a05ed9c4cb6abc93820d418a04c,0.054,,,
325,2026-07-29,SZ000063,-0.10994531959295273,EXP_LinearModel_Alpha158_csi300_custom_step0_s_20260729_13,a18db767c6c64391a430019375ed8698,0.031,,,
326,2026-07-29,SZ000001,0.0350995771586895,EXP_LinearModel_Alpha158_csi300_custom_step0_s_20260729_13,a18db767c6c64391a430019375ed8698,0.031,,,
327,2026-07-29,SH688981,-0.1095089465379715,EXP_LinearModel_Alpha158_csi300_custom_step0_s_20260729_13,a18db767c6c64391a430019375ed8698,0.031,,,
328,2026-07-29,SH688521,-0.0810227021574974,EXP_LinearModel_Alpha158_csi300_custom_step0_s_20260729_13,a18db767c6c64391a430019375ed8698,0.031,,,
329,2026-07-29,SH688506,-0.07729891687631607,EXP_LinearModel_Alpha158_csi300_custom_step0_s_20260729_13,a18db767c6c64391a430019375ed8698,0.031,,,
330,2026-07-29,SH688472,0.02789856120944023,EXP_LinearModel_Alpha158_csi300_custom_step0_s_20260729_13,a18db767c6c64391a430019375ed8698,0.031,,,
331,2026-07-29,SH688396,0.01579458825290203,EXP_LinearModel_Alpha158_csi300_custom_step0_s_20260729_13,a18db767c6c64391a430019375ed8698,0.031,,,
332,2026-07-29,SH688303,0.014333197847008705,EXP_LinearModel_Alpha158_csi300_custom_step0_s_20260729_13,a18db767c6c64391a430019375ed8698,0.031,,,
333,2026-07-29,SH688271,0.012502508237957954,EXP_LinearModel_Alpha158_csi300_custom_step0_s_20260729_13,a18db767c6c64391a430019375ed8698,0.031,,,
334,2026-07-29,SZ000002,-0.06137235462665558,EXP_LinearModel_Alpha158_csi300_custom_step0_s_20260729_13,a18db767c6c64391a430019375ed8698,0.031,,,
335,2026-07-29,SH601336,-0.04532215744256973,EXP_LinearModel_Alpha158_csi300_custom_step0_s_20260729_13,71746a05ed9c4cb6abc93820d418a04c,0.054,,,
336,2026-07-29,SH601360,-0.12730267643928528,EXP_LinearModel_Alpha158_csi300_custom_step0_s_20260729_13,71746a05ed9c4cb6abc93820d418a04c,0.054,,,
337,2026-07-29,SH601377,-0.042610153555870056,EXP_LinearModel_Alpha158_csi300_custom_step0_s_20260729_13,71746a05ed9c4cb6abc93820d418a04c,0.054,,,
338,2026-07-29,SH600372,0.006116554141044617,EXP_LinearModel_Alpha158_csi300_custom_step0_s_20260729_13,b17bfd4a125741fe9a03582ba1e3f14d,0.07,,,
339,2026-07-29,SH600362,-0.0726727694272995,EXP_LinearModel_Alpha158_csi300_custom_step0_s_20260729_13,b17bfd4a125741fe9a03582ba1e3f14d,0.07,,,
340,2026-07-29,SH600346,-0.09090444445610046,EXP_LinearModel_Alpha158_csi300_custom_step0_s_20260729_13,b17bfd4a125741fe9a03582ba1e3f14d,0.07,,,
341,2026-07-29,SH600309,-0.14144109189510345,EXP_LinearModel_Alpha158_csi300_custom_step0_s_20260729_13,b17bfd4a125741fe9a03582ba1e3f14d,0.07,,,
342,2026-07-29,SH600276,-0.011409195140004158,EXP_LinearModel_Alpha158_csi300_custom_step0_s_20260729_13,b17bfd4a125741fe9a03582ba1e3f14d,0.07,,,
343,2026-07-29,SH600233,0.0021282900124788284,EXP_LinearModel_Alpha158_csi300_custom_step0_s_20260729_13,b17bfd4a125741fe9a03582ba1e3f14d,0.07,,,
344,2026-07-29,SH600221,0.07721983641386032,EXP_LinearModel_Alpha158_csi300_custom_step0_s_20260729_13,b17bfd4a125741fe9a03582ba1e3f14d,0.07,,,
345,2026-07-29,SH600219,-0.019543731585144997,EXP_LinearModel_Alpha158_csi300_custom_step0_s_20260729_13,b17bfd4a125741fe9a03582ba1e3f14d,0.07,,,
346,2026-07-29,SH600196,-0.00740915909409523,EXP_LinearModel_Alpha158_csi300_custom_step0_s_20260729_13,b17bfd4a125741fe9a03582ba1e3f14d,0.07,,,
347,2026-07-29,SH600188,-0.0971546396613121,EXP_LinearModel_Alpha158_csi300_custom_step0_s_20260729_13,b17bfd4a125741fe9a03582ba1e3f14d,0.07,,,
348,2026-07-29,SH600183,0.10863923281431198,EXP_LinearModel_Alpha158_csi300_custom_step0_s_20260729_13,b17bfd4a125741fe9a03582ba1e3f14d,0.07,,,
349,2026-07-29,SH600176,-0.026451826095581055,EXP_LinearModel_Alpha158_csi300_custom_step0_s_20260729_13,b17bfd4a125741fe9a03582ba1e3f14d,0.07,,,
350,2026-07-29,SH600160,-0.020202122628688812,EXP_LinearModel_Alpha158_csi300_custom_step0_s_20260729_13,b17bfd4a125741fe9a03582ba1e3f14d,0.07,,,
351,2026-07-29,SH600150,-0.025104274973273277,EXP_LinearModel_Alpha158_csi300_custom_step0_s_20260729_13,b17bfd4a125741fe9a03582ba1e3f14d,0.07,,,
352,2026-07-29,SH600118,0.131109818816185,EXP_LinearModel_Alpha158_csi300_custom_step0_s_20260729_13,b17bfd4a125741fe9a03582ba1e3f14d,0.07,,,
353,2026-07-29,SH600115,-0.06480070948600769,EXP_LinearModel_Alpha158_csi300_custom_step0_s_20260729_13,b17bfd4a125741fe9a03582ba1e3f14d,0.07,,,
354,2026-07-29,SH600111,0.13666866719722748,EXP_LinearModel_Alpha158_csi300_custom_step0_s_20260729_13,b17bfd4a125741fe9a03582ba1e3f14d,0.07,,,
355,2026-07-29,SH600406,0.010253348387777805,EXP_LinearModel_Alpha158_csi300_custom_step0_s_20260729_13,b17bfd4a125741fe9a03582ba1e3f14d,0.07,,,
356,2026-07-29,SH600104,0.019242476671934128,EXP_LinearModel_Alpha158_csi300_custom_step0_s_20260729_13,b17bfd4a125741fe9a03582ba1e3f14d,0.07,,,
357,2026-07-29,SH600415,0.008333619683980942,EXP_LinearModel_Alpha158_csi300_custom_step0_s_20260729_13,b17bfd4a125741fe9a03582ba1e3f14d,0.07,,,
358,2026-07-29,SH600436,-0.0786382183432579,EXP_LinearModel_Alpha158_csi300_custom_step0_s_20260729_13,b17bfd4a125741fe9a03582ba1e3f14d,0.07,,,
359,2026-07-29,SH600690,0.021212071180343628,EXP_LinearModel_Alpha158_csi300_custom_step0_s_20260729_13,b17bfd4a125741fe9a03582ba1e3f14d,0.07,,,
360,2026-07-29,SH600674,0.07155686616897583,EXP_LinearModel_Alpha158_csi300_custom_step0_s_20260729_13,b17bfd4a125741fe9a03582ba1e3f14d,0.07,,,
361,2026-07-29,SH600660,0.013434989377856255,EXP_LinearModel_Alpha158_csi300_custom_step0_s_20260729_13,b17bfd4a125741fe9a03582ba1e3f14d,0.07,,,
362,2026-07-29,SH600600,0.020899588242173195,EXP_LinearModel_Alpha158_csi300_custom_step0_s_20260729_13,b17bfd4a125741fe9a03582ba1e3f14d,0.07,,,
363,2026-07-29,SH600588,-0.06851478666067123,EXP_LinearModel_Alpha158_csi300_custom_step0_s_20260729_13,b17bfd4a125741fe9a03582ba1e3f14d,0.07,,,
364,2026-07-29,SH600585,0.03561440482735634,EXP_LinearModel_Alpha158_csi300_custom_step0_s_20260729_13,b17bfd4a125741fe9a03582ba1e3f14d,0.07,,,
365,2026-07-29,SH600584,-0.040777627378702164,EXP_LinearModel_Alpha158_csi300_custom_step0_s_20260729_13,b17bfd4a125741fe9a03582ba1e3f14d,0.07,,,
366,2026-07-29,SH600570,-0.06310468167066574,EXP_LinearModel_Alpha158_csi300_custom_step0_s_20260729_13,b17bfd4a125741fe9a03582ba1e3f14d,0.07,,,
367,2026-07-29,SH600549,0.24261417984962463,EXP_LinearModel_Alpha158_csi300_custom_step0_s_20260729_13,b17bfd4a125741fe9a03582ba1e3f14d,0.07,,,
368,2026-07-29,SH600547,-0.09703247994184494,EXP_LinearModel_Alpha158_csi300_custom_step0_s_20260729_13,b17bfd4a125741fe9a03582ba1e3f14d,0.07,,,
369,2026-07-29,SH600522,0.47824418544769287,EXP_LinearModel_Alpha158_csi300_custom_step0_s_20260729_13,b17bfd4a125741fe9a03582ba1e3f14d,0.07,,,
370,2026-07-29,SH600519,-0.008625449612736702,EXP_LinearModel_Alpha158_csi300_custom_step0_s_20260729_13,b17bfd4a125741fe9a03582ba1e3f14d,0.07,,,
371,2026-07-29,SH600515,0.030724722892045975,EXP_LinearModel_Alpha158_csi300_custom_step0_s_20260729_13,b17bfd4a125741fe9a03582ba1e3f14d,0.07,,,
372,2026-07-29,SH600489,-0.052244365215301514,EXP_LinearModel_Alpha158_csi300_custom_step0_s_20260729_13,b17bfd4a125741fe9a03582ba1e3f14d,0.07,,,
373,2026-07-29,SH600482,-0.12409485876560211,EXP_LinearModel_Alpha158_csi300_custom_step0_s_20260729_13,b17bfd4a125741fe9a03582ba1e3f14d,0.07,,,
374,2026-07-29,SH600460,0.051633112132549286,EXP_LinearModel_Alpha158_csi300_custom_step0_s_20260729_13,b17bfd4a125741fe9a03582ba1e3f14d,0.07,,,
375,2026-07-29,SH600438,0.013116518035531044,EXP_LinearModel_Alpha158_csi300_custom_step0_s_20260729_13,b17bfd4a125741fe9a03582ba1e3f14d,0.07,,,
376,2026-07-29,SH600426,-0.11197149008512497,EXP_LinearModel_Alpha158_csi300_custom_step0_s_20260729_13,b17bfd4a125741fe9a03582ba1e3f14d,0.07,,,
377,2026-07-29,SH600741,0.07553750276565552,EXP_LinearModel_Alpha158_csi300_custom_step0_s_20260729_13,b17bfd4a125741fe9a03582ba1e3f14d,0.07,,,
378,2026-07-29,SH600089,-0.004405812826007605,EXP_LinearModel_Alpha158_csi300_custom_step0_s_20260729_13,b17bfd4a125741fe9a03582ba1e3f14d,0.07,,,
379,2026-07-29,SH600066,0.03809212148189545,EXP_LinearModel_Alpha158_csi300_custom_step0_s_20260729_13,b17bfd4a125741fe9a03582ba1e3f14d,0.07,,,
380,2026-07-29,SZ302132,-0.06170501559972763,EXP_LinearModel_Alpha158_csi300_custom_step0_s_20260729_13,71746a05ed9c4cb6abc93820d418a04c,0.054,,,
381,2026-07-29,SZ301308,0.464903324842453,EXP_LinearModel_Alpha158_csi300_custom_step0_s_20260729_13,71746a05ed9c4cb6abc93820d418a04c,0.054,,,
382,2026-07-29,SZ301269,-0.03086003102362156,EXP_LinearModel_Alpha158_csi300_custom_step0_s_20260729_13,71746a05ed9c4cb6abc93820d418a04c,0.054,,,
383,2026-07-29,SZ301236,-0.10627211630344391,EXP_LinearModel_Alpha158_csi300_custom_step0_s_20260729_13,71746a05ed9c4cb6abc93820d418a04c,0.054,,,
384,2026-07-29,SZ301165,-0.34830233454704285,EXP_LinearModel_Alpha158_csi300_custom_step0_s_20260729_13,71746a05ed9c4cb6abc93820d418a04c,0.054,,,
385,2026-07-29,SZ300999,0.03549015894532204,EXP_LinearModel_Alpha158_csi300_custom_step0_s_20260729_13,71746a05ed9c4cb6abc93820d418a04c,0.054,,,
386,2026-07-29,SZ300896,0.049235131591558456,EXP_LinearModel_Alpha158_csi300_custom_step0_s_20260729_13,71746a05ed9c4cb6abc93820d418a04c,0.054,,,
387,2026-07-29,SZ300866,-0.01854819618165493,EXP_LinearModel_Alpha158_csi300_custom_step0_s_20260729_13,71746a05ed9c4cb6abc93820d418a04c,0.054,,,
388,2026-07-29,SZ300832,-0.025875946506857872,EXP_LinearModel_Alpha158_csi300_custom_step0_s_20260729_13,71746a05ed9c4cb6abc93820d418a04c,0.054,,,
389,2026-07-29,SZ300803,0.12246741354465485,EXP_LinearModel_Alpha158_csi300_custom_step0_s_20260729_13,71746a05ed9c4cb6abc93820d418a04c,0.054,,,
390,2026-07-29,SZ300760,0.031067119911313057,EXP_LinearModel_Alpha158_csi300_custom_step0_s_20260729_13,71746a05ed9c4cb6abc93820d418a04c,0.054,,,
391,2026-07-29,SZ300750,-0.11164332926273346,EXP_LinearModel_Alpha158_csi300_custom_step0_s_20260729_13,71746a05ed9c4cb6abc93820d418a04c,0.054,,,
392,2026-07-29,SZ300661,0.10846973955631256,EXP_LinearModel_Alpha158_csi300_custom_step0_s_20260729_13,71746a05ed9c4cb6abc93820d418a04c,0.054,,,
393,2026-07-29,SZ300628,-0.050096746534109116,EXP_LinearModel_Alpha158_csi300_custom_step0_s_20260729_13,71746a05ed9c4cb6abc93820d418a04c,0.054,,,
394,2026-07-29,SZ300502,-0.010586729273200035,EXP_LinearModel_Alpha158_csi300_custom_step0_s_20260729_13,71746a05ed9c4cb6abc93820d418a04c,0.054,,,
395,2026-07-29,SZ300498,-0.017422575503587723,EXP_LinearModel_Alpha158_csi300_custom_step0_s_20260729_13,71746a05ed9c4cb6abc93820d418a04c,0.054,,,
396,2026-07-29,SZ300476,0.154183492064476,EXP_LinearModel_Alpha158_csi300_custom_step0_s_20260729_13,71746a05ed9c4cb6abc93820d418a04c,0.054,,,
397,2026-07-29,SH600000,0.0072702267207205296,EXP_LinearModel_Alpha158_csi300_custom_step0_s_20260729_13,b17bfd4a125741fe9a03582ba1e3f14d,0.07,,,
398,2026-07-29,SH600085,-0.06692659854888916,EXP_LinearModel_Alpha158_csi300_custom_step0_s_20260729_13,b17bfd4a125741fe9a03582ba1e3f14d,0.07,,,
399,2026-07-29,SH600009,0.018074113875627518,EXP_LinearModel_Alpha158_csi300_custom_step0_s_20260729_13,b17bfd4a125741fe9a03582ba1e3f14d,0.07,,,
400,2026-07-29,SH600011,-0.12267453968524933,EXP_LinearModel_Alpha158_csi300_custom_step0_s_20260729_13,b17bfd4a125741fe9a03582ba1e3f14d,0.07,,,
401,2026-07-29,SH600061,0.07039886713027954,EXP_LinearModel_Alpha158_csi300_custom_step0_s_20260729_13,b17bfd4a125741fe9a03582ba1e3f14d,0.07,,,
402,2026-07-29,SH600050,0.14489933848381042,EXP_LinearModel_Alpha158_csi300_custom_step0_s_20260729_13,b17bfd4a125741fe9a03582ba1e3f14d,0.07,,,
403,2026-07-29,SH600048,-0.0011871731840074062,EXP_LinearModel_Alpha158_csi300_custom_step0_s_20260729_13,b17bfd4a125741fe9a03582ba1e3f14d,0.07,,,
404,2026-07-29,SH600039,0.06499746441841125,EXP_LinearModel_Alpha158_csi300_custom_step0_s_20260729_13,b17bfd4a125741fe9a03582ba1e3f14d,0.07,,,
405,2026-07-29,SH600036,0.003898017341271043,EXP_LinearModel_Alpha158_csi300_custom_step0_s_20260729_13,b17bfd4a125741fe9a03582ba1e3f14d,0.07,,,
406,2026-07-29,SH600031,-0.07209637016057968,EXP_LinearModel_Alpha158_csi300_custom_step0_s_20260729_13,b17bfd4a125741fe9a03582ba1e3f14d,0.07,,,
407,2026-07-29,SH600030,0.0048347651027143,EXP_LinearModel_Alpha158_csi300_custom_step0_s_20260729_13,b17bfd4a125741fe9a03582ba1e3f14d,0.07,,,
408,2026-07-29,SH600029,-0.0010482724756002426,EXP_LinearModel_Alpha158_csi300_custom_step0_s_20260729_13,b17bfd4a125741fe9a03582ba1e3f14d,0.07,,,
409,2026-07-29,SH600028,0.13515295088291168,EXP_LinearModel_Alpha158_csi300_custom_step0_s_20260729_13,b17bfd4a125741fe9a03582ba1e3f14d,0.07,,,
410,2026-07-29,SH600027,-0.017391540110111237,EXP_LinearModel_Alpha158_csi300_custom_step0_s_20260729_13,b17bfd4a125741fe9a03582ba1e3f14d,0.07,,,
411,2026-07-29,SH600026,-0.08466384559869766,EXP_LinearModel_Alpha158_csi300_custom_step0_s_20260729_13,b17bfd4a125741fe9a03582ba1e3f14d,0.07,,,
412,2026-07-29,SH600025,0.020540600642561913,EXP_LinearModel_Alpha158_csi300_custom_step0_s_20260729_13,b17bfd4a125741fe9a03582ba1e3f14d,0.07,,,
413,2026-07-29,SH600023,0.05738002434372902,EXP_LinearModel_Alpha158_csi300_custom_step0_s_20260729_13,b17bfd4a125741fe9a03582ba1e3f14d,0.07,,,
414,2026-07-29,SH600019,0.020462892949581146,EXP_LinearModel_Alpha158_csi300_custom_step0_s_20260729_13,b17bfd4a125741fe9a03582ba1e3f14d,0.07,,,
415,2026-07-29,SH600018,0.12841631472110748,EXP_LinearModel_Alpha158_csi300_custom_step0_s_20260729_13,b17bfd4a125741fe9a03582ba1e3f14d,0.07,,,
416,2026-07-29,SH600016,0.020749377086758614,EXP_LinearModel_Alpha158_csi300_custom_step0_s_20260729_13,b17bfd4a125741fe9a03582ba1e3f14d,0.07,,,
417,2026-07-29,SH600015,0.0526609793305397,EXP_LinearModel_Alpha158_csi300_custom_step0_s_20260729_13,b17bfd4a125741fe9a03582ba1e3f14d,0.07,,,
418,2026-07-29,SH600010,0.017151426523923874,EXP_LinearModel_Alpha158_csi300_custom_step0_s_20260729_13,b17bfd4a125741fe9a03582ba1e3f14d,0.07,,,
419,2026-07-29,SH600760,-0.03756241500377655,EXP_LinearModel_Alpha158_csi300_custom_step0_s_20260729_13,b17bfd4a125741fe9a03582ba1e3f14d,0.07,,,
420,2026-07-29,SH600795,0.0453367605805397,EXP_LinearModel_Alpha158_csi300_custom_step0_s_20260729_13,b17bfd4a125741fe9a03582ba1e3f14d,0.07,,,
421,2026-07-29,SH600803,0.08795271813869476,EXP_LinearModel_Alpha158_csi300_custom_step0_s_20260729_13,b17bfd4a125741fe9a03582ba1e3f14d,0.07,,,
422,2026-07-29,SH601688,0.003934280015528202,EXP_LinearModel_Alpha158_csi300_custom_step0_s_20260729_13,b17bfd4a125741fe9a03582ba1e3f14d,0.07,,,
423,2026-07-29,SH601669,-0.011694107204675674,EXP_LinearModel_Alpha158_csi300_custom_step0_s_20260729_13,b17bfd4a125741fe9a03582ba1e3f14d,0.07,,,
424,2026-07-29,SH601668,0.07924801111221313,EXP_LinearModel_Alpha158_csi300_custom_step0_s_20260729_13,b17bfd4a125741fe9a03582ba1e3f14d,0.07,,,
425,2026-07-29,SH601658,0.06426259875297546,EXP_LinearModel_Alpha158_csi300_custom_step0_s_20260729_13,b17bfd4a125741fe9a03582ba1e3f14d,0.07,,,
426,2026-07-29,SH601633,0.022323638200759888,EXP_LinearModel_Alpha158_csi300_custom_step0_s_20260729_13,b17bfd4a125741fe9a03582ba1e3f14d,0.07,,,
427,2026-07-29,SH601628,0.10408615320920944,EXP_LinearModel_Alpha158_csi300_custom_step0_s_20260729_13,b17bfd4a125741fe9a03582ba1e3f14d,0.07,,,
428,2026-07-29,SH601618,0.03618250787258148,EXP_LinearModel_Alpha158_csi300_custom_step0_s_20260729_13,b17bfd4a125741fe9a03582ba1e3f14d,0.07,,,
429,2026-07-29,SH601607,-0.032567474991083145,EXP_LinearModel_Alpha158_csi300_custom_step0_s_20260729_13,b17bfd4a125741fe9a03582ba1e3f14d,0.07,,,
430,2026-07-29,SH601601,0.05565103143453598,EXP_LinearModel_Alpha158_csi300_custom_step0_s_20260729_13,b17bfd4a125741fe9a03582ba1e3f14d,0.07,,,
431,2026-07-29,SH601600,-0.014902304857969284,EXP_LinearModel_Alpha158_csi300_custom_step0_s_20260729_13,b17bfd4a125741fe9a03582ba1e3f14d,0.07,,,
432,2026-07-29,SH601456,0.0355418398976326,EXP_LinearModel_Alpha158_csi300_custom_step0_s_20260729_13,b17bfd4a125741fe9a03582ba1e3f14d,0.07,,,
433,2026-07-29,SH601398,0.03554956987500191,EXP_LinearModel_Alpha158_csi300_custom_step0_s_20260729_13,b17bfd4a125741fe9a03582ba1e3f14d,0.07,,,
434,2026-07-29,SH601390,0.10378147661685944,EXP_LinearModel_Alpha158_csi300_custom_step0_s_20260729_13,b17bfd4a125741fe9a03582ba1e3f14d,0.07,,,
435,2026-07-29,SH601377,-0.015114517882466316,EXP_LinearModel_Alpha158_csi300_custom_step0_s_20260729_13,b17bfd4a125741fe9a03582ba1e3f14d,0.07,,,
436,2026-07-29,SH601360,-0.10670500993728638,EXP_LinearModel_Alpha158_csi300_custom_step0_s_20260729_13,b17bfd4a125741fe9a03582ba1e3f14d,0.07,,,
437,2026-07-29,SH601336,0.0011624619364738464,EXP_LinearModel_Alpha158_csi300_custom_step0_s_20260729_13,b17bfd4a125741fe9a03582ba1e3f14d,0.07,,,
438,2026-07-29,SH601328,0.09602034091949463,EXP_LinearModel_Alpha158_csi300_custom_step0_s_20260729_13,b17bfd4a125741fe9a03582ba1e3f14d,0.07,,,
439,2026-07-29,SH601689,0.01989896595478058,EXP_LinearModel_Alpha158_csi300_custom_step0_s_20260729_13,b17bfd4a125741fe9a03582ba1e3f14d,0.07,,,
440,2026-07-29,SH601319,0.04933156073093414,EXP_LinearModel_Alpha158_csi300_custom_step0_s_20260729_13,b17bfd4a125741fe9a03582ba1e3f14d,0.07,,,
441,2026-07-29,SH601698,0.04931667447090149,EXP_LinearModel_Alpha158_csi300_custom_step0_s_20260729_13,b17bfd4a125741fe9a03582ba1e3f14d,0.07,,,
442,2026-07-29,SH601728,0.047923505306243896,EXP_LinearModel_Alpha158_csi300_custom_step0_s_20260729_13,b17bfd4a125741fe9a03582ba1e3f14d,0.07,,,
443,2026-07-29,SH601901,0.04207167774438858,EXP_LinearModel_Alpha158_csi300_custom_step0_s_20260729_13,b17bfd4a125741fe9a03582ba1e3f14d,0.07,,,
444,2026-07-29,SH601899,-0.11141207814216614,EXP_LinearModel_Alpha158_csi300_custom_step0_s_20260729_13,b17bfd4a125741fe9a03582ba1e3f14d,0.07,,,
445,2026-07-29,SH601898,-0.07427150011062622,EXP_LinearModel_Alpha158_csi300_custom_step0_s_20260729_13,b17bfd4a125741fe9a03582ba1e3f14d,0.07,,,
446,2026-07-29,SH601888,-0.01731446012854576,EXP_LinearModel_Alpha158_csi300_custom_step0_s_20260729_13,b17bfd4a125741fe9a03582ba1e3f14d,0.07,,,
447,2026-07-29,SH601881,-0.040128931403160095,EXP_LinearModel_Alpha158_csi300_custom_step0_s_20260729_13,b17bfd4a125741fe9a03582ba1e3f14d,0.07,,,
448,2026-07-29,SH601878,-0.02516178973019123,EXP_LinearModel_Alpha158_csi300_custom_step0_s_20260729_13,b17bfd4a125741fe9a03582ba1e3f14d,0.07,,,
449,2026-07-29,SH601877,-0.03171094134449959,EXP_LinearModel_Alpha158_csi300_custom_step0_s_20260729_13,b17bfd4a125741fe9a03582ba1e3f14d,0.07,,,
450,2026-07-29,SH601872,-0.11241793632507324,EXP_LinearModel_Alpha158_csi300_custom_step0_s_20260729_13,b17bfd4a125741fe9a03582ba1e3f14d,0.07,,,
451,2026-07-29,SH601868,-0.013744495809078217,EXP_LinearModel_Alpha158_csi300_custom_step0_s_20260729_13,b17bfd4a125741fe9a03582ba1e3f14d,0.07,,,
452,2026-07-29,SH601857,0.10923925042152405,EXP_LinearModel_Alpha158_csi300_custom_step0_s_20260729_13,b17bfd4a125741fe9a03582ba1e3f14d,0.07,,,
453,2026-07-29,SH601838,0.02716827020049095,EXP_LinearModel_Alpha158_csi300_custom_step0_s_20260729_13,b17bfd4a125741fe9a03582ba1e3f14d,0.07,,,
454,2026-07-29,SH601825,-0.03015713393688202,EXP_LinearModel_Alpha158_csi300_custom_step0_s_20260729_13,b17bfd4a125741fe9a03582ba1e3f14d,0.07,,,
455,2026-07-29,SH601818,0.07791759073734283,EXP_LinearModel_Alpha158_csi300_custom_step0_s_20260729_13,b17bfd4a125741fe9a03582ba1e3f14d,0.07,,,
456,2026-07-29,SH601816,0.04779826104640961,EXP_LinearModel_Alpha158_csi300_custom_step0_s_20260729_13,b17bfd4a125741fe9a03582ba1e3f14d,0.07,,,
457,2026-07-29,SH601800,0.03282414749264717,EXP_LinearModel_Alpha158_csi300_custom_step0_s_20260729_13,b17bfd4a125741fe9a03582ba1e3f14d,0.07,,,
458,2026-07-29,SH601788,-0.004488838836550713,EXP_LinearModel_Alpha158_csi300_custom_step0_s_20260729_13,b17bfd4a125741fe9a03582ba1e3f14d,0.07,,,
459,2026-07-29,SH601766,0.09473712742328644,EXP_LinearModel_Alpha158_csi300_custom_step0_s_20260729_13,b17bfd4a125741fe9a03582ba1e3f14d,0.07,,,
460,2026-07-29,SH601727,-0.06347005814313889,EXP_LinearModel_Alpha158_csi300_custom_step0_s_20260729_13,b17bfd4a125741fe9a03582ba1e3f14d,0.07,,,
461,2026-07-29,SH601318,0.07164133340120316,EXP_LinearModel_Alpha158_csi300_custom_step0_s_20260729_13,b17bfd4a125741fe9a03582ba1e3f14d,0.07,,,
462,2026-07-29,SH601288,0.06297415494918823,EXP_LinearModel_Alpha158_csi300_custom_step0_s_20260729_13,b17bfd4a125741fe9a03582ba1e3f14d,0.07,,,
463,2026-07-29,SH601238,-0.030316706746816635,EXP_LinearModel_Alpha158_csi300_custom_step0_s_20260729_13,b17bfd4a125741fe9a03582ba1e3f14d,0.07,,,
464,2026-07-29,SH600999,0.06224656477570534,EXP_LinearModel_Alpha158_csi300_custom_step0_s_20260729_13,b17bfd4a125741fe9a03582ba1e3f14d,0.07,,,
465,2026-07-29,SH600989,-0.009410131722688675,EXP_LinearModel_Alpha158_csi300_custom_step0_s_20260729_13,b17bfd4a125741fe9a03582ba1e3f14d,0.07,,,
466,2026-07-29,SH600958,,EXP_LinearModel_Alpha158_csi300_custom_step0_s_20260729_13,b17bfd4a125741fe9a03582ba1e3f14d,0.07,,,
467,2026-07-29,SH600941,0.02227872423827648,EXP_LinearModel_Alpha158_csi300_custom_step0_s_20260729_13,b17bfd4a125741fe9a03582ba1e3f14d,0.07,,,
468,2026-07-29,SH600938,0.022154679521918297,EXP_LinearModel_Alpha158_csi300_custom_step0_s_20260729_13,b17bfd4a125741fe9a03582ba1e3f14d,0.07,,,
469,2026-07-29,SH600930,0.10763557255268097,EXP_LinearModel_Alpha158_csi300_custom_step0_s_20260729_13,b17bfd4a125741fe9a03582ba1e3f14d,0.07,,,
470,2026-07-29,SH600926,0.05895847827196121,EXP_LinearModel_Alpha158_csi300_custom_step0_s_20260729_13,b17bfd4a125741fe9a03582ba1e3f14d,0.07,,,
471,2026-07-29,SH600919,0.009287998080253601,EXP_LinearModel_Alpha158_csi300_custom_step0_s_20260729_13,b17bfd4a125741fe9a03582ba1e3f14d,0.07,,,
472,2026-07-29,SH600918,-0.02379109337925911,EXP_LinearModel_Alpha158_csi300_custom_step0_s_20260729_13,b17bfd4a125741fe9a03582ba1e3f14d,0.07,,,
473,2026-07-29,SH600905,-0.006235777400434017,EXP_LinearModel_Alpha158_csi300_custom_step0_s_20260729_13,b17bfd4a125741fe9a03582ba1e3f14d,0.07,,,
474,2026-07-29,SH600900,0.02794767916202545,EXP_LinearModel_Alpha158_csi300_custom_step0_s_20260729_13,b17bfd4a125741fe9a03582ba1e3f14d,0.07,,,
475,2026-07-29,SH600893,-0.07332445681095123,EXP_LinearModel_Alpha158_csi300_custom_step0_s_20260729_13,b17bfd4a125741fe9a03582ba1e3f14d,0.07,,,
476,2026-07-29,SH600887,0.08316604793071747,EXP_LinearModel_Alpha158_csi300_custom_step0_s_20260729_13,b17bfd4a125741fe9a03582ba1e3f14d,0.07,,,
477,2026-07-29,SH600886,0.061797451227903366,EXP_LinearModel_Alpha158_csi300_custom_step0_s_20260729_13,b17bfd4a125741fe9a03582ba1e3f14d,0.07,,,
478,2026-07-29,SH600875,-0.030494656413793564,EXP_LinearModel_Alpha158_csi300_custom_step0_s_20260729_13,b17bfd4a125741fe9a03582ba1e3f14d,0.07,,,
479,2026-07-29,SH600845,0.029072409495711327,EXP_LinearModel_Alpha158_csi300_custom_step0_s_20260729_13,b17bfd4a125741fe9a03582ba1e3f14d,0.07,,,
480,2026-07-29,SH600809,-0.06523989886045456,EXP_LinearModel_Alpha158_csi300_custom_step0_s_20260729_13,b17bfd4a125741fe9a03582ba1e3f14d,0.07,,,
481,2026-07-29,SH601006,0.09455323219299316,EXP_LinearModel_Alpha158_csi300_custom_step0_s_20260729_13,b17bfd4a125741fe9a03582ba1e3f14d,0.07,,,
482,2026-07-29,SH601009,0.0329182930290699,EXP_LinearModel_Alpha158_csi300_custom_step0_s_20260729_13,b17bfd4a125741fe9a03582ba1e3f14d,0.07,,,
483,2026-07-29,SH601012,-0.10401981323957443,EXP_LinearModel_Alpha158_csi300_custom_step0_s_20260729_13,b17bfd4a125741fe9a03582ba1e3f14d,0.07,,,
484,2026-07-29,SH601018,0.06285297125577927,EXP_LinearModel_Alpha158_csi300_custom_step0_s_20260729_13,b17bfd4a125741fe9a03582ba1e3f14d,0.07,,,
485,2026-07-29,SH601229,-0.04863520711660385,EXP_LinearModel_Alpha158_csi300_custom_step0_s_20260729_13,b17bfd4a125741fe9a03582ba1e3f14d,0.07,,,
486,2026-07-29,SH601225,0.003336675465106964,EXP_LinearModel_Alpha158_csi300_custom_step0_s_20260729_13,b17bfd4a125741fe9a03582ba1e3f14d,0.07,,,
487,2026-07-29,SH601211,0.0040988922119140625,EXP_LinearModel_Alpha158_csi300_custom_step0_s_20260729_13,b17bfd4a125741fe9a03582ba1e3f14d,0.07,,,
488,2026-07-29,SH601186,0.0334751158952713,EXP_LinearModel_Alpha158_csi300_custom_step0_s_20260729_13,b17bfd4a125741fe9a03582ba1e3f14d,0.07,,,
489,2026-07-29,SH601169,0.0945444256067276,EXP_LinearModel_Alpha158_csi300_custom_step0_s_20260729_13,b17bfd4a125741fe9a03582ba1e3f14d,0.07,,,
490,2026-07-29,SH601166,0.03393689543008804,EXP_LinearModel_Alpha158_csi300_custom_step0_s_20260729_13,b17bfd4a125741fe9a03582ba1e3f14d,0.07,,,
491,2026-07-29,SH601138,-0.02495439723134041,EXP_LinearModel_Alpha158_csi300_custom_step0_s_20260729_13,b17bfd4a125741fe9a03582ba1e3f14d,0.07,,,
492,2026-07-29,SH601136,0.01250806450843811,EXP_LinearModel_Alpha158_csi300_custom_step0_s_20260729_13,b17bfd4a125741fe9a03582ba1e3f14d,0.07,,,
493,2026-07-29,SZ300450,-0.03630535304546356,EXP_LinearModel_Alpha158_csi300_custom_step0_s_20260729_13,71746a05ed9c4cb6abc93820d418a04c,0.054,,,
494,2026-07-29,SH601127,-0.07256501168012619,EXP_LinearModel_Alpha158_csi300_custom_step0_s_20260729_13,b17bfd4a125741fe9a03582ba1e3f14d,0.07,,,
495,2026-07-29,SH601111,-0.07653087377548218,EXP_LinearModel_Alpha158_csi300_custom_step0_s_20260729_13,b17bfd4a125741fe9a03582ba1e3f14d,0.07,,,
496,2026-07-29,SH601100,-0.23124884068965912,EXP_LinearModel_Alpha158_csi300_custom_step0_s_20260729_13,b17bfd4a125741fe9a03582ba1e3f14d,0.07,,,
497,2026-07-29,SH601088,0.06836867332458496,EXP_LinearModel_Alpha158_csi300_custom_step0_s_20260729_13,b17bfd4a125741fe9a03582ba1e3f14d,0.07,,,
498,2026-07-29,SH601077,-0.029721971601247787,EXP_LinearModel_Alpha158_csi300_custom_step0_s_20260729_13,b17bfd4a125741fe9a03582ba1e3f14d,0.07,,,
499,2026-07-29,SH601066,0.006415462587028742,EXP_LinearModel_Alpha158_csi300_custom_step0_s_20260729_13,b17bfd4a125741fe9a03582ba1e3f14d,0.07,,,
500,2026-07-29,SH601059,-0.07269718497991562,EXP_LinearModel_Alpha158_csi300_custom_step0_s_20260729_13,b17bfd4a125741fe9a03582ba1e3f14d,0.07,,,
501,2026-07-29,SH601058,0.017685338854789734,EXP_LinearModel_Alpha158_csi300_custom_step0_s_20260729_13,b17bfd4a125741fe9a03582ba1e3f14d,0.07,,,
502,2026-07-29,SH601021,0.024380071088671684,EXP_LinearModel_Alpha158_csi300_custom_step0_s_20260729_13,b17bfd4a125741fe9a03582ba1e3f14d,0.07,,,
503,2026-07-29,SH601117,0.008251574821770191,EXP_LinearModel_Alpha158_csi300_custom_step0_s_20260729_13,b17bfd4a125741fe9a03582ba1e3f14d,0.07,,,
504,2026-07-29,SH600919,0.015836283564567566,EXP_LinearModel_Alpha158_csi300_custom_step0_s_20260729_13,a18db767c6c64391a430019375ed8698,0.031,,,
505,2026-07-29,SZ300442,-0.04056001827120781,EXP_LinearModel_Alpha158_csi300_custom_step0_s_20260729_13,71746a05ed9c4cb6abc93820d418a04c,0.054,,,
506,2026-07-29,SZ300418,-0.17940199375152588,EXP_LinearModel_Alpha158_csi300_custom_step0_s_20260729_13,71746a05ed9c4cb6abc93820d418a04c,0.054,,,
507,2026-07-29,SH688036,-0.035912126302719116,EXP_LinearModel_Alpha158_csi300_custom_step0_s_20260729_13,71746a05ed9c4cb6abc93820d418a04c,0.054,,,
508,2026-07-29,SH688012,-0.281067818403244,EXP_LinearModel_Alpha158_csi300_custom_step0_s_20260729_13,71746a05ed9c4cb6abc93820d418a04c,0.054,,,
509,2026-07-29,SH688009,0.10349904745817184,EXP_LinearModel_Alpha158_csi300_custom_step0_s_20260729_13,71746a05ed9c4cb6abc93820d418a04c,0.054,,,
510,2026-07-29,SH688008,-0.13732953369617462,EXP_LinearModel_Alpha158_csi300_custom_step0_s_20260729_13,71746a05ed9c4cb6abc93820d418a04c,0.054,,,
511,2026-07-29,SH605499,-0.01604258455336094,EXP_LinearModel_Alpha158_csi300_custom_step0_s_20260729_13,71746a05ed9c4cb6abc93820d418a04c,0.054,,,
512,2026-07-29,SH605117,-0.07132759690284729,EXP_LinearModel_Alpha158_csi300_custom_step0_s_20260729_13,71746a05ed9c4cb6abc93820d418a04c,0.054,,,
513,2026-07-29,SH603993,-0.13296954333782196,EXP_LinearModel_Alpha158_csi300_custom_step0_s_20260729_13,71746a05ed9c4cb6abc93820d418a04c,0.054,,,
514,2026-07-29,SH603986,0.2914019823074341,EXP_LinearModel_Alpha158_csi300_custom_step0_s_20260729_13,71746a05ed9c4cb6abc93820d418a04c,0.054,,,
515,2026-07-29,SH603893,-0.06547191739082336,EXP_LinearModel_Alpha158_csi300_custom_step0_s_20260729_13,71746a05ed9c4cb6abc93820d418a04c,0.054,,,
516,2026-07-29,SH603799,-0.06985622644424438,EXP_LinearModel_Alpha158_csi300_custom_step0_s_20260729_13,71746a05ed9c4cb6abc93820d418a04c,0.054,,,
517,2026-07-29,SH603501,0.05648762732744217,EXP_LinearModel_Alpha158_csi300_custom_step0_s_20260729_13,71746a05ed9c4cb6abc93820d418a04c,0.054,,,
518,2026-07-29,SH603392,-0.05995684862136841,EXP_LinearModel_Alpha158_csi300_custom_step0_s_20260729_13,71746a05ed9c4cb6abc93820d418a04c,0.054,,,
519,2026-07-29,SH603369,0.054780665785074234,EXP_LinearModel_Alpha158_csi300_custom_step0_s_20260729_13,71746a05ed9c4cb6abc93820d418a04c,0.054,,,
520,2026-07-29,SH603296,-0.3168858587741852,EXP_LinearModel_Alpha158_csi300_custom_step0_s_20260729_13,71746a05ed9c4cb6abc93820d418a04c,0.054,,,
521,2026-07-29,SH603288,0.038021162152290344,EXP_LinearModel_Alpha158_csi300_custom_step0_s_20260729_13,71746a05ed9c4cb6abc93820d418a04c,0.054,,,
522,2026-07-29,SH603260,0.15401118993759155,EXP_LinearModel_Alpha158_csi300_custom_step0_s_20260729_13,71746a05ed9c4cb6abc93820d418a04c,0.054,,,
523,2026-07-29,SH603259,-0.039956580847501755,EXP_LinearModel_Alpha158_csi300_custom_step0_s_20260729_13,71746a05ed9c4cb6abc93820d418a04c,0.054,,,
524,2026-07-29,SH688041,-0.12484539300203323,EXP_LinearModel_Alpha158_csi300_custom_step0_s_20260729_13,71746a05ed9c4cb6abc93820d418a04c,0.054,,,
525,2026-07-29,SH603019,-0.017138157039880753,EXP_LinearModel_Alpha158_csi300_custom_step0_s_20260729_13,71746a05ed9c4cb6abc93820d418a04c,0.054,,,
526,2026-07-29,SH688047,0.08361805975437164,EXP_LinearModel_Alpha158_csi300_custom_step0_s_20260729_13,71746a05ed9c4cb6abc93820d418a04c,0.054,,,
527,2026-07-29,SH688082,-0.2126636505126953,EXP_LinearModel_Alpha158_csi300_custom_step0_s_20260729_13,71746a05ed9c4cb6abc93820d418a04c,0.054,,,
528,2026-07-29,SZ000157,-0.001818343997001648,EXP_LinearModel_Alpha158_csi300_custom_step0_s_20260729_13,71746a05ed9c4cb6abc93820d418a04c,0.054,,,
529,2026-07-29,SZ000100,-0.04992669075727463,EXP_LinearModel_Alpha158_csi300_custom_step0_s_20260729_13,71746a05ed9c4cb6abc93820d418a04c,0.054,,,
530,2026-07-29,SZ000063,-0.0946488156914711,EXP_LinearModel_Alpha158_csi300_custom_step0_s_20260729_13,71746a05ed9c4cb6abc93820d418a04c,0.054,,,
531,2026-07-29,SZ000002,-0.07523224502801895,EXP_LinearModel_Alpha158_csi300_custom_step0_s_20260729_13,71746a05ed9c4cb6abc93820d418a04c,0.054,,,
532,2026-07-29,SZ000001,0.01163853332400322,EXP_LinearModel_Alpha158_csi300_custom_step0_s_20260729_13,71746a05ed9c4cb6abc93820d418a04c,0.054,,,
533,2026-07-29,SH688981,-0.07172542810440063,EXP_LinearModel_Alpha158_csi300_custom_step0_s_20260729_13,71746a05ed9c4cb6abc93820d418a04c,0.054,,,
534,2026-07-29,SH688521,0.04307320713996887,EXP_LinearModel_Alpha158_csi300_custom_step0_s_20260729_13,71746a05ed9c4cb6abc93820d418a04c,0.054,,,
535,2026-07-29,SH688506,-0.05645875260233879,EXP_LinearModel_Alpha158_csi300_custom_step0_s_20260729_13,71746a05ed9c4cb6abc93820d418a04c,0.054,,,
536,2026-07-29,SH688472,-0.014299803413450718,EXP_LinearModel_Alpha158_csi300_custom_step0_s_20260729_13,71746a05ed9c4cb6abc93820d418a04c,0.054,,,
537,2026-07-29,SH688396,0.15966658294200897,EXP_LinearModel_Alpha158_csi300_custom_step0_s_20260729_13,71746a05ed9c4cb6abc93820d418a04c,0.054,,,
538,2026-07-29,SH688303,-0.01798008568584919,EXP_LinearModel_Alpha158_csi300_custom_step0_s_20260729_13,71746a05ed9c4cb6abc93820d418a04c,0.054,,,
539,2026-07-29,SH688271,0.018642591312527657,EXP_LinearModel_Alpha158_csi300_custom_step0_s_20260729_13,71746a05ed9c4cb6abc93820d418a04c,0.054,,,
540,2026-07-29,SH688256,-0.16381612420082092,EXP_LinearModel_Alpha158_csi300_custom_step0_s_20260729_13,71746a05ed9c4cb6abc93820d418a04c,0.054,,,
541,2026-07-29,SH688223,0.04733406752347946,EXP_LinearModel_Alpha158_csi300_custom_step0_s_20260729_13,71746a05ed9c4cb6abc93820d418a04c,0.054,,,
542,2026-07-29,SH688183,-0.22556833922863007,EXP_LinearModel_Alpha158_csi300_custom_step0_s_20260729_13,71746a05ed9c4cb6abc93820d418a04c,0.054,,,
543,2026-07-29,SH688126,0.09735527634620667,EXP_LinearModel_Alpha158_csi300_custom_step0_s_20260729_13,71746a05ed9c4cb6abc93820d418a04c,0.054,,,
544,2026-07-29,SH688111,-0.2297797054052353,EXP_LinearModel_Alpha158_csi300_custom_step0_s_20260729_13,71746a05ed9c4cb6abc93820d418a04c,0.054,,,
545,2026-07-29,SH688072,,EXP_LinearModel_Alpha158_csi300_custom_step0_s_20260729_13,71746a05ed9c4cb6abc93820d418a04c,0.054,,,
546,2026-07-29,SZ000166,-0.024969687685370445,EXP_LinearModel_Alpha158_csi300_custom_step0_s_20260729_13,71746a05ed9c4cb6abc93820d418a04c,0.054,,,
547,2026-07-29,SH601998,0.03087114542722702,EXP_LinearModel_Alpha158_csi300_custom_step0_s_20260729_13,71746a05ed9c4cb6abc93820d418a04c,0.054,,,
548,2026-07-29,SH601988,0.050499510020017624,EXP_LinearModel_Alpha158_csi300_custom_step0_s_20260729_13,71746a05ed9c4cb6abc93820d418a04c,0.054,,,
549,2026-07-29,SH601728,0.06700927764177322,EXP_LinearModel_Alpha158_csi300_custom_step0_s_20260729_13,71746a05ed9c4cb6abc93820d418a04c,0.054,,,
550,2026-07-29,SH601727,-0.016697295010089874,EXP_LinearModel_Alpha158_csi300_custom_step0_s_20260729_13,71746a05ed9c4cb6abc93820d418a04c,0.054,,,
551,2026-07-29,SH601698,-0.02188209816813469,EXP_LinearModel_Alpha158_csi300_custom_step0_s_20260729_13,71746a05ed9c4cb6abc93820d418a04c,0.054,,,
552,2026-07-29,SH601689,0.05024702847003937,EXP_LinearModel_Alpha158_csi300_custom_step0_s_20260729_13,71746a05ed9c4cb6abc93820d418a04c,0.054,,,
553,2026-07-29,SH601688,-0.03591543063521385,EXP_LinearModel_Alpha158_csi300_custom_step0_s_20260729_13,71746a05ed9c4cb6abc93820d418a04c,0.054,,,
554,2026-07-29,SH601669,-0.02332579717040062,EXP_LinearModel_Alpha158_csi300_custom_step0_s_20260729_13,71746a05ed9c4cb6abc93820d418a04c,0.054,,,
555,2026-07-29,SH601668,0.11870875209569931,EXP_LinearModel_Alpha158_csi300_custom_step0_s_20260729_13,71746a05ed9c4cb6abc93820d418a04c,0.054,,,
556,2026-07-29,SH601658,0.08668779581785202,EXP_LinearModel_Alpha158_csi300_custom_step0_s_20260729_13,71746a05ed9c4cb6abc93820d418a04c,0.054,,,
557,2026-07-29,SH601633,0.005271623842418194,EXP_LinearModel_Alpha158_csi300_custom_step0_s_20260729_13,71746a05ed9c4cb6abc93820d418a04c,0.054,,,
558,2026-07-29,SH601628,0.0471326969563961,EXP_LinearModel_Alpha158_csi300_custom_step0_s_20260729_13,71746a05ed9c4cb6abc93820d418a04c,0.054,,,
559,2026-07-29,SH601618,0.01714349165558815,EXP_LinearModel_Alpha158_csi300_custom_step0_s_20260729_13,71746a05ed9c4cb6abc93820d418a04c,0.054,,,
560,2026-07-29,SH601607,-0.023539915680885315,EXP_LinearModel_Alpha158_csi300_custom_step0_s_20260729_13,71746a05ed9c4cb6abc93820d418a04c,0.054,,,
561,2026-07-29,SH601601,0.04903965815901756,EXP_LinearModel_Alpha158_csi300_custom_step0_s_20260729_13,71746a05ed9c4cb6abc93820d418a04c,0.054,,,
562,2026-07-29,SH601600,-0.03890618309378624,EXP_LinearModel_Alpha158_csi300_custom_step0_s_20260729_13,71746a05ed9c4cb6abc93820d418a04c,0.054,,,
563,2026-07-29,SH601456,-0.006043372210115194,EXP_LinearModel_Alpha158_csi300_custom_step0_s_20260729_13,71746a05ed9c4cb6abc93820d418a04c,0.054,,,
564,2026-07-29,SH601398,0.046053312718868256,EXP_LinearModel_Alpha158_csi300_custom_step0_s_20260729_13,71746a05ed9c4cb6abc93820d418a04c,0.054,,,
565,2026-07-29,SH601390,0.09138109534978867,EXP_LinearModel_Alpha158_csi300_custom_step0_s_20260729_13,71746a05ed9c4cb6abc93820d418a04c,0.054,,,
566,2026-07-29,SH601766,0.10352107882499695,EXP_LinearModel_Alpha158_csi300_custom_step0_s_20260729_13,71746a05ed9c4cb6abc93820d418a04c,0.054,,,
567,2026-07-29,SH601995,0.02361150085926056,EXP_LinearModel_Alpha158_csi300_custom_step0_s_20260729_13,71746a05ed9c4cb6abc93820d418a04c,0.054,,,
568,2026-07-29,SH601788,-0.05736982822418213,EXP_LinearModel_Alpha158_csi300_custom_step0_s_20260729_13,71746a05ed9c4cb6abc93820d418a04c,0.054,,,
569,2026-07-29,SH601816,0.09095368534326553,EXP_LinearModel_Alpha158_csi300_custom_step0_s_20260729_13,71746a05ed9c4cb6abc93820d418a04c,0.054,,,
570,2026-07-29,SH601985,0.002916306257247925,EXP_LinearModel_Alpha158_csi300_custom_step0_s_20260729_13,71746a05ed9c4cb6abc93820d418a04c,0.054,,,
571,2026-07-29,SH601939,0.033385999500751495,EXP_LinearModel_Alpha158_csi300_custom_step0_s_20260729_13,71746a05ed9c4cb6abc93820d418a04c,0.054,,,
572,2026-07-29,SH601919,0.024334978312253952,EXP_LinearModel_Alpha158_csi300_custom_step0_s_20260729_13,71746a05ed9c4cb6abc93820d418a04c,0.054,,,
573,2026-07-29,SH601916,0.11011037975549698,EXP_LinearModel_Alpha158_csi300_custom_step0_s_20260729_13,71746a05ed9c4cb6abc93820d418a04c,0.054,,,
574,2026-07-29,SH601901,-0.013381497003138065,EXP_LinearModel_Alpha158_csi300_custom_step0_s_20260729_13,71746a05ed9c4cb6abc93820d418a04c,0.054,,,
575,2026-07-29,SH601899,-0.14036311209201813,EXP_LinearModel_Alpha158_csi300_custom_step0_s_20260729_13,71746a05ed9c4cb6abc93820d418a04c,0.054,,,
576,2026-07-29,SH601898,-0.0833272859454155,EXP_LinearModel_Alpha158_csi300_custom_step0_s_20260729_13,71746a05ed9c4cb6abc93820d418a04c,0.054,,,
577,2026-07-29,SH601888,-0.02037845365703106,EXP_LinearModel_Alpha158_csi300_custom_step0_s_20260729_13,71746a05ed9c4cb6abc93820d418a04c,0.054,,,
578,2026-07-29,SH601881,-0.06782512366771698,EXP_LinearModel_Alpha158_csi300_custom_step0_s_20260729_13,71746a05ed9c4cb6abc93820d418a04c,0.054,,,
579,2026-07-29,SH601878,-0.06061878055334091,EXP_LinearModel_Alpha158_csi300_custom_step0_s_20260729_13,71746a05ed9c4cb6abc93820d418a04c,0.054,,,
580,2026-07-29,SH601877,-0.041376009583473206,EXP_LinearModel_Alpha158_csi300_custom_step0_s_20260729_13,71746a05ed9c4cb6abc93820d418a04c,0.054,,,
581,2026-07-29,SH601872,-0.05936088785529137,EXP_LinearModel_Alpha158_csi300_custom_step0_s_20260729_13,71746a05ed9c4cb6abc93820d418a04c,0.054,,,
582,2026-07-29,SH601868,-0.008050525560975075,EXP_LinearModel_Alpha158_csi300_custom_step0_s_20260729_13,71746a05ed9c4cb6abc93820d418a04c,0.054,,,
583,2026-07-29,SH601857,0.0713195875287056,EXP_LinearModel_Alpha158_csi300_custom_step0_s_20260729_13,71746a05ed9c4cb6abc93820d418a04c,0.054,,,
584,2026-07-29,SH601838,0.06378678977489471,EXP_LinearModel_Alpha158_csi300_custom_step0_s_20260729_13,71746a05ed9c4cb6abc93820d418a04c,0.054,,,
585,2026-07-29,SH601825,0.04637179523706436,EXP_LinearModel_Alpha158_csi300_custom_step0_s_20260729_13,71746a05ed9c4cb6abc93820d418a04c,0.054,,,
586,2026-07-29,SH601818,0.12434394657611847,EXP_LinearModel_Alpha158_csi300_custom_step0_s_20260729_13,71746a05ed9c4cb6abc93820d418a04c,0.054,,,
587,2026-07-29,SH601800,0.04269096255302429,EXP_LinearModel_Alpha158_csi300_custom_step0_s_20260729_13,71746a05ed9c4cb6abc93820d418a04c,0.054,,,
588,2026-07-29,SZ000301,-0.03885386884212494,EXP_LinearModel_Alpha158_csi300_custom_step0_s_20260729_13,71746a05ed9c4cb6abc93820d418a04c,0.054,,,
589,2026-07-29,SZ000333,0.03960976004600525,EXP_LinearModel_Alpha158_csi300_custom_step0_s_20260729_13,71746a05ed9c4cb6abc93820d418a04c,0.054,,,
590,2026-07-29,SZ000338,0.011913345195353031,EXP_LinearModel_Alpha158_csi300_custom_step0_s_20260729_13,71746a05ed9c4cb6abc93820d418a04c,0.054,,,
591,2026-07-29,SZ002648,-0.11465677618980408,EXP_LinearModel_Alpha158_csi300_custom_step0_s_20260729_13,71746a05ed9c4cb6abc93820d418a04c,0.054,,,
592,2026-07-29,SZ002625,-0.06353002041578293,EXP_LinearModel_Alpha158_csi300_custom_step0_s_20260729_13,71746a05ed9c4cb6abc93820d418a04c,0.054,,,
593,2026-07-29,SZ002602,-0.018464062362909317,EXP_LinearModel_Alpha158_csi300_custom_step0_s_20260729_13,71746a05ed9c4cb6abc93820d418a04c,0.054,,,
594,2026-07-29,SZ002600,0.17259792983531952,EXP_LinearModel_Alpha158_csi300_custom_step0_s_20260729_13,71746a05ed9c4cb6abc93820d418a04c,0.054,,,
595,2026-07-29,SZ002594,-0.0008446408901363611,EXP_LinearModel_Alpha158_csi300_custom_step0_s_20260729_13,71746a05ed9c4cb6abc93820d418a04c,0.054,,,
596,2026-07-29,SZ002558,0.006051772739738226,EXP_LinearModel_Alpha158_csi300_custom_step0_s_20260729_13,71746a05ed9c4cb6abc93820d418a04c,0.054,,,
597,2026-07-29,SZ002532,-0.0678211897611618,EXP_LinearModel_Alpha158_csi300_custom_step0_s_20260729_13,71746a05ed9c4cb6abc93820d418a04c,0.054,,,
598,2026-07-29,SZ002493,-0.09224159270524979,EXP_LinearModel_Alpha158_csi300_custom_step0_s_20260729_13,71746a05ed9c4cb6abc93820d418a04c,0.054,,,
599,2026-07-29,SZ002475,-0.03052704595029354,EXP_LinearModel_Alpha158_csi300_custom_step0_s_20260729_13,71746a05ed9c4cb6abc93820d418a04c,0.054,,,
600,2026-07-29,SZ002466,0.0272684246301651,EXP_LinearModel_Alpha158_csi300_custom_step0_s_20260729_13,71746a05ed9c4cb6abc93820d418a04c,0.054,,,
601,2026-07-29,SZ002463,-0.14143095910549164,EXP_LinearModel_Alpha158_csi300_custom_step0_s_20260729_13,71746a05ed9c4cb6abc93820d418a04c,0.054,,,
602,2026-07-29,SZ002460,-0.00403317715972662,EXP_LinearModel_Alpha158_csi300_custom_step0_s_20260729_13,71746a05ed9c4cb6abc93820d418a04c,0.054,,,
603,2026-07-29,SZ002422,-0.09669120609760284,EXP_LinearModel_Alpha158_csi300_custom_step0_s_20260729_13,71746a05ed9c4cb6abc93820d418a04c,0.054,,,
604,2026-07-29,SZ002415,-0.10473587363958359,EXP_LinearModel_Alpha158_csi300_custom_step0_s_20260729_13,71746a05ed9c4cb6abc93820d418a04c,0.054,,,
605,2026-07-29,SZ002384,-0.19623009860515594,EXP_LinearModel_Alpha158_csi300_custom_step0_s_20260729_13,71746a05ed9c4cb6abc93820d418a04c,0.054,,,
606,2026-07-29,SZ002371,-0.17812836170196533,EXP_LinearModel_Alpha158_csi300_custom_step0_s_20260729_13,71746a05ed9c4cb6abc93820d418a04c,0.054,,,
607,2026-07-29,SZ002353,-0.12090074270963669,EXP_LinearModel_Alpha158_csi300_custom_step0_s_20260729_13,71746a05ed9c4cb6abc93820d418a04c,0.054,,,
608,2026-07-29,SZ002709,0.06386630237102509,EXP_LinearModel_Alpha158_csi300_custom_step0_s_20260729_13,71746a05ed9c4cb6abc93820d418a04c,0.054,,,
609,2026-07-29,SZ002352,0.03437255322933197,EXP_LinearModel_Alpha158_csi300_custom_step0_s_20260729_13,71746a05ed9c4cb6abc93820d418a04c,0.054,,,
610,2026-07-29,SZ002714,-0.10052002966403961,EXP_LinearModel_Alpha158_csi300_custom_step0_s_20260729_13,71746a05ed9c4cb6abc93820d418a04c,0.054,,,
611,2026-07-29,SZ002837,0.048627112060785294,EXP_LinearModel_Alpha158_csi300_custom_step0_s_20260729_13,71746a05ed9c4cb6abc93820d418a04c,0.054,,,
612,2026-07-29,SZ300413,0.01959885098040104,EXP_LinearModel_Alpha158_csi300_custom_step0_s_20260729_13,71746a05ed9c4cb6abc93820d418a04c,0.054,,,
613,2026-07-29,SZ300408,0.30290067195892334,EXP_LinearModel_Alpha158_csi300_custom_step0_s_20260729_13,71746a05ed9c4cb6abc93820d418a04c,0.054,,,
614,2026-07-29,SZ300394,0.13262693583965302,EXP_LinearModel_Alpha158_csi300_custom_step0_s_20260729_13,71746a05ed9c4cb6abc93820d418a04c,0.054,,,
615,2026-07-29,SZ300316,0.13419058918952942,EXP_LinearModel_Alpha158_csi300_custom_step0_s_20260729_13,71746a05ed9c4cb6abc93820d418a04c,0.054,,,
616,2026-07-29,SZ300308,-0.007277064491063356,EXP_LinearModel_Alpha158_csi300_custom_step0_s_20260729_13,71746a05ed9c4cb6abc93820d418a04c,0.054,,,
617,2026-07-29,SZ300274,-0.1288003772497177,EXP_LinearModel_Alpha158_csi300_custom_step0_s_20260729_13,71746a05ed9c4cb6abc93820d418a04c,0.054,,,
618,2026-07-29,SZ300251,-0.13587941229343414,EXP_LinearModel_Alpha158_csi300_custom_step0_s_20260729_13,71746a05ed9c4cb6abc93820d418a04c,0.054,,,
619,2026-07-29,SZ300124,0.06925641745328903,EXP_LinearModel_Alpha158_csi300_custom_step0_s_20260729_13,71746a05ed9c4cb6abc93820d418a04c,0.054,,,
620,2026-07-29,SZ300122,-0.05235085263848305,EXP_LinearModel_Alpha158_csi300_custom_step0_s_20260729_13,71746a05ed9c4cb6abc93820d418a04c,0.054,,,
621,2026-07-29,SZ300059,-0.07857421040534973,EXP_LinearModel_Alpha158_csi300_custom_step0_s_20260729_13,71746a05ed9c4cb6abc93820d418a04c,0.054,,,
622,2026-07-29,SZ300033,-0.10535908490419388,EXP_LinearModel_Alpha158_csi300_custom_step0_s_20260729_13,71746a05ed9c4cb6abc93820d418a04c,0.054,,,
623,2026-07-29,SZ300015,-0.02961934357881546,EXP_LinearModel_Alpha158_csi300_custom_step0_s_20260729_13,71746a05ed9c4cb6abc93820d418a04c,0.054,,,
624,2026-07-29,SZ300014,-0.01817747950553894,EXP_LinearModel_Alpha158_csi300_custom_step0_s_20260729_13,71746a05ed9c4cb6abc93820d418a04c,0.054,,,
625,2026-07-29,SZ003816,0.051885657012462616,EXP_LinearModel_Alpha158_csi300_custom_step0_s_20260729_13,71746a05ed9c4cb6abc93820d418a04c,0.054,,,
626,2026-07-29,SZ002938,-0.02988785319030285,EXP_LinearModel_Alpha158_csi300_custom_step0_s_20260729_13,71746a05ed9c4cb6abc93820d418a04c,0.054,,,
627,2026-07-29,SZ002920,-0.001910102553665638,EXP_LinearModel_Alpha158_csi300_custom_step0_s_20260729_13,71746a05ed9c4cb6abc93820d418a04c,0.054,,,
628,2026-07-29,SZ002916,-0.07531701028347015,EXP_LinearModel_Alpha158_csi300_custom_step0_s_20260729_13,71746a05ed9c4cb6abc93820d418a04c,0.054,,,
629,2026-07-29,SZ002736,0.018499135971069336,EXP_LinearModel_Alpha158_csi300_custom_step0_s_20260729_13,71746a05ed9c4cb6abc93820d418a04c,0.054,,,
630,2026-07-29,SZ002311,0.00016935018356889486,EXP_LinearModel_Alpha158_csi300_custom_step0_s_20260729_13,71746a05ed9c4cb6abc93820d418a04c,0.054,,,
631,2026-07-29,SZ002304,-0.03765223175287247,EXP_LinearModel_Alpha158_csi300_custom_step0_s_20260729_13,71746a05ed9c4cb6abc93820d418a04c,0.054,,,
632,2026-07-29,SZ002241,0.010616892948746681,EXP_LinearModel_Alpha158_csi300_custom_step0_s_20260729_13,71746a05ed9c4cb6abc93820d418a04c,0.054,,,
633,2026-07-29,SZ000858,-0.032274261116981506,EXP_LinearModel_Alpha158_csi300_custom_step0_s_20260729_13,71746a05ed9c4cb6abc93820d418a04c,0.054,,,
634,2026-07-29,SZ000807,-0.039344385266304016,EXP_LinearModel_Alpha158_csi300_custom_step0_s_20260729_13,71746a05ed9c4cb6abc93820d418a04c,0.054,,,
635,2026-07-29,SZ000792,-0.14839361608028412,EXP_LinearModel_Alpha158_csi300_custom_step0_s_20260729_13,71746a05ed9c4cb6abc93820d418a04c,0.054,,,
636,2026-07-29,SZ000776,-0.07546718418598175,EXP_LinearModel_Alpha158_csi300_custom_step0_s_20260729_13,71746a05ed9c4cb6abc93820d418a04c,0.054,,,
637,2026-07-29,SZ000768,0.024698156863451004,EXP_LinearModel_Alpha158_csi300_custom_step0_s_20260729_13,71746a05ed9c4cb6abc93820d418a04c,0.054,,,
638,2026-07-29,SZ000725,0.18160761892795563,EXP_LinearModel_Alpha158_csi300_custom_step0_s_20260729_13,71746a05ed9c4cb6abc93820d418a04c,0.054,,,
639,2026-07-29,SZ000708,-0.0026077486108988523,EXP_LinearModel_Alpha158_csi300_custom_step0_s_20260729_13,71746a05ed9c4cb6abc93820d418a04c,0.054,,,
640,2026-07-29,SZ000657,0.2356545329093933,EXP_LinearModel_Alpha158_csi300_custom_step0_s_20260729_13,71746a05ed9c4cb6abc93820d418a04c,0.054,,,
641,2026-07-29,SZ000651,0.027595719322562218,EXP_LinearModel_Alpha158_csi300_custom_step0_s_20260729_13,71746a05ed9c4cb6abc93820d418a04c,0.054,,,
642,2026-07-29,SZ000630,-0.02702650986611843,EXP_LinearModel_Alpha158_csi300_custom_step0_s_20260729_13,71746a05ed9c4cb6abc93820d418a04c,0.054,,,
643,2026-07-29,SZ000625,-0.06339898705482483,EXP_LinearModel_Alpha158_csi300_custom_step0_s_20260729_13,71746a05ed9c4cb6abc93820d418a04c,0.054,,,
644,2026-07-29,SZ000617,-0.0386538952589035,EXP_LinearModel_Alpha158_csi300_custom_step0_s_20260729_13,71746a05ed9c4cb6abc93820d418a04c,0.054,,,
645,2026-07-29,SZ000596,-0.10505035519599915,EXP_LinearModel_Alpha158_csi300_custom_step0_s_20260729_13,71746a05ed9c4cb6abc93820d418a04c,0.054,,,
646,2026-07-29,SZ000568,-0.007042737677693367,EXP_LinearModel_Alpha158_csi300_custom_step0_s_20260729_13,71746a05ed9c4cb6abc93820d418a04c,0.054,,,
647,2026-07-29,SZ000538,-0.01195354200899601,EXP_LinearModel_Alpha158_csi300_custom_step0_s_20260729_13,71746a05ed9c4cb6abc93820d418a04c,0.054,,,
648,2026-07-29,SZ000425,-0.05137904733419418,EXP_LinearModel_Alpha158_csi300_custom_step0_s_20260729_13,71746a05ed9c4cb6abc93820d418a04c,0.054,,,
649,2026-07-29,SZ000408,-0.12272462248802185,EXP_LinearModel_Alpha158_csi300_custom_step0_s_20260729_13,71746a05ed9c4cb6abc93820d418a04c,0.054,,,
650,2026-07-29,SZ000895,0.06145726516842842,EXP_LinearModel_Alpha158_csi300_custom_step0_s_20260729_13,71746a05ed9c4cb6abc93820d418a04c,0.054,,,
651,2026-07-29,SZ000938,-0.030240966007113457,EXP_LinearModel_Alpha158_csi300_custom_step0_s_20260729_13,71746a05ed9c4cb6abc93820d418a04c,0.054,,,
652,2026-07-29,SZ000963,-0.05952155962586403,EXP_LinearModel_Alpha158_csi300_custom_step0_s_20260729_13,71746a05ed9c4cb6abc93820d418a04c,0.054,,,
653,2026-07-29,SZ000975,-0.11083752661943436,EXP_LinearModel_Alpha158_csi300_custom_step0_s_20260729_13,71746a05ed9c4cb6abc93820d418a04c,0.054,,,
654,2026-07-29,SZ002236,-0.079648457467556,EXP_LinearModel_Alpha158_csi300_custom_step0_s_20260729_13,71746a05ed9c4cb6abc93820d418a04c,0.054,,,
655,2026-07-29,SZ002230,-0.06970628350973129,EXP_LinearModel_Alpha158_csi300_custom_step0_s_20260729_13,71746a05ed9c4cb6abc93820d418a04c,0.054,,,
656,2026-07-29,SZ002202,0.07977886497974396,EXP_LinearModel_Alpha158_csi300_custom_step0_s_20260729_13,71746a05ed9c4cb6abc93820d418a04c,0.054,,,
657,2026-07-29,SZ002179,0.10878875106573105,EXP_LinearModel_Alpha158_csi300_custom_step0_s_20260729_13,71746a05ed9c4cb6abc93820d418a04c,0.054,,,
658,2026-07-29,SZ002142,0.0537058487534523,EXP_LinearModel_Alpha158_csi300_custom_step0_s_20260729_13,71746a05ed9c4cb6abc93820d418a04c,0.054,,,
659,2026-07-29,SZ002074,-0.006885902490466833,EXP_LinearModel_Alpha158_csi300_custom_step0_s_20260729_13,71746a05ed9c4cb6abc93820d418a04c,0.054,,,
660,2026-07-29,SZ002050,-0.02770424075424671,EXP_LinearModel_Alpha158_csi300_custom_step0_s_20260729_13,71746a05ed9c4cb6abc93820d418a04c,0.054,,,
661,2026-07-29,SZ002049,0.11866599321365356,EXP_LinearModel_Alpha158_csi300_custom_step0_s_20260729_13,71746a05ed9c4cb6abc93820d418a04c,0.054,,,
662,2026-07-29,SZ300433,0.13478471338748932,EXP_LinearModel_Alpha158_csi300_custom_step0_s_20260729_13,71746a05ed9c4cb6abc93820d418a04c,0.054,,,
663,2026-07-29,SZ002028,-0.1601777970790863,EXP_LinearModel_Alpha158_csi300_custom_step0_s_20260729_13,71746a05ed9c4cb6abc93820d418a04c,0.054,,,
664,2026-07-29,SZ002001,-0.03610687330365181,EXP_LinearModel_Alpha158_csi300_custom_step0_s_20260729_13,71746a05ed9c4cb6abc93820d418a04c,0.054,,,
665,2026-07-29,SZ001979,-0.0033062403090298176,EXP_LinearModel_Alpha158_csi300_custom_step0_s_20260729_13,71746a05ed9c4cb6abc93820d418a04c,0.054,,,
666,2026-07-29,SZ001965,-0.009667421691119671,EXP_LinearModel_Alpha158_csi300_custom_step0_s_20260729_13,71746a05ed9c4cb6abc93820d418a04c,0.054,,,
667,2026-07-29,SZ001391,0.07370901107788086,EXP_LinearModel_Alpha158_csi300_custom_step0_s_20260729_13,71746a05ed9c4cb6abc93820d418a04c,0.054,,,
668,2026-07-29,SZ001280,0.06183149293065071,EXP_LinearModel_Alpha158_csi300_custom_step0_s_20260729_13,71746a05ed9c4cb6abc93820d418a04c,0.054,,,
669,2026-07-29,SZ000999,0.00776390777900815,EXP_LinearModel_Alpha158_csi300_custom_step0_s_20260729_13,71746a05ed9c4cb6abc93820d418a04c,0.054,,,
670,2026-07-29,SZ000988,0.24624153971672058,EXP_LinearModel_Alpha158_csi300_custom_step0_s_20260729_13,71746a05ed9c4cb6abc93820d418a04c,0.054,,,
671,2026-07-29,SZ000977,-0.13707637786865234,EXP_LinearModel_Alpha158_csi300_custom_step0_s_20260729_13,71746a05ed9c4cb6abc93820d418a04c,0.054,,,
672,2026-07-29,SZ002027,0.06557692587375641,EXP_LinearModel_Alpha158_csi300_custom_step0_s_20260729_13,71746a05ed9c4cb6abc93820d418a04c,0.054,,,
673,2026-07-29,SH601916,0.08734575659036636,EXP_LinearModel_Alpha158_csi300_custom_step0_s_20260729_13,b17bfd4a125741fe9a03582ba1e3f14d,0.07,,,
674,2026-07-29,SH600918,-0.03626662865281105,EXP_LinearModel_Alpha158_csi300_custom_step0_s_20260729_13,a18db767c6c64391a430019375ed8698,0.031,,,
675,2026-07-29,SH600900,0.018224729225039482,EXP_LinearModel_Alpha158_csi300_custom_step0_s_20260729_13,a18db767c6c64391a430019375ed8698,0.031,,,
676,2026-07-29,SZ002049,0.06389200182214391,EXP_LGBModel_Alpha158_csi300_custom_step0_s_20260729_13,ebb2865d989a4b0e9fa79bccc037b9a7,0.016,,,
677,2026-07-29,SZ002028,-0.013974921730139292,EXP_LGBModel_Alpha158_csi300_custom_step0_s_20260729_13,ebb2865d989a4b0e9fa79bccc037b9a7,0.016,,,
678,2026-07-29,SZ002027,-0.009381930484785448,EXP_LGBModel_Alpha158_csi300_custom_step0_s_20260729_13,ebb2865d989a4b0e9fa79bccc037b9a7,0.016,,,
679,2026-07-29,SZ002001,-0.05849784506994271,EXP_LGBModel_Alpha158_csi300_custom_step0_s_20260729_13,ebb2865d989a4b0e9fa79bccc037b9a7,0.016,,,
680,2026-07-29,SZ001979,-0.028532169507385036,EXP_LGBModel_Alpha158_csi300_custom_step0_s_20260729_13,ebb2865d989a4b0e9fa79bccc037b9a7,0.016,,,
681,2026-07-29,SZ001965,-0.01803682669804683,EXP_LGBModel_Alpha158_csi300_custom_step0_s_20260729_13,ebb2865d989a4b0e9fa79bccc037b9a7,0.016,,,
682,2026-07-29,SZ001391,0.005823335451329971,EXP_LGBModel_Alpha158_csi300_custom_step0_s_20260729_13,ebb2865d989a4b0e9fa79bccc037b9a7,0.016,,,
683,2026-07-29,SZ001280,0.012067252308853948,EXP_LGBModel_Alpha158_csi300_custom_step0_s_20260729_13,ebb2865d989a4b0e9fa79bccc037b9a7,0.016,,,
684,2026-07-29,SZ000999,0.03428851485954678,EXP_LGBModel_Alpha158_csi300_custom_step0_s_20260729_13,ebb2865d989a4b0e9fa79bccc037b9a7,0.016,,,
685,2026-07-29,SZ000988,0.09272641437330792,EXP_LGBModel_Alpha158_csi300_custom_step0_s_20260729_13,ebb2865d989a4b0e9fa79bccc037b9a7,0.016,,,
686,2026-07-29,SZ000977,0.07262968560141224,EXP_LGBModel_Alpha158_csi300_custom_step0_s_20260729_13,ebb2865d989a4b0e9fa79bccc037b9a7,0.016,,,
687,2026-07-29,SZ000975,0.0033223362424302247,EXP_LGBModel_Alpha158_csi300_custom_step0_s_20260729_13,ebb2865d989a4b0e9fa79bccc037b9a7,0.016,,,
688,2026-07-29,SZ000963,-0.004622104342594498,EXP_LGBModel_Alpha158_csi300_custom_step0_s_20260729_13,ebb2865d989a4b0e9fa79bccc037b9a7,0.016,,,
689,2026-07-29,SZ000938,0.019144441242027608,EXP_LGBModel_Alpha158_csi300_custom_step0_s_20260729_13,ebb2865d989a4b0e9fa79bccc037b9a7,0.016,,,
690,2026-07-29,SZ000895,0.012413419883423666,EXP_LGBModel_Alpha158_csi300_custom_step0_s_20260729_13,ebb2865d989a4b0e9fa79bccc037b9a7,0.016,,,
691,2026-07-29,SZ000858,0.01828291810478429,EXP_LGBModel_Alpha158_csi300_custom_step0_s_20260729_13,ebb2865d989a4b0e9fa79bccc037b9a7,0.016,,,
692,2026-07-29,SZ000807,0.009209790443442854,EXP_LGBModel_Alpha158_csi300_custom_step0_s_20260729_13,ebb2865d989a4b0e9fa79bccc037b9a7,0.016,,,
693,2026-07-29,SZ002050,0.09606413193892926,EXP_LGBModel_Alpha158_csi300_custom_step0_s_20260729_13,ebb2865d989a4b0e9fa79bccc037b9a7,0.016,,,
694,2026-07-29,SZ000792,-0.030920405163795316,EXP_LGBModel_Alpha158_csi300_custom_step0_s_20260729_13,ebb2865d989a4b0e9fa79bccc037b9a7,0.016,,,
695,2026-07-29,SZ002074,-0.061979810202053065,EXP_LGBModel_Alpha158_csi300_custom_step0_s_20260729_13,ebb2865d989a4b0e9fa79bccc037b9a7,0.016,,,
696,2026-07-29,SZ002179,0.1178392058967486,EXP_LGBModel_Alpha158_csi300_custom_step0_s_20260729_13,ebb2865d989a4b0e9fa79bccc037b9a7,0.016,,,
697,2026-07-29,SZ002493,-0.03882851244337546,EXP_LGBModel_Alpha158_csi300_custom_step0_s_20260729_13,ebb2865d989a4b0e9fa79bccc037b9a7,0.016,,,
698,2026-07-29,SZ002475,-0.004714184114178781,EXP_LGBModel_Alpha158_csi300_custom_step0_s_20260729_13,ebb2865d989a4b0e9fa79bccc037b9a7,0.016,,,
699,2026-07-29,SZ002466,0.06720191128283683,EXP_LGBModel_Alpha158_csi300_custom_step0_s_20260729_13,ebb2865d989a4b0e9fa79bccc037b9a7,0.016,,,
700,2026-07-29,SZ002463,0.07732373849218153,EXP_LGBModel_Alpha158_csi300_custom_step0_s_20260729_13,ebb2865d989a4b0e9fa79bccc037b9a7,0.016,,,
701,2026-07-29,SZ002460,0.02734028014712941,EXP_LGBModel_Alpha158_csi300_custom_step0_s_20260729_13,ebb2865d989a4b0e9fa79bccc037b9a7,0.016,,,
702,2026-07-29,SZ002422,0.013809082885437644,EXP_LGBModel_Alpha158_csi300_custom_step0_s_20260729_13,ebb2865d989a4b0e9fa79bccc037b9a7,0.016,,,
703,2026-07-29,SZ002415,-0.07908712680754977,EXP_LGBModel_Alpha158_csi300_custom_step0_s_20260729_13,ebb2865d989a4b0e9fa79bccc037b9a7,0.016,,,
704,2026-07-29,SZ002384,0.02782145981006297,EXP_LGBModel_Alpha158_csi300_custom_step0_s_20260729_13,ebb2865d989a4b0e9fa79bccc037b9a7,0.016,,,
705,2026-07-29,SZ002371,0.04923223062991962,EXP_LGBModel_Alpha158_csi300_custom_step0_s_20260729_13,ebb2865d989a4b0e9fa79bccc037b9a7,0.016,,,
706,2026-07-29,SZ002353,-0.01532409088781493,EXP_LGBModel_Alpha158_csi300_custom_step0_s_20260729_13,ebb2865d989a4b0e9fa79bccc037b9a7,0.016,,,
707,2026-07-29,SZ002352,0.010772048758389803,EXP_LGBModel_Alpha158_csi300_custom_step0_s_20260729_13,ebb2865d989a4b0e9fa79bccc037b9a7,0.016,,,
708,2026-07-29,SZ002311,0.015152267213932064,EXP_LGBModel_Alpha158_csi300_custom_step0_s_20260729_13,ebb2865d989a4b0e9fa79bccc037b9a7,0.016,,,
709,2026-07-29,SZ002304,0.006863978322625588,EXP_LGBModel_Alpha158_csi300_custom_step0_s_20260729_13,ebb2865d989a4b0e9fa79bccc037b9a7,0.016,,,
710,2026-07-29,SZ002241,-0.04899404591087464,EXP_LGBModel_Alpha158_csi300_custom_step0_s_20260729_13,ebb2865d989a4b0e9fa79bccc037b9a7,0.016,,,
711,2026-07-29,SZ002236,-0.01888040815751153,EXP_LGBModel_Alpha158_csi300_custom_step0_s_20260729_13,ebb2865d989a4b0e9fa79bccc037b9a7,0.016,,,
712,2026-07-29,SZ002230,-0.03483302906937273,EXP_LGBModel_Alpha158_csi300_custom_step0_s_20260729_13,ebb2865d989a4b0e9fa79bccc037b9a7,0.016,,,
713,2026-07-29,SZ002202,0.06250019480544142,EXP_LGBModel_Alpha158_csi300_custom_step0_s_20260729_13,ebb2865d989a4b0e9fa79bccc037b9a7,0.016,,,
714,2026-07-29,SZ002142,0.03241243077161787,EXP_LGBModel_Alpha158_csi300_custom_step0_s_20260729_13,ebb2865d989a4b0e9fa79bccc037b9a7,0.016,,,
715,2026-07-29,SZ002532,-0.0063620106687471405,EXP_LGBModel_Alpha158_csi300_custom_step0_s_20260729_13,ebb2865d989a4b0e9fa79bccc037b9a7,0.016,,,
716,2026-07-29,SZ000776,-0.08927371462457284,EXP_LGBModel_Alpha158_csi300_custom_step0_s_20260729_13,ebb2865d989a4b0e9fa79bccc037b9a7,0.016,,,
717,2026-07-29,SZ000725,0.08735535361776647,EXP_LGBModel_Alpha158_csi300_custom_step0_s_20260729_13,ebb2865d989a4b0e9fa79bccc037b9a7,0.016,,,
718,2026-07-29,SH688521,0.060240894113840676,EXP_LGBModel_Alpha158_csi300_custom_step0_s_20260729_13,ebb2865d989a4b0e9fa79bccc037b9a7,0.016,,,
719,2026-07-29,SH688506,0.10983196815916162,EXP_LGBModel_Alpha158_csi300_custom_step0_s_20260729_13,ebb2865d989a4b0e9fa79bccc037b9a7,0.016,,,
720,2026-07-29,SH688472,-0.05492710225765118,EXP_LGBModel_Alpha158_csi300_custom_step0_s_20260729_13,ebb2865d989a4b0e9fa79bccc037b9a7,0.016,,,
721,2026-07-29,SH688396,0.10653241214241144,EXP_LGBModel_Alpha158_csi300_custom_step0_s_20260729_13,ebb2865d989a4b0e9fa79bccc037b9a7,0.016,,,
722,2026-07-29,SH688303,-0.05815751082523703,EXP_LGBModel_Alpha158_csi300_custom_step0_s_20260729_13,ebb2865d989a4b0e9fa79bccc037b9a7,0.016,,,
723,2026-07-29,SH688271,-0.007402440698892557,EXP_LGBModel_Alpha158_csi300_custom_step0_s_20260729_13,ebb2865d989a4b0e9fa79bccc037b9a7,0.016,,,
724,2026-07-29,SH688256,0.04735019882920346,EXP_LGBModel_Alpha158_csi300_custom_step0_s_20260729_13,ebb2865d989a4b0e9fa79bccc037b9a7,0.016,,,
725,2026-07-29,SH688223,0.026047801474293523,EXP_LGBModel_Alpha158_csi300_custom_step0_s_20260729_13,ebb2865d989a4b0e9fa79bccc037b9a7,0.016,,,
726,2026-07-29,SH688183,0.07275440047927952,EXP_LGBModel_Alpha158_csi300_custom_step0_s_20260729_13,ebb2865d989a4b0e9fa79bccc037b9a7,0.016,,,
727,2026-07-29,SH688126,0.04614512820415071,EXP_LGBModel_Alpha158_csi300_custom_step0_s_20260729_13,ebb2865d989a4b0e9fa79bccc037b9a7,0.016,,,
728,2026-07-29,SH688111,-0.11764931957365542,EXP_LGBModel_Alpha158_csi300_custom_step0_s_20260729_13,ebb2865d989a4b0e9fa79bccc037b9a7,0.016,,,
729,2026-07-29,SH688082,0.05657287677209774,EXP_LGBModel_Alpha158_csi300_custom_step0_s_20260729_13,ebb2865d989a4b0e9fa79bccc037b9a7,0.016,,,
730,2026-07-29,SH688072,0.012878836667893252,EXP_LGBModel_Alpha158_csi300_custom_step0_s_20260729_13,ebb2865d989a4b0e9fa79bccc037b9a7,0.016,,,
731,2026-07-29,SH688047,0.09896282106825005,EXP_LGBModel_Alpha158_csi300_custom_step0_s_20260729_13,ebb2865d989a4b0e9fa79bccc037b9a7,0.016,,,
732,2026-07-29,SH688041,0.033081615735523984,EXP_LGBModel_Alpha158_csi300_custom_step0_s_20260729_13,ebb2865d989a4b0e9fa79bccc037b9a7,0.016,,,
733,2026-07-29,SH688036,0.03089214305505398,EXP_LGBModel_Alpha158_csi300_custom_step0_s_20260729_13,ebb2865d989a4b0e9fa79bccc037b9a7,0.016,,,
734,2026-07-29,SH688012,-0.006438031155659225,EXP_LGBModel_Alpha158_csi300_custom_step0_s_20260729_13,ebb2865d989a4b0e9fa79bccc037b9a7,0.016,,,
735,2026-07-29,SH688981,0.016274860290925185,EXP_LGBModel_Alpha158_csi300_custom_step0_s_20260729_13,ebb2865d989a4b0e9fa79bccc037b9a7,0.016,,,
736,2026-07-29,SZ000768,-0.0013474772988288127,EXP_LGBModel_Alpha158_csi300_custom_step0_s_20260729_13,ebb2865d989a4b0e9fa79bccc037b9a7,0.016,,,
737,2026-07-29,SZ000001,-0.02338962927246404,EXP_LGBModel_Alpha158_csi300_custom_step0_s_20260729_13,ebb2865d989a4b0e9fa79bccc037b9a7,0.016,,,
738,2026-07-29,SZ000063,-0.0451735691649472,EXP_LGBModel_Alpha158_csi300_custom_step0_s_20260729_13,ebb2865d989a4b0e9fa79bccc037b9a7,0.016,,,
739,2026-07-29,SZ000708,-0.03478829332518564,EXP_LGBModel_Alpha158_csi300_custom_step0_s_20260729_13,ebb2865d989a4b0e9fa79bccc037b9a7,0.016,,,
740,2026-07-29,SZ000657,0.07512586559909601,EXP_LGBModel_Alpha158_csi300_custom_step0_s_20260729_13,ebb2865d989a4b0e9fa79bccc037b9a7,0.016,,,
741,2026-07-29,SZ000651,0.024842810237948387,EXP_LGBModel_Alpha158_csi300_custom_step0_s_20260729_13,ebb2865d989a4b0e9fa79bccc037b9a7,0.016,,,
742,2026-07-29,SZ000630,0.03303692457714091,EXP_LGBModel_Alpha158_csi300_custom_step0_s_20260729_13,ebb2865d989a4b0e9fa79bccc037b9a7,0.016,,,
743,2026-07-29,SZ000625,-0.057451367965414,EXP_LGBModel_Alpha158_csi300_custom_step0_s_20260729_13,ebb2865d989a4b0e9fa79bccc037b9a7,0.016,,,
744,2026-07-29,SZ000617,-0.0002765571802405655,EXP_LGBModel_Alpha158_csi300_custom_step0_s_20260729_13,ebb2865d989a4b0e9fa79bccc037b9a7,0.016,,,
745,2026-07-29,SZ000596,-0.010457991340292917,EXP_LGBModel_Alpha158_csi300_custom_step0_s_20260729_13,ebb2865d989a4b0e9fa79bccc037b9a7,0.016,,,
746,2026-07-29,SZ000568,-0.028786072011888285,EXP_LGBModel_Alpha158_csi300_custom_step0_s_20260729_13,ebb2865d989a4b0e9fa79bccc037b9a7,0.016,,,
747,2026-07-29,SZ000538,0.03412571379953716,EXP_LGBModel_Alpha158_csi300_custom_step0_s_20260729_13,ebb2865d989a4b0e9fa79bccc037b9a7,0.016,,,
748,2026-07-29,SZ000425,-0.01411403383002709,EXP_LGBModel_Alpha158_csi300_custom_step0_s_20260729_13,ebb2865d989a4b0e9fa79bccc037b9a7,0.016,,,
749,2026-07-29,SZ000408,-0.04073981038497563,EXP_LGBModel_Alpha158_csi300_custom_step0_s_20260729_13,ebb2865d989a4b0e9fa79bccc037b9a7,0.016,,,
750,2026-07-29,SZ000338,-0.031241643316091326,EXP_LGBModel_Alpha158_csi300_custom_step0_s_20260729_13,ebb2865d989a4b0e9fa79bccc037b9a7,0.016,,,
751,2026-07-29,SZ000333,0.01084550646211685,EXP_LGBModel_Alpha158_csi300_custom_step0_s_20260729_13,ebb2865d989a4b0e9fa79bccc037b9a7,0.016,,,
752,2026-07-29,SZ000301,-0.04467810032837959,EXP_LGBModel_Alpha158_csi300_custom_step0_s_20260729_13,ebb2865d989a4b0e9fa79bccc037b9a7,0.016,,,
753,2026-07-29,SZ000166,0.03184944878951795,EXP_LGBModel_Alpha158_csi300_custom_step0_s_20260729_13,ebb2865d989a4b0e9fa79bccc037b9a7,0.016,,,
754,2026-07-29,SZ000157,-0.010728753267190406,EXP_LGBModel_Alpha158_csi300_custom_step0_s_20260729_13,ebb2865d989a4b0e9fa79bccc037b9a7,0.016,,,
755,2026-07-29,SZ000100,-0.06785280522779516,EXP_LGBModel_Alpha158_csi300_custom_step0_s_20260729_13,ebb2865d989a4b0e9fa79bccc037b9a7,0.016,,,
756,2026-07-29,SZ000002,-0.06994087244667829,EXP_LGBModel_Alpha158_csi300_custom_step0_s_20260729_13,ebb2865d989a4b0e9fa79bccc037b9a7,0.016,,,
757,2026-07-29,SH688009,0.033465568270411306,EXP_LGBModel_Alpha158_csi300_custom_step0_s_20260729_13,ebb2865d989a4b0e9fa79bccc037b9a7,0.016,,,
758,2026-07-29,SZ002558,-0.038412560155786785,EXP_LGBModel_Alpha158_csi300_custom_step0_s_20260729_13,ebb2865d989a4b0e9fa79bccc037b9a7,0.016,,,
759,2026-07-29,SZ002600,0.05661517153295904,EXP_LGBModel_Alpha158_csi300_custom_step0_s_20260729_13,ebb2865d989a4b0e9fa79bccc037b9a7,0.016,,,
760,2026-07-29,SH600029,-0.04092105105519295,EXP_LinearModel_Alpha158_csi300_custom_step0_s_20260729_13,50166b5be35f4dd79cbef1c34f471b2e,0.033,,,
761,2026-07-29,SH600028,0.13429859280586243,EXP_LinearModel_Alpha158_csi300_custom_step0_s_20260729_13,50166b5be35f4dd79cbef1c34f471b2e,0.033,,,
762,2026-07-29,SH600027,0.024634812027215958,EXP_LinearModel_Alpha158_csi300_custom_step0_s_20260729_13,50166b5be35f4dd79cbef1c34f471b2e,0.033,,,
763,2026-07-29,SH600026,-0.037275344133377075,EXP_LinearModel_Alpha158_csi300_custom_step0_s_20260729_13,50166b5be35f4dd79cbef1c34f471b2e,0.033,,,
764,2026-07-29,SH600025,0.06867693364620209,EXP_LinearModel_Alpha158_csi300_custom_step0_s_20260729_13,50166b5be35f4dd79cbef1c34f471b2e,0.033,,,
765,2026-07-29,SH600023,0.022424789145588875,EXP_LinearModel_Alpha158_csi300_custom_step0_s_20260729_13,50166b5be35f4dd79cbef1c34f471b2e,0.033,,,
766,2026-07-29,SH600019,0.03167235851287842,EXP_LinearModel_Alpha158_csi300_custom_step0_s_20260729_13,50166b5be35f4dd79cbef1c34f471b2e,0.033,,,
767,2026-07-29,SH600018,0.1548404097557068,EXP_LinearModel_Alpha158_csi300_custom_step0_s_20260729_13,50166b5be35f4dd79cbef1c34f471b2e,0.033,,,
768,2026-07-29,SH600016,0.09565670788288116,EXP_LinearModel_Alpha158_csi300_custom_step0_s_20260729_13,50166b5be35f4dd79cbef1c34f471b2e,0.033,,,
769,2026-07-29,SH600015,0.09364056587219238,EXP_LinearModel_Alpha158_csi300_custom_step0_s_20260729_13,50166b5be35f4dd79cbef1c34f471b2e,0.033,,,
770,2026-07-29,SH600011,-0.061952728778123856,EXP_LinearModel_Alpha158_csi300_custom_step0_s_20260729_13,50166b5be35f4dd79cbef1c34f471b2e,0.033,,,
771,2026-07-29,SH600010,0.02076832205057144,EXP_LinearModel_Alpha158_csi300_custom_step0_s_20260729_13,50166b5be35f4dd79cbef1c34f471b2e,0.033,,,
772,2026-07-29,SH600009,0.014010068029165268,EXP_LinearModel_Alpha158_csi300_custom_step0_s_20260729_13,50166b5be35f4dd79cbef1c34f471b2e,0.033,,,
773,2026-07-29,SH600000,0.058756377547979355,EXP_LinearModel_Alpha158_csi300_custom_step0_s_20260729_13,50166b5be35f4dd79cbef1c34f471b2e,0.033,,,
774,2026-07-29,SZ302132,-0.04113937375515622,EXP_LGBModel_Alpha158_csi300_custom_step0_s_20260729_13,ebb2865d989a4b0e9fa79bccc037b9a7,0.016,,,
775,2026-07-29,SZ301308,0.08178718190103385,EXP_LGBModel_Alpha158_csi300_custom_step0_s_20260729_13,ebb2865d989a4b0e9fa79bccc037b9a7,0.016,,,
776,2026-07-29,SZ301269,0.08684413170331273,EXP_LGBModel_Alpha158_csi300_custom_step0_s_20260729_13,ebb2865d989a4b0e9fa79bccc037b9a7,0.016,,,
777,2026-07-29,SH600030,0.010508430190384388,EXP_LinearModel_Alpha158_csi300_custom_step0_s_20260729_13,50166b5be35f4dd79cbef1c34f471b2e,0.033,,,
778,2026-07-29,SZ301236,-0.005627643188929856,EXP_LGBModel_Alpha158_csi300_custom_step0_s_20260729_13,ebb2865d989a4b0e9fa79bccc037b9a7,0.016,,,
779,2026-07-29,SH600031,-0.0606243759393692,EXP_LinearModel_Alpha158_csi300_custom_step0_s_20260729_13,50166b5be35f4dd79cbef1c34f471b2e,0.033,,,
780,2026-07-29,SH600039,0.06461169570684433,EXP_LinearModel_Alpha158_csi300_custom_step0_s_20260729_13,50166b5be35f4dd79cbef1c34f471b2e,0.033,,,
781,2026-07-29,SH600219,-0.010494056157767773,EXP_LinearModel_Alpha158_csi300_custom_step0_s_20260729_13,50166b5be35f4dd79cbef1c34f471b2e,0.033,,,
782,2026-07-29,SH600196,-0.009249530732631683,EXP_LinearModel_Alpha158_csi300_custom_step0_s_20260729_13,50166b5be35f4dd79cbef1c34f471b2e,0.033,,,
783,2026-07-29,SH600188,-0.06249848008155823,EXP_LinearModel_Alpha158_csi300_custom_step0_s_20260729_13,50166b5be35f4dd79cbef1c34f471b2e,0.033,,,
784,2026-07-29,SH600183,-0.05505681037902832,EXP_LinearModel_Alpha158_csi300_custom_step0_s_20260729_13,50166b5be35f4dd79cbef1c34f471b2e,0.033,,,
785,2026-07-29,SH600176,-0.010791845619678497,EXP_LinearModel_Alpha158_csi300_custom_step0_s_20260729_13,50166b5be35f4dd79cbef1c34f471b2e,0.033,,,
786,2026-07-29,SH600160,-0.05319660156965256,EXP_LinearModel_Alpha158_csi300_custom_step0_s_20260729_13,50166b5be35f4dd79cbef1c34f471b2e,0.033,,,
787,2026-07-29,SH600150,-0.03664010763168335,EXP_LinearModel_Alpha158_csi300_custom_step0_s_20260729_13,50166b5be35f4dd79cbef1c34f471b2e,0.033,,,
788,2026-07-29,SH600118,0.12693925201892853,EXP_LinearModel_Alpha158_csi300_custom_step0_s_20260729_13,50166b5be35f4dd79cbef1c34f471b2e,0.033,,,
789,2026-07-29,SH600115,-0.06398332864046097,EXP_LinearModel_Alpha158_csi300_custom_step0_s_20260729_13,50166b5be35f4dd79cbef1c34f471b2e,0.033,,,
790,2026-07-29,SH600111,0.10803868621587753,EXP_LinearModel_Alpha158_csi300_custom_step0_s_20260729_13,50166b5be35f4dd79cbef1c34f471b2e,0.033,,,
791,2026-07-29,SH600104,0.019300345331430435,EXP_LinearModel_Alpha158_csi300_custom_step0_s_20260729_13,50166b5be35f4dd79cbef1c34f471b2e,0.033,,,
792,2026-07-29,SH600089,-0.0194901954382658,EXP_LinearModel_Alpha158_csi300_custom_step0_s_20260729_13,50166b5be35f4dd79cbef1c34f471b2e,0.033,,,
793,2026-07-29,SH600085,-0.06639546900987625,EXP_LinearModel_Alpha158_csi300_custom_step0_s_20260729_13,50166b5be35f4dd79cbef1c34f471b2e,0.033,,,
794,2026-07-29,SH600066,0.030785715207457542,EXP_LinearModel_Alpha158_csi300_custom_step0_s_20260729_13,50166b5be35f4dd79cbef1c34f471b2e,0.033,,,
795,2026-07-29,SH600061,0.05671115964651108,EXP_LinearModel_Alpha158_csi300_custom_step0_s_20260729_13,50166b5be35f4dd79cbef1c34f471b2e,0.033,,,
796,2026-07-29,SH600050,0.13154104351997375,EXP_LinearModel_Alpha158_csi300_custom_step0_s_20260729_13,50166b5be35f4dd79cbef1c34f471b2e,0.033,,,
797,2026-07-29,SH600048,0.046860262751579285,EXP_LinearModel_Alpha158_csi300_custom_step0_s_20260729_13,50166b5be35f4dd79cbef1c34f471b2e,0.033,,,
798,2026-07-29,SH600036,0.039500705897808075,EXP_LinearModel_Alpha158_csi300_custom_step0_s_20260729_13,50166b5be35f4dd79cbef1c34f471b2e,0.033,,,
799,2026-07-29,SZ002594,0.001053971527740034,EXP_LGBModel_Alpha158_csi300_custom_step0_s_20260729_13,ebb2865d989a4b0e9fa79bccc037b9a7,0.016,,,
800,2026-07-29,SZ301165,0.02722497477839212,EXP_LGBModel_Alpha158_csi300_custom_step0_s_20260729_13,ebb2865d989a4b0e9fa79bccc037b9a7,0.016,,,
801,2026-07-29,SZ300896,0.12172610620364571,EXP_LGBModel_Alpha158_csi300_custom_step0_s_20260729_13,ebb2865d989a4b0e9fa79bccc037b9a7,0.016,,,
802,2026-07-29,SZ300124,0.002385907142071834,EXP_LGBModel_Alpha158_csi300_custom_step0_s_20260729_13,ebb2865d989a4b0e9fa79bccc037b9a7,0.016,,,
803,2026-07-29,SZ300122,0.0038530385561308766,EXP_LGBModel_Alpha158_csi300_custom_step0_s_20260729_13,ebb2865d989a4b0e9fa79bccc037b9a7,0.016,,,
804,2026-07-29,SZ300059,-0.02941946435186111,EXP_LGBModel_Alpha158_csi300_custom_step0_s_20260729_13,ebb2865d989a4b0e9fa79bccc037b9a7,0.016,,,
805,2026-07-29,SZ300033,-0.04705545576107987,EXP_LGBModel_Alpha158_csi300_custom_step0_s_20260729_13,ebb2865d989a4b0e9fa79bccc037b9a7,0.016,,,
806,2026-07-29,SZ300015,0.012767604457108523,EXP_LGBModel_Alpha158_csi300_custom_step0_s_20260729_13,ebb2865d989a4b0e9fa79bccc037b9a7,0.016,,,
807,2026-07-29,SZ300014,0.06867493163861471,EXP_LGBModel_Alpha158_csi300_custom_step0_s_20260729_13,ebb2865d989a4b0e9fa79bccc037b9a7,0.016,,,
808,2026-07-29,SZ003816,0.008136076562855907,EXP_LGBModel_Alpha158_csi300_custom_step0_s_20260729_13,ebb2865d989a4b0e9fa79bccc037b9a7,0.016,,,
809,2026-07-29,SZ002938,0.1010883206333247,EXP_LGBModel_Alpha158_csi300_custom_step0_s_20260729_13,ebb2865d989a4b0e9fa79bccc037b9a7,0.016,,,
810,2026-07-29,SZ002920,-0.04451426690862889,EXP_LGBModel_Alpha158_csi300_custom_step0_s_20260729_13,ebb2865d989a4b0e9fa79bccc037b9a7,0.016,,,
811,2026-07-29,SZ002916,0.04476847999832309,EXP_LGBModel_Alpha158_csi300_custom_step0_s_20260729_13,ebb2865d989a4b0e9fa79bccc037b9a7,0.016,,,
812,2026-07-29,SZ002837,0.07583978944404986,EXP_LGBModel_Alpha158_csi300_custom_step0_s_20260729_13,ebb2865d989a4b0e9fa79bccc037b9a7,0.016,,,
813,2026-07-29,SZ002736,0.0005916639117713858,EXP_LGBModel_Alpha158_csi300_custom_step0_s_20260729_13,ebb2865d989a4b0e9fa79bccc037b9a7,0.016,,,
814,2026-07-29,SZ002714,0.0617365848213744,EXP_LGBModel_Alpha158_csi300_custom_step0_s_20260729_13,ebb2865d989a4b0e9fa79bccc037b9a7,0.016,,,
815,2026-07-29,SZ002709,0.061562342728364076,EXP_LGBModel_Alpha158_csi300_custom_step0_s_20260729_13,ebb2865d989a4b0e9fa79bccc037b9a7,0.016,,,
816,2026-07-29,SZ002648,-0.04665458820699499,EXP_LGBModel_Alpha158_csi300_custom_step0_s_20260729_13,ebb2865d989a4b0e9fa79bccc037b9a7,0.016,,,
817,2026-07-29,SZ002625,-0.060855955370436296,EXP_LGBModel_Alpha158_csi300_custom_step0_s_20260729_13,ebb2865d989a4b0e9fa79bccc037b9a7,0.016,,,
818,2026-07-29,SZ002602,-0.1072721894890862,EXP_LGBModel_Alpha158_csi300_custom_step0_s_20260729_13,ebb2865d989a4b0e9fa79bccc037b9a7,0.016,,,
819,2026-07-29,SZ300251,-0.017564366098508255,EXP_LGBModel_Alpha158_csi300_custom_step0_s_20260729_13,ebb2865d989a4b0e9fa79bccc037b9a7,0.016,,,
820,2026-07-29,SZ300999,0.02713681985078348,EXP_LGBModel_Alpha158_csi300_custom_step0_s_20260729_13,ebb2865d989a4b0e9fa79bccc037b9a7,0.016,,,
821,2026-07-29,SZ300274,0.07170086884079221,EXP_LGBModel_Alpha158_csi300_custom_step0_s_20260729_13,ebb2865d989a4b0e9fa79bccc037b9a7,0.016,,,
822,2026-07-29,SZ300316,0.04324009275073314,EXP_LGBModel_Alpha158_csi300_custom_step0_s_20260729_13,ebb2865d989a4b0e9fa79bccc037b9a7,0.016,,,
823,2026-07-29,SZ300866,0.03578412544502466,EXP_LGBModel_Alpha158_csi300_custom_step0_s_20260729_13,ebb2865d989a4b0e9fa79bccc037b9a7,0.016,,,
824,2026-07-29,SZ300832,0.043016113864092174,EXP_LGBModel_Alpha158_csi300_custom_step0_s_20260729_13,ebb2865d989a4b0e9fa79bccc037b9a7,0.016,,,
825,2026-07-29,SZ300803,0.03023923617271196,EXP_LGBModel_Alpha158_csi300_custom_step0_s_20260729_13,ebb2865d989a4b0e9fa79bccc037b9a7,0.016,,,
826,2026-07-29,SZ300760,0.018729008488193054,EXP_LGBModel_Alpha158_csi300_custom_step0_s_20260729_13,ebb2865d989a4b0e9fa79bccc037b9a7,0.016,,,
827,2026-07-29,SZ300750,-0.06870307324899044,EXP_LGBModel_Alpha158_csi300_custom_step0_s_20260729_13,ebb2865d989a4b0e9fa79bccc037b9a7,0.016,,,
828,2026-07-29,SZ300661,0.06747847469165932,EXP_LGBModel_Alpha158_csi300_custom_step0_s_20260729_13,ebb2865d989a4b0e9fa79bccc037b9a7,0.016,,,
829,2026-07-29,SZ300628,-0.04253247736345201,EXP_LGBModel_Alpha158_csi300_custom_step0_s_20260729_13,ebb2865d989a4b0e9fa79bccc037b9a7,0.016,,,
830,2026-07-29,SZ300502,0.07914290737327041,EXP_LGBModel_Alpha158_csi300_custom_step0_s_20260729_13,ebb2865d989a4b0e9fa79bccc037b9a7,0.016,,,
831,2026-07-29,SZ300498,0.07195813188273174,EXP_LGBModel_Alpha158_csi300_custom_step0_s_20260729_13,ebb2865d989a4b0e9fa79bccc037b9a7,0.016,,,
832,2026-07-29,SZ300476,0.04980865707438582,EXP_LGBModel_Alpha158_csi300_custom_step0_s_20260729_13,ebb2865d989a4b0e9fa79bccc037b9a7,0.016,,,
833,2026-07-29,SZ300450,0.021214008003081306,EXP_LGBModel_Alpha158_csi300_custom_step0_s_20260729_13,ebb2865d989a4b0e9fa79bccc037b9a7,0.016,,,
834,2026-07-29,SZ300442,0.08049994650907182,EXP_LGBModel_Alpha158_csi300_custom_step0_s_20260729_13,ebb2865d989a4b0e9fa79bccc037b9a7,0.016,,,
835,2026-07-29,SZ300433,0.1010421897655178,EXP_LGBModel_Alpha158_csi300_custom_step0_s_20260729_13,ebb2865d989a4b0e9fa79bccc037b9a7,0.016,,,
836,2026-07-29,SZ300418,0.048847937408339856,EXP_LGBModel_Alpha158_csi300_custom_step0_s_20260729_13,ebb2865d989a4b0e9fa79bccc037b9a7,0.016,,,
837,2026-07-29,SZ300413,-0.02679446817388499,EXP_LGBModel_Alpha158_csi300_custom_step0_s_20260729_13,ebb2865d989a4b0e9fa79bccc037b9a7,0.016,,,
838,2026-07-29,SZ300408,0.00392089756358754,EXP_LGBModel_Alpha158_csi300_custom_step0_s_20260729_13,ebb2865d989a4b0e9fa79bccc037b9a7,0.016,,,
839,2026-07-29,SZ300394,0.09208829859564932,EXP_LGBModel_Alpha158_csi300_custom_step0_s_20260729_13,ebb2865d989a4b0e9fa79bccc037b9a7,0.016,,,
840,2026-07-29,SZ300308,0.03527189961786361,EXP_LGBModel_Alpha158_csi300_custom_step0_s_20260729_13,ebb2865d989a4b0e9fa79bccc037b9a7,0.016,,,
841,2026-07-29,SH688008,0.0934033085360797,EXP_LGBModel_Alpha158_csi300_custom_step0_s_20260729_13,ebb2865d989a4b0e9fa79bccc037b9a7,0.016,,,
842,2026-07-29,SH605499,-0.10476838365197873,EXP_LGBModel_Alpha158_csi300_custom_step0_s_20260729_13,ebb2865d989a4b0e9fa79bccc037b9a7,0.016,,,
843,2026-07-29,SH605117,0.03207210455760972,EXP_LGBModel_Alpha158_csi300_custom_step0_s_20260729_13,ebb2865d989a4b0e9fa79bccc037b9a7,0.016,,,
844,2026-07-29,SH600660,-0.039340469741181126,EXP_LGBModel_Alpha158_csi300_custom_step0_s_20260729_13,ebb2865d989a4b0e9fa79bccc037b9a7,0.016,,,
845,2026-07-29,SH600600,-0.003973030782437099,EXP_LGBModel_Alpha158_csi300_custom_step0_s_20260729_13,ebb2865d989a4b0e9fa79bccc037b9a7,0.016,,,
846,2026-07-29,SH600588,-0.048360152795486076,EXP_LGBModel_Alpha158_csi300_custom_step0_s_20260729_13,ebb2865d989a4b0e9fa79bccc037b9a7,0.016,,,
847,2026-07-29,SH600585,0.011147248311744237,EXP_LGBModel_Alpha158_csi300_custom_step0_s_20260729_13,ebb2865d989a4b0e9fa79bccc037b9a7,0.016,,,
848,2026-07-29,SH600584,0.05731392534834239,EXP_LGBModel_Alpha158_csi300_custom_step0_s_20260729_13,ebb2865d989a4b0e9fa79bccc037b9a7,0.016,,,
849,2026-07-29,SH600570,-0.04486132806383765,EXP_LGBModel_Alpha158_csi300_custom_step0_s_20260729_13,ebb2865d989a4b0e9fa79bccc037b9a7,0.016,,,
850,2026-07-29,SH600549,0.10479035982404927,EXP_LGBModel_Alpha158_csi300_custom_step0_s_20260729_13,ebb2865d989a4b0e9fa79bccc037b9a7,0.016,,,
851,2026-07-29,SH600547,-0.02237020055271108,EXP_LGBModel_Alpha158_csi300_custom_step0_s_20260729_13,ebb2865d989a4b0e9fa79bccc037b9a7,0.016,,,
852,2026-07-29,SH600522,0.1065172296460853,EXP_LGBModel_Alpha158_csi300_custom_step0_s_20260729_13,ebb2865d989a4b0e9fa79bccc037b9a7,0.016,,,
853,2026-07-29,SH600519,0.05238912312357814,EXP_LGBModel_Alpha158_csi300_custom_step0_s_20260729_13,ebb2865d989a4b0e9fa79bccc037b9a7,0.016,,,
854,2026-07-29,SH600515,-0.01078431984726292,EXP_LGBModel_Alpha158_csi300_custom_step0_s_20260729_13,ebb2865d989a4b0e9fa79bccc037b9a7,0.016,,,
855,2026-07-29,SH600489,-0.03266097430735373,EXP_LGBModel_Alpha158_csi300_custom_step0_s_20260729_13,ebb2865d989a4b0e9fa79bccc037b9a7,0.016,,,
856,2026-07-29,SH600482,0.045424717112303066,EXP_LGBModel_Alpha158_csi300_custom_step0_s_20260729_13,ebb2865d989a4b0e9fa79bccc037b9a7,0.016,,,
857,2026-07-29,SH600460,0.09451116735738635,EXP_LGBModel_Alpha158_csi300_custom_step0_s_20260729_13,ebb2865d989a4b0e9fa79bccc037b9a7,0.016,,,
858,2026-07-29,SH600438,-0.004225334328872853,EXP_LGBModel_Alpha158_csi300_custom_step0_s_20260729_13,ebb2865d989a4b0e9fa79bccc037b9a7,0.016,,,
859,2026-07-29,SH600436,0.11027278533608159,EXP_LGBModel_Alpha158_csi300_custom_step0_s_20260729_13,ebb2865d989a4b0e9fa79bccc037b9a7,0.016,,,
860,2026-07-29,SH600426,-0.03490185764555793,EXP_LGBModel_Alpha158_csi300_custom_step0_s_20260729_13,ebb2865d989a4b0e9fa79bccc037b9a7,0.016,,,
861,2026-07-29,SH600674,0.025459844128735185,EXP_LGBModel_Alpha158_csi300_custom_step0_s_20260729_13,ebb2865d989a4b0e9fa79bccc037b9a7,0.016,,,
862,2026-07-29,SH600415,-0.1108699656310172,EXP_LGBModel_Alpha158_csi300_custom_step0_s_20260729_13,ebb2865d989a4b0e9fa79bccc037b9a7,0.016,,,
863,2026-07-29,SH600690,-0.05755384699740957,EXP_LGBModel_Alpha158_csi300_custom_step0_s_20260729_13,ebb2865d989a4b0e9fa79bccc037b9a7,0.016,,,
864,2026-07-29,SH600760,-0.04082096530982238,EXP_LGBModel_Alpha158_csi300_custom_step0_s_20260729_13,ebb2865d989a4b0e9fa79bccc037b9a7,0.016,,,
865,2026-07-29,SH600958,0.010498598426078956,EXP_LGBModel_Alpha158_csi300_custom_step0_s_20260729_13,ebb2865d989a4b0e9fa79bccc037b9a7,0.016,,,
866,2026-07-29,SH600941,0.037782138927914245,EXP_LGBModel_Alpha158_csi300_custom_step0_s_20260729_13,ebb2865d989a4b0e9fa79bccc037b9a7,0.016,,,
867,2026-07-29,SH600938,0.06772545505458033,EXP_LGBModel_Alpha158_csi300_custom_step0_s_20260729_13,ebb2865d989a4b0e9fa79bccc037b9a7,0.016,,,
868,2026-07-29,SH600930,0.04962012013403278,EXP_LGBModel_Alpha158_csi300_custom_step0_s_20260729_13,ebb2865d989a4b0e9fa79bccc037b9a7,0.016,,,
869,2026-07-29,SH600926,0.018882174261422687,EXP_LGBModel_Alpha158_csi300_custom_step0_s_20260729_13,ebb2865d989a4b0e9fa79bccc037b9a7,0.016,,,
870,2026-07-29,SH600919,0.01895185656678897,EXP_LGBModel_Alpha158_csi300_custom_step0_s_20260729_13,ebb2865d989a4b0e9fa79bccc037b9a7,0.016,,,
871,2026-07-29,SH600918,0.0067207029643123846,EXP_LGBModel_Alpha158_csi300_custom_step0_s_20260729_13,ebb2865d989a4b0e9fa79bccc037b9a7,0.016,,,
872,2026-07-29,SH600905,0.0028639420958584717,EXP_LGBModel_Alpha158_csi300_custom_step0_s_20260729_13,ebb2865d989a4b0e9fa79bccc037b9a7,0.016,,,
873,2026-07-29,SH600900,0.018333805424122506,EXP_LGBModel_Alpha158_csi300_custom_step0_s_20260729_13,ebb2865d989a4b0e9fa79bccc037b9a7,0.016,,,
874,2026-07-29,SH600893,-0.015101962908618826,EXP_LGBModel_Alpha158_csi300_custom_step0_s_20260729_13,ebb2865d989a4b0e9fa79bccc037b9a7,0.016,,,
875,2026-07-29,SH600887,-0.0512041716359805,EXP_LGBModel_Alpha158_csi300_custom_step0_s_20260729_13,ebb2865d989a4b0e9fa79bccc037b9a7,0.016,,,
876,2026-07-29,SH600886,0.01955161071072489,EXP_LGBModel_Alpha158_csi300_custom_step0_s_20260729_13,ebb2865d989a4b0e9fa79bccc037b9a7,0.016,,,
877,2026-07-29,SH600875,0.02990974303651942,EXP_LGBModel_Alpha158_csi300_custom_step0_s_20260729_13,ebb2865d989a4b0e9fa79bccc037b9a7,0.016,,,
878,2026-07-29,SH600845,-0.02839985585864665,EXP_LGBModel_Alpha158_csi300_custom_step0_s_20260729_13,ebb2865d989a4b0e9fa79bccc037b9a7,0.016,,,
879,2026-07-29,SH600809,-0.04382758378285501,EXP_LGBModel_Alpha158_csi300_custom_step0_s_20260729_13,ebb2865d989a4b0e9fa79bccc037b9a7,0.016,,,
880,2026-07-29,SH600803,-0.0440051105899301,EXP_LGBModel_Alpha158_csi300_custom_step0_s_20260729_13,ebb2865d989a4b0e9fa79bccc037b9a7,0.016,,,
881,2026-07-29,SH600795,0.007565092646155445,EXP_LGBModel_Alpha158_csi300_custom_step0_s_20260729_13,ebb2865d989a4b0e9fa79bccc037b9a7,0.016,,,
882,2026-07-29,SH600741,0.022956200644291314,EXP_LGBModel_Alpha158_csi300_custom_step0_s_20260729_13,ebb2865d989a4b0e9fa79bccc037b9a7,0.016,,,
883,2026-07-29,SH600989,0.007140146112260968,EXP_LGBModel_Alpha158_csi300_custom_step0_s_20260729_13,ebb2865d989a4b0e9fa79bccc037b9a7,0.016,,,
884,2026-07-29,SH600406,-0.04087829637467974,EXP_LGBModel_Alpha158_csi300_custom_step0_s_20260729_13,ebb2865d989a4b0e9fa79bccc037b9a7,0.016,,,
885,2026-07-29,SH600362,0.008064523190820329,EXP_LGBModel_Alpha158_csi300_custom_step0_s_20260729_13,ebb2865d989a4b0e9fa79bccc037b9a7,0.016,,,
886,2026-07-29,SH600048,0.0006170725622041054,EXP_LGBModel_Alpha158_csi300_custom_step0_s_20260729_13,ebb2865d989a4b0e9fa79bccc037b9a7,0.016,,,
887,2026-07-29,SH600039,0.01214519522734332,EXP_LGBModel_Alpha158_csi300_custom_step0_s_20260729_13,ebb2865d989a4b0e9fa79bccc037b9a7,0.016,,,
888,2026-07-29,SH600036,0.00810327701919333,EXP_LGBModel_Alpha158_csi300_custom_step0_s_20260729_13,ebb2865d989a4b0e9fa79bccc037b9a7,0.016,,,
889,2026-07-29,SH600031,-0.0788802739317227,EXP_LGBModel_Alpha158_csi300_custom_step0_s_20260729_13,ebb2865d989a4b0e9fa79bccc037b9a7,0.016,,,
890,2026-07-29,SH600030,-0.007653533921490974,EXP_LGBModel_Alpha158_csi300_custom_step0_s_20260729_13,ebb2865d989a4b0e9fa79bccc037b9a7,0.016,,,
891,2026-07-29,SH600029,0.006376779673247757,EXP_LGBModel_Alpha158_csi300_custom_step0_s_20260729_13,ebb2865d989a4b0e9fa79bccc037b9a7,0.016,,,
892,2026-07-29,SH600028,0.034712766393243534,EXP_LGBModel_Alpha158_csi300_custom_step0_s_20260729_13,ebb2865d989a4b0e9fa79bccc037b9a7,0.016,,,
893,2026-07-29,SH600027,-0.005104347140905438,EXP_LGBModel_Alpha158_csi300_custom_step0_s_20260729_13,ebb2865d989a4b0e9fa79bccc037b9a7,0.016,,,
894,2026-07-29,SH600026,0.02502769978198573,EXP_LGBModel_Alpha158_csi300_custom_step0_s_20260729_13,ebb2865d989a4b0e9fa79bccc037b9a7,0.016,,,
895,2026-07-29,SH600025,0.012123955555661786,EXP_LGBModel_Alpha158_csi300_custom_step0_s_20260729_13,ebb2865d989a4b0e9fa79bccc037b9a7,0.016,,,
896,2026-07-29,SH600023,-0.009240633366961687,EXP_LGBModel_Alpha158_csi300_custom_step0_s_20260729_13,ebb2865d989a4b0e9fa79bccc037b9a7,0.016,,,
897,2026-07-29,SH600019,0.0021591966692529594,EXP_LGBModel_Alpha158_csi300_custom_step0_s_20260729_13,ebb2865d989a4b0e9fa79bccc037b9a7,0.016,,,
898,2026-07-29,SH600018,0.02060112166476285,EXP_LGBModel_Alpha158_csi300_custom_step0_s_20260729_13,ebb2865d989a4b0e9fa79bccc037b9a7,0.016,,,
899,2026-07-29,SH600016,0.03479063283786182,EXP_LGBModel_Alpha158_csi300_custom_step0_s_20260729_13,ebb2865d989a4b0e9fa79bccc037b9a7,0.016,,,
900,2026-07-29,SH600015,0.01330029633189589,EXP_LGBModel_Alpha158_csi300_custom_step0_s_20260729_13,ebb2865d989a4b0e9fa79bccc037b9a7,0.016,,,
901,2026-07-29,SH600011,-0.03545753203011356,EXP_LGBModel_Alpha158_csi300_custom_step0_s_20260729_13,ebb2865d989a4b0e9fa79bccc037b9a7,0.016,,,
902,2026-07-29,SH600010,0.009883800046011953,EXP_LGBModel_Alpha158_csi300_custom_step0_s_20260729_13,ebb2865d989a4b0e9fa79bccc037b9a7,0.016,,,
903,2026-07-29,SH600050,0.03875876242548304,EXP_LGBModel_Alpha158_csi300_custom_step0_s_20260729_13,ebb2865d989a4b0e9fa79bccc037b9a7,0.016,,,
904,2026-07-29,SH600372,0.01499503436495531,EXP_LGBModel_Alpha158_csi300_custom_step0_s_20260729_13,ebb2865d989a4b0e9fa79bccc037b9a7,0.016,,,
905,2026-07-29,SH600061,-0.007321326350564728,EXP_LGBModel_Alpha158_csi300_custom_step0_s_20260729_13,ebb2865d989a4b0e9fa79bccc037b9a7,0.016,,,
906,2026-07-29,SH600085,0.007656265924959149,EXP_LGBModel_Alpha158_csi300_custom_step0_s_20260729_13,ebb2865d989a4b0e9fa79bccc037b9a7,0.016,,,
907,2026-07-29,SH600346,-0.033784629439906816,EXP_LGBModel_Alpha158_csi300_custom_step0_s_20260729_13,ebb2865d989a4b0e9fa79bccc037b9a7,0.016,,,
908,2026-07-29,SH600309,-0.03956127621959609,EXP_LGBModel_Alpha158_csi300_custom_step0_s_20260729_13,ebb2865d989a4b0e9fa79bccc037b9a7,0.016,,,
909,2026-07-29,SH600276,-0.07087188969599896,EXP_LGBModel_Alpha158_csi300_custom_step0_s_20260729_13,ebb2865d989a4b0e9fa79bccc037b9a7,0.016,,,
910,2026-07-29,SH600233,-0.009447271385028658,EXP_LGBModel_Alpha158_csi300_custom_step0_s_20260729_13,ebb2865d989a4b0e9fa79bccc037b9a7,0.016,,,
911,2026-07-29,SH600221,-0.004006354673484047,EXP_LGBModel_Alpha158_csi300_custom_step0_s_20260729_13,ebb2865d989a4b0e9fa79bccc037b9a7,0.016,,,
912,2026-07-29,SH600219,-0.05693664111345938,EXP_LGBModel_Alpha158_csi300_custom_step0_s_20260729_13,ebb2865d989a4b0e9fa79bccc037b9a7,0.016,,,
913,2026-07-29,SH600196,-0.007980170434172073,EXP_LGBModel_Alpha158_csi300_custom_step0_s_20260729_13,ebb2865d989a4b0e9fa79bccc037b9a7,0.016,,,
914,2026-07-29,SH600188,-0.002179194131622479,EXP_LGBModel_Alpha158_csi300_custom_step0_s_20260729_13,ebb2865d989a4b0e9fa79bccc037b9a7,0.016,,,
915,2026-07-29,SH600183,0.051280678894465366,EXP_LGBModel_Alpha158_csi300_custom_step0_s_20260729_13,ebb2865d989a4b0e9fa79bccc037b9a7,0.016,,,
916,2026-07-29,SH600176,0.042092032516025085,EXP_LGBModel_Alpha158_csi300_custom_step0_s_20260729_13,ebb2865d989a4b0e9fa79bccc037b9a7,0.016,,,
917,2026-07-29,SH600160,0.05180728040104904,EXP_LGBModel_Alpha158_csi300_custom_step0_s_20260729_13,ebb2865d989a4b0e9fa79bccc037b9a7,0.016,,,
918,2026-07-29,SH600150,-0.0805985290571153,EXP_LGBModel_Alpha158_csi300_custom_step0_s_20260729_13,ebb2865d989a4b0e9fa79bccc037b9a7,0.016,,,
919,2026-07-29,SH600118,0.10974464657080608,EXP_LGBModel_Alpha158_csi300_custom_step0_s_20260729_13,ebb2865d989a4b0e9fa79bccc037b9a7,0.016,,,
920,2026-07-29,SH600115,-0.009848590766959582,EXP_LGBModel_Alpha158_csi300_custom_step0_s_20260729_13,ebb2865d989a4b0e9fa79bccc037b9a7,0.016,,,
921,2026-07-29,SH600111,0.0937588504618131,EXP_LGBModel_Alpha158_csi300_custom_step0_s_20260729_13,ebb2865d989a4b0e9fa79bccc037b9a7,0.016,,,
922,2026-07-29,SH600104,0.014358589901592018,EXP_LGBModel_Alpha158_csi300_custom_step0_s_20260729_13,ebb2865d989a4b0e9fa79bccc037b9a7,0.016,,,
923,2026-07-29,SH600089,-0.030645297215113908,EXP_LGBModel_Alpha158_csi300_custom_step0_s_20260729_13,ebb2865d989a4b0e9fa79bccc037b9a7,0.016,,,
924,2026-07-29,SH600066,0.02467017377350024,EXP_LGBModel_Alpha158_csi300_custom_step0_s_20260729_13,ebb2865d989a4b0e9fa79bccc037b9a7,0.016,,,
925,2026-07-29,SH600999,0.017827810063729785,EXP_LGBModel_Alpha158_csi300_custom_step0_s_20260729_13,ebb2865d989a4b0e9fa79bccc037b9a7,0.016,,,
926,2026-07-29,SH601006,0.016330118588692717,EXP_LGBModel_Alpha158_csi300_custom_step0_s_20260729_13,ebb2865d989a4b0e9fa79bccc037b9a7,0.016,,,
927,2026-07-29,SH601009,0.030325969147807035,EXP_LGBModel_Alpha158_csi300_custom_step0_s_20260729_13,ebb2865d989a4b0e9fa79bccc037b9a7,0.016,,,
928,2026-07-29,SH601898,-0.0019888014478896326,EXP_LGBModel_Alpha158_csi300_custom_step0_s_20260729_13,ebb2865d989a4b0e9fa79bccc037b9a7,0.016,,,
929,2026-07-29,SH601888,-0.02357563159709553,EXP_LGBModel_Alpha158_csi300_custom_step0_s_20260729_13,ebb2865d989a4b0e9fa79bccc037b9a7,0.016,,,
930,2026-07-29,SH601881,-0.03201339159332637,EXP_LGBModel_Alpha158_csi300_custom_step0_s_20260729_13,ebb2865d989a4b0e9fa79bccc037b9a7,0.016,,,
931,2026-07-29,SH601878,0.013828144777536158,EXP_LGBModel_Alpha158_csi300_custom_step0_s_20260729_13,ebb2865d989a4b0e9fa79bccc037b9a7,0.016,,,
932,2026-07-29,SH601877,-0.015785504879399937,EXP_LGBModel_Alpha158_csi300_custom_step0_s_20260729_13,ebb2865d989a4b0e9fa79bccc037b9a7,0.016,,,
933,2026-07-29,SH601872,-0.004645744390837719,EXP_LGBModel_Alpha158_csi300_custom_step0_s_20260729_13,ebb2865d989a4b0e9fa79bccc037b9a7,0.016,,,
934,2026-07-29,SH601868,-0.0056781518737631115,EXP_LGBModel_Alpha158_csi300_custom_step0_s_20260729_13,ebb2865d989a4b0e9fa79bccc037b9a7,0.016,,,
935,2026-07-29,SH601857,0.06080229881744849,EXP_LGBModel_Alpha158_csi300_custom_step0_s_20260729_13,ebb2865d989a4b0e9fa79bccc037b9a7,0.016,,,
936,2026-07-29,SH601838,0.01587605104901689,EXP_LGBModel_Alpha158_csi300_custom_step0_s_20260729_13,ebb2865d989a4b0e9fa79bccc037b9a7,0.016,,,
937,2026-07-29,SH601825,0.015470252535301649,EXP_LGBModel_Alpha158_csi300_custom_step0_s_20260729_13,ebb2865d989a4b0e9fa79bccc037b9a7,0.016,,,
938,2026-07-29,SH601818,0.026950933135794105,EXP_LGBModel_Alpha158_csi300_custom_step0_s_20260729_13,ebb2865d989a4b0e9fa79bccc037b9a7,0.016,,,
939,2026-07-29,SH601816,-0.016748446880444016,EXP_LGBModel_Alpha158_csi300_custom_step0_s_20260729_13,ebb2865d989a4b0e9fa79bccc037b9a7,0.016,,,
940,2026-07-29,SH601800,0.013266202597435158,EXP_LGBModel_Alpha158_csi300_custom_step0_s_20260729_13,ebb2865d989a4b0e9fa79bccc037b9a7,0.016,,,
941,2026-07-29,SH601788,0.014518314729491992,EXP_LGBModel_Alpha158_csi300_custom_step0_s_20260729_13,ebb2865d989a4b0e9fa79bccc037b9a7,0.016,,,
942,2026-07-29,SH601766,0.03771945524090462,EXP_LGBModel_Alpha158_csi300_custom_step0_s_20260729_13,ebb2865d989a4b0e9fa79bccc037b9a7,0.016,,,
943,2026-07-29,SH601728,0.06618572047443685,EXP_LGBModel_Alpha158_csi300_custom_step0_s_20260729_13,ebb2865d989a4b0e9fa79bccc037b9a7,0.016,,,
944,2026-07-29,SH601727,-0.105114396137195,EXP_LGBModel_Alpha158_csi300_custom_step0_s_20260729_13,ebb2865d989a4b0e9fa79bccc037b9a7,0.016,,,
945,2026-07-29,SH601899,-0.04479129589157567,EXP_LGBModel_Alpha158_csi300_custom_step0_s_20260729_13,ebb2865d989a4b0e9fa79bccc037b9a7,0.016,,,
946,2026-07-29,SH601698,0.025155349670507657,EXP_LGBModel_Alpha158_csi300_custom_step0_s_20260729_13,ebb2865d989a4b0e9fa79bccc037b9a7,0.016,,,
947,2026-07-29,SH601901,-0.005567043860765428,EXP_LGBModel_Alpha158_csi300_custom_step0_s_20260729_13,ebb2865d989a4b0e9fa79bccc037b9a7,0.016,,,
948,2026-07-29,SH601919,-0.007488341679512924,EXP_LGBModel_Alpha158_csi300_custom_step0_s_20260729_13,ebb2865d989a4b0e9fa79bccc037b9a7,0.016,,,
949,2026-07-29,SH603993,-0.08569251953781952,EXP_LGBModel_Alpha158_csi300_custom_step0_s_20260729_13,ebb2865d989a4b0e9fa79bccc037b9a7,0.016,,,
950,2026-07-29,SH603986,0.014765169598902167,EXP_LGBModel_Alpha158_csi300_custom_step0_s_20260729_13,ebb2865d989a4b0e9fa79bccc037b9a7,0.016,,,
951,2026-07-29,SH603893,0.024616566797329476,EXP_LGBModel_Alpha158_csi300_custom_step0_s_20260729_13,ebb2865d989a4b0e9fa79bccc037b9a7,0.016,,,
952,2026-07-29,SH603799,0.044270823678375475,EXP_LGBModel_Alpha158_csi300_custom_step0_s_20260729_13,ebb2865d989a4b0e9fa79bccc037b9a7,0.016,,,
953,2026-07-29,SH603501,0.07515281781677813,EXP_LGBModel_Alpha158_csi300_custom_step0_s_20260729_13,ebb2865d989a4b0e9fa79bccc037b9a7,0.016,,,
954,2026-07-29,SH603392,0.004498499092981064,EXP_LGBModel_Alpha158_csi300_custom_step0_s_20260729_13,ebb2865d989a4b0e9fa79bccc037b9a7,0.016,,,
955,2026-07-29,SH603369,-0.02313779184422466,EXP_LGBModel_Alpha158_csi300_custom_step0_s_20260729_13,ebb2865d989a4b0e9fa79bccc037b9a7,0.016,,,
956,2026-07-29,SH603296,-0.08466040400545767,EXP_LGBModel_Alpha158_csi300_custom_step0_s_20260729_13,ebb2865d989a4b0e9fa79bccc037b9a7,0.016,,,
957,2026-07-29,SH603288,0.026089490848448985,EXP_LGBModel_Alpha158_csi300_custom_step0_s_20260729_13,ebb2865d989a4b0e9fa79bccc037b9a7,0.016,,,
958,2026-07-29,SH603260,0.08121514925034803,EXP_LGBModel_Alpha158_csi300_custom_step0_s_20260729_13,ebb2865d989a4b0e9fa79bccc037b9a7,0.016,,,
959,2026-07-29,SH603259,-0.04049940934443977,EXP_LGBModel_Alpha158_csi300_custom_step0_s_20260729_13,ebb2865d989a4b0e9fa79bccc037b9a7,0.016,,,
960,2026-07-29,SH603019,0.0181898937344609,EXP_LGBModel_Alpha158_csi300_custom_step0_s_20260729_13,ebb2865d989a4b0e9fa79bccc037b9a7,0.016,,,
961,2026-07-29,SH601998,0.03329639484005862,EXP_LGBModel_Alpha158_csi300_custom_step0_s_20260729_13,ebb2865d989a4b0e9fa79bccc037b9a7,0.016,,,
962,2026-07-29,SH601995,-0.03732161735630034,EXP_LGBModel_Alpha158_csi300_custom_step0_s_20260729_13,ebb2865d989a4b0e9fa79bccc037b9a7,0.016,,,
963,2026-07-29,SH601988,0.04248411923298195,EXP_LGBModel_Alpha158_csi300_custom_step0_s_20260729_13,ebb2865d989a4b0e9fa79bccc037b9a7,0.016,,,
964,2026-07-29,SH601985,0.02090727886987343,EXP_LGBModel_Alpha158_csi300_custom_step0_s_20260729_13,ebb2865d989a4b0e9fa79bccc037b9a7,0.016,,,
965,2026-07-29,SH601939,0.01359415780802663,EXP_LGBModel_Alpha158_csi300_custom_step0_s_20260729_13,ebb2865d989a4b0e9fa79bccc037b9a7,0.016,,,
966,2026-07-29,SH601916,0.00041185827374877617,EXP_LGBModel_Alpha158_csi300_custom_step0_s_20260729_13,ebb2865d989a4b0e9fa79bccc037b9a7,0.016,,,
967,2026-07-29,SH601689,0.09905114540926505,EXP_LGBModel_Alpha158_csi300_custom_step0_s_20260729_13,ebb2865d989a4b0e9fa79bccc037b9a7,0.016,,,
968,2026-07-29,SH601688,-0.0381307395239664,EXP_LGBModel_Alpha158_csi300_custom_step0_s_20260729_13,ebb2865d989a4b0e9fa79bccc037b9a7,0.016,,,
969,2026-07-29,SH601669,0.022013175281134667,EXP_LGBModel_Alpha158_csi300_custom_step0_s_20260729_13,ebb2865d989a4b0e9fa79bccc037b9a7,0.016,,,
970,2026-07-29,SH601186,0.045041094765528374,EXP_LGBModel_Alpha158_csi300_custom_step0_s_20260729_13,ebb2865d989a4b0e9fa79bccc037b9a7,0.016,,,
971,2026-07-29,SH601169,0.024927641362325347,EXP_LGBModel_Alpha158_csi300_custom_step0_s_20260729_13,ebb2865d989a4b0e9fa79bccc037b9a7,0.016,,,
972,2026-07-29,SH601166,0.013264316382804823,EXP_LGBModel_Alpha158_csi300_custom_step0_s_20260729_13,ebb2865d989a4b0e9fa79bccc037b9a7,0.016,,,
973,2026-07-29,SH601138,0.11353563313516361,EXP_LGBModel_Alpha158_csi300_custom_step0_s_20260729_13,ebb2865d989a4b0e9fa79bccc037b9a7,0.016,,,
974,2026-07-29,SH601136,0.0020294634566708956,EXP_LGBModel_Alpha158_csi300_custom_step0_s_20260729_13,ebb2865d989a4b0e9fa79bccc037b9a7,0.016,,,
975,2026-07-29,SH601127,-0.09412774220740737,EXP_LGBModel_Alpha158_csi300_custom_step0_s_20260729_13,ebb2865d989a4b0e9fa79bccc037b9a7,0.016,,,
976,2026-07-29,SH601117,0.01989447965965053,EXP_LGBModel_Alpha158_csi300_custom_step0_s_20260729_13,ebb2865d989a4b0e9fa79bccc037b9a7,0.016,,,
977,2026-07-29,SH601111,-0.0011045359560043135,EXP_LGBModel_Alpha158_csi300_custom_step0_s_20260729_13,ebb2865d989a4b0e9fa79bccc037b9a7,0.016,,,
978,2026-07-29,SH601100,-0.056489976688692815,EXP_LGBModel_Alpha158_csi300_custom_step0_s_20260729_13,ebb2865d989a4b0e9fa79bccc037b9a7,0.016,,,
979,2026-07-29,SH601088,0.0543214499124735,EXP_LGBModel_Alpha158_csi300_custom_step0_s_20260729_13,ebb2865d989a4b0e9fa79bccc037b9a7,0.016,,,
980,2026-07-29,SH601077,0.0023289239754117827,EXP_LGBModel_Alpha158_csi300_custom_step0_s_20260729_13,ebb2865d989a4b0e9fa79bccc037b9a7,0.016,,,
981,2026-07-29,SH601066,-0.035863224880957105,EXP_LGBModel_Alpha158_csi300_custom_step0_s_20260729_13,ebb2865d989a4b0e9fa79bccc037b9a7,0.016,,,
982,2026-07-29,SH601059,-0.001978356053387294,EXP_LGBModel_Alpha158_csi300_custom_step0_s_20260729_13,ebb2865d989a4b0e9fa79bccc037b9a7,0.016,,,
983,2026-07-29,SH601058,0.05348888710206844,EXP_LGBModel_Alpha158_csi300_custom_step0_s_20260729_13,ebb2865d989a4b0e9fa79bccc037b9a7,0.016,,,
984,2026-07-29,SH601021,-0.022850140759910504,EXP_LGBModel_Alpha158_csi300_custom_step0_s_20260729_13,ebb2865d989a4b0e9fa79bccc037b9a7,0.016,,,
985,2026-07-29,SH601018,0.01995297051644716,EXP_LGBModel_Alpha158_csi300_custom_step0_s_20260729_13,ebb2865d989a4b0e9fa79bccc037b9a7,0.016,,,
986,2026-07-29,SH601012,-0.0468372044587996,EXP_LGBModel_Alpha158_csi300_custom_step0_s_20260729_13,ebb2865d989a4b0e9fa79bccc037b9a7,0.016,,,
987,2026-07-29,SH601211,-0.030935651143775555,EXP_LGBModel_Alpha158_csi300_custom_step0_s_20260729_13,ebb2865d989a4b0e9fa79bccc037b9a7,0.016,,,
988,2026-07-29,SH601225,-0.0028188360224471044,EXP_LGBModel_Alpha158_csi300_custom_step0_s_20260729_13,ebb2865d989a4b0e9fa79bccc037b9a7,0.016,,,
989,2026-07-29,SH601229,0.005249725541868879,EXP_LGBModel_Alpha158_csi300_custom_step0_s_20260729_13,ebb2865d989a4b0e9fa79bccc037b9a7,0.016,,,
990,2026-07-29,SH601238,-0.06198135499257586,EXP_LGBModel_Alpha158_csi300_custom_step0_s_20260729_13,ebb2865d989a4b0e9fa79bccc037b9a7,0.016,,,
991,2026-07-29,SH601668,0.011990451305132951,EXP_LGBModel_Alpha158_csi300_custom_step0_s_20260729_13,ebb2865d989a4b0e9fa79bccc037b9a7,0.016,,,
992,2026-07-29,SH601658,0.039255338496183824,EXP_LGBModel_Alpha158_csi300_custom_step0_s_20260729_13,ebb2865d989a4b0e9fa79bccc037b9a7,0.016,,,
993,2026-07-29,SH601633,-0.011029552902227112,EXP_LGBModel_Alpha158_csi300_custom_step0_s_20260729_13,ebb2865d989a4b0e9fa79bccc037b9a7,0.016,,,
994,2026-07-29,SH601628,0.0428206533359331,EXP_LGBModel_Alpha158_csi300_custom_step0_s_20260729_13,ebb2865d989a4b0e9fa79bccc037b9a7,0.016,,,
995,2026-07-29,SH601618,0.01804552258586215,EXP_LGBModel_Alpha158_csi300_custom_step0_s_20260729_13,ebb2865d989a4b0e9fa79bccc037b9a7,0.016,,,
996,2026-07-29,SH601607,0.03510059461106151,EXP_LGBModel_Alpha158_csi300_custom_step0_s_20260729_13,ebb2865d989a4b0e9fa79bccc037b9a7,0.016,,,
997,2026-07-29,SH601601,0.023297569256727376,EXP_LGBModel_Alpha158_csi300_custom_step0_s_20260729_13,ebb2865d989a4b0e9fa79bccc037b9a7,0.016,,,
998,2026-07-29,SH601600,-0.02506735195094995,EXP_LGBModel_Alpha158_csi300_custom_step0_s_20260729_13,ebb2865d989a4b0e9fa79bccc037b9a7,0.016,,,
999,2026-07-29,SH600221,0.028781741857528687,EXP_LinearModel_Alpha158_csi300_custom_step0_s_20260729_13,50166b5be35f4dd79cbef1c34f471b2e,0.033,,,
1000,2026-07-29,SH601456,0.0198710387108538,EXP_LGBModel_Alpha158_csi300_custom_step0_s_20260729_13,ebb2865d989a4b0e9fa79bccc037b9a7,0.016,,,
1001,2026-07-29,SH601390,0.028122819593063696,EXP_LGBModel_Alpha158_csi300_custom_step0_s_20260729_13,ebb2865d989a4b0e9fa79bccc037b9a7,0.016,,,
1002,2026-07-29,SH601377,-0.029558455426656752,EXP_LGBModel_Alpha158_csi300_custom_step0_s_20260729_13,ebb2865d989a4b0e9fa79bccc037b9a7,0.016,,,
1003,2026-07-29,SH601360,-0.06842164841619619,EXP_LGBModel_Alpha158_csi300_custom_step0_s_20260729_13,ebb2865d989a4b0e9fa79bccc037b9a7,0.016,,,
1004,2026-07-29,SH601336,-0.019858431307757655,EXP_LGBModel_Alpha158_csi300_custom_step0_s_20260729_13,ebb2865d989a4b0e9fa79bccc037b9a7,0.016,,,
1005,2026-07-29,SH601328,0.020119936264301877,EXP_LGBModel_Alpha158_csi300_custom_step0_s_20260729_13,ebb2865d989a4b0e9fa79bccc037b9a7,0.016,,,
1006,2026-07-29,SH601319,0.03735930427482773,EXP_LGBModel_Alpha158_csi300_custom_step0_s_20260729_13,ebb2865d989a4b0e9fa79bccc037b9a7,0.016,,,
1007,2026-07-29,SH601318,0.012696508787443531,EXP_LGBModel_Alpha158_csi300_custom_step0_s_20260729_13,ebb2865d989a4b0e9fa79bccc037b9a7,0.016,,,
1008,2026-07-29,SH601288,-0.013507188117648726,EXP_LGBModel_Alpha158_csi300_custom_step0_s_20260729_13,ebb2865d989a4b0e9fa79bccc037b9a7,0.016,,,
1009,2026-07-29,SH601398,-0.00792190997577204,EXP_LGBModel_Alpha158_csi300_custom_step0_s_20260729_13,ebb2865d989a4b0e9fa79bccc037b9a7,0.016,,,
1010,2026-07-29,SH600233,-0.011444229632616043,EXP_LinearModel_Alpha158_csi300_custom_step0_s_20260729_13,50166b5be35f4dd79cbef1c34f471b2e,0.033,,,
1011,2026-07-29,SH600276,-0.027453038841485977,EXP_LinearModel_Alpha158_csi300_custom_step0_s_20260729_13,50166b5be35f4dd79cbef1c34f471b2e,0.033,,,
1012,2026-07-29,SH600309,-0.0919593796133995,EXP_LinearModel_Alpha158_csi300_custom_step0_s_20260729_13,50166b5be35f4dd79cbef1c34f471b2e,0.033,,,
1013,2026-07-29,SZ300014,-0.04809430241584778,EXP_LinearModel_Alpha158_csi300_custom_step0_s_20260729_13,50166b5be35f4dd79cbef1c34f471b2e,0.033,,,
1014,2026-07-29,SZ003816,0.0794057548046112,EXP_LinearModel_Alpha158_csi300_custom_step0_s_20260729_13,50166b5be35f4dd79cbef1c34f471b2e,0.033,,,
1015,2026-07-29,SZ002938,-0.09187524020671844,EXP_LinearModel_Alpha158_csi300_custom_step0_s_20260729_13,50166b5be35f4dd79cbef1c34f471b2e,0.033,,,
1016,2026-07-29,SZ002920,0.028425320982933044,EXP_LinearModel_Alpha158_csi300_custom_step0_s_20260729_13,50166b5be35f4dd79cbef1c34f471b2e,0.033,,,
1017,2026-07-29,SZ002916,-0.11867991089820862,EXP_LinearModel_Alpha158_csi300_custom_step0_s_20260729_13,50166b5be35f4dd79cbef1c34f471b2e,0.033,,,
1018,2026-07-29,SZ002837,-0.022384919226169586,EXP_LinearModel_Alpha158_csi300_custom_step0_s_20260729_13,50166b5be35f4dd79cbef1c34f471b2e,0.033,,,
1019,2026-07-29,SZ002736,0.06852273643016815,EXP_LinearModel_Alpha158_csi300_custom_step0_s_20260729_13,50166b5be35f4dd79cbef1c34f471b2e,0.033,,,
1020,2026-07-29,SZ002714,-0.09475110471248627,EXP_LinearModel_Alpha158_csi300_custom_step0_s_20260729_13,50166b5be35f4dd79cbef1c34f471b2e,0.033,,,
1021,2026-07-29,SZ002709,0.05951733887195587,EXP_LinearModel_Alpha158_csi300_custom_step0_s_20260729_13,50166b5be35f4dd79cbef1c34f471b2e,0.033,,,
1022,2026-07-29,SZ002648,-0.07962260395288467,EXP_LinearModel_Alpha158_csi300_custom_step0_s_20260729_13,50166b5be35f4dd79cbef1c34f471b2e,0.033,,,
1023,2026-07-29,SZ002625,-0.008813903667032719,EXP_LinearModel_Alpha158_csi300_custom_step0_s_20260729_13,50166b5be35f4dd79cbef1c34f471b2e,0.033,,,
1024,2026-07-29,SZ002602,0.010863469913601875,EXP_LinearModel_Alpha158_csi300_custom_step0_s_20260729_13,50166b5be35f4dd79cbef1c34f471b2e,0.033,,,
1025,2026-07-29,SZ002600,0.05062832310795784,EXP_LinearModel_Alpha158_csi300_custom_step0_s_20260729_13,50166b5be35f4dd79cbef1c34f471b2e,0.033,,,
1026,2026-07-29,SZ002594,-0.0003710503224283457,EXP_LinearModel_Alpha158_csi300_custom_step0_s_20260729_13,50166b5be35f4dd79cbef1c34f471b2e,0.033,,,
1027,2026-07-29,SZ002558,0.011205634102225304,EXP_LinearModel_Alpha158_csi300_custom_step0_s_20260729_13,50166b5be35f4dd79cbef1c34f471b2e,0.033,,,
1028,2026-07-29,SZ002532,0.030174316838383675,EXP_LinearModel_Alpha158_csi300_custom_step0_s_20260729_13,50166b5be35f4dd79cbef1c34f471b2e,0.033,,,
1029,2026-07-29,SZ002493,-0.024116598069667816,EXP_LinearModel_Alpha158_csi300_custom_step0_s_20260729_13,50166b5be35f4dd79cbef1c34f471b2e,0.033,,,
1030,2026-07-29,SZ300015,0.012403702363371849,EXP_LinearModel_Alpha158_csi300_custom_step0_s_20260729_13,50166b5be35f4dd79cbef1c34f471b2e,0.033,,,
1031,2026-07-29,SZ002475,-0.045941248536109924,EXP_LinearModel_Alpha158_csi300_custom_step0_s_20260729_13,50166b5be35f4dd79cbef1c34f471b2e,0.033,,,
1032,2026-07-29,SZ300033,-0.0635424554347992,EXP_LinearModel_Alpha158_csi300_custom_step0_s_20260729_13,50166b5be35f4dd79cbef1c34f471b2e,0.033,,,
1033,2026-07-29,SZ300122,0.00644415058195591,EXP_LinearModel_Alpha158_csi300_custom_step0_s_20260729_13,50166b5be35f4dd79cbef1c34f471b2e,0.033,,,
1034,2026-07-29,SZ300661,0.07440374791622162,EXP_LinearModel_Alpha158_csi300_custom_step0_s_20260729_13,50166b5be35f4dd79cbef1c34f471b2e,0.033,,,
1035,2026-07-29,SZ300628,-0.04277312383055687,EXP_LinearModel_Alpha158_csi300_custom_step0_s_20260729_13,50166b5be35f4dd79cbef1c34f471b2e,0.033,,,
1036,2026-07-29,SZ300502,-0.041510507464408875,EXP_LinearModel_Alpha158_csi300_custom_step0_s_20260729_13,50166b5be35f4dd79cbef1c34f471b2e,0.033,,,
1037,2026-07-29,SZ300498,-0.023713089525699615,EXP_LinearModel_Alpha158_csi300_custom_step0_s_20260729_13,50166b5be35f4dd79cbef1c34f471b2e,0.033,,,
1038,2026-07-29,SZ300476,0.036413904279470444,EXP_LinearModel_Alpha158_csi300_custom_step0_s_20260729_13,50166b5be35f4dd79cbef1c34f471b2e,0.033,,,
1039,2026-07-29,SZ300450,-0.017837798222899437,EXP_LinearModel_Alpha158_csi300_custom_step0_s_20260729_13,50166b5be35f4dd79cbef1c34f471b2e,0.033,,,
1040,2026-07-29,SZ300442,-0.06642346829175949,EXP_LinearModel_Alpha158_csi300_custom_step0_s_20260729_13,50166b5be35f4dd79cbef1c34f471b2e,0.033,,,
1041,2026-07-29,SZ300433,-0.0044842795468866825,EXP_LinearModel_Alpha158_csi300_custom_step0_s_20260729_13,50166b5be35f4dd79cbef1c34f471b2e,0.033,,,
1042,2026-07-29,SZ300418,-0.1441665142774582,EXP_LinearModel_Alpha158_csi300_custom_step0_s_20260729_13,50166b5be35f4dd79cbef1c34f471b2e,0.033,,,
1043,2026-07-29,SZ300413,0.038079213351011276,EXP_LinearModel_Alpha158_csi300_custom_step0_s_20260729_13,50166b5be35f4dd79cbef1c34f471b2e,0.033,,,
1044,2026-07-29,SZ300408,0.1422613561153412,EXP_LinearModel_Alpha158_csi300_custom_step0_s_20260729_13,50166b5be35f4dd79cbef1c34f471b2e,0.033,,,
1045,2026-07-29,SZ300394,-0.045310165733098984,EXP_LinearModel_Alpha158_csi300_custom_step0_s_20260729_13,50166b5be35f4dd79cbef1c34f471b2e,0.033,,,
1046,2026-07-29,SZ300316,-0.030633311718702316,EXP_LinearModel_Alpha158_csi300_custom_step0_s_20260729_13,50166b5be35f4dd79cbef1c34f471b2e,0.033,,,
1047,2026-07-29,SZ300308,-0.08081190288066864,EXP_LinearModel_Alpha158_csi300_custom_step0_s_20260729_13,50166b5be35f4dd79cbef1c34f471b2e,0.033,,,
1048,2026-07-29,SZ300274,-0.21360819041728973,EXP_LinearModel_Alpha158_csi300_custom_step0_s_20260729_13,50166b5be35f4dd79cbef1c34f471b2e,0.033,,,
1049,2026-07-29,SZ300251,-0.11477438360452652,EXP_LinearModel_Alpha158_csi300_custom_step0_s_20260729_13,50166b5be35f4dd79cbef1c34f471b2e,0.033,,,
1050,2026-07-29,SZ300124,0.07988924533128738,EXP_LinearModel_Alpha158_csi300_custom_step0_s_20260729_13,50166b5be35f4dd79cbef1c34f471b2e,0.033,,,
1051,2026-07-29,SZ300059,-0.03955863043665886,EXP_LinearModel_Alpha158_csi300_custom_step0_s_20260729_13,50166b5be35f4dd79cbef1c34f471b2e,0.033,,,
1052,2026-07-29,SZ300750,-0.04386584833264351,EXP_LinearModel_Alpha158_csi300_custom_step0_s_20260729_13,50166b5be35f4dd79cbef1c34f471b2e,0.033,,,
1053,2026-07-29,SZ002466,0.050775378942489624,EXP_LinearModel_Alpha158_csi300_custom_step0_s_20260729_13,50166b5be35f4dd79cbef1c34f471b2e,0.033,,,
1054,2026-07-29,SZ002460,0.028684115037322044,EXP_LinearModel_Alpha158_csi300_custom_step0_s_20260729_13,50166b5be35f4dd79cbef1c34f471b2e,0.033,,,
1055,2026-07-29,SZ001965,0.018940027803182602,EXP_LinearModel_Alpha158_csi300_custom_step0_s_20260729_13,50166b5be35f4dd79cbef1c34f471b2e,0.033,,,
1056,2026-07-29,SZ001391,0.06989981234073639,EXP_LinearModel_Alpha158_csi300_custom_step0_s_20260729_13,50166b5be35f4dd79cbef1c34f471b2e,0.033,,,
1057,2026-07-29,SZ001280,0.06621672958135605,EXP_LinearModel_Alpha158_csi300_custom_step0_s_20260729_13,50166b5be35f4dd79cbef1c34f471b2e,0.033,,,
1058,2026-07-29,SZ000999,0.031864434480667114,EXP_LinearModel_Alpha158_csi300_custom_step0_s_20260729_13,50166b5be35f4dd79cbef1c34f471b2e,0.033,,,
1059,2026-07-29,SZ000988,0.05564223602414131,EXP_LinearModel_Alpha158_csi300_custom_step0_s_20260729_13,50166b5be35f4dd79cbef1c34f471b2e,0.033,,,
1060,2026-07-29,SZ000977,-0.1438858062028885,EXP_LinearModel_Alpha158_csi300_custom_step0_s_20260729_13,50166b5be35f4dd79cbef1c34f471b2e,0.033,,,
1061,2026-07-29,SZ000975,-0.06089162454009056,EXP_LinearModel_Alpha158_csi300_custom_step0_s_20260729_13,50166b5be35f4dd79cbef1c34f471b2e,0.033,,,
1062,2026-07-29,SZ000963,-0.034423500299453735,EXP_LinearModel_Alpha158_csi300_custom_step0_s_20260729_13,50166b5be35f4dd79cbef1c34f471b2e,0.033,,,
1063,2026-07-29,SZ000938,-0.12139713019132614,EXP_LinearModel_Alpha158_csi300_custom_step0_s_20260729_13,50166b5be35f4dd79cbef1c34f471b2e,0.033,,,
1064,2026-07-29,SZ000895,0.04071865603327751,EXP_LinearModel_Alpha158_csi300_custom_step0_s_20260729_13,50166b5be35f4dd79cbef1c34f471b2e,0.033,,,
1065,2026-07-29,SZ000858,-0.02862614020705223,EXP_LinearModel_Alpha158_csi300_custom_step0_s_20260729_13,50166b5be35f4dd79cbef1c34f471b2e,0.033,,,
1066,2026-07-29,SZ000807,0.02411513216793537,EXP_LinearModel_Alpha158_csi300_custom_step0_s_20260729_13,50166b5be35f4dd79cbef1c34f471b2e,0.033,,,
1067,2026-07-29,SZ000792,-0.0638270154595375,EXP_LinearModel_Alpha158_csi300_custom_step0_s_20260729_13,50166b5be35f4dd79cbef1c34f471b2e,0.033,,,
1068,2026-07-29,SZ000776,-0.06138421222567558,EXP_LinearModel_Alpha158_csi300_custom_step0_s_20260729_13,50166b5be35f4dd79cbef1c34f471b2e,0.033,,,
1069,2026-07-29,SZ000768,0.05680267885327339,EXP_LinearModel_Alpha158_csi300_custom_step0_s_20260729_13,50166b5be35f4dd79cbef1c34f471b2e,0.033,,,
1070,2026-07-29,SZ000725,0.025670651346445084,EXP_LinearModel_Alpha158_csi300_custom_step0_s_20260729_13,50166b5be35f4dd79cbef1c34f471b2e,0.033,,,
1071,2026-07-29,SZ000708,0.018719766288995743,EXP_LinearModel_Alpha158_csi300_custom_step0_s_20260729_13,50166b5be35f4dd79cbef1c34f471b2e,0.033,,,
1072,2026-07-29,SZ001979,0.0211636982858181,EXP_LinearModel_Alpha158_csi300_custom_step0_s_20260729_13,50166b5be35f4dd79cbef1c34f471b2e,0.033,,,
1073,2026-07-29,SZ002463,-0.15844567120075226,EXP_LinearModel_Alpha158_csi300_custom_step0_s_20260729_13,50166b5be35f4dd79cbef1c34f471b2e,0.033,,,
1074,2026-07-29,SZ002001,-0.024596894159913063,EXP_LinearModel_Alpha158_csi300_custom_step0_s_20260729_13,50166b5be35f4dd79cbef1c34f471b2e,0.033,,,
1075,2026-07-29,SZ002028,-0.1540243774652481,EXP_LinearModel_Alpha158_csi300_custom_step0_s_20260729_13,50166b5be35f4dd79cbef1c34f471b2e,0.033,,,
1076,2026-07-29,SZ002422,-0.10399005562067032,EXP_LinearModel_Alpha158_csi300_custom_step0_s_20260729_13,50166b5be35f4dd79cbef1c34f471b2e,0.033,,,
1077,2026-07-29,SZ002415,-0.08417604863643646,EXP_LinearModel_Alpha158_csi300_custom_step0_s_20260729_13,50166b5be35f4dd79cbef1c34f471b2e,0.033,,,
1078,2026-07-29,SZ002384,-0.18858622014522552,EXP_LinearModel_Alpha158_csi300_custom_step0_s_20260729_13,50166b5be35f4dd79cbef1c34f471b2e,0.033,,,
1079,2026-07-29,SZ002371,-0.2109382450580597,EXP_LinearModel_Alpha158_csi300_custom_step0_s_20260729_13,50166b5be35f4dd79cbef1c34f471b2e,0.033,,,
1080,2026-07-29,SZ002353,-0.08612154424190521,EXP_LinearModel_Alpha158_csi300_custom_step0_s_20260729_13,50166b5be35f4dd79cbef1c34f471b2e,0.033,,,
1081,2026-07-29,SZ002352,0.05433221533894539,EXP_LinearModel_Alpha158_csi300_custom_step0_s_20260729_13,50166b5be35f4dd79cbef1c34f471b2e,0.033,,,
1082,2026-07-29,SZ002311,-0.012187466025352478,EXP_LinearModel_Alpha158_csi300_custom_step0_s_20260729_13,50166b5be35f4dd79cbef1c34f471b2e,0.033,,,
1083,2026-07-29,SZ002304,-0.025048889219760895,EXP_LinearModel_Alpha158_csi300_custom_step0_s_20260729_13,50166b5be35f4dd79cbef1c34f471b2e,0.033,,,
1084,2026-07-29,SZ002241,-0.0040283240377902985,EXP_LinearModel_Alpha158_csi300_custom_step0_s_20260729_13,50166b5be35f4dd79cbef1c34f471b2e,0.033,,,
1085,2026-07-29,SZ002236,-0.06236298009753227,EXP_LinearModel_Alpha158_csi300_custom_step0_s_20260729_13,50166b5be35f4dd79cbef1c34f471b2e,0.033,,,
1086,2026-07-29,SZ002230,-0.050005342811346054,EXP_LinearModel_Alpha158_csi300_custom_step0_s_20260729_13,50166b5be35f4dd79cbef1c34f471b2e,0.033,,,
1087,2026-07-29,SZ002202,0.039354678243398666,EXP_LinearModel_Alpha158_csi300_custom_step0_s_20260729_13,50166b5be35f4dd79cbef1c34f471b2e,0.033,,,
1088,2026-07-29,SZ002179,0.03651418164372444,EXP_LinearModel_Alpha158_csi300_custom_step0_s_20260729_13,50166b5be35f4dd79cbef1c34f471b2e,0.033,,,
1089,2026-07-29,SZ002142,0.056916244328022,EXP_LinearModel_Alpha158_csi300_custom_step0_s_20260729_13,50166b5be35f4dd79cbef1c34f471b2e,0.033,,,
1090,2026-07-29,SZ002074,0.06616506725549698,EXP_LinearModel_Alpha158_csi300_custom_step0_s_20260729_13,50166b5be35f4dd79cbef1c34f471b2e,0.033,,,
1091,2026-07-29,SZ002050,0.00020373519510030746,EXP_LinearModel_Alpha158_csi300_custom_step0_s_20260729_13,50166b5be35f4dd79cbef1c34f471b2e,0.033,,,
1092,2026-07-29,SZ002049,0.024814169853925705,EXP_LinearModel_Alpha158_csi300_custom_step0_s_20260729_13,50166b5be35f4dd79cbef1c34f471b2e,0.033,,,
1093,2026-07-29,SZ002027,0.047838643193244934,EXP_LinearModel_Alpha158_csi300_custom_step0_s_20260729_13,50166b5be35f4dd79cbef1c34f471b2e,0.033,,,
1094,2026-07-29,SZ300760,0.01586151123046875,EXP_LinearModel_Alpha158_csi300_custom_step0_s_20260729_13,50166b5be35f4dd79cbef1c34f471b2e,0.033,,,
1095,2026-07-29,SZ300803,0.07062682509422302,EXP_LinearModel_Alpha158_csi300_custom_step0_s_20260729_13,50166b5be35f4dd79cbef1c34f471b2e,0.033,,,
1096,2026-07-29,SZ300832,0.013761057518422604,EXP_LinearModel_Alpha158_csi300_custom_step0_s_20260729_13,50166b5be35f4dd79cbef1c34f471b2e,0.033,,,
1097,2026-07-29,SH600519,0.01972799003124237,EXP_LinearModel_Alpha158_csi300_custom_step0_s_20260729_13,a18db767c6c64391a430019375ed8698,0.031,,,
1098,2026-07-29,SH600515,0.025621918961405754,EXP_LinearModel_Alpha158_csi300_custom_step0_s_20260729_13,a18db767c6c64391a430019375ed8698,0.031,,,
1099,2026-07-29,SH600489,-0.08113295584917068,EXP_LinearModel_Alpha158_csi300_custom_step0_s_20260729_13,a18db767c6c64391a430019375ed8698,0.031,,,
1100,2026-07-29,SH600482,-0.033746689558029175,EXP_LinearModel_Alpha158_csi300_custom_step0_s_20260729_13,a18db767c6c64391a430019375ed8698,0.031,,,
1101,2026-07-29,SH600460,-0.012264027260243893,EXP_LinearModel_Alpha158_csi300_custom_step0_s_20260729_13,a18db767c6c64391a430019375ed8698,0.031,,,
1102,2026-07-29,SH600438,0.0034554703161120415,EXP_LinearModel_Alpha158_csi300_custom_step0_s_20260729_13,a18db767c6c64391a430019375ed8698,0.031,,,
1103,2026-07-29,SH600436,-0.06821631640195847,EXP_LinearModel_Alpha158_csi300_custom_step0_s_20260729_13,a18db767c6c64391a430019375ed8698,0.031,,,
1104,2026-07-29,SH600426,-0.06359758973121643,EXP_LinearModel_Alpha158_csi300_custom_step0_s_20260729_13,a18db767c6c64391a430019375ed8698,0.031,,,
1105,2026-07-29,SH600415,0.06986973434686661,EXP_LinearModel_Alpha158_csi300_custom_step0_s_20260729_13,a18db767c6c64391a430019375ed8698,0.031,,,
1106,2026-07-29,SH600406,0.003664327086880803,EXP_LinearModel_Alpha158_csi300_custom_step0_s_20260729_13,a18db767c6c64391a430019375ed8698,0.031,,,
1107,2026-07-29,SH600372,-0.023739043623209,EXP_LinearModel_Alpha158_csi300_custom_step0_s_20260729_13,a18db767c6c64391a430019375ed8698,0.031,,,
1108,2026-07-29,SH600362,-0.12682074308395386,EXP_LinearModel_Alpha158_csi300_custom_step0_s_20260729_13,a18db767c6c64391a430019375ed8698,0.031,,,
1109,2026-07-29,SH600346,-0.0858161598443985,EXP_LinearModel_Alpha158_csi300_custom_step0_s_20260729_13,a18db767c6c64391a430019375ed8698,0.031,,,
1110,2026-07-29,SH600309,-0.11961016803979874,EXP_LinearModel_Alpha158_csi300_custom_step0_s_20260729_13,a18db767c6c64391a430019375ed8698,0.031,,,
1111,2026-07-29,SH600276,-0.057908885180950165,EXP_LinearModel_Alpha158_csi300_custom_step0_s_20260729_13,a18db767c6c64391a430019375ed8698,0.031,,,
1112,2026-07-29,SH600233,-0.03643948212265968,EXP_LinearModel_Alpha158_csi300_custom_step0_s_20260729_13,a18db767c6c64391a430019375ed8698,0.031,,,
1113,2026-07-29,SH600221,0.030798479914665222,EXP_LinearModel_Alpha158_csi300_custom_step0_s_20260729_13,a18db767c6c64391a430019375ed8698,0.031,,,
1114,2026-07-29,SH600522,0.22210973501205444,EXP_LinearModel_Alpha158_csi300_custom_step0_s_20260729_13,a18db767c6c64391a430019375ed8698,0.031,,,
1115,2026-07-29,SH600219,-0.028272369876503944,EXP_LinearModel_Alpha158_csi300_custom_step0_s_20260729_13,a18db767c6c64391a430019375ed8698,0.031,,,
1116,2026-07-29,SH600547,-0.045515719801187515,EXP_LinearModel_Alpha158_csi300_custom_step0_s_20260729_13,a18db767c6c64391a430019375ed8698,0.031,,,
1117,2026-07-29,SH600570,-0.07497145235538483,EXP_LinearModel_Alpha158_csi300_custom_step0_s_20260729_13,a18db767c6c64391a430019375ed8698,0.031,,,
1118,2026-07-29,SH600893,-0.03825340420007706,EXP_LinearModel_Alpha158_csi300_custom_step0_s_20260729_13,a18db767c6c64391a430019375ed8698,0.031,,,
1119,2026-07-29,SH600887,0.11122146248817444,EXP_LinearModel_Alpha158_csi300_custom_step0_s_20260729_13,a18db767c6c64391a430019375ed8698,0.031,,,
1120,2026-07-29,SH600886,0.07869508862495422,EXP_LinearModel_Alpha158_csi300_custom_step0_s_20260729_13,a18db767c6c64391a430019375ed8698,0.031,,,
1121,2026-07-29,SH600875,-0.004661901853978634,EXP_LinearModel_Alpha158_csi300_custom_step0_s_20260729_13,a18db767c6c64391a430019375ed8698,0.031,,,
1122,2026-07-29,SH600845,-0.01453658938407898,EXP_LinearModel_Alpha158_csi300_custom_step0_s_20260729_13,a18db767c6c64391a430019375ed8698,0.031,,,
1123,2026-07-29,SH600809,-0.07101252675056458,EXP_LinearModel_Alpha158_csi300_custom_step0_s_20260729_13,a18db767c6c64391a430019375ed8698,0.031,,,
1124,2026-07-29,SH600803,0.030050231143832207,EXP_LinearModel_Alpha158_csi300_custom_step0_s_20260729_13,a18db767c6c64391a430019375ed8698,0.031,,,
1125,2026-07-29,SH600795,0.06711505353450775,EXP_LinearModel_Alpha158_csi300_custom_step0_s_20260729_13,a18db767c6c64391a430019375ed8698,0.031,,,
1126,2026-07-29,SH600760,-0.05697634071111679,EXP_LinearModel_Alpha158_csi300_custom_step0_s_20260729_13,a18db767c6c64391a430019375ed8698,0.031,,,
1127,2026-07-29,SH600741,0.07987372577190399,EXP_LinearModel_Alpha158_csi300_custom_step0_s_20260729_13,a18db767c6c64391a430019375ed8698,0.031,,,
1128,2026-07-29,SH600690,0.05924702435731888,EXP_LinearModel_Alpha158_csi300_custom_step0_s_20260729_13,a18db767c6c64391a430019375ed8698,0.031,,,
1129,2026-07-29,SH600674,0.09652768820524216,EXP_LinearModel_Alpha158_csi300_custom_step0_s_20260729_13,a18db767c6c64391a430019375ed8698,0.031,,,
1130,2026-07-29,SH600660,0.03302735090255737,EXP_LinearModel_Alpha158_csi300_custom_step0_s_20260729_13,a18db767c6c64391a430019375ed8698,0.031,,,
1131,2026-07-29,SH600600,0.020748168230056763,EXP_LinearModel_Alpha158_csi300_custom_step0_s_20260729_13,a18db767c6c64391a430019375ed8698,0.031,,,
1132,2026-07-29,SH600588,-0.06365452706813812,EXP_LinearModel_Alpha158_csi300_custom_step0_s_20260729_13,a18db767c6c64391a430019375ed8698,0.031,,,
1133,2026-07-29,SH600585,0.04282349720597267,EXP_LinearModel_Alpha158_csi300_custom_step0_s_20260729_13,a18db767c6c64391a430019375ed8698,0.031,,,
1134,2026-07-29,SH600584,-0.15661320090293884,EXP_LinearModel_Alpha158_csi300_custom_step0_s_20260729_13,a18db767c6c64391a430019375ed8698,0.031,,,
1135,2026-07-29,SH600549,-0.01795271784067154,EXP_LinearModel_Alpha158_csi300_custom_step0_s_20260729_13,a18db767c6c64391a430019375ed8698,0.031,,,
1136,2026-07-29,SH600196,-0.027315545827150345,EXP_LinearModel_Alpha158_csi300_custom_step0_s_20260729_13,a18db767c6c64391a430019375ed8698,0.031,,,
1137,2026-07-29,SH600188,-0.09179432690143585,EXP_LinearModel_Alpha158_csi300_custom_step0_s_20260729_13,a18db767c6c64391a430019375ed8698,0.031,,,
1138,2026-07-29,SH600183,-0.04409114271402359,EXP_LinearModel_Alpha158_csi300_custom_step0_s_20260729_13,a18db767c6c64391a430019375ed8698,0.031,,,
1139,2026-07-29,SH600023,0.03720567747950554,EXP_LinearModel_Alpha158_csi300_custom_step0_s_20260729_13,a18db767c6c64391a430019375ed8698,0.031,,,
1140,2026-07-29,SH600019,0.01637250930070877,EXP_LinearModel_Alpha158_csi300_custom_step0_s_20260729_13,a18db767c6c64391a430019375ed8698,0.031,,,
1141,2026-07-29,SH600018,0.1378527581691742,EXP_LinearModel_Alpha158_csi300_custom_step0_s_20260729_13,a18db767c6c64391a430019375ed8698,0.031,,,
1142,2026-07-29,SH600016,0.08116743713617325,EXP_LinearModel_Alpha158_csi300_custom_step0_s_20260729_13,a18db767c6c64391a430019375ed8698,0.031,,,
1143,2026-07-29,SH600015,0.08081523329019547,EXP_LinearModel_Alpha158_csi300_custom_step0_s_20260729_13,a18db767c6c64391a430019375ed8698,0.031,,,
1144,2026-07-29,SH600011,-0.06256141513586044,EXP_LinearModel_Alpha158_csi300_custom_step0_s_20260729_13,a18db767c6c64391a430019375ed8698,0.031,,,
1145,2026-07-29,SH600010,0.012162020429968834,EXP_LinearModel_Alpha158_csi300_custom_step0_s_20260729_13,a18db767c6c64391a430019375ed8698,0.031,,,
1146,2026-07-29,SH600009,-0.0006909356452524662,EXP_LinearModel_Alpha158_csi300_custom_step0_s_20260729_13,a18db767c6c64391a430019375ed8698,0.031,,,
1147,2026-07-29,SH600000,0.058682870119810104,EXP_LinearModel_Alpha158_csi300_custom_step0_s_20260729_13,a18db767c6c64391a430019375ed8698,0.031,,,
1148,2026-07-29,SZ302132,-0.03212033212184906,EXP_LinearModel_Alpha158_csi300_custom_step0_s_20260729_13,50166b5be35f4dd79cbef1c34f471b2e,0.033,,,
1149,2026-07-29,SZ301308,0.23299439251422882,EXP_LinearModel_Alpha158_csi300_custom_step0_s_20260729_13,50166b5be35f4dd79cbef1c34f471b2e,0.033,,,
1150,2026-07-29,SZ301269,-0.09912664443254471,EXP_LinearModel_Alpha158_csi300_custom_step0_s_20260729_13,50166b5be35f4dd79cbef1c34f471b2e,0.033,,,
1151,2026-07-29,SZ301236,-0.14048023521900177,EXP_LinearModel_Alpha158_csi300_custom_step0_s_20260729_13,50166b5be35f4dd79cbef1c34f471b2e,0.033,,,
1152,2026-07-29,SZ301165,-0.38106679916381836,EXP_LinearModel_Alpha158_csi300_custom_step0_s_20260729_13,50166b5be35f4dd79cbef1c34f471b2e,0.033,,,
1153,2026-07-29,SZ300999,0.045732878148555756,EXP_LinearModel_Alpha158_csi300_custom_step0_s_20260729_13,50166b5be35f4dd79cbef1c34f471b2e,0.033,,,
1154,2026-07-29,SZ300896,0.07748354226350784,EXP_LinearModel_Alpha158_csi300_custom_step0_s_20260729_13,50166b5be35f4dd79cbef1c34f471b2e,0.033,,,
1155,2026-07-29,SZ300866,0.023737473413348198,EXP_LinearModel_Alpha158_csi300_custom_step0_s_20260729_13,50166b5be35f4dd79cbef1c34f471b2e,0.033,,,
1156,2026-07-29,SH600025,0.048085540533065796,EXP_LinearModel_Alpha158_csi300_custom_step0_s_20260729_13,a18db767c6c64391a430019375ed8698,0.031,,,
1157,2026-07-29,SH600026,-0.0475279726088047,EXP_LinearModel_Alpha158_csi300_custom_step0_s_20260729_13,a18db767c6c64391a430019375ed8698,0.031,,,
1158,2026-07-29,SH600027,0.015050314366817474,EXP_LinearModel_Alpha158_csi300_custom_step0_s_20260729_13,a18db767c6c64391a430019375ed8698,0.031,,,
1159,2026-07-29,SH600028,0.12529125809669495,EXP_LinearModel_Alpha158_csi300_custom_step0_s_20260729_13,a18db767c6c64391a430019375ed8698,0.031,,,
1160,2026-07-29,SH600176,-0.11986048519611359,EXP_LinearModel_Alpha158_csi300_custom_step0_s_20260729_13,a18db767c6c64391a430019375ed8698,0.031,,,
1161,2026-07-29,SH600160,-0.11273717135190964,EXP_LinearModel_Alpha158_csi300_custom_step0_s_20260729_13,a18db767c6c64391a430019375ed8698,0.031,,,
1162,2026-07-29,SH600150,-0.04288671538233757,EXP_LinearModel_Alpha158_csi300_custom_step0_s_20260729_13,a18db767c6c64391a430019375ed8698,0.031,,,
1163,2026-07-29,SH600118,0.09480103105306625,EXP_LinearModel_Alpha158_csi300_custom_step0_s_20260729_13,a18db767c6c64391a430019375ed8698,0.031,,,
1164,2026-07-29,SH600115,-0.07775121927261353,EXP_LinearModel_Alpha158_csi300_custom_step0_s_20260729_13,a18db767c6c64391a430019375ed8698,0.031,,,
1165,2026-07-29,SH600111,0.09452303498983383,EXP_LinearModel_Alpha158_csi300_custom_step0_s_20260729_13,a18db767c6c64391a430019375ed8698,0.031,,,
1166,2026-07-29,SH600104,0.013192517682909966,EXP_LinearModel_Alpha158_csi300_custom_step0_s_20260729_13,a18db767c6c64391a430019375ed8698,0.031,,,
1167,2026-07-29,SH600089,-0.031249210238456726,EXP_LinearModel_Alpha158_csi300_custom_step0_s_20260729_13,a18db767c6c64391a430019375ed8698,0.031,,,
1168,2026-07-29,SZ000657,0.05533995479345322,EXP_LinearModel_Alpha158_csi300_custom_step0_s_20260729_13,50166b5be35f4dd79cbef1c34f471b2e,0.033,,,
1169,2026-07-29,SH600085,-0.08030887693166733,EXP_LinearModel_Alpha158_csi300_custom_step0_s_20260729_13,a18db767c6c64391a430019375ed8698,0.031,,,
1170,2026-07-29,SH600061,0.04487638920545578,EXP_LinearModel_Alpha158_csi300_custom_step0_s_20260729_13,a18db767c6c64391a430019375ed8698,0.031,,,
1171,2026-07-29,SH600050,0.12487727403640747,EXP_LinearModel_Alpha158_csi300_custom_step0_s_20260729_13,a18db767c6c64391a430019375ed8698,0.031,,,
1172,2026-07-29,SH600048,0.03387318551540375,EXP_LinearModel_Alpha158_csi300_custom_step0_s_20260729_13,a18db767c6c64391a430019375ed8698,0.031,,,
1173,2026-07-29,SH600039,0.036273300647735596,EXP_LinearModel_Alpha158_csi300_custom_step0_s_20260729_13,a18db767c6c64391a430019375ed8698,0.031,,,
1174,2026-07-29,SH600036,0.04217245802283287,EXP_LinearModel_Alpha158_csi300_custom_step0_s_20260729_13,a18db767c6c64391a430019375ed8698,0.031,,,
1175,2026-07-29,SH600031,-0.09754889458417892,EXP_LinearModel_Alpha158_csi300_custom_step0_s_20260729_13,a18db767c6c64391a430019375ed8698,0.031,,,
1176,2026-07-29,SH600030,-0.008141851052641869,EXP_LinearModel_Alpha158_csi300_custom_step0_s_20260729_13,a18db767c6c64391a430019375ed8698,0.031,,,
1177,2026-07-29,SH600029,-0.04871233180165291,EXP_LinearModel_Alpha158_csi300_custom_step0_s_20260729_13,a18db767c6c64391a430019375ed8698,0.031,,,
1178,2026-07-29,SH600066,-0.0003227840643376112,EXP_LinearModel_Alpha158_csi300_custom_step0_s_20260729_13,a18db767c6c64391a430019375ed8698,0.031,,,
1179,2026-07-29,SH600905,0.042230069637298584,EXP_LinearModel_Alpha158_csi300_custom_step0_s_20260729_13,a18db767c6c64391a430019375ed8698,0.031,,,
1180,2026-07-29,SZ000651,0.037559788674116135,EXP_LinearModel_Alpha158_csi300_custom_step0_s_20260729_13,50166b5be35f4dd79cbef1c34f471b2e,0.033,,,
1181,2026-07-29,SZ000625,-0.02352128177881241,EXP_LinearModel_Alpha158_csi300_custom_step0_s_20260729_13,50166b5be35f4dd79cbef1c34f471b2e,0.033,,,
1182,2026-07-29,SH601127,0.003425983712077141,EXP_LinearModel_Alpha158_csi300_custom_step0_s_20260729_13,50166b5be35f4dd79cbef1c34f471b2e,0.033,,,
1183,2026-07-29,SH601117,0.010213632136583328,EXP_LinearModel_Alpha158_csi300_custom_step0_s_20260729_13,50166b5be35f4dd79cbef1c34f471b2e,0.033,,,
1184,2026-07-29,SH601111,-0.03427230194211006,EXP_LinearModel_Alpha158_csi300_custom_step0_s_20260729_13,50166b5be35f4dd79cbef1c34f471b2e,0.033,,,
1185,2026-07-29,SH601100,-0.12927860021591187,EXP_LinearModel_Alpha158_csi300_custom_step0_s_20260729_13,50166b5be35f4dd79cbef1c34f471b2e,0.033,,,
1186,2026-07-29,SH601088,0.0786641463637352,EXP_LinearModel_Alpha158_csi300_custom_step0_s_20260729_13,50166b5be35f4dd79cbef1c34f471b2e,0.033,,,
1187,2026-07-29,SH601077,0.04976668953895569,EXP_LinearModel_Alpha158_csi300_custom_step0_s_20260729_13,50166b5be35f4dd79cbef1c34f471b2e,0.033,,,
1188,2026-07-29,SH601066,-0.017689090222120285,EXP_LinearModel_Alpha158_csi300_custom_step0_s_20260729_13,50166b5be35f4dd79cbef1c34f471b2e,0.033,,,
1189,2026-07-29,SH601059,-0.04199295490980148,EXP_LinearModel_Alpha158_csi300_custom_step0_s_20260729_13,50166b5be35f4dd79cbef1c34f471b2e,0.033,,,
1190,2026-07-29,SH601058,0.030610254034399986,EXP_LinearModel_Alpha158_csi300_custom_step0_s_20260729_13,50166b5be35f4dd79cbef1c34f471b2e,0.033,,,
1191,2026-07-29,SH601021,0.04064898565411568,EXP_LinearModel_Alpha158_csi300_custom_step0_s_20260729_13,50166b5be35f4dd79cbef1c34f471b2e,0.033,,,
1192,2026-07-29,SH601018,0.07499872893095016,EXP_LinearModel_Alpha158_csi300_custom_step0_s_20260729_13,50166b5be35f4dd79cbef1c34f471b2e,0.033,,,
1193,2026-07-29,SH601012,-0.058268893510103226,EXP_LinearModel_Alpha158_csi300_custom_step0_s_20260729_13,50166b5be35f4dd79cbef1c34f471b2e,0.033,,,
1194,2026-07-29,SH601009,0.07879035174846649,EXP_LinearModel_Alpha158_csi300_custom_step0_s_20260729_13,50166b5be35f4dd79cbef1c34f471b2e,0.033,,,
1195,2026-07-29,SH601006,0.07706310600042343,EXP_LinearModel_Alpha158_csi300_custom_step0_s_20260729_13,50166b5be35f4dd79cbef1c34f471b2e,0.033,,,
1196,2026-07-29,SH600999,-0.01194776501506567,EXP_LinearModel_Alpha158_csi300_custom_step0_s_20260729_13,50166b5be35f4dd79cbef1c34f471b2e,0.033,,,
1197,2026-07-29,SH600989,0.013512110337615013,EXP_LinearModel_Alpha158_csi300_custom_step0_s_20260729_13,50166b5be35f4dd79cbef1c34f471b2e,0.033,,,
1198,2026-07-29,SH600958,,EXP_LinearModel_Alpha158_csi300_custom_step0_s_20260729_13,50166b5be35f4dd79cbef1c34f471b2e,0.033,,,
1199,2026-07-29,SH601136,0.006499637383967638,EXP_LinearModel_Alpha158_csi300_custom_step0_s_20260729_13,50166b5be35f4dd79cbef1c34f471b2e,0.033,,,
1200,2026-07-29,SH600941,0.0333939827978611,EXP_LinearModel_Alpha158_csi300_custom_step0_s_20260729_13,50166b5be35f4dd79cbef1c34f471b2e,0.033,,,
1201,2026-07-29,SH601138,-0.09389498829841614,EXP_LinearModel_Alpha158_csi300_custom_step0_s_20260729_13,50166b5be35f4dd79cbef1c34f471b2e,0.033,,,
1202,2026-07-29,SH601169,0.12002859264612198,EXP_LinearModel_Alpha158_csi300_custom_step0_s_20260729_13,50166b5be35f4dd79cbef1c34f471b2e,0.033,,,
1203,2026-07-29,SH601601,0.0548892505466938,EXP_LinearModel_Alpha158_csi300_custom_step0_s_20260729_13,50166b5be35f4dd79cbef1c34f471b2e,0.033,,,
1204,2026-07-29,SH601600,0.020590122789144516,EXP_LinearModel_Alpha158_csi300_custom_step0_s_20260729_13,50166b5be35f4dd79cbef1c34f471b2e,0.033,,,
1205,2026-07-29,SH601456,-0.0028191329911351204,EXP_LinearModel_Alpha158_csi300_custom_step0_s_20260729_13,50166b5be35f4dd79cbef1c34f471b2e,0.033,,,
1206,2026-07-29,SH601398,0.0349222868680954,EXP_LinearModel_Alpha158_csi300_custom_step0_s_20260729_13,50166b5be35f4dd79cbef1c34f471b2e,0.033,,,
1207,2026-07-29,SH601390,0.10384052991867065,EXP_LinearModel_Alpha158_csi300_custom_step0_s_20260729_13,50166b5be35f4dd79cbef1c34f471b2e,0.033,,,
1208,2026-07-29,SH601377,0.0009085641941055655,EXP_LinearModel_Alpha158_csi300_custom_step0_s_20260729_13,50166b5be35f4dd79cbef1c34f471b2e,0.033,,,
1209,2026-07-29,SH601360,-0.09267757087945938,EXP_LinearModel_Alpha158_csi300_custom_step0_s_20260729_13,50166b5be35f4dd79cbef1c34f471b2e,0.033,,,
1210,2026-07-29,SH601336,-0.008959710597991943,EXP_LinearModel_Alpha158_csi300_custom_step0_s_20260729_13,50166b5be35f4dd79cbef1c34f471b2e,0.033,,,
1211,2026-07-29,SH601328,0.10913161188364029,EXP_LinearModel_Alpha158_csi300_custom_step0_s_20260729_13,50166b5be35f4dd79cbef1c34f471b2e,0.033,,,
1212,2026-07-29,SH601319,0.10903796553611755,EXP_LinearModel_Alpha158_csi300_custom_step0_s_20260729_13,50166b5be35f4dd79cbef1c34f471b2e,0.033,,,
1213,2026-07-29,SH601318,0.05257277563214302,EXP_LinearModel_Alpha158_csi300_custom_step0_s_20260729_13,50166b5be35f4dd79cbef1c34f471b2e,0.033,,,
1214,2026-07-29,SH601288,0.05650278180837631,EXP_LinearModel_Alpha158_csi300_custom_step0_s_20260729_13,50166b5be35f4dd79cbef1c34f471b2e,0.033,,,
1215,2026-07-29,SH601238,-0.022997621446847916,EXP_LinearModel_Alpha158_csi300_custom_step0_s_20260729_13,50166b5be35f4dd79cbef1c34f471b2e,0.033,,,
1216,2026-07-29,SH601229,0.05359581485390663,EXP_LinearModel_Alpha158_csi300_custom_step0_s_20260729_13,50166b5be35f4dd79cbef1c34f471b2e,0.033,,,
1217,2026-07-29,SH601225,0.008485542610287666,EXP_LinearModel_Alpha158_csi300_custom_step0_s_20260729_13,50166b5be35f4dd79cbef1c34f471b2e,0.033,,,
1218,2026-07-29,SH601211,-0.011466346681118011,EXP_LinearModel_Alpha158_csi300_custom_step0_s_20260729_13,50166b5be35f4dd79cbef1c34f471b2e,0.033,,,
1219,2026-07-29,SH601186,0.07459334284067154,EXP_LinearModel_Alpha158_csi300_custom_step0_s_20260729_13,50166b5be35f4dd79cbef1c34f471b2e,0.033,,,
1220,2026-07-29,SH601166,0.08510106801986694,EXP_LinearModel_Alpha158_csi300_custom_step0_s_20260729_13,50166b5be35f4dd79cbef1c34f471b2e,0.033,,,
1221,2026-07-29,SH601607,0.03926357626914978,EXP_LinearModel_Alpha158_csi300_custom_step0_s_20260729_13,50166b5be35f4dd79cbef1c34f471b2e,0.033,,,
1222,2026-07-29,SH600938,0.009415159933269024,EXP_LinearModel_Alpha158_csi300_custom_step0_s_20260729_13,50166b5be35f4dd79cbef1c34f471b2e,0.033,,,
1223,2026-07-29,SH600926,0.06441427022218704,EXP_LinearModel_Alpha158_csi300_custom_step0_s_20260729_13,50166b5be35f4dd79cbef1c34f471b2e,0.033,,,
1224,2026-07-29,SH600570,-0.06817764043807983,EXP_LinearModel_Alpha158_csi300_custom_step0_s_20260729_13,50166b5be35f4dd79cbef1c34f471b2e,0.033,,,
1225,2026-07-29,SH600549,0.030314724892377853,EXP_LinearModel_Alpha158_csi300_custom_step0_s_20260729_13,50166b5be35f4dd79cbef1c34f471b2e,0.033,,,
1226,2026-07-29,SH600547,-0.037212975323200226,EXP_LinearModel_Alpha158_csi300_custom_step0_s_20260729_13,50166b5be35f4dd79cbef1c34f471b2e,0.033,,,
1227,2026-07-29,SH600522,0.21611818671226501,EXP_LinearModel_Alpha158_csi300_custom_step0_s_20260729_13,50166b5be35f4dd79cbef1c34f471b2e,0.033,,,
1228,2026-07-29,SH600519,0.019281040877103806,EXP_LinearModel_Alpha158_csi300_custom_step0_s_20260729_13,50166b5be35f4dd79cbef1c34f471b2e,0.033,,,
1229,2026-07-29,SH600515,0.03535311669111252,EXP_LinearModel_Alpha158_csi300_custom_step0_s_20260729_13,50166b5be35f4dd79cbef1c34f471b2e,0.033,,,
1230,2026-07-29,SH600489,-0.08481510728597641,EXP_LinearModel_Alpha158_csi300_custom_step0_s_20260729_13,50166b5be35f4dd79cbef1c34f471b2e,0.033,,,
1231,2026-07-29,SH600482,-0.004933018237352371,EXP_LinearModel_Alpha158_csi300_custom_step0_s_20260729_13,50166b5be35f4dd79cbef1c34f471b2e,0.033,,,
1232,2026-07-29,SH600460,0.01354445144534111,EXP_LinearModel_Alpha158_csi300_custom_step0_s_20260729_13,50166b5be35f4dd79cbef1c34f471b2e,0.033,,,
1233,2026-07-29,SH600438,0.02070651389658451,EXP_LinearModel_Alpha158_csi300_custom_step0_s_20260729_13,50166b5be35f4dd79cbef1c34f471b2e,0.033,,,
1234,2026-07-29,SH600436,-0.04350721463561058,EXP_LinearModel_Alpha158_csi300_custom_step0_s_20260729_13,50166b5be35f4dd79cbef1c34f471b2e,0.033,,,
1235,2026-07-29,SH600426,-0.037380993366241455,EXP_LinearModel_Alpha158_csi300_custom_step0_s_20260729_13,50166b5be35f4dd79cbef1c34f471b2e,0.033,,,
1236,2026-07-29,SH600415,0.08481903374195099,EXP_LinearModel_Alpha158_csi300_custom_step0_s_20260729_13,50166b5be35f4dd79cbef1c34f471b2e,0.033,,,
1237,2026-07-29,SH600406,0.029378019273281097,EXP_LinearModel_Alpha158_csi300_custom_step0_s_20260729_13,50166b5be35f4dd79cbef1c34f471b2e,0.033,,,
1238,2026-07-29,SH600372,-0.03101401962339878,EXP_LinearModel_Alpha158_csi300_custom_step0_s_20260729_13,50166b5be35f4dd79cbef1c34f471b2e,0.033,,,
1239,2026-07-29,SH600362,-0.128834530711174,EXP_LinearModel_Alpha158_csi300_custom_step0_s_20260729_13,50166b5be35f4dd79cbef1c34f471b2e,0.033,,,
1240,2026-07-29,SH600346,-0.051070086658000946,EXP_LinearModel_Alpha158_csi300_custom_step0_s_20260729_13,50166b5be35f4dd79cbef1c34f471b2e,0.033,,,
1241,2026-07-29,SH600584,-0.1354420781135559,EXP_LinearModel_Alpha158_csi300_custom_step0_s_20260729_13,50166b5be35f4dd79cbef1c34f471b2e,0.033,,,
1242,2026-07-29,SH600930,0.11673802882432938,EXP_LinearModel_Alpha158_csi300_custom_step0_s_20260729_13,50166b5be35f4dd79cbef1c34f471b2e,0.033,,,
1243,2026-07-29,SH600585,0.06277824938297272,EXP_LinearModel_Alpha158_csi300_custom_step0_s_20260729_13,50166b5be35f4dd79cbef1c34f471b2e,0.033,,,
1244,2026-07-29,SH600600,0.02545679360628128,EXP_LinearModel_Alpha158_csi300_custom_step0_s_20260729_13,50166b5be35f4dd79cbef1c34f471b2e,0.033,,,
1245,2026-07-29,SH600919,0.024914558976888657,EXP_LinearModel_Alpha158_csi300_custom_step0_s_20260729_13,50166b5be35f4dd79cbef1c34f471b2e,0.033,,,
1246,2026-07-29,SH600918,-0.0157173965126276,EXP_LinearModel_Alpha158_csi300_custom_step0_s_20260729_13,50166b5be35f4dd79cbef1c34f471b2e,0.033,,,
1247,2026-07-29,SH600905,0.04834277182817459,EXP_LinearModel_Alpha158_csi300_custom_step0_s_20260729_13,50166b5be35f4dd79cbef1c34f471b2e,0.033,,,
1248,2026-07-29,SH600900,0.033475361764431,EXP_LinearModel_Alpha158_csi300_custom_step0_s_20260729_13,50166b5be35f4dd79cbef1c34f471b2e,0.033,,,
1249,2026-07-29,SH600893,-0.04178839176893234,EXP_LinearModel_Alpha158_csi300_custom_step0_s_20260729_13,50166b5be35f4dd79cbef1c34f471b2e,0.033,,,
1250,2026-07-29,SH600887,0.14833812415599823,EXP_LinearModel_Alpha158_csi300_custom_step0_s_20260729_13,50166b5be35f4dd79cbef1c34f471b2e,0.033,,,
1251,2026-07-29,SH600886,0.09945633262395859,EXP_LinearModel_Alpha158_csi300_custom_step0_s_20260729_13,50166b5be35f4dd79cbef1c34f471b2e,0.033,,,
1252,2026-07-29,SH600875,0.006608049385249615,EXP_LinearModel_Alpha158_csi300_custom_step0_s_20260729_13,50166b5be35f4dd79cbef1c34f471b2e,0.033,,,
1253,2026-07-29,SH600845,-0.014056160114705563,EXP_LinearModel_Alpha158_csi300_custom_step0_s_20260729_13,50166b5be35f4dd79cbef1c34f471b2e,0.033,,,
1254,2026-07-29,SH600809,-0.04276139661669731,EXP_LinearModel_Alpha158_csi300_custom_step0_s_20260729_13,50166b5be35f4dd79cbef1c34f471b2e,0.033,,,
1255,2026-07-29,SH600803,0.07202742248773575,EXP_LinearModel_Alpha158_csi300_custom_step0_s_20260729_13,50166b5be35f4dd79cbef1c34f471b2e,0.033,,,
1256,2026-07-29,SH600795,0.08717700839042664,EXP_LinearModel_Alpha158_csi300_custom_step0_s_20260729_13,50166b5be35f4dd79cbef1c34f471b2e,0.033,,,
1257,2026-07-29,SH600760,-0.050883349031209946,EXP_LinearModel_Alpha158_csi300_custom_step0_s_20260729_13,50166b5be35f4dd79cbef1c34f471b2e,0.033,,,
1258,2026-07-29,SH600741,0.09096340835094452,EXP_LinearModel_Alpha158_csi300_custom_step0_s_20260729_13,50166b5be35f4dd79cbef1c34f471b2e,0.033,,,
1259,2026-07-29,SH600690,0.05801739916205406,EXP_LinearModel_Alpha158_csi300_custom_step0_s_20260729_13,50166b5be35f4dd79cbef1c34f471b2e,0.033,,,
1260,2026-07-29,SH600674,0.12532256543636322,EXP_LinearModel_Alpha158_csi300_custom_step0_s_20260729_13,50166b5be35f4dd79cbef1c34f471b2e,0.033,,,
1261,2026-07-29,SH600660,0.03860507532954216,EXP_LinearModel_Alpha158_csi300_custom_step0_s_20260729_13,50166b5be35f4dd79cbef1c34f471b2e,0.033,,,
1262,2026-07-29,SH600588,-0.0400492325425148,EXP_LinearModel_Alpha158_csi300_custom_step0_s_20260729_13,50166b5be35f4dd79cbef1c34f471b2e,0.033,,,
1263,2026-07-29,SH601618,0.014536570757627487,EXP_LinearModel_Alpha158_csi300_custom_step0_s_20260729_13,50166b5be35f4dd79cbef1c34f471b2e,0.033,,,
1264,2026-07-29,SH601628,0.0748826116323471,EXP_LinearModel_Alpha158_csi300_custom_step0_s_20260729_13,50166b5be35f4dd79cbef1c34f471b2e,0.033,,,
1265,2026-07-29,SH601633,-0.006966674700379372,EXP_LinearModel_Alpha158_csi300_custom_step0_s_20260729_13,50166b5be35f4dd79cbef1c34f471b2e,0.033,,,
1266,2026-07-29,SH688271,0.0007788552902638912,EXP_LinearModel_Alpha158_csi300_custom_step0_s_20260729_13,50166b5be35f4dd79cbef1c34f471b2e,0.033,,,
1267,2026-07-29,SH688256,-0.19060824811458588,EXP_LinearModel_Alpha158_csi300_custom_step0_s_20260729_13,50166b5be35f4dd79cbef1c34f471b2e,0.033,,,
1268,2026-07-29,SH688223,0.09804717451334,EXP_LinearModel_Alpha158_csi300_custom_step0_s_20260729_13,50166b5be35f4dd79cbef1c34f471b2e,0.033,,,
1269,2026-07-29,SH688183,-0.19320377707481384,EXP_LinearModel_Alpha158_csi300_custom_step0_s_20260729_13,50166b5be35f4dd79cbef1c34f471b2e,0.033,,,
1270,2026-07-29,SH688126,-0.018321029841899872,EXP_LinearModel_Alpha158_csi300_custom_step0_s_20260729_13,50166b5be35f4dd79cbef1c34f471b2e,0.033,,,
1271,2026-07-29,SH688111,-0.16513904929161072,EXP_LinearModel_Alpha158_csi300_custom_step0_s_20260729_13,50166b5be35f4dd79cbef1c34f471b2e,0.033,,,
1272,2026-07-29,SH688082,-0.26749083399772644,EXP_LinearModel_Alpha158_csi300_custom_step0_s_20260729_13,50166b5be35f4dd79cbef1c34f471b2e,0.033,,,
1273,2026-07-29,SH688072,,EXP_LinearModel_Alpha158_csi300_custom_step0_s_20260729_13,50166b5be35f4dd79cbef1c34f471b2e,0.033,,,
1274,2026-07-29,SH688047,0.05236372724175453,EXP_LinearModel_Alpha158_csi300_custom_step0_s_20260729_13,50166b5be35f4dd79cbef1c34f471b2e,0.033,,,
1275,2026-07-29,SH688041,-0.15066957473754883,EXP_LinearModel_Alpha158_csi300_custom_step0_s_20260729_13,50166b5be35f4dd79cbef1c34f471b2e,0.033,,,
1276,2026-07-29,SH688036,-0.02230750396847725,EXP_LinearModel_Alpha158_csi300_custom_step0_s_20260729_13,50166b5be35f4dd79cbef1c34f471b2e,0.033,,,
1277,2026-07-29,SH688012,-0.3406940996646881,EXP_LinearModel_Alpha158_csi300_custom_step0_s_20260729_13,50166b5be35f4dd79cbef1c34f471b2e,0.033,,,
1278,2026-07-29,SH688009,0.11101258546113968,EXP_LinearModel_Alpha158_csi300_custom_step0_s_20260729_13,50166b5be35f4dd79cbef1c34f471b2e,0.033,,,
1279,2026-07-29,SH688008,-0.19645248353481293,EXP_LinearModel_Alpha158_csi300_custom_step0_s_20260729_13,50166b5be35f4dd79cbef1c34f471b2e,0.033,,,
1280,2026-07-29,SH605499,-0.013890350237488747,EXP_LinearModel_Alpha158_csi300_custom_step0_s_20260729_13,50166b5be35f4dd79cbef1c34f471b2e,0.033,,,
1281,2026-07-29,SH605117,-0.04352902993559837,EXP_LinearModel_Alpha158_csi300_custom_step0_s_20260729_13,50166b5be35f4dd79cbef1c34f471b2e,0.033,,,
1282,2026-07-29,SH603993,-0.10455320030450821,EXP_LinearModel_Alpha158_csi300_custom_step0_s_20260729_13,50166b5be35f4dd79cbef1c34f471b2e,0.033,,,
1283,2026-07-29,SH688303,0.012786813080310822,EXP_LinearModel_Alpha158_csi300_custom_step0_s_20260729_13,50166b5be35f4dd79cbef1c34f471b2e,0.033,,,
1284,2026-07-29,SH603986,0.05779733508825302,EXP_LinearModel_Alpha158_csi300_custom_step0_s_20260729_13,50166b5be35f4dd79cbef1c34f471b2e,0.033,,,
1285,2026-07-29,SH688396,0.047426894307136536,EXP_LinearModel_Alpha158_csi300_custom_step0_s_20260729_13,50166b5be35f4dd79cbef1c34f471b2e,0.033,,,
1286,2026-07-29,SH688506,-0.031212573871016502,EXP_LinearModel_Alpha158_csi300_custom_step0_s_20260729_13,50166b5be35f4dd79cbef1c34f471b2e,0.033,,,
1287,2026-07-29,SZ000617,0.006730314344167709,EXP_LinearModel_Alpha158_csi300_custom_step0_s_20260729_13,50166b5be35f4dd79cbef1c34f471b2e,0.033,,,
1288,2026-07-29,SZ000596,-0.06690943241119385,EXP_LinearModel_Alpha158_csi300_custom_step0_s_20260729_13,50166b5be35f4dd79cbef1c34f471b2e,0.033,,,
1289,2026-07-29,SZ000568,0.013594326563179493,EXP_LinearModel_Alpha158_csi300_custom_step0_s_20260729_13,50166b5be35f4dd79cbef1c34f471b2e,0.033,,,
1290,2026-07-29,SZ000538,-0.0034632179886102676,EXP_LinearModel_Alpha158_csi300_custom_step0_s_20260729_13,50166b5be35f4dd79cbef1c34f471b2e,0.033,,,
1291,2026-07-29,SZ000425,0.003615298541262746,EXP_LinearModel_Alpha158_csi300_custom_step0_s_20260729_13,50166b5be35f4dd79cbef1c34f471b2e,0.033,,,
1292,2026-07-29,SZ000408,-0.08969002217054367,EXP_LinearModel_Alpha158_csi300_custom_step0_s_20260729_13,50166b5be35f4dd79cbef1c34f471b2e,0.033,,,
1293,2026-07-29,SZ000338,0.037549249827861786,EXP_LinearModel_Alpha158_csi300_custom_step0_s_20260729_13,50166b5be35f4dd79cbef1c34f471b2e,0.033,,,
1294,2026-07-29,SZ000333,0.027979401871562004,EXP_LinearModel_Alpha158_csi300_custom_step0_s_20260729_13,50166b5be35f4dd79cbef1c34f471b2e,0.033,,,
1295,2026-07-29,SZ000301,-0.01861445978283882,EXP_LinearModel_Alpha158_csi300_custom_step0_s_20260729_13,50166b5be35f4dd79cbef1c34f471b2e,0.033,,,
1296,2026-07-29,SZ000166,0.0010343275498598814,EXP_LinearModel_Alpha158_csi300_custom_step0_s_20260729_13,50166b5be35f4dd79cbef1c34f471b2e,0.033,,,
1297,2026-07-29,SZ000157,-0.006753850728273392,EXP_LinearModel_Alpha158_csi300_custom_step0_s_20260729_13,50166b5be35f4dd79cbef1c34f471b2e,0.033,,,
1298,2026-07-29,SZ000100,-0.08966342359781265,EXP_LinearModel_Alpha158_csi300_custom_step0_s_20260729_13,50166b5be35f4dd79cbef1c34f471b2e,0.033,,,
1299,2026-07-29,SZ000063,-0.14988571405410767,EXP_LinearModel_Alpha158_csi300_custom_step0_s_20260729_13,50166b5be35f4dd79cbef1c34f471b2e,0.033,,,
1300,2026-07-29,SZ000002,-0.04209735989570618,EXP_LinearModel_Alpha158_csi300_custom_step0_s_20260729_13,50166b5be35f4dd79cbef1c34f471b2e,0.033,,,
1301,2026-07-29,SZ000001,0.031170889735221863,EXP_LinearModel_Alpha158_csi300_custom_step0_s_20260729_13,50166b5be35f4dd79cbef1c34f471b2e,0.033,,,
1302,2026-07-29,SH688981,-0.12000307440757751,EXP_LinearModel_Alpha158_csi300_custom_step0_s_20260729_13,50166b5be35f4dd79cbef1c34f471b2e,0.033,,,
1303,2026-07-29,SH688521,-0.03954823315143585,EXP_LinearModel_Alpha158_csi300_custom_step0_s_20260729_13,50166b5be35f4dd79cbef1c34f471b2e,0.033,,,
1304,2026-07-29,SH688472,0.045700229704380035,EXP_LinearModel_Alpha158_csi300_custom_step0_s_20260729_13,50166b5be35f4dd79cbef1c34f471b2e,0.033,,,
1305,2026-07-29,SH603893,-0.05693574249744415,EXP_LinearModel_Alpha158_csi300_custom_step0_s_20260729_13,50166b5be35f4dd79cbef1c34f471b2e,0.033,,,
1306,2026-07-29,SH603799,-0.04434260353446007,EXP_LinearModel_Alpha158_csi300_custom_step0_s_20260729_13,50166b5be35f4dd79cbef1c34f471b2e,0.033,,,
1307,2026-07-29,SH603501,0.053091391921043396,EXP_LinearModel_Alpha158_csi300_custom_step0_s_20260729_13,50166b5be35f4dd79cbef1c34f471b2e,0.033,,,
1308,2026-07-29,SH601868,-0.003949322737753391,EXP_LinearModel_Alpha158_csi300_custom_step0_s_20260729_13,50166b5be35f4dd79cbef1c34f471b2e,0.033,,,
1309,2026-07-29,SH601857,0.08521045744419098,EXP_LinearModel_Alpha158_csi300_custom_step0_s_20260729_13,50166b5be35f4dd79cbef1c34f471b2e,0.033,,,
1310,2026-07-29,SH601838,0.08955797553062439,EXP_LinearModel_Alpha158_csi300_custom_step0_s_20260729_13,50166b5be35f4dd79cbef1c34f471b2e,0.033,,,
1311,2026-07-29,SH601825,0.06454581022262573,EXP_LinearModel_Alpha158_csi300_custom_step0_s_20260729_13,50166b5be35f4dd79cbef1c34f471b2e,0.033,,,
1312,2026-07-29,SH601818,0.11110050976276398,EXP_LinearModel_Alpha158_csi300_custom_step0_s_20260729_13,50166b5be35f4dd79cbef1c34f471b2e,0.033,,,
1313,2026-07-29,SH601816,0.09072507172822952,EXP_LinearModel_Alpha158_csi300_custom_step0_s_20260729_13,50166b5be35f4dd79cbef1c34f471b2e,0.033,,,
1314,2026-07-29,SH601800,0.029579367488622665,EXP_LinearModel_Alpha158_csi300_custom_step0_s_20260729_13,50166b5be35f4dd79cbef1c34f471b2e,0.033,,,
1315,2026-07-29,SH601788,-0.029518723487854004,EXP_LinearModel_Alpha158_csi300_custom_step0_s_20260729_13,50166b5be35f4dd79cbef1c34f471b2e,0.033,,,
1316,2026-07-29,SH601766,0.08721134066581726,EXP_LinearModel_Alpha158_csi300_custom_step0_s_20260729_13,50166b5be35f4dd79cbef1c34f471b2e,0.033,,,
1317,2026-07-29,SH601728,0.05444348230957985,EXP_LinearModel_Alpha158_csi300_custom_step0_s_20260729_13,50166b5be35f4dd79cbef1c34f471b2e,0.033,,,
1318,2026-07-29,SH601727,0.007718685083091259,EXP_LinearModel_Alpha158_csi300_custom_step0_s_20260729_13,50166b5be35f4dd79cbef1c34f471b2e,0.033,,,
1319,2026-07-29,SH601698,-0.029624605551362038,EXP_LinearModel_Alpha158_csi300_custom_step0_s_20260729_13,50166b5be35f4dd79cbef1c34f471b2e,0.033,,,
1320,2026-07-29,SH601689,0.08324608951807022,EXP_LinearModel_Alpha158_csi300_custom_step0_s_20260729_13,50166b5be35f4dd79cbef1c34f471b2e,0.033,,,
1321,2026-07-29,SH601688,-0.02195100300014019,EXP_LinearModel_Alpha158_csi300_custom_step0_s_20260729_13,50166b5be35f4dd79cbef1c34f471b2e,0.033,,,
1322,2026-07-29,SH601669,0.014368418604135513,EXP_LinearModel_Alpha158_csi300_custom_step0_s_20260729_13,50166b5be35f4dd79cbef1c34f471b2e,0.033,,,
1323,2026-07-29,SH601668,0.11909624189138412,EXP_LinearModel_Alpha158_csi300_custom_step0_s_20260729_13,50166b5be35f4dd79cbef1c34f471b2e,0.033,,,
1324,2026-07-29,SH601658,0.07401939481496811,EXP_LinearModel_Alpha158_csi300_custom_step0_s_20260729_13,50166b5be35f4dd79cbef1c34f471b2e,0.033,,,
1325,2026-07-29,SH601872,-0.10589064657688141,EXP_LinearModel_Alpha158_csi300_custom_step0_s_20260729_13,50166b5be35f4dd79cbef1c34f471b2e,0.033,,,
1326,2026-07-29,SH601877,-0.004426756873726845,EXP_LinearModel_Alpha158_csi300_custom_step0_s_20260729_13,50166b5be35f4dd79cbef1c34f471b2e,0.033,,,
1327,2026-07-29,SH601878,-0.019205812364816666,EXP_LinearModel_Alpha158_csi300_custom_step0_s_20260729_13,50166b5be35f4dd79cbef1c34f471b2e,0.033,,,
1328,2026-07-29,SH601881,-0.0421927310526371,EXP_LinearModel_Alpha158_csi300_custom_step0_s_20260729_13,50166b5be35f4dd79cbef1c34f471b2e,0.033,,,
1329,2026-07-29,SH603392,0.0019551634322851896,EXP_LinearModel_Alpha158_csi300_custom_step0_s_20260729_13,50166b5be35f4dd79cbef1c34f471b2e,0.033,,,
1330,2026-07-29,SH603369,0.06555227935314178,EXP_LinearModel_Alpha158_csi300_custom_step0_s_20260729_13,50166b5be35f4dd79cbef1c34f471b2e,0.033,,,
1331,2026-07-29,SH603296,-0.2273225486278534,EXP_LinearModel_Alpha158_csi300_custom_step0_s_20260729_13,50166b5be35f4dd79cbef1c34f471b2e,0.033,,,
1332,2026-07-29,SH603288,0.053340401500463486,EXP_LinearModel_Alpha158_csi300_custom_step0_s_20260729_13,50166b5be35f4dd79cbef1c34f471b2e,0.033,,,
1333,2026-07-29,SH603260,0.04601753503084183,EXP_LinearModel_Alpha158_csi300_custom_step0_s_20260729_13,50166b5be35f4dd79cbef1c34f471b2e,0.033,,,
1334,2026-07-29,SH603259,0.016823427751660347,EXP_LinearModel_Alpha158_csi300_custom_step0_s_20260729_13,50166b5be35f4dd79cbef1c34f471b2e,0.033,,,
1335,2026-07-29,SH603019,-0.09331817179918289,EXP_LinearModel_Alpha158_csi300_custom_step0_s_20260729_13,50166b5be35f4dd79cbef1c34f471b2e,0.033,,,
1336,2026-07-29,SH601998,0.022272609174251556,EXP_LinearModel_Alpha158_csi300_custom_step0_s_20260729_13,50166b5be35f4dd79cbef1c34f471b2e,0.033,,,
1337,2026-07-29,SZ000630,-0.04736129194498062,EXP_LinearModel_Alpha158_csi300_custom_step0_s_20260729_13,50166b5be35f4dd79cbef1c34f471b2e,0.033,,,
1338,2026-07-29,SH601995,-0.0035064092371612787,EXP_LinearModel_Alpha158_csi300_custom_step0_s_20260729_13,50166b5be35f4dd79cbef1c34f471b2e,0.033,,,
1339,2026-07-29,SH601985,0.0494694784283638,EXP_LinearModel_Alpha158_csi300_custom_step0_s_20260729_13,50166b5be35f4dd79cbef1c34f471b2e,0.033,,,
1340,2026-07-29,SH601939,0.0378730483353138,EXP_LinearModel_Alpha158_csi300_custom_step0_s_20260729_13,50166b5be35f4dd79cbef1c34f471b2e,0.033,,,
1341,2026-07-29,SH601919,0.012087148614227772,EXP_LinearModel_Alpha158_csi300_custom_step0_s_20260729_13,50166b5be35f4dd79cbef1c34f471b2e,0.033,,,
1342,2026-07-29,SH601916,0.09578317403793335,EXP_LinearModel_Alpha158_csi300_custom_step0_s_20260729_13,50166b5be35f4dd79cbef1c34f471b2e,0.033,,,
1343,2026-07-29,SH601901,-0.00713858287781477,EXP_LinearModel_Alpha158_csi300_custom_step0_s_20260729_13,50166b5be35f4dd79cbef1c34f471b2e,0.033,,,
1344,2026-07-29,SH601899,-0.11879486590623856,EXP_LinearModel_Alpha158_csi300_custom_step0_s_20260729_13,50166b5be35f4dd79cbef1c34f471b2e,0.033,,,
1345,2026-07-29,SH601898,-0.04146592319011688,EXP_LinearModel_Alpha158_csi300_custom_step0_s_20260729_13,50166b5be35f4dd79cbef1c34f471b2e,0.033,,,
1346,2026-07-29,SH601888,-0.003970738500356674,EXP_LinearModel_Alpha158_csi300_custom_step0_s_20260729_13,50166b5be35f4dd79cbef1c34f471b2e,0.033,,,
1347,2026-07-29,SH601988,0.04817718267440796,EXP_LinearModel_Alpha158_csi300_custom_step0_s_20260729_13,50166b5be35f4dd79cbef1c34f471b2e,0.033,,,
1348,2026-07-29,SH600009,0.02658495316910215,EXP_LGBModel_Alpha158_csi300_custom_step0_s_20260729_13,ebb2865d989a4b0e9fa79bccc037b9a7,0.016,,,
1349,2026-07-29,SH601919,-0.0025111886207014322,EXP_LinearModel_Alpha158_csi300_custom_step0_s_20260729_13,b17bfd4a125741fe9a03582ba1e3f14d,0.07,,,
1350,2026-07-29,SH601985,-0.006151573732495308,EXP_LinearModel_Alpha158_csi300_custom_step0_s_20260729_13,b17bfd4a125741fe9a03582ba1e3f14d,0.07,,,
1351,2026-07-29,SH601998,0.010937545448541641,EXP_XGBModel_Alpha158_csi300_custom_step0_s_20260729_13,7f70031f474b4703914815691d7edca6,0.059,,,
1352,2026-07-29,SH601995,-0.024011168628931046,EXP_XGBModel_Alpha158_csi300_custom_step0_s_20260729_13,7f70031f474b4703914815691d7edca6,0.059,,,
1353,2026-07-29,SH601988,0.03615783154964447,EXP_XGBModel_Alpha158_csi300_custom_step0_s_20260729_13,7f70031f474b4703914815691d7edca6,0.059,,,
1354,2026-07-29,SH601985,0.06335301697254181,EXP_XGBModel_Alpha158_csi300_custom_step0_s_20260729_13,7f70031f474b4703914815691d7edca6,0.059,,,
1355,2026-07-29,SH601939,0.03329751640558243,EXP_XGBModel_Alpha158_csi300_custom_step0_s_20260729_13,7f70031f474b4703914815691d7edca6,0.059,,,
1356,2026-07-29,SH601919,0.002357912017032504,EXP_XGBModel_Alpha158_csi300_custom_step0_s_20260729_13,7f70031f474b4703914815691d7edca6,0.059,,,
1357,2026-07-29,SH601916,0.03505416959524155,EXP_XGBModel_Alpha158_csi300_custom_step0_s_20260729_13,7f70031f474b4703914815691d7edca6,0.059,,,
1358,2026-07-29,SH601901,0.018494343385100365,EXP_XGBModel_Alpha158_csi300_custom_step0_s_20260729_13,7f70031f474b4703914815691d7edca6,0.059,,,
1359,2026-07-29,SH601899,-0.1395723968744278,EXP_XGBModel_Alpha158_csi300_custom_step0_s_20260729_13,7f70031f474b4703914815691d7edca6,0.059,,,
1360,2026-07-29,SH601898,-0.0015098692383617163,EXP_XGBModel_Alpha158_csi300_custom_step0_s_20260729_13,7f70031f474b4703914815691d7edca6,0.059,,,
1361,2026-07-29,SH601888,-0.01841858960688114,EXP_XGBModel_Alpha158_csi300_custom_step0_s_20260729_13,7f70031f474b4703914815691d7edca6,0.059,,,
1362,2026-07-29,SH601881,-0.003384181298315525,EXP_XGBModel_Alpha158_csi300_custom_step0_s_20260729_13,7f70031f474b4703914815691d7edca6,0.059,,,
1363,2026-07-29,SH601878,0.03299696743488312,EXP_XGBModel_Alpha158_csi300_custom_step0_s_20260729_13,7f70031f474b4703914815691d7edca6,0.059,,,
1364,2026-07-29,SH601877,-0.011751119047403336,EXP_XGBModel_Alpha158_csi300_custom_step0_s_20260729_13,7f70031f474b4703914815691d7edca6,0.059,,,
1365,2026-07-29,SH601872,-0.051107749342918396,EXP_XGBModel_Alpha158_csi300_custom_step0_s_20260729_13,7f70031f474b4703914815691d7edca6,0.059,,,
1366,2026-07-29,SH601868,-0.017884623259305954,EXP_XGBModel_Alpha158_csi300_custom_step0_s_20260729_13,7f70031f474b4703914815691d7edca6,0.059,,,
1367,2026-07-29,SH601857,0.0038543331902474165,EXP_XGBModel_Alpha158_csi300_custom_step0_s_20260729_13,7f70031f474b4703914815691d7edca6,0.059,,,
1368,2026-07-29,SH603019,0.15510767698287964,EXP_XGBModel_Alpha158_csi300_custom_step0_s_20260729_13,7f70031f474b4703914815691d7edca6,0.059,,,
1369,2026-07-29,SH601838,0.05843403935432434,EXP_XGBModel_Alpha158_csi300_custom_step0_s_20260729_13,7f70031f474b4703914815691d7edca6,0.059,,,
1370,2026-07-29,SH603259,-0.08073869347572327,EXP_XGBModel_Alpha158_csi300_custom_step0_s_20260729_13,7f70031f474b4703914815691d7edca6,0.059,,,
1371,2026-07-29,SH603288,0.011330356821417809,EXP_XGBModel_Alpha158_csi300_custom_step0_s_20260729_13,7f70031f474b4703914815691d7edca6,0.059,,,
1372,2026-07-29,SH688072,-0.012285105884075165,EXP_XGBModel_Alpha158_csi300_custom_step0_s_20260729_13,7f70031f474b4703914815691d7edca6,0.059,,,
1373,2026-07-29,SH688047,0.13435886800289154,EXP_XGBModel_Alpha158_csi300_custom_step0_s_20260729_13,7f70031f474b4703914815691d7edca6,0.059,,,
1374,2026-07-29,SH688041,-0.0009949435479938984,EXP_XGBModel_Alpha158_csi300_custom_step0_s_20260729_13,7f70031f474b4703914815691d7edca6,0.059,,,
1375,2026-07-29,SH688036,0.06053188443183899,EXP_XGBModel_Alpha158_csi300_custom_step0_s_20260729_13,7f70031f474b4703914815691d7edca6,0.059,,,
1376,2026-07-29,SH688012,0.01971888728439808,EXP_XGBModel_Alpha158_csi300_custom_step0_s_20260729_13,7f70031f474b4703914815691d7edca6,0.059,,,
1377,2026-07-29,SH688009,0.048543110489845276,EXP_XGBModel_Alpha158_csi300_custom_step0_s_20260729_13,7f70031f474b4703914815691d7edca6,0.059,,,
1378,2026-07-29,SH688008,0.21372036635875702,EXP_XGBModel_Alpha158_csi300_custom_step0_s_20260729_13,7f70031f474b4703914815691d7edca6,0.059,,,
1379,2026-07-29,SH605499,-0.018843496218323708,EXP_XGBModel_Alpha158_csi300_custom_step0_s_20260729_13,7f70031f474b4703914815691d7edca6,0.059,,,
1380,2026-07-29,SH605117,-0.09453791379928589,EXP_XGBModel_Alpha158_csi300_custom_step0_s_20260729_13,7f70031f474b4703914815691d7edca6,0.059,,,
1381,2026-07-29,SH603993,-0.16283291578292847,EXP_XGBModel_Alpha158_csi300_custom_step0_s_20260729_13,7f70031f474b4703914815691d7edca6,0.059,,,
1382,2026-07-29,SH603986,0.3377993404865265,EXP_XGBModel_Alpha158_csi300_custom_step0_s_20260729_13,7f70031f474b4703914815691d7edca6,0.059,,,
1383,2026-07-29,SH603893,0.06050997972488403,EXP_XGBModel_Alpha158_csi300_custom_step0_s_20260729_13,7f70031f474b4703914815691d7edca6,0.059,,,
1384,2026-07-29,SH603799,0.011297454126179218,EXP_XGBModel_Alpha158_csi300_custom_step0_s_20260729_13,7f70031f474b4703914815691d7edca6,0.059,,,
1385,2026-07-29,SH603501,-0.022889327257871628,EXP_XGBModel_Alpha158_csi300_custom_step0_s_20260729_13,7f70031f474b4703914815691d7edca6,0.059,,,
1386,2026-07-29,SH603392,-0.00488705700263381,EXP_XGBModel_Alpha158_csi300_custom_step0_s_20260729_13,7f70031f474b4703914815691d7edca6,0.059,,,
1387,2026-07-29,SH603369,-0.033778026700019836,EXP_XGBModel_Alpha158_csi300_custom_step0_s_20260729_13,7f70031f474b4703914815691d7edca6,0.059,,,
1388,2026-07-29,SH603296,-0.08198588341474533,EXP_XGBModel_Alpha158_csi300_custom_step0_s_20260729_13,7f70031f474b4703914815691d7edca6,0.059,,,
1389,2026-07-29,SH603260,0.04919175058603287,EXP_XGBModel_Alpha158_csi300_custom_step0_s_20260729_13,7f70031f474b4703914815691d7edca6,0.059,,,
1390,2026-07-29,SH688082,0.07288188487291336,EXP_XGBModel_Alpha158_csi300_custom_step0_s_20260729_13,7f70031f474b4703914815691d7edca6,0.059,,,
1391,2026-07-29,SH601825,0.018744830042123795,EXP_XGBModel_Alpha158_csi300_custom_step0_s_20260729_13,7f70031f474b4703914815691d7edca6,0.059,,,
1392,2026-07-29,SH601816,0.027585403993725777,EXP_XGBModel_Alpha158_csi300_custom_step0_s_20260729_13,7f70031f474b4703914815691d7edca6,0.059,,,
1393,2026-07-29,SH601360,-0.0577082522213459,EXP_XGBModel_Alpha158_csi300_custom_step0_s_20260729_13,7f70031f474b4703914815691d7edca6,0.059,,,
1394,2026-07-29,SH601336,-0.003876176429912448,EXP_XGBModel_Alpha158_csi300_custom_step0_s_20260729_13,7f70031f474b4703914815691d7edca6,0.059,,,
1395,2026-07-29,SH601328,0.05091579258441925,EXP_XGBModel_Alpha158_csi300_custom_step0_s_20260729_13,7f70031f474b4703914815691d7edca6,0.059,,,
1396,2026-07-29,SH601319,0.00901107769459486,EXP_XGBModel_Alpha158_csi300_custom_step0_s_20260729_13,7f70031f474b4703914815691d7edca6,0.059,,,
1397,2026-07-29,SH601318,-0.012700995430350304,EXP_XGBModel_Alpha158_csi300_custom_step0_s_20260729_13,7f70031f474b4703914815691d7edca6,0.059,,,
1398,2026-07-29,SH601288,0.04351753741502762,EXP_XGBModel_Alpha158_csi300_custom_step0_s_20260729_13,7f70031f474b4703914815691d7edca6,0.059,,,
1399,2026-07-29,SH601238,-0.010632333345711231,EXP_XGBModel_Alpha158_csi300_custom_step0_s_20260729_13,7f70031f474b4703914815691d7edca6,0.059,,,
1400,2026-07-29,SH601229,0.11173771321773529,EXP_XGBModel_Alpha158_csi300_custom_step0_s_20260729_13,7f70031f474b4703914815691d7edca6,0.059,,,
1401,2026-07-29,SH601225,-0.002346968976780772,EXP_XGBModel_Alpha158_csi300_custom_step0_s_20260729_13,7f70031f474b4703914815691d7edca6,0.059,,,
1402,2026-07-29,SH601211,-0.08130290359258652,EXP_XGBModel_Alpha158_csi300_custom_step0_s_20260729_13,7f70031f474b4703914815691d7edca6,0.059,,,
1403,2026-07-29,SH601186,0.03247029334306717,EXP_XGBModel_Alpha158_csi300_custom_step0_s_20260729_13,7f70031f474b4703914815691d7edca6,0.059,,,
1404,2026-07-29,SH601169,0.08097825199365616,EXP_XGBModel_Alpha158_csi300_custom_step0_s_20260729_13,7f70031f474b4703914815691d7edca6,0.059,,,
1405,2026-07-29,SH601166,0.03491098806262016,EXP_XGBModel_Alpha158_csi300_custom_step0_s_20260729_13,7f70031f474b4703914815691d7edca6,0.059,,,
1406,2026-07-29,SH601138,-0.06956300139427185,EXP_XGBModel_Alpha158_csi300_custom_step0_s_20260729_13,7f70031f474b4703914815691d7edca6,0.059,,,
1407,2026-07-29,SH601136,0.009390924125909805,EXP_XGBModel_Alpha158_csi300_custom_step0_s_20260729_13,7f70031f474b4703914815691d7edca6,0.059,,,
1408,2026-07-29,SH601127,-0.0314304418861866,EXP_XGBModel_Alpha158_csi300_custom_step0_s_20260729_13,7f70031f474b4703914815691d7edca6,0.059,,,
1409,2026-07-29,SH601117,-0.012759178876876831,EXP_XGBModel_Alpha158_csi300_custom_step0_s_20260729_13,7f70031f474b4703914815691d7edca6,0.059,,,
1410,2026-07-29,SH601377,0.03448349982500076,EXP_XGBModel_Alpha158_csi300_custom_step0_s_20260729_13,7f70031f474b4703914815691d7edca6,0.059,,,
1411,2026-07-29,SH601818,0.05560736358165741,EXP_XGBModel_Alpha158_csi300_custom_step0_s_20260729_13,7f70031f474b4703914815691d7edca6,0.059,,,
1412,2026-07-29,SH601390,0.0037557114847004414,EXP_XGBModel_Alpha158_csi300_custom_step0_s_20260729_13,7f70031f474b4703914815691d7edca6,0.059,,,
1413,2026-07-29,SH601456,0.03589549660682678,EXP_XGBModel_Alpha158_csi300_custom_step0_s_20260729_13,7f70031f474b4703914815691d7edca6,0.059,,,
1414,2026-07-29,SH601800,-0.009669425897300243,EXP_XGBModel_Alpha158_csi300_custom_step0_s_20260729_13,7f70031f474b4703914815691d7edca6,0.059,,,
1415,2026-07-29,SH601788,0.045417413115501404,EXP_XGBModel_Alpha158_csi300_custom_step0_s_20260729_13,7f70031f474b4703914815691d7edca6,0.059,,,
1416,2026-07-29,SH601766,0.004973518196493387,EXP_XGBModel_Alpha158_csi300_custom_step0_s_20260729_13,7f70031f474b4703914815691d7edca6,0.059,,,
1417,2026-07-29,SH601728,0.03173757717013359,EXP_XGBModel_Alpha158_csi300_custom_step0_s_20260729_13,7f70031f474b4703914815691d7edca6,0.059,,,
1418,2026-07-29,SH601727,0.0033353951293975115,EXP_XGBModel_Alpha158_csi300_custom_step0_s_20260729_13,7f70031f474b4703914815691d7edca6,0.059,,,
1419,2026-07-29,SH601698,-0.06316353380680084,EXP_XGBModel_Alpha158_csi300_custom_step0_s_20260729_13,7f70031f474b4703914815691d7edca6,0.059,,,
1420,2026-07-29,SH601689,-0.001848005224019289,EXP_XGBModel_Alpha158_csi300_custom_step0_s_20260729_13,7f70031f474b4703914815691d7edca6,0.059,,,
1421,2026-07-29,SH601688,-0.035817038267850876,EXP_XGBModel_Alpha158_csi300_custom_step0_s_20260729_13,7f70031f474b4703914815691d7edca6,0.059,,,
1422,2026-07-29,SH601669,0.005503423977643251,EXP_XGBModel_Alpha158_csi300_custom_step0_s_20260729_13,7f70031f474b4703914815691d7edca6,0.059,,,
1423,2026-07-29,SH601668,0.02269929088652134,EXP_XGBModel_Alpha158_csi300_custom_step0_s_20260729_13,7f70031f474b4703914815691d7edca6,0.059,,,
1424,2026-07-29,SH601658,0.04680878669023514,EXP_XGBModel_Alpha158_csi300_custom_step0_s_20260729_13,7f70031f474b4703914815691d7edca6,0.059,,,
1425,2026-07-29,SH601633,-0.011145063675940037,EXP_XGBModel_Alpha158_csi300_custom_step0_s_20260729_13,7f70031f474b4703914815691d7edca6,0.059,,,
1426,2026-07-29,SH601628,0.010584729723632336,EXP_XGBModel_Alpha158_csi300_custom_step0_s_20260729_13,7f70031f474b4703914815691d7edca6,0.059,,,
1427,2026-07-29,SH601618,0.000800817389972508,EXP_XGBModel_Alpha158_csi300_custom_step0_s_20260729_13,7f70031f474b4703914815691d7edca6,0.059,,,
1428,2026-07-29,SH601607,0.022173581644892693,EXP_XGBModel_Alpha158_csi300_custom_step0_s_20260729_13,7f70031f474b4703914815691d7edca6,0.059,,,
1429,2026-07-29,SH601601,-0.014508537016808987,EXP_XGBModel_Alpha158_csi300_custom_step0_s_20260729_13,7f70031f474b4703914815691d7edca6,0.059,,,
1430,2026-07-29,SH601600,-0.023438889533281326,EXP_XGBModel_Alpha158_csi300_custom_step0_s_20260729_13,7f70031f474b4703914815691d7edca6,0.059,,,
1431,2026-07-29,SH601398,0.02503659389913082,EXP_XGBModel_Alpha158_csi300_custom_step0_s_20260729_13,7f70031f474b4703914815691d7edca6,0.059,,,
1432,2026-07-29,SH601111,-0.0006147872190922499,EXP_XGBModel_Alpha158_csi300_custom_step0_s_20260729_13,7f70031f474b4703914815691d7edca6,0.059,,,
1433,2026-07-29,SH688111,-0.1603841334581375,EXP_XGBModel_Alpha158_csi300_custom_step0_s_20260729_13,7f70031f474b4703914815691d7edca6,0.059,,,
1434,2026-07-29,SH688183,-0.07706257700920105,EXP_XGBModel_Alpha158_csi300_custom_step0_s_20260729_13,7f70031f474b4703914815691d7edca6,0.059,,,
1435,2026-07-29,SZ002304,-0.007495463360100985,EXP_XGBModel_Alpha158_csi300_custom_step0_s_20260729_13,7f70031f474b4703914815691d7edca6,0.059,,,
1436,2026-07-29,SZ002241,-0.005691484548151493,EXP_XGBModel_Alpha158_csi300_custom_step0_s_20260729_13,7f70031f474b4703914815691d7edca6,0.059,,,
1437,2026-07-29,SZ002236,-0.009115469641983509,EXP_XGBModel_Alpha158_csi300_custom_step0_s_20260729_13,7f70031f474b4703914815691d7edca6,0.059,,,
1438,2026-07-29,SZ002230,-0.014951085671782494,EXP_XGBModel_Alpha158_csi300_custom_step0_s_20260729_13,7f70031f474b4703914815691d7edca6,0.059,,,
1439,2026-07-29,SZ002202,0.0028548480477184057,EXP_XGBModel_Alpha158_csi300_custom_step0_s_20260729_13,7f70031f474b4703914815691d7edca6,0.059,,,
1440,2026-07-29,SZ002179,0.01580139994621277,EXP_XGBModel_Alpha158_csi300_custom_step0_s_20260729_13,7f70031f474b4703914815691d7edca6,0.059,,,
1441,2026-07-29,SZ002142,0.02910136803984642,EXP_XGBModel_Alpha158_csi300_custom_step0_s_20260729_13,7f70031f474b4703914815691d7edca6,0.059,,,
1442,2026-07-29,SZ002074,-0.021152470260858536,EXP_XGBModel_Alpha158_csi300_custom_step0_s_20260729_13,7f70031f474b4703914815691d7edca6,0.059,,,
1443,2026-07-29,SZ002050,-0.04162139818072319,EXP_XGBModel_Alpha158_csi300_custom_step0_s_20260729_13,7f70031f474b4703914815691d7edca6,0.059,,,
1444,2026-07-29,SZ002049,-0.03228285163640976,EXP_XGBModel_Alpha158_csi300_custom_step0_s_20260729_13,7f70031f474b4703914815691d7edca6,0.059,,,
1445,2026-07-29,SZ002028,-0.1041971817612648,EXP_XGBModel_Alpha158_csi300_custom_step0_s_20260729_13,7f70031f474b4703914815691d7edca6,0.059,,,
1446,2026-07-29,SZ002027,-0.01637047715485096,EXP_XGBModel_Alpha158_csi300_custom_step0_s_20260729_13,7f70031f474b4703914815691d7edca6,0.059,,,
1447,2026-07-29,SZ002001,-0.052541881799697876,EXP_XGBModel_Alpha158_csi300_custom_step0_s_20260729_13,7f70031f474b4703914815691d7edca6,0.059,,,
1448,2026-07-29,SZ001979,0.011849448084831238,EXP_XGBModel_Alpha158_csi300_custom_step0_s_20260729_13,7f70031f474b4703914815691d7edca6,0.059,,,
1449,2026-07-29,SZ001965,0.03436489403247833,EXP_XGBModel_Alpha158_csi300_custom_step0_s_20260729_13,7f70031f474b4703914815691d7edca6,0.059,,,
1450,2026-07-29,SZ001391,0.01219090260565281,EXP_XGBModel_Alpha158_csi300_custom_step0_s_20260729_13,7f70031f474b4703914815691d7edca6,0.059,,,
1451,2026-07-29,SZ001280,0.003336426569148898,EXP_XGBModel_Alpha158_csi300_custom_step0_s_20260729_13,7f70031f474b4703914815691d7edca6,0.059,,,
1452,2026-07-29,SZ002311,0.004825236275792122,EXP_XGBModel_Alpha158_csi300_custom_step0_s_20260729_13,7f70031f474b4703914815691d7edca6,0.059,,,
1453,2026-07-29,SZ000999,0.03577670454978943,EXP_XGBModel_Alpha158_csi300_custom_step0_s_20260729_13,7f70031f474b4703914815691d7edca6,0.059,,,
1454,2026-07-29,SZ002352,0.013641237281262875,EXP_XGBModel_Alpha158_csi300_custom_step0_s_20260729_13,7f70031f474b4703914815691d7edca6,0.059,,,
1455,2026-07-29,SZ002371,-0.0726279690861702,EXP_XGBModel_Alpha158_csi300_custom_step0_s_20260729_13,7f70031f474b4703914815691d7edca6,0.059,,,
1456,2026-07-29,SZ002714,-0.022288519889116287,EXP_XGBModel_Alpha158_csi300_custom_step0_s_20260729_13,7f70031f474b4703914815691d7edca6,0.059,,,
1457,2026-07-29,SZ002709,0.14494839310646057,EXP_XGBModel_Alpha158_csi300_custom_step0_s_20260729_13,7f70031f474b4703914815691d7edca6,0.059,,,
1458,2026-07-29,SZ002648,-0.08261805772781372,EXP_XGBModel_Alpha158_csi300_custom_step0_s_20260729_13,7f70031f474b4703914815691d7edca6,0.059,,,
1459,2026-07-29,SZ002625,-0.0972466915845871,EXP_XGBModel_Alpha158_csi300_custom_step0_s_20260729_13,7f70031f474b4703914815691d7edca6,0.059,,,
1460,2026-07-29,SZ002602,-0.0039025628939270973,EXP_XGBModel_Alpha158_csi300_custom_step0_s_20260729_13,7f70031f474b4703914815691d7edca6,0.059,,,
1461,2026-07-29,SZ002600,0.014500860124826431,EXP_XGBModel_Alpha158_csi300_custom_step0_s_20260729_13,7f70031f474b4703914815691d7edca6,0.059,,,
1462,2026-07-29,SZ002594,-0.0051621319726109505,EXP_XGBModel_Alpha158_csi300_custom_step0_s_20260729_13,7f70031f474b4703914815691d7edca6,0.059,,,
1463,2026-07-29,SZ002558,0.3550671637058258,EXP_XGBModel_Alpha158_csi300_custom_step0_s_20260729_13,7f70031f474b4703914815691d7edca6,0.059,,,
1464,2026-07-29,SZ002532,-0.0032246499322354794,EXP_XGBModel_Alpha158_csi300_custom_step0_s_20260729_13,7f70031f474b4703914815691d7edca6,0.059,,,
1465,2026-07-29,SZ002493,-0.07549626380205154,EXP_XGBModel_Alpha158_csi300_custom_step0_s_20260729_13,7f70031f474b4703914815691d7edca6,0.059,,,
1466,2026-07-29,SZ002475,-0.09474677592515945,EXP_XGBModel_Alpha158_csi300_custom_step0_s_20260729_13,7f70031f474b4703914815691d7edca6,0.059,,,
1467,2026-07-29,SZ002466,0.06532402336597443,EXP_XGBModel_Alpha158_csi300_custom_step0_s_20260729_13,7f70031f474b4703914815691d7edca6,0.059,,,
1468,2026-07-29,SZ002463,0.23570863902568817,EXP_XGBModel_Alpha158_csi300_custom_step0_s_20260729_13,7f70031f474b4703914815691d7edca6,0.059,,,
1469,2026-07-29,SZ002460,0.10262145847082138,EXP_XGBModel_Alpha158_csi300_custom_step0_s_20260729_13,7f70031f474b4703914815691d7edca6,0.059,,,
1470,2026-07-29,SZ002422,0.19848670065402985,EXP_XGBModel_Alpha158_csi300_custom_step0_s_20260729_13,7f70031f474b4703914815691d7edca6,0.059,,,
1471,2026-07-29,SZ002415,-0.07896146923303604,EXP_XGBModel_Alpha158_csi300_custom_step0_s_20260729_13,7f70031f474b4703914815691d7edca6,0.059,,,
1472,2026-07-29,SZ002384,0.45264020562171936,EXP_XGBModel_Alpha158_csi300_custom_step0_s_20260729_13,7f70031f474b4703914815691d7edca6,0.059,,,
1473,2026-07-29,SZ002353,0.02656887285411358,EXP_XGBModel_Alpha158_csi300_custom_step0_s_20260729_13,7f70031f474b4703914815691d7edca6,0.059,,,
1474,2026-07-29,SH688126,0.18153104186058044,EXP_XGBModel_Alpha158_csi300_custom_step0_s_20260729_13,7f70031f474b4703914815691d7edca6,0.059,,,
1475,2026-07-29,SZ000988,0.25980493426322937,EXP_XGBModel_Alpha158_csi300_custom_step0_s_20260729_13,7f70031f474b4703914815691d7edca6,0.059,,,
1476,2026-07-29,SZ000975,-0.07010477781295776,EXP_XGBModel_Alpha158_csi300_custom_step0_s_20260729_13,7f70031f474b4703914815691d7edca6,0.059,,,
1477,2026-07-29,SZ000333,0.031127648428082466,EXP_XGBModel_Alpha158_csi300_custom_step0_s_20260729_13,7f70031f474b4703914815691d7edca6,0.059,,,
1478,2026-07-29,SZ000301,-0.05760223791003227,EXP_XGBModel_Alpha158_csi300_custom_step0_s_20260729_13,7f70031f474b4703914815691d7edca6,0.059,,,
1479,2026-07-29,SZ000166,0.04008962959051132,EXP_XGBModel_Alpha158_csi300_custom_step0_s_20260729_13,7f70031f474b4703914815691d7edca6,0.059,,,
1480,2026-07-29,SZ000157,0.0033513952512294054,EXP_XGBModel_Alpha158_csi300_custom_step0_s_20260729_13,7f70031f474b4703914815691d7edca6,0.059,,,
1481,2026-07-29,SZ000100,-0.11600055545568466,EXP_XGBModel_Alpha158_csi300_custom_step0_s_20260729_13,7f70031f474b4703914815691d7edca6,0.059,,,
1482,2026-07-29,SZ000063,-0.11943770200014114,EXP_XGBModel_Alpha158_csi300_custom_step0_s_20260729_13,7f70031f474b4703914815691d7edca6,0.059,,,
1483,2026-07-29,SZ000002,-0.004397714510560036,EXP_XGBModel_Alpha158_csi300_custom_step0_s_20260729_13,7f70031f474b4703914815691d7edca6,0.059,,,
1484,2026-07-29,SZ000001,0.032631270587444305,EXP_XGBModel_Alpha158_csi300_custom_step0_s_20260729_13,7f70031f474b4703914815691d7edca6,0.059,,,
1485,2026-07-29,SH688981,0.015295634977519512,EXP_XGBModel_Alpha158_csi300_custom_step0_s_20260729_13,7f70031f474b4703914815691d7edca6,0.059,,,
1486,2026-07-29,SH688521,0.21568667888641357,EXP_XGBModel_Alpha158_csi300_custom_step0_s_20260729_13,7f70031f474b4703914815691d7edca6,0.059,,,
1487,2026-07-29,SH688506,-0.00819358043372631,EXP_XGBModel_Alpha158_csi300_custom_step0_s_20260729_13,7f70031f474b4703914815691d7edca6,0.059,,,
1488,2026-07-29,SH688472,0.008528580889105797,EXP_XGBModel_Alpha158_csi300_custom_step0_s_20260729_13,7f70031f474b4703914815691d7edca6,0.059,,,
1489,2026-07-29,SH688396,0.17811992764472961,EXP_XGBModel_Alpha158_csi300_custom_step0_s_20260729_13,7f70031f474b4703914815691d7edca6,0.059,,,
1490,2026-07-29,SH688303,-0.015101988799870014,EXP_XGBModel_Alpha158_csi300_custom_step0_s_20260729_13,7f70031f474b4703914815691d7edca6,0.059,,,
1491,2026-07-29,SH688271,-0.010923312045633793,EXP_XGBModel_Alpha158_csi300_custom_step0_s_20260729_13,7f70031f474b4703914815691d7edca6,0.059,,,
1492,2026-07-29,SH688256,0.023454513400793076,EXP_XGBModel_Alpha158_csi300_custom_step0_s_20260729_13,7f70031f474b4703914815691d7edca6,0.059,,,
1493,2026-07-29,SH688223,-0.0038336184807121754,EXP_XGBModel_Alpha158_csi300_custom_step0_s_20260729_13,7f70031f474b4703914815691d7edca6,0.059,,,
1494,2026-07-29,SZ000338,0.027715375646948814,EXP_XGBModel_Alpha158_csi300_custom_step0_s_20260729_13,7f70031f474b4703914815691d7edca6,0.059,,,
1495,2026-07-29,SZ000977,0.13086369633674622,EXP_XGBModel_Alpha158_csi300_custom_step0_s_20260729_13,7f70031f474b4703914815691d7edca6,0.059,,,
1496,2026-07-29,SZ000408,-0.05136154592037201,EXP_XGBModel_Alpha158_csi300_custom_step0_s_20260729_13,7f70031f474b4703914815691d7edca6,0.059,,,
1497,2026-07-29,SZ000538,0.01079297810792923,EXP_XGBModel_Alpha158_csi300_custom_step0_s_20260729_13,7f70031f474b4703914815691d7edca6,0.059,,,
1498,2026-07-29,SZ000963,-0.02282693050801754,EXP_XGBModel_Alpha158_csi300_custom_step0_s_20260729_13,7f70031f474b4703914815691d7edca6,0.059,,,
1499,2026-07-29,SZ000938,-0.1214534267783165,EXP_XGBModel_Alpha158_csi300_custom_step0_s_20260729_13,7f70031f474b4703914815691d7edca6,0.059,,,
1500,2026-07-29,SZ000895,0.0031741054262965918,EXP_XGBModel_Alpha158_csi300_custom_step0_s_20260729_13,7f70031f474b4703914815691d7edca6,0.059,,,
1501,2026-07-29,SZ000858,0.00850069709122181,EXP_XGBModel_Alpha158_csi300_custom_step0_s_20260729_13,7f70031f474b4703914815691d7edca6,0.059,,,
1502,2026-07-29,SZ000807,-0.0018211542628705502,EXP_XGBModel_Alpha158_csi300_custom_step0_s_20260729_13,7f70031f474b4703914815691d7edca6,0.059,,,
1503,2026-07-29,SZ000792,-0.07774127274751663,EXP_XGBModel_Alpha158_csi300_custom_step0_s_20260729_13,7f70031f474b4703914815691d7edca6,0.059,,,
1504,2026-07-29,SZ000776,-0.1061570942401886,EXP_XGBModel_Alpha158_csi300_custom_step0_s_20260729_13,7f70031f474b4703914815691d7edca6,0.059,,,
1505,2026-07-29,SZ000768,0.01602219231426716,EXP_XGBModel_Alpha158_csi300_custom_step0_s_20260729_13,7f70031f474b4703914815691d7edca6,0.059,,,
1506,2026-07-29,SZ000725,0.027153871953487396,EXP_XGBModel_Alpha158_csi300_custom_step0_s_20260729_13,7f70031f474b4703914815691d7edca6,0.059,,,
1507,2026-07-29,SZ000708,-0.021884065121412277,EXP_XGBModel_Alpha158_csi300_custom_step0_s_20260729_13,7f70031f474b4703914815691d7edca6,0.059,,,
1508,2026-07-29,SZ000657,0.16077858209609985,EXP_XGBModel_Alpha158_csi300_custom_step0_s_20260729_13,7f70031f474b4703914815691d7edca6,0.059,,,
1509,2026-07-29,SZ000651,0.04490160197019577,EXP_XGBModel_Alpha158_csi300_custom_step0_s_20260729_13,7f70031f474b4703914815691d7edca6,0.059,,,
1510,2026-07-29,SZ000630,-0.05101286247372627,EXP_XGBModel_Alpha158_csi300_custom_step0_s_20260729_13,7f70031f474b4703914815691d7edca6,0.059,,,
1511,2026-07-29,SZ000625,0.00927666388452053,EXP_XGBModel_Alpha158_csi300_custom_step0_s_20260729_13,7f70031f474b4703914815691d7edca6,0.059,,,
1512,2026-07-29,SZ000617,-0.003972954582422972,EXP_XGBModel_Alpha158_csi300_custom_step0_s_20260729_13,7f70031f474b4703914815691d7edca6,0.059,,,
1513,2026-07-29,SZ000596,-0.03821227699518204,EXP_XGBModel_Alpha158_csi300_custom_step0_s_20260729_13,7f70031f474b4703914815691d7edca6,0.059,,,
1514,2026-07-29,SZ000568,-0.016019770875573158,EXP_XGBModel_Alpha158_csi300_custom_step0_s_20260729_13,7f70031f474b4703914815691d7edca6,0.059,,,
1515,2026-07-29,SZ000425,-0.010947502218186855,EXP_XGBModel_Alpha158_csi300_custom_step0_s_20260729_13,7f70031f474b4703914815691d7edca6,0.059,,,
1516,2026-07-29,SH601100,-0.0481058806180954,EXP_XGBModel_Alpha158_csi300_custom_step0_s_20260729_13,7f70031f474b4703914815691d7edca6,0.059,,,
1517,2026-07-29,SH601088,0.0016923013608902693,EXP_XGBModel_Alpha158_csi300_custom_step0_s_20260729_13,7f70031f474b4703914815691d7edca6,0.059,,,
1518,2026-07-29,SH601077,0.007971912622451782,EXP_XGBModel_Alpha158_csi300_custom_step0_s_20260729_13,7f70031f474b4703914815691d7edca6,0.059,,,
1519,2026-07-29,SZ300502,-0.05616573616862297,EXP_XGBModel_Alpha158_csi300_custom_step0_s_20260729_13,8497351977c54eff90790e5826535b3d,0.056,,,
1520,2026-07-29,SZ300498,0.0034108017571270466,EXP_XGBModel_Alpha158_csi300_custom_step0_s_20260729_13,8497351977c54eff90790e5826535b3d,0.056,,,
1521,2026-07-29,SZ300476,0.2483491450548172,EXP_XGBModel_Alpha158_csi300_custom_step0_s_20260729_13,8497351977c54eff90790e5826535b3d,0.056,,,
1522,2026-07-29,SZ300450,0.10609713941812515,EXP_XGBModel_Alpha158_csi300_custom_step0_s_20260729_13,8497351977c54eff90790e5826535b3d,0.056,,,
1523,2026-07-29,SZ300442,0.1056683212518692,EXP_XGBModel_Alpha158_csi300_custom_step0_s_20260729_13,8497351977c54eff90790e5826535b3d,0.056,,,
1524,2026-07-29,SZ300433,0.2113073468208313,EXP_XGBModel_Alpha158_csi300_custom_step0_s_20260729_13,8497351977c54eff90790e5826535b3d,0.056,,,
1525,2026-07-29,SZ300418,-0.11945316195487976,EXP_XGBModel_Alpha158_csi300_custom_step0_s_20260729_13,8497351977c54eff90790e5826535b3d,0.056,,,
1526,2026-07-29,SZ300413,0.013463412411510944,EXP_XGBModel_Alpha158_csi300_custom_step0_s_20260729_13,8497351977c54eff90790e5826535b3d,0.056,,,
1527,2026-07-29,SZ300408,0.42907217144966125,EXP_XGBModel_Alpha158_csi300_custom_step0_s_20260729_13,8497351977c54eff90790e5826535b3d,0.056,,,
1528,2026-07-29,SZ300394,0.3332262635231018,EXP_XGBModel_Alpha158_csi300_custom_step0_s_20260729_13,8497351977c54eff90790e5826535b3d,0.056,,,
1529,2026-07-29,SZ300316,0.14689534902572632,EXP_XGBModel_Alpha158_csi300_custom_step0_s_20260729_13,8497351977c54eff90790e5826535b3d,0.056,,,
1530,2026-07-29,SZ300308,0.129802405834198,EXP_XGBModel_Alpha158_csi300_custom_step0_s_20260729_13,8497351977c54eff90790e5826535b3d,0.056,,,
1531,2026-07-29,SZ300274,0.23940294981002808,EXP_XGBModel_Alpha158_csi300_custom_step0_s_20260729_13,8497351977c54eff90790e5826535b3d,0.056,,,
1532,2026-07-29,SZ300251,-0.032743629068136215,EXP_XGBModel_Alpha158_csi300_custom_step0_s_20260729_13,8497351977c54eff90790e5826535b3d,0.056,,,
1533,2026-07-29,SZ300124,-0.010625824332237244,EXP_XGBModel_Alpha158_csi300_custom_step0_s_20260729_13,8497351977c54eff90790e5826535b3d,0.056,,,
1534,2026-07-29,SZ300122,-0.016215376555919647,EXP_XGBModel_Alpha158_csi300_custom_step0_s_20260729_13,8497351977c54eff90790e5826535b3d,0.056,,,
1535,2026-07-29,SZ300059,-0.038788214325904846,EXP_XGBModel_Alpha158_csi300_custom_step0_s_20260729_13,8497351977c54eff90790e5826535b3d,0.056,,,
1536,2026-07-29,SZ300628,-0.07238174974918365,EXP_XGBModel_Alpha158_csi300_custom_step0_s_20260729_13,8497351977c54eff90790e5826535b3d,0.056,,,
1537,2026-07-29,SZ300033,-0.08263052254915237,EXP_XGBModel_Alpha158_csi300_custom_step0_s_20260729_13,8497351977c54eff90790e5826535b3d,0.056,,,
1538,2026-07-29,SZ300661,0.07603306323289871,EXP_XGBModel_Alpha158_csi300_custom_step0_s_20260729_13,8497351977c54eff90790e5826535b3d,0.056,,,
1539,2026-07-29,SZ300760,0.0036608336959034204,EXP_XGBModel_Alpha158_csi300_custom_step0_s_20260729_13,8497351977c54eff90790e5826535b3d,0.056,,,
1540,2026-07-29,SH600018,0.034339599311351776,EXP_XGBModel_Alpha158_csi300_custom_step0_s_20260729_13,7f70031f474b4703914815691d7edca6,0.059,,,
1541,2026-07-29,SH600016,0.03486320376396179,EXP_XGBModel_Alpha158_csi300_custom_step0_s_20260729_13,7f70031f474b4703914815691d7edca6,0.059,,,
1542,2026-07-29,SH600015,0.06743784248828888,EXP_XGBModel_Alpha158_csi300_custom_step0_s_20260729_13,7f70031f474b4703914815691d7edca6,0.059,,,
1543,2026-07-29,SH600011,-0.02097061648964882,EXP_XGBModel_Alpha158_csi300_custom_step0_s_20260729_13,7f70031f474b4703914815691d7edca6,0.059,,,
1544,2026-07-29,SH600010,-0.0072893970645964146,EXP_XGBModel_Alpha158_csi300_custom_step0_s_20260729_13,7f70031f474b4703914815691d7edca6,0.059,,,
1545,2026-07-29,SH600009,0.016680171713232994,EXP_XGBModel_Alpha158_csi300_custom_step0_s_20260729_13,7f70031f474b4703914815691d7edca6,0.059,,,
1546,2026-07-29,SH600000,0.044182002544403076,EXP_XGBModel_Alpha158_csi300_custom_step0_s_20260729_13,7f70031f474b4703914815691d7edca6,0.059,,,
1547,2026-07-29,SZ302132,0.008186905644834042,EXP_XGBModel_Alpha158_csi300_custom_step0_s_20260729_13,8497351977c54eff90790e5826535b3d,0.056,,,
1548,2026-07-29,SZ301308,0.26469913125038147,EXP_XGBModel_Alpha158_csi300_custom_step0_s_20260729_13,8497351977c54eff90790e5826535b3d,0.056,,,
1549,2026-07-29,SZ301269,-0.07188668847084045,EXP_XGBModel_Alpha158_csi300_custom_step0_s_20260729_13,8497351977c54eff90790e5826535b3d,0.056,,,
1550,2026-07-29,SZ301236,-0.14409548044204712,EXP_XGBModel_Alpha158_csi300_custom_step0_s_20260729_13,8497351977c54eff90790e5826535b3d,0.056,,,
1551,2026-07-29,SZ301165,0.14496035873889923,EXP_XGBModel_Alpha158_csi300_custom_step0_s_20260729_13,8497351977c54eff90790e5826535b3d,0.056,,,
1552,2026-07-29,SZ300999,0.021328745409846306,EXP_XGBModel_Alpha158_csi300_custom_step0_s_20260729_13,8497351977c54eff90790e5826535b3d,0.056,,,
1553,2026-07-29,SZ300896,0.05261583253741264,EXP_XGBModel_Alpha158_csi300_custom_step0_s_20260729_13,8497351977c54eff90790e5826535b3d,0.056,,,
1554,2026-07-29,SZ300866,0.056704793125391006,EXP_XGBModel_Alpha158_csi300_custom_step0_s_20260729_13,8497351977c54eff90790e5826535b3d,0.056,,,
1555,2026-07-29,SZ300832,0.02355194464325905,EXP_XGBModel_Alpha158_csi300_custom_step0_s_20260729_13,8497351977c54eff90790e5826535b3d,0.056,,,
1556,2026-07-29,SZ300803,0.0652979388833046,EXP_XGBModel_Alpha158_csi300_custom_step0_s_20260729_13,8497351977c54eff90790e5826535b3d,0.056,,,
1557,2026-07-29,SZ300750,-0.05793847516179085,EXP_XGBModel_Alpha158_csi300_custom_step0_s_20260729_13,8497351977c54eff90790e5826535b3d,0.056,,,
1558,2026-07-29,SH600019,0.004468079656362534,EXP_XGBModel_Alpha158_csi300_custom_step0_s_20260729_13,7f70031f474b4703914815691d7edca6,0.059,,,
1559,2026-07-29,SZ300015,-0.0032648965716362,EXP_XGBModel_Alpha158_csi300_custom_step0_s_20260729_13,8497351977c54eff90790e5826535b3d,0.056,,,
1560,2026-07-29,SZ003816,0.017378566786646843,EXP_XGBModel_Alpha158_csi300_custom_step0_s_20260729_13,8497351977c54eff90790e5826535b3d,0.056,,,
1561,2026-07-29,SZ002384,0.1233774796128273,EXP_XGBModel_Alpha158_csi300_custom_step0_s_20260729_13,8497351977c54eff90790e5826535b3d,0.056,,,
1562,2026-07-29,SZ002371,-0.07516378164291382,EXP_XGBModel_Alpha158_csi300_custom_step0_s_20260729_13,8497351977c54eff90790e5826535b3d,0.056,,,
1563,2026-07-29,SZ002353,-0.011565187014639378,EXP_XGBModel_Alpha158_csi300_custom_step0_s_20260729_13,8497351977c54eff90790e5826535b3d,0.056,,,
1564,2026-07-29,SZ002352,0.023627016693353653,EXP_XGBModel_Alpha158_csi300_custom_step0_s_20260729_13,8497351977c54eff90790e5826535b3d,0.056,,,
1565,2026-07-29,SZ002311,-0.007498148828744888,EXP_XGBModel_Alpha158_csi300_custom_step0_s_20260729_13,8497351977c54eff90790e5826535b3d,0.056,,,
1566,2026-07-29,SZ002304,-0.013801496475934982,EXP_XGBModel_Alpha158_csi300_custom_step0_s_20260729_13,8497351977c54eff90790e5826535b3d,0.056,,,
1567,2026-07-29,SZ002241,0.005725407972931862,EXP_XGBModel_Alpha158_csi300_custom_step0_s_20260729_13,8497351977c54eff90790e5826535b3d,0.056,,,
1568,2026-07-29,SZ002236,-0.013307965360581875,EXP_XGBModel_Alpha158_csi300_custom_step0_s_20260729_13,8497351977c54eff90790e5826535b3d,0.056,,,
1569,2026-07-29,SZ002230,-0.03899158909916878,EXP_XGBModel_Alpha158_csi300_custom_step0_s_20260729_13,8497351977c54eff90790e5826535b3d,0.056,,,
1570,2026-07-29,SZ002202,0.02768321894109249,EXP_XGBModel_Alpha158_csi300_custom_step0_s_20260729_13,8497351977c54eff90790e5826535b3d,0.056,,,
1571,2026-07-29,SZ002179,-0.02507692389190197,EXP_XGBModel_Alpha158_csi300_custom_step0_s_20260729_13,8497351977c54eff90790e5826535b3d,0.056,,,
1572,2026-07-29,SZ002142,0.02219243533909321,EXP_XGBModel_Alpha158_csi300_custom_step0_s_20260729_13,8497351977c54eff90790e5826535b3d,0.056,,,
1573,2026-07-29,SZ002074,-0.010578499175608158,EXP_XGBModel_Alpha158_csi300_custom_step0_s_20260729_13,8497351977c54eff90790e5826535b3d,0.056,,,
1574,2026-07-29,SZ002050,-0.03133808448910713,EXP_XGBModel_Alpha158_csi300_custom_step0_s_20260729_13,8497351977c54eff90790e5826535b3d,0.056,,,
1575,2026-07-29,SZ002049,-0.015771834179759026,EXP_XGBModel_Alpha158_csi300_custom_step0_s_20260729_13,8497351977c54eff90790e5826535b3d,0.056,,,
1576,2026-07-29,SZ002028,-0.08904612809419632,EXP_XGBModel_Alpha158_csi300_custom_step0_s_20260729_13,8497351977c54eff90790e5826535b3d,0.056,,,
1577,2026-07-29,SZ002027,-0.012411168776452541,EXP_XGBModel_Alpha158_csi300_custom_step0_s_20260729_13,8497351977c54eff90790e5826535b3d,0.056,,,
1578,2026-07-29,SZ002415,-0.04084395244717598,EXP_XGBModel_Alpha158_csi300_custom_step0_s_20260729_13,8497351977c54eff90790e5826535b3d,0.056,,,
1579,2026-07-29,SZ300014,-0.0007394193671643734,EXP_XGBModel_Alpha158_csi300_custom_step0_s_20260729_13,8497351977c54eff90790e5826535b3d,0.056,,,
1580,2026-07-29,SZ002422,0.1065717414021492,EXP_XGBModel_Alpha158_csi300_custom_step0_s_20260729_13,8497351977c54eff90790e5826535b3d,0.056,,,
1581,2026-07-29,SZ002463,-0.017135273665189743,EXP_XGBModel_Alpha158_csi300_custom_step0_s_20260729_13,8497351977c54eff90790e5826535b3d,0.056,,,
1582,2026-07-29,SZ002938,-0.0030519142746925354,EXP_XGBModel_Alpha158_csi300_custom_step0_s_20260729_13,8497351977c54eff90790e5826535b3d,0.056,,,
1583,2026-07-29,SZ002920,0.0027109473012387753,EXP_XGBModel_Alpha158_csi300_custom_step0_s_20260729_13,8497351977c54eff90790e5826535b3d,0.056,,,
1584,2026-07-29,SZ002916,0.04095720872282982,EXP_XGBModel_Alpha158_csi300_custom_step0_s_20260729_13,8497351977c54eff90790e5826535b3d,0.056,,,
1585,2026-07-29,SZ002837,0.12748827040195465,EXP_XGBModel_Alpha158_csi300_custom_step0_s_20260729_13,8497351977c54eff90790e5826535b3d,0.056,,,
1586,2026-07-29,SZ002736,0.03617274761199951,EXP_XGBModel_Alpha158_csi300_custom_step0_s_20260729_13,8497351977c54eff90790e5826535b3d,0.056,,,
1587,2026-07-29,SZ002714,-0.023226775228977203,EXP_XGBModel_Alpha158_csi300_custom_step0_s_20260729_13,8497351977c54eff90790e5826535b3d,0.056,,,
1588,2026-07-29,SZ002709,0.17721958458423615,EXP_XGBModel_Alpha158_csi300_custom_step0_s_20260729_13,8497351977c54eff90790e5826535b3d,0.056,,,
1589,2026-07-29,SZ002648,-0.0709150955080986,EXP_XGBModel_Alpha158_csi300_custom_step0_s_20260729_13,8497351977c54eff90790e5826535b3d,0.056,,,
1590,2026-07-29,SZ002625,-0.07274508476257324,EXP_XGBModel_Alpha158_csi300_custom_step0_s_20260729_13,8497351977c54eff90790e5826535b3d,0.056,,,
1591,2026-07-29,SZ002602,0.017777705565094948,EXP_XGBModel_Alpha158_csi300_custom_step0_s_20260729_13,8497351977c54eff90790e5826535b3d,0.056,,,
1592,2026-07-29,SZ002600,0.15469852089881897,EXP_XGBModel_Alpha158_csi300_custom_step0_s_20260729_13,8497351977c54eff90790e5826535b3d,0.056,,,
1593,2026-07-29,SZ002594,0.00560731440782547,EXP_XGBModel_Alpha158_csi300_custom_step0_s_20260729_13,8497351977c54eff90790e5826535b3d,0.056,,,
1594,2026-07-29,SZ002558,0.4482893645763397,EXP_XGBModel_Alpha158_csi300_custom_step0_s_20260729_13,8497351977c54eff90790e5826535b3d,0.056,,,
1595,2026-07-29,SZ002532,0.010090780444443226,EXP_XGBModel_Alpha158_csi300_custom_step0_s_20260729_13,8497351977c54eff90790e5826535b3d,0.056,,,
1596,2026-07-29,SZ002493,-0.04980124905705452,EXP_XGBModel_Alpha158_csi300_custom_step0_s_20260729_13,8497351977c54eff90790e5826535b3d,0.056,,,
1597,2026-07-29,SZ002475,-0.05879446491599083,EXP_XGBModel_Alpha158_csi300_custom_step0_s_20260729_13,8497351977c54eff90790e5826535b3d,0.056,,,
1598,2026-07-29,SZ002466,0.10488501936197281,EXP_XGBModel_Alpha158_csi300_custom_step0_s_20260729_13,8497351977c54eff90790e5826535b3d,0.056,,,
1599,2026-07-29,SZ002460,0.13993775844573975,EXP_XGBModel_Alpha158_csi300_custom_step0_s_20260729_13,8497351977c54eff90790e5826535b3d,0.056,,,
1600,2026-07-29,SH600023,0.008074125275015831,EXP_XGBModel_Alpha158_csi300_custom_step0_s_20260729_13,7f70031f474b4703914815691d7edca6,0.059,,,
1601,2026-07-29,SH600025,0.021469412371516228,EXP_XGBModel_Alpha158_csi300_custom_step0_s_20260729_13,7f70031f474b4703914815691d7edca6,0.059,,,
1602,2026-07-29,SH600026,0.06003404036164284,EXP_XGBModel_Alpha158_csi300_custom_step0_s_20260729_13,7f70031f474b4703914815691d7edca6,0.059,,,
1603,2026-07-29,SH600886,0.01151965744793415,EXP_XGBModel_Alpha158_csi300_custom_step0_s_20260729_13,7f70031f474b4703914815691d7edca6,0.059,,,
1604,2026-07-29,SH600875,-0.056617338210344315,EXP_XGBModel_Alpha158_csi300_custom_step0_s_20260729_13,7f70031f474b4703914815691d7edca6,0.059,,,
1605,2026-07-29,SH600845,-0.008257429115474224,EXP_XGBModel_Alpha158_csi300_custom_step0_s_20260729_13,7f70031f474b4703914815691d7edca6,0.059,,,
1606,2026-07-29,SH600809,-0.03637531399726868,EXP_XGBModel_Alpha158_csi300_custom_step0_s_20260729_13,7f70031f474b4703914815691d7edca6,0.059,,,
1607,2026-07-29,SH600803,-0.08744299411773682,EXP_XGBModel_Alpha158_csi300_custom_step0_s_20260729_13,7f70031f474b4703914815691d7edca6,0.059,,,
1608,2026-07-29,SH600795,0.025025129318237305,EXP_XGBModel_Alpha158_csi300_custom_step0_s_20260729_13,7f70031f474b4703914815691d7edca6,0.059,,,
1609,2026-07-29,SH600760,-0.028237631544470787,EXP_XGBModel_Alpha158_csi300_custom_step0_s_20260729_13,7f70031f474b4703914815691d7edca6,0.059,,,
1610,2026-07-29,SH600741,0.004142701625823975,EXP_XGBModel_Alpha158_csi300_custom_step0_s_20260729_13,7f70031f474b4703914815691d7edca6,0.059,,,
1611,2026-07-29,SH600690,0.029738571494817734,EXP_XGBModel_Alpha158_csi300_custom_step0_s_20260729_13,7f70031f474b4703914815691d7edca6,0.059,,,
1612,2026-07-29,SH600674,0.02421240694820881,EXP_XGBModel_Alpha158_csi300_custom_step0_s_20260729_13,7f70031f474b4703914815691d7edca6,0.059,,,
1613,2026-07-29,SH600660,-0.033142488449811935,EXP_XGBModel_Alpha158_csi300_custom_step0_s_20260729_13,7f70031f474b4703914815691d7edca6,0.059,,,
1614,2026-07-29,SH600600,-0.009220186620950699,EXP_XGBModel_Alpha158_csi300_custom_step0_s_20260729_13,7f70031f474b4703914815691d7edca6,0.059,,,
1615,2026-07-29,SH600588,0.0002453685738146305,EXP_XGBModel_Alpha158_csi300_custom_step0_s_20260729_13,7f70031f474b4703914815691d7edca6,0.059,,,
1616,2026-07-29,SH600585,0.006855994928628206,EXP_XGBModel_Alpha158_csi300_custom_step0_s_20260729_13,7f70031f474b4703914815691d7edca6,0.059,,,
1617,2026-07-29,SH600584,0.21700118482112885,EXP_XGBModel_Alpha158_csi300_custom_step0_s_20260729_13,7f70031f474b4703914815691d7edca6,0.059,,,
1618,2026-07-29,SH600570,-0.010066119953989983,EXP_XGBModel_Alpha158_csi300_custom_step0_s_20260729_13,7f70031f474b4703914815691d7edca6,0.059,,,
1619,2026-07-29,SH600549,0.1836692839860916,EXP_XGBModel_Alpha158_csi300_custom_step0_s_20260729_13,7f70031f474b4703914815691d7edca6,0.059,,,
1620,2026-07-29,SH600887,0.024637075141072273,EXP_XGBModel_Alpha158_csi300_custom_step0_s_20260729_13,7f70031f474b4703914815691d7edca6,0.059,,,
1621,2026-07-29,SH600547,-0.06516310572624207,EXP_XGBModel_Alpha158_csi300_custom_step0_s_20260729_13,7f70031f474b4703914815691d7edca6,0.059,,,
1622,2026-07-29,SH600893,0.012716894038021564,EXP_XGBModel_Alpha158_csi300_custom_step0_s_20260729_13,7f70031f474b4703914815691d7edca6,0.059,,,
1623,2026-07-29,SH600905,0.007573956158012152,EXP_XGBModel_Alpha158_csi300_custom_step0_s_20260729_13,7f70031f474b4703914815691d7edca6,0.059,,,
1624,2026-07-29,SH601066,-0.02475072629749775,EXP_XGBModel_Alpha158_csi300_custom_step0_s_20260729_13,7f70031f474b4703914815691d7edca6,0.059,,,
1625,2026-07-29,SH601059,0.017529087141156197,EXP_XGBModel_Alpha158_csi300_custom_step0_s_20260729_13,7f70031f474b4703914815691d7edca6,0.059,,,
1626,2026-07-29,SH601058,-0.0058722831308841705,EXP_XGBModel_Alpha158_csi300_custom_step0_s_20260729_13,7f70031f474b4703914815691d7edca6,0.059,,,
1627,2026-07-29,SH601021,0.039835087954998016,EXP_XGBModel_Alpha158_csi300_custom_step0_s_20260729_13,7f70031f474b4703914815691d7edca6,0.059,,,
1628,2026-07-29,SH601018,0.01775210350751877,EXP_XGBModel_Alpha158_csi300_custom_step0_s_20260729_13,7f70031f474b4703914815691d7edca6,0.059,,,
1629,2026-07-29,SH601012,-0.026785975322127342,EXP_XGBModel_Alpha158_csi300_custom_step0_s_20260729_13,7f70031f474b4703914815691d7edca6,0.059,,,
1630,2026-07-29,SH601009,0.030206462368369102,EXP_XGBModel_Alpha158_csi300_custom_step0_s_20260729_13,7f70031f474b4703914815691d7edca6,0.059,,,
1631,2026-07-29,SH601006,0.011420554481446743,EXP_XGBModel_Alpha158_csi300_custom_step0_s_20260729_13,7f70031f474b4703914815691d7edca6,0.059,,,
1632,2026-07-29,SH600999,-0.11322867125272751,EXP_XGBModel_Alpha158_csi300_custom_step0_s_20260729_13,7f70031f474b4703914815691d7edca6,0.059,,,
1633,2026-07-29,SH600989,-0.0010544545948505402,EXP_XGBModel_Alpha158_csi300_custom_step0_s_20260729_13,7f70031f474b4703914815691d7edca6,0.059,,,
1634,2026-07-29,SH600958,0.01047382690012455,EXP_XGBModel_Alpha158_csi300_custom_step0_s_20260729_13,7f70031f474b4703914815691d7edca6,0.059,,,
1635,2026-07-29,SH600941,0.04506171867251396,EXP_XGBModel_Alpha158_csi300_custom_step0_s_20260729_13,7f70031f474b4703914815691d7edca6,0.059,,,
1636,2026-07-29,SH600938,0.03974208980798721,EXP_XGBModel_Alpha158_csi300_custom_step0_s_20260729_13,7f70031f474b4703914815691d7edca6,0.059,,,
1637,2026-07-29,SH600930,0.012948857620358467,EXP_XGBModel_Alpha158_csi300_custom_step0_s_20260729_13,7f70031f474b4703914815691d7edca6,0.059,,,
1638,2026-07-29,SH600926,0.030816638842225075,EXP_XGBModel_Alpha158_csi300_custom_step0_s_20260729_13,7f70031f474b4703914815691d7edca6,0.059,,,
1639,2026-07-29,SH600919,0.06901448220014572,EXP_XGBModel_Alpha158_csi300_custom_step0_s_20260729_13,7f70031f474b4703914815691d7edca6,0.059,,,
1640,2026-07-29,SH600918,-0.01951497606933117,EXP_XGBModel_Alpha158_csi300_custom_step0_s_20260729_13,7f70031f474b4703914815691d7edca6,0.059,,,
1641,2026-07-29,SH600900,0.034107767045497894,EXP_XGBModel_Alpha158_csi300_custom_step0_s_20260729_13,7f70031f474b4703914815691d7edca6,0.059,,,
1642,2026-07-29,SH600522,0.09693960845470428,EXP_XGBModel_Alpha158_csi300_custom_step0_s_20260729_13,7f70031f474b4703914815691d7edca6,0.059,,,
1643,2026-07-29,SH600519,0.006207096856087446,EXP_XGBModel_Alpha158_csi300_custom_step0_s_20260729_13,7f70031f474b4703914815691d7edca6,0.059,,,
1644,2026-07-29,SH600515,0.0418834388256073,EXP_XGBModel_Alpha158_csi300_custom_step0_s_20260729_13,7f70031f474b4703914815691d7edca6,0.059,,,
1645,2026-07-29,SH600118,0.13060134649276733,EXP_XGBModel_Alpha158_csi300_custom_step0_s_20260729_13,7f70031f474b4703914815691d7edca6,0.059,,,
1646,2026-07-29,SH600115,-0.014888856559991837,EXP_XGBModel_Alpha158_csi300_custom_step0_s_20260729_13,7f70031f474b4703914815691d7edca6,0.059,,,
1647,2026-07-29,SH600111,-0.009896105155348778,EXP_XGBModel_Alpha158_csi300_custom_step0_s_20260729_13,7f70031f474b4703914815691d7edca6,0.059,,,
1648,2026-07-29,SH600104,0.008768654428422451,EXP_XGBModel_Alpha158_csi300_custom_step0_s_20260729_13,7f70031f474b4703914815691d7edca6,0.059,,,
1649,2026-07-29,SH600089,-0.005955373868346214,EXP_XGBModel_Alpha158_csi300_custom_step0_s_20260729_13,7f70031f474b4703914815691d7edca6,0.059,,,
1650,2026-07-29,SH600085,-0.018589477986097336,EXP_XGBModel_Alpha158_csi300_custom_step0_s_20260729_13,7f70031f474b4703914815691d7edca6,0.059,,,
1651,2026-07-29,SH600066,-0.017475420609116554,EXP_XGBModel_Alpha158_csi300_custom_step0_s_20260729_13,7f70031f474b4703914815691d7edca6,0.059,,,
1652,2026-07-29,SH600061,0.04426223412156105,EXP_XGBModel_Alpha158_csi300_custom_step0_s_20260729_13,7f70031f474b4703914815691d7edca6,0.059,,,
1653,2026-07-29,SH600050,0.012408622540533543,EXP_XGBModel_Alpha158_csi300_custom_step0_s_20260729_13,7f70031f474b4703914815691d7edca6,0.059,,,
1654,2026-07-29,SH600048,0.003702382557094097,EXP_XGBModel_Alpha158_csi300_custom_step0_s_20260729_13,7f70031f474b4703914815691d7edca6,0.059,,,
1655,2026-07-29,SH600039,0.01564633473753929,EXP_XGBModel_Alpha158_csi300_custom_step0_s_20260729_13,7f70031f474b4703914815691d7edca6,0.059,,,
1656,2026-07-29,SH600036,0.04162968695163727,EXP_XGBModel_Alpha158_csi300_custom_step0_s_20260729_13,7f70031f474b4703914815691d7edca6,0.059,,,
1657,2026-07-29,SH600031,-0.09008932113647461,EXP_XGBModel_Alpha158_csi300_custom_step0_s_20260729_13,7f70031f474b4703914815691d7edca6,0.059,,,
1658,2026-07-29,SH600030,-0.014962000772356987,EXP_XGBModel_Alpha158_csi300_custom_step0_s_20260729_13,7f70031f474b4703914815691d7edca6,0.059,,,
1659,2026-07-29,SH600029,-8.595880353823304e-05,EXP_XGBModel_Alpha158_csi300_custom_step0_s_20260729_13,7f70031f474b4703914815691d7edca6,0.059,,,
1660,2026-07-29,SH600028,0.0160154327750206,EXP_XGBModel_Alpha158_csi300_custom_step0_s_20260729_13,7f70031f474b4703914815691d7edca6,0.059,,,
1661,2026-07-29,SH600027,-0.013890169560909271,EXP_XGBModel_Alpha158_csi300_custom_step0_s_20260729_13,7f70031f474b4703914815691d7edca6,0.059,,,
1662,2026-07-29,SH600150,-0.0056221019476652145,EXP_XGBModel_Alpha158_csi300_custom_step0_s_20260729_13,7f70031f474b4703914815691d7edca6,0.059,,,
1663,2026-07-29,SH600160,-0.01017159316688776,EXP_XGBModel_Alpha158_csi300_custom_step0_s_20260729_13,7f70031f474b4703914815691d7edca6,0.059,,,
1664,2026-07-29,SH600176,0.22462666034698486,EXP_XGBModel_Alpha158_csi300_custom_step0_s_20260729_13,7f70031f474b4703914815691d7edca6,0.059,,,
1665,2026-07-29,SH600183,0.40218818187713623,EXP_XGBModel_Alpha158_csi300_custom_step0_s_20260729_13,7f70031f474b4703914815691d7edca6,0.059,,,
1666,2026-07-29,SH600489,-0.06843094527721405,EXP_XGBModel_Alpha158_csi300_custom_step0_s_20260729_13,7f70031f474b4703914815691d7edca6,0.059,,,
1667,2026-07-29,SH600482,-0.04503168165683746,EXP_XGBModel_Alpha158_csi300_custom_step0_s_20260729_13,7f70031f474b4703914815691d7edca6,0.059,,,
1668,2026-07-29,SH600460,0.3005967140197754,EXP_XGBModel_Alpha158_csi300_custom_step0_s_20260729_13,7f70031f474b4703914815691d7edca6,0.059,,,
1669,2026-07-29,SH600438,0.008176837116479874,EXP_XGBModel_Alpha158_csi300_custom_step0_s_20260729_13,7f70031f474b4703914815691d7edca6,0.059,,,
1670,2026-07-29,SH600436,0.007362405303865671,EXP_XGBModel_Alpha158_csi300_custom_step0_s_20260729_13,7f70031f474b4703914815691d7edca6,0.059,,,
1671,2026-07-29,SH600426,-0.0490981787443161,EXP_XGBModel_Alpha158_csi300_custom_step0_s_20260729_13,7f70031f474b4703914815691d7edca6,0.059,,,
1672,2026-07-29,SH600415,-0.010567739605903625,EXP_XGBModel_Alpha158_csi300_custom_step0_s_20260729_13,7f70031f474b4703914815691d7edca6,0.059,,,
1673,2026-07-29,SH600406,-0.03323758393526077,EXP_XGBModel_Alpha158_csi300_custom_step0_s_20260729_13,7f70031f474b4703914815691d7edca6,0.059,,,
1674,2026-07-29,SZ002736,0.040849775075912476,EXP_XGBModel_Alpha158_csi300_custom_step0_s_20260729_13,7f70031f474b4703914815691d7edca6,0.059,,,
1675,2026-07-29,SH600372,0.030228391289711,EXP_XGBModel_Alpha158_csi300_custom_step0_s_20260729_13,7f70031f474b4703914815691d7edca6,0.059,,,
1676,2026-07-29,SH600346,-0.006697361823171377,EXP_XGBModel_Alpha158_csi300_custom_step0_s_20260729_13,7f70031f474b4703914815691d7edca6,0.059,,,
1677,2026-07-29,SH600309,-0.03686956316232681,EXP_XGBModel_Alpha158_csi300_custom_step0_s_20260729_13,7f70031f474b4703914815691d7edca6,0.059,,,
1678,2026-07-29,SH600276,-0.1232995092868805,EXP_XGBModel_Alpha158_csi300_custom_step0_s_20260729_13,7f70031f474b4703914815691d7edca6,0.059,,,
1679,2026-07-29,SH600233,-0.02499452605843544,EXP_XGBModel_Alpha158_csi300_custom_step0_s_20260729_13,7f70031f474b4703914815691d7edca6,0.059,,,
1680,2026-07-29,SH600221,0.01030099019408226,EXP_XGBModel_Alpha158_csi300_custom_step0_s_20260729_13,7f70031f474b4703914815691d7edca6,0.059,,,
1681,2026-07-29,SH600219,-0.03345080465078354,EXP_XGBModel_Alpha158_csi300_custom_step0_s_20260729_13,7f70031f474b4703914815691d7edca6,0.059,,,
1682,2026-07-29,SH600196,-0.028469648212194443,EXP_XGBModel_Alpha158_csi300_custom_step0_s_20260729_13,7f70031f474b4703914815691d7edca6,0.059,,,
1683,2026-07-29,SH600188,0.0004403506754897535,EXP_XGBModel_Alpha158_csi300_custom_step0_s_20260729_13,7f70031f474b4703914815691d7edca6,0.059,,,
1684,2026-07-29,SH600362,-0.06041571870446205,EXP_XGBModel_Alpha158_csi300_custom_step0_s_20260729_13,7f70031f474b4703914815691d7edca6,0.059,,,
1685,2026-07-29,SZ002837,0.1054377630352974,EXP_XGBModel_Alpha158_csi300_custom_step0_s_20260729_13,7f70031f474b4703914815691d7edca6,0.059,,,
1686,2026-07-29,SZ002916,0.1918407529592514,EXP_XGBModel_Alpha158_csi300_custom_step0_s_20260729_13,7f70031f474b4703914815691d7edca6,0.059,,,
1687,2026-07-29,SZ002920,0.017622243613004684,EXP_XGBModel_Alpha158_csi300_custom_step0_s_20260729_13,7f70031f474b4703914815691d7edca6,0.059,,,
1688,2026-07-29,SZ000063,-0.1013878658413887,EXP_XGBModel_Alpha158_csi300_custom_step0_s_20260729_13,c7f464ce2b6940e69d83f2689b297a4e,0.078,,,
1689,2026-07-29,SZ000002,-0.05943017825484276,EXP_XGBModel_Alpha158_csi300_custom_step0_s_20260729_13,c7f464ce2b6940e69d83f2689b297a4e,0.078,,,
1690,2026-07-29,SZ000001,0.01971040666103363,EXP_XGBModel_Alpha158_csi300_custom_step0_s_20260729_13,c7f464ce2b6940e69d83f2689b297a4e,0.078,,,
1691,2026-07-29,SH688981,0.003995837178081274,EXP_XGBModel_Alpha158_csi300_custom_step0_s_20260729_13,c7f464ce2b6940e69d83f2689b297a4e,0.078,,,
1692,2026-07-29,SH688521,0.1052241250872612,EXP_XGBModel_Alpha158_csi300_custom_step0_s_20260729_13,c7f464ce2b6940e69d83f2689b297a4e,0.078,,,
1693,2026-07-29,SH688506,-0.018774505704641342,EXP_XGBModel_Alpha158_csi300_custom_step0_s_20260729_13,c7f464ce2b6940e69d83f2689b297a4e,0.078,,,
1694,2026-07-29,SH688472,-0.05529247596859932,EXP_XGBModel_Alpha158_csi300_custom_step0_s_20260729_13,c7f464ce2b6940e69d83f2689b297a4e,0.078,,,
1695,2026-07-29,SH688396,0.16144226491451263,EXP_XGBModel_Alpha158_csi300_custom_step0_s_20260729_13,c7f464ce2b6940e69d83f2689b297a4e,0.078,,,
1696,2026-07-29,SH688303,-0.037674304097890854,EXP_XGBModel_Alpha158_csi300_custom_step0_s_20260729_13,c7f464ce2b6940e69d83f2689b297a4e,0.078,,,
1697,2026-07-29,SH688271,-0.020705435425043106,EXP_XGBModel_Alpha158_csi300_custom_step0_s_20260729_13,c7f464ce2b6940e69d83f2689b297a4e,0.078,,,
1698,2026-07-29,SH688256,0.09742408245801926,EXP_XGBModel_Alpha158_csi300_custom_step0_s_20260729_13,c7f464ce2b6940e69d83f2689b297a4e,0.078,,,
1699,2026-07-29,SH688223,-0.027351945638656616,EXP_XGBModel_Alpha158_csi300_custom_step0_s_20260729_13,c7f464ce2b6940e69d83f2689b297a4e,0.078,,,
1700,2026-07-29,SH688183,0.2044876366853714,EXP_XGBModel_Alpha158_csi300_custom_step0_s_20260729_13,c7f464ce2b6940e69d83f2689b297a4e,0.078,,,
1701,2026-07-29,SH688126,0.11492053419351578,EXP_XGBModel_Alpha158_csi300_custom_step0_s_20260729_13,c7f464ce2b6940e69d83f2689b297a4e,0.078,,,
1702,2026-07-29,SH688111,-0.10781493037939072,EXP_XGBModel_Alpha158_csi300_custom_step0_s_20260729_13,c7f464ce2b6940e69d83f2689b297a4e,0.078,,,
1703,2026-07-29,SH688082,-0.17274042963981628,EXP_XGBModel_Alpha158_csi300_custom_step0_s_20260729_13,c7f464ce2b6940e69d83f2689b297a4e,0.078,,,
1704,2026-07-29,SH688072,-0.09203833341598511,EXP_XGBModel_Alpha158_csi300_custom_step0_s_20260729_13,c7f464ce2b6940e69d83f2689b297a4e,0.078,,,
1705,2026-07-29,SZ000100,-0.08734112232923508,EXP_XGBModel_Alpha158_csi300_custom_step0_s_20260729_13,c7f464ce2b6940e69d83f2689b297a4e,0.078,,,
1706,2026-07-29,SH688047,-0.010131203569471836,EXP_XGBModel_Alpha158_csi300_custom_step0_s_20260729_13,c7f464ce2b6940e69d83f2689b297a4e,0.078,,,
1707,2026-07-29,SZ000157,-0.007064217235893011,EXP_XGBModel_Alpha158_csi300_custom_step0_s_20260729_13,c7f464ce2b6940e69d83f2689b297a4e,0.078,,,
1708,2026-07-29,SZ000301,-0.0696701854467392,EXP_XGBModel_Alpha158_csi300_custom_step0_s_20260729_13,c7f464ce2b6940e69d83f2689b297a4e,0.078,,,
1709,2026-07-29,SZ000792,-0.07037157565355301,EXP_XGBModel_Alpha158_csi300_custom_step0_s_20260729_13,c7f464ce2b6940e69d83f2689b297a4e,0.078,,,
1710,2026-07-29,SZ000776,-0.10061749815940857,EXP_XGBModel_Alpha158_csi300_custom_step0_s_20260729_13,c7f464ce2b6940e69d83f2689b297a4e,0.078,,,
1711,2026-07-29,SZ000768,0.006596178747713566,EXP_XGBModel_Alpha158_csi300_custom_step0_s_20260729_13,c7f464ce2b6940e69d83f2689b297a4e,0.078,,,
1712,2026-07-29,SZ000725,0.08511810749769211,EXP_XGBModel_Alpha158_csi300_custom_step0_s_20260729_13,c7f464ce2b6940e69d83f2689b297a4e,0.078,,,
1713,2026-07-29,SZ000708,-0.018049241974949837,EXP_XGBModel_Alpha158_csi300_custom_step0_s_20260729_13,c7f464ce2b6940e69d83f2689b297a4e,0.078,,,
1714,2026-07-29,SZ000657,0.07916662842035294,EXP_XGBModel_Alpha158_csi300_custom_step0_s_20260729_13,c7f464ce2b6940e69d83f2689b297a4e,0.078,,,
1715,2026-07-29,SZ000651,0.025240890681743622,EXP_XGBModel_Alpha158_csi300_custom_step0_s_20260729_13,c7f464ce2b6940e69d83f2689b297a4e,0.078,,,
1716,2026-07-29,SZ000630,-0.05521553382277489,EXP_XGBModel_Alpha158_csi300_custom_step0_s_20260729_13,c7f464ce2b6940e69d83f2689b297a4e,0.078,,,
1717,2026-07-29,SZ000625,-0.009655137546360493,EXP_XGBModel_Alpha158_csi300_custom_step0_s_20260729_13,c7f464ce2b6940e69d83f2689b297a4e,0.078,,,
1718,2026-07-29,SZ000617,-0.032672036439180374,EXP_XGBModel_Alpha158_csi300_custom_step0_s_20260729_13,c7f464ce2b6940e69d83f2689b297a4e,0.078,,,
1719,2026-07-29,SZ000596,-0.03475078195333481,EXP_XGBModel_Alpha158_csi300_custom_step0_s_20260729_13,c7f464ce2b6940e69d83f2689b297a4e,0.078,,,
1720,2026-07-29,SZ000568,-0.024967629462480545,EXP_XGBModel_Alpha158_csi300_custom_step0_s_20260729_13,c7f464ce2b6940e69d83f2689b297a4e,0.078,,,
1721,2026-07-29,SZ000538,0.012469843029975891,EXP_XGBModel_Alpha158_csi300_custom_step0_s_20260729_13,c7f464ce2b6940e69d83f2689b297a4e,0.078,,,
1722,2026-07-29,SZ000425,-0.06329809129238129,EXP_XGBModel_Alpha158_csi300_custom_step0_s_20260729_13,c7f464ce2b6940e69d83f2689b297a4e,0.078,,,
1723,2026-07-29,SZ000408,-0.01954958401620388,EXP_XGBModel_Alpha158_csi300_custom_step0_s_20260729_13,c7f464ce2b6940e69d83f2689b297a4e,0.078,,,
1724,2026-07-29,SZ000338,-0.038884539157152176,EXP_XGBModel_Alpha158_csi300_custom_step0_s_20260729_13,c7f464ce2b6940e69d83f2689b297a4e,0.078,,,
1725,2026-07-29,SZ000333,0.010253720916807652,EXP_XGBModel_Alpha158_csi300_custom_step0_s_20260729_13,c7f464ce2b6940e69d83f2689b297a4e,0.078,,,
1726,2026-07-29,SZ000166,0.03466837853193283,EXP_XGBModel_Alpha158_csi300_custom_step0_s_20260729_13,c7f464ce2b6940e69d83f2689b297a4e,0.078,,,
1727,2026-07-29,SZ000807,-0.02988492138683796,EXP_XGBModel_Alpha158_csi300_custom_step0_s_20260729_13,c7f464ce2b6940e69d83f2689b297a4e,0.078,,,
1728,2026-07-29,SH688041,0.04099497199058533,EXP_XGBModel_Alpha158_csi300_custom_step0_s_20260729_13,c7f464ce2b6940e69d83f2689b297a4e,0.078,,,
1729,2026-07-29,SH688012,-0.13073483109474182,EXP_XGBModel_Alpha158_csi300_custom_step0_s_20260729_13,c7f464ce2b6940e69d83f2689b297a4e,0.078,,,
1730,2026-07-29,SH601919,-0.009656887501478195,EXP_XGBModel_Alpha158_csi300_custom_step0_s_20260729_13,c7f464ce2b6940e69d83f2689b297a4e,0.078,,,
1731,2026-07-29,SH601916,0.0048376526683568954,EXP_XGBModel_Alpha158_csi300_custom_step0_s_20260729_13,c7f464ce2b6940e69d83f2689b297a4e,0.078,,,
1732,2026-07-29,SH601901,0.02285604737699032,EXP_XGBModel_Alpha158_csi300_custom_step0_s_20260729_13,c7f464ce2b6940e69d83f2689b297a4e,0.078,,,
1733,2026-07-29,SH601899,-0.13783681392669678,EXP_XGBModel_Alpha158_csi300_custom_step0_s_20260729_13,c7f464ce2b6940e69d83f2689b297a4e,0.078,,,
1734,2026-07-29,SH601898,-0.027822980657219887,EXP_XGBModel_Alpha158_csi300_custom_step0_s_20260729_13,c7f464ce2b6940e69d83f2689b297a4e,0.078,,,
1735,2026-07-29,SH601888,-0.02074519172310829,EXP_XGBModel_Alpha158_csi300_custom_step0_s_20260729_13,c7f464ce2b6940e69d83f2689b297a4e,0.078,,,
1736,2026-07-29,SH601881,-0.0069793653674423695,EXP_XGBModel_Alpha158_csi300_custom_step0_s_20260729_13,c7f464ce2b6940e69d83f2689b297a4e,0.078,,,
1737,2026-07-29,SH601878,0.03631829097867012,EXP_XGBModel_Alpha158_csi300_custom_step0_s_20260729_13,c7f464ce2b6940e69d83f2689b297a4e,0.078,,,
1738,2026-07-29,SH601877,-0.053331296890974045,EXP_XGBModel_Alpha158_csi300_custom_step0_s_20260729_13,c7f464ce2b6940e69d83f2689b297a4e,0.078,,,
1739,2026-07-29,SH601872,-0.00983069185167551,EXP_XGBModel_Alpha158_csi300_custom_step0_s_20260729_13,c7f464ce2b6940e69d83f2689b297a4e,0.078,,,
1740,2026-07-29,SH601868,-0.036985669285058975,EXP_XGBModel_Alpha158_csi300_custom_step0_s_20260729_13,c7f464ce2b6940e69d83f2689b297a4e,0.078,,,
1741,2026-07-29,SH601857,0.022610647603869438,EXP_XGBModel_Alpha158_csi300_custom_step0_s_20260729_13,c7f464ce2b6940e69d83f2689b297a4e,0.078,,,
1742,2026-07-29,SH601838,0.03451838716864586,EXP_XGBModel_Alpha158_csi300_custom_step0_s_20260729_13,c7f464ce2b6940e69d83f2689b297a4e,0.078,,,
1743,2026-07-29,SH601825,0.024982428178191185,EXP_XGBModel_Alpha158_csi300_custom_step0_s_20260729_13,c7f464ce2b6940e69d83f2689b297a4e,0.078,,,
1744,2026-07-29,SH601818,0.06316623836755753,EXP_XGBModel_Alpha158_csi300_custom_step0_s_20260729_13,c7f464ce2b6940e69d83f2689b297a4e,0.078,,,
1745,2026-07-29,SH601816,0.00046991975978016853,EXP_XGBModel_Alpha158_csi300_custom_step0_s_20260729_13,c7f464ce2b6940e69d83f2689b297a4e,0.078,,,
1746,2026-07-29,SH601800,0.0036243486683815718,EXP_XGBModel_Alpha158_csi300_custom_step0_s_20260729_13,c7f464ce2b6940e69d83f2689b297a4e,0.078,,,
1747,2026-07-29,SH601939,0.0030127461068332195,EXP_XGBModel_Alpha158_csi300_custom_step0_s_20260729_13,c7f464ce2b6940e69d83f2689b297a4e,0.078,,,
1748,2026-07-29,SH688036,0.013491971418261528,EXP_XGBModel_Alpha158_csi300_custom_step0_s_20260729_13,c7f464ce2b6940e69d83f2689b297a4e,0.078,,,
1749,2026-07-29,SH601985,0.028182800859212875,EXP_XGBModel_Alpha158_csi300_custom_step0_s_20260729_13,c7f464ce2b6940e69d83f2689b297a4e,0.078,,,
1750,2026-07-29,SH601995,-0.02015278860926628,EXP_XGBModel_Alpha158_csi300_custom_step0_s_20260729_13,c7f464ce2b6940e69d83f2689b297a4e,0.078,,,
1751,2026-07-29,SH688009,0.02811175212264061,EXP_XGBModel_Alpha158_csi300_custom_step0_s_20260729_13,c7f464ce2b6940e69d83f2689b297a4e,0.078,,,
1752,2026-07-29,SH688008,0.20823094248771667,EXP_XGBModel_Alpha158_csi300_custom_step0_s_20260729_13,c7f464ce2b6940e69d83f2689b297a4e,0.078,,,
1753,2026-07-29,SH605499,-0.06701786071062088,EXP_XGBModel_Alpha158_csi300_custom_step0_s_20260729_13,c7f464ce2b6940e69d83f2689b297a4e,0.078,,,
1754,2026-07-29,SH605117,-0.013116784393787384,EXP_XGBModel_Alpha158_csi300_custom_step0_s_20260729_13,c7f464ce2b6940e69d83f2689b297a4e,0.078,,,
1755,2026-07-29,SH603993,-0.103673554956913,EXP_XGBModel_Alpha158_csi300_custom_step0_s_20260729_13,c7f464ce2b6940e69d83f2689b297a4e,0.078,,,
1756,2026-07-29,SH603986,0.12495473027229309,EXP_XGBModel_Alpha158_csi300_custom_step0_s_20260729_13,c7f464ce2b6940e69d83f2689b297a4e,0.078,,,
1757,2026-07-29,SH603893,-0.06692124158143997,EXP_XGBModel_Alpha158_csi300_custom_step0_s_20260729_13,c7f464ce2b6940e69d83f2689b297a4e,0.078,,,
1758,2026-07-29,SH603799,0.10148274153470993,EXP_XGBModel_Alpha158_csi300_custom_step0_s_20260729_13,c7f464ce2b6940e69d83f2689b297a4e,0.078,,,
1759,2026-07-29,SH603501,-0.03594161197543144,EXP_XGBModel_Alpha158_csi300_custom_step0_s_20260729_13,c7f464ce2b6940e69d83f2689b297a4e,0.078,,,
1760,2026-07-29,SH603392,-0.01910913921892643,EXP_XGBModel_Alpha158_csi300_custom_step0_s_20260729_13,c7f464ce2b6940e69d83f2689b297a4e,0.078,,,
1761,2026-07-29,SH603369,0.011870324611663818,EXP_XGBModel_Alpha158_csi300_custom_step0_s_20260729_13,c7f464ce2b6940e69d83f2689b297a4e,0.078,,,
1762,2026-07-29,SH603296,-0.15400554239749908,EXP_XGBModel_Alpha158_csi300_custom_step0_s_20260729_13,c7f464ce2b6940e69d83f2689b297a4e,0.078,,,
1763,2026-07-29,SH603288,0.012619045563042164,EXP_XGBModel_Alpha158_csi300_custom_step0_s_20260729_13,c7f464ce2b6940e69d83f2689b297a4e,0.078,,,
1764,2026-07-29,SH603260,0.06826761364936829,EXP_XGBModel_Alpha158_csi300_custom_step0_s_20260729_13,c7f464ce2b6940e69d83f2689b297a4e,0.078,,,
1765,2026-07-29,SH603259,-0.055375322699546814,EXP_XGBModel_Alpha158_csi300_custom_step0_s_20260729_13,c7f464ce2b6940e69d83f2689b297a4e,0.078,,,
1766,2026-07-29,SH603019,-0.013362763449549675,EXP_XGBModel_Alpha158_csi300_custom_step0_s_20260729_13,c7f464ce2b6940e69d83f2689b297a4e,0.078,,,
1767,2026-07-29,SH601998,0.019882138818502426,EXP_XGBModel_Alpha158_csi300_custom_step0_s_20260729_13,c7f464ce2b6940e69d83f2689b297a4e,0.078,,,
1768,2026-07-29,SH601988,0.036608967930078506,EXP_XGBModel_Alpha158_csi300_custom_step0_s_20260729_13,c7f464ce2b6940e69d83f2689b297a4e,0.078,,,
1769,2026-07-29,SZ000858,0.004261000547558069,EXP_XGBModel_Alpha158_csi300_custom_step0_s_20260729_13,c7f464ce2b6940e69d83f2689b297a4e,0.078,,,
1770,2026-07-29,SZ000895,-0.007342723198235035,EXP_XGBModel_Alpha158_csi300_custom_step0_s_20260729_13,c7f464ce2b6940e69d83f2689b297a4e,0.078,,,
1771,2026-07-29,SZ000938,-0.023823248222470284,EXP_XGBModel_Alpha158_csi300_custom_step0_s_20260729_13,c7f464ce2b6940e69d83f2689b297a4e,0.078,,,
1772,2026-07-29,SZ300394,0.5619416832923889,EXP_XGBModel_Alpha158_csi300_custom_step0_s_20260729_13,c7f464ce2b6940e69d83f2689b297a4e,0.078,,,
1773,2026-07-29,SZ300316,0.20897650718688965,EXP_XGBModel_Alpha158_csi300_custom_step0_s_20260729_13,c7f464ce2b6940e69d83f2689b297a4e,0.078,,,
1774,2026-07-29,SZ300308,0.2731242775917053,EXP_XGBModel_Alpha158_csi300_custom_step0_s_20260729_13,c7f464ce2b6940e69d83f2689b297a4e,0.078,,,
1775,2026-07-29,SZ300274,0.17641952633857727,EXP_XGBModel_Alpha158_csi300_custom_step0_s_20260729_13,c7f464ce2b6940e69d83f2689b297a4e,0.078,,,
1776,2026-07-29,SZ300251,-0.040468424558639526,EXP_XGBModel_Alpha158_csi300_custom_step0_s_20260729_13,c7f464ce2b6940e69d83f2689b297a4e,0.078,,,
1777,2026-07-29,SZ300124,-0.02281990647315979,EXP_XGBModel_Alpha158_csi300_custom_step0_s_20260729_13,c7f464ce2b6940e69d83f2689b297a4e,0.078,,,
1778,2026-07-29,SZ300122,-0.036501530557870865,EXP_XGBModel_Alpha158_csi300_custom_step0_s_20260729_13,c7f464ce2b6940e69d83f2689b297a4e,0.078,,,
1779,2026-07-29,SZ300059,-0.0359814390540123,EXP_XGBModel_Alpha158_csi300_custom_step0_s_20260729_13,c7f464ce2b6940e69d83f2689b297a4e,0.078,,,
1780,2026-07-29,SZ300033,-0.062424782663583755,EXP_XGBModel_Alpha158_csi300_custom_step0_s_20260729_13,c7f464ce2b6940e69d83f2689b297a4e,0.078,,,
1781,2026-07-29,SZ300015,-0.011990015394985676,EXP_XGBModel_Alpha158_csi300_custom_step0_s_20260729_13,c7f464ce2b6940e69d83f2689b297a4e,0.078,,,
1782,2026-07-29,SZ300014,0.03371519222855568,EXP_XGBModel_Alpha158_csi300_custom_step0_s_20260729_13,c7f464ce2b6940e69d83f2689b297a4e,0.078,,,
1783,2026-07-29,SZ003816,-0.021536419168114662,EXP_XGBModel_Alpha158_csi300_custom_step0_s_20260729_13,c7f464ce2b6940e69d83f2689b297a4e,0.078,,,
1784,2026-07-29,SZ002938,-0.007056650705635548,EXP_XGBModel_Alpha158_csi300_custom_step0_s_20260729_13,c7f464ce2b6940e69d83f2689b297a4e,0.078,,,
1785,2026-07-29,SZ002920,-0.02014506794512272,EXP_XGBModel_Alpha158_csi300_custom_step0_s_20260729_13,c7f464ce2b6940e69d83f2689b297a4e,0.078,,,
1786,2026-07-29,SZ002916,0.24528823792934418,EXP_XGBModel_Alpha158_csi300_custom_step0_s_20260729_13,c7f464ce2b6940e69d83f2689b297a4e,0.078,,,
1787,2026-07-29,SZ002837,0.12856462597846985,EXP_XGBModel_Alpha158_csi300_custom_step0_s_20260729_13,c7f464ce2b6940e69d83f2689b297a4e,0.078,,,
1788,2026-07-29,SZ002736,0.0349850170314312,EXP_XGBModel_Alpha158_csi300_custom_step0_s_20260729_13,c7f464ce2b6940e69d83f2689b297a4e,0.078,,,
1789,2026-07-29,SZ300408,0.2618103623390198,EXP_XGBModel_Alpha158_csi300_custom_step0_s_20260729_13,c7f464ce2b6940e69d83f2689b297a4e,0.078,,,
1790,2026-07-29,SZ002714,-0.024067049846053123,EXP_XGBModel_Alpha158_csi300_custom_step0_s_20260729_13,c7f464ce2b6940e69d83f2689b297a4e,0.078,,,
1791,2026-07-29,SZ300413,-0.018164675682783127,EXP_XGBModel_Alpha158_csi300_custom_step0_s_20260729_13,c7f464ce2b6940e69d83f2689b297a4e,0.078,,,
1792,2026-07-29,SZ300433,0.03555155172944069,EXP_XGBModel_Alpha158_csi300_custom_step0_s_20260729_13,c7f464ce2b6940e69d83f2689b297a4e,0.078,,,
1793,2026-07-29,SZ301269,-0.014543629251420498,EXP_XGBModel_Alpha158_csi300_custom_step0_s_20260729_13,c7f464ce2b6940e69d83f2689b297a4e,0.078,,,
1794,2026-07-29,SZ301236,-0.08921568840742111,EXP_XGBModel_Alpha158_csi300_custom_step0_s_20260729_13,c7f464ce2b6940e69d83f2689b297a4e,0.078,,,
1795,2026-07-29,SZ301165,0.3095850944519043,EXP_XGBModel_Alpha158_csi300_custom_step0_s_20260729_13,c7f464ce2b6940e69d83f2689b297a4e,0.078,,,
1796,2026-07-29,SZ300999,0.0077276453375816345,EXP_XGBModel_Alpha158_csi300_custom_step0_s_20260729_13,c7f464ce2b6940e69d83f2689b297a4e,0.078,,,
1797,2026-07-29,SZ300896,0.09698151051998138,EXP_XGBModel_Alpha158_csi300_custom_step0_s_20260729_13,c7f464ce2b6940e69d83f2689b297a4e,0.078,,,
1798,2026-07-29,SZ300866,0.0201059989631176,EXP_XGBModel_Alpha158_csi300_custom_step0_s_20260729_13,c7f464ce2b6940e69d83f2689b297a4e,0.078,,,
1799,2026-07-29,SZ300832,0.05640554055571556,EXP_XGBModel_Alpha158_csi300_custom_step0_s_20260729_13,c7f464ce2b6940e69d83f2689b297a4e,0.078,,,
1800,2026-07-29,SZ300803,-0.021965090185403824,EXP_XGBModel_Alpha158_csi300_custom_step0_s_20260729_13,c7f464ce2b6940e69d83f2689b297a4e,0.078,,,
1801,2026-07-29,SZ300760,-0.006952169816941023,EXP_XGBModel_Alpha158_csi300_custom_step0_s_20260729_13,c7f464ce2b6940e69d83f2689b297a4e,0.078,,,
1802,2026-07-29,SZ300750,-0.09053260087966919,EXP_XGBModel_Alpha158_csi300_custom_step0_s_20260729_13,c7f464ce2b6940e69d83f2689b297a4e,0.078,,,
1803,2026-07-29,SZ300661,0.09594685584306717,EXP_XGBModel_Alpha158_csi300_custom_step0_s_20260729_13,c7f464ce2b6940e69d83f2689b297a4e,0.078,,,
1804,2026-07-29,SZ300628,-0.10817218571901321,EXP_XGBModel_Alpha158_csi300_custom_step0_s_20260729_13,c7f464ce2b6940e69d83f2689b297a4e,0.078,,,
1805,2026-07-29,SZ300502,0.3367138206958771,EXP_XGBModel_Alpha158_csi300_custom_step0_s_20260729_13,c7f464ce2b6940e69d83f2689b297a4e,0.078,,,
1806,2026-07-29,SZ300498,0.015862347558140755,EXP_XGBModel_Alpha158_csi300_custom_step0_s_20260729_13,c7f464ce2b6940e69d83f2689b297a4e,0.078,,,
1807,2026-07-29,SZ300476,0.17000842094421387,EXP_XGBModel_Alpha158_csi300_custom_step0_s_20260729_13,c7f464ce2b6940e69d83f2689b297a4e,0.078,,,
1808,2026-07-29,SZ300450,0.1257973313331604,EXP_XGBModel_Alpha158_csi300_custom_step0_s_20260729_13,c7f464ce2b6940e69d83f2689b297a4e,0.078,,,
1809,2026-07-29,SZ300442,-0.016079412773251534,EXP_XGBModel_Alpha158_csi300_custom_step0_s_20260729_13,c7f464ce2b6940e69d83f2689b297a4e,0.078,,,
1810,2026-07-29,SZ300418,-0.0733751431107521,EXP_XGBModel_Alpha158_csi300_custom_step0_s_20260729_13,c7f464ce2b6940e69d83f2689b297a4e,0.078,,,
1811,2026-07-29,SZ002709,0.18988299369812012,EXP_XGBModel_Alpha158_csi300_custom_step0_s_20260729_13,c7f464ce2b6940e69d83f2689b297a4e,0.078,,,
1812,2026-07-29,SZ002648,-0.08622919768095016,EXP_XGBModel_Alpha158_csi300_custom_step0_s_20260729_13,c7f464ce2b6940e69d83f2689b297a4e,0.078,,,
1813,2026-07-29,SZ002625,-0.1305464208126068,EXP_XGBModel_Alpha158_csi300_custom_step0_s_20260729_13,c7f464ce2b6940e69d83f2689b297a4e,0.078,,,
1814,2026-07-29,SZ002179,0.07864199578762054,EXP_XGBModel_Alpha158_csi300_custom_step0_s_20260729_13,c7f464ce2b6940e69d83f2689b297a4e,0.078,,,
1815,2026-07-29,SZ002142,0.03033270128071308,EXP_XGBModel_Alpha158_csi300_custom_step0_s_20260729_13,c7f464ce2b6940e69d83f2689b297a4e,0.078,,,
1816,2026-07-29,SZ002074,-0.10446194559335709,EXP_XGBModel_Alpha158_csi300_custom_step0_s_20260729_13,c7f464ce2b6940e69d83f2689b297a4e,0.078,,,
1817,2026-07-29,SZ002050,-0.08459711819887161,EXP_XGBModel_Alpha158_csi300_custom_step0_s_20260729_13,c7f464ce2b6940e69d83f2689b297a4e,0.078,,,
1818,2026-07-29,SZ002049,0.06448577344417572,EXP_XGBModel_Alpha158_csi300_custom_step0_s_20260729_13,c7f464ce2b6940e69d83f2689b297a4e,0.078,,,
1819,2026-07-29,SZ002028,-0.11718552559614182,EXP_XGBModel_Alpha158_csi300_custom_step0_s_20260729_13,c7f464ce2b6940e69d83f2689b297a4e,0.078,,,
1820,2026-07-29,SZ002027,-0.019674446433782578,EXP_XGBModel_Alpha158_csi300_custom_step0_s_20260729_13,c7f464ce2b6940e69d83f2689b297a4e,0.078,,,
1821,2026-07-29,SZ002001,-0.06722648441791534,EXP_XGBModel_Alpha158_csi300_custom_step0_s_20260729_13,c7f464ce2b6940e69d83f2689b297a4e,0.078,,,
1822,2026-07-29,SZ001979,-0.03202139213681221,EXP_XGBModel_Alpha158_csi300_custom_step0_s_20260729_13,c7f464ce2b6940e69d83f2689b297a4e,0.078,,,
1823,2026-07-29,SZ001965,0.002011822769418359,EXP_XGBModel_Alpha158_csi300_custom_step0_s_20260729_13,c7f464ce2b6940e69d83f2689b297a4e,0.078,,,
1824,2026-07-29,SZ001391,-0.0007826121291145682,EXP_XGBModel_Alpha158_csi300_custom_step0_s_20260729_13,c7f464ce2b6940e69d83f2689b297a4e,0.078,,,
1825,2026-07-29,SZ001280,-0.03613438457250595,EXP_XGBModel_Alpha158_csi300_custom_step0_s_20260729_13,c7f464ce2b6940e69d83f2689b297a4e,0.078,,,
1826,2026-07-29,SZ000999,0.01714934967458248,EXP_XGBModel_Alpha158_csi300_custom_step0_s_20260729_13,c7f464ce2b6940e69d83f2689b297a4e,0.078,,,
1827,2026-07-29,SZ000988,0.2753901183605194,EXP_XGBModel_Alpha158_csi300_custom_step0_s_20260729_13,c7f464ce2b6940e69d83f2689b297a4e,0.078,,,
1828,2026-07-29,SZ000977,0.0701311007142067,EXP_XGBModel_Alpha158_csi300_custom_step0_s_20260729_13,c7f464ce2b6940e69d83f2689b297a4e,0.078,,,
1829,2026-07-29,SZ000975,-0.09648454189300537,EXP_XGBModel_Alpha158_csi300_custom_step0_s_20260729_13,c7f464ce2b6940e69d83f2689b297a4e,0.078,,,
1830,2026-07-29,SZ000963,-0.031071165576577187,EXP_XGBModel_Alpha158_csi300_custom_step0_s_20260729_13,c7f464ce2b6940e69d83f2689b297a4e,0.078,,,
1831,2026-07-29,SZ002202,0.1252216100692749,EXP_XGBModel_Alpha158_csi300_custom_step0_s_20260729_13,c7f464ce2b6940e69d83f2689b297a4e,0.078,,,
1832,2026-07-29,SZ002230,-0.054545946419239044,EXP_XGBModel_Alpha158_csi300_custom_step0_s_20260729_13,c7f464ce2b6940e69d83f2689b297a4e,0.078,,,
1833,2026-07-29,SZ002236,-0.0238270852714777,EXP_XGBModel_Alpha158_csi300_custom_step0_s_20260729_13,c7f464ce2b6940e69d83f2689b297a4e,0.078,,,
1834,2026-07-29,SZ002241,-0.029026750475168228,EXP_XGBModel_Alpha158_csi300_custom_step0_s_20260729_13,c7f464ce2b6940e69d83f2689b297a4e,0.078,,,
1835,2026-07-29,SZ002602,0.004034793004393578,EXP_XGBModel_Alpha158_csi300_custom_step0_s_20260729_13,c7f464ce2b6940e69d83f2689b297a4e,0.078,,,
1836,2026-07-29,SZ002600,0.11617467552423477,EXP_XGBModel_Alpha158_csi300_custom_step0_s_20260729_13,c7f464ce2b6940e69d83f2689b297a4e,0.078,,,
1837,2026-07-29,SZ002594,0.01408522017300129,EXP_XGBModel_Alpha158_csi300_custom_step0_s_20260729_13,c7f464ce2b6940e69d83f2689b297a4e,0.078,,,
1838,2026-07-29,SZ002558,0.4305591881275177,EXP_XGBModel_Alpha158_csi300_custom_step0_s_20260729_13,c7f464ce2b6940e69d83f2689b297a4e,0.078,,,
1839,2026-07-29,SZ002532,-0.02183343656361103,EXP_XGBModel_Alpha158_csi300_custom_step0_s_20260729_13,c7f464ce2b6940e69d83f2689b297a4e,0.078,,,
1840,2026-07-29,SZ002493,-0.09433624893426895,EXP_XGBModel_Alpha158_csi300_custom_step0_s_20260729_13,c7f464ce2b6940e69d83f2689b297a4e,0.078,,,
1841,2026-07-29,SZ002475,-0.059573233127593994,EXP_XGBModel_Alpha158_csi300_custom_step0_s_20260729_13,c7f464ce2b6940e69d83f2689b297a4e,0.078,,,
1842,2026-07-29,SZ002466,0.04387687146663666,EXP_XGBModel_Alpha158_csi300_custom_step0_s_20260729_13,c7f464ce2b6940e69d83f2689b297a4e,0.078,,,
1843,2026-07-29,SH601788,0.0330880731344223,EXP_XGBModel_Alpha158_csi300_custom_step0_s_20260729_13,c7f464ce2b6940e69d83f2689b297a4e,0.078,,,
1844,2026-07-29,SZ002463,0.10328366607427597,EXP_XGBModel_Alpha158_csi300_custom_step0_s_20260729_13,c7f464ce2b6940e69d83f2689b297a4e,0.078,,,
1845,2026-07-29,SZ002422,0.18725831806659698,EXP_XGBModel_Alpha158_csi300_custom_step0_s_20260729_13,c7f464ce2b6940e69d83f2689b297a4e,0.078,,,
1846,2026-07-29,SZ002415,-0.05164409801363945,EXP_XGBModel_Alpha158_csi300_custom_step0_s_20260729_13,c7f464ce2b6940e69d83f2689b297a4e,0.078,,,
1847,2026-07-29,SZ002384,0.20962516963481903,EXP_XGBModel_Alpha158_csi300_custom_step0_s_20260729_13,c7f464ce2b6940e69d83f2689b297a4e,0.078,,,
1848,2026-07-29,SZ002371,-0.036854300647974014,EXP_XGBModel_Alpha158_csi300_custom_step0_s_20260729_13,c7f464ce2b6940e69d83f2689b297a4e,0.078,,,
1849,2026-07-29,SZ002353,-0.07329925149679184,EXP_XGBModel_Alpha158_csi300_custom_step0_s_20260729_13,c7f464ce2b6940e69d83f2689b297a4e,0.078,,,
1850,2026-07-29,SZ002352,0.0028142782393842936,EXP_XGBModel_Alpha158_csi300_custom_step0_s_20260729_13,c7f464ce2b6940e69d83f2689b297a4e,0.078,,,
1851,2026-07-29,SZ002311,0.010596388950943947,EXP_XGBModel_Alpha158_csi300_custom_step0_s_20260729_13,c7f464ce2b6940e69d83f2689b297a4e,0.078,,,
1852,2026-07-29,SZ002304,-0.011006616055965424,EXP_XGBModel_Alpha158_csi300_custom_step0_s_20260729_13,c7f464ce2b6940e69d83f2689b297a4e,0.078,,,
1853,2026-07-29,SZ002460,0.06206050515174866,EXP_XGBModel_Alpha158_csi300_custom_step0_s_20260729_13,c7f464ce2b6940e69d83f2689b297a4e,0.078,,,
1854,2026-07-29,SZ002001,-0.03832574561238289,EXP_XGBModel_Alpha158_csi300_custom_step0_s_20260729_13,8497351977c54eff90790e5826535b3d,0.056,,,
1855,2026-07-29,SH601766,-0.044043898582458496,EXP_XGBModel_Alpha158_csi300_custom_step0_s_20260729_13,c7f464ce2b6940e69d83f2689b297a4e,0.078,,,
1856,2026-07-29,SH601727,-0.036810338497161865,EXP_XGBModel_Alpha158_csi300_custom_step0_s_20260729_13,c7f464ce2b6940e69d83f2689b297a4e,0.078,,,
1857,2026-07-29,SH600085,-0.024759449064731598,EXP_XGBModel_Alpha158_csi300_custom_step0_s_20260729_13,c7f464ce2b6940e69d83f2689b297a4e,0.078,,,
1858,2026-07-29,SH600066,-0.0054479362443089485,EXP_XGBModel_Alpha158_csi300_custom_step0_s_20260729_13,c7f464ce2b6940e69d83f2689b297a4e,0.078,,,
1859,2026-07-29,SH600061,0.037210870534181595,EXP_XGBModel_Alpha158_csi300_custom_step0_s_20260729_13,c7f464ce2b6940e69d83f2689b297a4e,0.078,,,
1860,2026-07-29,SH600050,0.03967171534895897,EXP_XGBModel_Alpha158_csi300_custom_step0_s_20260729_13,c7f464ce2b6940e69d83f2689b297a4e,0.078,,,
1861,2026-07-29,SH600048,-0.022863877937197685,EXP_XGBModel_Alpha158_csi300_custom_step0_s_20260729_13,c7f464ce2b6940e69d83f2689b297a4e,0.078,,,
1862,2026-07-29,SH600039,0.0075652627274394035,EXP_XGBModel_Alpha158_csi300_custom_step0_s_20260729_13,c7f464ce2b6940e69d83f2689b297a4e,0.078,,,
1863,2026-07-29,SH600036,0.03775780647993088,EXP_XGBModel_Alpha158_csi300_custom_step0_s_20260729_13,c7f464ce2b6940e69d83f2689b297a4e,0.078,,,
1864,2026-07-29,SH600031,-0.08530046045780182,EXP_XGBModel_Alpha158_csi300_custom_step0_s_20260729_13,c7f464ce2b6940e69d83f2689b297a4e,0.078,,,
1865,2026-07-29,SH600030,-0.012387638911604881,EXP_XGBModel_Alpha158_csi300_custom_step0_s_20260729_13,c7f464ce2b6940e69d83f2689b297a4e,0.078,,,
1866,2026-07-29,SH600029,0.005810452159494162,EXP_XGBModel_Alpha158_csi300_custom_step0_s_20260729_13,c7f464ce2b6940e69d83f2689b297a4e,0.078,,,
1867,2026-07-29,SH600028,0.02037421427667141,EXP_XGBModel_Alpha158_csi300_custom_step0_s_20260729_13,c7f464ce2b6940e69d83f2689b297a4e,0.078,,,
1868,2026-07-29,SH600027,-0.014389310032129288,EXP_XGBModel_Alpha158_csi300_custom_step0_s_20260729_13,c7f464ce2b6940e69d83f2689b297a4e,0.078,,,
1869,2026-07-29,SH600026,0.202189639210701,EXP_XGBModel_Alpha158_csi300_custom_step0_s_20260729_13,c7f464ce2b6940e69d83f2689b297a4e,0.078,,,
1870,2026-07-29,SH600025,0.0007137057255022228,EXP_XGBModel_Alpha158_csi300_custom_step0_s_20260729_13,c7f464ce2b6940e69d83f2689b297a4e,0.078,,,
1871,2026-07-29,SH600023,-0.024487338960170746,EXP_XGBModel_Alpha158_csi300_custom_step0_s_20260729_13,c7f464ce2b6940e69d83f2689b297a4e,0.078,,,
1872,2026-07-29,SH600019,-0.03366518393158913,EXP_XGBModel_Alpha158_csi300_custom_step0_s_20260729_13,c7f464ce2b6940e69d83f2689b297a4e,0.078,,,
1873,2026-07-29,SH600018,0.0430167093873024,EXP_XGBModel_Alpha158_csi300_custom_step0_s_20260729_13,c7f464ce2b6940e69d83f2689b297a4e,0.078,,,
1874,2026-07-29,SH600089,-0.02646501548588276,EXP_XGBModel_Alpha158_csi300_custom_step0_s_20260729_13,c7f464ce2b6940e69d83f2689b297a4e,0.078,,,
1875,2026-07-29,SH600016,0.04171811044216156,EXP_XGBModel_Alpha158_csi300_custom_step0_s_20260729_13,c7f464ce2b6940e69d83f2689b297a4e,0.078,,,
1876,2026-07-29,SH600104,0.013456114567816257,EXP_XGBModel_Alpha158_csi300_custom_step0_s_20260729_13,c7f464ce2b6940e69d83f2689b297a4e,0.078,,,
1877,2026-07-29,SH600115,-0.019977062940597534,EXP_XGBModel_Alpha158_csi300_custom_step0_s_20260729_13,c7f464ce2b6940e69d83f2689b297a4e,0.078,,,
1878,2026-07-29,SH600415,-0.046352509409189224,EXP_XGBModel_Alpha158_csi300_custom_step0_s_20260729_13,c7f464ce2b6940e69d83f2689b297a4e,0.078,,,
1879,2026-07-29,SH600406,-0.021708987653255463,EXP_XGBModel_Alpha158_csi300_custom_step0_s_20260729_13,c7f464ce2b6940e69d83f2689b297a4e,0.078,,,
1880,2026-07-29,SH600372,0.018822917714715004,EXP_XGBModel_Alpha158_csi300_custom_step0_s_20260729_13,c7f464ce2b6940e69d83f2689b297a4e,0.078,,,
1881,2026-07-29,SH600362,-0.041517820209264755,EXP_XGBModel_Alpha158_csi300_custom_step0_s_20260729_13,c7f464ce2b6940e69d83f2689b297a4e,0.078,,,
1882,2026-07-29,SH600346,-0.042820096015930176,EXP_XGBModel_Alpha158_csi300_custom_step0_s_20260729_13,c7f464ce2b6940e69d83f2689b297a4e,0.078,,,
1883,2026-07-29,SH600309,-0.02887444570660591,EXP_XGBModel_Alpha158_csi300_custom_step0_s_20260729_13,c7f464ce2b6940e69d83f2689b297a4e,0.078,,,
1884,2026-07-29,SH600276,-0.09570461511611938,EXP_XGBModel_Alpha158_csi300_custom_step0_s_20260729_13,c7f464ce2b6940e69d83f2689b297a4e,0.078,,,
1885,2026-07-29,SH600233,-0.028319496661424637,EXP_XGBModel_Alpha158_csi300_custom_step0_s_20260729_13,c7f464ce2b6940e69d83f2689b297a4e,0.078,,,
1886,2026-07-29,SH600221,-0.0037070265971124172,EXP_XGBModel_Alpha158_csi300_custom_step0_s_20260729_13,c7f464ce2b6940e69d83f2689b297a4e,0.078,,,
1887,2026-07-29,SH600219,-0.0606408417224884,EXP_XGBModel_Alpha158_csi300_custom_step0_s_20260729_13,c7f464ce2b6940e69d83f2689b297a4e,0.078,,,
1888,2026-07-29,SH600196,-0.03283235430717468,EXP_XGBModel_Alpha158_csi300_custom_step0_s_20260729_13,c7f464ce2b6940e69d83f2689b297a4e,0.078,,,
1889,2026-07-29,SH600188,-0.030699025839567184,EXP_XGBModel_Alpha158_csi300_custom_step0_s_20260729_13,c7f464ce2b6940e69d83f2689b297a4e,0.078,,,
1890,2026-07-29,SH600183,0.2142244130373001,EXP_XGBModel_Alpha158_csi300_custom_step0_s_20260729_13,c7f464ce2b6940e69d83f2689b297a4e,0.078,,,
1891,2026-07-29,SH600176,0.08688868582248688,EXP_XGBModel_Alpha158_csi300_custom_step0_s_20260729_13,c7f464ce2b6940e69d83f2689b297a4e,0.078,,,
1892,2026-07-29,SH600160,0.0892496183514595,EXP_XGBModel_Alpha158_csi300_custom_step0_s_20260729_13,c7f464ce2b6940e69d83f2689b297a4e,0.078,,,
1893,2026-07-29,SH600150,-0.03438069298863411,EXP_XGBModel_Alpha158_csi300_custom_step0_s_20260729_13,c7f464ce2b6940e69d83f2689b297a4e,0.078,,,
1894,2026-07-29,SH600118,0.06788528710603714,EXP_XGBModel_Alpha158_csi300_custom_step0_s_20260729_13,c7f464ce2b6940e69d83f2689b297a4e,0.078,,,
1895,2026-07-29,SH600111,0.07646983116865158,EXP_XGBModel_Alpha158_csi300_custom_step0_s_20260729_13,c7f464ce2b6940e69d83f2689b297a4e,0.078,,,
1896,2026-07-29,SH600426,-0.04530009627342224,EXP_XGBModel_Alpha158_csi300_custom_step0_s_20260729_13,c7f464ce2b6940e69d83f2689b297a4e,0.078,,,
1897,2026-07-29,SH600015,0.047137655317783356,EXP_XGBModel_Alpha158_csi300_custom_step0_s_20260729_13,c7f464ce2b6940e69d83f2689b297a4e,0.078,,,
1898,2026-07-29,SH600010,-0.018820030614733696,EXP_XGBModel_Alpha158_csi300_custom_step0_s_20260729_13,c7f464ce2b6940e69d83f2689b297a4e,0.078,,,
1899,2026-07-29,SZ300433,0.06262555718421936,EXP_XGBModel_Alpha158_csi300_custom_step0_s_20260729_13,7f70031f474b4703914815691d7edca6,0.059,,,
1900,2026-07-29,SZ300418,-0.15582111477851868,EXP_XGBModel_Alpha158_csi300_custom_step0_s_20260729_13,7f70031f474b4703914815691d7edca6,0.059,,,
1901,2026-07-29,SZ300413,-0.00042984430911019444,EXP_XGBModel_Alpha158_csi300_custom_step0_s_20260729_13,7f70031f474b4703914815691d7edca6,0.059,,,
1902,2026-07-29,SZ300408,0.26330769062042236,EXP_XGBModel_Alpha158_csi300_custom_step0_s_20260729_13,7f70031f474b4703914815691d7edca6,0.059,,,
1903,2026-07-29,SZ300394,0.309556782245636,EXP_XGBModel_Alpha158_csi300_custom_step0_s_20260729_13,7f70031f474b4703914815691d7edca6,0.059,,,
1904,2026-07-29,SZ300316,0.027034565806388855,EXP_XGBModel_Alpha158_csi300_custom_step0_s_20260729_13,7f70031f474b4703914815691d7edca6,0.059,,,
1905,2026-07-29,SZ300308,0.1674462854862213,EXP_XGBModel_Alpha158_csi300_custom_step0_s_20260729_13,7f70031f474b4703914815691d7edca6,0.059,,,
1906,2026-07-29,SZ300274,0.2277832329273224,EXP_XGBModel_Alpha158_csi300_custom_step0_s_20260729_13,7f70031f474b4703914815691d7edca6,0.059,,,
1907,2026-07-29,SZ300251,-0.027023958042263985,EXP_XGBModel_Alpha158_csi300_custom_step0_s_20260729_13,7f70031f474b4703914815691d7edca6,0.059,,,
1908,2026-07-29,SZ300124,-0.008640618994832039,EXP_XGBModel_Alpha158_csi300_custom_step0_s_20260729_13,7f70031f474b4703914815691d7edca6,0.059,,,
1909,2026-07-29,SZ300122,-0.03047589771449566,EXP_XGBModel_Alpha158_csi300_custom_step0_s_20260729_13,7f70031f474b4703914815691d7edca6,0.059,,,
1910,2026-07-29,SZ300059,-0.03919692710042,EXP_XGBModel_Alpha158_csi300_custom_step0_s_20260729_13,7f70031f474b4703914815691d7edca6,0.059,,,
1911,2026-07-29,SZ300033,-0.13393741846084595,EXP_XGBModel_Alpha158_csi300_custom_step0_s_20260729_13,7f70031f474b4703914815691d7edca6,0.059,,,
1912,2026-07-29,SZ300015,-0.01394706405699253,EXP_XGBModel_Alpha158_csi300_custom_step0_s_20260729_13,7f70031f474b4703914815691d7edca6,0.059,,,
1913,2026-07-29,SZ300014,0.0066221063025295734,EXP_XGBModel_Alpha158_csi300_custom_step0_s_20260729_13,7f70031f474b4703914815691d7edca6,0.059,,,
1914,2026-07-29,SZ003816,0.010101091116666794,EXP_XGBModel_Alpha158_csi300_custom_step0_s_20260729_13,7f70031f474b4703914815691d7edca6,0.059,,,
1915,2026-07-29,SZ002938,-0.02329062670469284,EXP_XGBModel_Alpha158_csi300_custom_step0_s_20260729_13,7f70031f474b4703914815691d7edca6,0.059,,,
1916,2026-07-29,SZ300442,0.11733408272266388,EXP_XGBModel_Alpha158_csi300_custom_step0_s_20260729_13,7f70031f474b4703914815691d7edca6,0.059,,,
1917,2026-07-29,SH600011,-0.03695441409945488,EXP_XGBModel_Alpha158_csi300_custom_step0_s_20260729_13,c7f464ce2b6940e69d83f2689b297a4e,0.078,,,
1918,2026-07-29,SZ300450,0.10875002294778824,EXP_XGBModel_Alpha158_csi300_custom_step0_s_20260729_13,7f70031f474b4703914815691d7edca6,0.059,,,
1919,2026-07-29,SZ300498,0.004334169439971447,EXP_XGBModel_Alpha158_csi300_custom_step0_s_20260729_13,7f70031f474b4703914815691d7edca6,0.059,,,
1920,2026-07-29,SH600009,0.018285464495420456,EXP_XGBModel_Alpha158_csi300_custom_step0_s_20260729_13,c7f464ce2b6940e69d83f2689b297a4e,0.078,,,
1921,2026-07-29,SH600000,0.012148261070251465,EXP_XGBModel_Alpha158_csi300_custom_step0_s_20260729_13,c7f464ce2b6940e69d83f2689b297a4e,0.078,,,
1922,2026-07-29,SZ302132,-0.0056481207720935345,EXP_XGBModel_Alpha158_csi300_custom_step0_s_20260729_13,7f70031f474b4703914815691d7edca6,0.059,,,
1923,2026-07-29,SZ301308,0.35964176058769226,EXP_XGBModel_Alpha158_csi300_custom_step0_s_20260729_13,7f70031f474b4703914815691d7edca6,0.059,,,
1924,2026-07-29,SZ301269,-0.0672379732131958,EXP_XGBModel_Alpha158_csi300_custom_step0_s_20260729_13,7f70031f474b4703914815691d7edca6,0.059,,,
1925,2026-07-29,SZ301236,-0.12631839513778687,EXP_XGBModel_Alpha158_csi300_custom_step0_s_20260729_13,7f70031f474b4703914815691d7edca6,0.059,,,
1926,2026-07-29,SZ301165,0.30550602078437805,EXP_XGBModel_Alpha158_csi300_custom_step0_s_20260729_13,7f70031f474b4703914815691d7edca6,0.059,,,
1927,2026-07-29,SZ300999,-0.0021538177970796824,EXP_XGBModel_Alpha158_csi300_custom_step0_s_20260729_13,7f70031f474b4703914815691d7edca6,0.059,,,
1928,2026-07-29,SZ300896,0.02003331668674946,EXP_XGBModel_Alpha158_csi300_custom_step0_s_20260729_13,7f70031f474b4703914815691d7edca6,0.059,,,
1929,2026-07-29,SZ300866,0.021389132365584373,EXP_XGBModel_Alpha158_csi300_custom_step0_s_20260729_13,7f70031f474b4703914815691d7edca6,0.059,,,
1930,2026-07-29,SZ300832,0.020097004249691963,EXP_XGBModel_Alpha158_csi300_custom_step0_s_20260729_13,7f70031f474b4703914815691d7edca6,0.059,,,
1931,2026-07-29,SZ300803,0.012942016124725342,EXP_XGBModel_Alpha158_csi300_custom_step0_s_20260729_13,7f70031f474b4703914815691d7edca6,0.059,,,
1932,2026-07-29,SZ300760,-0.01377023570239544,EXP_XGBModel_Alpha158_csi300_custom_step0_s_20260729_13,7f70031f474b4703914815691d7edca6,0.059,,,
1933,2026-07-29,SZ300750,-0.08379668742418289,EXP_XGBModel_Alpha158_csi300_custom_step0_s_20260729_13,7f70031f474b4703914815691d7edca6,0.059,,,
1934,2026-07-29,SZ300661,0.09499774873256683,EXP_XGBModel_Alpha158_csi300_custom_step0_s_20260729_13,7f70031f474b4703914815691d7edca6,0.059,,,
1935,2026-07-29,SZ300628,-0.10707301646471024,EXP_XGBModel_Alpha158_csi300_custom_step0_s_20260729_13,7f70031f474b4703914815691d7edca6,0.059,,,
1936,2026-07-29,SZ300502,0.19340915977954865,EXP_XGBModel_Alpha158_csi300_custom_step0_s_20260729_13,7f70031f474b4703914815691d7edca6,0.059,,,
1937,2026-07-29,SZ300476,0.19387508928775787,EXP_XGBModel_Alpha158_csi300_custom_step0_s_20260729_13,7f70031f474b4703914815691d7edca6,0.059,,,
1938,2026-07-29,SH600436,-0.010504848323762417,EXP_XGBModel_Alpha158_csi300_custom_step0_s_20260729_13,c7f464ce2b6940e69d83f2689b297a4e,0.078,,,
1939,2026-07-29,SH600438,-0.038186803460121155,EXP_XGBModel_Alpha158_csi300_custom_step0_s_20260729_13,c7f464ce2b6940e69d83f2689b297a4e,0.078,,,
1940,2026-07-29,SH600460,0.14602896571159363,EXP_XGBModel_Alpha158_csi300_custom_step0_s_20260729_13,c7f464ce2b6940e69d83f2689b297a4e,0.078,,,
1941,2026-07-29,SH601288,0.011480137705802917,EXP_XGBModel_Alpha158_csi300_custom_step0_s_20260729_13,c7f464ce2b6940e69d83f2689b297a4e,0.078,,,
1942,2026-07-29,SH601238,-0.029084527865052223,EXP_XGBModel_Alpha158_csi300_custom_step0_s_20260729_13,c7f464ce2b6940e69d83f2689b297a4e,0.078,,,
1943,2026-07-29,SH601229,0.07031098008155823,EXP_XGBModel_Alpha158_csi300_custom_step0_s_20260729_13,c7f464ce2b6940e69d83f2689b297a4e,0.078,,,
1944,2026-07-29,SH601225,-0.024696970358490944,EXP_XGBModel_Alpha158_csi300_custom_step0_s_20260729_13,c7f464ce2b6940e69d83f2689b297a4e,0.078,,,
1945,2026-07-29,SH601211,-0.03410167619585991,EXP_XGBModel_Alpha158_csi300_custom_step0_s_20260729_13,c7f464ce2b6940e69d83f2689b297a4e,0.078,,,
1946,2026-07-29,SH601186,0.01947455108165741,EXP_XGBModel_Alpha158_csi300_custom_step0_s_20260729_13,c7f464ce2b6940e69d83f2689b297a4e,0.078,,,
1947,2026-07-29,SH601169,0.030300837010145187,EXP_XGBModel_Alpha158_csi300_custom_step0_s_20260729_13,c7f464ce2b6940e69d83f2689b297a4e,0.078,,,
1948,2026-07-29,SH601166,0.03548537939786911,EXP_XGBModel_Alpha158_csi300_custom_step0_s_20260729_13,c7f464ce2b6940e69d83f2689b297a4e,0.078,,,
1949,2026-07-29,SH601138,-0.05155172944068909,EXP_XGBModel_Alpha158_csi300_custom_step0_s_20260729_13,c7f464ce2b6940e69d83f2689b297a4e,0.078,,,
1950,2026-07-29,SH601136,0.013994038105010986,EXP_XGBModel_Alpha158_csi300_custom_step0_s_20260729_13,c7f464ce2b6940e69d83f2689b297a4e,0.078,,,
1951,2026-07-29,SH601127,-0.0018294502515345812,EXP_XGBModel_Alpha158_csi300_custom_step0_s_20260729_13,c7f464ce2b6940e69d83f2689b297a4e,0.078,,,
1952,2026-07-29,SH601117,-0.014004431664943695,EXP_XGBModel_Alpha158_csi300_custom_step0_s_20260729_13,c7f464ce2b6940e69d83f2689b297a4e,0.078,,,
1953,2026-07-29,SH601111,-0.00724546005949378,EXP_XGBModel_Alpha158_csi300_custom_step0_s_20260729_13,c7f464ce2b6940e69d83f2689b297a4e,0.078,,,
1954,2026-07-29,SH601100,-0.03256617486476898,EXP_XGBModel_Alpha158_csi300_custom_step0_s_20260729_13,c7f464ce2b6940e69d83f2689b297a4e,0.078,,,
1955,2026-07-29,SH601088,0.013118810020387173,EXP_XGBModel_Alpha158_csi300_custom_step0_s_20260729_13,c7f464ce2b6940e69d83f2689b297a4e,0.078,,,
1956,2026-07-29,SH601077,-0.0025389567017555237,EXP_XGBModel_Alpha158_csi300_custom_step0_s_20260729_13,c7f464ce2b6940e69d83f2689b297a4e,0.078,,,
1957,2026-07-29,SH601066,-0.027731653302907944,EXP_XGBModel_Alpha158_csi300_custom_step0_s_20260729_13,c7f464ce2b6940e69d83f2689b297a4e,0.078,,,
1958,2026-07-29,SH601318,-0.009585350751876831,EXP_XGBModel_Alpha158_csi300_custom_step0_s_20260729_13,c7f464ce2b6940e69d83f2689b297a4e,0.078,,,
1959,2026-07-29,SH601059,0.02522549405694008,EXP_XGBModel_Alpha158_csi300_custom_step0_s_20260729_13,c7f464ce2b6940e69d83f2689b297a4e,0.078,,,
1960,2026-07-29,SH601319,0.015452372841536999,EXP_XGBModel_Alpha158_csi300_custom_step0_s_20260729_13,c7f464ce2b6940e69d83f2689b297a4e,0.078,,,
1961,2026-07-29,SH601336,0.0019919676706194878,EXP_XGBModel_Alpha158_csi300_custom_step0_s_20260729_13,c7f464ce2b6940e69d83f2689b297a4e,0.078,,,
1962,2026-07-29,SH601698,-0.07412447035312653,EXP_XGBModel_Alpha158_csi300_custom_step0_s_20260729_13,c7f464ce2b6940e69d83f2689b297a4e,0.078,,,
1963,2026-07-29,SH601689,-0.07717850059270859,EXP_XGBModel_Alpha158_csi300_custom_step0_s_20260729_13,c7f464ce2b6940e69d83f2689b297a4e,0.078,,,
1964,2026-07-29,SH601688,-0.01984161138534546,EXP_XGBModel_Alpha158_csi300_custom_step0_s_20260729_13,c7f464ce2b6940e69d83f2689b297a4e,0.078,,,
1965,2026-07-29,SH601669,-0.005631833337247372,EXP_XGBModel_Alpha158_csi300_custom_step0_s_20260729_13,c7f464ce2b6940e69d83f2689b297a4e,0.078,,,
1966,2026-07-29,SH601668,0.026155322790145874,EXP_XGBModel_Alpha158_csi300_custom_step0_s_20260729_13,c7f464ce2b6940e69d83f2689b297a4e,0.078,,,
1967,2026-07-29,SH601658,0.04820076376199722,EXP_XGBModel_Alpha158_csi300_custom_step0_s_20260729_13,c7f464ce2b6940e69d83f2689b297a4e,0.078,,,
1968,2026-07-29,SH601633,-0.01716160587966442,EXP_XGBModel_Alpha158_csi300_custom_step0_s_20260729_13,c7f464ce2b6940e69d83f2689b297a4e,0.078,,,
1969,2026-07-29,SH601628,-0.00939268060028553,EXP_XGBModel_Alpha158_csi300_custom_step0_s_20260729_13,c7f464ce2b6940e69d83f2689b297a4e,0.078,,,
1970,2026-07-29,SH601618,0.009160506539046764,EXP_XGBModel_Alpha158_csi300_custom_step0_s_20260729_13,c7f464ce2b6940e69d83f2689b297a4e,0.078,,,
1971,2026-07-29,SH601607,0.012762277387082577,EXP_XGBModel_Alpha158_csi300_custom_step0_s_20260729_13,c7f464ce2b6940e69d83f2689b297a4e,0.078,,,
1972,2026-07-29,SH601601,-0.02622408978641033,EXP_XGBModel_Alpha158_csi300_custom_step0_s_20260729_13,c7f464ce2b6940e69d83f2689b297a4e,0.078,,,
1973,2026-07-29,SH601600,-0.039531100541353226,EXP_XGBModel_Alpha158_csi300_custom_step0_s_20260729_13,c7f464ce2b6940e69d83f2689b297a4e,0.078,,,
1974,2026-07-29,SH601456,0.02764272689819336,EXP_XGBModel_Alpha158_csi300_custom_step0_s_20260729_13,c7f464ce2b6940e69d83f2689b297a4e,0.078,,,
1975,2026-07-29,SH601398,-0.0005257086013443768,EXP_XGBModel_Alpha158_csi300_custom_step0_s_20260729_13,c7f464ce2b6940e69d83f2689b297a4e,0.078,,,
1976,2026-07-29,SH601390,0.003215684089809656,EXP_XGBModel_Alpha158_csi300_custom_step0_s_20260729_13,c7f464ce2b6940e69d83f2689b297a4e,0.078,,,
1977,2026-07-29,SH601377,0.025106610730290413,EXP_XGBModel_Alpha158_csi300_custom_step0_s_20260729_13,c7f464ce2b6940e69d83f2689b297a4e,0.078,,,
1978,2026-07-29,SH601360,-0.07459840923547745,EXP_XGBModel_Alpha158_csi300_custom_step0_s_20260729_13,c7f464ce2b6940e69d83f2689b297a4e,0.078,,,
1979,2026-07-29,SH601328,0.032256707549095154,EXP_XGBModel_Alpha158_csi300_custom_step0_s_20260729_13,c7f464ce2b6940e69d83f2689b297a4e,0.078,,,
1980,2026-07-29,SH601058,-0.007808821275830269,EXP_XGBModel_Alpha158_csi300_custom_step0_s_20260729_13,c7f464ce2b6940e69d83f2689b297a4e,0.078,,,
1981,2026-07-29,SH601021,0.02234989032149315,EXP_XGBModel_Alpha158_csi300_custom_step0_s_20260729_13,c7f464ce2b6940e69d83f2689b297a4e,0.078,,,
1982,2026-07-29,SH601018,0.02930273674428463,EXP_XGBModel_Alpha158_csi300_custom_step0_s_20260729_13,c7f464ce2b6940e69d83f2689b297a4e,0.078,,,
1983,2026-07-29,SH600760,-0.020668497309088707,EXP_XGBModel_Alpha158_csi300_custom_step0_s_20260729_13,c7f464ce2b6940e69d83f2689b297a4e,0.078,,,
1984,2026-07-29,SH600741,0.02169032394886017,EXP_XGBModel_Alpha158_csi300_custom_step0_s_20260729_13,c7f464ce2b6940e69d83f2689b297a4e,0.078,,,
1985,2026-07-29,SH600690,0.0008177109411917627,EXP_XGBModel_Alpha158_csi300_custom_step0_s_20260729_13,c7f464ce2b6940e69d83f2689b297a4e,0.078,,,
1986,2026-07-29,SH600674,0.008905253373086452,EXP_XGBModel_Alpha158_csi300_custom_step0_s_20260729_13,c7f464ce2b6940e69d83f2689b297a4e,0.078,,,
1987,2026-07-29,SH600660,-0.05292465165257454,EXP_XGBModel_Alpha158_csi300_custom_step0_s_20260729_13,c7f464ce2b6940e69d83f2689b297a4e,0.078,,,
1988,2026-07-29,SH600600,-0.015241337940096855,EXP_XGBModel_Alpha158_csi300_custom_step0_s_20260729_13,c7f464ce2b6940e69d83f2689b297a4e,0.078,,,
1989,2026-07-29,SH600588,-0.029917096719145775,EXP_XGBModel_Alpha158_csi300_custom_step0_s_20260729_13,c7f464ce2b6940e69d83f2689b297a4e,0.078,,,
1990,2026-07-29,SH600585,0.009157320484519005,EXP_XGBModel_Alpha158_csi300_custom_step0_s_20260729_13,c7f464ce2b6940e69d83f2689b297a4e,0.078,,,
1991,2026-07-29,SH600584,0.1880703866481781,EXP_XGBModel_Alpha158_csi300_custom_step0_s_20260729_13,c7f464ce2b6940e69d83f2689b297a4e,0.078,,,
1992,2026-07-29,SH600570,-0.0560859777033329,EXP_XGBModel_Alpha158_csi300_custom_step0_s_20260729_13,c7f464ce2b6940e69d83f2689b297a4e,0.078,,,
1993,2026-07-29,SH600549,0.16330426931381226,EXP_XGBModel_Alpha158_csi300_custom_step0_s_20260729_13,c7f464ce2b6940e69d83f2689b297a4e,0.078,,,
1994,2026-07-29,SH600547,-0.08065928518772125,EXP_XGBModel_Alpha158_csi300_custom_step0_s_20260729_13,c7f464ce2b6940e69d83f2689b297a4e,0.078,,,
1995,2026-07-29,SH600522,0.07803334295749664,EXP_XGBModel_Alpha158_csi300_custom_step0_s_20260729_13,c7f464ce2b6940e69d83f2689b297a4e,0.078,,,
1996,2026-07-29,SH600519,0.007249135989695787,EXP_XGBModel_Alpha158_csi300_custom_step0_s_20260729_13,c7f464ce2b6940e69d83f2689b297a4e,0.078,,,
1997,2026-07-29,SH600515,0.005858587101101875,EXP_XGBModel_Alpha158_csi300_custom_step0_s_20260729_13,c7f464ce2b6940e69d83f2689b297a4e,0.078,,,
1998,2026-07-29,SH600489,-0.08269615471363068,EXP_XGBModel_Alpha158_csi300_custom_step0_s_20260729_13,c7f464ce2b6940e69d83f2689b297a4e,0.078,,,
1999,2026-07-29,SH600482,-0.07486022263765335,EXP_XGBModel_Alpha158_csi300_custom_step0_s_20260729_13,c7f464ce2b6940e69d83f2689b297a4e,0.078,,,
2000,2026-07-29,SH600795,0.0060116322711110115,EXP_XGBModel_Alpha158_csi300_custom_step0_s_20260729_13,c7f464ce2b6940e69d83f2689b297a4e,0.078,,,
2001,2026-07-29,SH600803,-0.11416813731193542,EXP_XGBModel_Alpha158_csi300_custom_step0_s_20260729_13,c7f464ce2b6940e69d83f2689b297a4e,0.078,,,
2002,2026-07-29,SH600809,-0.03729137405753136,EXP_XGBModel_Alpha158_csi300_custom_step0_s_20260729_13,c7f464ce2b6940e69d83f2689b297a4e,0.078,,,
2003,2026-07-29,SH600845,-0.03324669972062111,EXP_XGBModel_Alpha158_csi300_custom_step0_s_20260729_13,c7f464ce2b6940e69d83f2689b297a4e,0.078,,,
2004,2026-07-29,SH601012,-0.04327795282006264,EXP_XGBModel_Alpha158_csi300_custom_step0_s_20260729_13,c7f464ce2b6940e69d83f2689b297a4e,0.078,,,
2005,2026-07-29,SH601009,0.03725479543209076,EXP_XGBModel_Alpha158_csi300_custom_step0_s_20260729_13,c7f464ce2b6940e69d83f2689b297a4e,0.078,,,
2006,2026-07-29,SH601006,0.0053638676181435585,EXP_XGBModel_Alpha158_csi300_custom_step0_s_20260729_13,c7f464ce2b6940e69d83f2689b297a4e,0.078,,,
2007,2026-07-29,SH600999,-0.0627015084028244,EXP_XGBModel_Alpha158_csi300_custom_step0_s_20260729_13,c7f464ce2b6940e69d83f2689b297a4e,0.078,,,
2008,2026-07-29,SH600989,-0.03103199228644371,EXP_XGBModel_Alpha158_csi300_custom_step0_s_20260729_13,c7f464ce2b6940e69d83f2689b297a4e,0.078,,,
2009,2026-07-29,SH600958,0.020373087376356125,EXP_XGBModel_Alpha158_csi300_custom_step0_s_20260729_13,c7f464ce2b6940e69d83f2689b297a4e,0.078,,,
2010,2026-07-29,SH600941,0.02652735635638237,EXP_XGBModel_Alpha158_csi300_custom_step0_s_20260729_13,c7f464ce2b6940e69d83f2689b297a4e,0.078,,,
2011,2026-07-29,SH600938,0.027675282210111618,EXP_XGBModel_Alpha158_csi300_custom_step0_s_20260729_13,c7f464ce2b6940e69d83f2689b297a4e,0.078,,,
2012,2026-07-29,SH601728,0.059659164398908615,EXP_XGBModel_Alpha158_csi300_custom_step0_s_20260729_13,c7f464ce2b6940e69d83f2689b297a4e,0.078,,,
2013,2026-07-29,SH600930,0.011275114491581917,EXP_XGBModel_Alpha158_csi300_custom_step0_s_20260729_13,c7f464ce2b6940e69d83f2689b297a4e,0.078,,,
2014,2026-07-29,SH600919,0.054847393184900284,EXP_XGBModel_Alpha158_csi300_custom_step0_s_20260729_13,c7f464ce2b6940e69d83f2689b297a4e,0.078,,,
2015,2026-07-29,SH600918,-0.014540975913405418,EXP_XGBModel_Alpha158_csi300_custom_step0_s_20260729_13,c7f464ce2b6940e69d83f2689b297a4e,0.078,,,
2016,2026-07-29,SH600905,-0.0083046555519104,EXP_XGBModel_Alpha158_csi300_custom_step0_s_20260729_13,c7f464ce2b6940e69d83f2689b297a4e,0.078,,,
2017,2026-07-29,SH600900,0.0310036800801754,EXP_XGBModel_Alpha158_csi300_custom_step0_s_20260729_13,c7f464ce2b6940e69d83f2689b297a4e,0.078,,,
2018,2026-07-29,SH600893,-0.05132384970784187,EXP_XGBModel_Alpha158_csi300_custom_step0_s_20260729_13,c7f464ce2b6940e69d83f2689b297a4e,0.078,,,
2019,2026-07-29,SH600887,-0.012075327336788177,EXP_XGBModel_Alpha158_csi300_custom_step0_s_20260729_13,c7f464ce2b6940e69d83f2689b297a4e,0.078,,,
2020,2026-07-29,SH600886,-0.0025322434958070517,EXP_XGBModel_Alpha158_csi300_custom_step0_s_20260729_13,c7f464ce2b6940e69d83f2689b297a4e,0.078,,,
2021,2026-07-29,SH600875,-0.06210506707429886,EXP_XGBModel_Alpha158_csi300_custom_step0_s_20260729_13,c7f464ce2b6940e69d83f2689b297a4e,0.078,,,
2022,2026-07-29,SH600926,0.03167067840695381,EXP_XGBModel_Alpha158_csi300_custom_step0_s_20260729_13,c7f464ce2b6940e69d83f2689b297a4e,0.078,,,
2023,2026-07-29,SH601939,0.019320402294397354,EXP_LinearModel_Alpha158_csi300_custom_step0_s_20260729_13,b17bfd4a125741fe9a03582ba1e3f14d,0.07,,,
2024,2026-07-29,SZ001979,0.023912394419312477,EXP_XGBModel_Alpha158_csi300_custom_step0_s_20260729_13,8497351977c54eff90790e5826535b3d,0.056,,,
2025,2026-07-29,SZ001391,0.01581120491027832,EXP_XGBModel_Alpha158_csi300_custom_step0_s_20260729_13,8497351977c54eff90790e5826535b3d,0.056,,,
2026,2026-07-29,SH600938,0.058374132961034775,EXP_LinearModel_Alpha158_csi300_custom_step0_s_20260729_13,8f5aba69689444c8ab34c01f9e45ba68,0.01,,,
2027,2026-07-29,SH600930,0.1499568521976471,EXP_LinearModel_Alpha158_csi300_custom_step0_s_20260729_13,8f5aba69689444c8ab34c01f9e45ba68,0.01,,,
2028,2026-07-29,SH600926,0.0027400245890021324,EXP_LinearModel_Alpha158_csi300_custom_step0_s_20260729_13,8f5aba69689444c8ab34c01f9e45ba68,0.01,,,
2029,2026-07-29,SH600919,-0.008463243022561073,EXP_LinearModel_Alpha158_csi300_custom_step0_s_20260729_13,8f5aba69689444c8ab34c01f9e45ba68,0.01,,,
2030,2026-07-29,SH600918,-0.021839097142219543,EXP_LinearModel_Alpha158_csi300_custom_step0_s_20260729_13,8f5aba69689444c8ab34c01f9e45ba68,0.01,,,
2031,2026-07-29,SH600905,0.016819819808006287,EXP_LinearModel_Alpha158_csi300_custom_step0_s_20260729_13,8f5aba69689444c8ab34c01f9e45ba68,0.01,,,
2032,2026-07-29,SH600900,0.054001085460186005,EXP_LinearModel_Alpha158_csi300_custom_step0_s_20260729_13,8f5aba69689444c8ab34c01f9e45ba68,0.01,,,
2033,2026-07-29,SH600893,-0.017048565670847893,EXP_LinearModel_Alpha158_csi300_custom_step0_s_20260729_13,8f5aba69689444c8ab34c01f9e45ba68,0.01,,,
2034,2026-07-29,SH600887,0.10927780717611313,EXP_LinearModel_Alpha158_csi300_custom_step0_s_20260729_13,8f5aba69689444c8ab34c01f9e45ba68,0.01,,,
2035,2026-07-29,SH600886,0.11014623939990997,EXP_LinearModel_Alpha158_csi300_custom_step0_s_20260729_13,8f5aba69689444c8ab34c01f9e45ba68,0.01,,,
2036,2026-07-29,SH600875,0.09544948488473892,EXP_LinearModel_Alpha158_csi300_custom_step0_s_20260729_13,8f5aba69689444c8ab34c01f9e45ba68,0.01,,,
2037,2026-07-29,SH600845,0.1292693316936493,EXP_LinearModel_Alpha158_csi300_custom_step0_s_20260729_13,8f5aba69689444c8ab34c01f9e45ba68,0.01,,,
2038,2026-07-29,SH600809,-0.07803276181221008,EXP_LinearModel_Alpha158_csi300_custom_step0_s_20260729_13,8f5aba69689444c8ab34c01f9e45ba68,0.01,,,
2039,2026-07-29,SH600803,0.13457220792770386,EXP_LinearModel_Alpha158_csi300_custom_step0_s_20260729_13,8f5aba69689444c8ab34c01f9e45ba68,0.01,,,
2040,2026-07-29,SH600795,0.0356619656085968,EXP_LinearModel_Alpha158_csi300_custom_step0_s_20260729_13,8f5aba69689444c8ab34c01f9e45ba68,0.01,,,
2041,2026-07-29,SH600760,0.003001732984557748,EXP_LinearModel_Alpha158_csi300_custom_step0_s_20260729_13,8f5aba69689444c8ab34c01f9e45ba68,0.01,,,
2042,2026-07-29,SH600741,0.060408834367990494,EXP_LinearModel_Alpha158_csi300_custom_step0_s_20260729_13,8f5aba69689444c8ab34c01f9e45ba68,0.01,,,
2043,2026-07-29,SH600941,-0.022515740245580673,EXP_LinearModel_Alpha158_csi300_custom_step0_s_20260729_13,8f5aba69689444c8ab34c01f9e45ba68,0.01,,,
2044,2026-07-29,SH600690,0.023327693343162537,EXP_LinearModel_Alpha158_csi300_custom_step0_s_20260729_13,8f5aba69689444c8ab34c01f9e45ba68,0.01,,,
2045,2026-07-29,SH600958,,EXP_LinearModel_Alpha158_csi300_custom_step0_s_20260729_13,8f5aba69689444c8ab34c01f9e45ba68,0.01,,,
2046,2026-07-29,SH600999,0.12097970396280289,EXP_LinearModel_Alpha158_csi300_custom_step0_s_20260729_13,8f5aba69689444c8ab34c01f9e45ba68,0.01,,,
2047,2026-07-29,SH601166,0.01813644915819168,EXP_LinearModel_Alpha158_csi300_custom_step0_s_20260729_13,8f5aba69689444c8ab34c01f9e45ba68,0.01,,,
2048,2026-07-29,SH601138,0.07610013335943222,EXP_LinearModel_Alpha158_csi300_custom_step0_s_20260729_13,8f5aba69689444c8ab34c01f9e45ba68,0.01,,,
2049,2026-07-29,SH601136,0.02943919599056244,EXP_LinearModel_Alpha158_csi300_custom_step0_s_20260729_13,8f5aba69689444c8ab34c01f9e45ba68,0.01,,,
2050,2026-07-29,SH601127,-0.0018410682678222656,EXP_LinearModel_Alpha158_csi300_custom_step0_s_20260729_13,8f5aba69689444c8ab34c01f9e45ba68,0.01,,,
2051,2026-07-29,SH601117,0.0705275759100914,EXP_LinearModel_Alpha158_csi300_custom_step0_s_20260729_13,8f5aba69689444c8ab34c01f9e45ba68,0.01,,,
2052,2026-07-29,SH601111,-0.035733114928007126,EXP_LinearModel_Alpha158_csi300_custom_step0_s_20260729_13,8f5aba69689444c8ab34c01f9e45ba68,0.01,,,
2053,2026-07-29,SH601100,-0.28120678663253784,EXP_LinearModel_Alpha158_csi300_custom_step0_s_20260729_13,8f5aba69689444c8ab34c01f9e45ba68,0.01,,,
2054,2026-07-29,SH601088,0.10625190287828445,EXP_LinearModel_Alpha158_csi300_custom_step0_s_20260729_13,8f5aba69689444c8ab34c01f9e45ba68,0.01,,,
2055,2026-07-29,SH601077,-0.060587383806705475,EXP_LinearModel_Alpha158_csi300_custom_step0_s_20260729_13,8f5aba69689444c8ab34c01f9e45ba68,0.01,,,
2056,2026-07-29,SH601066,-0.003481772728264332,EXP_LinearModel_Alpha158_csi300_custom_step0_s_20260729_13,8f5aba69689444c8ab34c01f9e45ba68,0.01,,,
2057,2026-07-29,SH601059,-0.1249133050441742,EXP_LinearModel_Alpha158_csi300_custom_step0_s_20260729_13,8f5aba69689444c8ab34c01f9e45ba68,0.01,,,
2058,2026-07-29,SH601058,-1.6503967344760895e-05,EXP_LinearModel_Alpha158_csi300_custom_step0_s_20260729_13,8f5aba69689444c8ab34c01f9e45ba68,0.01,,,
2059,2026-07-29,SH601021,0.0018004951998591423,EXP_LinearModel_Alpha158_csi300_custom_step0_s_20260729_13,8f5aba69689444c8ab34c01f9e45ba68,0.01,,,
2060,2026-07-29,SH601018,0.01163939293473959,EXP_LinearModel_Alpha158_csi300_custom_step0_s_20260729_13,8f5aba69689444c8ab34c01f9e45ba68,0.01,,,
2061,2026-07-29,SH601012,-0.05802059918642044,EXP_LinearModel_Alpha158_csi300_custom_step0_s_20260729_13,8f5aba69689444c8ab34c01f9e45ba68,0.01,,,
2062,2026-07-29,SH601009,-0.039678916335105896,EXP_LinearModel_Alpha158_csi300_custom_step0_s_20260729_13,8f5aba69689444c8ab34c01f9e45ba68,0.01,,,
2063,2026-07-29,SH601006,0.08279439061880112,EXP_LinearModel_Alpha158_csi300_custom_step0_s_20260729_13,8f5aba69689444c8ab34c01f9e45ba68,0.01,,,
2064,2026-07-29,SH600989,0.05145910382270813,EXP_LinearModel_Alpha158_csi300_custom_step0_s_20260729_13,8f5aba69689444c8ab34c01f9e45ba68,0.01,,,
2065,2026-07-29,SH601169,0.0424792543053627,EXP_LinearModel_Alpha158_csi300_custom_step0_s_20260729_13,8f5aba69689444c8ab34c01f9e45ba68,0.01,,,
2066,2026-07-29,SH600674,0.09656443446874619,EXP_LinearModel_Alpha158_csi300_custom_step0_s_20260729_13,8f5aba69689444c8ab34c01f9e45ba68,0.01,,,
2067,2026-07-29,SH600600,0.0062499623745679855,EXP_LinearModel_Alpha158_csi300_custom_step0_s_20260729_13,8f5aba69689444c8ab34c01f9e45ba68,0.01,,,
2068,2026-07-29,SH600276,-0.0008195070549845695,EXP_LinearModel_Alpha158_csi300_custom_step0_s_20260729_13,8f5aba69689444c8ab34c01f9e45ba68,0.01,,,
2069,2026-07-29,SH600233,0.06319877505302429,EXP_LinearModel_Alpha158_csi300_custom_step0_s_20260729_13,8f5aba69689444c8ab34c01f9e45ba68,0.01,,,
2070,2026-07-29,SH600221,0.03137781843543053,EXP_LinearModel_Alpha158_csi300_custom_step0_s_20260729_13,8f5aba69689444c8ab34c01f9e45ba68,0.01,,,
2071,2026-07-29,SH600219,0.022836457937955856,EXP_LinearModel_Alpha158_csi300_custom_step0_s_20260729_13,8f5aba69689444c8ab34c01f9e45ba68,0.01,,,
2072,2026-07-29,SH600196,0.005221046041697264,EXP_LinearModel_Alpha158_csi300_custom_step0_s_20260729_13,8f5aba69689444c8ab34c01f9e45ba68,0.01,,,
2073,2026-07-29,SH600188,0.01102578453719616,EXP_LinearModel_Alpha158_csi300_custom_step0_s_20260729_13,8f5aba69689444c8ab34c01f9e45ba68,0.01,,,
2074,2026-07-29,SH600183,0.1876911073923111,EXP_LinearModel_Alpha158_csi300_custom_step0_s_20260729_13,8f5aba69689444c8ab34c01f9e45ba68,0.01,,,
2075,2026-07-29,SH600176,0.2781435251235962,EXP_LinearModel_Alpha158_csi300_custom_step0_s_20260729_13,8f5aba69689444c8ab34c01f9e45ba68,0.01,,,
2076,2026-07-29,SH600160,0.09026756882667542,EXP_LinearModel_Alpha158_csi300_custom_step0_s_20260729_13,8f5aba69689444c8ab34c01f9e45ba68,0.01,,,
2077,2026-07-29,SH600150,-0.001967931166291237,EXP_LinearModel_Alpha158_csi300_custom_step0_s_20260729_13,8f5aba69689444c8ab34c01f9e45ba68,0.01,,,
2078,2026-07-29,SH600118,0.5218744277954102,EXP_LinearModel_Alpha158_csi300_custom_step0_s_20260729_13,8f5aba69689444c8ab34c01f9e45ba68,0.01,,,
2079,2026-07-29,SH600115,-0.040629368275403976,EXP_LinearModel_Alpha158_csi300_custom_step0_s_20260729_13,8f5aba69689444c8ab34c01f9e45ba68,0.01,,,
2080,2026-07-29,SH600111,0.19198524951934814,EXP_LinearModel_Alpha158_csi300_custom_step0_s_20260729_13,8f5aba69689444c8ab34c01f9e45ba68,0.01,,,
2081,2026-07-29,SH600104,0.04472316801548004,EXP_LinearModel_Alpha158_csi300_custom_step0_s_20260729_13,8f5aba69689444c8ab34c01f9e45ba68,0.01,,,
2082,2026-07-29,SH600089,0.08154270797967911,EXP_LinearModel_Alpha158_csi300_custom_step0_s_20260729_13,8f5aba69689444c8ab34c01f9e45ba68,0.01,,,
2083,2026-07-29,SH600085,-0.004533226601779461,EXP_LinearModel_Alpha158_csi300_custom_step0_s_20260729_13,8f5aba69689444c8ab34c01f9e45ba68,0.01,,,
2084,2026-07-29,SH600066,0.0629711002111435,EXP_LinearModel_Alpha158_csi300_custom_step0_s_20260729_13,8f5aba69689444c8ab34c01f9e45ba68,0.01,,,
2085,2026-07-29,SH600309,-0.08595248311758041,EXP_LinearModel_Alpha158_csi300_custom_step0_s_20260729_13,8f5aba69689444c8ab34c01f9e45ba68,0.01,,,
2086,2026-07-29,SH600660,0.03113561123609543,EXP_LinearModel_Alpha158_csi300_custom_step0_s_20260729_13,8f5aba69689444c8ab34c01f9e45ba68,0.01,,,
2087,2026-07-29,SH600346,-0.031773269176483154,EXP_LinearModel_Alpha158_csi300_custom_step0_s_20260729_13,8f5aba69689444c8ab34c01f9e45ba68,0.01,,,
2088,2026-07-29,SH600372,0.022453229874372482,EXP_LinearModel_Alpha158_csi300_custom_step0_s_20260729_13,8f5aba69689444c8ab34c01f9e45ba68,0.01,,,
2089,2026-07-29,SH600588,0.024180656298995018,EXP_LinearModel_Alpha158_csi300_custom_step0_s_20260729_13,8f5aba69689444c8ab34c01f9e45ba68,0.01,,,
2090,2026-07-29,SH600585,0.02568202279508114,EXP_LinearModel_Alpha158_csi300_custom_step0_s_20260729_13,8f5aba69689444c8ab34c01f9e45ba68,0.01,,,
2091,2026-07-29,SH600584,0.22138996422290802,EXP_LinearModel_Alpha158_csi300_custom_step0_s_20260729_13,8f5aba69689444c8ab34c01f9e45ba68,0.01,,,
2092,2026-07-29,SH600570,0.04189148545265198,EXP_LinearModel_Alpha158_csi300_custom_step0_s_20260729_13,8f5aba69689444c8ab34c01f9e45ba68,0.01,,,
2093,2026-07-29,SH600549,0.630032479763031,EXP_LinearModel_Alpha158_csi300_custom_step0_s_20260729_13,8f5aba69689444c8ab34c01f9e45ba68,0.01,,,
2094,2026-07-29,SH600547,0.011812405660748482,EXP_LinearModel_Alpha158_csi300_custom_step0_s_20260729_13,8f5aba69689444c8ab34c01f9e45ba68,0.01,,,
2095,2026-07-29,SH600522,0.9005746841430664,EXP_LinearModel_Alpha158_csi300_custom_step0_s_20260729_13,8f5aba69689444c8ab34c01f9e45ba68,0.01,,,
2096,2026-07-29,SH600519,-0.0033737358171492815,EXP_LinearModel_Alpha158_csi300_custom_step0_s_20260729_13,8f5aba69689444c8ab34c01f9e45ba68,0.01,,,
2097,2026-07-29,SH600515,0.014865944162011147,EXP_LinearModel_Alpha158_csi300_custom_step0_s_20260729_13,8f5aba69689444c8ab34c01f9e45ba68,0.01,,,
2098,2026-07-29,SH600489,0.030282486230134964,EXP_LinearModel_Alpha158_csi300_custom_step0_s_20260729_13,8f5aba69689444c8ab34c01f9e45ba68,0.01,,,
2099,2026-07-29,SH600482,-0.002431930974125862,EXP_LinearModel_Alpha158_csi300_custom_step0_s_20260729_13,8f5aba69689444c8ab34c01f9e45ba68,0.01,,,
2100,2026-07-29,SH600460,0.44402167201042175,EXP_LinearModel_Alpha158_csi300_custom_step0_s_20260729_13,8f5aba69689444c8ab34c01f9e45ba68,0.01,,,
2101,2026-07-29,SH600438,0.08133494853973389,EXP_LinearModel_Alpha158_csi300_custom_step0_s_20260729_13,8f5aba69689444c8ab34c01f9e45ba68,0.01,,,
2102,2026-07-29,SH600436,0.019304264336824417,EXP_LinearModel_Alpha158_csi300_custom_step0_s_20260729_13,8f5aba69689444c8ab34c01f9e45ba68,0.01,,,
2103,2026-07-29,SH600426,-0.006578587926924229,EXP_LinearModel_Alpha158_csi300_custom_step0_s_20260729_13,8f5aba69689444c8ab34c01f9e45ba68,0.01,,,
2104,2026-07-29,SH600415,-0.019447289407253265,EXP_LinearModel_Alpha158_csi300_custom_step0_s_20260729_13,8f5aba69689444c8ab34c01f9e45ba68,0.01,,,
2105,2026-07-29,SH600406,-0.006664246320724487,EXP_LinearModel_Alpha158_csi300_custom_step0_s_20260729_13,8f5aba69689444c8ab34c01f9e45ba68,0.01,,,
2106,2026-07-29,SH600362,0.001936508109793067,EXP_LinearModel_Alpha158_csi300_custom_step0_s_20260729_13,8f5aba69689444c8ab34c01f9e45ba68,0.01,,,
2107,2026-07-29,SH600061,0.06514296680688858,EXP_LinearModel_Alpha158_csi300_custom_step0_s_20260729_13,8f5aba69689444c8ab34c01f9e45ba68,0.01,,,
2108,2026-07-29,SH601186,0.020156055688858032,EXP_LinearModel_Alpha158_csi300_custom_step0_s_20260729_13,8f5aba69689444c8ab34c01f9e45ba68,0.01,,,
2109,2026-07-29,SH601225,0.012098077684640884,EXP_LinearModel_Alpha158_csi300_custom_step0_s_20260729_13,8f5aba69689444c8ab34c01f9e45ba68,0.01,,,
2110,2026-07-29,SH603799,0.11375889182090759,EXP_LinearModel_Alpha158_csi300_custom_step0_s_20260729_13,8f5aba69689444c8ab34c01f9e45ba68,0.01,,,
2111,2026-07-29,SH603501,0.20342086255550385,EXP_LinearModel_Alpha158_csi300_custom_step0_s_20260729_13,8f5aba69689444c8ab34c01f9e45ba68,0.01,,,
2112,2026-07-29,SH603392,0.04900956526398659,EXP_LinearModel_Alpha158_csi300_custom_step0_s_20260729_13,8f5aba69689444c8ab34c01f9e45ba68,0.01,,,
2113,2026-07-29,SH603369,-0.009269977919757366,EXP_LinearModel_Alpha158_csi300_custom_step0_s_20260729_13,8f5aba69689444c8ab34c01f9e45ba68,0.01,,,
2114,2026-07-29,SH603296,-0.4216527044773102,EXP_LinearModel_Alpha158_csi300_custom_step0_s_20260729_13,8f5aba69689444c8ab34c01f9e45ba68,0.01,,,
2115,2026-07-29,SH603288,0.006101491395384073,EXP_LinearModel_Alpha158_csi300_custom_step0_s_20260729_13,8f5aba69689444c8ab34c01f9e45ba68,0.01,,,
2116,2026-07-29,SH603260,0.4436802268028259,EXP_LinearModel_Alpha158_csi300_custom_step0_s_20260729_13,8f5aba69689444c8ab34c01f9e45ba68,0.01,,,
2117,2026-07-29,SH603259,0.03511650115251541,EXP_LinearModel_Alpha158_csi300_custom_step0_s_20260729_13,8f5aba69689444c8ab34c01f9e45ba68,0.01,,,
2118,2026-07-29,SH603019,0.22144649922847748,EXP_LinearModel_Alpha158_csi300_custom_step0_s_20260729_13,8f5aba69689444c8ab34c01f9e45ba68,0.01,,,
2119,2026-07-29,SH601998,-0.02019994705915451,EXP_LinearModel_Alpha158_csi300_custom_step0_s_20260729_13,8f5aba69689444c8ab34c01f9e45ba68,0.01,,,
2120,2026-07-29,SH601995,0.0368795283138752,EXP_LinearModel_Alpha158_csi300_custom_step0_s_20260729_13,8f5aba69689444c8ab34c01f9e45ba68,0.01,,,
2121,2026-07-29,SH601988,0.048968665301799774,EXP_LinearModel_Alpha158_csi300_custom_step0_s_20260729_13,8f5aba69689444c8ab34c01f9e45ba68,0.01,,,
2122,2026-07-29,SH601985,-0.005995819345116615,EXP_LinearModel_Alpha158_csi300_custom_step0_s_20260729_13,8f5aba69689444c8ab34c01f9e45ba68,0.01,,,
2123,2026-07-29,SH601939,-0.013642556965351105,EXP_LinearModel_Alpha158_csi300_custom_step0_s_20260729_13,8f5aba69689444c8ab34c01f9e45ba68,0.01,,,
2124,2026-07-29,SH601919,-0.010234898887574673,EXP_LinearModel_Alpha158_csi300_custom_step0_s_20260729_13,8f5aba69689444c8ab34c01f9e45ba68,0.01,,,
2125,2026-07-29,SH601916,0.03010687232017517,EXP_LinearModel_Alpha158_csi300_custom_step0_s_20260729_13,8f5aba69689444c8ab34c01f9e45ba68,0.01,,,
2126,2026-07-29,SH601901,-0.005914154462516308,EXP_LinearModel_Alpha158_csi300_custom_step0_s_20260729_13,8f5aba69689444c8ab34c01f9e45ba68,0.01,,,
2127,2026-07-29,SH603893,0.006670661270618439,EXP_LinearModel_Alpha158_csi300_custom_step0_s_20260729_13,8f5aba69689444c8ab34c01f9e45ba68,0.01,,,
2128,2026-07-29,SH601899,-0.07362622767686844,EXP_LinearModel_Alpha158_csi300_custom_step0_s_20260729_13,8f5aba69689444c8ab34c01f9e45ba68,0.01,,,
2129,2026-07-29,SH603986,0.5027956366539001,EXP_LinearModel_Alpha158_csi300_custom_step0_s_20260729_13,8f5aba69689444c8ab34c01f9e45ba68,0.01,,,
2130,2026-07-29,SH605117,-0.08183889836072922,EXP_LinearModel_Alpha158_csi300_custom_step0_s_20260729_13,8f5aba69689444c8ab34c01f9e45ba68,0.01,,,
2131,2026-07-29,SH688396,0.2956915497779846,EXP_LinearModel_Alpha158_csi300_custom_step0_s_20260729_13,8f5aba69689444c8ab34c01f9e45ba68,0.01,,,
2132,2026-07-29,SH688303,0.1474817991256714,EXP_LinearModel_Alpha158_csi300_custom_step0_s_20260729_13,8f5aba69689444c8ab34c01f9e45ba68,0.01,,,
2133,2026-07-29,SH688271,0.12726855278015137,EXP_LinearModel_Alpha158_csi300_custom_step0_s_20260729_13,8f5aba69689444c8ab34c01f9e45ba68,0.01,,,
2134,2026-07-29,SH688256,-0.04605749249458313,EXP_LinearModel_Alpha158_csi300_custom_step0_s_20260729_13,8f5aba69689444c8ab34c01f9e45ba68,0.01,,,
2135,2026-07-29,SH688223,0.21049359440803528,EXP_LinearModel_Alpha158_csi300_custom_step0_s_20260729_13,8f5aba69689444c8ab34c01f9e45ba68,0.01,,,
2136,2026-07-29,SH688183,-0.04517793282866478,EXP_LinearModel_Alpha158_csi300_custom_step0_s_20260729_13,8f5aba69689444c8ab34c01f9e45ba68,0.01,,,
2137,2026-07-29,SH688126,0.35892292857170105,EXP_LinearModel_Alpha158_csi300_custom_step0_s_20260729_13,8f5aba69689444c8ab34c01f9e45ba68,0.01,,,
2138,2026-07-29,SH688111,-0.1470291167497635,EXP_LinearModel_Alpha158_csi300_custom_step0_s_20260729_13,8f5aba69689444c8ab34c01f9e45ba68,0.01,,,
2139,2026-07-29,SH688082,-0.0005024727433919907,EXP_LinearModel_Alpha158_csi300_custom_step0_s_20260729_13,8f5aba69689444c8ab34c01f9e45ba68,0.01,,,
2140,2026-07-29,SH688072,,EXP_LinearModel_Alpha158_csi300_custom_step0_s_20260729_13,8f5aba69689444c8ab34c01f9e45ba68,0.01,,,
2141,2026-07-29,SH688047,0.4086509943008423,EXP_LinearModel_Alpha158_csi300_custom_step0_s_20260729_13,8f5aba69689444c8ab34c01f9e45ba68,0.01,,,
2142,2026-07-29,SH688041,0.08678100258111954,EXP_LinearModel_Alpha158_csi300_custom_step0_s_20260729_13,8f5aba69689444c8ab34c01f9e45ba68,0.01,,,
2143,2026-07-29,SH688036,-0.060719773173332214,EXP_LinearModel_Alpha158_csi300_custom_step0_s_20260729_13,8f5aba69689444c8ab34c01f9e45ba68,0.01,,,
2144,2026-07-29,SH688012,-0.13995599746704102,EXP_LinearModel_Alpha158_csi300_custom_step0_s_20260729_13,8f5aba69689444c8ab34c01f9e45ba68,0.01,,,
2145,2026-07-29,SH688009,0.08457236737012863,EXP_LinearModel_Alpha158_csi300_custom_step0_s_20260729_13,8f5aba69689444c8ab34c01f9e45ba68,0.01,,,
2146,2026-07-29,SH688008,0.015585904009640217,EXP_LinearModel_Alpha158_csi300_custom_step0_s_20260729_13,8f5aba69689444c8ab34c01f9e45ba68,0.01,,,
2147,2026-07-29,SH605499,0.06738927215337753,EXP_LinearModel_Alpha158_csi300_custom_step0_s_20260729_13,8f5aba69689444c8ab34c01f9e45ba68,0.01,,,
2148,2026-07-29,SH603993,-0.10757467895746231,EXP_LinearModel_Alpha158_csi300_custom_step0_s_20260729_13,8f5aba69689444c8ab34c01f9e45ba68,0.01,,,
2149,2026-07-29,SH601211,-0.04959699884057045,EXP_LinearModel_Alpha158_csi300_custom_step0_s_20260729_13,8f5aba69689444c8ab34c01f9e45ba68,0.01,,,
2150,2026-07-29,SH601898,0.004649880807846785,EXP_LinearModel_Alpha158_csi300_custom_step0_s_20260729_13,8f5aba69689444c8ab34c01f9e45ba68,0.01,,,
2151,2026-07-29,SH601881,-0.06447778642177582,EXP_LinearModel_Alpha158_csi300_custom_step0_s_20260729_13,8f5aba69689444c8ab34c01f9e45ba68,0.01,,,
2152,2026-07-29,SH601628,0.1469469666481018,EXP_LinearModel_Alpha158_csi300_custom_step0_s_20260729_13,8f5aba69689444c8ab34c01f9e45ba68,0.01,,,
2153,2026-07-29,SH601618,0.05020390450954437,EXP_LinearModel_Alpha158_csi300_custom_step0_s_20260729_13,8f5aba69689444c8ab34c01f9e45ba68,0.01,,,
2154,2026-07-29,SH601607,-0.04651931673288345,EXP_LinearModel_Alpha158_csi300_custom_step0_s_20260729_13,8f5aba69689444c8ab34c01f9e45ba68,0.01,,,
2155,2026-07-29,SH601601,0.09237337857484818,EXP_LinearModel_Alpha158_csi300_custom_step0_s_20260729_13,8f5aba69689444c8ab34c01f9e45ba68,0.01,,,
2156,2026-07-29,SH601600,0.007469553500413895,EXP_LinearModel_Alpha158_csi300_custom_step0_s_20260729_13,8f5aba69689444c8ab34c01f9e45ba68,0.01,,,
2157,2026-07-29,SH601456,0.03387223184108734,EXP_LinearModel_Alpha158_csi300_custom_step0_s_20260729_13,8f5aba69689444c8ab34c01f9e45ba68,0.01,,,
2158,2026-07-29,SH601398,0.03542954474687576,EXP_LinearModel_Alpha158_csi300_custom_step0_s_20260729_13,8f5aba69689444c8ab34c01f9e45ba68,0.01,,,
2159,2026-07-29,SH601390,0.09242116659879684,EXP_LinearModel_Alpha158_csi300_custom_step0_s_20260729_13,8f5aba69689444c8ab34c01f9e45ba68,0.01,,,
2160,2026-07-29,SH601377,-0.07653750479221344,EXP_LinearModel_Alpha158_csi300_custom_step0_s_20260729_13,8f5aba69689444c8ab34c01f9e45ba68,0.01,,,
2161,2026-07-29,SH601360,-0.011598305776715279,EXP_LinearModel_Alpha158_csi300_custom_step0_s_20260729_13,8f5aba69689444c8ab34c01f9e45ba68,0.01,,,
2162,2026-07-29,SH601336,0.0504336953163147,EXP_LinearModel_Alpha158_csi300_custom_step0_s_20260729_13,8f5aba69689444c8ab34c01f9e45ba68,0.01,,,
2163,2026-07-29,SH601328,0.026700221002101898,EXP_LinearModel_Alpha158_csi300_custom_step0_s_20260729_13,8f5aba69689444c8ab34c01f9e45ba68,0.01,,,
2164,2026-07-29,SH601319,0.049917642027139664,EXP_LinearModel_Alpha158_csi300_custom_step0_s_20260729_13,8f5aba69689444c8ab34c01f9e45ba68,0.01,,,
2165,2026-07-29,SH601318,0.0837177038192749,EXP_LinearModel_Alpha158_csi300_custom_step0_s_20260729_13,8f5aba69689444c8ab34c01f9e45ba68,0.01,,,
2166,2026-07-29,SH601288,0.007193068973720074,EXP_LinearModel_Alpha158_csi300_custom_step0_s_20260729_13,8f5aba69689444c8ab34c01f9e45ba68,0.01,,,
2167,2026-07-29,SH601238,0.0036405157297849655,EXP_LinearModel_Alpha158_csi300_custom_step0_s_20260729_13,8f5aba69689444c8ab34c01f9e45ba68,0.01,,,
2168,2026-07-29,SH601229,-0.08349999785423279,EXP_LinearModel_Alpha158_csi300_custom_step0_s_20260729_13,8f5aba69689444c8ab34c01f9e45ba68,0.01,,,
2169,2026-07-29,SH601633,0.010157969780266285,EXP_LinearModel_Alpha158_csi300_custom_step0_s_20260729_13,8f5aba69689444c8ab34c01f9e45ba68,0.01,,,
2170,2026-07-29,SH601888,-0.021747540682554245,EXP_LinearModel_Alpha158_csi300_custom_step0_s_20260729_13,8f5aba69689444c8ab34c01f9e45ba68,0.01,,,
2171,2026-07-29,SH601658,0.04525328427553177,EXP_LinearModel_Alpha158_csi300_custom_step0_s_20260729_13,8f5aba69689444c8ab34c01f9e45ba68,0.01,,,
2172,2026-07-29,SH601669,0.04518264904618263,EXP_LinearModel_Alpha158_csi300_custom_step0_s_20260729_13,8f5aba69689444c8ab34c01f9e45ba68,0.01,,,
2173,2026-07-29,SH601878,-0.017602818086743355,EXP_LinearModel_Alpha158_csi300_custom_step0_s_20260729_13,8f5aba69689444c8ab34c01f9e45ba68,0.01,,,
2174,2026-07-29,SH601877,0.09000437706708908,EXP_LinearModel_Alpha158_csi300_custom_step0_s_20260729_13,8f5aba69689444c8ab34c01f9e45ba68,0.01,,,
2175,2026-07-29,SH601872,-0.02554982900619507,EXP_LinearModel_Alpha158_csi300_custom_step0_s_20260729_13,8f5aba69689444c8ab34c01f9e45ba68,0.01,,,
2176,2026-07-29,SH601868,0.09190722554922104,EXP_LinearModel_Alpha158_csi300_custom_step0_s_20260729_13,8f5aba69689444c8ab34c01f9e45ba68,0.01,,,
2177,2026-07-29,SH601857,0.07991348206996918,EXP_LinearModel_Alpha158_csi300_custom_step0_s_20260729_13,8f5aba69689444c8ab34c01f9e45ba68,0.01,,,
2178,2026-07-29,SH601838,0.021814700216054916,EXP_LinearModel_Alpha158_csi300_custom_step0_s_20260729_13,8f5aba69689444c8ab34c01f9e45ba68,0.01,,,
2179,2026-07-29,SH601825,-0.07512261718511581,EXP_LinearModel_Alpha158_csi300_custom_step0_s_20260729_13,8f5aba69689444c8ab34c01f9e45ba68,0.01,,,
2180,2026-07-29,SH601818,0.036433421075344086,EXP_LinearModel_Alpha158_csi300_custom_step0_s_20260729_13,8f5aba69689444c8ab34c01f9e45ba68,0.01,,,
2181,2026-07-29,SH601816,-0.00030791154131293297,EXP_LinearModel_Alpha158_csi300_custom_step0_s_20260729_13,8f5aba69689444c8ab34c01f9e45ba68,0.01,,,
2182,2026-07-29,SH601800,0.0018138368614017963,EXP_LinearModel_Alpha158_csi300_custom_step0_s_20260729_13,8f5aba69689444c8ab34c01f9e45ba68,0.01,,,
2183,2026-07-29,SH601788,-0.0007232092320919037,EXP_LinearModel_Alpha158_csi300_custom_step0_s_20260729_13,8f5aba69689444c8ab34c01f9e45ba68,0.01,,,
2184,2026-07-29,SH601766,0.07066410034894943,EXP_LinearModel_Alpha158_csi300_custom_step0_s_20260729_13,8f5aba69689444c8ab34c01f9e45ba68,0.01,,,
2185,2026-07-29,SH601728,0.06456826627254486,EXP_LinearModel_Alpha158_csi300_custom_step0_s_20260729_13,8f5aba69689444c8ab34c01f9e45ba68,0.01,,,
2186,2026-07-29,SH601727,0.006914383731782436,EXP_LinearModel_Alpha158_csi300_custom_step0_s_20260729_13,8f5aba69689444c8ab34c01f9e45ba68,0.01,,,
2187,2026-07-29,SH601698,0.184250146150589,EXP_LinearModel_Alpha158_csi300_custom_step0_s_20260729_13,8f5aba69689444c8ab34c01f9e45ba68,0.01,,,
2188,2026-07-29,SH601689,0.14300020039081573,EXP_LinearModel_Alpha158_csi300_custom_step0_s_20260729_13,8f5aba69689444c8ab34c01f9e45ba68,0.01,,,
2189,2026-07-29,SH601688,-0.003080524504184723,EXP_LinearModel_Alpha158_csi300_custom_step0_s_20260729_13,8f5aba69689444c8ab34c01f9e45ba68,0.01,,,
2190,2026-07-29,SH601668,0.055935222655534744,EXP_LinearModel_Alpha158_csi300_custom_step0_s_20260729_13,8f5aba69689444c8ab34c01f9e45ba68,0.01,,,
2191,2026-07-29,SH600050,0.15080852806568146,EXP_LinearModel_Alpha158_csi300_custom_step0_s_20260729_13,8f5aba69689444c8ab34c01f9e45ba68,0.01,,,
2192,2026-07-29,SH600048,0.04337964951992035,EXP_LinearModel_Alpha158_csi300_custom_step0_s_20260729_13,8f5aba69689444c8ab34c01f9e45ba68,0.01,,,
2193,2026-07-29,SH600039,0.10817462205886841,EXP_LinearModel_Alpha158_csi300_custom_step0_s_20260729_13,8f5aba69689444c8ab34c01f9e45ba68,0.01,,,
2194,2026-07-29,SZ000768,-0.006002712529152632,EXP_LinearModel_Alpha158_csi300_custom_step0_s_20260729_13,b17bfd4a125741fe9a03582ba1e3f14d,0.07,,,
2195,2026-07-29,SZ000725,0.03856921195983887,EXP_LinearModel_Alpha158_csi300_custom_step0_s_20260729_13,b17bfd4a125741fe9a03582ba1e3f14d,0.07,,,
2196,2026-07-29,SZ000708,0.0211644284427166,EXP_LinearModel_Alpha158_csi300_custom_step0_s_20260729_13,b17bfd4a125741fe9a03582ba1e3f14d,0.07,,,
2197,2026-07-29,SZ000657,0.2394952028989792,EXP_LinearModel_Alpha158_csi300_custom_step0_s_20260729_13,b17bfd4a125741fe9a03582ba1e3f14d,0.07,,,
2198,2026-07-29,SZ000651,0.0007971621816977859,EXP_LinearModel_Alpha158_csi300_custom_step0_s_20260729_13,b17bfd4a125741fe9a03582ba1e3f14d,0.07,,,
2199,2026-07-29,SZ000630,0.03745672479271889,EXP_LinearModel_Alpha158_csi300_custom_step0_s_20260729_13,b17bfd4a125741fe9a03582ba1e3f14d,0.07,,,
2200,2026-07-29,SZ000625,-0.04928434640169144,EXP_LinearModel_Alpha158_csi300_custom_step0_s_20260729_13,b17bfd4a125741fe9a03582ba1e3f14d,0.07,,,
2201,2026-07-29,SZ000617,-0.029267506673932076,EXP_LinearModel_Alpha158_csi300_custom_step0_s_20260729_13,b17bfd4a125741fe9a03582ba1e3f14d,0.07,,,
2202,2026-07-29,SZ000596,-0.10485886037349701,EXP_LinearModel_Alpha158_csi300_custom_step0_s_20260729_13,b17bfd4a125741fe9a03582ba1e3f14d,0.07,,,
2203,2026-07-29,SZ000568,-0.00047241058200597763,EXP_LinearModel_Alpha158_csi300_custom_step0_s_20260729_13,b17bfd4a125741fe9a03582ba1e3f14d,0.07,,,
2204,2026-07-29,SZ000538,-0.01745946705341339,EXP_LinearModel_Alpha158_csi300_custom_step0_s_20260729_13,b17bfd4a125741fe9a03582ba1e3f14d,0.07,,,
2205,2026-07-29,SZ000425,-0.04392898827791214,EXP_LinearModel_Alpha158_csi300_custom_step0_s_20260729_13,b17bfd4a125741fe9a03582ba1e3f14d,0.07,,,
2206,2026-07-29,SZ000408,-0.11302227526903152,EXP_LinearModel_Alpha158_csi300_custom_step0_s_20260729_13,b17bfd4a125741fe9a03582ba1e3f14d,0.07,,,
2207,2026-07-29,SZ000338,-0.05892820283770561,EXP_LinearModel_Alpha158_csi300_custom_step0_s_20260729_13,b17bfd4a125741fe9a03582ba1e3f14d,0.07,,,
2208,2026-07-29,SZ000333,0.041236668825149536,EXP_LinearModel_Alpha158_csi300_custom_step0_s_20260729_13,b17bfd4a125741fe9a03582ba1e3f14d,0.07,,,
2209,2026-07-29,SZ000301,-0.00855239201337099,EXP_LinearModel_Alpha158_csi300_custom_step0_s_20260729_13,b17bfd4a125741fe9a03582ba1e3f14d,0.07,,,
2210,2026-07-29,SZ000166,0.024232668802142143,EXP_LinearModel_Alpha158_csi300_custom_step0_s_20260729_13,b17bfd4a125741fe9a03582ba1e3f14d,0.07,,,
2211,2026-07-29,SZ000776,-0.06332481652498245,EXP_LinearModel_Alpha158_csi300_custom_step0_s_20260729_13,b17bfd4a125741fe9a03582ba1e3f14d,0.07,,,
2212,2026-07-29,SZ000157,0.033897269517183304,EXP_LinearModel_Alpha158_csi300_custom_step0_s_20260729_13,b17bfd4a125741fe9a03582ba1e3f14d,0.07,,,
2213,2026-07-29,SZ000792,-0.13260172307491302,EXP_LinearModel_Alpha158_csi300_custom_step0_s_20260729_13,b17bfd4a125741fe9a03582ba1e3f14d,0.07,,,
2214,2026-07-29,SZ000858,-0.039042748510837555,EXP_LinearModel_Alpha158_csi300_custom_step0_s_20260729_13,b17bfd4a125741fe9a03582ba1e3f14d,0.07,,,
2215,2026-07-29,SZ002074,-0.04382026195526123,EXP_LinearModel_Alpha158_csi300_custom_step0_s_20260729_13,b17bfd4a125741fe9a03582ba1e3f14d,0.07,,,
2216,2026-07-29,SZ002050,-0.07777327299118042,EXP_LinearModel_Alpha158_csi300_custom_step0_s_20260729_13,b17bfd4a125741fe9a03582ba1e3f14d,0.07,,,
2217,2026-07-29,SZ002049,0.061530619859695435,EXP_LinearModel_Alpha158_csi300_custom_step0_s_20260729_13,b17bfd4a125741fe9a03582ba1e3f14d,0.07,,,
2218,2026-07-29,SZ002028,-0.1667310744524002,EXP_LinearModel_Alpha158_csi300_custom_step0_s_20260729_13,b17bfd4a125741fe9a03582ba1e3f14d,0.07,,,
2219,2026-07-29,SZ002027,0.08217284083366394,EXP_LinearModel_Alpha158_csi300_custom_step0_s_20260729_13,b17bfd4a125741fe9a03582ba1e3f14d,0.07,,,
2220,2026-07-29,SZ002001,-0.0655403733253479,EXP_LinearModel_Alpha158_csi300_custom_step0_s_20260729_13,b17bfd4a125741fe9a03582ba1e3f14d,0.07,,,
2221,2026-07-29,SZ001979,-0.036824241280555725,EXP_LinearModel_Alpha158_csi300_custom_step0_s_20260729_13,b17bfd4a125741fe9a03582ba1e3f14d,0.07,,,
2222,2026-07-29,SZ001965,-0.03292888402938843,EXP_LinearModel_Alpha158_csi300_custom_step0_s_20260729_13,b17bfd4a125741fe9a03582ba1e3f14d,0.07,,,
2223,2026-07-29,SZ001391,0.08327507972717285,EXP_LinearModel_Alpha158_csi300_custom_step0_s_20260729_13,b17bfd4a125741fe9a03582ba1e3f14d,0.07,,,
2224,2026-07-29,SZ001280,0.06893737614154816,EXP_LinearModel_Alpha158_csi300_custom_step0_s_20260729_13,b17bfd4a125741fe9a03582ba1e3f14d,0.07,,,
2225,2026-07-29,SZ000999,-0.0013654956128448248,EXP_LinearModel_Alpha158_csi300_custom_step0_s_20260729_13,b17bfd4a125741fe9a03582ba1e3f14d,0.07,,,
2226,2026-07-29,SZ000988,0.2848934233188629,EXP_LinearModel_Alpha158_csi300_custom_step0_s_20260729_13,b17bfd4a125741fe9a03582ba1e3f14d,0.07,,,
2227,2026-07-29,SZ000977,-0.06407052278518677,EXP_LinearModel_Alpha158_csi300_custom_step0_s_20260729_13,b17bfd4a125741fe9a03582ba1e3f14d,0.07,,,
2228,2026-07-29,SZ000975,-0.05619114637374878,EXP_LinearModel_Alpha158_csi300_custom_step0_s_20260729_13,b17bfd4a125741fe9a03582ba1e3f14d,0.07,,,
2229,2026-07-29,SZ000963,-0.035028740763664246,EXP_LinearModel_Alpha158_csi300_custom_step0_s_20260729_13,b17bfd4a125741fe9a03582ba1e3f14d,0.07,,,
2230,2026-07-29,SZ000938,0.05527429282665253,EXP_LinearModel_Alpha158_csi300_custom_step0_s_20260729_13,b17bfd4a125741fe9a03582ba1e3f14d,0.07,,,
2231,2026-07-29,SZ000895,0.07931823283433914,EXP_LinearModel_Alpha158_csi300_custom_step0_s_20260729_13,b17bfd4a125741fe9a03582ba1e3f14d,0.07,,,
2232,2026-07-29,SZ000807,-0.013736641965806484,EXP_LinearModel_Alpha158_csi300_custom_step0_s_20260729_13,b17bfd4a125741fe9a03582ba1e3f14d,0.07,,,
2233,2026-07-29,SZ002142,0.012413151562213898,EXP_LinearModel_Alpha158_csi300_custom_step0_s_20260729_13,b17bfd4a125741fe9a03582ba1e3f14d,0.07,,,
2234,2026-07-29,SZ000100,-0.056396640837192535,EXP_LinearModel_Alpha158_csi300_custom_step0_s_20260729_13,b17bfd4a125741fe9a03582ba1e3f14d,0.07,,,
2235,2026-07-29,SZ000002,-0.09284477680921555,EXP_LinearModel_Alpha158_csi300_custom_step0_s_20260729_13,b17bfd4a125741fe9a03582ba1e3f14d,0.07,,,
2236,2026-07-29,SH605499,0.010735156945884228,EXP_LinearModel_Alpha158_csi300_custom_step0_s_20260729_13,b17bfd4a125741fe9a03582ba1e3f14d,0.07,,,
2237,2026-07-29,SH605117,-0.0974053293466568,EXP_LinearModel_Alpha158_csi300_custom_step0_s_20260729_13,b17bfd4a125741fe9a03582ba1e3f14d,0.07,,,
2238,2026-07-29,SH603993,-0.11349031329154968,EXP_LinearModel_Alpha158_csi300_custom_step0_s_20260729_13,b17bfd4a125741fe9a03582ba1e3f14d,0.07,,,
2239,2026-07-29,SH603986,0.07569845765829086,EXP_LinearModel_Alpha158_csi300_custom_step0_s_20260729_13,b17bfd4a125741fe9a03582ba1e3f14d,0.07,,,
2240,2026-07-29,SH603893,-0.059766072779893875,EXP_LinearModel_Alpha158_csi300_custom_step0_s_20260729_13,b17bfd4a125741fe9a03582ba1e3f14d,0.07,,,
2241,2026-07-29,SH603799,-0.05102863907814026,EXP_LinearModel_Alpha158_csi300_custom_step0_s_20260729_13,b17bfd4a125741fe9a03582ba1e3f14d,0.07,,,
2242,2026-07-29,SH603501,0.15251252055168152,EXP_LinearModel_Alpha158_csi300_custom_step0_s_20260729_13,b17bfd4a125741fe9a03582ba1e3f14d,0.07,,,
2243,2026-07-29,SH603392,-0.085749551653862,EXP_LinearModel_Alpha158_csi300_custom_step0_s_20260729_13,b17bfd4a125741fe9a03582ba1e3f14d,0.07,,,
2244,2026-07-29,SH603369,0.04058743640780449,EXP_LinearModel_Alpha158_csi300_custom_step0_s_20260729_13,b17bfd4a125741fe9a03582ba1e3f14d,0.07,,,
2245,2026-07-29,SH603296,-0.294775128364563,EXP_LinearModel_Alpha158_csi300_custom_step0_s_20260729_13,b17bfd4a125741fe9a03582ba1e3f14d,0.07,,,
2246,2026-07-29,SH603288,0.02972305193543434,EXP_LinearModel_Alpha158_csi300_custom_step0_s_20260729_13,b17bfd4a125741fe9a03582ba1e3f14d,0.07,,,
2247,2026-07-29,SH603260,0.14947287738323212,EXP_LinearModel_Alpha158_csi300_custom_step0_s_20260729_13,b17bfd4a125741fe9a03582ba1e3f14d,0.07,,,
2248,2026-07-29,SH603259,0.011296311393380165,EXP_LinearModel_Alpha158_csi300_custom_step0_s_20260729_13,b17bfd4a125741fe9a03582ba1e3f14d,0.07,,,
2249,2026-07-29,SH603019,0.020487841218709946,EXP_LinearModel_Alpha158_csi300_custom_step0_s_20260729_13,b17bfd4a125741fe9a03582ba1e3f14d,0.07,,,
2250,2026-07-29,SH601998,-0.01766757108271122,EXP_LinearModel_Alpha158_csi300_custom_step0_s_20260729_13,b17bfd4a125741fe9a03582ba1e3f14d,0.07,,,
2251,2026-07-29,SH601995,0.04563848674297333,EXP_LinearModel_Alpha158_csi300_custom_step0_s_20260729_13,b17bfd4a125741fe9a03582ba1e3f14d,0.07,,,
2252,2026-07-29,SH601988,0.04877905175089836,EXP_LinearModel_Alpha158_csi300_custom_step0_s_20260729_13,b17bfd4a125741fe9a03582ba1e3f14d,0.07,,,
2253,2026-07-29,SH688008,-0.15024419128894806,EXP_LinearModel_Alpha158_csi300_custom_step0_s_20260729_13,b17bfd4a125741fe9a03582ba1e3f14d,0.07,,,
2254,2026-07-29,SZ000063,-0.046252693980932236,EXP_LinearModel_Alpha158_csi300_custom_step0_s_20260729_13,b17bfd4a125741fe9a03582ba1e3f14d,0.07,,,
2255,2026-07-29,SH688009,0.1210838258266449,EXP_LinearModel_Alpha158_csi300_custom_step0_s_20260729_13,b17bfd4a125741fe9a03582ba1e3f14d,0.07,,,
2256,2026-07-29,SH688036,-0.06492865085601807,EXP_LinearModel_Alpha158_csi300_custom_step0_s_20260729_13,b17bfd4a125741fe9a03582ba1e3f14d,0.07,,,
2257,2026-07-29,SZ000001,-0.026829909533262253,EXP_LinearModel_Alpha158_csi300_custom_step0_s_20260729_13,b17bfd4a125741fe9a03582ba1e3f14d,0.07,,,
2258,2026-07-29,SH688981,-0.045281048864126205,EXP_LinearModel_Alpha158_csi300_custom_step0_s_20260729_13,b17bfd4a125741fe9a03582ba1e3f14d,0.07,,,
2259,2026-07-29,SH688521,-0.124261274933815,EXP_LinearModel_Alpha158_csi300_custom_step0_s_20260729_13,b17bfd4a125741fe9a03582ba1e3f14d,0.07,,,
2260,2026-07-29,SH688506,0.033532366156578064,EXP_LinearModel_Alpha158_csi300_custom_step0_s_20260729_13,b17bfd4a125741fe9a03582ba1e3f14d,0.07,,,
2261,2026-07-29,SH688472,-0.029484504833817482,EXP_LinearModel_Alpha158_csi300_custom_step0_s_20260729_13,b17bfd4a125741fe9a03582ba1e3f14d,0.07,,,
2262,2026-07-29,SH688396,0.046758588403463364,EXP_LinearModel_Alpha158_csi300_custom_step0_s_20260729_13,b17bfd4a125741fe9a03582ba1e3f14d,0.07,,,
2263,2026-07-29,SH688303,0.05374449864029884,EXP_LinearModel_Alpha158_csi300_custom_step0_s_20260729_13,b17bfd4a125741fe9a03582ba1e3f14d,0.07,,,
2264,2026-07-29,SH688271,0.05858764797449112,EXP_LinearModel_Alpha158_csi300_custom_step0_s_20260729_13,b17bfd4a125741fe9a03582ba1e3f14d,0.07,,,
2265,2026-07-29,SH688256,-0.16415630280971527,EXP_LinearModel_Alpha158_csi300_custom_step0_s_20260729_13,b17bfd4a125741fe9a03582ba1e3f14d,0.07,,,
2266,2026-07-29,SH688223,0.06567429006099701,EXP_LinearModel_Alpha158_csi300_custom_step0_s_20260729_13,b17bfd4a125741fe9a03582ba1e3f14d,0.07,,,
2267,2026-07-29,SH688183,-0.14043138921260834,EXP_LinearModel_Alpha158_csi300_custom_step0_s_20260729_13,b17bfd4a125741fe9a03582ba1e3f14d,0.07,,,
2268,2026-07-29,SH688126,0.0900416299700737,EXP_LinearModel_Alpha158_csi300_custom_step0_s_20260729_13,b17bfd4a125741fe9a03582ba1e3f14d,0.07,,,
2269,2026-07-29,SH688111,-0.19393116235733032,EXP_LinearModel_Alpha158_csi300_custom_step0_s_20260729_13,b17bfd4a125741fe9a03582ba1e3f14d,0.07,,,
2270,2026-07-29,SH688082,-0.23756779730319977,EXP_LinearModel_Alpha158_csi300_custom_step0_s_20260729_13,b17bfd4a125741fe9a03582ba1e3f14d,0.07,,,
2271,2026-07-29,SH688072,,EXP_LinearModel_Alpha158_csi300_custom_step0_s_20260729_13,b17bfd4a125741fe9a03582ba1e3f14d,0.07,,,
2272,2026-07-29,SH688047,0.09518477320671082,EXP_LinearModel_Alpha158_csi300_custom_step0_s_20260729_13,b17bfd4a125741fe9a03582ba1e3f14d,0.07,,,
2273,2026-07-29,SH688041,-0.09230034798383713,EXP_LinearModel_Alpha158_csi300_custom_step0_s_20260729_13,b17bfd4a125741fe9a03582ba1e3f14d,0.07,,,
2274,2026-07-29,SH688012,-0.23244722187519073,EXP_LinearModel_Alpha158_csi300_custom_step0_s_20260729_13,b17bfd4a125741fe9a03582ba1e3f14d,0.07,,,
2275,2026-07-29,SZ002179,-0.0172894150018692,EXP_LinearModel_Alpha158_csi300_custom_step0_s_20260729_13,b17bfd4a125741fe9a03582ba1e3f14d,0.07,,,
2276,2026-07-29,SZ002202,0.005227226763963699,EXP_LinearModel_Alpha158_csi300_custom_step0_s_20260729_13,b17bfd4a125741fe9a03582ba1e3f14d,0.07,,,
2277,2026-07-29,SZ002230,-0.09173428267240524,EXP_LinearModel_Alpha158_csi300_custom_step0_s_20260729_13,b17bfd4a125741fe9a03582ba1e3f14d,0.07,,,
2278,2026-07-29,SZ301165,-0.27345460653305054,EXP_LinearModel_Alpha158_csi300_custom_step0_s_20260729_13,b17bfd4a125741fe9a03582ba1e3f14d,0.07,,,
2279,2026-07-29,SZ300999,0.06205558776855469,EXP_LinearModel_Alpha158_csi300_custom_step0_s_20260729_13,b17bfd4a125741fe9a03582ba1e3f14d,0.07,,,
2280,2026-07-29,SZ300896,-0.02492058463394642,EXP_LinearModel_Alpha158_csi300_custom_step0_s_20260729_13,b17bfd4a125741fe9a03582ba1e3f14d,0.07,,,
2281,2026-07-29,SZ300866,0.03343285992741585,EXP_LinearModel_Alpha158_csi300_custom_step0_s_20260729_13,b17bfd4a125741fe9a03582ba1e3f14d,0.07,,,
2282,2026-07-29,SZ300832,-0.014420673251152039,EXP_LinearModel_Alpha158_csi300_custom_step0_s_20260729_13,b17bfd4a125741fe9a03582ba1e3f14d,0.07,,,
2283,2026-07-29,SZ300803,0.12736256420612335,EXP_LinearModel_Alpha158_csi300_custom_step0_s_20260729_13,b17bfd4a125741fe9a03582ba1e3f14d,0.07,,,
2284,2026-07-29,SZ300760,0.048717349767684937,EXP_LinearModel_Alpha158_csi300_custom_step0_s_20260729_13,b17bfd4a125741fe9a03582ba1e3f14d,0.07,,,
2285,2026-07-29,SZ300750,-0.08458790928125381,EXP_LinearModel_Alpha158_csi300_custom_step0_s_20260729_13,b17bfd4a125741fe9a03582ba1e3f14d,0.07,,,
2286,2026-07-29,SZ300661,0.031679850071668625,EXP_LinearModel_Alpha158_csi300_custom_step0_s_20260729_13,b17bfd4a125741fe9a03582ba1e3f14d,0.07,,,
2287,2026-07-29,SZ300628,-0.04505657032132149,EXP_LinearModel_Alpha158_csi300_custom_step0_s_20260729_13,b17bfd4a125741fe9a03582ba1e3f14d,0.07,,,
2288,2026-07-29,SZ300502,0.045433659106492996,EXP_LinearModel_Alpha158_csi300_custom_step0_s_20260729_13,b17bfd4a125741fe9a03582ba1e3f14d,0.07,,,
2289,2026-07-29,SZ300498,0.03197644278407097,EXP_LinearModel_Alpha158_csi300_custom_step0_s_20260729_13,b17bfd4a125741fe9a03582ba1e3f14d,0.07,,,
2290,2026-07-29,SZ300476,0.1460997462272644,EXP_LinearModel_Alpha158_csi300_custom_step0_s_20260729_13,b17bfd4a125741fe9a03582ba1e3f14d,0.07,,,
2291,2026-07-29,SZ300450,0.024739475920796394,EXP_LinearModel_Alpha158_csi300_custom_step0_s_20260729_13,b17bfd4a125741fe9a03582ba1e3f14d,0.07,,,
2292,2026-07-29,SZ300442,-0.13372531533241272,EXP_LinearModel_Alpha158_csi300_custom_step0_s_20260729_13,b17bfd4a125741fe9a03582ba1e3f14d,0.07,,,
2293,2026-07-29,SZ300433,0.04620657116174698,EXP_LinearModel_Alpha158_csi300_custom_step0_s_20260729_13,b17bfd4a125741fe9a03582ba1e3f14d,0.07,,,
2294,2026-07-29,SZ300418,-0.1443072259426117,EXP_LinearModel_Alpha158_csi300_custom_step0_s_20260729_13,b17bfd4a125741fe9a03582ba1e3f14d,0.07,,,
2295,2026-07-29,SZ301236,-0.11130017787218094,EXP_LinearModel_Alpha158_csi300_custom_step0_s_20260729_13,b17bfd4a125741fe9a03582ba1e3f14d,0.07,,,
2296,2026-07-29,SZ300413,0.045465271919965744,EXP_LinearModel_Alpha158_csi300_custom_step0_s_20260729_13,b17bfd4a125741fe9a03582ba1e3f14d,0.07,,,
2297,2026-07-29,SZ301269,-0.04622204974293709,EXP_LinearModel_Alpha158_csi300_custom_step0_s_20260729_13,b17bfd4a125741fe9a03582ba1e3f14d,0.07,,,
2298,2026-07-29,SZ302132,-0.07025206089019775,EXP_LinearModel_Alpha158_csi300_custom_step0_s_20260729_13,b17bfd4a125741fe9a03582ba1e3f14d,0.07,,,
2299,2026-07-29,SH600036,0.0012071854434907436,EXP_LinearModel_Alpha158_csi300_custom_step0_s_20260729_13,8f5aba69689444c8ab34c01f9e45ba68,0.01,,,
2300,2026-07-29,SH600031,-0.08966831117868423,EXP_LinearModel_Alpha158_csi300_custom_step0_s_20260729_13,8f5aba69689444c8ab34c01f9e45ba68,0.01,,,
2301,2026-07-29,SH600030,0.00490461103618145,EXP_LinearModel_Alpha158_csi300_custom_step0_s_20260729_13,8f5aba69689444c8ab34c01f9e45ba68,0.01,,,
2302,2026-07-29,SH600029,0.028076406568288803,EXP_LinearModel_Alpha158_csi300_custom_step0_s_20260729_13,8f5aba69689444c8ab34c01f9e45ba68,0.01,,,
2303,2026-07-29,SH600028,0.15022589266300201,EXP_LinearModel_Alpha158_csi300_custom_step0_s_20260729_13,8f5aba69689444c8ab34c01f9e45ba68,0.01,,,
2304,2026-07-29,SH600027,0.022104527801275253,EXP_LinearModel_Alpha158_csi300_custom_step0_s_20260729_13,8f5aba69689444c8ab34c01f9e45ba68,0.01,,,
2305,2026-07-29,SH600026,0.020865751430392265,EXP_LinearModel_Alpha158_csi300_custom_step0_s_20260729_13,8f5aba69689444c8ab34c01f9e45ba68,0.01,,,
2306,2026-07-29,SH600025,0.03880941495299339,EXP_LinearModel_Alpha158_csi300_custom_step0_s_20260729_13,8f5aba69689444c8ab34c01f9e45ba68,0.01,,,
2307,2026-07-29,SH600023,0.028820494189858437,EXP_LinearModel_Alpha158_csi300_custom_step0_s_20260729_13,8f5aba69689444c8ab34c01f9e45ba68,0.01,,,
2308,2026-07-29,SH600019,-0.005620318464934826,EXP_LinearModel_Alpha158_csi300_custom_step0_s_20260729_13,8f5aba69689444c8ab34c01f9e45ba68,0.01,,,
2309,2026-07-29,SH600018,0.1178225725889206,EXP_LinearModel_Alpha158_csi300_custom_step0_s_20260729_13,8f5aba69689444c8ab34c01f9e45ba68,0.01,,,
2310,2026-07-29,SH600016,0.0005942115094512701,EXP_LinearModel_Alpha158_csi300_custom_step0_s_20260729_13,8f5aba69689444c8ab34c01f9e45ba68,0.01,,,
2311,2026-07-29,SH600015,-0.024840442463755608,EXP_LinearModel_Alpha158_csi300_custom_step0_s_20260729_13,8f5aba69689444c8ab34c01f9e45ba68,0.01,,,
2312,2026-07-29,SH600011,-0.05749781057238579,EXP_LinearModel_Alpha158_csi300_custom_step0_s_20260729_13,8f5aba69689444c8ab34c01f9e45ba68,0.01,,,
2313,2026-07-29,SH600010,0.112581267952919,EXP_LinearModel_Alpha158_csi300_custom_step0_s_20260729_13,8f5aba69689444c8ab34c01f9e45ba68,0.01,,,
2314,2026-07-29,SH600009,0.04537051171064377,EXP_LinearModel_Alpha158_csi300_custom_step0_s_20260729_13,8f5aba69689444c8ab34c01f9e45ba68,0.01,,,
2315,2026-07-29,SH600000,-0.053704194724559784,EXP_LinearModel_Alpha158_csi300_custom_step0_s_20260729_13,8f5aba69689444c8ab34c01f9e45ba68,0.01,,,
2316,2026-07-29,SZ301308,0.2547908425331116,EXP_LinearModel_Alpha158_csi300_custom_step0_s_20260729_13,b17bfd4a125741fe9a03582ba1e3f14d,0.07,,,
2317,2026-07-29,SZ300408,0.30189454555511475,EXP_LinearModel_Alpha158_csi300_custom_step0_s_20260729_13,b17bfd4a125741fe9a03582ba1e3f14d,0.07,,,
2318,2026-07-29,SZ300394,0.23438628017902374,EXP_LinearModel_Alpha158_csi300_custom_step0_s_20260729_13,b17bfd4a125741fe9a03582ba1e3f14d,0.07,,,
2319,2026-07-29,SZ300316,0.025073297321796417,EXP_LinearModel_Alpha158_csi300_custom_step0_s_20260729_13,b17bfd4a125741fe9a03582ba1e3f14d,0.07,,,
2320,2026-07-29,SZ002558,-0.025901302695274353,EXP_LinearModel_Alpha158_csi300_custom_step0_s_20260729_13,b17bfd4a125741fe9a03582ba1e3f14d,0.07,,,
2321,2026-07-29,SZ002532,-0.01731247827410698,EXP_LinearModel_Alpha158_csi300_custom_step0_s_20260729_13,b17bfd4a125741fe9a03582ba1e3f14d,0.07,,,
2322,2026-07-29,SZ002493,-0.12580591440200806,EXP_LinearModel_Alpha158_csi300_custom_step0_s_20260729_13,b17bfd4a125741fe9a03582ba1e3f14d,0.07,,,
2323,2026-07-29,SZ002475,-0.03541886806488037,EXP_LinearModel_Alpha158_csi300_custom_step0_s_20260729_13,b17bfd4a125741fe9a03582ba1e3f14d,0.07,,,
2324,2026-07-29,SZ002466,0.004616063088178635,EXP_LinearModel_Alpha158_csi300_custom_step0_s_20260729_13,b17bfd4a125741fe9a03582ba1e3f14d,0.07,,,
2325,2026-07-29,SZ002463,-0.10765495896339417,EXP_LinearModel_Alpha158_csi300_custom_step0_s_20260729_13,b17bfd4a125741fe9a03582ba1e3f14d,0.07,,,
2326,2026-07-29,SZ002460,0.011810016818344593,EXP_LinearModel_Alpha158_csi300_custom_step0_s_20260729_13,b17bfd4a125741fe9a03582ba1e3f14d,0.07,,,
2327,2026-07-29,SZ002422,-0.044744864106178284,EXP_LinearModel_Alpha158_csi300_custom_step0_s_20260729_13,b17bfd4a125741fe9a03582ba1e3f14d,0.07,,,
2328,2026-07-29,SZ002415,-0.09024708718061447,EXP_LinearModel_Alpha158_csi300_custom_step0_s_20260729_13,b17bfd4a125741fe9a03582ba1e3f14d,0.07,,,
2329,2026-07-29,SZ002384,-0.11637352406978607,EXP_LinearModel_Alpha158_csi300_custom_step0_s_20260729_13,b17bfd4a125741fe9a03582ba1e3f14d,0.07,,,
2330,2026-07-29,SZ002371,-0.1671374887228012,EXP_LinearModel_Alpha158_csi300_custom_step0_s_20260729_13,b17bfd4a125741fe9a03582ba1e3f14d,0.07,,,
2331,2026-07-29,SZ002353,-0.16224472224712372,EXP_LinearModel_Alpha158_csi300_custom_step0_s_20260729_13,b17bfd4a125741fe9a03582ba1e3f14d,0.07,,,
2332,2026-07-29,SZ002352,0.030645400285720825,EXP_LinearModel_Alpha158_csi300_custom_step0_s_20260729_13,b17bfd4a125741fe9a03582ba1e3f14d,0.07,,,
2333,2026-07-29,SZ002311,-0.030650999397039413,EXP_LinearModel_Alpha158_csi300_custom_step0_s_20260729_13,b17bfd4a125741fe9a03582ba1e3f14d,0.07,,,
2334,2026-07-29,SZ002304,-0.026701796799898148,EXP_LinearModel_Alpha158_csi300_custom_step0_s_20260729_13,b17bfd4a125741fe9a03582ba1e3f14d,0.07,,,
2335,2026-07-29,SZ002241,-0.012055739760398865,EXP_LinearModel_Alpha158_csi300_custom_step0_s_20260729_13,b17bfd4a125741fe9a03582ba1e3f14d,0.07,,,
2336,2026-07-29,SZ002236,-0.05578291416168213,EXP_LinearModel_Alpha158_csi300_custom_step0_s_20260729_13,b17bfd4a125741fe9a03582ba1e3f14d,0.07,,,
2337,2026-07-29,SZ002594,0.032699987292289734,EXP_LinearModel_Alpha158_csi300_custom_step0_s_20260729_13,b17bfd4a125741fe9a03582ba1e3f14d,0.07,,,
2338,2026-07-29,SZ002600,0.04542200639843941,EXP_LinearModel_Alpha158_csi300_custom_step0_s_20260729_13,b17bfd4a125741fe9a03582ba1e3f14d,0.07,,,
2339,2026-07-29,SZ002602,-0.06964468955993652,EXP_LinearModel_Alpha158_csi300_custom_step0_s_20260729_13,b17bfd4a125741fe9a03582ba1e3f14d,0.07,,,
2340,2026-07-29,SZ002625,-0.0012175096198916435,EXP_LinearModel_Alpha158_csi300_custom_step0_s_20260729_13,b17bfd4a125741fe9a03582ba1e3f14d,0.07,,,
2341,2026-07-29,SZ300308,-0.008311077952384949,EXP_LinearModel_Alpha158_csi300_custom_step0_s_20260729_13,b17bfd4a125741fe9a03582ba1e3f14d,0.07,,,
2342,2026-07-29,SZ300274,-0.2406901866197586,EXP_LinearModel_Alpha158_csi300_custom_step0_s_20260729_13,b17bfd4a125741fe9a03582ba1e3f14d,0.07,,,
2343,2026-07-29,SZ300251,-0.07753538340330124,EXP_LinearModel_Alpha158_csi300_custom_step0_s_20260729_13,b17bfd4a125741fe9a03582ba1e3f14d,0.07,,,
2344,2026-07-29,SZ300124,0.030521798878908157,EXP_LinearModel_Alpha158_csi300_custom_step0_s_20260729_13,b17bfd4a125741fe9a03582ba1e3f14d,0.07,,,
2345,2026-07-29,SZ300122,-0.058827269822359085,EXP_LinearModel_Alpha158_csi300_custom_step0_s_20260729_13,b17bfd4a125741fe9a03582ba1e3f14d,0.07,,,
2346,2026-07-29,SZ300059,-0.05281531438231468,EXP_LinearModel_Alpha158_csi300_custom_step0_s_20260729_13,b17bfd4a125741fe9a03582ba1e3f14d,0.07,,,
2347,2026-07-29,SZ300033,-0.1219172328710556,EXP_LinearModel_Alpha158_csi300_custom_step0_s_20260729_13,b17bfd4a125741fe9a03582ba1e3f14d,0.07,,,
2348,2026-07-29,SZ300015,-0.020393671467900276,EXP_LinearModel_Alpha158_csi300_custom_step0_s_20260729_13,b17bfd4a125741fe9a03582ba1e3f14d,0.07,,,
2349,2026-07-29,SH688472,0.07455376535654068,EXP_LinearModel_Alpha158_csi300_custom_step0_s_20260729_13,8f5aba69689444c8ab34c01f9e45ba68,0.01,,,
2350,2026-07-29,SZ300014,0.01979868859052658,EXP_LinearModel_Alpha158_csi300_custom_step0_s_20260729_13,b17bfd4a125741fe9a03582ba1e3f14d,0.07,,,
2351,2026-07-29,SZ002938,-9.171839337795973e-05,EXP_LinearModel_Alpha158_csi300_custom_step0_s_20260729_13,b17bfd4a125741fe9a03582ba1e3f14d,0.07,,,
2352,2026-07-29,SZ002920,-0.0015935387928038836,EXP_LinearModel_Alpha158_csi300_custom_step0_s_20260729_13,b17bfd4a125741fe9a03582ba1e3f14d,0.07,,,
2353,2026-07-29,SZ002916,-0.2331540882587433,EXP_LinearModel_Alpha158_csi300_custom_step0_s_20260729_13,b17bfd4a125741fe9a03582ba1e3f14d,0.07,,,
2354,2026-07-29,SZ002837,-0.0279353316873312,EXP_LinearModel_Alpha158_csi300_custom_step0_s_20260729_13,b17bfd4a125741fe9a03582ba1e3f14d,0.07,,,
2355,2026-07-29,SZ002736,0.052137743681669235,EXP_LinearModel_Alpha158_csi300_custom_step0_s_20260729_13,b17bfd4a125741fe9a03582ba1e3f14d,0.07,,,
2356,2026-07-29,SZ002714,-0.037350237369537354,EXP_LinearModel_Alpha158_csi300_custom_step0_s_20260729_13,b17bfd4a125741fe9a03582ba1e3f14d,0.07,,,
2357,2026-07-29,SZ002709,-0.0045358482748270035,EXP_LinearModel_Alpha158_csi300_custom_step0_s_20260729_13,b17bfd4a125741fe9a03582ba1e3f14d,0.07,,,
2358,2026-07-29,SZ002648,-0.11555659025907516,EXP_LinearModel_Alpha158_csi300_custom_step0_s_20260729_13,b17bfd4a125741fe9a03582ba1e3f14d,0.07,,,
2359,2026-07-29,SZ003816,0.08677203953266144,EXP_LinearModel_Alpha158_csi300_custom_step0_s_20260729_13,b17bfd4a125741fe9a03582ba1e3f14d,0.07,,,
2360,2026-07-29,SH688506,0.20375598967075348,EXP_LinearModel_Alpha158_csi300_custom_step0_s_20260729_13,8f5aba69689444c8ab34c01f9e45ba68,0.01,,,
2361,2026-07-29,SH688521,0.2518015503883362,EXP_LinearModel_Alpha158_csi300_custom_step0_s_20260729_13,8f5aba69689444c8ab34c01f9e45ba68,0.01,,,
2362,2026-07-29,SH688981,0.0844234824180603,EXP_LinearModel_Alpha158_csi300_custom_step0_s_20260729_13,8f5aba69689444c8ab34c01f9e45ba68,0.01,,,
2363,2026-07-29,SH601456,0.021403994411230087,EXP_XGBModel_Alpha158_csi300_custom_step0_s_20260729_13,8497351977c54eff90790e5826535b3d,0.056,,,
2364,2026-07-29,SH601398,0.03502650186419487,EXP_XGBModel_Alpha158_csi300_custom_step0_s_20260729_13,8497351977c54eff90790e5826535b3d,0.056,,,
2365,2026-07-29,SH601390,0.013742628507316113,EXP_XGBModel_Alpha158_csi300_custom_step0_s_20260729_13,8497351977c54eff90790e5826535b3d,0.056,,,
2366,2026-07-29,SH601377,0.016465311869978905,EXP_XGBModel_Alpha158_csi300_custom_step0_s_20260729_13,8497351977c54eff90790e5826535b3d,0.056,,,
2367,2026-07-29,SH601360,-0.037242576479911804,EXP_XGBModel_Alpha158_csi300_custom_step0_s_20260729_13,8497351977c54eff90790e5826535b3d,0.056,,,
2368,2026-07-29,SH601336,-0.009114634245634079,EXP_XGBModel_Alpha158_csi300_custom_step0_s_20260729_13,8497351977c54eff90790e5826535b3d,0.056,,,
2369,2026-07-29,SH601328,0.06384177505970001,EXP_XGBModel_Alpha158_csi300_custom_step0_s_20260729_13,8497351977c54eff90790e5826535b3d,0.056,,,
2370,2026-07-29,SH601319,0.014190361835062504,EXP_XGBModel_Alpha158_csi300_custom_step0_s_20260729_13,8497351977c54eff90790e5826535b3d,0.056,,,
2371,2026-07-29,SH601318,-0.0004114529874641448,EXP_XGBModel_Alpha158_csi300_custom_step0_s_20260729_13,8497351977c54eff90790e5826535b3d,0.056,,,
2372,2026-07-29,SH601288,0.0716111958026886,EXP_XGBModel_Alpha158_csi300_custom_step0_s_20260729_13,8497351977c54eff90790e5826535b3d,0.056,,,
2373,2026-07-29,SH601238,-0.021608633920550346,EXP_XGBModel_Alpha158_csi300_custom_step0_s_20260729_13,8497351977c54eff90790e5826535b3d,0.056,,,
2374,2026-07-29,SH601229,0.10059189796447754,EXP_XGBModel_Alpha158_csi300_custom_step0_s_20260729_13,8497351977c54eff90790e5826535b3d,0.056,,,
2375,2026-07-29,SH601225,0.012621074914932251,EXP_XGBModel_Alpha158_csi300_custom_step0_s_20260729_13,8497351977c54eff90790e5826535b3d,0.056,,,
2376,2026-07-29,SH601211,-0.039908815175294876,EXP_XGBModel_Alpha158_csi300_custom_step0_s_20260729_13,8497351977c54eff90790e5826535b3d,0.056,,,
2377,2026-07-29,SH601186,0.05075529217720032,EXP_XGBModel_Alpha158_csi300_custom_step0_s_20260729_13,8497351977c54eff90790e5826535b3d,0.056,,,
2378,2026-07-29,SH601169,0.07074359059333801,EXP_XGBModel_Alpha158_csi300_custom_step0_s_20260729_13,8497351977c54eff90790e5826535b3d,0.056,,,
2379,2026-07-29,SH601166,0.055587269365787506,EXP_XGBModel_Alpha158_csi300_custom_step0_s_20260729_13,8497351977c54eff90790e5826535b3d,0.056,,,
2380,2026-07-29,SH601600,-0.019054992124438286,EXP_XGBModel_Alpha158_csi300_custom_step0_s_20260729_13,8497351977c54eff90790e5826535b3d,0.056,,,
2381,2026-07-29,SH601138,-0.05381687730550766,EXP_XGBModel_Alpha158_csi300_custom_step0_s_20260729_13,8497351977c54eff90790e5826535b3d,0.056,,,
2382,2026-07-29,SH601601,0.010340128093957901,EXP_XGBModel_Alpha158_csi300_custom_step0_s_20260729_13,8497351977c54eff90790e5826535b3d,0.056,,,
2383,2026-07-29,SH601618,0.009972348809242249,EXP_XGBModel_Alpha158_csi300_custom_step0_s_20260729_13,8497351977c54eff90790e5826535b3d,0.056,,,
2384,2026-07-29,SH601838,0.056953202933073044,EXP_XGBModel_Alpha158_csi300_custom_step0_s_20260729_13,8497351977c54eff90790e5826535b3d,0.056,,,
2385,2026-07-29,SH601825,0.01578671671450138,EXP_XGBModel_Alpha158_csi300_custom_step0_s_20260729_13,8497351977c54eff90790e5826535b3d,0.056,,,
2386,2026-07-29,SH601818,0.0797155499458313,EXP_XGBModel_Alpha158_csi300_custom_step0_s_20260729_13,8497351977c54eff90790e5826535b3d,0.056,,,
2387,2026-07-29,SH601816,0.05802870914340019,EXP_XGBModel_Alpha158_csi300_custom_step0_s_20260729_13,8497351977c54eff90790e5826535b3d,0.056,,,
2388,2026-07-29,SH601800,0.005600858945399523,EXP_XGBModel_Alpha158_csi300_custom_step0_s_20260729_13,8497351977c54eff90790e5826535b3d,0.056,,,
2389,2026-07-29,SH601788,0.03535766899585724,EXP_XGBModel_Alpha158_csi300_custom_step0_s_20260729_13,8497351977c54eff90790e5826535b3d,0.056,,,
2390,2026-07-29,SH601766,-0.0361064150929451,EXP_XGBModel_Alpha158_csi300_custom_step0_s_20260729_13,8497351977c54eff90790e5826535b3d,0.056,,,
2391,2026-07-29,SH601728,0.06995050609111786,EXP_XGBModel_Alpha158_csi300_custom_step0_s_20260729_13,8497351977c54eff90790e5826535b3d,0.056,,,
2392,2026-07-29,SH601727,-0.016592679545283318,EXP_XGBModel_Alpha158_csi300_custom_step0_s_20260729_13,8497351977c54eff90790e5826535b3d,0.056,,,
2393,2026-07-29,SH601698,-0.03820901736617088,EXP_XGBModel_Alpha158_csi300_custom_step0_s_20260729_13,8497351977c54eff90790e5826535b3d,0.056,,,
2394,2026-07-29,SH601689,0.060185302048921585,EXP_XGBModel_Alpha158_csi300_custom_step0_s_20260729_13,8497351977c54eff90790e5826535b3d,0.056,,,
2395,2026-07-29,SH601688,-0.03665725514292717,EXP_XGBModel_Alpha158_csi300_custom_step0_s_20260729_13,8497351977c54eff90790e5826535b3d,0.056,,,
2396,2026-07-29,SH601669,0.013600943610072136,EXP_XGBModel_Alpha158_csi300_custom_step0_s_20260729_13,8497351977c54eff90790e5826535b3d,0.056,,,
2397,2026-07-29,SH601668,0.06097446009516716,EXP_XGBModel_Alpha158_csi300_custom_step0_s_20260729_13,8497351977c54eff90790e5826535b3d,0.056,,,
2398,2026-07-29,SH601658,0.06523280590772629,EXP_XGBModel_Alpha158_csi300_custom_step0_s_20260729_13,8497351977c54eff90790e5826535b3d,0.056,,,
2399,2026-07-29,SH601633,-0.02781522087752819,EXP_XGBModel_Alpha158_csi300_custom_step0_s_20260729_13,8497351977c54eff90790e5826535b3d,0.056,,,
2400,2026-07-29,SH601628,0.0317089818418026,EXP_XGBModel_Alpha158_csi300_custom_step0_s_20260729_13,8497351977c54eff90790e5826535b3d,0.056,,,
2401,2026-07-29,SH601607,0.012779914774000645,EXP_XGBModel_Alpha158_csi300_custom_step0_s_20260729_13,8497351977c54eff90790e5826535b3d,0.056,,,
2402,2026-07-29,SH601857,0.00924752838909626,EXP_XGBModel_Alpha158_csi300_custom_step0_s_20260729_13,8497351977c54eff90790e5826535b3d,0.056,,,
2403,2026-07-29,SH601136,-0.0013913942966610193,EXP_XGBModel_Alpha158_csi300_custom_step0_s_20260729_13,8497351977c54eff90790e5826535b3d,0.056,,,
2404,2026-07-29,SH601117,-0.0002861515968106687,EXP_XGBModel_Alpha158_csi300_custom_step0_s_20260729_13,8497351977c54eff90790e5826535b3d,0.056,,,
2405,2026-07-29,SH600905,0.015927867963910103,EXP_XGBModel_Alpha158_csi300_custom_step0_s_20260729_13,8497351977c54eff90790e5826535b3d,0.056,,,
2406,2026-07-29,SH600900,0.03581175580620766,EXP_XGBModel_Alpha158_csi300_custom_step0_s_20260729_13,8497351977c54eff90790e5826535b3d,0.056,,,
2407,2026-07-29,SH600893,0.037518128752708435,EXP_XGBModel_Alpha158_csi300_custom_step0_s_20260729_13,8497351977c54eff90790e5826535b3d,0.056,,,
2408,2026-07-29,SH600887,0.050371818244457245,EXP_XGBModel_Alpha158_csi300_custom_step0_s_20260729_13,8497351977c54eff90790e5826535b3d,0.056,,,
2409,2026-07-29,SH600886,0.01248675025999546,EXP_XGBModel_Alpha158_csi300_custom_step0_s_20260729_13,8497351977c54eff90790e5826535b3d,0.056,,,
2410,2026-07-29,SH600875,0.021743983030319214,EXP_XGBModel_Alpha158_csi300_custom_step0_s_20260729_13,8497351977c54eff90790e5826535b3d,0.056,,,
2411,2026-07-29,SH600845,-0.009664829820394516,EXP_XGBModel_Alpha158_csi300_custom_step0_s_20260729_13,8497351977c54eff90790e5826535b3d,0.056,,,
2412,2026-07-29,SH600809,-0.03220029175281525,EXP_XGBModel_Alpha158_csi300_custom_step0_s_20260729_13,8497351977c54eff90790e5826535b3d,0.056,,,
2413,2026-07-29,SH600803,-0.06680520623922348,EXP_XGBModel_Alpha158_csi300_custom_step0_s_20260729_13,8497351977c54eff90790e5826535b3d,0.056,,,
2414,2026-07-29,SH600795,0.04003653675317764,EXP_XGBModel_Alpha158_csi300_custom_step0_s_20260729_13,8497351977c54eff90790e5826535b3d,0.056,,,
2415,2026-07-29,SH600760,-0.02897537499666214,EXP_XGBModel_Alpha158_csi300_custom_step0_s_20260729_13,8497351977c54eff90790e5826535b3d,0.056,,,
2416,2026-07-29,SH600741,0.019061453640460968,EXP_XGBModel_Alpha158_csi300_custom_step0_s_20260729_13,8497351977c54eff90790e5826535b3d,0.056,,,
2417,2026-07-29,SH600690,0.05948344245553017,EXP_XGBModel_Alpha158_csi300_custom_step0_s_20260729_13,8497351977c54eff90790e5826535b3d,0.056,,,
2418,2026-07-29,SH600674,0.03738784044981003,EXP_XGBModel_Alpha158_csi300_custom_step0_s_20260729_13,8497351977c54eff90790e5826535b3d,0.056,,,
2419,2026-07-29,SH600660,-0.033953335136175156,EXP_XGBModel_Alpha158_csi300_custom_step0_s_20260729_13,8497351977c54eff90790e5826535b3d,0.056,,,
2420,2026-07-29,SH600600,0.011674626730382442,EXP_XGBModel_Alpha158_csi300_custom_step0_s_20260729_13,8497351977c54eff90790e5826535b3d,0.056,,,
2421,2026-07-29,SH600588,0.012186606414616108,EXP_XGBModel_Alpha158_csi300_custom_step0_s_20260729_13,8497351977c54eff90790e5826535b3d,0.056,,,
2422,2026-07-29,SH600918,-0.005419848952442408,EXP_XGBModel_Alpha158_csi300_custom_step0_s_20260729_13,8497351977c54eff90790e5826535b3d,0.056,,,
2423,2026-07-29,SH601127,0.04119883477687836,EXP_XGBModel_Alpha158_csi300_custom_step0_s_20260729_13,8497351977c54eff90790e5826535b3d,0.056,,,
2424,2026-07-29,SH600919,0.08063648641109467,EXP_XGBModel_Alpha158_csi300_custom_step0_s_20260729_13,8497351977c54eff90790e5826535b3d,0.056,,,
2425,2026-07-29,SH600930,0.008931753225624561,EXP_XGBModel_Alpha158_csi300_custom_step0_s_20260729_13,8497351977c54eff90790e5826535b3d,0.056,,,
2426,2026-07-29,SH601111,0.00801424402743578,EXP_XGBModel_Alpha158_csi300_custom_step0_s_20260729_13,8497351977c54eff90790e5826535b3d,0.056,,,
2427,2026-07-29,SH601100,-0.0639718770980835,EXP_XGBModel_Alpha158_csi300_custom_step0_s_20260729_13,8497351977c54eff90790e5826535b3d,0.056,,,
2428,2026-07-29,SH601088,0.015329377725720406,EXP_XGBModel_Alpha158_csi300_custom_step0_s_20260729_13,8497351977c54eff90790e5826535b3d,0.056,,,
2429,2026-07-29,SH601077,0.015782073140144348,EXP_XGBModel_Alpha158_csi300_custom_step0_s_20260729_13,8497351977c54eff90790e5826535b3d,0.056,,,
2430,2026-07-29,SH601066,-0.03475909307599068,EXP_XGBModel_Alpha158_csi300_custom_step0_s_20260729_13,8497351977c54eff90790e5826535b3d,0.056,,,
2431,2026-07-29,SH601059,0.02334381267428398,EXP_XGBModel_Alpha158_csi300_custom_step0_s_20260729_13,8497351977c54eff90790e5826535b3d,0.056,,,
2432,2026-07-29,SH601058,0.03694651648402214,EXP_XGBModel_Alpha158_csi300_custom_step0_s_20260729_13,8497351977c54eff90790e5826535b3d,0.056,,,
2433,2026-07-29,SH601021,0.03703295812010765,EXP_XGBModel_Alpha158_csi300_custom_step0_s_20260729_13,8497351977c54eff90790e5826535b3d,0.056,,,
2434,2026-07-29,SH601018,0.058011494576931,EXP_XGBModel_Alpha158_csi300_custom_step0_s_20260729_13,8497351977c54eff90790e5826535b3d,0.056,,,
2435,2026-07-29,SH601012,-0.017362575978040695,EXP_XGBModel_Alpha158_csi300_custom_step0_s_20260729_13,8497351977c54eff90790e5826535b3d,0.056,,,
2436,2026-07-29,SH601009,0.054833024740219116,EXP_XGBModel_Alpha158_csi300_custom_step0_s_20260729_13,8497351977c54eff90790e5826535b3d,0.056,,,
2437,2026-07-29,SH601006,0.01739351451396942,EXP_XGBModel_Alpha158_csi300_custom_step0_s_20260729_13,8497351977c54eff90790e5826535b3d,0.056,,,
2438,2026-07-29,SH600999,-0.07114018499851227,EXP_XGBModel_Alpha158_csi300_custom_step0_s_20260729_13,8497351977c54eff90790e5826535b3d,0.056,,,
2439,2026-07-29,SH600989,0.008447684347629547,EXP_XGBModel_Alpha158_csi300_custom_step0_s_20260729_13,8497351977c54eff90790e5826535b3d,0.056,,,
2440,2026-07-29,SH600958,0.012080795131623745,EXP_XGBModel_Alpha158_csi300_custom_step0_s_20260729_13,8497351977c54eff90790e5826535b3d,0.056,,,
2441,2026-07-29,SH600941,0.02745209075510502,EXP_XGBModel_Alpha158_csi300_custom_step0_s_20260729_13,8497351977c54eff90790e5826535b3d,0.056,,,
2442,2026-07-29,SH600938,0.0651867613196373,EXP_XGBModel_Alpha158_csi300_custom_step0_s_20260729_13,8497351977c54eff90790e5826535b3d,0.056,,,
2443,2026-07-29,SH600926,0.05063318833708763,EXP_XGBModel_Alpha158_csi300_custom_step0_s_20260729_13,8497351977c54eff90790e5826535b3d,0.056,,,
2444,2026-07-29,SH601868,-0.07150564342737198,EXP_XGBModel_Alpha158_csi300_custom_step0_s_20260729_13,8497351977c54eff90790e5826535b3d,0.056,,,
2445,2026-07-29,SH601872,-0.09709640592336655,EXP_XGBModel_Alpha158_csi300_custom_step0_s_20260729_13,8497351977c54eff90790e5826535b3d,0.056,,,
2446,2026-07-29,SH601877,0.007505442015826702,EXP_XGBModel_Alpha158_csi300_custom_step0_s_20260729_13,8497351977c54eff90790e5826535b3d,0.056,,,
2447,2026-07-29,SZ000568,-0.0010004001669585705,EXP_XGBModel_Alpha158_csi300_custom_step0_s_20260729_13,8497351977c54eff90790e5826535b3d,0.056,,,
2448,2026-07-29,SZ000538,0.02219659462571144,EXP_XGBModel_Alpha158_csi300_custom_step0_s_20260729_13,8497351977c54eff90790e5826535b3d,0.056,,,
2449,2026-07-29,SZ000425,-0.0028817986603826284,EXP_XGBModel_Alpha158_csi300_custom_step0_s_20260729_13,8497351977c54eff90790e5826535b3d,0.056,,,
2450,2026-07-29,SZ000408,-0.03533180058002472,EXP_XGBModel_Alpha158_csi300_custom_step0_s_20260729_13,8497351977c54eff90790e5826535b3d,0.056,,,
2451,2026-07-29,SZ000338,0.02480899728834629,EXP_XGBModel_Alpha158_csi300_custom_step0_s_20260729_13,8497351977c54eff90790e5826535b3d,0.056,,,
2452,2026-07-29,SZ000333,0.03181324526667595,EXP_XGBModel_Alpha158_csi300_custom_step0_s_20260729_13,8497351977c54eff90790e5826535b3d,0.056,,,
2453,2026-07-29,SZ000301,-0.0502919927239418,EXP_XGBModel_Alpha158_csi300_custom_step0_s_20260729_13,8497351977c54eff90790e5826535b3d,0.056,,,
2454,2026-07-29,SZ000166,0.04320730268955231,EXP_XGBModel_Alpha158_csi300_custom_step0_s_20260729_13,8497351977c54eff90790e5826535b3d,0.056,,,
2455,2026-07-29,SZ000157,0.0056007360108196735,EXP_XGBModel_Alpha158_csi300_custom_step0_s_20260729_13,8497351977c54eff90790e5826535b3d,0.056,,,
2456,2026-07-29,SZ000100,-0.09523191303014755,EXP_XGBModel_Alpha158_csi300_custom_step0_s_20260729_13,8497351977c54eff90790e5826535b3d,0.056,,,
2457,2026-07-29,SZ000063,-0.14030030369758606,EXP_XGBModel_Alpha158_csi300_custom_step0_s_20260729_13,8497351977c54eff90790e5826535b3d,0.056,,,
2458,2026-07-29,SZ000002,-0.00852156151086092,EXP_XGBModel_Alpha158_csi300_custom_step0_s_20260729_13,8497351977c54eff90790e5826535b3d,0.056,,,
2459,2026-07-29,SZ000001,0.08009650558233261,EXP_XGBModel_Alpha158_csi300_custom_step0_s_20260729_13,8497351977c54eff90790e5826535b3d,0.056,,,
2460,2026-07-29,SH688981,-0.00921910721808672,EXP_XGBModel_Alpha158_csi300_custom_step0_s_20260729_13,8497351977c54eff90790e5826535b3d,0.056,,,
2461,2026-07-29,SH688521,0.47540122270584106,EXP_XGBModel_Alpha158_csi300_custom_step0_s_20260729_13,8497351977c54eff90790e5826535b3d,0.056,,,
2462,2026-07-29,SH688506,0.003686032257974148,EXP_XGBModel_Alpha158_csi300_custom_step0_s_20260729_13,8497351977c54eff90790e5826535b3d,0.056,,,
2463,2026-07-29,SH688472,0.10589076578617096,EXP_XGBModel_Alpha158_csi300_custom_step0_s_20260729_13,8497351977c54eff90790e5826535b3d,0.056,,,
2464,2026-07-29,SZ000596,-0.06383119523525238,EXP_XGBModel_Alpha158_csi300_custom_step0_s_20260729_13,8497351977c54eff90790e5826535b3d,0.056,,,
2465,2026-07-29,SH688396,0.8742828369140625,EXP_XGBModel_Alpha158_csi300_custom_step0_s_20260729_13,8497351977c54eff90790e5826535b3d,0.056,,,
2466,2026-07-29,SZ000617,0.0068827224895358086,EXP_XGBModel_Alpha158_csi300_custom_step0_s_20260729_13,8497351977c54eff90790e5826535b3d,0.056,,,
2467,2026-07-29,SZ000630,-0.06869059801101685,EXP_XGBModel_Alpha158_csi300_custom_step0_s_20260729_13,8497351977c54eff90790e5826535b3d,0.056,,,
2468,2026-07-29,SZ001280,0.02986760064959526,EXP_XGBModel_Alpha158_csi300_custom_step0_s_20260729_13,8497351977c54eff90790e5826535b3d,0.056,,,
2469,2026-07-29,SZ000999,0.05596145987510681,EXP_XGBModel_Alpha158_csi300_custom_step0_s_20260729_13,8497351977c54eff90790e5826535b3d,0.056,,,
2470,2026-07-29,SZ000988,0.25117701292037964,EXP_XGBModel_Alpha158_csi300_custom_step0_s_20260729_13,8497351977c54eff90790e5826535b3d,0.056,,,
2471,2026-07-29,SZ000977,-0.0680227056145668,EXP_XGBModel_Alpha158_csi300_custom_step0_s_20260729_13,8497351977c54eff90790e5826535b3d,0.056,,,
2472,2026-07-29,SZ000975,-0.04903071001172066,EXP_XGBModel_Alpha158_csi300_custom_step0_s_20260729_13,8497351977c54eff90790e5826535b3d,0.056,,,
2473,2026-07-29,SZ000963,-0.01668754406273365,EXP_XGBModel_Alpha158_csi300_custom_step0_s_20260729_13,8497351977c54eff90790e5826535b3d,0.056,,,
2474,2026-07-29,SZ000938,-0.24449452757835388,EXP_XGBModel_Alpha158_csi300_custom_step0_s_20260729_13,8497351977c54eff90790e5826535b3d,0.056,,,
2475,2026-07-29,SZ000895,0.01775345206260681,EXP_XGBModel_Alpha158_csi300_custom_step0_s_20260729_13,8497351977c54eff90790e5826535b3d,0.056,,,
2476,2026-07-29,SZ000858,-0.0003117065061815083,EXP_XGBModel_Alpha158_csi300_custom_step0_s_20260729_13,8497351977c54eff90790e5826535b3d,0.056,,,
2477,2026-07-29,SZ000807,0.011508317664265633,EXP_XGBModel_Alpha158_csi300_custom_step0_s_20260729_13,8497351977c54eff90790e5826535b3d,0.056,,,
2478,2026-07-29,SZ000792,-0.028805483132600784,EXP_XGBModel_Alpha158_csi300_custom_step0_s_20260729_13,8497351977c54eff90790e5826535b3d,0.056,,,
2479,2026-07-29,SZ000776,-0.07955259829759598,EXP_XGBModel_Alpha158_csi300_custom_step0_s_20260729_13,8497351977c54eff90790e5826535b3d,0.056,,,
2480,2026-07-29,SZ000768,0.0067778900265693665,EXP_XGBModel_Alpha158_csi300_custom_step0_s_20260729_13,8497351977c54eff90790e5826535b3d,0.056,,,
2481,2026-07-29,SZ000725,-0.06257336586713791,EXP_XGBModel_Alpha158_csi300_custom_step0_s_20260729_13,8497351977c54eff90790e5826535b3d,0.056,,,
2482,2026-07-29,SZ000708,-0.023791074752807617,EXP_XGBModel_Alpha158_csi300_custom_step0_s_20260729_13,8497351977c54eff90790e5826535b3d,0.056,,,
2483,2026-07-29,SZ000657,0.525295078754425,EXP_XGBModel_Alpha158_csi300_custom_step0_s_20260729_13,8497351977c54eff90790e5826535b3d,0.056,,,
2484,2026-07-29,SZ000651,0.08570350706577301,EXP_XGBModel_Alpha158_csi300_custom_step0_s_20260729_13,8497351977c54eff90790e5826535b3d,0.056,,,
2485,2026-07-29,SZ000625,0.024835143238306046,EXP_XGBModel_Alpha158_csi300_custom_step0_s_20260729_13,8497351977c54eff90790e5826535b3d,0.056,,,
2486,2026-07-29,SH688303,-0.011239603161811829,EXP_XGBModel_Alpha158_csi300_custom_step0_s_20260729_13,8497351977c54eff90790e5826535b3d,0.056,,,
2487,2026-07-29,SH688271,-0.011943184770643711,EXP_XGBModel_Alpha158_csi300_custom_step0_s_20260729_13,8497351977c54eff90790e5826535b3d,0.056,,,
2488,2026-07-29,SH688256,-0.06895802170038223,EXP_XGBModel_Alpha158_csi300_custom_step0_s_20260729_13,8497351977c54eff90790e5826535b3d,0.056,,,
2489,2026-07-29,SH603288,0.03566351160407066,EXP_XGBModel_Alpha158_csi300_custom_step0_s_20260729_13,8497351977c54eff90790e5826535b3d,0.056,,,
2490,2026-07-29,SH603260,0.0838269591331482,EXP_XGBModel_Alpha158_csi300_custom_step0_s_20260729_13,8497351977c54eff90790e5826535b3d,0.056,,,
2491,2026-07-29,SH603259,-0.051657430827617645,EXP_XGBModel_Alpha158_csi300_custom_step0_s_20260729_13,8497351977c54eff90790e5826535b3d,0.056,,,
2492,2026-07-29,SH603019,0.03667006269097328,EXP_XGBModel_Alpha158_csi300_custom_step0_s_20260729_13,8497351977c54eff90790e5826535b3d,0.056,,,
2493,2026-07-29,SH601998,0.01858283020555973,EXP_XGBModel_Alpha158_csi300_custom_step0_s_20260729_13,8497351977c54eff90790e5826535b3d,0.056,,,
2494,2026-07-29,SH601995,-0.02728012576699257,EXP_XGBModel_Alpha158_csi300_custom_step0_s_20260729_13,8497351977c54eff90790e5826535b3d,0.056,,,
2495,2026-07-29,SH601988,0.067873515188694,EXP_XGBModel_Alpha158_csi300_custom_step0_s_20260729_13,8497351977c54eff90790e5826535b3d,0.056,,,
2496,2026-07-29,SH601985,0.06083986163139343,EXP_XGBModel_Alpha158_csi300_custom_step0_s_20260729_13,8497351977c54eff90790e5826535b3d,0.056,,,
2497,2026-07-29,SH601939,0.04949835687875748,EXP_XGBModel_Alpha158_csi300_custom_step0_s_20260729_13,8497351977c54eff90790e5826535b3d,0.056,,,
2498,2026-07-29,SH601919,0.007185639813542366,EXP_XGBModel_Alpha158_csi300_custom_step0_s_20260729_13,8497351977c54eff90790e5826535b3d,0.056,,,
2499,2026-07-29,SH601916,0.061633527278900146,EXP_XGBModel_Alpha158_csi300_custom_step0_s_20260729_13,8497351977c54eff90790e5826535b3d,0.056,,,
2500,2026-07-29,SH601901,0.008143448270857334,EXP_XGBModel_Alpha158_csi300_custom_step0_s_20260729_13,8497351977c54eff90790e5826535b3d,0.056,,,
2501,2026-07-29,SH601899,-0.13246411085128784,EXP_XGBModel_Alpha158_csi300_custom_step0_s_20260729_13,8497351977c54eff90790e5826535b3d,0.056,,,
2502,2026-07-29,SH601898,-0.004530854523181915,EXP_XGBModel_Alpha158_csi300_custom_step0_s_20260729_13,8497351977c54eff90790e5826535b3d,0.056,,,
2503,2026-07-29,SH601888,0.004854005761444569,EXP_XGBModel_Alpha158_csi300_custom_step0_s_20260729_13,8497351977c54eff90790e5826535b3d,0.056,,,
2504,2026-07-29,SH601881,-0.010821912437677383,EXP_XGBModel_Alpha158_csi300_custom_step0_s_20260729_13,8497351977c54eff90790e5826535b3d,0.056,,,
2505,2026-07-29,SH601878,0.016072330996394157,EXP_XGBModel_Alpha158_csi300_custom_step0_s_20260729_13,8497351977c54eff90790e5826535b3d,0.056,,,
2506,2026-07-29,SH603296,-0.14360126852989197,EXP_XGBModel_Alpha158_csi300_custom_step0_s_20260729_13,8497351977c54eff90790e5826535b3d,0.056,,,
2507,2026-07-29,SH603369,-0.0020685777999460697,EXP_XGBModel_Alpha158_csi300_custom_step0_s_20260729_13,8497351977c54eff90790e5826535b3d,0.056,,,
2508,2026-07-29,SH603392,0.008934618905186653,EXP_XGBModel_Alpha158_csi300_custom_step0_s_20260729_13,8497351977c54eff90790e5826535b3d,0.056,,,
2509,2026-07-29,SH603501,0.006193922832608223,EXP_XGBModel_Alpha158_csi300_custom_step0_s_20260729_13,8497351977c54eff90790e5826535b3d,0.056,,,
2510,2026-07-29,SH688223,0.043332189321517944,EXP_XGBModel_Alpha158_csi300_custom_step0_s_20260729_13,8497351977c54eff90790e5826535b3d,0.056,,,
2511,2026-07-29,SH688183,0.14319279789924622,EXP_XGBModel_Alpha158_csi300_custom_step0_s_20260729_13,8497351977c54eff90790e5826535b3d,0.056,,,
2512,2026-07-29,SH688126,0.6755058765411377,EXP_XGBModel_Alpha158_csi300_custom_step0_s_20260729_13,8497351977c54eff90790e5826535b3d,0.056,,,
2513,2026-07-29,SH688111,-0.09684732556343079,EXP_XGBModel_Alpha158_csi300_custom_step0_s_20260729_13,8497351977c54eff90790e5826535b3d,0.056,,,
2514,2026-07-29,SH688082,0.16284506022930145,EXP_XGBModel_Alpha158_csi300_custom_step0_s_20260729_13,8497351977c54eff90790e5826535b3d,0.056,,,
2515,2026-07-29,SH688072,-0.13565301895141602,EXP_XGBModel_Alpha158_csi300_custom_step0_s_20260729_13,8497351977c54eff90790e5826535b3d,0.056,,,
2516,2026-07-29,SH688047,0.17972370982170105,EXP_XGBModel_Alpha158_csi300_custom_step0_s_20260729_13,8497351977c54eff90790e5826535b3d,0.056,,,
2517,2026-07-29,SH688041,-0.046562451869249344,EXP_XGBModel_Alpha158_csi300_custom_step0_s_20260729_13,8497351977c54eff90790e5826535b3d,0.056,,,
2518,2026-07-29,SH600585,0.019956214353442192,EXP_XGBModel_Alpha158_csi300_custom_step0_s_20260729_13,8497351977c54eff90790e5826535b3d,0.056,,,
2519,2026-07-29,SH688036,0.046544622629880905,EXP_XGBModel_Alpha158_csi300_custom_step0_s_20260729_13,8497351977c54eff90790e5826535b3d,0.056,,,
2520,2026-07-29,SH688009,0.07066961377859116,EXP_XGBModel_Alpha158_csi300_custom_step0_s_20260729_13,8497351977c54eff90790e5826535b3d,0.056,,,
2521,2026-07-29,SH688008,0.2531208395957947,EXP_XGBModel_Alpha158_csi300_custom_step0_s_20260729_13,8497351977c54eff90790e5826535b3d,0.056,,,
2522,2026-07-29,SH605499,-0.003543669357895851,EXP_XGBModel_Alpha158_csi300_custom_step0_s_20260729_13,8497351977c54eff90790e5826535b3d,0.056,,,
2523,2026-07-29,SH605117,0.011380255222320557,EXP_XGBModel_Alpha158_csi300_custom_step0_s_20260729_13,8497351977c54eff90790e5826535b3d,0.056,,,
2524,2026-07-29,SH603993,-0.1392812430858612,EXP_XGBModel_Alpha158_csi300_custom_step0_s_20260729_13,8497351977c54eff90790e5826535b3d,0.056,,,
2525,2026-07-29,SH603986,0.6773074865341187,EXP_XGBModel_Alpha158_csi300_custom_step0_s_20260729_13,8497351977c54eff90790e5826535b3d,0.056,,,
2526,2026-07-29,SH603893,-0.0098615987226367,EXP_XGBModel_Alpha158_csi300_custom_step0_s_20260729_13,8497351977c54eff90790e5826535b3d,0.056,,,
2527,2026-07-29,SH603799,0.087990403175354,EXP_XGBModel_Alpha158_csi300_custom_step0_s_20260729_13,8497351977c54eff90790e5826535b3d,0.056,,,
2528,2026-07-29,SH688012,-0.06613542884588242,EXP_XGBModel_Alpha158_csi300_custom_step0_s_20260729_13,8497351977c54eff90790e5826535b3d,0.056,,,
2529,2026-07-29,SZ001965,0.04507919400930405,EXP_XGBModel_Alpha158_csi300_custom_step0_s_20260729_13,8497351977c54eff90790e5826535b3d,0.056,,,
2530,2026-07-29,SH600584,0.1057535707950592,EXP_XGBModel_Alpha158_csi300_custom_step0_s_20260729_13,8497351977c54eff90790e5826535b3d,0.056,,,
2531,2026-07-29,SH600549,0.45404160022735596,EXP_XGBModel_Alpha158_csi300_custom_step0_s_20260729_13,8497351977c54eff90790e5826535b3d,0.056,,,
2532,2026-07-29,SZ002463,-0.0752258449792862,EXP_LinearModel_Alpha158_csi300_custom_step0_s_20260729_13,8f5aba69689444c8ab34c01f9e45ba68,0.01,,,
2533,2026-07-29,SZ002460,0.20852982997894287,EXP_LinearModel_Alpha158_csi300_custom_step0_s_20260729_13,8f5aba69689444c8ab34c01f9e45ba68,0.01,,,
2534,2026-07-29,SZ002422,0.013436902314424515,EXP_LinearModel_Alpha158_csi300_custom_step0_s_20260729_13,8f5aba69689444c8ab34c01f9e45ba68,0.01,,,
2535,2026-07-29,SZ002415,-0.07219335436820984,EXP_LinearModel_Alpha158_csi300_custom_step0_s_20260729_13,8f5aba69689444c8ab34c01f9e45ba68,0.01,,,
2536,2026-07-29,SZ002384,0.04848099499940872,EXP_LinearModel_Alpha158_csi300_custom_step0_s_20260729_13,8f5aba69689444c8ab34c01f9e45ba68,0.01,,,
2537,2026-07-29,SZ002371,-0.16937415301799774,EXP_LinearModel_Alpha158_csi300_custom_step0_s_20260729_13,8f5aba69689444c8ab34c01f9e45ba68,0.01,,,
2538,2026-07-29,SZ002353,-0.20049482583999634,EXP_LinearModel_Alpha158_csi300_custom_step0_s_20260729_13,8f5aba69689444c8ab34c01f9e45ba68,0.01,,,
2539,2026-07-29,SZ002352,0.044825904071331024,EXP_LinearModel_Alpha158_csi300_custom_step0_s_20260729_13,8f5aba69689444c8ab34c01f9e45ba68,0.01,,,
2540,2026-07-29,SZ002311,0.06022660806775093,EXP_LinearModel_Alpha158_csi300_custom_step0_s_20260729_13,8f5aba69689444c8ab34c01f9e45ba68,0.01,,,
2541,2026-07-29,SZ002304,-0.030344100669026375,EXP_LinearModel_Alpha158_csi300_custom_step0_s_20260729_13,8f5aba69689444c8ab34c01f9e45ba68,0.01,,,
2542,2026-07-29,SZ002241,-0.021318813785910606,EXP_LinearModel_Alpha158_csi300_custom_step0_s_20260729_13,8f5aba69689444c8ab34c01f9e45ba68,0.01,,,
2543,2026-07-29,SZ002236,-0.08099956810474396,EXP_LinearModel_Alpha158_csi300_custom_step0_s_20260729_13,8f5aba69689444c8ab34c01f9e45ba68,0.01,,,
2544,2026-07-29,SZ002230,-0.060926783829927444,EXP_LinearModel_Alpha158_csi300_custom_step0_s_20260729_13,8f5aba69689444c8ab34c01f9e45ba68,0.01,,,
2545,2026-07-29,SZ002202,0.20424586534500122,EXP_LinearModel_Alpha158_csi300_custom_step0_s_20260729_13,8f5aba69689444c8ab34c01f9e45ba68,0.01,,,
2546,2026-07-29,SZ002179,0.1282801479101181,EXP_LinearModel_Alpha158_csi300_custom_step0_s_20260729_13,8f5aba69689444c8ab34c01f9e45ba68,0.01,,,
2547,2026-07-29,SZ002142,0.039748117327690125,EXP_LinearModel_Alpha158_csi300_custom_step0_s_20260729_13,8f5aba69689444c8ab34c01f9e45ba68,0.01,,,
2548,2026-07-29,SZ002074,0.045558854937553406,EXP_LinearModel_Alpha158_csi300_custom_step0_s_20260729_13,8f5aba69689444c8ab34c01f9e45ba68,0.01,,,
2549,2026-07-29,SZ002466,0.22416362166404724,EXP_LinearModel_Alpha158_csi300_custom_step0_s_20260729_13,8f5aba69689444c8ab34c01f9e45ba68,0.01,,,
2550,2026-07-29,SZ002050,0.04281036928296089,EXP_LinearModel_Alpha158_csi300_custom_step0_s_20260729_13,8f5aba69689444c8ab34c01f9e45ba68,0.01,,,
2551,2026-07-29,SZ002475,0.0147244893014431,EXP_LinearModel_Alpha158_csi300_custom_step0_s_20260729_13,8f5aba69689444c8ab34c01f9e45ba68,0.01,,,
2552,2026-07-29,SZ002532,0.020210379734635353,EXP_LinearModel_Alpha158_csi300_custom_step0_s_20260729_13,8f5aba69689444c8ab34c01f9e45ba68,0.01,,,
2553,2026-07-29,SZ300033,-0.06773930788040161,EXP_LinearModel_Alpha158_csi300_custom_step0_s_20260729_13,8f5aba69689444c8ab34c01f9e45ba68,0.01,,,
2554,2026-07-29,SZ300015,-0.006337434519082308,EXP_LinearModel_Alpha158_csi300_custom_step0_s_20260729_13,8f5aba69689444c8ab34c01f9e45ba68,0.01,,,
2555,2026-07-29,SZ300014,0.10232814401388168,EXP_LinearModel_Alpha158_csi300_custom_step0_s_20260729_13,8f5aba69689444c8ab34c01f9e45ba68,0.01,,,
2556,2026-07-29,SZ003816,0.09335380792617798,EXP_LinearModel_Alpha158_csi300_custom_step0_s_20260729_13,8f5aba69689444c8ab34c01f9e45ba68,0.01,,,
2557,2026-07-29,SZ002938,0.05839405581355095,EXP_LinearModel_Alpha158_csi300_custom_step0_s_20260729_13,8f5aba69689444c8ab34c01f9e45ba68,0.01,,,
2558,2026-07-29,SZ002920,0.021282851696014404,EXP_LinearModel_Alpha158_csi300_custom_step0_s_20260729_13,8f5aba69689444c8ab34c01f9e45ba68,0.01,,,
2559,2026-07-29,SZ002916,-0.12770812213420868,EXP_LinearModel_Alpha158_csi300_custom_step0_s_20260729_13,8f5aba69689444c8ab34c01f9e45ba68,0.01,,,
2560,2026-07-29,SZ002837,0.25726568698883057,EXP_LinearModel_Alpha158_csi300_custom_step0_s_20260729_13,8f5aba69689444c8ab34c01f9e45ba68,0.01,,,
2561,2026-07-29,SZ002736,0.02847001515328884,EXP_LinearModel_Alpha158_csi300_custom_step0_s_20260729_13,8f5aba69689444c8ab34c01f9e45ba68,0.01,,,
2562,2026-07-29,SZ002714,0.1022496446967125,EXP_LinearModel_Alpha158_csi300_custom_step0_s_20260729_13,8f5aba69689444c8ab34c01f9e45ba68,0.01,,,
2563,2026-07-29,SZ002709,0.1732296347618103,EXP_LinearModel_Alpha158_csi300_custom_step0_s_20260729_13,8f5aba69689444c8ab34c01f9e45ba68,0.01,,,
2564,2026-07-29,SZ002648,-0.04071152210235596,EXP_LinearModel_Alpha158_csi300_custom_step0_s_20260729_13,8f5aba69689444c8ab34c01f9e45ba68,0.01,,,
2565,2026-07-29,SZ002625,-0.05086953938007355,EXP_LinearModel_Alpha158_csi300_custom_step0_s_20260729_13,8f5aba69689444c8ab34c01f9e45ba68,0.01,,,
2566,2026-07-29,SZ002602,-0.017999133095145226,EXP_LinearModel_Alpha158_csi300_custom_step0_s_20260729_13,8f5aba69689444c8ab34c01f9e45ba68,0.01,,,
2567,2026-07-29,SZ002600,0.21150246262550354,EXP_LinearModel_Alpha158_csi300_custom_step0_s_20260729_13,8f5aba69689444c8ab34c01f9e45ba68,0.01,,,
2568,2026-07-29,SZ002594,0.01601819321513176,EXP_LinearModel_Alpha158_csi300_custom_step0_s_20260729_13,8f5aba69689444c8ab34c01f9e45ba68,0.01,,,
2569,2026-07-29,SZ002558,0.1129026859998703,EXP_LinearModel_Alpha158_csi300_custom_step0_s_20260729_13,8f5aba69689444c8ab34c01f9e45ba68,0.01,,,
2570,2026-07-29,SZ002493,-0.060135215520858765,EXP_LinearModel_Alpha158_csi300_custom_step0_s_20260729_13,8f5aba69689444c8ab34c01f9e45ba68,0.01,,,
2571,2026-07-29,SZ300059,-0.009412289597094059,EXP_LinearModel_Alpha158_csi300_custom_step0_s_20260729_13,8f5aba69689444c8ab34c01f9e45ba68,0.01,,,
2572,2026-07-29,SZ002049,0.23110929131507874,EXP_LinearModel_Alpha158_csi300_custom_step0_s_20260729_13,8f5aba69689444c8ab34c01f9e45ba68,0.01,,,
2573,2026-07-29,SZ002027,0.07542845606803894,EXP_LinearModel_Alpha158_csi300_custom_step0_s_20260729_13,8f5aba69689444c8ab34c01f9e45ba68,0.01,,,
2574,2026-07-29,SZ000630,0.10099238902330399,EXP_LinearModel_Alpha158_csi300_custom_step0_s_20260729_13,8f5aba69689444c8ab34c01f9e45ba68,0.01,,,
2575,2026-07-29,SZ000625,-0.011265130713582039,EXP_LinearModel_Alpha158_csi300_custom_step0_s_20260729_13,8f5aba69689444c8ab34c01f9e45ba68,0.01,,,
2576,2026-07-29,SZ000617,0.04431809484958649,EXP_LinearModel_Alpha158_csi300_custom_step0_s_20260729_13,8f5aba69689444c8ab34c01f9e45ba68,0.01,,,
2577,2026-07-29,SZ000596,-0.041974954307079315,EXP_LinearModel_Alpha158_csi300_custom_step0_s_20260729_13,8f5aba69689444c8ab34c01f9e45ba68,0.01,,,
2578,2026-07-29,SZ000568,-0.01151108555495739,EXP_LinearModel_Alpha158_csi300_custom_step0_s_20260729_13,8f5aba69689444c8ab34c01f9e45ba68,0.01,,,
2579,2026-07-29,SZ000538,0.0045869662426412106,EXP_LinearModel_Alpha158_csi300_custom_step0_s_20260729_13,8f5aba69689444c8ab34c01f9e45ba68,0.01,,,
2580,2026-07-29,SZ000425,-0.04178517311811447,EXP_LinearModel_Alpha158_csi300_custom_step0_s_20260729_13,8f5aba69689444c8ab34c01f9e45ba68,0.01,,,
2581,2026-07-29,SZ000408,-0.11811363697052002,EXP_LinearModel_Alpha158_csi300_custom_step0_s_20260729_13,8f5aba69689444c8ab34c01f9e45ba68,0.01,,,
2582,2026-07-29,SZ000338,-0.09479182213544846,EXP_LinearModel_Alpha158_csi300_custom_step0_s_20260729_13,8f5aba69689444c8ab34c01f9e45ba68,0.01,,,
2583,2026-07-29,SZ000333,0.04848628491163254,EXP_LinearModel_Alpha158_csi300_custom_step0_s_20260729_13,8f5aba69689444c8ab34c01f9e45ba68,0.01,,,
2584,2026-07-29,SZ000301,0.013902662321925163,EXP_LinearModel_Alpha158_csi300_custom_step0_s_20260729_13,8f5aba69689444c8ab34c01f9e45ba68,0.01,,,
2585,2026-07-29,SZ000166,0.039994485676288605,EXP_LinearModel_Alpha158_csi300_custom_step0_s_20260729_13,8f5aba69689444c8ab34c01f9e45ba68,0.01,,,
2586,2026-07-29,SZ000157,0.05376937985420227,EXP_LinearModel_Alpha158_csi300_custom_step0_s_20260729_13,8f5aba69689444c8ab34c01f9e45ba68,0.01,,,
2587,2026-07-29,SZ000100,-0.02150140330195427,EXP_LinearModel_Alpha158_csi300_custom_step0_s_20260729_13,8f5aba69689444c8ab34c01f9e45ba68,0.01,,,
2588,2026-07-29,SZ000063,0.08986420929431915,EXP_LinearModel_Alpha158_csi300_custom_step0_s_20260729_13,8f5aba69689444c8ab34c01f9e45ba68,0.01,,,
2589,2026-07-29,SZ000002,-0.058425694704055786,EXP_LinearModel_Alpha158_csi300_custom_step0_s_20260729_13,8f5aba69689444c8ab34c01f9e45ba68,0.01,,,
2590,2026-07-29,SZ000001,-0.058662574738264084,EXP_LinearModel_Alpha158_csi300_custom_step0_s_20260729_13,8f5aba69689444c8ab34c01f9e45ba68,0.01,,,
2591,2026-07-29,SZ000651,0.03759129345417023,EXP_LinearModel_Alpha158_csi300_custom_step0_s_20260729_13,8f5aba69689444c8ab34c01f9e45ba68,0.01,,,
2592,2026-07-29,SZ002028,-0.110235296189785,EXP_LinearModel_Alpha158_csi300_custom_step0_s_20260729_13,8f5aba69689444c8ab34c01f9e45ba68,0.01,,,
2593,2026-07-29,SZ000657,0.6153601408004761,EXP_LinearModel_Alpha158_csi300_custom_step0_s_20260729_13,8f5aba69689444c8ab34c01f9e45ba68,0.01,,,
2594,2026-07-29,SZ000725,0.2254665642976761,EXP_LinearModel_Alpha158_csi300_custom_step0_s_20260729_13,8f5aba69689444c8ab34c01f9e45ba68,0.01,,,
2595,2026-07-29,SZ002001,-0.04133347421884537,EXP_LinearModel_Alpha158_csi300_custom_step0_s_20260729_13,8f5aba69689444c8ab34c01f9e45ba68,0.01,,,
2596,2026-07-29,SZ001979,0.028476648032665253,EXP_LinearModel_Alpha158_csi300_custom_step0_s_20260729_13,8f5aba69689444c8ab34c01f9e45ba68,0.01,,,
2597,2026-07-29,SZ001965,-0.05670374259352684,EXP_LinearModel_Alpha158_csi300_custom_step0_s_20260729_13,8f5aba69689444c8ab34c01f9e45ba68,0.01,,,
2598,2026-07-29,SZ001391,0.024910548701882362,EXP_LinearModel_Alpha158_csi300_custom_step0_s_20260729_13,8f5aba69689444c8ab34c01f9e45ba68,0.01,,,
2599,2026-07-29,SZ001280,0.1440083384513855,EXP_LinearModel_Alpha158_csi300_custom_step0_s_20260729_13,8f5aba69689444c8ab34c01f9e45ba68,0.01,,,
2600,2026-07-29,SZ000999,-0.057887014001607895,EXP_LinearModel_Alpha158_csi300_custom_step0_s_20260729_13,8f5aba69689444c8ab34c01f9e45ba68,0.01,,,
2601,2026-07-29,SZ000988,0.6508667469024658,EXP_LinearModel_Alpha158_csi300_custom_step0_s_20260729_13,8f5aba69689444c8ab34c01f9e45ba68,0.01,,,
2602,2026-07-29,SZ000977,0.08148718625307083,EXP_LinearModel_Alpha158_csi300_custom_step0_s_20260729_13,8f5aba69689444c8ab34c01f9e45ba68,0.01,,,
2603,2026-07-29,SZ000975,-0.019449781626462936,EXP_LinearModel_Alpha158_csi300_custom_step0_s_20260729_13,8f5aba69689444c8ab34c01f9e45ba68,0.01,,,
2604,2026-07-29,SZ000963,0.020739134401082993,EXP_LinearModel_Alpha158_csi300_custom_step0_s_20260729_13,8f5aba69689444c8ab34c01f9e45ba68,0.01,,,
2605,2026-07-29,SZ000938,0.254507839679718,EXP_LinearModel_Alpha158_csi300_custom_step0_s_20260729_13,8f5aba69689444c8ab34c01f9e45ba68,0.01,,,
2606,2026-07-29,SZ000895,0.09096035361289978,EXP_LinearModel_Alpha158_csi300_custom_step0_s_20260729_13,8f5aba69689444c8ab34c01f9e45ba68,0.01,,,
2607,2026-07-29,SZ000858,0.011994099244475365,EXP_LinearModel_Alpha158_csi300_custom_step0_s_20260729_13,8f5aba69689444c8ab34c01f9e45ba68,0.01,,,
2608,2026-07-29,SZ000807,0.03735619783401489,EXP_LinearModel_Alpha158_csi300_custom_step0_s_20260729_13,8f5aba69689444c8ab34c01f9e45ba68,0.01,,,
2609,2026-07-29,SZ000792,-0.02451193705201149,EXP_LinearModel_Alpha158_csi300_custom_step0_s_20260729_13,8f5aba69689444c8ab34c01f9e45ba68,0.01,,,
2610,2026-07-29,SZ000776,-0.06438540667295456,EXP_LinearModel_Alpha158_csi300_custom_step0_s_20260729_13,8f5aba69689444c8ab34c01f9e45ba68,0.01,,,
2611,2026-07-29,SZ000768,0.05412694066762924,EXP_LinearModel_Alpha158_csi300_custom_step0_s_20260729_13,8f5aba69689444c8ab34c01f9e45ba68,0.01,,,
2612,2026-07-29,SZ000708,-0.0029116575606167316,EXP_LinearModel_Alpha158_csi300_custom_step0_s_20260729_13,8f5aba69689444c8ab34c01f9e45ba68,0.01,,,
2613,2026-07-29,SZ300122,0.010246523655951023,EXP_LinearModel_Alpha158_csi300_custom_step0_s_20260729_13,8f5aba69689444c8ab34c01f9e45ba68,0.01,,,
2614,2026-07-29,SZ300124,0.05670754984021187,EXP_LinearModel_Alpha158_csi300_custom_step0_s_20260729_13,8f5aba69689444c8ab34c01f9e45ba68,0.01,,,
2615,2026-07-29,SZ300251,-0.011440487578511238,EXP_LinearModel_Alpha158_csi300_custom_step0_s_20260729_13,8f5aba69689444c8ab34c01f9e45ba68,0.01,,,
2616,2026-07-29,SH600188,-0.03849562257528305,EXP_XGBModel_Alpha158_csi300_custom_step0_s_20260729_13,8497351977c54eff90790e5826535b3d,0.056,,,
2617,2026-07-29,SH600183,0.3722502589225769,EXP_XGBModel_Alpha158_csi300_custom_step0_s_20260729_13,8497351977c54eff90790e5826535b3d,0.056,,,
2618,2026-07-29,SH600176,0.6243213415145874,EXP_XGBModel_Alpha158_csi300_custom_step0_s_20260729_13,8497351977c54eff90790e5826535b3d,0.056,,,
2619,2026-07-29,SH600160,-0.05323656648397446,EXP_XGBModel_Alpha158_csi300_custom_step0_s_20260729_13,8497351977c54eff90790e5826535b3d,0.056,,,
2620,2026-07-29,SH600150,-0.021890470758080482,EXP_XGBModel_Alpha158_csi300_custom_step0_s_20260729_13,8497351977c54eff90790e5826535b3d,0.056,,,
2621,2026-07-29,SH600118,0.08981866389513016,EXP_XGBModel_Alpha158_csi300_custom_step0_s_20260729_13,8497351977c54eff90790e5826535b3d,0.056,,,
2622,2026-07-29,SH600115,-0.014654908329248428,EXP_XGBModel_Alpha158_csi300_custom_step0_s_20260729_13,8497351977c54eff90790e5826535b3d,0.056,,,
2623,2026-07-29,SH600111,0.02543858252465725,EXP_XGBModel_Alpha158_csi300_custom_step0_s_20260729_13,8497351977c54eff90790e5826535b3d,0.056,,,
2624,2026-07-29,SH600104,0.0069259051233530045,EXP_XGBModel_Alpha158_csi300_custom_step0_s_20260729_13,8497351977c54eff90790e5826535b3d,0.056,,,
2625,2026-07-29,SH600089,-0.011100619100034237,EXP_XGBModel_Alpha158_csi300_custom_step0_s_20260729_13,8497351977c54eff90790e5826535b3d,0.056,,,
2626,2026-07-29,SH600085,-0.012578653171658516,EXP_XGBModel_Alpha158_csi300_custom_step0_s_20260729_13,8497351977c54eff90790e5826535b3d,0.056,,,
2627,2026-07-29,SH600066,-0.018309516832232475,EXP_XGBModel_Alpha158_csi300_custom_step0_s_20260729_13,8497351977c54eff90790e5826535b3d,0.056,,,
2628,2026-07-29,SH600061,0.02714480087161064,EXP_XGBModel_Alpha158_csi300_custom_step0_s_20260729_13,8497351977c54eff90790e5826535b3d,0.056,,,
2629,2026-07-29,SH600050,0.022518310695886612,EXP_XGBModel_Alpha158_csi300_custom_step0_s_20260729_13,8497351977c54eff90790e5826535b3d,0.056,,,
2630,2026-07-29,SH600048,0.04159892350435257,EXP_XGBModel_Alpha158_csi300_custom_step0_s_20260729_13,8497351977c54eff90790e5826535b3d,0.056,,,
2631,2026-07-29,SH600039,0.037629831582307816,EXP_XGBModel_Alpha158_csi300_custom_step0_s_20260729_13,8497351977c54eff90790e5826535b3d,0.056,,,
2632,2026-07-29,SH600036,0.05985700711607933,EXP_XGBModel_Alpha158_csi300_custom_step0_s_20260729_13,8497351977c54eff90790e5826535b3d,0.056,,,
2633,2026-07-29,SH600196,-0.01706833764910698,EXP_XGBModel_Alpha158_csi300_custom_step0_s_20260729_13,8497351977c54eff90790e5826535b3d,0.056,,,
2634,2026-07-29,SH600031,-0.04524831473827362,EXP_XGBModel_Alpha158_csi300_custom_step0_s_20260729_13,8497351977c54eff90790e5826535b3d,0.056,,,
2635,2026-07-29,SH600219,-0.019234735518693924,EXP_XGBModel_Alpha158_csi300_custom_step0_s_20260729_13,8497351977c54eff90790e5826535b3d,0.056,,,
2636,2026-07-29,SH600233,-0.00037847552448511124,EXP_XGBModel_Alpha158_csi300_custom_step0_s_20260729_13,8497351977c54eff90790e5826535b3d,0.056,,,
2637,2026-07-29,SH600547,-0.03539638966321945,EXP_XGBModel_Alpha158_csi300_custom_step0_s_20260729_13,8497351977c54eff90790e5826535b3d,0.056,,,
2638,2026-07-29,SH600522,0.18999621272087097,EXP_XGBModel_Alpha158_csi300_custom_step0_s_20260729_13,8497351977c54eff90790e5826535b3d,0.056,,,
2639,2026-07-29,SH600519,0.013451754115521908,EXP_XGBModel_Alpha158_csi300_custom_step0_s_20260729_13,8497351977c54eff90790e5826535b3d,0.056,,,
2640,2026-07-29,SH600515,0.04543636739253998,EXP_XGBModel_Alpha158_csi300_custom_step0_s_20260729_13,8497351977c54eff90790e5826535b3d,0.056,,,
2641,2026-07-29,SH600489,-0.062639981508255,EXP_XGBModel_Alpha158_csi300_custom_step0_s_20260729_13,8497351977c54eff90790e5826535b3d,0.056,,,
2642,2026-07-29,SH600482,-0.051049403846263885,EXP_XGBModel_Alpha158_csi300_custom_step0_s_20260729_13,8497351977c54eff90790e5826535b3d,0.056,,,
2643,2026-07-29,SH600460,0.6155113577842712,EXP_XGBModel_Alpha158_csi300_custom_step0_s_20260729_13,8497351977c54eff90790e5826535b3d,0.056,,,
2644,2026-07-29,SH600438,0.08270659297704697,EXP_XGBModel_Alpha158_csi300_custom_step0_s_20260729_13,8497351977c54eff90790e5826535b3d,0.056,,,
2645,2026-07-29,SH600436,-0.014801587909460068,EXP_XGBModel_Alpha158_csi300_custom_step0_s_20260729_13,8497351977c54eff90790e5826535b3d,0.056,,,
2646,2026-07-29,SH600426,-0.051002975553274155,EXP_XGBModel_Alpha158_csi300_custom_step0_s_20260729_13,8497351977c54eff90790e5826535b3d,0.056,,,
2647,2026-07-29,SH600415,-0.03924855589866638,EXP_XGBModel_Alpha158_csi300_custom_step0_s_20260729_13,8497351977c54eff90790e5826535b3d,0.056,,,
2648,2026-07-29,SH600406,-0.014491968788206577,EXP_XGBModel_Alpha158_csi300_custom_step0_s_20260729_13,8497351977c54eff90790e5826535b3d,0.056,,,
2649,2026-07-29,SH600372,0.032509513199329376,EXP_XGBModel_Alpha158_csi300_custom_step0_s_20260729_13,8497351977c54eff90790e5826535b3d,0.056,,,
2650,2026-07-29,SH600362,-0.06431792676448822,EXP_XGBModel_Alpha158_csi300_custom_step0_s_20260729_13,8497351977c54eff90790e5826535b3d,0.056,,,
2651,2026-07-29,SH600346,-0.034105561673641205,EXP_XGBModel_Alpha158_csi300_custom_step0_s_20260729_13,8497351977c54eff90790e5826535b3d,0.056,,,
2652,2026-07-29,SH600309,-0.02656571753323078,EXP_XGBModel_Alpha158_csi300_custom_step0_s_20260729_13,8497351977c54eff90790e5826535b3d,0.056,,,
2653,2026-07-29,SH600276,-0.07942546159029007,EXP_XGBModel_Alpha158_csi300_custom_step0_s_20260729_13,8497351977c54eff90790e5826535b3d,0.056,,,
2654,2026-07-29,SH600221,0.005196272861212492,EXP_XGBModel_Alpha158_csi300_custom_step0_s_20260729_13,8497351977c54eff90790e5826535b3d,0.056,,,
2655,2026-07-29,SH600030,-0.024410096928477287,EXP_XGBModel_Alpha158_csi300_custom_step0_s_20260729_13,8497351977c54eff90790e5826535b3d,0.056,,,
2656,2026-07-29,SH600029,0.002020839136093855,EXP_XGBModel_Alpha158_csi300_custom_step0_s_20260729_13,8497351977c54eff90790e5826535b3d,0.056,,,
2657,2026-07-29,SH600028,0.02135438099503517,EXP_XGBModel_Alpha158_csi300_custom_step0_s_20260729_13,8497351977c54eff90790e5826535b3d,0.056,,,
2658,2026-07-29,SZ300760,0.061891425400972366,EXP_LinearModel_Alpha158_csi300_custom_step0_s_20260729_13,8f5aba69689444c8ab34c01f9e45ba68,0.01,,,
2659,2026-07-29,SZ300750,-0.10136357694864273,EXP_LinearModel_Alpha158_csi300_custom_step0_s_20260729_13,8f5aba69689444c8ab34c01f9e45ba68,0.01,,,
2660,2026-07-29,SZ300661,0.18634964525699615,EXP_LinearModel_Alpha158_csi300_custom_step0_s_20260729_13,8f5aba69689444c8ab34c01f9e45ba68,0.01,,,
2661,2026-07-29,SZ300628,-0.0315341055393219,EXP_LinearModel_Alpha158_csi300_custom_step0_s_20260729_13,8f5aba69689444c8ab34c01f9e45ba68,0.01,,,
2662,2026-07-29,SZ300502,0.1274600327014923,EXP_LinearModel_Alpha158_csi300_custom_step0_s_20260729_13,8f5aba69689444c8ab34c01f9e45ba68,0.01,,,
2663,2026-07-29,SZ300498,0.1425575464963913,EXP_LinearModel_Alpha158_csi300_custom_step0_s_20260729_13,8f5aba69689444c8ab34c01f9e45ba68,0.01,,,
2664,2026-07-29,SZ300476,0.4477398097515106,EXP_LinearModel_Alpha158_csi300_custom_step0_s_20260729_13,8f5aba69689444c8ab34c01f9e45ba68,0.01,,,
2665,2026-07-29,SZ300450,0.2049102485179901,EXP_LinearModel_Alpha158_csi300_custom_step0_s_20260729_13,8f5aba69689444c8ab34c01f9e45ba68,0.01,,,
2666,2026-07-29,SZ300442,0.16641195118427277,EXP_LinearModel_Alpha158_csi300_custom_step0_s_20260729_13,8f5aba69689444c8ab34c01f9e45ba68,0.01,,,
2667,2026-07-29,SZ300433,0.2830619812011719,EXP_LinearModel_Alpha158_csi300_custom_step0_s_20260729_13,8f5aba69689444c8ab34c01f9e45ba68,0.01,,,
2668,2026-07-29,SZ300418,0.05184221640229225,EXP_LinearModel_Alpha158_csi300_custom_step0_s_20260729_13,8f5aba69689444c8ab34c01f9e45ba68,0.01,,,
2669,2026-07-29,SZ300413,0.09766796976327896,EXP_LinearModel_Alpha158_csi300_custom_step0_s_20260729_13,8f5aba69689444c8ab34c01f9e45ba68,0.01,,,
2670,2026-07-29,SZ300408,0.3802519142627716,EXP_LinearModel_Alpha158_csi300_custom_step0_s_20260729_13,8f5aba69689444c8ab34c01f9e45ba68,0.01,,,
2671,2026-07-29,SZ300394,0.5316531658172607,EXP_LinearModel_Alpha158_csi300_custom_step0_s_20260729_13,8f5aba69689444c8ab34c01f9e45ba68,0.01,,,
2672,2026-07-29,SZ300316,0.19016578793525696,EXP_LinearModel_Alpha158_csi300_custom_step0_s_20260729_13,8f5aba69689444c8ab34c01f9e45ba68,0.01,,,
2673,2026-07-29,SZ300308,0.061286717653274536,EXP_LinearModel_Alpha158_csi300_custom_step0_s_20260729_13,8f5aba69689444c8ab34c01f9e45ba68,0.01,,,
2674,2026-07-29,SZ300274,-0.12176080048084259,EXP_LinearModel_Alpha158_csi300_custom_step0_s_20260729_13,8f5aba69689444c8ab34c01f9e45ba68,0.01,,,
2675,2026-07-29,SZ300803,0.30994361639022827,EXP_LinearModel_Alpha158_csi300_custom_step0_s_20260729_13,8f5aba69689444c8ab34c01f9e45ba68,0.01,,,
2676,2026-07-29,SZ300832,-0.009983198717236519,EXP_LinearModel_Alpha158_csi300_custom_step0_s_20260729_13,8f5aba69689444c8ab34c01f9e45ba68,0.01,,,
2677,2026-07-29,SZ300866,0.10193416476249695,EXP_LinearModel_Alpha158_csi300_custom_step0_s_20260729_13,8f5aba69689444c8ab34c01f9e45ba68,0.01,,,
2678,2026-07-29,SZ300896,0.04990190267562866,EXP_LinearModel_Alpha158_csi300_custom_step0_s_20260729_13,8f5aba69689444c8ab34c01f9e45ba68,0.01,,,
2679,2026-07-29,SH600027,0.0024695727042853832,EXP_XGBModel_Alpha158_csi300_custom_step0_s_20260729_13,8497351977c54eff90790e5826535b3d,0.056,,,
2680,2026-07-29,SH600026,0.00043462187750265,EXP_XGBModel_Alpha158_csi300_custom_step0_s_20260729_13,8497351977c54eff90790e5826535b3d,0.056,,,
2681,2026-07-29,SH600025,0.028802160173654556,EXP_XGBModel_Alpha158_csi300_custom_step0_s_20260729_13,8497351977c54eff90790e5826535b3d,0.056,,,
2682,2026-07-29,SH600023,-0.004589051939547062,EXP_XGBModel_Alpha158_csi300_custom_step0_s_20260729_13,8497351977c54eff90790e5826535b3d,0.056,,,
2683,2026-07-29,SH600019,-0.009308960288763046,EXP_XGBModel_Alpha158_csi300_custom_step0_s_20260729_13,8497351977c54eff90790e5826535b3d,0.056,,,
2684,2026-07-29,SH600018,0.050480201840400696,EXP_XGBModel_Alpha158_csi300_custom_step0_s_20260729_13,8497351977c54eff90790e5826535b3d,0.056,,,
2685,2026-07-29,SH600016,0.03656185418367386,EXP_XGBModel_Alpha158_csi300_custom_step0_s_20260729_13,8497351977c54eff90790e5826535b3d,0.056,,,
2686,2026-07-29,SH600015,0.09260741621255875,EXP_XGBModel_Alpha158_csi300_custom_step0_s_20260729_13,8497351977c54eff90790e5826535b3d,0.056,,,
2687,2026-07-29,SH600570,-0.028392178937792778,EXP_XGBModel_Alpha158_csi300_custom_step0_s_20260729_13,8497351977c54eff90790e5826535b3d,0.056,,,
2688,2026-07-29,SH600011,-0.03048337996006012,EXP_XGBModel_Alpha158_csi300_custom_step0_s_20260729_13,8497351977c54eff90790e5826535b3d,0.056,,,
2689,2026-07-29,SH600009,0.02224641665816307,EXP_XGBModel_Alpha158_csi300_custom_step0_s_20260729_13,8497351977c54eff90790e5826535b3d,0.056,,,
2690,2026-07-29,SH600000,0.06189262121915817,EXP_XGBModel_Alpha158_csi300_custom_step0_s_20260729_13,8497351977c54eff90790e5826535b3d,0.056,,,
2691,2026-07-29,SZ302132,0.044674552977085114,EXP_LinearModel_Alpha158_csi300_custom_step0_s_20260729_13,8f5aba69689444c8ab34c01f9e45ba68,0.01,,,
2692,2026-07-29,SZ301308,0.7488694190979004,EXP_LinearModel_Alpha158_csi300_custom_step0_s_20260729_13,8f5aba69689444c8ab34c01f9e45ba68,0.01,,,
2693,2026-07-29,SZ301269,0.12686407566070557,EXP_LinearModel_Alpha158_csi300_custom_step0_s_20260729_13,8f5aba69689444c8ab34c01f9e45ba68,0.01,,,
2694,2026-07-29,SZ301236,0.001704306690953672,EXP_LinearModel_Alpha158_csi300_custom_step0_s_20260729_13,8f5aba69689444c8ab34c01f9e45ba68,0.01,,,
2695,2026-07-29,SZ301165,-0.16784679889678955,EXP_LinearModel_Alpha158_csi300_custom_step0_s_20260729_13,8f5aba69689444c8ab34c01f9e45ba68,0.01,,,
2696,2026-07-29,SZ300999,0.10239802300930023,EXP_LinearModel_Alpha158_csi300_custom_step0_s_20260729_13,8f5aba69689444c8ab34c01f9e45ba68,0.01,,,
2697,2026-07-29,SH600010,-0.0024301528465002775,EXP_XGBModel_Alpha158_csi300_custom_step0_s_20260729_13,8497351977c54eff90790e5826535b3d,0.056,,,
2698,2026-07-29,SH600000,0.008968245708556848,EXP_LGBModel_Alpha158_csi300_custom_step0_s_20260729_13,ebb2865d989a4b0e9fa79bccc037b9a7,0.016,,,
2699,2026-07-29,SZ302132,-0.07179228239996048,EXP_LGBModel_Alpha158_csi300_custom_step0_s_20260729_13,476ecee3232d4757b209f6f21bb48120,0.099,,,
2700,2026-07-29,SZ301308,0.04206238805482155,EXP_LGBModel_Alpha158_csi300_custom_step0_s_20260729_13,476ecee3232d4757b209f6f21bb48120,0.099,,,
2701,2026-07-29,SH600011,-0.025173150727397606,EXP_CatBoostModel_Alpha158_csi300_custom_step0_s_20260729_13,7cd35a5ca25346b8b9296ea57b8bf98b,0.114,,,
2702,2026-07-29,SH600010,-0.013674797870532149,EXP_CatBoostModel_Alpha158_csi300_custom_step0_s_20260729_13,7cd35a5ca25346b8b9296ea57b8bf98b,0.114,,,
2703,2026-07-29,SH600009,0.005230077688645996,EXP_CatBoostModel_Alpha158_csi300_custom_step0_s_20260729_13,7cd35a5ca25346b8b9296ea57b8bf98b,0.114,,,
2704,2026-07-29,SH600000,0.028578496363138563,EXP_CatBoostModel_Alpha158_csi300_custom_step0_s_20260729_13,7cd35a5ca25346b8b9296ea57b8bf98b,0.114,,,
2705,2026-07-29,SZ302132,-0.01639332959407913,EXP_CatBoostModel_Alpha158_csi300_custom_step0_s_20260729_13,38c4b6d2098f46bdbb2b83d633f92884,0.069,,,
2706,2026-07-29,SZ301308,0.18138720402011352,EXP_CatBoostModel_Alpha158_csi300_custom_step0_s_20260729_13,38c4b6d2098f46bdbb2b83d633f92884,0.069,,,
2707,2026-07-29,SZ301269,0.02067970179642787,EXP_CatBoostModel_Alpha158_csi300_custom_step0_s_20260729_13,38c4b6d2098f46bdbb2b83d633f92884,0.069,,,
2708,2026-07-29,SZ301236,-0.06923171315779779,EXP_CatBoostModel_Alpha158_csi300_custom_step0_s_20260729_13,38c4b6d2098f46bdbb2b83d633f92884,0.069,,,
2709,2026-07-29,SZ301165,0.10623364159433593,EXP_CatBoostModel_Alpha158_csi300_custom_step0_s_20260729_13,38c4b6d2098f46bdbb2b83d633f92884,0.069,,,
2710,2026-07-29,SZ300999,0.0013126929866317612,EXP_CatBoostModel_Alpha158_csi300_custom_step0_s_20260729_13,38c4b6d2098f46bdbb2b83d633f92884,0.069,,,
2711,2026-07-29,SZ300896,0.007860371751698096,EXP_CatBoostModel_Alpha158_csi300_custom_step0_s_20260729_13,38c4b6d2098f46bdbb2b83d633f92884,0.069,,,
2712,2026-07-29,SZ300866,-0.013955881833414126,EXP_CatBoostModel_Alpha158_csi300_custom_step0_s_20260729_13,38c4b6d2098f46bdbb2b83d633f92884,0.069,,,
2713,2026-07-29,SZ300832,-0.0001022162388429642,EXP_CatBoostModel_Alpha158_csi300_custom_step0_s_20260729_13,38c4b6d2098f46bdbb2b83d633f92884,0.069,,,
2714,2026-07-29,SZ300803,0.0264547315657945,EXP_CatBoostModel_Alpha158_csi300_custom_step0_s_20260729_13,38c4b6d2098f46bdbb2b83d633f92884,0.069,,,
2715,2026-07-29,SZ300760,-0.012299166336869814,EXP_CatBoostModel_Alpha158_csi300_custom_step0_s_20260729_13,38c4b6d2098f46bdbb2b83d633f92884,0.069,,,
2716,2026-07-29,SZ300750,-0.08022533368771889,EXP_CatBoostModel_Alpha158_csi300_custom_step0_s_20260729_13,38c4b6d2098f46bdbb2b83d633f92884,0.069,,,
2717,2026-07-29,SZ300661,0.03734283387055391,EXP_CatBoostModel_Alpha158_csi300_custom_step0_s_20260729_13,38c4b6d2098f46bdbb2b83d633f92884,0.069,,,
2718,2026-07-29,SH600015,0.046083924125956015,EXP_CatBoostModel_Alpha158_csi300_custom_step0_s_20260729_13,7cd35a5ca25346b8b9296ea57b8bf98b,0.114,,,
2719,2026-07-29,SZ300628,-0.05364446170805263,EXP_CatBoostModel_Alpha158_csi300_custom_step0_s_20260729_13,38c4b6d2098f46bdbb2b83d633f92884,0.069,,,
2720,2026-07-29,SH600016,0.03339440937527504,EXP_CatBoostModel_Alpha158_csi300_custom_step0_s_20260729_13,7cd35a5ca25346b8b9296ea57b8bf98b,0.114,,,
2721,2026-07-29,SH600019,-0.023959238133493262,EXP_CatBoostModel_Alpha158_csi300_custom_step0_s_20260729_13,7cd35a5ca25346b8b9296ea57b8bf98b,0.114,,,
2722,2026-07-29,SH600104,0.005122950951524001,EXP_CatBoostModel_Alpha158_csi300_custom_step0_s_20260729_13,7cd35a5ca25346b8b9296ea57b8bf98b,0.114,,,
2723,2026-07-29,SH600089,-0.028117270119949033,EXP_CatBoostModel_Alpha158_csi300_custom_step0_s_20260729_13,7cd35a5ca25346b8b9296ea57b8bf98b,0.114,,,
2724,2026-07-29,SH600085,-0.029819678649385783,EXP_CatBoostModel_Alpha158_csi300_custom_step0_s_20260729_13,7cd35a5ca25346b8b9296ea57b8bf98b,0.114,,,
2725,2026-07-29,SH600066,-0.010425207109448546,EXP_CatBoostModel_Alpha158_csi300_custom_step0_s_20260729_13,7cd35a5ca25346b8b9296ea57b8bf98b,0.114,,,
2726,2026-07-29,SH600061,0.021851156819306557,EXP_CatBoostModel_Alpha158_csi300_custom_step0_s_20260729_13,7cd35a5ca25346b8b9296ea57b8bf98b,0.114,,,
2727,2026-07-29,SH600050,0.01838301181200299,EXP_CatBoostModel_Alpha158_csi300_custom_step0_s_20260729_13,7cd35a5ca25346b8b9296ea57b8bf98b,0.114,,,
2728,2026-07-29,SH600048,-0.04162480613167621,EXP_CatBoostModel_Alpha158_csi300_custom_step0_s_20260729_13,7cd35a5ca25346b8b9296ea57b8bf98b,0.114,,,
2729,2026-07-29,SH600039,-9.510304289840794e-05,EXP_CatBoostModel_Alpha158_csi300_custom_step0_s_20260729_13,7cd35a5ca25346b8b9296ea57b8bf98b,0.114,,,
2730,2026-07-29,SH600036,0.025190490333852858,EXP_CatBoostModel_Alpha158_csi300_custom_step0_s_20260729_13,7cd35a5ca25346b8b9296ea57b8bf98b,0.114,,,
2731,2026-07-29,SH600031,-0.08076158419864642,EXP_CatBoostModel_Alpha158_csi300_custom_step0_s_20260729_13,7cd35a5ca25346b8b9296ea57b8bf98b,0.114,,,
2732,2026-07-29,SH600030,0.016147278000262437,EXP_CatBoostModel_Alpha158_csi300_custom_step0_s_20260729_13,7cd35a5ca25346b8b9296ea57b8bf98b,0.114,,,
2733,2026-07-29,SH600029,0.00933078066941633,EXP_CatBoostModel_Alpha158_csi300_custom_step0_s_20260729_13,7cd35a5ca25346b8b9296ea57b8bf98b,0.114,,,
2734,2026-07-29,SH600028,0.017463271726915496,EXP_CatBoostModel_Alpha158_csi300_custom_step0_s_20260729_13,7cd35a5ca25346b8b9296ea57b8bf98b,0.114,,,
2735,2026-07-29,SH600027,-0.027627772753857582,EXP_CatBoostModel_Alpha158_csi300_custom_step0_s_20260729_13,7cd35a5ca25346b8b9296ea57b8bf98b,0.114,,,
2736,2026-07-29,SH600026,0.10177575709001527,EXP_CatBoostModel_Alpha158_csi300_custom_step0_s_20260729_13,7cd35a5ca25346b8b9296ea57b8bf98b,0.114,,,
2737,2026-07-29,SH600025,0.015569622927409687,EXP_CatBoostModel_Alpha158_csi300_custom_step0_s_20260729_13,7cd35a5ca25346b8b9296ea57b8bf98b,0.114,,,
2738,2026-07-29,SH600023,-0.044464582708763516,EXP_CatBoostModel_Alpha158_csi300_custom_step0_s_20260729_13,7cd35a5ca25346b8b9296ea57b8bf98b,0.114,,,
2739,2026-07-29,SH600018,0.03957628402467829,EXP_CatBoostModel_Alpha158_csi300_custom_step0_s_20260729_13,7cd35a5ca25346b8b9296ea57b8bf98b,0.114,,,
2740,2026-07-29,SH600111,0.12577410968082914,EXP_CatBoostModel_Alpha158_csi300_custom_step0_s_20260729_13,7cd35a5ca25346b8b9296ea57b8bf98b,0.114,,,
2741,2026-07-29,SZ300502,0.23473146989558125,EXP_CatBoostModel_Alpha158_csi300_custom_step0_s_20260729_13,38c4b6d2098f46bdbb2b83d633f92884,0.069,,,
2742,2026-07-29,SZ300476,0.08997430958901768,EXP_CatBoostModel_Alpha158_csi300_custom_step0_s_20260729_13,38c4b6d2098f46bdbb2b83d633f92884,0.069,,,
2743,2026-07-29,SZ002837,0.12222322204670498,EXP_CatBoostModel_Alpha158_csi300_custom_step0_s_20260729_13,38c4b6d2098f46bdbb2b83d633f92884,0.069,,,
2744,2026-07-29,SZ002736,0.03094441797745715,EXP_CatBoostModel_Alpha158_csi300_custom_step0_s_20260729_13,38c4b6d2098f46bdbb2b83d633f92884,0.069,,,
2745,2026-07-29,SZ002714,-0.018979255832225983,EXP_CatBoostModel_Alpha158_csi300_custom_step0_s_20260729_13,38c4b6d2098f46bdbb2b83d633f92884,0.069,,,
2746,2026-07-29,SZ002709,0.06987174036275004,EXP_CatBoostModel_Alpha158_csi300_custom_step0_s_20260729_13,38c4b6d2098f46bdbb2b83d633f92884,0.069,,,
2747,2026-07-29,SZ002648,-0.05300322706316056,EXP_CatBoostModel_Alpha158_csi300_custom_step0_s_20260729_13,38c4b6d2098f46bdbb2b83d633f92884,0.069,,,
2748,2026-07-29,SZ002625,-0.13548443342069252,EXP_CatBoostModel_Alpha158_csi300_custom_step0_s_20260729_13,38c4b6d2098f46bdbb2b83d633f92884,0.069,,,
2749,2026-07-29,SZ002602,-0.05133561784786771,EXP_CatBoostModel_Alpha158_csi300_custom_step0_s_20260729_13,38c4b6d2098f46bdbb2b83d633f92884,0.069,,,
2750,2026-07-29,SZ002600,0.03815478762348607,EXP_CatBoostModel_Alpha158_csi300_custom_step0_s_20260729_13,38c4b6d2098f46bdbb2b83d633f92884,0.069,,,
2751,2026-07-29,SZ002594,-0.011233324921706433,EXP_CatBoostModel_Alpha158_csi300_custom_step0_s_20260729_13,38c4b6d2098f46bdbb2b83d633f92884,0.069,,,
2752,2026-07-29,SZ002558,0.15128857256209016,EXP_CatBoostModel_Alpha158_csi300_custom_step0_s_20260729_13,38c4b6d2098f46bdbb2b83d633f92884,0.069,,,
2753,2026-07-29,SZ002532,-0.028586142234729404,EXP_CatBoostModel_Alpha158_csi300_custom_step0_s_20260729_13,38c4b6d2098f46bdbb2b83d633f92884,0.069,,,
2754,2026-07-29,SZ002493,-0.09088639845289176,EXP_CatBoostModel_Alpha158_csi300_custom_step0_s_20260729_13,38c4b6d2098f46bdbb2b83d633f92884,0.069,,,
2755,2026-07-29,SZ002475,-0.03831417691382859,EXP_CatBoostModel_Alpha158_csi300_custom_step0_s_20260729_13,38c4b6d2098f46bdbb2b83d633f92884,0.069,,,
2756,2026-07-29,SZ002466,0.06571246616384772,EXP_CatBoostModel_Alpha158_csi300_custom_step0_s_20260729_13,38c4b6d2098f46bdbb2b83d633f92884,0.069,,,
2757,2026-07-29,SZ002463,0.0891875943482099,EXP_CatBoostModel_Alpha158_csi300_custom_step0_s_20260729_13,38c4b6d2098f46bdbb2b83d633f92884,0.069,,,
2758,2026-07-29,SZ002460,0.07127425986617078,EXP_CatBoostModel_Alpha158_csi300_custom_step0_s_20260729_13,38c4b6d2098f46bdbb2b83d633f92884,0.069,,,
2759,2026-07-29,SZ002422,0.04715266219376857,EXP_CatBoostModel_Alpha158_csi300_custom_step0_s_20260729_13,38c4b6d2098f46bdbb2b83d633f92884,0.069,,,
2760,2026-07-29,SZ002916,0.15804678321663101,EXP_CatBoostModel_Alpha158_csi300_custom_step0_s_20260729_13,38c4b6d2098f46bdbb2b83d633f92884,0.069,,,
2761,2026-07-29,SZ300498,0.012618756029212903,EXP_CatBoostModel_Alpha158_csi300_custom_step0_s_20260729_13,38c4b6d2098f46bdbb2b83d633f92884,0.069,,,
2762,2026-07-29,SZ002920,-0.01940868834392949,EXP_CatBoostModel_Alpha158_csi300_custom_step0_s_20260729_13,38c4b6d2098f46bdbb2b83d633f92884,0.069,,,
2763,2026-07-29,SZ003816,-0.020601870860500374,EXP_CatBoostModel_Alpha158_csi300_custom_step0_s_20260729_13,38c4b6d2098f46bdbb2b83d633f92884,0.069,,,
2764,2026-07-29,SZ300450,0.04410063698745506,EXP_CatBoostModel_Alpha158_csi300_custom_step0_s_20260729_13,38c4b6d2098f46bdbb2b83d633f92884,0.069,,,
2765,2026-07-29,SZ300442,-0.01379700944473964,EXP_CatBoostModel_Alpha158_csi300_custom_step0_s_20260729_13,38c4b6d2098f46bdbb2b83d633f92884,0.069,,,
2766,2026-07-29,SZ300433,0.05513013765445282,EXP_CatBoostModel_Alpha158_csi300_custom_step0_s_20260729_13,38c4b6d2098f46bdbb2b83d633f92884,0.069,,,
2767,2026-07-29,SZ300418,-0.041959495861515476,EXP_CatBoostModel_Alpha158_csi300_custom_step0_s_20260729_13,38c4b6d2098f46bdbb2b83d633f92884,0.069,,,
2768,2026-07-29,SZ300413,-0.009309424702913082,EXP_CatBoostModel_Alpha158_csi300_custom_step0_s_20260729_13,38c4b6d2098f46bdbb2b83d633f92884,0.069,,,
2769,2026-07-29,SZ300408,0.0680706134664198,EXP_CatBoostModel_Alpha158_csi300_custom_step0_s_20260729_13,38c4b6d2098f46bdbb2b83d633f92884,0.069,,,
2770,2026-07-29,SZ300394,0.23274218528170476,EXP_CatBoostModel_Alpha158_csi300_custom_step0_s_20260729_13,38c4b6d2098f46bdbb2b83d633f92884,0.069,,,
2771,2026-07-29,SZ300316,0.09973487008865764,EXP_CatBoostModel_Alpha158_csi300_custom_step0_s_20260729_13,38c4b6d2098f46bdbb2b83d633f92884,0.069,,,
2772,2026-07-29,SZ300308,0.1386932160490805,EXP_CatBoostModel_Alpha158_csi300_custom_step0_s_20260729_13,38c4b6d2098f46bdbb2b83d633f92884,0.069,,,
2773,2026-07-29,SZ300274,0.10742892781483085,EXP_CatBoostModel_Alpha158_csi300_custom_step0_s_20260729_13,38c4b6d2098f46bdbb2b83d633f92884,0.069,,,
2774,2026-07-29,SZ300251,-0.0226749777348706,EXP_CatBoostModel_Alpha158_csi300_custom_step0_s_20260729_13,38c4b6d2098f46bdbb2b83d633f92884,0.069,,,
2775,2026-07-29,SZ300124,-0.016166439767387863,EXP_CatBoostModel_Alpha158_csi300_custom_step0_s_20260729_13,38c4b6d2098f46bdbb2b83d633f92884,0.069,,,
2776,2026-07-29,SZ300122,-0.024453988449596335,EXP_CatBoostModel_Alpha158_csi300_custom_step0_s_20260729_13,38c4b6d2098f46bdbb2b83d633f92884,0.069,,,
2777,2026-07-29,SZ300059,-0.03328782681839539,EXP_CatBoostModel_Alpha158_csi300_custom_step0_s_20260729_13,38c4b6d2098f46bdbb2b83d633f92884,0.069,,,
2778,2026-07-29,SZ300033,-0.04424081477949425,EXP_CatBoostModel_Alpha158_csi300_custom_step0_s_20260729_13,38c4b6d2098f46bdbb2b83d633f92884,0.069,,,
2779,2026-07-29,SZ300015,-0.011472591261111338,EXP_CatBoostModel_Alpha158_csi300_custom_step0_s_20260729_13,38c4b6d2098f46bdbb2b83d633f92884,0.069,,,
2780,2026-07-29,SZ300014,0.0063415946875424,EXP_CatBoostModel_Alpha158_csi300_custom_step0_s_20260729_13,38c4b6d2098f46bdbb2b83d633f92884,0.069,,,
2781,2026-07-29,SZ002938,0.00737377487376732,EXP_CatBoostModel_Alpha158_csi300_custom_step0_s_20260729_13,38c4b6d2098f46bdbb2b83d633f92884,0.069,,,
2782,2026-07-29,SZ002415,-0.04066534787833657,EXP_CatBoostModel_Alpha158_csi300_custom_step0_s_20260729_13,38c4b6d2098f46bdbb2b83d633f92884,0.069,,,
2783,2026-07-29,SH600115,-0.010758495583934245,EXP_CatBoostModel_Alpha158_csi300_custom_step0_s_20260729_13,7cd35a5ca25346b8b9296ea57b8bf98b,0.114,,,
2784,2026-07-29,SH600150,-0.03852301614245016,EXP_CatBoostModel_Alpha158_csi300_custom_step0_s_20260729_13,7cd35a5ca25346b8b9296ea57b8bf98b,0.114,,,
2785,2026-07-29,SH601018,0.03528519193169829,EXP_CatBoostModel_Alpha158_csi300_custom_step0_s_20260729_13,7cd35a5ca25346b8b9296ea57b8bf98b,0.114,,,
2786,2026-07-29,SH601012,-0.07306259419797802,EXP_CatBoostModel_Alpha158_csi300_custom_step0_s_20260729_13,7cd35a5ca25346b8b9296ea57b8bf98b,0.114,,,
2787,2026-07-29,SH601009,0.0342109202482918,EXP_CatBoostModel_Alpha158_csi300_custom_step0_s_20260729_13,7cd35a5ca25346b8b9296ea57b8bf98b,0.114,,,
2788,2026-07-29,SH601006,0.017636433942475865,EXP_CatBoostModel_Alpha158_csi300_custom_step0_s_20260729_13,7cd35a5ca25346b8b9296ea57b8bf98b,0.114,,,
2789,2026-07-29,SH600999,-0.04013752716005547,EXP_CatBoostModel_Alpha158_csi300_custom_step0_s_20260729_13,7cd35a5ca25346b8b9296ea57b8bf98b,0.114,,,
2790,2026-07-29,SH600989,-0.020374189986004237,EXP_CatBoostModel_Alpha158_csi300_custom_step0_s_20260729_13,7cd35a5ca25346b8b9296ea57b8bf98b,0.114,,,
2791,2026-07-29,SH600958,0.02569698730682622,EXP_CatBoostModel_Alpha158_csi300_custom_step0_s_20260729_13,7cd35a5ca25346b8b9296ea57b8bf98b,0.114,,,
2792,2026-07-29,SH600941,0.01854856565994469,EXP_CatBoostModel_Alpha158_csi300_custom_step0_s_20260729_13,7cd35a5ca25346b8b9296ea57b8bf98b,0.114,,,
2793,2026-07-29,SH600938,0.0019237148995188628,EXP_CatBoostModel_Alpha158_csi300_custom_step0_s_20260729_13,7cd35a5ca25346b8b9296ea57b8bf98b,0.114,,,
2794,2026-07-29,SH600930,-0.00954899567895227,EXP_CatBoostModel_Alpha158_csi300_custom_step0_s_20260729_13,7cd35a5ca25346b8b9296ea57b8bf98b,0.114,,,
2795,2026-07-29,SH600926,0.02680144559060866,EXP_CatBoostModel_Alpha158_csi300_custom_step0_s_20260729_13,7cd35a5ca25346b8b9296ea57b8bf98b,0.114,,,
2796,2026-07-29,SH600919,0.049832465723047246,EXP_CatBoostModel_Alpha158_csi300_custom_step0_s_20260729_13,7cd35a5ca25346b8b9296ea57b8bf98b,0.114,,,
2797,2026-07-29,SH600918,-0.011056930650636431,EXP_CatBoostModel_Alpha158_csi300_custom_step0_s_20260729_13,7cd35a5ca25346b8b9296ea57b8bf98b,0.114,,,
2798,2026-07-29,SH600905,-0.006255998864179948,EXP_CatBoostModel_Alpha158_csi300_custom_step0_s_20260729_13,7cd35a5ca25346b8b9296ea57b8bf98b,0.114,,,
2799,2026-07-29,SH600900,0.017873040392959297,EXP_CatBoostModel_Alpha158_csi300_custom_step0_s_20260729_13,7cd35a5ca25346b8b9296ea57b8bf98b,0.114,,,
2800,2026-07-29,SH600893,-0.034599902784347714,EXP_CatBoostModel_Alpha158_csi300_custom_step0_s_20260729_13,7cd35a5ca25346b8b9296ea57b8bf98b,0.114,,,
2801,2026-07-29,SH600887,-0.054430092884811286,EXP_CatBoostModel_Alpha158_csi300_custom_step0_s_20260729_13,7cd35a5ca25346b8b9296ea57b8bf98b,0.114,,,
2802,2026-07-29,SH601021,0.030987990050663067,EXP_CatBoostModel_Alpha158_csi300_custom_step0_s_20260729_13,7cd35a5ca25346b8b9296ea57b8bf98b,0.114,,,
2803,2026-07-29,SH600886,0.011529215531110066,EXP_CatBoostModel_Alpha158_csi300_custom_step0_s_20260729_13,7cd35a5ca25346b8b9296ea57b8bf98b,0.114,,,
2804,2026-07-29,SH601058,0.03408300723103344,EXP_CatBoostModel_Alpha158_csi300_custom_step0_s_20260729_13,7cd35a5ca25346b8b9296ea57b8bf98b,0.114,,,
2805,2026-07-29,SH601066,-0.022656089003933164,EXP_CatBoostModel_Alpha158_csi300_custom_step0_s_20260729_13,7cd35a5ca25346b8b9296ea57b8bf98b,0.114,,,
2806,2026-07-29,SH601318,-0.008373055437294323,EXP_CatBoostModel_Alpha158_csi300_custom_step0_s_20260729_13,7cd35a5ca25346b8b9296ea57b8bf98b,0.114,,,
2807,2026-07-29,SH601288,0.0011838529111273769,EXP_CatBoostModel_Alpha158_csi300_custom_step0_s_20260729_13,7cd35a5ca25346b8b9296ea57b8bf98b,0.114,,,
2808,2026-07-29,SH601238,-0.038873205835582535,EXP_CatBoostModel_Alpha158_csi300_custom_step0_s_20260729_13,7cd35a5ca25346b8b9296ea57b8bf98b,0.114,,,
2809,2026-07-29,SH601229,0.054987188189267476,EXP_CatBoostModel_Alpha158_csi300_custom_step0_s_20260729_13,7cd35a5ca25346b8b9296ea57b8bf98b,0.114,,,
2810,2026-07-29,SH601225,-0.010175413354953306,EXP_CatBoostModel_Alpha158_csi300_custom_step0_s_20260729_13,7cd35a5ca25346b8b9296ea57b8bf98b,0.114,,,
2811,2026-07-29,SH601211,-0.003822880725988894,EXP_CatBoostModel_Alpha158_csi300_custom_step0_s_20260729_13,7cd35a5ca25346b8b9296ea57b8bf98b,0.114,,,
2812,2026-07-29,SH601186,0.021847857772113663,EXP_CatBoostModel_Alpha158_csi300_custom_step0_s_20260729_13,7cd35a5ca25346b8b9296ea57b8bf98b,0.114,,,
2813,2026-07-29,SH601169,0.0403026719273936,EXP_CatBoostModel_Alpha158_csi300_custom_step0_s_20260729_13,7cd35a5ca25346b8b9296ea57b8bf98b,0.114,,,
2814,2026-07-29,SH601166,0.021148865764351862,EXP_CatBoostModel_Alpha158_csi300_custom_step0_s_20260729_13,7cd35a5ca25346b8b9296ea57b8bf98b,0.114,,,
2815,2026-07-29,SH601138,-0.0029871662416068178,EXP_CatBoostModel_Alpha158_csi300_custom_step0_s_20260729_13,7cd35a5ca25346b8b9296ea57b8bf98b,0.114,,,
2816,2026-07-29,SH601136,-0.005954809741838272,EXP_CatBoostModel_Alpha158_csi300_custom_step0_s_20260729_13,7cd35a5ca25346b8b9296ea57b8bf98b,0.114,,,
2817,2026-07-29,SH601127,-0.005923546981623606,EXP_CatBoostModel_Alpha158_csi300_custom_step0_s_20260729_13,7cd35a5ca25346b8b9296ea57b8bf98b,0.114,,,
2818,2026-07-29,SH601117,0.0067387330505160135,EXP_CatBoostModel_Alpha158_csi300_custom_step0_s_20260729_13,7cd35a5ca25346b8b9296ea57b8bf98b,0.114,,,
2819,2026-07-29,SH601111,0.008051114328430514,EXP_CatBoostModel_Alpha158_csi300_custom_step0_s_20260729_13,7cd35a5ca25346b8b9296ea57b8bf98b,0.114,,,
2820,2026-07-29,SH601100,-0.04216181546588853,EXP_CatBoostModel_Alpha158_csi300_custom_step0_s_20260729_13,7cd35a5ca25346b8b9296ea57b8bf98b,0.114,,,
2821,2026-07-29,SH601088,0.007354520273936307,EXP_CatBoostModel_Alpha158_csi300_custom_step0_s_20260729_13,7cd35a5ca25346b8b9296ea57b8bf98b,0.114,,,
2822,2026-07-29,SH601077,0.002870122228075239,EXP_CatBoostModel_Alpha158_csi300_custom_step0_s_20260729_13,7cd35a5ca25346b8b9296ea57b8bf98b,0.114,,,
2823,2026-07-29,SH601059,0.02397626831083752,EXP_CatBoostModel_Alpha158_csi300_custom_step0_s_20260729_13,7cd35a5ca25346b8b9296ea57b8bf98b,0.114,,,
2824,2026-07-29,SH600118,0.11911600189281701,EXP_CatBoostModel_Alpha158_csi300_custom_step0_s_20260729_13,7cd35a5ca25346b8b9296ea57b8bf98b,0.114,,,
2825,2026-07-29,SH600875,0.008557161466711379,EXP_CatBoostModel_Alpha158_csi300_custom_step0_s_20260729_13,7cd35a5ca25346b8b9296ea57b8bf98b,0.114,,,
2826,2026-07-29,SH600809,-0.03628012796580055,EXP_CatBoostModel_Alpha158_csi300_custom_step0_s_20260729_13,7cd35a5ca25346b8b9296ea57b8bf98b,0.114,,,
2827,2026-07-29,SH600436,-0.0006973332033427947,EXP_CatBoostModel_Alpha158_csi300_custom_step0_s_20260729_13,7cd35a5ca25346b8b9296ea57b8bf98b,0.114,,,
2828,2026-07-29,SH600426,-0.044860304441391656,EXP_CatBoostModel_Alpha158_csi300_custom_step0_s_20260729_13,7cd35a5ca25346b8b9296ea57b8bf98b,0.114,,,
2829,2026-07-29,SH600415,-0.09961180941713521,EXP_CatBoostModel_Alpha158_csi300_custom_step0_s_20260729_13,7cd35a5ca25346b8b9296ea57b8bf98b,0.114,,,
2830,2026-07-29,SH600406,-0.042670005424861046,EXP_CatBoostModel_Alpha158_csi300_custom_step0_s_20260729_13,7cd35a5ca25346b8b9296ea57b8bf98b,0.114,,,
2831,2026-07-29,SH600372,0.02977550601047449,EXP_CatBoostModel_Alpha158_csi300_custom_step0_s_20260729_13,7cd35a5ca25346b8b9296ea57b8bf98b,0.114,,,
2832,2026-07-29,SH600362,-0.02677130506701109,EXP_CatBoostModel_Alpha158_csi300_custom_step0_s_20260729_13,7cd35a5ca25346b8b9296ea57b8bf98b,0.114,,,
2833,2026-07-29,SH600346,-0.032126033266113276,EXP_CatBoostModel_Alpha158_csi300_custom_step0_s_20260729_13,7cd35a5ca25346b8b9296ea57b8bf98b,0.114,,,
2834,2026-07-29,SH600309,-0.061823386443844115,EXP_CatBoostModel_Alpha158_csi300_custom_step0_s_20260729_13,7cd35a5ca25346b8b9296ea57b8bf98b,0.114,,,
2835,2026-07-29,SH600276,-0.061476694307149644,EXP_CatBoostModel_Alpha158_csi300_custom_step0_s_20260729_13,7cd35a5ca25346b8b9296ea57b8bf98b,0.114,,,
2836,2026-07-29,SH600233,-0.020718545842030055,EXP_CatBoostModel_Alpha158_csi300_custom_step0_s_20260729_13,7cd35a5ca25346b8b9296ea57b8bf98b,0.114,,,
2837,2026-07-29,SH600221,0.007256162720324712,EXP_CatBoostModel_Alpha158_csi300_custom_step0_s_20260729_13,7cd35a5ca25346b8b9296ea57b8bf98b,0.114,,,
2838,2026-07-29,SH600219,-0.03851495253254512,EXP_CatBoostModel_Alpha158_csi300_custom_step0_s_20260729_13,7cd35a5ca25346b8b9296ea57b8bf98b,0.114,,,
2839,2026-07-29,SH600196,-0.027917701116438525,EXP_CatBoostModel_Alpha158_csi300_custom_step0_s_20260729_13,7cd35a5ca25346b8b9296ea57b8bf98b,0.114,,,
2840,2026-07-29,SH600188,-0.04247407813632735,EXP_CatBoostModel_Alpha158_csi300_custom_step0_s_20260729_13,7cd35a5ca25346b8b9296ea57b8bf98b,0.114,,,
2841,2026-07-29,SH600183,0.18947858998069037,EXP_CatBoostModel_Alpha158_csi300_custom_step0_s_20260729_13,7cd35a5ca25346b8b9296ea57b8bf98b,0.114,,,
2842,2026-07-29,SH600176,0.2138046760233527,EXP_CatBoostModel_Alpha158_csi300_custom_step0_s_20260729_13,7cd35a5ca25346b8b9296ea57b8bf98b,0.114,,,
2843,2026-07-29,SH600160,0.08585938927506984,EXP_CatBoostModel_Alpha158_csi300_custom_step0_s_20260729_13,7cd35a5ca25346b8b9296ea57b8bf98b,0.114,,,
2844,2026-07-29,SH600438,-0.009460217280714478,EXP_CatBoostModel_Alpha158_csi300_custom_step0_s_20260729_13,7cd35a5ca25346b8b9296ea57b8bf98b,0.114,,,
2845,2026-07-29,SH600845,-0.0044075062995272965,EXP_CatBoostModel_Alpha158_csi300_custom_step0_s_20260729_13,7cd35a5ca25346b8b9296ea57b8bf98b,0.114,,,
2846,2026-07-29,SH600460,0.1499607795735485,EXP_CatBoostModel_Alpha158_csi300_custom_step0_s_20260729_13,7cd35a5ca25346b8b9296ea57b8bf98b,0.114,,,
2847,2026-07-29,SH600489,-0.040784562596571636,EXP_CatBoostModel_Alpha158_csi300_custom_step0_s_20260729_13,7cd35a5ca25346b8b9296ea57b8bf98b,0.114,,,
2848,2026-07-29,SH600803,-0.04586442544273345,EXP_CatBoostModel_Alpha158_csi300_custom_step0_s_20260729_13,7cd35a5ca25346b8b9296ea57b8bf98b,0.114,,,
2849,2026-07-29,SH600795,-0.014886516070837574,EXP_CatBoostModel_Alpha158_csi300_custom_step0_s_20260729_13,7cd35a5ca25346b8b9296ea57b8bf98b,0.114,,,
2850,2026-07-29,SH600760,-0.02073838836678764,EXP_CatBoostModel_Alpha158_csi300_custom_step0_s_20260729_13,7cd35a5ca25346b8b9296ea57b8bf98b,0.114,,,
2851,2026-07-29,SH600741,0.023525643617094315,EXP_CatBoostModel_Alpha158_csi300_custom_step0_s_20260729_13,7cd35a5ca25346b8b9296ea57b8bf98b,0.114,,,
2852,2026-07-29,SH600690,-0.020436438836445837,EXP_CatBoostModel_Alpha158_csi300_custom_step0_s_20260729_13,7cd35a5ca25346b8b9296ea57b8bf98b,0.114,,,
2853,2026-07-29,SH600674,0.02193185127108056,EXP_CatBoostModel_Alpha158_csi300_custom_step0_s_20260729_13,7cd35a5ca25346b8b9296ea57b8bf98b,0.114,,,
2854,2026-07-29,SH600660,-0.04868571779420691,EXP_CatBoostModel_Alpha158_csi300_custom_step0_s_20260729_13,7cd35a5ca25346b8b9296ea57b8bf98b,0.114,,,
2855,2026-07-29,SH600600,-0.007095447664359431,EXP_CatBoostModel_Alpha158_csi300_custom_step0_s_20260729_13,7cd35a5ca25346b8b9296ea57b8bf98b,0.114,,,
2856,2026-07-29,SH600588,-0.034906520616852996,EXP_CatBoostModel_Alpha158_csi300_custom_step0_s_20260729_13,7cd35a5ca25346b8b9296ea57b8bf98b,0.114,,,
2857,2026-07-29,SH600585,0.016641382989991644,EXP_CatBoostModel_Alpha158_csi300_custom_step0_s_20260729_13,7cd35a5ca25346b8b9296ea57b8bf98b,0.114,,,
2858,2026-07-29,SH600584,0.051495814126272514,EXP_CatBoostModel_Alpha158_csi300_custom_step0_s_20260729_13,7cd35a5ca25346b8b9296ea57b8bf98b,0.114,,,
2859,2026-07-29,SH600570,-0.036078492295769024,EXP_CatBoostModel_Alpha158_csi300_custom_step0_s_20260729_13,7cd35a5ca25346b8b9296ea57b8bf98b,0.114,,,
2860,2026-07-29,SH600549,0.17519524971861206,EXP_CatBoostModel_Alpha158_csi300_custom_step0_s_20260729_13,7cd35a5ca25346b8b9296ea57b8bf98b,0.114,,,
2861,2026-07-29,SH600547,-0.037612145999964944,EXP_CatBoostModel_Alpha158_csi300_custom_step0_s_20260729_13,7cd35a5ca25346b8b9296ea57b8bf98b,0.114,,,
2862,2026-07-29,SH600522,0.05883239045436602,EXP_CatBoostModel_Alpha158_csi300_custom_step0_s_20260729_13,7cd35a5ca25346b8b9296ea57b8bf98b,0.114,,,
2863,2026-07-29,SH600519,0.001482994436287684,EXP_CatBoostModel_Alpha158_csi300_custom_step0_s_20260729_13,7cd35a5ca25346b8b9296ea57b8bf98b,0.114,,,
2864,2026-07-29,SH600515,0.014825875993209055,EXP_CatBoostModel_Alpha158_csi300_custom_step0_s_20260729_13,7cd35a5ca25346b8b9296ea57b8bf98b,0.114,,,
2865,2026-07-29,SH600482,-0.03997162939827186,EXP_CatBoostModel_Alpha158_csi300_custom_step0_s_20260729_13,7cd35a5ca25346b8b9296ea57b8bf98b,0.114,,,
2866,2026-07-29,SZ002384,0.16277760343059855,EXP_CatBoostModel_Alpha158_csi300_custom_step0_s_20260729_13,38c4b6d2098f46bdbb2b83d633f92884,0.069,,,
2867,2026-07-29,SZ002371,-0.0362277778653192,EXP_CatBoostModel_Alpha158_csi300_custom_step0_s_20260729_13,38c4b6d2098f46bdbb2b83d633f92884,0.069,,,
2868,2026-07-29,SZ002353,-0.0015765377337044082,EXP_CatBoostModel_Alpha158_csi300_custom_step0_s_20260729_13,38c4b6d2098f46bdbb2b83d633f92884,0.069,,,
2869,2026-07-29,SH601816,0.012321294421018234,EXP_CatBoostModel_Alpha158_csi300_custom_step0_s_20260729_13,38c4b6d2098f46bdbb2b83d633f92884,0.069,,,
2870,2026-07-29,SH601800,-0.008037686511452778,EXP_CatBoostModel_Alpha158_csi300_custom_step0_s_20260729_13,38c4b6d2098f46bdbb2b83d633f92884,0.069,,,
2871,2026-07-29,SH601788,0.02321966823485319,EXP_CatBoostModel_Alpha158_csi300_custom_step0_s_20260729_13,38c4b6d2098f46bdbb2b83d633f92884,0.069,,,
2872,2026-07-29,SH601766,-0.04272394927222005,EXP_CatBoostModel_Alpha158_csi300_custom_step0_s_20260729_13,38c4b6d2098f46bdbb2b83d633f92884,0.069,,,
2873,2026-07-29,SH601728,0.041446965105809155,EXP_CatBoostModel_Alpha158_csi300_custom_step0_s_20260729_13,38c4b6d2098f46bdbb2b83d633f92884,0.069,,,
2874,2026-07-29,SH601727,-0.023246720374506907,EXP_CatBoostModel_Alpha158_csi300_custom_step0_s_20260729_13,38c4b6d2098f46bdbb2b83d633f92884,0.069,,,
2875,2026-07-29,SH601698,-0.014773063985780275,EXP_CatBoostModel_Alpha158_csi300_custom_step0_s_20260729_13,38c4b6d2098f46bdbb2b83d633f92884,0.069,,,
2876,2026-07-29,SH601689,-0.014020080290615857,EXP_CatBoostModel_Alpha158_csi300_custom_step0_s_20260729_13,38c4b6d2098f46bdbb2b83d633f92884,0.069,,,
2877,2026-07-29,SH601688,-0.00993151746023421,EXP_CatBoostModel_Alpha158_csi300_custom_step0_s_20260729_13,38c4b6d2098f46bdbb2b83d633f92884,0.069,,,
2878,2026-07-29,SH601669,0.0119182726509758,EXP_CatBoostModel_Alpha158_csi300_custom_step0_s_20260729_13,38c4b6d2098f46bdbb2b83d633f92884,0.069,,,
2879,2026-07-29,SH601668,0.030110625453430746,EXP_CatBoostModel_Alpha158_csi300_custom_step0_s_20260729_13,38c4b6d2098f46bdbb2b83d633f92884,0.069,,,
2880,2026-07-29,SH601658,0.04125002664134369,EXP_CatBoostModel_Alpha158_csi300_custom_step0_s_20260729_13,38c4b6d2098f46bdbb2b83d633f92884,0.069,,,
2881,2026-07-29,SH601633,-0.018633085116387966,EXP_CatBoostModel_Alpha158_csi300_custom_step0_s_20260729_13,38c4b6d2098f46bdbb2b83d633f92884,0.069,,,
2882,2026-07-29,SH601628,-0.010090178683690904,EXP_CatBoostModel_Alpha158_csi300_custom_step0_s_20260729_13,38c4b6d2098f46bdbb2b83d633f92884,0.069,,,
2883,2026-07-29,SH601618,-0.00461639209807913,EXP_CatBoostModel_Alpha158_csi300_custom_step0_s_20260729_13,38c4b6d2098f46bdbb2b83d633f92884,0.069,,,
2884,2026-07-29,SH601607,0.0022993772334900385,EXP_CatBoostModel_Alpha158_csi300_custom_step0_s_20260729_13,38c4b6d2098f46bdbb2b83d633f92884,0.069,,,
2885,2026-07-29,SH601601,-0.026706927514012917,EXP_CatBoostModel_Alpha158_csi300_custom_step0_s_20260729_13,38c4b6d2098f46bdbb2b83d633f92884,0.069,,,
2886,2026-07-29,SH601818,0.05720331747844908,EXP_CatBoostModel_Alpha158_csi300_custom_step0_s_20260729_13,38c4b6d2098f46bdbb2b83d633f92884,0.069,,,
2887,2026-07-29,SH601600,-0.03006897518633829,EXP_CatBoostModel_Alpha158_csi300_custom_step0_s_20260729_13,38c4b6d2098f46bdbb2b83d633f92884,0.069,,,
2888,2026-07-29,SH601825,0.027098903645903217,EXP_CatBoostModel_Alpha158_csi300_custom_step0_s_20260729_13,38c4b6d2098f46bdbb2b83d633f92884,0.069,,,
2889,2026-07-29,SH601857,0.025575229439760774,EXP_CatBoostModel_Alpha158_csi300_custom_step0_s_20260729_13,38c4b6d2098f46bdbb2b83d633f92884,0.069,,,
2890,2026-07-29,SH603019,-0.01427725650152666,EXP_CatBoostModel_Alpha158_csi300_custom_step0_s_20260729_13,38c4b6d2098f46bdbb2b83d633f92884,0.069,,,
2891,2026-07-29,SH601998,0.03610972077197033,EXP_CatBoostModel_Alpha158_csi300_custom_step0_s_20260729_13,38c4b6d2098f46bdbb2b83d633f92884,0.069,,,
2892,2026-07-29,SH601995,-0.015556375418495028,EXP_CatBoostModel_Alpha158_csi300_custom_step0_s_20260729_13,38c4b6d2098f46bdbb2b83d633f92884,0.069,,,
2893,2026-07-29,SH601988,0.04527581183565216,EXP_CatBoostModel_Alpha158_csi300_custom_step0_s_20260729_13,38c4b6d2098f46bdbb2b83d633f92884,0.069,,,
2894,2026-07-29,SH601985,0.04243362804814894,EXP_CatBoostModel_Alpha158_csi300_custom_step0_s_20260729_13,38c4b6d2098f46bdbb2b83d633f92884,0.069,,,
2895,2026-07-29,SH601939,0.011213989825629034,EXP_CatBoostModel_Alpha158_csi300_custom_step0_s_20260729_13,38c4b6d2098f46bdbb2b83d633f92884,0.069,,,
2896,2026-07-29,SH601919,0.0063448794079622286,EXP_CatBoostModel_Alpha158_csi300_custom_step0_s_20260729_13,38c4b6d2098f46bdbb2b83d633f92884,0.069,,,
2897,2026-07-29,SH601916,0.01926167895447638,EXP_CatBoostModel_Alpha158_csi300_custom_step0_s_20260729_13,38c4b6d2098f46bdbb2b83d633f92884,0.069,,,
2898,2026-07-29,SH601901,0.020285639462230966,EXP_CatBoostModel_Alpha158_csi300_custom_step0_s_20260729_13,38c4b6d2098f46bdbb2b83d633f92884,0.069,,,
2899,2026-07-29,SH601899,-0.10372524347006913,EXP_CatBoostModel_Alpha158_csi300_custom_step0_s_20260729_13,38c4b6d2098f46bdbb2b83d633f92884,0.069,,,
2900,2026-07-29,SH601898,-0.024347687891860304,EXP_CatBoostModel_Alpha158_csi300_custom_step0_s_20260729_13,38c4b6d2098f46bdbb2b83d633f92884,0.069,,,
2901,2026-07-29,SH601888,-0.016332808720743563,EXP_CatBoostModel_Alpha158_csi300_custom_step0_s_20260729_13,38c4b6d2098f46bdbb2b83d633f92884,0.069,,,
2902,2026-07-29,SH601881,-0.0043758388654826594,EXP_CatBoostModel_Alpha158_csi300_custom_step0_s_20260729_13,38c4b6d2098f46bdbb2b83d633f92884,0.069,,,
2903,2026-07-29,SH601878,0.030740577731985068,EXP_CatBoostModel_Alpha158_csi300_custom_step0_s_20260729_13,38c4b6d2098f46bdbb2b83d633f92884,0.069,,,
2904,2026-07-29,SH601877,-0.030546869123357953,EXP_CatBoostModel_Alpha158_csi300_custom_step0_s_20260729_13,38c4b6d2098f46bdbb2b83d633f92884,0.069,,,
2905,2026-07-29,SH601872,-0.057204247816759354,EXP_CatBoostModel_Alpha158_csi300_custom_step0_s_20260729_13,38c4b6d2098f46bdbb2b83d633f92884,0.069,,,
2906,2026-07-29,SH601868,-0.0067749648669454855,EXP_CatBoostModel_Alpha158_csi300_custom_step0_s_20260729_13,38c4b6d2098f46bdbb2b83d633f92884,0.069,,,
2907,2026-07-29,SH601838,0.030484734939917935,EXP_CatBoostModel_Alpha158_csi300_custom_step0_s_20260729_13,38c4b6d2098f46bdbb2b83d633f92884,0.069,,,
2908,2026-07-29,SH603259,-0.04130386242594018,EXP_CatBoostModel_Alpha158_csi300_custom_step0_s_20260729_13,38c4b6d2098f46bdbb2b83d633f92884,0.069,,,
2909,2026-07-29,SH601456,0.025286199504305138,EXP_CatBoostModel_Alpha158_csi300_custom_step0_s_20260729_13,38c4b6d2098f46bdbb2b83d633f92884,0.069,,,
2910,2026-07-29,SH601390,-0.0030014334063157193,EXP_CatBoostModel_Alpha158_csi300_custom_step0_s_20260729_13,38c4b6d2098f46bdbb2b83d633f92884,0.069,,,
2911,2026-07-29,SH601077,-0.005872715149280958,EXP_CatBoostModel_Alpha158_csi300_custom_step0_s_20260729_13,38c4b6d2098f46bdbb2b83d633f92884,0.069,,,
2912,2026-07-29,SH601066,-0.02244575520547214,EXP_CatBoostModel_Alpha158_csi300_custom_step0_s_20260729_13,38c4b6d2098f46bdbb2b83d633f92884,0.069,,,
2913,2026-07-29,SH601059,0.012010297279356999,EXP_CatBoostModel_Alpha158_csi300_custom_step0_s_20260729_13,38c4b6d2098f46bdbb2b83d633f92884,0.069,,,
2914,2026-07-29,SH601058,-0.0035445122026746406,EXP_CatBoostModel_Alpha158_csi300_custom_step0_s_20260729_13,38c4b6d2098f46bdbb2b83d633f92884,0.069,,,
2915,2026-07-29,SH601021,0.024085918314534494,EXP_CatBoostModel_Alpha158_csi300_custom_step0_s_20260729_13,38c4b6d2098f46bdbb2b83d633f92884,0.069,,,
2916,2026-07-29,SH601018,0.020882286689059962,EXP_CatBoostModel_Alpha158_csi300_custom_step0_s_20260729_13,38c4b6d2098f46bdbb2b83d633f92884,0.069,,,
2917,2026-07-29,SH601012,-0.03743182023292825,EXP_CatBoostModel_Alpha158_csi300_custom_step0_s_20260729_13,38c4b6d2098f46bdbb2b83d633f92884,0.069,,,
2918,2026-07-29,SH601009,0.03454072664942414,EXP_CatBoostModel_Alpha158_csi300_custom_step0_s_20260729_13,38c4b6d2098f46bdbb2b83d633f92884,0.069,,,
2919,2026-07-29,SH601006,0.005278267534000393,EXP_CatBoostModel_Alpha158_csi300_custom_step0_s_20260729_13,38c4b6d2098f46bdbb2b83d633f92884,0.069,,,
2920,2026-07-29,SH600999,-0.05866495519473826,EXP_CatBoostModel_Alpha158_csi300_custom_step0_s_20260729_13,38c4b6d2098f46bdbb2b83d633f92884,0.069,,,
2921,2026-07-29,SH600989,-0.030560677702647622,EXP_CatBoostModel_Alpha158_csi300_custom_step0_s_20260729_13,38c4b6d2098f46bdbb2b83d633f92884,0.069,,,
2922,2026-07-29,SH600958,0.013111679037721796,EXP_CatBoostModel_Alpha158_csi300_custom_step0_s_20260729_13,38c4b6d2098f46bdbb2b83d633f92884,0.069,,,
2923,2026-07-29,SH600941,0.015386694774425882,EXP_CatBoostModel_Alpha158_csi300_custom_step0_s_20260729_13,38c4b6d2098f46bdbb2b83d633f92884,0.069,,,
2924,2026-07-29,SH600938,-0.009459819817711908,EXP_CatBoostModel_Alpha158_csi300_custom_step0_s_20260729_13,38c4b6d2098f46bdbb2b83d633f92884,0.069,,,
2925,2026-07-29,SH600930,0.005322328888902442,EXP_CatBoostModel_Alpha158_csi300_custom_step0_s_20260729_13,38c4b6d2098f46bdbb2b83d633f92884,0.069,,,
2926,2026-07-29,SH600926,0.027404234479505504,EXP_CatBoostModel_Alpha158_csi300_custom_step0_s_20260729_13,38c4b6d2098f46bdbb2b83d633f92884,0.069,,,
2927,2026-07-29,SH600919,0.047662378347943395,EXP_CatBoostModel_Alpha158_csi300_custom_step0_s_20260729_13,38c4b6d2098f46bdbb2b83d633f92884,0.069,,,
2928,2026-07-29,SH601088,0.01578202019346057,EXP_CatBoostModel_Alpha158_csi300_custom_step0_s_20260729_13,38c4b6d2098f46bdbb2b83d633f92884,0.069,,,
2929,2026-07-29,SH601398,0.014322808395927786,EXP_CatBoostModel_Alpha158_csi300_custom_step0_s_20260729_13,38c4b6d2098f46bdbb2b83d633f92884,0.069,,,
2930,2026-07-29,SH601100,-0.04449144840418366,EXP_CatBoostModel_Alpha158_csi300_custom_step0_s_20260729_13,38c4b6d2098f46bdbb2b83d633f92884,0.069,,,
2931,2026-07-29,SH601117,-0.005258489234981676,EXP_CatBoostModel_Alpha158_csi300_custom_step0_s_20260729_13,38c4b6d2098f46bdbb2b83d633f92884,0.069,,,
2932,2026-07-29,SH601377,0.0225109653697183,EXP_CatBoostModel_Alpha158_csi300_custom_step0_s_20260729_13,38c4b6d2098f46bdbb2b83d633f92884,0.069,,,
2933,2026-07-29,SH601360,-0.0457796863862892,EXP_CatBoostModel_Alpha158_csi300_custom_step0_s_20260729_13,38c4b6d2098f46bdbb2b83d633f92884,0.069,,,
2934,2026-07-29,SH601336,0.003639779587252322,EXP_CatBoostModel_Alpha158_csi300_custom_step0_s_20260729_13,38c4b6d2098f46bdbb2b83d633f92884,0.069,,,
2935,2026-07-29,SH601328,0.04186720970317366,EXP_CatBoostModel_Alpha158_csi300_custom_step0_s_20260729_13,38c4b6d2098f46bdbb2b83d633f92884,0.069,,,
2936,2026-07-29,SH601319,0.010558461944519398,EXP_CatBoostModel_Alpha158_csi300_custom_step0_s_20260729_13,38c4b6d2098f46bdbb2b83d633f92884,0.069,,,
2937,2026-07-29,SH601318,-0.002496577553975483,EXP_CatBoostModel_Alpha158_csi300_custom_step0_s_20260729_13,38c4b6d2098f46bdbb2b83d633f92884,0.069,,,
2938,2026-07-29,SH601288,0.025857963578807784,EXP_CatBoostModel_Alpha158_csi300_custom_step0_s_20260729_13,38c4b6d2098f46bdbb2b83d633f92884,0.069,,,
2939,2026-07-29,SH601238,-0.02016653953188014,EXP_CatBoostModel_Alpha158_csi300_custom_step0_s_20260729_13,38c4b6d2098f46bdbb2b83d633f92884,0.069,,,
2940,2026-07-29,SH601229,0.057793480027392326,EXP_CatBoostModel_Alpha158_csi300_custom_step0_s_20260729_13,38c4b6d2098f46bdbb2b83d633f92884,0.069,,,
2941,2026-07-29,SH601225,-0.008007420843684826,EXP_CatBoostModel_Alpha158_csi300_custom_step0_s_20260729_13,38c4b6d2098f46bdbb2b83d633f92884,0.069,,,
2942,2026-07-29,SH601211,-0.019021616044743422,EXP_CatBoostModel_Alpha158_csi300_custom_step0_s_20260729_13,38c4b6d2098f46bdbb2b83d633f92884,0.069,,,
2943,2026-07-29,SH601186,0.014229166339204227,EXP_CatBoostModel_Alpha158_csi300_custom_step0_s_20260729_13,38c4b6d2098f46bdbb2b83d633f92884,0.069,,,
2944,2026-07-29,SH601169,0.024556206320324906,EXP_CatBoostModel_Alpha158_csi300_custom_step0_s_20260729_13,38c4b6d2098f46bdbb2b83d633f92884,0.069,,,
2945,2026-07-29,SH601166,0.03850734844783184,EXP_CatBoostModel_Alpha158_csi300_custom_step0_s_20260729_13,38c4b6d2098f46bdbb2b83d633f92884,0.069,,,
2946,2026-07-29,SH601138,0.04106935583439937,EXP_CatBoostModel_Alpha158_csi300_custom_step0_s_20260729_13,38c4b6d2098f46bdbb2b83d633f92884,0.069,,,
2947,2026-07-29,SH601136,0.0073723837806662345,EXP_CatBoostModel_Alpha158_csi300_custom_step0_s_20260729_13,38c4b6d2098f46bdbb2b83d633f92884,0.069,,,
2948,2026-07-29,SH601127,-0.00934559851741638,EXP_CatBoostModel_Alpha158_csi300_custom_step0_s_20260729_13,38c4b6d2098f46bdbb2b83d633f92884,0.069,,,
2949,2026-07-29,SH601111,0.0019142200865438746,EXP_CatBoostModel_Alpha158_csi300_custom_step0_s_20260729_13,38c4b6d2098f46bdbb2b83d633f92884,0.069,,,
2950,2026-07-29,SH603260,0.05463740644736584,EXP_CatBoostModel_Alpha158_csi300_custom_step0_s_20260729_13,38c4b6d2098f46bdbb2b83d633f92884,0.069,,,
2951,2026-07-29,SH603288,-0.0030164390394331045,EXP_CatBoostModel_Alpha158_csi300_custom_step0_s_20260729_13,38c4b6d2098f46bdbb2b83d633f92884,0.069,,,
2952,2026-07-29,SH603296,-0.08056202192242935,EXP_CatBoostModel_Alpha158_csi300_custom_step0_s_20260729_13,38c4b6d2098f46bdbb2b83d633f92884,0.069,,,
2953,2026-07-29,SZ000977,0.06454763025281325,EXP_CatBoostModel_Alpha158_csi300_custom_step0_s_20260729_13,38c4b6d2098f46bdbb2b83d633f92884,0.069,,,
2954,2026-07-29,SZ000975,-0.06672452156752302,EXP_CatBoostModel_Alpha158_csi300_custom_step0_s_20260729_13,38c4b6d2098f46bdbb2b83d633f92884,0.069,,,
2955,2026-07-29,SZ000963,-0.018528765341930705,EXP_CatBoostModel_Alpha158_csi300_custom_step0_s_20260729_13,38c4b6d2098f46bdbb2b83d633f92884,0.069,,,
2956,2026-07-29,SZ000938,-0.05913843397624529,EXP_CatBoostModel_Alpha158_csi300_custom_step0_s_20260729_13,38c4b6d2098f46bdbb2b83d633f92884,0.069,,,
2957,2026-07-29,SZ000895,-0.0036194621474995477,EXP_CatBoostModel_Alpha158_csi300_custom_step0_s_20260729_13,38c4b6d2098f46bdbb2b83d633f92884,0.069,,,
2958,2026-07-29,SZ000858,0.004618873213764026,EXP_CatBoostModel_Alpha158_csi300_custom_step0_s_20260729_13,38c4b6d2098f46bdbb2b83d633f92884,0.069,,,
2959,2026-07-29,SZ000807,-0.019207080828893365,EXP_CatBoostModel_Alpha158_csi300_custom_step0_s_20260729_13,38c4b6d2098f46bdbb2b83d633f92884,0.069,,,
2960,2026-07-29,SZ000792,-0.054776468672284584,EXP_CatBoostModel_Alpha158_csi300_custom_step0_s_20260729_13,38c4b6d2098f46bdbb2b83d633f92884,0.069,,,
2961,2026-07-29,SZ000776,-0.06387647122117956,EXP_CatBoostModel_Alpha158_csi300_custom_step0_s_20260729_13,38c4b6d2098f46bdbb2b83d633f92884,0.069,,,
2962,2026-07-29,SZ000768,0.004172605528620267,EXP_CatBoostModel_Alpha158_csi300_custom_step0_s_20260729_13,38c4b6d2098f46bdbb2b83d633f92884,0.069,,,
2963,2026-07-29,SZ000725,0.06857301446370127,EXP_CatBoostModel_Alpha158_csi300_custom_step0_s_20260729_13,38c4b6d2098f46bdbb2b83d633f92884,0.069,,,
2964,2026-07-29,SZ000708,-0.02811855922950064,EXP_CatBoostModel_Alpha158_csi300_custom_step0_s_20260729_13,38c4b6d2098f46bdbb2b83d633f92884,0.069,,,
2965,2026-07-29,SZ000657,0.04296593014629839,EXP_CatBoostModel_Alpha158_csi300_custom_step0_s_20260729_13,38c4b6d2098f46bdbb2b83d633f92884,0.069,,,
2966,2026-07-29,SZ000651,0.012996520210958443,EXP_CatBoostModel_Alpha158_csi300_custom_step0_s_20260729_13,38c4b6d2098f46bdbb2b83d633f92884,0.069,,,
2967,2026-07-29,SZ000630,-0.03414228852919908,EXP_CatBoostModel_Alpha158_csi300_custom_step0_s_20260729_13,38c4b6d2098f46bdbb2b83d633f92884,0.069,,,
2968,2026-07-29,SZ000625,-0.004484074816609592,EXP_CatBoostModel_Alpha158_csi300_custom_step0_s_20260729_13,38c4b6d2098f46bdbb2b83d633f92884,0.069,,,
2969,2026-07-29,SZ000617,-0.028477545502905093,EXP_CatBoostModel_Alpha158_csi300_custom_step0_s_20260729_13,38c4b6d2098f46bdbb2b83d633f92884,0.069,,,
2970,2026-07-29,SZ000988,0.159417483471153,EXP_CatBoostModel_Alpha158_csi300_custom_step0_s_20260729_13,38c4b6d2098f46bdbb2b83d633f92884,0.069,,,
2971,2026-07-29,SZ000596,-0.054339127575718064,EXP_CatBoostModel_Alpha158_csi300_custom_step0_s_20260729_13,38c4b6d2098f46bdbb2b83d633f92884,0.069,,,
2972,2026-07-29,SZ000999,0.0034380496137105592,EXP_CatBoostModel_Alpha158_csi300_custom_step0_s_20260729_13,38c4b6d2098f46bdbb2b83d633f92884,0.069,,,
2973,2026-07-29,SZ001391,-0.0010437855299684695,EXP_CatBoostModel_Alpha158_csi300_custom_step0_s_20260729_13,38c4b6d2098f46bdbb2b83d633f92884,0.069,,,
2974,2026-07-29,SZ002352,0.00792268651567623,EXP_CatBoostModel_Alpha158_csi300_custom_step0_s_20260729_13,38c4b6d2098f46bdbb2b83d633f92884,0.069,,,
2975,2026-07-29,SZ002311,0.014564436478218703,EXP_CatBoostModel_Alpha158_csi300_custom_step0_s_20260729_13,38c4b6d2098f46bdbb2b83d633f92884,0.069,,,
2976,2026-07-29,SZ002304,-0.009679949330987554,EXP_CatBoostModel_Alpha158_csi300_custom_step0_s_20260729_13,38c4b6d2098f46bdbb2b83d633f92884,0.069,,,
2977,2026-07-29,SZ002241,-0.017304911348092387,EXP_CatBoostModel_Alpha158_csi300_custom_step0_s_20260729_13,38c4b6d2098f46bdbb2b83d633f92884,0.069,,,
2978,2026-07-29,SZ002236,-0.0028801991873915107,EXP_CatBoostModel_Alpha158_csi300_custom_step0_s_20260729_13,38c4b6d2098f46bdbb2b83d633f92884,0.069,,,
2979,2026-07-29,SZ002230,-0.03710732518405914,EXP_CatBoostModel_Alpha158_csi300_custom_step0_s_20260729_13,38c4b6d2098f46bdbb2b83d633f92884,0.069,,,
2980,2026-07-29,SZ002202,-0.00013694825268337327,EXP_CatBoostModel_Alpha158_csi300_custom_step0_s_20260729_13,38c4b6d2098f46bdbb2b83d633f92884,0.069,,,
2981,2026-07-29,SZ002179,0.007485435153453789,EXP_CatBoostModel_Alpha158_csi300_custom_step0_s_20260729_13,38c4b6d2098f46bdbb2b83d633f92884,0.069,,,
2982,2026-07-29,SZ002142,0.01979788794356012,EXP_CatBoostModel_Alpha158_csi300_custom_step0_s_20260729_13,38c4b6d2098f46bdbb2b83d633f92884,0.069,,,
2983,2026-07-29,SZ002074,-0.05919331553404452,EXP_CatBoostModel_Alpha158_csi300_custom_step0_s_20260729_13,38c4b6d2098f46bdbb2b83d633f92884,0.069,,,
2984,2026-07-29,SZ002050,-0.03906203911524886,EXP_CatBoostModel_Alpha158_csi300_custom_step0_s_20260729_13,38c4b6d2098f46bdbb2b83d633f92884,0.069,,,
2985,2026-07-29,SZ002049,0.029476225254846295,EXP_CatBoostModel_Alpha158_csi300_custom_step0_s_20260729_13,38c4b6d2098f46bdbb2b83d633f92884,0.069,,,
2986,2026-07-29,SZ002028,-0.07637414161004005,EXP_CatBoostModel_Alpha158_csi300_custom_step0_s_20260729_13,38c4b6d2098f46bdbb2b83d633f92884,0.069,,,
2987,2026-07-29,SZ002027,-0.021960097732196072,EXP_CatBoostModel_Alpha158_csi300_custom_step0_s_20260729_13,38c4b6d2098f46bdbb2b83d633f92884,0.069,,,
2988,2026-07-29,SZ002001,-0.04513450151595323,EXP_CatBoostModel_Alpha158_csi300_custom_step0_s_20260729_13,38c4b6d2098f46bdbb2b83d633f92884,0.069,,,
2989,2026-07-29,SZ001979,-0.030729318785879454,EXP_CatBoostModel_Alpha158_csi300_custom_step0_s_20260729_13,38c4b6d2098f46bdbb2b83d633f92884,0.069,,,
2990,2026-07-29,SZ001965,0.006572112263563777,EXP_CatBoostModel_Alpha158_csi300_custom_step0_s_20260729_13,38c4b6d2098f46bdbb2b83d633f92884,0.069,,,
2991,2026-07-29,SZ001280,-0.033292118878280666,EXP_CatBoostModel_Alpha158_csi300_custom_step0_s_20260729_13,38c4b6d2098f46bdbb2b83d633f92884,0.069,,,
2992,2026-07-29,SZ000568,-0.019977227958199204,EXP_CatBoostModel_Alpha158_csi300_custom_step0_s_20260729_13,38c4b6d2098f46bdbb2b83d633f92884,0.069,,,
2993,2026-07-29,SZ000538,0.007290526650552003,EXP_CatBoostModel_Alpha158_csi300_custom_step0_s_20260729_13,38c4b6d2098f46bdbb2b83d633f92884,0.069,,,
2994,2026-07-29,SZ000425,-0.055478766622464246,EXP_CatBoostModel_Alpha158_csi300_custom_step0_s_20260729_13,38c4b6d2098f46bdbb2b83d633f92884,0.069,,,
2995,2026-07-29,SH688082,0.0009802525379875521,EXP_CatBoostModel_Alpha158_csi300_custom_step0_s_20260729_13,38c4b6d2098f46bdbb2b83d633f92884,0.069,,,
2996,2026-07-29,SH688072,-0.07077582920468092,EXP_CatBoostModel_Alpha158_csi300_custom_step0_s_20260729_13,38c4b6d2098f46bdbb2b83d633f92884,0.069,,,
2997,2026-07-29,SH688047,0.0074446700557009365,EXP_CatBoostModel_Alpha158_csi300_custom_step0_s_20260729_13,38c4b6d2098f46bdbb2b83d633f92884,0.069,,,
2998,2026-07-29,SH688041,-0.04392949068950994,EXP_CatBoostModel_Alpha158_csi300_custom_step0_s_20260729_13,38c4b6d2098f46bdbb2b83d633f92884,0.069,,,
2999,2026-07-29,SH688036,0.009062521081279685,EXP_CatBoostModel_Alpha158_csi300_custom_step0_s_20260729_13,38c4b6d2098f46bdbb2b83d633f92884,0.069,,,
3000,2026-07-29,SH688012,-0.02757810219462269,EXP_CatBoostModel_Alpha158_csi300_custom_step0_s_20260729_13,38c4b6d2098f46bdbb2b83d633f92884,0.069,,,
3001,2026-07-29,SH688009,0.01943035417147577,EXP_CatBoostModel_Alpha158_csi300_custom_step0_s_20260729_13,38c4b6d2098f46bdbb2b83d633f92884,0.069,,,
3002,2026-07-29,SH688008,0.18145099030398357,EXP_CatBoostModel_Alpha158_csi300_custom_step0_s_20260729_13,38c4b6d2098f46bdbb2b83d633f92884,0.069,,,
3003,2026-07-29,SH605499,-0.08667480121284316,EXP_CatBoostModel_Alpha158_csi300_custom_step0_s_20260729_13,38c4b6d2098f46bdbb2b83d633f92884,0.069,,,
3004,2026-07-29,SH605117,0.02837458734141175,EXP_CatBoostModel_Alpha158_csi300_custom_step0_s_20260729_13,38c4b6d2098f46bdbb2b83d633f92884,0.069,,,
3005,2026-07-29,SH603993,-0.08632806346286406,EXP_CatBoostModel_Alpha158_csi300_custom_step0_s_20260729_13,38c4b6d2098f46bdbb2b83d633f92884,0.069,,,
3006,2026-07-29,SH603986,0.04960338410858905,EXP_CatBoostModel_Alpha158_csi300_custom_step0_s_20260729_13,38c4b6d2098f46bdbb2b83d633f92884,0.069,,,
3007,2026-07-29,SH603893,-0.022312843557323738,EXP_CatBoostModel_Alpha158_csi300_custom_step0_s_20260729_13,38c4b6d2098f46bdbb2b83d633f92884,0.069,,,
3008,2026-07-29,SH603799,0.0570610403906117,EXP_CatBoostModel_Alpha158_csi300_custom_step0_s_20260729_13,38c4b6d2098f46bdbb2b83d633f92884,0.069,,,
3009,2026-07-29,SH603501,-0.017041040423245103,EXP_CatBoostModel_Alpha158_csi300_custom_step0_s_20260729_13,38c4b6d2098f46bdbb2b83d633f92884,0.069,,,
3010,2026-07-29,SH603392,-0.01216641521952917,EXP_CatBoostModel_Alpha158_csi300_custom_step0_s_20260729_13,38c4b6d2098f46bdbb2b83d633f92884,0.069,,,
3011,2026-07-29,SH603369,-0.020005203395852218,EXP_CatBoostModel_Alpha158_csi300_custom_step0_s_20260729_13,38c4b6d2098f46bdbb2b83d633f92884,0.069,,,
3012,2026-07-29,SH688111,-0.07570707643167433,EXP_CatBoostModel_Alpha158_csi300_custom_step0_s_20260729_13,38c4b6d2098f46bdbb2b83d633f92884,0.069,,,
3013,2026-07-29,SH688126,0.09508892147859968,EXP_CatBoostModel_Alpha158_csi300_custom_step0_s_20260729_13,38c4b6d2098f46bdbb2b83d633f92884,0.069,,,
3014,2026-07-29,SH688183,0.10043629758769121,EXP_CatBoostModel_Alpha158_csi300_custom_step0_s_20260729_13,38c4b6d2098f46bdbb2b83d633f92884,0.069,,,
3015,2026-07-29,SH688223,0.030950268098283277,EXP_CatBoostModel_Alpha158_csi300_custom_step0_s_20260729_13,38c4b6d2098f46bdbb2b83d633f92884,0.069,,,
3016,2026-07-29,SZ000408,-0.04557946661634994,EXP_CatBoostModel_Alpha158_csi300_custom_step0_s_20260729_13,38c4b6d2098f46bdbb2b83d633f92884,0.069,,,
3017,2026-07-29,SZ000338,-0.02504122086173145,EXP_CatBoostModel_Alpha158_csi300_custom_step0_s_20260729_13,38c4b6d2098f46bdbb2b83d633f92884,0.069,,,
3018,2026-07-29,SZ000333,0.005308790678856954,EXP_CatBoostModel_Alpha158_csi300_custom_step0_s_20260729_13,38c4b6d2098f46bdbb2b83d633f92884,0.069,,,
3019,2026-07-29,SZ000301,-0.04708297759829307,EXP_CatBoostModel_Alpha158_csi300_custom_step0_s_20260729_13,38c4b6d2098f46bdbb2b83d633f92884,0.069,,,
3020,2026-07-29,SZ000166,0.031507219701036995,EXP_CatBoostModel_Alpha158_csi300_custom_step0_s_20260729_13,38c4b6d2098f46bdbb2b83d633f92884,0.069,,,
3021,2026-07-29,SZ000157,-0.002796435939504477,EXP_CatBoostModel_Alpha158_csi300_custom_step0_s_20260729_13,38c4b6d2098f46bdbb2b83d633f92884,0.069,,,
3022,2026-07-29,SZ000100,-0.06323176444410776,EXP_CatBoostModel_Alpha158_csi300_custom_step0_s_20260729_13,38c4b6d2098f46bdbb2b83d633f92884,0.069,,,
3023,2026-07-29,SZ000063,-0.054571342090348994,EXP_CatBoostModel_Alpha158_csi300_custom_step0_s_20260729_13,38c4b6d2098f46bdbb2b83d633f92884,0.069,,,
3024,2026-07-29,SH601319,0.010825315715384807,EXP_CatBoostModel_Alpha158_csi300_custom_step0_s_20260729_13,7cd35a5ca25346b8b9296ea57b8bf98b,0.114,,,
3025,2026-07-29,SZ000002,-0.029450262895970396,EXP_CatBoostModel_Alpha158_csi300_custom_step0_s_20260729_13,38c4b6d2098f46bdbb2b83d633f92884,0.069,,,
3026,2026-07-29,SH688981,-0.0039878321171124284,EXP_CatBoostModel_Alpha158_csi300_custom_step0_s_20260729_13,38c4b6d2098f46bdbb2b83d633f92884,0.069,,,
3027,2026-07-29,SH688521,0.07029133040819953,EXP_CatBoostModel_Alpha158_csi300_custom_step0_s_20260729_13,38c4b6d2098f46bdbb2b83d633f92884,0.069,,,
3028,2026-07-29,SH688506,-0.062415504124420214,EXP_CatBoostModel_Alpha158_csi300_custom_step0_s_20260729_13,38c4b6d2098f46bdbb2b83d633f92884,0.069,,,
3029,2026-07-29,SH688472,-0.025603006196199735,EXP_CatBoostModel_Alpha158_csi300_custom_step0_s_20260729_13,38c4b6d2098f46bdbb2b83d633f92884,0.069,,,
3030,2026-07-29,SH688396,0.23329665267901545,EXP_CatBoostModel_Alpha158_csi300_custom_step0_s_20260729_13,38c4b6d2098f46bdbb2b83d633f92884,0.069,,,
3031,2026-07-29,SH688303,-0.0372583382169101,EXP_CatBoostModel_Alpha158_csi300_custom_step0_s_20260729_13,38c4b6d2098f46bdbb2b83d633f92884,0.069,,,
3032,2026-07-29,SH688271,-0.020855138162083328,EXP_CatBoostModel_Alpha158_csi300_custom_step0_s_20260729_13,38c4b6d2098f46bdbb2b83d633f92884,0.069,,,
3033,2026-07-29,SH688256,0.02729743702891799,EXP_CatBoostModel_Alpha158_csi300_custom_step0_s_20260729_13,38c4b6d2098f46bdbb2b83d633f92884,0.069,,,
3034,2026-07-29,SZ000001,0.029064792965309554,EXP_CatBoostModel_Alpha158_csi300_custom_step0_s_20260729_13,38c4b6d2098f46bdbb2b83d633f92884,0.069,,,
3035,2026-07-29,SH601328,0.028490536412968646,EXP_CatBoostModel_Alpha158_csi300_custom_step0_s_20260729_13,7cd35a5ca25346b8b9296ea57b8bf98b,0.114,,,
3036,2026-07-29,SH601336,0.005463016962937823,EXP_CatBoostModel_Alpha158_csi300_custom_step0_s_20260729_13,7cd35a5ca25346b8b9296ea57b8bf98b,0.114,,,
3037,2026-07-29,SH601360,-0.06380559583618718,EXP_CatBoostModel_Alpha158_csi300_custom_step0_s_20260729_13,7cd35a5ca25346b8b9296ea57b8bf98b,0.114,,,
3038,2026-07-29,SH600362,0.004321235876452229,EXP_CatBoostModel_Alpha158_csi300_custom_step0_s_20260729_13,90e47a9432044bddb836c985ec09ae88,0.014,,,
3039,2026-07-29,SH600346,-0.04074113203486462,EXP_CatBoostModel_Alpha158_csi300_custom_step0_s_20260729_13,90e47a9432044bddb836c985ec09ae88,0.014,,,
3040,2026-07-29,SH600309,-0.03679412180465496,EXP_CatBoostModel_Alpha158_csi300_custom_step0_s_20260729_13,90e47a9432044bddb836c985ec09ae88,0.014,,,
3041,2026-07-29,SH600276,-0.04862465074377779,EXP_CatBoostModel_Alpha158_csi300_custom_step0_s_20260729_13,90e47a9432044bddb836c985ec09ae88,0.014,,,
3042,2026-07-29,SH600233,-0.0021543654820687184,EXP_CatBoostModel_Alpha158_csi300_custom_step0_s_20260729_13,90e47a9432044bddb836c985ec09ae88,0.014,,,
3043,2026-07-29,SH600221,-0.009568926441809494,EXP_CatBoostModel_Alpha158_csi300_custom_step0_s_20260729_13,90e47a9432044bddb836c985ec09ae88,0.014,,,
3044,2026-07-29,SH600219,-0.05133983115472716,EXP_CatBoostModel_Alpha158_csi300_custom_step0_s_20260729_13,90e47a9432044bddb836c985ec09ae88,0.014,,,
3045,2026-07-29,SH600196,-0.011400652391690863,EXP_CatBoostModel_Alpha158_csi300_custom_step0_s_20260729_13,90e47a9432044bddb836c985ec09ae88,0.014,,,
3046,2026-07-29,SH600188,-0.009583328227560953,EXP_CatBoostModel_Alpha158_csi300_custom_step0_s_20260729_13,90e47a9432044bddb836c985ec09ae88,0.014,,,
3047,2026-07-29,SH600183,0.3251112737641824,EXP_CatBoostModel_Alpha158_csi300_custom_step0_s_20260729_13,90e47a9432044bddb836c985ec09ae88,0.014,,,
3048,2026-07-29,SH600176,0.39572967429034206,EXP_CatBoostModel_Alpha158_csi300_custom_step0_s_20260729_13,90e47a9432044bddb836c985ec09ae88,0.014,,,
3049,2026-07-29,SH600160,-0.001570515796197435,EXP_CatBoostModel_Alpha158_csi300_custom_step0_s_20260729_13,90e47a9432044bddb836c985ec09ae88,0.014,,,
3050,2026-07-29,SH600150,-0.028141596711869974,EXP_CatBoostModel_Alpha158_csi300_custom_step0_s_20260729_13,90e47a9432044bddb836c985ec09ae88,0.014,,,
3051,2026-07-29,SH600118,0.27216315940910674,EXP_CatBoostModel_Alpha158_csi300_custom_step0_s_20260729_13,90e47a9432044bddb836c985ec09ae88,0.014,,,
3052,2026-07-29,SH600115,-0.014512226523396407,EXP_CatBoostModel_Alpha158_csi300_custom_step0_s_20260729_13,90e47a9432044bddb836c985ec09ae88,0.014,,,
3053,2026-07-29,SH600111,0.07362667997932104,EXP_CatBoostModel_Alpha158_csi300_custom_step0_s_20260729_13,90e47a9432044bddb836c985ec09ae88,0.014,,,
3054,2026-07-29,SH600104,-0.015937948873513855,EXP_CatBoostModel_Alpha158_csi300_custom_step0_s_20260729_13,90e47a9432044bddb836c985ec09ae88,0.014,,,
3055,2026-07-29,SH600372,-0.007017826271513544,EXP_CatBoostModel_Alpha158_csi300_custom_step0_s_20260729_13,90e47a9432044bddb836c985ec09ae88,0.014,,,
3056,2026-07-29,SH600089,-0.028336184976166093,EXP_CatBoostModel_Alpha158_csi300_custom_step0_s_20260729_13,90e47a9432044bddb836c985ec09ae88,0.014,,,
3057,2026-07-29,SH600406,-0.03580004568416038,EXP_CatBoostModel_Alpha158_csi300_custom_step0_s_20260729_13,90e47a9432044bddb836c985ec09ae88,0.014,,,
3058,2026-07-29,SH600426,-0.039620597483744434,EXP_CatBoostModel_Alpha158_csi300_custom_step0_s_20260729_13,90e47a9432044bddb836c985ec09ae88,0.014,,,
3059,2026-07-29,SH600674,0.0055183627657874185,EXP_CatBoostModel_Alpha158_csi300_custom_step0_s_20260729_13,90e47a9432044bddb836c985ec09ae88,0.014,,,
3060,2026-07-29,SH600660,-0.041457907216641034,EXP_CatBoostModel_Alpha158_csi300_custom_step0_s_20260729_13,90e47a9432044bddb836c985ec09ae88,0.014,,,
3061,2026-07-29,SH600600,-0.01702401721413924,EXP_CatBoostModel_Alpha158_csi300_custom_step0_s_20260729_13,90e47a9432044bddb836c985ec09ae88,0.014,,,
3062,2026-07-29,SH600588,-0.054907277020217325,EXP_CatBoostModel_Alpha158_csi300_custom_step0_s_20260729_13,90e47a9432044bddb836c985ec09ae88,0.014,,,
3063,2026-07-29,SH600585,-0.005979256673660255,EXP_CatBoostModel_Alpha158_csi300_custom_step0_s_20260729_13,90e47a9432044bddb836c985ec09ae88,0.014,,,
3064,2026-07-29,SH600584,0.06706173180820789,EXP_CatBoostModel_Alpha158_csi300_custom_step0_s_20260729_13,90e47a9432044bddb836c985ec09ae88,0.014,,,
3065,2026-07-29,SH600570,-0.0356358578268506,EXP_CatBoostModel_Alpha158_csi300_custom_step0_s_20260729_13,90e47a9432044bddb836c985ec09ae88,0.014,,,
3066,2026-07-29,SH600549,0.4527463555542383,EXP_CatBoostModel_Alpha158_csi300_custom_step0_s_20260729_13,90e47a9432044bddb836c985ec09ae88,0.014,,,
3067,2026-07-29,SH600547,-0.03999677815327476,EXP_CatBoostModel_Alpha158_csi300_custom_step0_s_20260729_13,90e47a9432044bddb836c985ec09ae88,0.014,,,
3068,2026-07-29,SH600522,0.2820223731392156,EXP_CatBoostModel_Alpha158_csi300_custom_step0_s_20260729_13,90e47a9432044bddb836c985ec09ae88,0.014,,,
3069,2026-07-29,SH600519,0.020860798045523064,EXP_CatBoostModel_Alpha158_csi300_custom_step0_s_20260729_13,90e47a9432044bddb836c985ec09ae88,0.014,,,
3070,2026-07-29,SH600515,-0.022354376540890203,EXP_CatBoostModel_Alpha158_csi300_custom_step0_s_20260729_13,90e47a9432044bddb836c985ec09ae88,0.014,,,
3071,2026-07-29,SH600489,-0.02790746657371399,EXP_CatBoostModel_Alpha158_csi300_custom_step0_s_20260729_13,90e47a9432044bddb836c985ec09ae88,0.014,,,
3072,2026-07-29,SH600482,0.009126825969523984,EXP_CatBoostModel_Alpha158_csi300_custom_step0_s_20260729_13,90e47a9432044bddb836c985ec09ae88,0.014,,,
3073,2026-07-29,SH600460,0.31153672433115703,EXP_CatBoostModel_Alpha158_csi300_custom_step0_s_20260729_13,90e47a9432044bddb836c985ec09ae88,0.014,,,
3074,2026-07-29,SH600438,0.09706788101675973,EXP_CatBoostModel_Alpha158_csi300_custom_step0_s_20260729_13,90e47a9432044bddb836c985ec09ae88,0.014,,,
3075,2026-07-29,SH600436,0.04102887634324044,EXP_CatBoostModel_Alpha158_csi300_custom_step0_s_20260729_13,90e47a9432044bddb836c985ec09ae88,0.014,,,
3076,2026-07-29,SH600415,-0.10475293929965263,EXP_CatBoostModel_Alpha158_csi300_custom_step0_s_20260729_13,90e47a9432044bddb836c985ec09ae88,0.014,,,
3077,2026-07-29,SH600690,-0.028232644136619033,EXP_CatBoostModel_Alpha158_csi300_custom_step0_s_20260729_13,90e47a9432044bddb836c985ec09ae88,0.014,,,
3078,2026-07-29,SH600085,0.0021397486869916666,EXP_CatBoostModel_Alpha158_csi300_custom_step0_s_20260729_13,90e47a9432044bddb836c985ec09ae88,0.014,,,
3079,2026-07-29,SH600061,-0.012189311926675724,EXP_CatBoostModel_Alpha158_csi300_custom_step0_s_20260729_13,90e47a9432044bddb836c985ec09ae88,0.014,,,
3080,2026-07-29,SZ301308,0.22020986031932274,EXP_CatBoostModel_Alpha158_csi300_custom_step0_s_20260729_13,7cd35a5ca25346b8b9296ea57b8bf98b,0.114,,,
3081,2026-07-29,SZ301269,-0.02692378357596889,EXP_CatBoostModel_Alpha158_csi300_custom_step0_s_20260729_13,7cd35a5ca25346b8b9296ea57b8bf98b,0.114,,,
3082,2026-07-29,SZ301236,-0.06477777095708766,EXP_CatBoostModel_Alpha158_csi300_custom_step0_s_20260729_13,7cd35a5ca25346b8b9296ea57b8bf98b,0.114,,,
3083,2026-07-29,SZ301165,0.0843317416050861,EXP_CatBoostModel_Alpha158_csi300_custom_step0_s_20260729_13,7cd35a5ca25346b8b9296ea57b8bf98b,0.114,,,
3084,2026-07-29,SZ300999,0.015095429658239009,EXP_CatBoostModel_Alpha158_csi300_custom_step0_s_20260729_13,7cd35a5ca25346b8b9296ea57b8bf98b,0.114,,,
3085,2026-07-29,SZ300896,0.0009886128220738637,EXP_CatBoostModel_Alpha158_csi300_custom_step0_s_20260729_13,7cd35a5ca25346b8b9296ea57b8bf98b,0.114,,,
3086,2026-07-29,SZ300866,-0.012798106099157797,EXP_CatBoostModel_Alpha158_csi300_custom_step0_s_20260729_13,7cd35a5ca25346b8b9296ea57b8bf98b,0.114,,,
3087,2026-07-29,SZ300832,0.0009502830350698428,EXP_CatBoostModel_Alpha158_csi300_custom_step0_s_20260729_13,7cd35a5ca25346b8b9296ea57b8bf98b,0.114,,,
3088,2026-07-29,SZ300803,0.0073388343724354885,EXP_CatBoostModel_Alpha158_csi300_custom_step0_s_20260729_13,7cd35a5ca25346b8b9296ea57b8bf98b,0.114,,,
3089,2026-07-29,SZ300760,-0.010476670365040158,EXP_CatBoostModel_Alpha158_csi300_custom_step0_s_20260729_13,7cd35a5ca25346b8b9296ea57b8bf98b,0.114,,,
3090,2026-07-29,SZ300750,-0.07371418517099532,EXP_CatBoostModel_Alpha158_csi300_custom_step0_s_20260729_13,7cd35a5ca25346b8b9296ea57b8bf98b,0.114,,,
3091,2026-07-29,SZ300661,0.13550792129974573,EXP_CatBoostModel_Alpha158_csi300_custom_step0_s_20260729_13,7cd35a5ca25346b8b9296ea57b8bf98b,0.114,,,
3092,2026-07-29,SZ300628,-0.07217668597408446,EXP_CatBoostModel_Alpha158_csi300_custom_step0_s_20260729_13,7cd35a5ca25346b8b9296ea57b8bf98b,0.114,,,
3093,2026-07-29,SZ300502,0.16702824865828506,EXP_CatBoostModel_Alpha158_csi300_custom_step0_s_20260729_13,7cd35a5ca25346b8b9296ea57b8bf98b,0.114,,,
3094,2026-07-29,SZ300498,0.011026406818280595,EXP_CatBoostModel_Alpha158_csi300_custom_step0_s_20260729_13,7cd35a5ca25346b8b9296ea57b8bf98b,0.114,,,
3095,2026-07-29,SZ300476,0.19334929426445396,EXP_CatBoostModel_Alpha158_csi300_custom_step0_s_20260729_13,7cd35a5ca25346b8b9296ea57b8bf98b,0.114,,,
3096,2026-07-29,SZ300450,0.13187488969302638,EXP_CatBoostModel_Alpha158_csi300_custom_step0_s_20260729_13,7cd35a5ca25346b8b9296ea57b8bf98b,0.114,,,
3097,2026-07-29,SZ302132,-0.04701060201849454,EXP_CatBoostModel_Alpha158_csi300_custom_step0_s_20260729_13,7cd35a5ca25346b8b9296ea57b8bf98b,0.114,,,
3098,2026-07-29,SH600066,0.03481333189867222,EXP_CatBoostModel_Alpha158_csi300_custom_step0_s_20260729_13,90e47a9432044bddb836c985ec09ae88,0.014,,,
3099,2026-07-29,SH600000,-0.027328864399249947,EXP_CatBoostModel_Alpha158_csi300_custom_step0_s_20260729_13,90e47a9432044bddb836c985ec09ae88,0.014,,,
3100,2026-07-29,SH600010,-0.01480381764154849,EXP_CatBoostModel_Alpha158_csi300_custom_step0_s_20260729_13,90e47a9432044bddb836c985ec09ae88,0.014,,,
3101,2026-07-29,SH600050,0.008805234516609549,EXP_CatBoostModel_Alpha158_csi300_custom_step0_s_20260729_13,90e47a9432044bddb836c985ec09ae88,0.014,,,
3102,2026-07-29,SH600048,-0.03220858401805637,EXP_CatBoostModel_Alpha158_csi300_custom_step0_s_20260729_13,90e47a9432044bddb836c985ec09ae88,0.014,,,
3103,2026-07-29,SH600039,0.0062824172977677855,EXP_CatBoostModel_Alpha158_csi300_custom_step0_s_20260729_13,90e47a9432044bddb836c985ec09ae88,0.014,,,
3104,2026-07-29,SH600036,0.001977499535987659,EXP_CatBoostModel_Alpha158_csi300_custom_step0_s_20260729_13,90e47a9432044bddb836c985ec09ae88,0.014,,,
3105,2026-07-29,SH600031,-0.04499924278138161,EXP_CatBoostModel_Alpha158_csi300_custom_step0_s_20260729_13,90e47a9432044bddb836c985ec09ae88,0.014,,,
3106,2026-07-29,SH600030,-0.012551799911254564,EXP_CatBoostModel_Alpha158_csi300_custom_step0_s_20260729_13,90e47a9432044bddb836c985ec09ae88,0.014,,,
3107,2026-07-29,SH600029,-0.008968424330410774,EXP_CatBoostModel_Alpha158_csi300_custom_step0_s_20260729_13,90e47a9432044bddb836c985ec09ae88,0.014,,,
3108,2026-07-29,SH600028,0.011328478983217045,EXP_CatBoostModel_Alpha158_csi300_custom_step0_s_20260729_13,90e47a9432044bddb836c985ec09ae88,0.014,,,
3109,2026-07-29,SH600027,-0.015159524568681464,EXP_CatBoostModel_Alpha158_csi300_custom_step0_s_20260729_13,90e47a9432044bddb836c985ec09ae88,0.014,,,
3110,2026-07-29,SH600026,0.047438195383888083,EXP_CatBoostModel_Alpha158_csi300_custom_step0_s_20260729_13,90e47a9432044bddb836c985ec09ae88,0.014,,,
3111,2026-07-29,SH600025,0.00808973359203809,EXP_CatBoostModel_Alpha158_csi300_custom_step0_s_20260729_13,90e47a9432044bddb836c985ec09ae88,0.014,,,
3112,2026-07-29,SH600023,-0.01715163333578181,EXP_CatBoostModel_Alpha158_csi300_custom_step0_s_20260729_13,90e47a9432044bddb836c985ec09ae88,0.014,,,
3113,2026-07-29,SH600019,-0.012307388108044822,EXP_CatBoostModel_Alpha158_csi300_custom_step0_s_20260729_13,90e47a9432044bddb836c985ec09ae88,0.014,,,
3114,2026-07-29,SH600018,0.000514116211657311,EXP_CatBoostModel_Alpha158_csi300_custom_step0_s_20260729_13,90e47a9432044bddb836c985ec09ae88,0.014,,,
3115,2026-07-29,SH600016,0.005505757264943449,EXP_CatBoostModel_Alpha158_csi300_custom_step0_s_20260729_13,90e47a9432044bddb836c985ec09ae88,0.014,,,
3116,2026-07-29,SH600015,0.013438950623574863,EXP_CatBoostModel_Alpha158_csi300_custom_step0_s_20260729_13,90e47a9432044bddb836c985ec09ae88,0.014,,,
3117,2026-07-29,SH600011,-0.012376561964019726,EXP_CatBoostModel_Alpha158_csi300_custom_step0_s_20260729_13,90e47a9432044bddb836c985ec09ae88,0.014,,,
3118,2026-07-29,SH600009,-0.0022861079107122564,EXP_CatBoostModel_Alpha158_csi300_custom_step0_s_20260729_13,90e47a9432044bddb836c985ec09ae88,0.014,,,
3119,2026-07-29,SH600741,-0.007020518366448555,EXP_CatBoostModel_Alpha158_csi300_custom_step0_s_20260729_13,90e47a9432044bddb836c985ec09ae88,0.014,,,
3120,2026-07-29,SH600760,-0.010838205111724356,EXP_CatBoostModel_Alpha158_csi300_custom_step0_s_20260729_13,90e47a9432044bddb836c985ec09ae88,0.014,,,
3121,2026-07-29,SH600795,-0.010904721833779165,EXP_CatBoostModel_Alpha158_csi300_custom_step0_s_20260729_13,90e47a9432044bddb836c985ec09ae88,0.014,,,
3122,2026-07-29,SH601669,-0.006534495313323086,EXP_CatBoostModel_Alpha158_csi300_custom_step0_s_20260729_13,90e47a9432044bddb836c985ec09ae88,0.014,,,
3123,2026-07-29,SH601668,0.0015140313204587393,EXP_CatBoostModel_Alpha158_csi300_custom_step0_s_20260729_13,90e47a9432044bddb836c985ec09ae88,0.014,,,
3124,2026-07-29,SH601658,0.02141591380359504,EXP_CatBoostModel_Alpha158_csi300_custom_step0_s_20260729_13,90e47a9432044bddb836c985ec09ae88,0.014,,,
3125,2026-07-29,SH601633,-0.019099550458957962,EXP_CatBoostModel_Alpha158_csi300_custom_step0_s_20260729_13,90e47a9432044bddb836c985ec09ae88,0.014,,,
3126,2026-07-29,SH601628,0.013667143514480461,EXP_CatBoostModel_Alpha158_csi300_custom_step0_s_20260729_13,90e47a9432044bddb836c985ec09ae88,0.014,,,
3127,2026-07-29,SH601618,-0.006198697876396732,EXP_CatBoostModel_Alpha158_csi300_custom_step0_s_20260729_13,90e47a9432044bddb836c985ec09ae88,0.014,,,
3128,2026-07-29,SH601607,-0.00175305423788491,EXP_CatBoostModel_Alpha158_csi300_custom_step0_s_20260729_13,90e47a9432044bddb836c985ec09ae88,0.014,,,
3129,2026-07-29,SH601601,0.007552526498181427,EXP_CatBoostModel_Alpha158_csi300_custom_step0_s_20260729_13,90e47a9432044bddb836c985ec09ae88,0.014,,,
3130,2026-07-29,SH601600,-0.02313389707782521,EXP_CatBoostModel_Alpha158_csi300_custom_step0_s_20260729_13,90e47a9432044bddb836c985ec09ae88,0.014,,,
3131,2026-07-29,SH601456,-0.008841631809366647,EXP_CatBoostModel_Alpha158_csi300_custom_step0_s_20260729_13,90e47a9432044bddb836c985ec09ae88,0.014,,,
3132,2026-07-29,SH601398,-0.0035803464050207993,EXP_CatBoostModel_Alpha158_csi300_custom_step0_s_20260729_13,90e47a9432044bddb836c985ec09ae88,0.014,,,
3133,2026-07-29,SH601390,-0.0022563194881467484,EXP_CatBoostModel_Alpha158_csi300_custom_step0_s_20260729_13,90e47a9432044bddb836c985ec09ae88,0.014,,,
3134,2026-07-29,SH601377,-0.014172870018621683,EXP_CatBoostModel_Alpha158_csi300_custom_step0_s_20260729_13,90e47a9432044bddb836c985ec09ae88,0.014,,,
3135,2026-07-29,SH601360,-0.053818178663783224,EXP_CatBoostModel_Alpha158_csi300_custom_step0_s_20260729_13,90e47a9432044bddb836c985ec09ae88,0.014,,,
3136,2026-07-29,SH601336,-0.006987429132450582,EXP_CatBoostModel_Alpha158_csi300_custom_step0_s_20260729_13,90e47a9432044bddb836c985ec09ae88,0.014,,,
3137,2026-07-29,SH601328,0.011885476199783564,EXP_CatBoostModel_Alpha158_csi300_custom_step0_s_20260729_13,90e47a9432044bddb836c985ec09ae88,0.014,,,
3138,2026-07-29,SH601319,0.0050540774159261405,EXP_CatBoostModel_Alpha158_csi300_custom_step0_s_20260729_13,90e47a9432044bddb836c985ec09ae88,0.014,,,
3139,2026-07-29,SH601688,-0.013377934559885727,EXP_CatBoostModel_Alpha158_csi300_custom_step0_s_20260729_13,90e47a9432044bddb836c985ec09ae88,0.014,,,
3140,2026-07-29,SH601318,-0.005222872014846923,EXP_CatBoostModel_Alpha158_csi300_custom_step0_s_20260729_13,90e47a9432044bddb836c985ec09ae88,0.014,,,
3141,2026-07-29,SH601689,0.29643642061450737,EXP_CatBoostModel_Alpha158_csi300_custom_step0_s_20260729_13,90e47a9432044bddb836c985ec09ae88,0.014,,,
3142,2026-07-29,SH601727,-0.06410384579102084,EXP_CatBoostModel_Alpha158_csi300_custom_step0_s_20260729_13,90e47a9432044bddb836c985ec09ae88,0.014,,,
3143,2026-07-29,SH601899,-0.04482810618192199,EXP_CatBoostModel_Alpha158_csi300_custom_step0_s_20260729_13,90e47a9432044bddb836c985ec09ae88,0.014,,,
3144,2026-07-29,SH601898,-0.011544224206062489,EXP_CatBoostModel_Alpha158_csi300_custom_step0_s_20260729_13,90e47a9432044bddb836c985ec09ae88,0.014,,,
3145,2026-07-29,SH601888,-0.036582845096774425,EXP_CatBoostModel_Alpha158_csi300_custom_step0_s_20260729_13,90e47a9432044bddb836c985ec09ae88,0.014,,,
3146,2026-07-29,SH601881,-0.014254354719238194,EXP_CatBoostModel_Alpha158_csi300_custom_step0_s_20260729_13,90e47a9432044bddb836c985ec09ae88,0.014,,,
3147,2026-07-29,SH601878,-0.010397520168325488,EXP_CatBoostModel_Alpha158_csi300_custom_step0_s_20260729_13,90e47a9432044bddb836c985ec09ae88,0.014,,,
3148,2026-07-29,SH601877,-0.035670033797860545,EXP_CatBoostModel_Alpha158_csi300_custom_step0_s_20260729_13,90e47a9432044bddb836c985ec09ae88,0.014,,,
3149,2026-07-29,SH601872,-0.013623799403340006,EXP_CatBoostModel_Alpha158_csi300_custom_step0_s_20260729_13,90e47a9432044bddb836c985ec09ae88,0.014,,,
3150,2026-07-29,SH601868,-0.007946266951408505,EXP_CatBoostModel_Alpha158_csi300_custom_step0_s_20260729_13,90e47a9432044bddb836c985ec09ae88,0.014,,,
3151,2026-07-29,SH601857,0.018358417000568367,EXP_CatBoostModel_Alpha158_csi300_custom_step0_s_20260729_13,90e47a9432044bddb836c985ec09ae88,0.014,,,
3152,2026-07-29,SH601838,0.001564274171294283,EXP_CatBoostModel_Alpha158_csi300_custom_step0_s_20260729_13,90e47a9432044bddb836c985ec09ae88,0.014,,,
3153,2026-07-29,SH601825,0.01833887502361433,EXP_CatBoostModel_Alpha158_csi300_custom_step0_s_20260729_13,90e47a9432044bddb836c985ec09ae88,0.014,,,
3154,2026-07-29,SH601818,0.012898448132821178,EXP_CatBoostModel_Alpha158_csi300_custom_step0_s_20260729_13,90e47a9432044bddb836c985ec09ae88,0.014,,,
3155,2026-07-29,SH601816,-0.007117307060449558,EXP_CatBoostModel_Alpha158_csi300_custom_step0_s_20260729_13,90e47a9432044bddb836c985ec09ae88,0.014,,,
3156,2026-07-29,SH601800,-0.00792921893702227,EXP_CatBoostModel_Alpha158_csi300_custom_step0_s_20260729_13,90e47a9432044bddb836c985ec09ae88,0.014,,,
3157,2026-07-29,SH601788,-0.009668568637253325,EXP_CatBoostModel_Alpha158_csi300_custom_step0_s_20260729_13,90e47a9432044bddb836c985ec09ae88,0.014,,,
3158,2026-07-29,SH601766,-0.017761414431845646,EXP_CatBoostModel_Alpha158_csi300_custom_step0_s_20260729_13,90e47a9432044bddb836c985ec09ae88,0.014,,,
3159,2026-07-29,SH601728,0.036225856767449806,EXP_CatBoostModel_Alpha158_csi300_custom_step0_s_20260729_13,90e47a9432044bddb836c985ec09ae88,0.014,,,
3160,2026-07-29,SH601698,0.12351044671823794,EXP_CatBoostModel_Alpha158_csi300_custom_step0_s_20260729_13,90e47a9432044bddb836c985ec09ae88,0.014,,,
3161,2026-07-29,SH601288,-0.03834550575731448,EXP_CatBoostModel_Alpha158_csi300_custom_step0_s_20260729_13,90e47a9432044bddb836c985ec09ae88,0.014,,,
3162,2026-07-29,SH601238,-0.06778083088720431,EXP_CatBoostModel_Alpha158_csi300_custom_step0_s_20260729_13,90e47a9432044bddb836c985ec09ae88,0.014,,,
3163,2026-07-29,SH601229,0.01239253302225299,EXP_CatBoostModel_Alpha158_csi300_custom_step0_s_20260729_13,90e47a9432044bddb836c985ec09ae88,0.014,,,
3164,2026-07-29,SH600989,-0.0034144404231581348,EXP_CatBoostModel_Alpha158_csi300_custom_step0_s_20260729_13,90e47a9432044bddb836c985ec09ae88,0.014,,,
3165,2026-07-29,SH600958,-0.015785474854833295,EXP_CatBoostModel_Alpha158_csi300_custom_step0_s_20260729_13,90e47a9432044bddb836c985ec09ae88,0.014,,,
3166,2026-07-29,SH600941,-0.010665008239680664,EXP_CatBoostModel_Alpha158_csi300_custom_step0_s_20260729_13,90e47a9432044bddb836c985ec09ae88,0.014,,,
3167,2026-07-29,SH600938,0.03285481038471696,EXP_CatBoostModel_Alpha158_csi300_custom_step0_s_20260729_13,90e47a9432044bddb836c985ec09ae88,0.014,,,
3168,2026-07-29,SH600930,0.17299178845802646,EXP_CatBoostModel_Alpha158_csi300_custom_step0_s_20260729_13,90e47a9432044bddb836c985ec09ae88,0.014,,,
3169,2026-07-29,SH600926,0.0022884277853896812,EXP_CatBoostModel_Alpha158_csi300_custom_step0_s_20260729_13,90e47a9432044bddb836c985ec09ae88,0.014,,,
3170,2026-07-29,SH600919,-0.002462934953453011,EXP_CatBoostModel_Alpha158_csi300_custom_step0_s_20260729_13,90e47a9432044bddb836c985ec09ae88,0.014,,,
3171,2026-07-29,SH600918,-0.008211918582295018,EXP_CatBoostModel_Alpha158_csi300_custom_step0_s_20260729_13,90e47a9432044bddb836c985ec09ae88,0.014,,,
3172,2026-07-29,SH600905,-0.005158456214532321,EXP_CatBoostModel_Alpha158_csi300_custom_step0_s_20260729_13,90e47a9432044bddb836c985ec09ae88,0.014,,,
3173,2026-07-29,SH600900,0.01232741108662681,EXP_CatBoostModel_Alpha158_csi300_custom_step0_s_20260729_13,90e47a9432044bddb836c985ec09ae88,0.014,,,
3174,2026-07-29,SH600893,-0.04199480076188663,EXP_CatBoostModel_Alpha158_csi300_custom_step0_s_20260729_13,90e47a9432044bddb836c985ec09ae88,0.014,,,
3175,2026-07-29,SH600887,-0.03717111194288568,EXP_CatBoostModel_Alpha158_csi300_custom_step0_s_20260729_13,90e47a9432044bddb836c985ec09ae88,0.014,,,
3176,2026-07-29,SH600886,0.002513883132235626,EXP_CatBoostModel_Alpha158_csi300_custom_step0_s_20260729_13,90e47a9432044bddb836c985ec09ae88,0.014,,,
3177,2026-07-29,SH600875,0.23498170598686968,EXP_CatBoostModel_Alpha158_csi300_custom_step0_s_20260729_13,90e47a9432044bddb836c985ec09ae88,0.014,,,
3178,2026-07-29,SH600845,-0.014147054764544817,EXP_CatBoostModel_Alpha158_csi300_custom_step0_s_20260729_13,90e47a9432044bddb836c985ec09ae88,0.014,,,
3179,2026-07-29,SH600809,-0.026948912572142297,EXP_CatBoostModel_Alpha158_csi300_custom_step0_s_20260729_13,90e47a9432044bddb836c985ec09ae88,0.014,,,
3180,2026-07-29,SH600803,-0.023895295179153942,EXP_CatBoostModel_Alpha158_csi300_custom_step0_s_20260729_13,90e47a9432044bddb836c985ec09ae88,0.014,,,
3181,2026-07-29,SH600999,0.02486456467620523,EXP_CatBoostModel_Alpha158_csi300_custom_step0_s_20260729_13,90e47a9432044bddb836c985ec09ae88,0.014,,,
3182,2026-07-29,SH601006,0.001408288220452387,EXP_CatBoostModel_Alpha158_csi300_custom_step0_s_20260729_13,90e47a9432044bddb836c985ec09ae88,0.014,,,
3183,2026-07-29,SH601009,0.018780469172453122,EXP_CatBoostModel_Alpha158_csi300_custom_step0_s_20260729_13,90e47a9432044bddb836c985ec09ae88,0.014,,,
3184,2026-07-29,SH601012,-0.0477330263444725,EXP_CatBoostModel_Alpha158_csi300_custom_step0_s_20260729_13,90e47a9432044bddb836c985ec09ae88,0.014,,,
3185,2026-07-29,SH601225,0.0033631265248553455,EXP_CatBoostModel_Alpha158_csi300_custom_step0_s_20260729_13,90e47a9432044bddb836c985ec09ae88,0.014,,,
3186,2026-07-29,SH601211,-0.025660544060703304,EXP_CatBoostModel_Alpha158_csi300_custom_step0_s_20260729_13,90e47a9432044bddb836c985ec09ae88,0.014,,,
3187,2026-07-29,SH601186,-0.0031153741899573335,EXP_CatBoostModel_Alpha158_csi300_custom_step0_s_20260729_13,90e47a9432044bddb836c985ec09ae88,0.014,,,
3188,2026-07-29,SH601169,0.0013085675022281706,EXP_CatBoostModel_Alpha158_csi300_custom_step0_s_20260729_13,90e47a9432044bddb836c985ec09ae88,0.014,,,
3189,2026-07-29,SH601166,0.0030248014428871637,EXP_CatBoostModel_Alpha158_csi300_custom_step0_s_20260729_13,90e47a9432044bddb836c985ec09ae88,0.014,,,
3190,2026-07-29,SH601138,0.0662801017975776,EXP_CatBoostModel_Alpha158_csi300_custom_step0_s_20260729_13,90e47a9432044bddb836c985ec09ae88,0.014,,,
3191,2026-07-29,SH601136,-0.01498059861751559,EXP_CatBoostModel_Alpha158_csi300_custom_step0_s_20260729_13,90e47a9432044bddb836c985ec09ae88,0.014,,,
3192,2026-07-29,SH601127,0.1918673288187478,EXP_CatBoostModel_Alpha158_csi300_custom_step0_s_20260729_13,90e47a9432044bddb836c985ec09ae88,0.014,,,
3193,2026-07-29,SZ300442,0.04548910262650458,EXP_CatBoostModel_Alpha158_csi300_custom_step0_s_20260729_13,7cd35a5ca25346b8b9296ea57b8bf98b,0.114,,,
3194,2026-07-29,SH601117,-0.009878990091791596,EXP_CatBoostModel_Alpha158_csi300_custom_step0_s_20260729_13,90e47a9432044bddb836c985ec09ae88,0.014,,,
3195,2026-07-29,SH601100,-0.04274719072598447,EXP_CatBoostModel_Alpha158_csi300_custom_step0_s_20260729_13,90e47a9432044bddb836c985ec09ae88,0.014,,,
3196,2026-07-29,SH601088,0.02877464112173876,EXP_CatBoostModel_Alpha158_csi300_custom_step0_s_20260729_13,90e47a9432044bddb836c985ec09ae88,0.014,,,
3197,2026-07-29,SH601077,0.009682260963331503,EXP_CatBoostModel_Alpha158_csi300_custom_step0_s_20260729_13,90e47a9432044bddb836c985ec09ae88,0.014,,,
3198,2026-07-29,SH601066,-0.015566244163744972,EXP_CatBoostModel_Alpha158_csi300_custom_step0_s_20260729_13,90e47a9432044bddb836c985ec09ae88,0.014,,,
3199,2026-07-29,SH601059,-0.01300953724722957,EXP_CatBoostModel_Alpha158_csi300_custom_step0_s_20260729_13,90e47a9432044bddb836c985ec09ae88,0.014,,,
3200,2026-07-29,SH601058,0.04392073820011403,EXP_CatBoostModel_Alpha158_csi300_custom_step0_s_20260729_13,90e47a9432044bddb836c985ec09ae88,0.014,,,
3201,2026-07-29,SH601021,-0.00529478556199587,EXP_CatBoostModel_Alpha158_csi300_custom_step0_s_20260729_13,90e47a9432044bddb836c985ec09ae88,0.014,,,
3202,2026-07-29,SH601018,-0.0006497517868677939,EXP_CatBoostModel_Alpha158_csi300_custom_step0_s_20260729_13,90e47a9432044bddb836c985ec09ae88,0.014,,,
3203,2026-07-29,SH601111,-0.007278858308198631,EXP_CatBoostModel_Alpha158_csi300_custom_step0_s_20260729_13,90e47a9432044bddb836c985ec09ae88,0.014,,,
3204,2026-07-29,SH600918,-0.011253514155110406,EXP_CatBoostModel_Alpha158_csi300_custom_step0_s_20260729_13,38c4b6d2098f46bdbb2b83d633f92884,0.069,,,
3205,2026-07-29,SZ300433,0.21304916677641453,EXP_CatBoostModel_Alpha158_csi300_custom_step0_s_20260729_13,7cd35a5ca25346b8b9296ea57b8bf98b,0.114,,,
3206,2026-07-29,SZ300413,-0.02108340849468815,EXP_CatBoostModel_Alpha158_csi300_custom_step0_s_20260729_13,7cd35a5ca25346b8b9296ea57b8bf98b,0.114,,,
3207,2026-07-29,SH688012,-0.02549348074442544,EXP_CatBoostModel_Alpha158_csi300_custom_step0_s_20260729_13,7cd35a5ca25346b8b9296ea57b8bf98b,0.114,,,
3208,2026-07-29,SH688009,0.0019913342056248296,EXP_CatBoostModel_Alpha158_csi300_custom_step0_s_20260729_13,7cd35a5ca25346b8b9296ea57b8bf98b,0.114,,,
3209,2026-07-29,SH688008,0.12379362708156165,EXP_CatBoostModel_Alpha158_csi300_custom_step0_s_20260729_13,7cd35a5ca25346b8b9296ea57b8bf98b,0.114,,,
3210,2026-07-29,SH605499,-0.02012792807847003,EXP_CatBoostModel_Alpha158_csi300_custom_step0_s_20260729_13,7cd35a5ca25346b8b9296ea57b8bf98b,0.114,,,
3211,2026-07-29,SH605117,-0.04257618315849802,EXP_CatBoostModel_Alpha158_csi300_custom_step0_s_20260729_13,7cd35a5ca25346b8b9296ea57b8bf98b,0.114,,,
3212,2026-07-29,SH603993,-0.09209251725222195,EXP_CatBoostModel_Alpha158_csi300_custom_step0_s_20260729_13,7cd35a5ca25346b8b9296ea57b8bf98b,0.114,,,
3213,2026-07-29,SH603986,0.09613142989528789,EXP_CatBoostModel_Alpha158_csi300_custom_step0_s_20260729_13,7cd35a5ca25346b8b9296ea57b8bf98b,0.114,,,
3214,2026-07-29,SH603893,-0.01655249454462791,EXP_CatBoostModel_Alpha158_csi300_custom_step0_s_20260729_13,7cd35a5ca25346b8b9296ea57b8bf98b,0.114,,,
3215,2026-07-29,SH603799,0.1223752888827156,EXP_CatBoostModel_Alpha158_csi300_custom_step0_s_20260729_13,7cd35a5ca25346b8b9296ea57b8bf98b,0.114,,,
3216,2026-07-29,SH603501,-0.0018114481832937897,EXP_CatBoostModel_Alpha158_csi300_custom_step0_s_20260729_13,7cd35a5ca25346b8b9296ea57b8bf98b,0.114,,,
3217,2026-07-29,SH603392,-0.030002995569635676,EXP_CatBoostModel_Alpha158_csi300_custom_step0_s_20260729_13,7cd35a5ca25346b8b9296ea57b8bf98b,0.114,,,
3218,2026-07-29,SH603369,-0.03541480577715399,EXP_CatBoostModel_Alpha158_csi300_custom_step0_s_20260729_13,7cd35a5ca25346b8b9296ea57b8bf98b,0.114,,,
3219,2026-07-29,SH603296,-0.0764280700097688,EXP_CatBoostModel_Alpha158_csi300_custom_step0_s_20260729_13,7cd35a5ca25346b8b9296ea57b8bf98b,0.114,,,
3220,2026-07-29,SH603288,0.007218901751497071,EXP_CatBoostModel_Alpha158_csi300_custom_step0_s_20260729_13,7cd35a5ca25346b8b9296ea57b8bf98b,0.114,,,
3221,2026-07-29,SH603260,0.05529100574057607,EXP_CatBoostModel_Alpha158_csi300_custom_step0_s_20260729_13,7cd35a5ca25346b8b9296ea57b8bf98b,0.114,,,
3222,2026-07-29,SH603259,-0.03783830341649839,EXP_CatBoostModel_Alpha158_csi300_custom_step0_s_20260729_13,7cd35a5ca25346b8b9296ea57b8bf98b,0.114,,,
3223,2026-07-29,SH603019,-0.0034459230578948205,EXP_CatBoostModel_Alpha158_csi300_custom_step0_s_20260729_13,7cd35a5ca25346b8b9296ea57b8bf98b,0.114,,,
3224,2026-07-29,SH688036,0.008076245750819128,EXP_CatBoostModel_Alpha158_csi300_custom_step0_s_20260729_13,7cd35a5ca25346b8b9296ea57b8bf98b,0.114,,,
3225,2026-07-29,SH601998,0.013757966313320488,EXP_CatBoostModel_Alpha158_csi300_custom_step0_s_20260729_13,7cd35a5ca25346b8b9296ea57b8bf98b,0.114,,,
3226,2026-07-29,SH688041,-0.03319062902001671,EXP_CatBoostModel_Alpha158_csi300_custom_step0_s_20260729_13,7cd35a5ca25346b8b9296ea57b8bf98b,0.114,,,
3227,2026-07-29,SH688072,-0.08319459750125444,EXP_CatBoostModel_Alpha158_csi300_custom_step0_s_20260729_13,7cd35a5ca25346b8b9296ea57b8bf98b,0.114,,,
3228,2026-07-29,SZ000100,-0.05810936233353863,EXP_CatBoostModel_Alpha158_csi300_custom_step0_s_20260729_13,7cd35a5ca25346b8b9296ea57b8bf98b,0.114,,,
3229,2026-07-29,SZ000063,-0.03950250345226346,EXP_CatBoostModel_Alpha158_csi300_custom_step0_s_20260729_13,7cd35a5ca25346b8b9296ea57b8bf98b,0.114,,,
3230,2026-07-29,SZ000002,-0.03456381379873796,EXP_CatBoostModel_Alpha158_csi300_custom_step0_s_20260729_13,7cd35a5ca25346b8b9296ea57b8bf98b,0.114,,,
3231,2026-07-29,SZ000001,0.02174202091163963,EXP_CatBoostModel_Alpha158_csi300_custom_step0_s_20260729_13,7cd35a5ca25346b8b9296ea57b8bf98b,0.114,,,
3232,2026-07-29,SH688981,-0.01467431969809695,EXP_CatBoostModel_Alpha158_csi300_custom_step0_s_20260729_13,7cd35a5ca25346b8b9296ea57b8bf98b,0.114,,,
3233,2026-07-29,SH688521,0.14086631403931293,EXP_CatBoostModel_Alpha158_csi300_custom_step0_s_20260729_13,7cd35a5ca25346b8b9296ea57b8bf98b,0.114,,,
3234,2026-07-29,SH688506,-0.0049072392953359014,EXP_CatBoostModel_Alpha158_csi300_custom_step0_s_20260729_13,7cd35a5ca25346b8b9296ea57b8bf98b,0.114,,,
3235,2026-07-29,SH688472,0.03070610960767886,EXP_CatBoostModel_Alpha158_csi300_custom_step0_s_20260729_13,7cd35a5ca25346b8b9296ea57b8bf98b,0.114,,,
3236,2026-07-29,SH688396,0.178431058860601,EXP_CatBoostModel_Alpha158_csi300_custom_step0_s_20260729_13,7cd35a5ca25346b8b9296ea57b8bf98b,0.114,,,
3237,2026-07-29,SH688303,-0.06677846874898559,EXP_CatBoostModel_Alpha158_csi300_custom_step0_s_20260729_13,7cd35a5ca25346b8b9296ea57b8bf98b,0.114,,,
3238,2026-07-29,SH688271,-0.03464559861018095,EXP_CatBoostModel_Alpha158_csi300_custom_step0_s_20260729_13,7cd35a5ca25346b8b9296ea57b8bf98b,0.114,,,
3239,2026-07-29,SH688256,-0.012231093241732357,EXP_CatBoostModel_Alpha158_csi300_custom_step0_s_20260729_13,7cd35a5ca25346b8b9296ea57b8bf98b,0.114,,,
3240,2026-07-29,SH688223,0.08573648202849578,EXP_CatBoostModel_Alpha158_csi300_custom_step0_s_20260729_13,7cd35a5ca25346b8b9296ea57b8bf98b,0.114,,,
3241,2026-07-29,SH688183,0.1738239212631655,EXP_CatBoostModel_Alpha158_csi300_custom_step0_s_20260729_13,7cd35a5ca25346b8b9296ea57b8bf98b,0.114,,,
3242,2026-07-29,SH688126,0.17203683409710369,EXP_CatBoostModel_Alpha158_csi300_custom_step0_s_20260729_13,7cd35a5ca25346b8b9296ea57b8bf98b,0.114,,,
3243,2026-07-29,SH688111,-0.0834717360111285,EXP_CatBoostModel_Alpha158_csi300_custom_step0_s_20260729_13,7cd35a5ca25346b8b9296ea57b8bf98b,0.114,,,
3244,2026-07-29,SH688082,0.13924670850927826,EXP_CatBoostModel_Alpha158_csi300_custom_step0_s_20260729_13,7cd35a5ca25346b8b9296ea57b8bf98b,0.114,,,
3245,2026-07-29,SH688047,0.10953959351571717,EXP_CatBoostModel_Alpha158_csi300_custom_step0_s_20260729_13,7cd35a5ca25346b8b9296ea57b8bf98b,0.114,,,
3246,2026-07-29,SZ000157,-0.017949265405950536,EXP_CatBoostModel_Alpha158_csi300_custom_step0_s_20260729_13,7cd35a5ca25346b8b9296ea57b8bf98b,0.114,,,
3247,2026-07-29,SH601995,-0.00432232488476184,EXP_CatBoostModel_Alpha158_csi300_custom_step0_s_20260729_13,7cd35a5ca25346b8b9296ea57b8bf98b,0.114,,,
3248,2026-07-29,SH601985,0.028646284274473403,EXP_CatBoostModel_Alpha158_csi300_custom_step0_s_20260729_13,7cd35a5ca25346b8b9296ea57b8bf98b,0.114,,,
3249,2026-07-29,SH601727,-0.049296287243855805,EXP_CatBoostModel_Alpha158_csi300_custom_step0_s_20260729_13,7cd35a5ca25346b8b9296ea57b8bf98b,0.114,,,
3250,2026-07-29,SH601698,-0.008615651796686096,EXP_CatBoostModel_Alpha158_csi300_custom_step0_s_20260729_13,7cd35a5ca25346b8b9296ea57b8bf98b,0.114,,,
3251,2026-07-29,SH601689,-0.05623865377443841,EXP_CatBoostModel_Alpha158_csi300_custom_step0_s_20260729_13,7cd35a5ca25346b8b9296ea57b8bf98b,0.114,,,
3252,2026-07-29,SH601688,-0.0006793830999644801,EXP_CatBoostModel_Alpha158_csi300_custom_step0_s_20260729_13,7cd35a5ca25346b8b9296ea57b8bf98b,0.114,,,
3253,2026-07-29,SH601669,0.0036734518504915738,EXP_CatBoostModel_Alpha158_csi300_custom_step0_s_20260729_13,7cd35a5ca25346b8b9296ea57b8bf98b,0.114,,,
3254,2026-07-29,SH601668,0.012415735940476381,EXP_CatBoostModel_Alpha158_csi300_custom_step0_s_20260729_13,7cd35a5ca25346b8b9296ea57b8bf98b,0.114,,,
3255,2026-07-29,SH601658,0.03718990106611979,EXP_CatBoostModel_Alpha158_csi300_custom_step0_s_20260729_13,7cd35a5ca25346b8b9296ea57b8bf98b,0.114,,,
3256,2026-07-29,SH601633,-0.008129996966426078,EXP_CatBoostModel_Alpha158_csi300_custom_step0_s_20260729_13,7cd35a5ca25346b8b9296ea57b8bf98b,0.114,,,
3257,2026-07-29,SH601628,-0.008166847999732389,EXP_CatBoostModel_Alpha158_csi300_custom_step0_s_20260729_13,7cd35a5ca25346b8b9296ea57b8bf98b,0.114,,,
3258,2026-07-29,SH601618,0.013074224759602668,EXP_CatBoostModel_Alpha158_csi300_custom_step0_s_20260729_13,7cd35a5ca25346b8b9296ea57b8bf98b,0.114,,,
3259,2026-07-29,SH601607,0.01750016350841273,EXP_CatBoostModel_Alpha158_csi300_custom_step0_s_20260729_13,7cd35a5ca25346b8b9296ea57b8bf98b,0.114,,,
3260,2026-07-29,SH601601,-0.02735023838805802,EXP_CatBoostModel_Alpha158_csi300_custom_step0_s_20260729_13,7cd35a5ca25346b8b9296ea57b8bf98b,0.114,,,
3261,2026-07-29,SH601600,-0.043245611314317776,EXP_CatBoostModel_Alpha158_csi300_custom_step0_s_20260729_13,7cd35a5ca25346b8b9296ea57b8bf98b,0.114,,,
3262,2026-07-29,SH601456,0.018545793210540278,EXP_CatBoostModel_Alpha158_csi300_custom_step0_s_20260729_13,7cd35a5ca25346b8b9296ea57b8bf98b,0.114,,,
3263,2026-07-29,SH601398,-0.002701293182779458,EXP_CatBoostModel_Alpha158_csi300_custom_step0_s_20260729_13,7cd35a5ca25346b8b9296ea57b8bf98b,0.114,,,
3264,2026-07-29,SH601390,0.007268415906641102,EXP_CatBoostModel_Alpha158_csi300_custom_step0_s_20260729_13,7cd35a5ca25346b8b9296ea57b8bf98b,0.114,,,
3265,2026-07-29,SH601377,0.027452502287847354,EXP_CatBoostModel_Alpha158_csi300_custom_step0_s_20260729_13,7cd35a5ca25346b8b9296ea57b8bf98b,0.114,,,
3266,2026-07-29,SH601728,0.03404073847123103,EXP_CatBoostModel_Alpha158_csi300_custom_step0_s_20260729_13,7cd35a5ca25346b8b9296ea57b8bf98b,0.114,,,
3267,2026-07-29,SH601988,0.02719808823010175,EXP_CatBoostModel_Alpha158_csi300_custom_step0_s_20260729_13,7cd35a5ca25346b8b9296ea57b8bf98b,0.114,,,
3268,2026-07-29,SH601766,-0.034762668331124416,EXP_CatBoostModel_Alpha158_csi300_custom_step0_s_20260729_13,7cd35a5ca25346b8b9296ea57b8bf98b,0.114,,,
3269,2026-07-29,SH601800,0.005792223803356572,EXP_CatBoostModel_Alpha158_csi300_custom_step0_s_20260729_13,7cd35a5ca25346b8b9296ea57b8bf98b,0.114,,,
3270,2026-07-29,SH601939,0.006751376900548669,EXP_CatBoostModel_Alpha158_csi300_custom_step0_s_20260729_13,7cd35a5ca25346b8b9296ea57b8bf98b,0.114,,,
3271,2026-07-29,SH601919,-0.0018206632384186485,EXP_CatBoostModel_Alpha158_csi300_custom_step0_s_20260729_13,7cd35a5ca25346b8b9296ea57b8bf98b,0.114,,,
3272,2026-07-29,SH601916,0.025715768433012928,EXP_CatBoostModel_Alpha158_csi300_custom_step0_s_20260729_13,7cd35a5ca25346b8b9296ea57b8bf98b,0.114,,,
3273,2026-07-29,SH601901,0.02300648805572689,EXP_CatBoostModel_Alpha158_csi300_custom_step0_s_20260729_13,7cd35a5ca25346b8b9296ea57b8bf98b,0.114,,,
3274,2026-07-29,SH601899,-0.0823333802062922,EXP_CatBoostModel_Alpha158_csi300_custom_step0_s_20260729_13,7cd35a5ca25346b8b9296ea57b8bf98b,0.114,,,
3275,2026-07-29,SH601898,-0.03360284315785989,EXP_CatBoostModel_Alpha158_csi300_custom_step0_s_20260729_13,7cd35a5ca25346b8b9296ea57b8bf98b,0.114,,,
3276,2026-07-29,SH601888,-0.03798389660960651,EXP_CatBoostModel_Alpha158_csi300_custom_step0_s_20260729_13,7cd35a5ca25346b8b9296ea57b8bf98b,0.114,,,
3277,2026-07-29,SH601881,0.0028795478029775973,EXP_CatBoostModel_Alpha158_csi300_custom_step0_s_20260729_13,7cd35a5ca25346b8b9296ea57b8bf98b,0.114,,,
3278,2026-07-29,SH601878,0.025911842204132302,EXP_CatBoostModel_Alpha158_csi300_custom_step0_s_20260729_13,7cd35a5ca25346b8b9296ea57b8bf98b,0.114,,,
3279,2026-07-29,SH601877,-0.053216829947535384,EXP_CatBoostModel_Alpha158_csi300_custom_step0_s_20260729_13,7cd35a5ca25346b8b9296ea57b8bf98b,0.114,,,
3280,2026-07-29,SH601872,-0.008107686831763456,EXP_CatBoostModel_Alpha158_csi300_custom_step0_s_20260729_13,7cd35a5ca25346b8b9296ea57b8bf98b,0.114,,,
3281,2026-07-29,SH601868,-0.022336179386911563,EXP_CatBoostModel_Alpha158_csi300_custom_step0_s_20260729_13,7cd35a5ca25346b8b9296ea57b8bf98b,0.114,,,
3282,2026-07-29,SH601857,-0.0032696585325040755,EXP_CatBoostModel_Alpha158_csi300_custom_step0_s_20260729_13,7cd35a5ca25346b8b9296ea57b8bf98b,0.114,,,
3283,2026-07-29,SH601838,0.037207340569302395,EXP_CatBoostModel_Alpha158_csi300_custom_step0_s_20260729_13,7cd35a5ca25346b8b9296ea57b8bf98b,0.114,,,
3284,2026-07-29,SH601825,0.010139974953315294,EXP_CatBoostModel_Alpha158_csi300_custom_step0_s_20260729_13,7cd35a5ca25346b8b9296ea57b8bf98b,0.114,,,
3285,2026-07-29,SH601818,0.045446926548892104,EXP_CatBoostModel_Alpha158_csi300_custom_step0_s_20260729_13,7cd35a5ca25346b8b9296ea57b8bf98b,0.114,,,
3286,2026-07-29,SH601816,-0.007574158564626821,EXP_CatBoostModel_Alpha158_csi300_custom_step0_s_20260729_13,7cd35a5ca25346b8b9296ea57b8bf98b,0.114,,,
3287,2026-07-29,SH601788,0.02392915417065852,EXP_CatBoostModel_Alpha158_csi300_custom_step0_s_20260729_13,7cd35a5ca25346b8b9296ea57b8bf98b,0.114,,,
3288,2026-07-29,SZ000166,0.030697888779888372,EXP_CatBoostModel_Alpha158_csi300_custom_step0_s_20260729_13,7cd35a5ca25346b8b9296ea57b8bf98b,0.114,,,
3289,2026-07-29,SZ000301,-0.030279611888696024,EXP_CatBoostModel_Alpha158_csi300_custom_step0_s_20260729_13,7cd35a5ca25346b8b9296ea57b8bf98b,0.114,,,
3290,2026-07-29,SZ000333,0.0070902083356046445,EXP_CatBoostModel_Alpha158_csi300_custom_step0_s_20260729_13,7cd35a5ca25346b8b9296ea57b8bf98b,0.114,,,
3291,2026-07-29,SZ002625,-0.04312250266628703,EXP_CatBoostModel_Alpha158_csi300_custom_step0_s_20260729_13,7cd35a5ca25346b8b9296ea57b8bf98b,0.114,,,
3292,2026-07-29,SZ002602,-0.050543312309365235,EXP_CatBoostModel_Alpha158_csi300_custom_step0_s_20260729_13,7cd35a5ca25346b8b9296ea57b8bf98b,0.114,,,
3293,2026-07-29,SZ002600,0.2160501020501359,EXP_CatBoostModel_Alpha158_csi300_custom_step0_s_20260729_13,7cd35a5ca25346b8b9296ea57b8bf98b,0.114,,,
3294,2026-07-29,SZ002594,0.011649879258155072,EXP_CatBoostModel_Alpha158_csi300_custom_step0_s_20260729_13,7cd35a5ca25346b8b9296ea57b8bf98b,0.114,,,
3295,2026-07-29,SZ002558,0.07116240009558573,EXP_CatBoostModel_Alpha158_csi300_custom_step0_s_20260729_13,7cd35a5ca25346b8b9296ea57b8bf98b,0.114,,,
3296,2026-07-29,SZ002532,-0.029206534076198824,EXP_CatBoostModel_Alpha158_csi300_custom_step0_s_20260729_13,7cd35a5ca25346b8b9296ea57b8bf98b,0.114,,,
3297,2026-07-29,SZ002493,-0.05304544967912293,EXP_CatBoostModel_Alpha158_csi300_custom_step0_s_20260729_13,7cd35a5ca25346b8b9296ea57b8bf98b,0.114,,,
3298,2026-07-29,SZ002475,-0.04979765603282356,EXP_CatBoostModel_Alpha158_csi300_custom_step0_s_20260729_13,7cd35a5ca25346b8b9296ea57b8bf98b,0.114,,,
3299,2026-07-29,SZ002466,0.1726458425799874,EXP_CatBoostModel_Alpha158_csi300_custom_step0_s_20260729_13,7cd35a5ca25346b8b9296ea57b8bf98b,0.114,,,
3300,2026-07-29,SZ002463,0.15707193819202847,EXP_CatBoostModel_Alpha158_csi300_custom_step0_s_20260729_13,7cd35a5ca25346b8b9296ea57b8bf98b,0.114,,,
3301,2026-07-29,SZ002460,0.13229657306973275,EXP_CatBoostModel_Alpha158_csi300_custom_step0_s_20260729_13,7cd35a5ca25346b8b9296ea57b8bf98b,0.114,,,
3302,2026-07-29,SZ002422,-0.031812455377487496,EXP_CatBoostModel_Alpha158_csi300_custom_step0_s_20260729_13,7cd35a5ca25346b8b9296ea57b8bf98b,0.114,,,
3303,2026-07-29,SZ002415,-0.06856285651993364,EXP_CatBoostModel_Alpha158_csi300_custom_step0_s_20260729_13,7cd35a5ca25346b8b9296ea57b8bf98b,0.114,,,
3304,2026-07-29,SZ002384,0.17417515458610663,EXP_CatBoostModel_Alpha158_csi300_custom_step0_s_20260729_13,7cd35a5ca25346b8b9296ea57b8bf98b,0.114,,,
3305,2026-07-29,SZ002371,-0.029302347967722586,EXP_CatBoostModel_Alpha158_csi300_custom_step0_s_20260729_13,7cd35a5ca25346b8b9296ea57b8bf98b,0.114,,,
3306,2026-07-29,SZ002353,-0.0033150676336515623,EXP_CatBoostModel_Alpha158_csi300_custom_step0_s_20260729_13,7cd35a5ca25346b8b9296ea57b8bf98b,0.114,,,
3307,2026-07-29,SZ002352,0.003250710562016876,EXP_CatBoostModel_Alpha158_csi300_custom_step0_s_20260729_13,7cd35a5ca25346b8b9296ea57b8bf98b,0.114,,,
3308,2026-07-29,SZ002648,-0.051707295766875286,EXP_CatBoostModel_Alpha158_csi300_custom_step0_s_20260729_13,7cd35a5ca25346b8b9296ea57b8bf98b,0.114,,,
3309,2026-07-29,SZ002311,0.01920280825020359,EXP_CatBoostModel_Alpha158_csi300_custom_step0_s_20260729_13,7cd35a5ca25346b8b9296ea57b8bf98b,0.114,,,
3310,2026-07-29,SZ002709,0.2220087327993534,EXP_CatBoostModel_Alpha158_csi300_custom_step0_s_20260729_13,7cd35a5ca25346b8b9296ea57b8bf98b,0.114,,,
3311,2026-07-29,SZ002736,0.030391628026916126,EXP_CatBoostModel_Alpha158_csi300_custom_step0_s_20260729_13,7cd35a5ca25346b8b9296ea57b8bf98b,0.114,,,
3312,2026-07-29,SZ300408,0.15918166456723495,EXP_CatBoostModel_Alpha158_csi300_custom_step0_s_20260729_13,7cd35a5ca25346b8b9296ea57b8bf98b,0.114,,,
3313,2026-07-29,SZ300394,0.21849347428869023,EXP_CatBoostModel_Alpha158_csi300_custom_step0_s_20260729_13,7cd35a5ca25346b8b9296ea57b8bf98b,0.114,,,
3314,2026-07-29,SZ300316,0.1471778859193924,EXP_CatBoostModel_Alpha158_csi300_custom_step0_s_20260729_13,7cd35a5ca25346b8b9296ea57b8bf98b,0.114,,,
3315,2026-07-29,SZ300308,0.10071565167829753,EXP_CatBoostModel_Alpha158_csi300_custom_step0_s_20260729_13,7cd35a5ca25346b8b9296ea57b8bf98b,0.114,,,
3316,2026-07-29,SZ300274,0.16655803607214437,EXP_CatBoostModel_Alpha158_csi300_custom_step0_s_20260729_13,7cd35a5ca25346b8b9296ea57b8bf98b,0.114,,,
3317,2026-07-29,SZ300251,-0.027883841772232305,EXP_CatBoostModel_Alpha158_csi300_custom_step0_s_20260729_13,7cd35a5ca25346b8b9296ea57b8bf98b,0.114,,,
3318,2026-07-29,SZ300124,-0.023980775563074277,EXP_CatBoostModel_Alpha158_csi300_custom_step0_s_20260729_13,7cd35a5ca25346b8b9296ea57b8bf98b,0.114,,,
3319,2026-07-29,SZ300122,-0.024322730319337755,EXP_CatBoostModel_Alpha158_csi300_custom_step0_s_20260729_13,7cd35a5ca25346b8b9296ea57b8bf98b,0.114,,,
3320,2026-07-29,SZ300059,-0.01655737633742952,EXP_CatBoostModel_Alpha158_csi300_custom_step0_s_20260729_13,7cd35a5ca25346b8b9296ea57b8bf98b,0.114,,,
3321,2026-07-29,SZ300033,-0.06215138450604634,EXP_CatBoostModel_Alpha158_csi300_custom_step0_s_20260729_13,7cd35a5ca25346b8b9296ea57b8bf98b,0.114,,,
3322,2026-07-29,SZ300015,-0.007200175243780308,EXP_CatBoostModel_Alpha158_csi300_custom_step0_s_20260729_13,7cd35a5ca25346b8b9296ea57b8bf98b,0.114,,,
3323,2026-07-29,SZ300014,0.0019090240550397564,EXP_CatBoostModel_Alpha158_csi300_custom_step0_s_20260729_13,7cd35a5ca25346b8b9296ea57b8bf98b,0.114,,,
3324,2026-07-29,SZ003816,-0.017094178684304184,EXP_CatBoostModel_Alpha158_csi300_custom_step0_s_20260729_13,7cd35a5ca25346b8b9296ea57b8bf98b,0.114,,,
3325,2026-07-29,SZ002938,0.08594929042932742,EXP_CatBoostModel_Alpha158_csi300_custom_step0_s_20260729_13,7cd35a5ca25346b8b9296ea57b8bf98b,0.114,,,
3326,2026-07-29,SZ002920,-0.031935097433001124,EXP_CatBoostModel_Alpha158_csi300_custom_step0_s_20260729_13,7cd35a5ca25346b8b9296ea57b8bf98b,0.114,,,
3327,2026-07-29,SZ002916,0.1440831072590784,EXP_CatBoostModel_Alpha158_csi300_custom_step0_s_20260729_13,7cd35a5ca25346b8b9296ea57b8bf98b,0.114,,,
3328,2026-07-29,SZ002837,0.1605706572421887,EXP_CatBoostModel_Alpha158_csi300_custom_step0_s_20260729_13,7cd35a5ca25346b8b9296ea57b8bf98b,0.114,,,
3329,2026-07-29,SZ002714,-0.01147057721573443,EXP_CatBoostModel_Alpha158_csi300_custom_step0_s_20260729_13,7cd35a5ca25346b8b9296ea57b8bf98b,0.114,,,
3330,2026-07-29,SZ002304,-0.008673072807814876,EXP_CatBoostModel_Alpha158_csi300_custom_step0_s_20260729_13,7cd35a5ca25346b8b9296ea57b8bf98b,0.114,,,
3331,2026-07-29,SZ002241,-0.02967600898479436,EXP_CatBoostModel_Alpha158_csi300_custom_step0_s_20260729_13,7cd35a5ca25346b8b9296ea57b8bf98b,0.114,,,
3332,2026-07-29,SZ002236,-0.009949014969945836,EXP_CatBoostModel_Alpha158_csi300_custom_step0_s_20260729_13,7cd35a5ca25346b8b9296ea57b8bf98b,0.114,,,
3333,2026-07-29,SZ000807,-0.032183069420689055,EXP_CatBoostModel_Alpha158_csi300_custom_step0_s_20260729_13,7cd35a5ca25346b8b9296ea57b8bf98b,0.114,,,
3334,2026-07-29,SZ000792,-0.07054155023740276,EXP_CatBoostModel_Alpha158_csi300_custom_step0_s_20260729_13,7cd35a5ca25346b8b9296ea57b8bf98b,0.114,,,
3335,2026-07-29,SZ000776,-0.04286586447290986,EXP_CatBoostModel_Alpha158_csi300_custom_step0_s_20260729_13,7cd35a5ca25346b8b9296ea57b8bf98b,0.114,,,
3336,2026-07-29,SZ000768,-0.007326662221340703,EXP_CatBoostModel_Alpha158_csi300_custom_step0_s_20260729_13,7cd35a5ca25346b8b9296ea57b8bf98b,0.114,,,
3337,2026-07-29,SZ000725,0.08898640012867268,EXP_CatBoostModel_Alpha158_csi300_custom_step0_s_20260729_13,7cd35a5ca25346b8b9296ea57b8bf98b,0.114,,,
3338,2026-07-29,SZ000708,-0.03064258139963415,EXP_CatBoostModel_Alpha158_csi300_custom_step0_s_20260729_13,7cd35a5ca25346b8b9296ea57b8bf98b,0.114,,,
3339,2026-07-29,SZ000657,0.06586715814252725,EXP_CatBoostModel_Alpha158_csi300_custom_step0_s_20260729_13,7cd35a5ca25346b8b9296ea57b8bf98b,0.114,,,
3340,2026-07-29,SZ000651,0.025739747235616218,EXP_CatBoostModel_Alpha158_csi300_custom_step0_s_20260729_13,7cd35a5ca25346b8b9296ea57b8bf98b,0.114,,,
3341,2026-07-29,SZ000630,-0.033680241954229875,EXP_CatBoostModel_Alpha158_csi300_custom_step0_s_20260729_13,7cd35a5ca25346b8b9296ea57b8bf98b,0.114,,,
3342,2026-07-29,SZ000625,-0.01651154453944684,EXP_CatBoostModel_Alpha158_csi300_custom_step0_s_20260729_13,7cd35a5ca25346b8b9296ea57b8bf98b,0.114,,,
3343,2026-07-29,SZ000617,-0.04677307321927524,EXP_CatBoostModel_Alpha158_csi300_custom_step0_s_20260729_13,7cd35a5ca25346b8b9296ea57b8bf98b,0.114,,,
3344,2026-07-29,SZ000596,-0.0404364493693022,EXP_CatBoostModel_Alpha158_csi300_custom_step0_s_20260729_13,7cd35a5ca25346b8b9296ea57b8bf98b,0.114,,,
3345,2026-07-29,SZ000568,-0.035837025384211386,EXP_CatBoostModel_Alpha158_csi300_custom_step0_s_20260729_13,7cd35a5ca25346b8b9296ea57b8bf98b,0.114,,,
3346,2026-07-29,SZ000538,0.013991354574245139,EXP_CatBoostModel_Alpha158_csi300_custom_step0_s_20260729_13,7cd35a5ca25346b8b9296ea57b8bf98b,0.114,,,
3347,2026-07-29,SZ000425,-0.03806852313061651,EXP_CatBoostModel_Alpha158_csi300_custom_step0_s_20260729_13,7cd35a5ca25346b8b9296ea57b8bf98b,0.114,,,
3348,2026-07-29,SZ000408,-0.04701969225549217,EXP_CatBoostModel_Alpha158_csi300_custom_step0_s_20260729_13,7cd35a5ca25346b8b9296ea57b8bf98b,0.114,,,
3349,2026-07-29,SZ000338,-0.02949614762274099,EXP_CatBoostModel_Alpha158_csi300_custom_step0_s_20260729_13,7cd35a5ca25346b8b9296ea57b8bf98b,0.114,,,
3350,2026-07-29,SZ000858,0.0010743011366046956,EXP_CatBoostModel_Alpha158_csi300_custom_step0_s_20260729_13,7cd35a5ca25346b8b9296ea57b8bf98b,0.114,,,
3351,2026-07-29,SZ000895,-0.0043035503659656785,EXP_CatBoostModel_Alpha158_csi300_custom_step0_s_20260729_13,7cd35a5ca25346b8b9296ea57b8bf98b,0.114,,,
3352,2026-07-29,SZ000938,0.13630179374704404,EXP_CatBoostModel_Alpha158_csi300_custom_step0_s_20260729_13,7cd35a5ca25346b8b9296ea57b8bf98b,0.114,,,
3353,2026-07-29,SZ000963,-0.01801869575089938,EXP_CatBoostModel_Alpha158_csi300_custom_step0_s_20260729_13,7cd35a5ca25346b8b9296ea57b8bf98b,0.114,,,
3354,2026-07-29,SZ002230,-0.032236234181543255,EXP_CatBoostModel_Alpha158_csi300_custom_step0_s_20260729_13,7cd35a5ca25346b8b9296ea57b8bf98b,0.114,,,
3355,2026-07-29,SZ002202,0.12401386323398421,EXP_CatBoostModel_Alpha158_csi300_custom_step0_s_20260729_13,7cd35a5ca25346b8b9296ea57b8bf98b,0.114,,,
3356,2026-07-29,SZ002179,0.06591553348907075,EXP_CatBoostModel_Alpha158_csi300_custom_step0_s_20260729_13,7cd35a5ca25346b8b9296ea57b8bf98b,0.114,,,
3357,2026-07-29,SZ002142,0.02534926881614684,EXP_CatBoostModel_Alpha158_csi300_custom_step0_s_20260729_13,7cd35a5ca25346b8b9296ea57b8bf98b,0.114,,,
3358,2026-07-29,SZ002074,-0.06761966979015555,EXP_CatBoostModel_Alpha158_csi300_custom_step0_s_20260729_13,7cd35a5ca25346b8b9296ea57b8bf98b,0.114,,,
3359,2026-07-29,SZ002050,0.002224099252296072,EXP_CatBoostModel_Alpha158_csi300_custom_step0_s_20260729_13,7cd35a5ca25346b8b9296ea57b8bf98b,0.114,,,
3360,2026-07-29,SZ002049,0.06946673987067936,EXP_CatBoostModel_Alpha158_csi300_custom_step0_s_20260729_13,7cd35a5ca25346b8b9296ea57b8bf98b,0.114,,,
3361,2026-07-29,SZ002028,-0.04401831678801097,EXP_CatBoostModel_Alpha158_csi300_custom_step0_s_20260729_13,7cd35a5ca25346b8b9296ea57b8bf98b,0.114,,,
3362,2026-07-29,SZ300418,-0.029928151213053943,EXP_CatBoostModel_Alpha158_csi300_custom_step0_s_20260729_13,7cd35a5ca25346b8b9296ea57b8bf98b,0.114,,,
3363,2026-07-29,SZ002027,-0.03194734307576192,EXP_CatBoostModel_Alpha158_csi300_custom_step0_s_20260729_13,7cd35a5ca25346b8b9296ea57b8bf98b,0.114,,,
3364,2026-07-29,SZ001979,-0.04787458211522127,EXP_CatBoostModel_Alpha158_csi300_custom_step0_s_20260729_13,7cd35a5ca25346b8b9296ea57b8bf98b,0.114,,,
3365,2026-07-29,SZ001965,-0.002324752330273132,EXP_CatBoostModel_Alpha158_csi300_custom_step0_s_20260729_13,7cd35a5ca25346b8b9296ea57b8bf98b,0.114,,,
3366,2026-07-29,SZ001391,0.00821913479358787,EXP_CatBoostModel_Alpha158_csi300_custom_step0_s_20260729_13,7cd35a5ca25346b8b9296ea57b8bf98b,0.114,,,
3367,2026-07-29,SZ001280,-0.04497321973055188,EXP_CatBoostModel_Alpha158_csi300_custom_step0_s_20260729_13,7cd35a5ca25346b8b9296ea57b8bf98b,0.114,,,
3368,2026-07-29,SZ000999,0.023449566823309724,EXP_CatBoostModel_Alpha158_csi300_custom_step0_s_20260729_13,7cd35a5ca25346b8b9296ea57b8bf98b,0.114,,,
3369,2026-07-29,SZ000988,0.18318441466921723,EXP_CatBoostModel_Alpha158_csi300_custom_step0_s_20260729_13,7cd35a5ca25346b8b9296ea57b8bf98b,0.114,,,
3370,2026-07-29,SZ000977,0.05571643514723521,EXP_CatBoostModel_Alpha158_csi300_custom_step0_s_20260729_13,7cd35a5ca25346b8b9296ea57b8bf98b,0.114,,,
3371,2026-07-29,SZ000975,-0.044145621010438695,EXP_CatBoostModel_Alpha158_csi300_custom_step0_s_20260729_13,7cd35a5ca25346b8b9296ea57b8bf98b,0.114,,,
3372,2026-07-29,SZ002001,-0.04764860155495342,EXP_CatBoostModel_Alpha158_csi300_custom_step0_s_20260729_13,7cd35a5ca25346b8b9296ea57b8bf98b,0.114,,,
3373,2026-07-29,SH601901,-0.007987110899318512,EXP_CatBoostModel_Alpha158_csi300_custom_step0_s_20260729_13,90e47a9432044bddb836c985ec09ae88,0.014,,,
3374,2026-07-29,SH600905,-0.0057760258206296395,EXP_CatBoostModel_Alpha158_csi300_custom_step0_s_20260729_13,38c4b6d2098f46bdbb2b83d633f92884,0.069,,,
3375,2026-07-29,SH600893,-0.02216392601468412,EXP_CatBoostModel_Alpha158_csi300_custom_step0_s_20260729_13,38c4b6d2098f46bdbb2b83d633f92884,0.069,,,
3376,2026-07-29,SZ002028,-0.07276351050885943,EXP_CatBoostModel_Alpha158_csi300_custom_step0_s_20260729_13,694639f66d4f4f40816182a1c2411298,0.059,,,
3377,2026-07-29,SZ002027,-0.00560303567770509,EXP_CatBoostModel_Alpha158_csi300_custom_step0_s_20260729_13,694639f66d4f4f40816182a1c2411298,0.059,,,
3378,2026-07-29,SZ002001,-0.03514156600317595,EXP_CatBoostModel_Alpha158_csi300_custom_step0_s_20260729_13,694639f66d4f4f40816182a1c2411298,0.059,,,
3379,2026-07-29,SZ001979,0.016845148795128568,EXP_CatBoostModel_Alpha158_csi300_custom_step0_s_20260729_13,694639f66d4f4f40816182a1c2411298,0.059,,,
3380,2026-07-29,SZ001965,0.011461379858384694,EXP_CatBoostModel_Alpha158_csi300_custom_step0_s_20260729_13,694639f66d4f4f40816182a1c2411298,0.059,,,
3381,2026-07-29,SZ001391,0.018767731666491486,EXP_CatBoostModel_Alpha158_csi300_custom_step0_s_20260729_13,694639f66d4f4f40816182a1c2411298,0.059,,,
3382,2026-07-29,SZ001280,0.0027098611373986827,EXP_CatBoostModel_Alpha158_csi300_custom_step0_s_20260729_13,694639f66d4f4f40816182a1c2411298,0.059,,,
3383,2026-07-29,SZ000999,0.04264722110590282,EXP_CatBoostModel_Alpha158_csi300_custom_step0_s_20260729_13,694639f66d4f4f40816182a1c2411298,0.059,,,
3384,2026-07-29,SZ000988,0.1285862559630075,EXP_CatBoostModel_Alpha158_csi300_custom_step0_s_20260729_13,694639f66d4f4f40816182a1c2411298,0.059,,,
3385,2026-07-29,SZ000977,0.0401716315090907,EXP_CatBoostModel_Alpha158_csi300_custom_step0_s_20260729_13,694639f66d4f4f40816182a1c2411298,0.059,,,
3386,2026-07-29,SZ000975,-0.058435253363942036,EXP_CatBoostModel_Alpha158_csi300_custom_step0_s_20260729_13,694639f66d4f4f40816182a1c2411298,0.059,,,
3387,2026-07-29,SZ000963,-0.011608536891130805,EXP_CatBoostModel_Alpha158_csi300_custom_step0_s_20260729_13,694639f66d4f4f40816182a1c2411298,0.059,,,
3388,2026-07-29,SZ000938,-0.10598974180347877,EXP_CatBoostModel_Alpha158_csi300_custom_step0_s_20260729_13,694639f66d4f4f40816182a1c2411298,0.059,,,
3389,2026-07-29,SZ000895,-0.0012945971211827355,EXP_CatBoostModel_Alpha158_csi300_custom_step0_s_20260729_13,694639f66d4f4f40816182a1c2411298,0.059,,,
3390,2026-07-29,SZ000858,0.013369858388159038,EXP_CatBoostModel_Alpha158_csi300_custom_step0_s_20260729_13,694639f66d4f4f40816182a1c2411298,0.059,,,
3391,2026-07-29,SZ000807,-0.0039472425111205175,EXP_CatBoostModel_Alpha158_csi300_custom_step0_s_20260729_13,694639f66d4f4f40816182a1c2411298,0.059,,,
3392,2026-07-29,SZ000792,-0.06434054528778957,EXP_CatBoostModel_Alpha158_csi300_custom_step0_s_20260729_13,694639f66d4f4f40816182a1c2411298,0.059,,,
3393,2026-07-29,SZ002049,-0.037667356772869434,EXP_CatBoostModel_Alpha158_csi300_custom_step0_s_20260729_13,694639f66d4f4f40816182a1c2411298,0.059,,,
3394,2026-07-29,SZ000776,-0.09009356347224273,EXP_CatBoostModel_Alpha158_csi300_custom_step0_s_20260729_13,694639f66d4f4f40816182a1c2411298,0.059,,,
3395,2026-07-29,SZ002050,-0.03485858629303363,EXP_CatBoostModel_Alpha158_csi300_custom_step0_s_20260729_13,694639f66d4f4f40816182a1c2411298,0.059,,,
3396,2026-07-29,SZ002142,0.029067970435149453,EXP_CatBoostModel_Alpha158_csi300_custom_step0_s_20260729_13,694639f66d4f4f40816182a1c2411298,0.059,,,
3397,2026-07-29,SZ002475,-0.06293167127769396,EXP_CatBoostModel_Alpha158_csi300_custom_step0_s_20260729_13,694639f66d4f4f40816182a1c2411298,0.059,,,
3398,2026-07-29,SZ002466,0.04851048919103687,EXP_CatBoostModel_Alpha158_csi300_custom_step0_s_20260729_13,694639f66d4f4f40816182a1c2411298,0.059,,,
3399,2026-07-29,SZ002463,0.038950780070403215,EXP_CatBoostModel_Alpha158_csi300_custom_step0_s_20260729_13,694639f66d4f4f40816182a1c2411298,0.059,,,
3400,2026-07-29,SZ002460,0.07197242864867938,EXP_CatBoostModel_Alpha158_csi300_custom_step0_s_20260729_13,694639f66d4f4f40816182a1c2411298,0.059,,,
3401,2026-07-29,SZ002422,0.03622660369259564,EXP_CatBoostModel_Alpha158_csi300_custom_step0_s_20260729_13,694639f66d4f4f40816182a1c2411298,0.059,,,
3402,2026-07-29,SZ002415,-0.03825874373226594,EXP_CatBoostModel_Alpha158_csi300_custom_step0_s_20260729_13,694639f66d4f4f40816182a1c2411298,0.059,,,
3403,2026-07-29,SZ002384,0.19229202975241516,EXP_CatBoostModel_Alpha158_csi300_custom_step0_s_20260729_13,694639f66d4f4f40816182a1c2411298,0.059,,,
3404,2026-07-29,SZ002371,-0.05066650637836569,EXP_CatBoostModel_Alpha158_csi300_custom_step0_s_20260729_13,694639f66d4f4f40816182a1c2411298,0.059,,,
3405,2026-07-29,SZ002353,-0.010199195764984001,EXP_CatBoostModel_Alpha158_csi300_custom_step0_s_20260729_13,694639f66d4f4f40816182a1c2411298,0.059,,,
3406,2026-07-29,SZ002352,0.02787595353168007,EXP_CatBoostModel_Alpha158_csi300_custom_step0_s_20260729_13,694639f66d4f4f40816182a1c2411298,0.059,,,
3407,2026-07-29,SZ002311,0.00848022419620233,EXP_CatBoostModel_Alpha158_csi300_custom_step0_s_20260729_13,694639f66d4f4f40816182a1c2411298,0.059,,,
3408,2026-07-29,SZ002304,0.0033997246516167235,EXP_CatBoostModel_Alpha158_csi300_custom_step0_s_20260729_13,694639f66d4f4f40816182a1c2411298,0.059,,,
3409,2026-07-29,SZ002241,-0.00021320863585262868,EXP_CatBoostModel_Alpha158_csi300_custom_step0_s_20260729_13,694639f66d4f4f40816182a1c2411298,0.059,,,
3410,2026-07-29,SZ002236,-0.006787405485476685,EXP_CatBoostModel_Alpha158_csi300_custom_step0_s_20260729_13,694639f66d4f4f40816182a1c2411298,0.059,,,
3411,2026-07-29,SZ002230,-0.03606267520457959,EXP_CatBoostModel_Alpha158_csi300_custom_step0_s_20260729_13,694639f66d4f4f40816182a1c2411298,0.059,,,
3412,2026-07-29,SZ002202,-0.016232098617766453,EXP_CatBoostModel_Alpha158_csi300_custom_step0_s_20260729_13,694639f66d4f4f40816182a1c2411298,0.059,,,
3413,2026-07-29,SZ002179,-0.02248722210600061,EXP_CatBoostModel_Alpha158_csi300_custom_step0_s_20260729_13,694639f66d4f4f40816182a1c2411298,0.059,,,
3414,2026-07-29,SZ002074,-0.04367274237932313,EXP_CatBoostModel_Alpha158_csi300_custom_step0_s_20260729_13,694639f66d4f4f40816182a1c2411298,0.059,,,
3415,2026-07-29,SZ002493,-0.06110521755563633,EXP_CatBoostModel_Alpha158_csi300_custom_step0_s_20260729_13,694639f66d4f4f40816182a1c2411298,0.059,,,
3416,2026-07-29,SZ000768,0.02273213118855735,EXP_CatBoostModel_Alpha158_csi300_custom_step0_s_20260729_13,694639f66d4f4f40816182a1c2411298,0.059,,,
3417,2026-07-29,SZ000708,-0.030889654791267675,EXP_CatBoostModel_Alpha158_csi300_custom_step0_s_20260729_13,694639f66d4f4f40816182a1c2411298,0.059,,,
3418,2026-07-29,SH688506,-0.03257560768721893,EXP_CatBoostModel_Alpha158_csi300_custom_step0_s_20260729_13,694639f66d4f4f40816182a1c2411298,0.059,,,
3419,2026-07-29,SH688472,0.03812616312863578,EXP_CatBoostModel_Alpha158_csi300_custom_step0_s_20260729_13,694639f66d4f4f40816182a1c2411298,0.059,,,
3420,2026-07-29,SH688396,0.21844027944264238,EXP_CatBoostModel_Alpha158_csi300_custom_step0_s_20260729_13,694639f66d4f4f40816182a1c2411298,0.059,,,
3421,2026-07-29,SH688303,-0.004688130520086599,EXP_CatBoostModel_Alpha158_csi300_custom_step0_s_20260729_13,694639f66d4f4f40816182a1c2411298,0.059,,,
3422,2026-07-29,SH688271,-0.008831572218857536,EXP_CatBoostModel_Alpha158_csi300_custom_step0_s_20260729_13,694639f66d4f4f40816182a1c2411298,0.059,,,
3423,2026-07-29,SH688256,-0.015901063559190638,EXP_CatBoostModel_Alpha158_csi300_custom_step0_s_20260729_13,694639f66d4f4f40816182a1c2411298,0.059,,,
3424,2026-07-29,SH688223,0.005524192512975131,EXP_CatBoostModel_Alpha158_csi300_custom_step0_s_20260729_13,694639f66d4f4f40816182a1c2411298,0.059,,,
3425,2026-07-29,SH688183,-0.007277627608773702,EXP_CatBoostModel_Alpha158_csi300_custom_step0_s_20260729_13,694639f66d4f4f40816182a1c2411298,0.059,,,
3426,2026-07-29,SH688126,0.20010557555934166,EXP_CatBoostModel_Alpha158_csi300_custom_step0_s_20260729_13,694639f66d4f4f40816182a1c2411298,0.059,,,
3427,2026-07-29,SH688111,-0.08741078837115437,EXP_CatBoostModel_Alpha158_csi300_custom_step0_s_20260729_13,694639f66d4f4f40816182a1c2411298,0.059,,,
3428,2026-07-29,SH688082,0.12863871239727453,EXP_CatBoostModel_Alpha158_csi300_custom_step0_s_20260729_13,694639f66d4f4f40816182a1c2411298,0.059,,,
3429,2026-07-29,SH688072,-0.07367047259528237,EXP_CatBoostModel_Alpha158_csi300_custom_step0_s_20260729_13,694639f66d4f4f40816182a1c2411298,0.059,,,
3430,2026-07-29,SH688047,0.06043431560218394,EXP_CatBoostModel_Alpha158_csi300_custom_step0_s_20260729_13,694639f66d4f4f40816182a1c2411298,0.059,,,
3431,2026-07-29,SH688041,-0.013898163088908124,EXP_CatBoostModel_Alpha158_csi300_custom_step0_s_20260729_13,694639f66d4f4f40816182a1c2411298,0.059,,,
3432,2026-07-29,SH688036,0.023417392071316406,EXP_CatBoostModel_Alpha158_csi300_custom_step0_s_20260729_13,694639f66d4f4f40816182a1c2411298,0.059,,,
3433,2026-07-29,SH688012,-0.06887415474395768,EXP_CatBoostModel_Alpha158_csi300_custom_step0_s_20260729_13,694639f66d4f4f40816182a1c2411298,0.059,,,
3434,2026-07-29,SH688009,0.06437627510364861,EXP_CatBoostModel_Alpha158_csi300_custom_step0_s_20260729_13,694639f66d4f4f40816182a1c2411298,0.059,,,
3435,2026-07-29,SH688521,0.26927293011537234,EXP_CatBoostModel_Alpha158_csi300_custom_step0_s_20260729_13,694639f66d4f4f40816182a1c2411298,0.059,,,
3436,2026-07-29,SZ000725,-0.023216199254329415,EXP_CatBoostModel_Alpha158_csi300_custom_step0_s_20260729_13,694639f66d4f4f40816182a1c2411298,0.059,,,
3437,2026-07-29,SH688981,0.021258118088479765,EXP_CatBoostModel_Alpha158_csi300_custom_step0_s_20260729_13,694639f66d4f4f40816182a1c2411298,0.059,,,
3438,2026-07-29,SZ000002,0.020351571744323754,EXP_CatBoostModel_Alpha158_csi300_custom_step0_s_20260729_13,694639f66d4f4f40816182a1c2411298,0.059,,,
3439,2026-07-29,SZ000657,0.16399070912552624,EXP_CatBoostModel_Alpha158_csi300_custom_step0_s_20260729_13,694639f66d4f4f40816182a1c2411298,0.059,,,
3440,2026-07-29,SZ000651,0.06812407329947848,EXP_CatBoostModel_Alpha158_csi300_custom_step0_s_20260729_13,694639f66d4f4f40816182a1c2411298,0.059,,,
3441,2026-07-29,SZ000630,-0.06369771372117682,EXP_CatBoostModel_Alpha158_csi300_custom_step0_s_20260729_13,694639f66d4f4f40816182a1c2411298,0.059,,,
3442,2026-07-29,SZ000625,0.021113701733471768,EXP_CatBoostModel_Alpha158_csi300_custom_step0_s_20260729_13,694639f66d4f4f40816182a1c2411298,0.059,,,
3443,2026-07-29,SZ000617,0.008907304069334106,EXP_CatBoostModel_Alpha158_csi300_custom_step0_s_20260729_13,694639f66d4f4f40816182a1c2411298,0.059,,,
3444,2026-07-29,SZ000596,-0.05367392349426083,EXP_CatBoostModel_Alpha158_csi300_custom_step0_s_20260729_13,694639f66d4f4f40816182a1c2411298,0.059,,,
3445,2026-07-29,SZ000568,-0.012624954945275027,EXP_CatBoostModel_Alpha158_csi300_custom_step0_s_20260729_13,694639f66d4f4f40816182a1c2411298,0.059,,,
3446,2026-07-29,SZ000538,0.0229691728753796,EXP_CatBoostModel_Alpha158_csi300_custom_step0_s_20260729_13,694639f66d4f4f40816182a1c2411298,0.059,,,
3447,2026-07-29,SZ000425,-0.007173520132669859,EXP_CatBoostModel_Alpha158_csi300_custom_step0_s_20260729_13,694639f66d4f4f40816182a1c2411298,0.059,,,
3448,2026-07-29,SZ000408,-0.041867838654718305,EXP_CatBoostModel_Alpha158_csi300_custom_step0_s_20260729_13,694639f66d4f4f40816182a1c2411298,0.059,,,
3449,2026-07-29,SZ000338,-0.003907856353868863,EXP_CatBoostModel_Alpha158_csi300_custom_step0_s_20260729_13,694639f66d4f4f40816182a1c2411298,0.059,,,
3450,2026-07-29,SZ000333,0.04932952970994071,EXP_CatBoostModel_Alpha158_csi300_custom_step0_s_20260729_13,694639f66d4f4f40816182a1c2411298,0.059,,,
3451,2026-07-29,SZ000301,-0.04189081234156197,EXP_CatBoostModel_Alpha158_csi300_custom_step0_s_20260729_13,694639f66d4f4f40816182a1c2411298,0.059,,,
3452,2026-07-29,SZ000166,0.045065102036968986,EXP_CatBoostModel_Alpha158_csi300_custom_step0_s_20260729_13,694639f66d4f4f40816182a1c2411298,0.059,,,
3453,2026-07-29,SZ000157,0.013465534462721201,EXP_CatBoostModel_Alpha158_csi300_custom_step0_s_20260729_13,694639f66d4f4f40816182a1c2411298,0.059,,,
3454,2026-07-29,SZ000100,-0.0784609190501537,EXP_CatBoostModel_Alpha158_csi300_custom_step0_s_20260729_13,694639f66d4f4f40816182a1c2411298,0.059,,,
3455,2026-07-29,SZ000063,-0.11161959813440214,EXP_CatBoostModel_Alpha158_csi300_custom_step0_s_20260729_13,694639f66d4f4f40816182a1c2411298,0.059,,,
3456,2026-07-29,SZ000001,0.06972831767467537,EXP_CatBoostModel_Alpha158_csi300_custom_step0_s_20260729_13,694639f66d4f4f40816182a1c2411298,0.059,,,
3457,2026-07-29,SH688008,0.02705778178005032,EXP_CatBoostModel_Alpha158_csi300_custom_step0_s_20260729_13,694639f66d4f4f40816182a1c2411298,0.059,,,
3458,2026-07-29,SZ002532,0.00991309967160512,EXP_CatBoostModel_Alpha158_csi300_custom_step0_s_20260729_13,694639f66d4f4f40816182a1c2411298,0.059,,,
3459,2026-07-29,SZ002594,0.011021929838308322,EXP_CatBoostModel_Alpha158_csi300_custom_step0_s_20260729_13,694639f66d4f4f40816182a1c2411298,0.059,,,
3460,2026-07-29,SH600028,0.01477335727097529,EXP_CatBoostModel_Alpha158_csi300_custom_step0_s_20260729_13,cfefdf6275a64229956ae9d9978353a1,0.061,,,
3461,2026-07-29,SH600027,-0.009672842682262636,EXP_CatBoostModel_Alpha158_csi300_custom_step0_s_20260729_13,cfefdf6275a64229956ae9d9978353a1,0.061,,,
3462,2026-07-29,SH600026,0.0054761717245423586,EXP_CatBoostModel_Alpha158_csi300_custom_step0_s_20260729_13,cfefdf6275a64229956ae9d9978353a1,0.061,,,
3463,2026-07-29,SH600025,0.01784758783857704,EXP_CatBoostModel_Alpha158_csi300_custom_step0_s_20260729_13,cfefdf6275a64229956ae9d9978353a1,0.061,,,
3464,2026-07-29,SH600023,-0.006882348947407654,EXP_CatBoostModel_Alpha158_csi300_custom_step0_s_20260729_13,cfefdf6275a64229956ae9d9978353a1,0.061,,,
3465,2026-07-29,SH600019,-0.01961831623237107,EXP_CatBoostModel_Alpha158_csi300_custom_step0_s_20260729_13,cfefdf6275a64229956ae9d9978353a1,0.061,,,
3466,2026-07-29,SH600018,0.024567159238579134,EXP_CatBoostModel_Alpha158_csi300_custom_step0_s_20260729_13,cfefdf6275a64229956ae9d9978353a1,0.061,,,
3467,2026-07-29,SH600016,0.022482050034479426,EXP_CatBoostModel_Alpha158_csi300_custom_step0_s_20260729_13,cfefdf6275a64229956ae9d9978353a1,0.061,,,
3468,2026-07-29,SH600015,0.04458298165061202,EXP_CatBoostModel_Alpha158_csi300_custom_step0_s_20260729_13,cfefdf6275a64229956ae9d9978353a1,0.061,,,
3469,2026-07-29,SH600011,-0.002180409965122646,EXP_CatBoostModel_Alpha158_csi300_custom_step0_s_20260729_13,cfefdf6275a64229956ae9d9978353a1,0.061,,,
3470,2026-07-29,SH600010,-0.002653554268311373,EXP_CatBoostModel_Alpha158_csi300_custom_step0_s_20260729_13,cfefdf6275a64229956ae9d9978353a1,0.061,,,
3471,2026-07-29,SH600009,0.012623019849211936,EXP_CatBoostModel_Alpha158_csi300_custom_step0_s_20260729_13,cfefdf6275a64229956ae9d9978353a1,0.061,,,
3472,2026-07-29,SH600000,0.025222570493242436,EXP_CatBoostModel_Alpha158_csi300_custom_step0_s_20260729_13,cfefdf6275a64229956ae9d9978353a1,0.061,,,
3473,2026-07-29,SZ302132,-0.0025487568949467535,EXP_CatBoostModel_Alpha158_csi300_custom_step0_s_20260729_13,694639f66d4f4f40816182a1c2411298,0.059,,,
3474,2026-07-29,SZ301308,0.18907650859646247,EXP_CatBoostModel_Alpha158_csi300_custom_step0_s_20260729_13,694639f66d4f4f40816182a1c2411298,0.059,,,
3475,2026-07-29,SZ301269,-0.06988058315482565,EXP_CatBoostModel_Alpha158_csi300_custom_step0_s_20260729_13,694639f66d4f4f40816182a1c2411298,0.059,,,
3476,2026-07-29,SZ301236,-0.10149998674455343,EXP_CatBoostModel_Alpha158_csi300_custom_step0_s_20260729_13,694639f66d4f4f40816182a1c2411298,0.059,,,
3477,2026-07-29,SH600029,0.018521305177608742,EXP_CatBoostModel_Alpha158_csi300_custom_step0_s_20260729_13,cfefdf6275a64229956ae9d9978353a1,0.061,,,
3478,2026-07-29,SZ301165,0.047982785028521054,EXP_CatBoostModel_Alpha158_csi300_custom_step0_s_20260729_13,694639f66d4f4f40816182a1c2411298,0.059,,,
3479,2026-07-29,SH600030,-0.006480324385305535,EXP_CatBoostModel_Alpha158_csi300_custom_step0_s_20260729_13,cfefdf6275a64229956ae9d9978353a1,0.061,,,
3480,2026-07-29,SH600036,0.029879924865459744,EXP_CatBoostModel_Alpha158_csi300_custom_step0_s_20260729_13,cfefdf6275a64229956ae9d9978353a1,0.061,,,
3481,2026-07-29,SH600196,-0.004068637514284667,EXP_CatBoostModel_Alpha158_csi300_custom_step0_s_20260729_13,cfefdf6275a64229956ae9d9978353a1,0.061,,,
3482,2026-07-29,SH600188,0.002479460015415907,EXP_CatBoostModel_Alpha158_csi300_custom_step0_s_20260729_13,cfefdf6275a64229956ae9d9978353a1,0.061,,,
3483,2026-07-29,SH600183,0.09495427094479901,EXP_CatBoostModel_Alpha158_csi300_custom_step0_s_20260729_13,cfefdf6275a64229956ae9d9978353a1,0.061,,,
3484,2026-07-29,SH600176,0.02311953108140594,EXP_CatBoostModel_Alpha158_csi300_custom_step0_s_20260729_13,cfefdf6275a64229956ae9d9978353a1,0.061,,,
3485,2026-07-29,SH600160,-0.037451609087765826,EXP_CatBoostModel_Alpha158_csi300_custom_step0_s_20260729_13,cfefdf6275a64229956ae9d9978353a1,0.061,,,
3486,2026-07-29,SH600150,-0.016020297609079928,EXP_CatBoostModel_Alpha158_csi300_custom_step0_s_20260729_13,cfefdf6275a64229956ae9d9978353a1,0.061,,,
3487,2026-07-29,SH600118,0.005037727232149232,EXP_CatBoostModel_Alpha158_csi300_custom_step0_s_20260729_13,cfefdf6275a64229956ae9d9978353a1,0.061,,,
3488,2026-07-29,SH600115,-0.014969888216870184,EXP_CatBoostModel_Alpha158_csi300_custom_step0_s_20260729_13,cfefdf6275a64229956ae9d9978353a1,0.061,,,
3489,2026-07-29,SH600111,-0.004518180696048764,EXP_CatBoostModel_Alpha158_csi300_custom_step0_s_20260729_13,cfefdf6275a64229956ae9d9978353a1,0.061,,,
3490,2026-07-29,SH600104,0.0020861016637813263,EXP_CatBoostModel_Alpha158_csi300_custom_step0_s_20260729_13,cfefdf6275a64229956ae9d9978353a1,0.061,,,
3491,2026-07-29,SH600089,-0.008272610889701802,EXP_CatBoostModel_Alpha158_csi300_custom_step0_s_20260729_13,cfefdf6275a64229956ae9d9978353a1,0.061,,,
3492,2026-07-29,SH600085,-0.007275745171758311,EXP_CatBoostModel_Alpha158_csi300_custom_step0_s_20260729_13,cfefdf6275a64229956ae9d9978353a1,0.061,,,
3493,2026-07-29,SH600066,-0.0064078726746210415,EXP_CatBoostModel_Alpha158_csi300_custom_step0_s_20260729_13,cfefdf6275a64229956ae9d9978353a1,0.061,,,
3494,2026-07-29,SH600061,0.043777380715271104,EXP_CatBoostModel_Alpha158_csi300_custom_step0_s_20260729_13,cfefdf6275a64229956ae9d9978353a1,0.061,,,
3495,2026-07-29,SH600050,0.012456740757370495,EXP_CatBoostModel_Alpha158_csi300_custom_step0_s_20260729_13,cfefdf6275a64229956ae9d9978353a1,0.061,,,
3496,2026-07-29,SH600048,-0.008825214189745353,EXP_CatBoostModel_Alpha158_csi300_custom_step0_s_20260729_13,cfefdf6275a64229956ae9d9978353a1,0.061,,,
3497,2026-07-29,SH600039,0.006421344007512217,EXP_CatBoostModel_Alpha158_csi300_custom_step0_s_20260729_13,cfefdf6275a64229956ae9d9978353a1,0.061,,,
3498,2026-07-29,SH600031,-0.07536665466741306,EXP_CatBoostModel_Alpha158_csi300_custom_step0_s_20260729_13,cfefdf6275a64229956ae9d9978353a1,0.061,,,
3499,2026-07-29,SZ002558,0.2773862745385911,EXP_CatBoostModel_Alpha158_csi300_custom_step0_s_20260729_13,694639f66d4f4f40816182a1c2411298,0.059,,,
3500,2026-07-29,SZ300999,0.01829366194344198,EXP_CatBoostModel_Alpha158_csi300_custom_step0_s_20260729_13,694639f66d4f4f40816182a1c2411298,0.059,,,
3501,2026-07-29,SZ300866,0.03341410594703836,EXP_CatBoostModel_Alpha158_csi300_custom_step0_s_20260729_13,694639f66d4f4f40816182a1c2411298,0.059,,,
3502,2026-07-29,SZ300122,-0.019931656793227056,EXP_CatBoostModel_Alpha158_csi300_custom_step0_s_20260729_13,694639f66d4f4f40816182a1c2411298,0.059,,,
3503,2026-07-29,SZ300059,-0.052160425234648485,EXP_CatBoostModel_Alpha158_csi300_custom_step0_s_20260729_13,694639f66d4f4f40816182a1c2411298,0.059,,,
3504,2026-07-29,SZ300033,-0.09801182505301759,EXP_CatBoostModel_Alpha158_csi300_custom_step0_s_20260729_13,694639f66d4f4f40816182a1c2411298,0.059,,,
3505,2026-07-29,SZ300015,-0.006701219301742999,EXP_CatBoostModel_Alpha158_csi300_custom_step0_s_20260729_13,694639f66d4f4f40816182a1c2411298,0.059,,,
3506,2026-07-29,SZ300014,0.00344421113593515,EXP_CatBoostModel_Alpha158_csi300_custom_step0_s_20260729_13,694639f66d4f4f40816182a1c2411298,0.059,,,
3507,2026-07-29,SZ003816,0.021232463275643754,EXP_CatBoostModel_Alpha158_csi300_custom_step0_s_20260729_13,694639f66d4f4f40816182a1c2411298,0.059,,,
3508,2026-07-29,SZ002938,0.03902890605544149,EXP_CatBoostModel_Alpha158_csi300_custom_step0_s_20260729_13,694639f66d4f4f40816182a1c2411298,0.059,,,
3509,2026-07-29,SZ002920,0.006619785646009117,EXP_CatBoostModel_Alpha158_csi300_custom_step0_s_20260729_13,694639f66d4f4f40816182a1c2411298,0.059,,,
3510,2026-07-29,SZ002916,0.051059443647927666,EXP_CatBoostModel_Alpha158_csi300_custom_step0_s_20260729_13,694639f66d4f4f40816182a1c2411298,0.059,,,
3511,2026-07-29,SZ002837,0.2159715796642261,EXP_CatBoostModel_Alpha158_csi300_custom_step0_s_20260729_13,694639f66d4f4f40816182a1c2411298,0.059,,,
3512,2026-07-29,SZ002736,0.04457090279718126,EXP_CatBoostModel_Alpha158_csi300_custom_step0_s_20260729_13,694639f66d4f4f40816182a1c2411298,0.059,,,
3513,2026-07-29,SZ002714,-0.023584228074579612,EXP_CatBoostModel_Alpha158_csi300_custom_step0_s_20260729_13,694639f66d4f4f40816182a1c2411298,0.059,,,
3514,2026-07-29,SZ002709,0.1695179546579187,EXP_CatBoostModel_Alpha158_csi300_custom_step0_s_20260729_13,694639f66d4f4f40816182a1c2411298,0.059,,,
3515,2026-07-29,SZ002648,-0.07829311045987362,EXP_CatBoostModel_Alpha158_csi300_custom_step0_s_20260729_13,694639f66d4f4f40816182a1c2411298,0.059,,,
3516,2026-07-29,SZ002625,-0.07257227160558405,EXP_CatBoostModel_Alpha158_csi300_custom_step0_s_20260729_13,694639f66d4f4f40816182a1c2411298,0.059,,,
3517,2026-07-29,SZ002602,0.0024278347872840195,EXP_CatBoostModel_Alpha158_csi300_custom_step0_s_20260729_13,694639f66d4f4f40816182a1c2411298,0.059,,,
3518,2026-07-29,SZ002600,0.033248398060758494,EXP_CatBoostModel_Alpha158_csi300_custom_step0_s_20260729_13,694639f66d4f4f40816182a1c2411298,0.059,,,
3519,2026-07-29,SZ300124,0.001054166396715846,EXP_CatBoostModel_Alpha158_csi300_custom_step0_s_20260729_13,694639f66d4f4f40816182a1c2411298,0.059,,,
3520,2026-07-29,SZ300896,0.09265921388907152,EXP_CatBoostModel_Alpha158_csi300_custom_step0_s_20260729_13,694639f66d4f4f40816182a1c2411298,0.059,,,
3521,2026-07-29,SZ300251,-0.05059213461940544,EXP_CatBoostModel_Alpha158_csi300_custom_step0_s_20260729_13,694639f66d4f4f40816182a1c2411298,0.059,,,
3522,2026-07-29,SZ300308,0.042614440604244117,EXP_CatBoostModel_Alpha158_csi300_custom_step0_s_20260729_13,694639f66d4f4f40816182a1c2411298,0.059,,,
3523,2026-07-29,SZ300832,0.031904684517010354,EXP_CatBoostModel_Alpha158_csi300_custom_step0_s_20260729_13,694639f66d4f4f40816182a1c2411298,0.059,,,
3524,2026-07-29,SZ300803,-0.062011333673498516,EXP_CatBoostModel_Alpha158_csi300_custom_step0_s_20260729_13,694639f66d4f4f40816182a1c2411298,0.059,,,
3525,2026-07-29,SZ300760,-0.010159723763448144,EXP_CatBoostModel_Alpha158_csi300_custom_step0_s_20260729_13,694639f66d4f4f40816182a1c2411298,0.059,,,
3526,2026-07-29,SZ300750,-0.04544333624993535,EXP_CatBoostModel_Alpha158_csi300_custom_step0_s_20260729_13,694639f66d4f4f40816182a1c2411298,0.059,,,
3527,2026-07-29,SZ300661,0.061873395650405394,EXP_CatBoostModel_Alpha158_csi300_custom_step0_s_20260729_13,694639f66d4f4f40816182a1c2411298,0.059,,,
3528,2026-07-29,SZ300628,-0.09089886759550352,EXP_CatBoostModel_Alpha158_csi300_custom_step0_s_20260729_13,694639f66d4f4f40816182a1c2411298,0.059,,,
3529,2026-07-29,SZ300502,0.059156177270678546,EXP_CatBoostModel_Alpha158_csi300_custom_step0_s_20260729_13,694639f66d4f4f40816182a1c2411298,0.059,,,
3530,2026-07-29,SZ300498,0.027890706604538896,EXP_CatBoostModel_Alpha158_csi300_custom_step0_s_20260729_13,694639f66d4f4f40816182a1c2411298,0.059,,,
3531,2026-07-29,SZ300476,0.20652448552932498,EXP_CatBoostModel_Alpha158_csi300_custom_step0_s_20260729_13,694639f66d4f4f40816182a1c2411298,0.059,,,
3532,2026-07-29,SZ300450,0.027456287105587018,EXP_CatBoostModel_Alpha158_csi300_custom_step0_s_20260729_13,694639f66d4f4f40816182a1c2411298,0.059,,,
3533,2026-07-29,SZ300442,0.04423786436564235,EXP_CatBoostModel_Alpha158_csi300_custom_step0_s_20260729_13,694639f66d4f4f40816182a1c2411298,0.059,,,
3534,2026-07-29,SZ300433,0.1788494212667379,EXP_CatBoostModel_Alpha158_csi300_custom_step0_s_20260729_13,694639f66d4f4f40816182a1c2411298,0.059,,,
3535,2026-07-29,SZ300418,-0.048034492204895814,EXP_CatBoostModel_Alpha158_csi300_custom_step0_s_20260729_13,694639f66d4f4f40816182a1c2411298,0.059,,,
3536,2026-07-29,SZ300413,0.006317382775842512,EXP_CatBoostModel_Alpha158_csi300_custom_step0_s_20260729_13,694639f66d4f4f40816182a1c2411298,0.059,,,
3537,2026-07-29,SZ300408,0.21074299298636717,EXP_CatBoostModel_Alpha158_csi300_custom_step0_s_20260729_13,694639f66d4f4f40816182a1c2411298,0.059,,,
3538,2026-07-29,SZ300394,0.1819785799424593,EXP_CatBoostModel_Alpha158_csi300_custom_step0_s_20260729_13,694639f66d4f4f40816182a1c2411298,0.059,,,
3539,2026-07-29,SZ300316,0.04839139947845203,EXP_CatBoostModel_Alpha158_csi300_custom_step0_s_20260729_13,694639f66d4f4f40816182a1c2411298,0.059,,,
3540,2026-07-29,SZ300274,0.14717734751262396,EXP_CatBoostModel_Alpha158_csi300_custom_step0_s_20260729_13,694639f66d4f4f40816182a1c2411298,0.059,,,
3541,2026-07-29,SH605499,0.0011551517870653652,EXP_CatBoostModel_Alpha158_csi300_custom_step0_s_20260729_13,694639f66d4f4f40816182a1c2411298,0.059,,,
3542,2026-07-29,SH605117,-0.007076614531610053,EXP_CatBoostModel_Alpha158_csi300_custom_step0_s_20260729_13,694639f66d4f4f40816182a1c2411298,0.059,,,
3543,2026-07-29,SH603993,-0.12147128226436853,EXP_CatBoostModel_Alpha158_csi300_custom_step0_s_20260729_13,694639f66d4f4f40816182a1c2411298,0.059,,,
3544,2026-07-29,SH600600,0.017304105752965603,EXP_CatBoostModel_Alpha158_csi300_custom_step0_s_20260729_13,694639f66d4f4f40816182a1c2411298,0.059,,,
3545,2026-07-29,SH600588,0.007246818590313288,EXP_CatBoostModel_Alpha158_csi300_custom_step0_s_20260729_13,694639f66d4f4f40816182a1c2411298,0.059,,,
3546,2026-07-29,SH600585,0.02483581930489706,EXP_CatBoostModel_Alpha158_csi300_custom_step0_s_20260729_13,694639f66d4f4f40816182a1c2411298,0.059,,,
3547,2026-07-29,SH600584,0.2054709583326178,EXP_CatBoostModel_Alpha158_csi300_custom_step0_s_20260729_13,694639f66d4f4f40816182a1c2411298,0.059,,,
3548,2026-07-29,SH600570,-0.028834404565754018,EXP_CatBoostModel_Alpha158_csi300_custom_step0_s_20260729_13,694639f66d4f4f40816182a1c2411298,0.059,,,
3549,2026-07-29,SH600549,0.14508733088674544,EXP_CatBoostModel_Alpha158_csi300_custom_step0_s_20260729_13,694639f66d4f4f40816182a1c2411298,0.059,,,
3550,2026-07-29,SH600547,-0.03841196953376867,EXP_CatBoostModel_Alpha158_csi300_custom_step0_s_20260729_13,694639f66d4f4f40816182a1c2411298,0.059,,,
3551,2026-07-29,SH600522,0.10858537061336516,EXP_CatBoostModel_Alpha158_csi300_custom_step0_s_20260729_13,694639f66d4f4f40816182a1c2411298,0.059,,,
3552,2026-07-29,SH600519,0.02410262405327142,EXP_CatBoostModel_Alpha158_csi300_custom_step0_s_20260729_13,694639f66d4f4f40816182a1c2411298,0.059,,,
3553,2026-07-29,SH600515,0.0445261954362801,EXP_CatBoostModel_Alpha158_csi300_custom_step0_s_20260729_13,694639f66d4f4f40816182a1c2411298,0.059,,,
3554,2026-07-29,SH600489,-0.039102344824113046,EXP_CatBoostModel_Alpha158_csi300_custom_step0_s_20260729_13,694639f66d4f4f40816182a1c2411298,0.059,,,
3555,2026-07-29,SH600482,-0.0346915895555595,EXP_CatBoostModel_Alpha158_csi300_custom_step0_s_20260729_13,694639f66d4f4f40816182a1c2411298,0.059,,,
3556,2026-07-29,SH600460,0.14267899115880095,EXP_CatBoostModel_Alpha158_csi300_custom_step0_s_20260729_13,694639f66d4f4f40816182a1c2411298,0.059,,,
3557,2026-07-29,SH600438,0.015612798495294745,EXP_CatBoostModel_Alpha158_csi300_custom_step0_s_20260729_13,694639f66d4f4f40816182a1c2411298,0.059,,,
3558,2026-07-29,SH600436,-0.012159866596443102,EXP_CatBoostModel_Alpha158_csi300_custom_step0_s_20260729_13,694639f66d4f4f40816182a1c2411298,0.059,,,
3559,2026-07-29,SH600426,-0.06570976478447342,EXP_CatBoostModel_Alpha158_csi300_custom_step0_s_20260729_13,694639f66d4f4f40816182a1c2411298,0.059,,,
3560,2026-07-29,SH600415,-0.0423080387813158,EXP_CatBoostModel_Alpha158_csi300_custom_step0_s_20260729_13,694639f66d4f4f40816182a1c2411298,0.059,,,
3561,2026-07-29,SH600660,-0.02412891801623076,EXP_CatBoostModel_Alpha158_csi300_custom_step0_s_20260729_13,694639f66d4f4f40816182a1c2411298,0.059,,,
3562,2026-07-29,SH600406,-0.021727180304377862,EXP_CatBoostModel_Alpha158_csi300_custom_step0_s_20260729_13,694639f66d4f4f40816182a1c2411298,0.059,,,
3563,2026-07-29,SH600674,0.04281190136789501,EXP_CatBoostModel_Alpha158_csi300_custom_step0_s_20260729_13,694639f66d4f4f40816182a1c2411298,0.059,,,
3564,2026-07-29,SH600741,0.03137154581611806,EXP_CatBoostModel_Alpha158_csi300_custom_step0_s_20260729_13,694639f66d4f4f40816182a1c2411298,0.059,,,
3565,2026-07-29,SH600941,0.03234175077692067,EXP_CatBoostModel_Alpha158_csi300_custom_step0_s_20260729_13,694639f66d4f4f40816182a1c2411298,0.059,,,
3566,2026-07-29,SH600938,0.03943248878622409,EXP_CatBoostModel_Alpha158_csi300_custom_step0_s_20260729_13,694639f66d4f4f40816182a1c2411298,0.059,,,
3567,2026-07-29,SH600930,0.029393937204560867,EXP_CatBoostModel_Alpha158_csi300_custom_step0_s_20260729_13,694639f66d4f4f40816182a1c2411298,0.059,,,
3568,2026-07-29,SH600926,0.04461226045489832,EXP_CatBoostModel_Alpha158_csi300_custom_step0_s_20260729_13,694639f66d4f4f40816182a1c2411298,0.059,,,
3569,2026-07-29,SH600919,0.0831006359051798,EXP_CatBoostModel_Alpha158_csi300_custom_step0_s_20260729_13,694639f66d4f4f40816182a1c2411298,0.059,,,
3570,2026-07-29,SH600918,-0.009081946434227823,EXP_CatBoostModel_Alpha158_csi300_custom_step0_s_20260729_13,694639f66d4f4f40816182a1c2411298,0.059,,,
3571,2026-07-29,SH600905,0.014662865835582685,EXP_CatBoostModel_Alpha158_csi300_custom_step0_s_20260729_13,694639f66d4f4f40816182a1c2411298,0.059,,,
3572,2026-07-29,SH600900,0.04624681296249453,EXP_CatBoostModel_Alpha158_csi300_custom_step0_s_20260729_13,694639f66d4f4f40816182a1c2411298,0.059,,,
3573,2026-07-29,SH600893,-0.008201588715863326,EXP_CatBoostModel_Alpha158_csi300_custom_step0_s_20260729_13,694639f66d4f4f40816182a1c2411298,0.059,,,
3574,2026-07-29,SH600887,0.05669338496344156,EXP_CatBoostModel_Alpha158_csi300_custom_step0_s_20260729_13,694639f66d4f4f40816182a1c2411298,0.059,,,
3575,2026-07-29,SH600886,0.03278754635072387,EXP_CatBoostModel_Alpha158_csi300_custom_step0_s_20260729_13,694639f66d4f4f40816182a1c2411298,0.059,,,
3576,2026-07-29,SH600875,-0.015455270464435938,EXP_CatBoostModel_Alpha158_csi300_custom_step0_s_20260729_13,694639f66d4f4f40816182a1c2411298,0.059,,,
3577,2026-07-29,SH600845,-0.01675273885774956,EXP_CatBoostModel_Alpha158_csi300_custom_step0_s_20260729_13,694639f66d4f4f40816182a1c2411298,0.059,,,
3578,2026-07-29,SH600809,-0.0611149663715523,EXP_CatBoostModel_Alpha158_csi300_custom_step0_s_20260729_13,694639f66d4f4f40816182a1c2411298,0.059,,,
3579,2026-07-29,SH600803,-0.08849612373236983,EXP_CatBoostModel_Alpha158_csi300_custom_step0_s_20260729_13,694639f66d4f4f40816182a1c2411298,0.059,,,
3580,2026-07-29,SH600795,0.045790978568412646,EXP_CatBoostModel_Alpha158_csi300_custom_step0_s_20260729_13,694639f66d4f4f40816182a1c2411298,0.059,,,
3581,2026-07-29,SH600760,-0.032579437279951155,EXP_CatBoostModel_Alpha158_csi300_custom_step0_s_20260729_13,694639f66d4f4f40816182a1c2411298,0.059,,,
3582,2026-07-29,SH600690,0.047611396236886164,EXP_CatBoostModel_Alpha158_csi300_custom_step0_s_20260729_13,694639f66d4f4f40816182a1c2411298,0.059,,,
3583,2026-07-29,SH600958,0.02628510427656668,EXP_CatBoostModel_Alpha158_csi300_custom_step0_s_20260729_13,694639f66d4f4f40816182a1c2411298,0.059,,,
3584,2026-07-29,SH600372,0.03395900270818241,EXP_CatBoostModel_Alpha158_csi300_custom_step0_s_20260729_13,694639f66d4f4f40816182a1c2411298,0.059,,,
3585,2026-07-29,SH600346,-0.02800967482737562,EXP_CatBoostModel_Alpha158_csi300_custom_step0_s_20260729_13,694639f66d4f4f40816182a1c2411298,0.059,,,
3586,2026-07-29,SH600039,0.028913927848606028,EXP_CatBoostModel_Alpha158_csi300_custom_step0_s_20260729_13,694639f66d4f4f40816182a1c2411298,0.059,,,
3587,2026-07-29,SH600036,0.0553694584472624,EXP_CatBoostModel_Alpha158_csi300_custom_step0_s_20260729_13,694639f66d4f4f40816182a1c2411298,0.059,,,
3588,2026-07-29,SH600031,-0.08751948519811614,EXP_CatBoostModel_Alpha158_csi300_custom_step0_s_20260729_13,694639f66d4f4f40816182a1c2411298,0.059,,,
3589,2026-07-29,SH600030,-0.04517809693957808,EXP_CatBoostModel_Alpha158_csi300_custom_step0_s_20260729_13,694639f66d4f4f40816182a1c2411298,0.059,,,
3590,2026-07-29,SH600029,0.010188748070202055,EXP_CatBoostModel_Alpha158_csi300_custom_step0_s_20260729_13,694639f66d4f4f40816182a1c2411298,0.059,,,
3591,2026-07-29,SH600028,0.02897488652251984,EXP_CatBoostModel_Alpha158_csi300_custom_step0_s_20260729_13,694639f66d4f4f40816182a1c2411298,0.059,,,
3592,2026-07-29,SH600027,-0.006346720004266299,EXP_CatBoostModel_Alpha158_csi300_custom_step0_s_20260729_13,694639f66d4f4f40816182a1c2411298,0.059,,,
3593,2026-07-29,SH600026,0.024823626180772954,EXP_CatBoostModel_Alpha158_csi300_custom_step0_s_20260729_13,694639f66d4f4f40816182a1c2411298,0.059,,,
3594,2026-07-29,SH600025,0.03342368961557966,EXP_CatBoostModel_Alpha158_csi300_custom_step0_s_20260729_13,694639f66d4f4f40816182a1c2411298,0.059,,,
3595,2026-07-29,SH600023,0.005266094386033732,EXP_CatBoostModel_Alpha158_csi300_custom_step0_s_20260729_13,694639f66d4f4f40816182a1c2411298,0.059,,,
3596,2026-07-29,SH600019,-0.01884672266570664,EXP_CatBoostModel_Alpha158_csi300_custom_step0_s_20260729_13,694639f66d4f4f40816182a1c2411298,0.059,,,
3597,2026-07-29,SH600018,0.05459905599571453,EXP_CatBoostModel_Alpha158_csi300_custom_step0_s_20260729_13,694639f66d4f4f40816182a1c2411298,0.059,,,
3598,2026-07-29,SH600016,0.05075882848278521,EXP_CatBoostModel_Alpha158_csi300_custom_step0_s_20260729_13,694639f66d4f4f40816182a1c2411298,0.059,,,
3599,2026-07-29,SH600015,0.11591777118778025,EXP_CatBoostModel_Alpha158_csi300_custom_step0_s_20260729_13,694639f66d4f4f40816182a1c2411298,0.059,,,
3600,2026-07-29,SH600011,-0.03911984368021712,EXP_CatBoostModel_Alpha158_csi300_custom_step0_s_20260729_13,694639f66d4f4f40816182a1c2411298,0.059,,,
3601,2026-07-29,SH600010,-0.0070165932171381475,EXP_CatBoostModel_Alpha158_csi300_custom_step0_s_20260729_13,694639f66d4f4f40816182a1c2411298,0.059,,,
3602,2026-07-29,SH600009,0.028357357004500313,EXP_CatBoostModel_Alpha158_csi300_custom_step0_s_20260729_13,694639f66d4f4f40816182a1c2411298,0.059,,,
3603,2026-07-29,SH600048,0.013542558687545442,EXP_CatBoostModel_Alpha158_csi300_custom_step0_s_20260729_13,694639f66d4f4f40816182a1c2411298,0.059,,,
3604,2026-07-29,SH600362,-0.06963940317971075,EXP_CatBoostModel_Alpha158_csi300_custom_step0_s_20260729_13,694639f66d4f4f40816182a1c2411298,0.059,,,
3605,2026-07-29,SH600050,0.025267972719304373,EXP_CatBoostModel_Alpha158_csi300_custom_step0_s_20260729_13,694639f66d4f4f40816182a1c2411298,0.059,,,
3606,2026-07-29,SH600066,-0.032104364954704014,EXP_CatBoostModel_Alpha158_csi300_custom_step0_s_20260729_13,694639f66d4f4f40816182a1c2411298,0.059,,,
3607,2026-07-29,SH600309,-0.029937191187732547,EXP_CatBoostModel_Alpha158_csi300_custom_step0_s_20260729_13,694639f66d4f4f40816182a1c2411298,0.059,,,
3608,2026-07-29,SH600276,-0.0663253407502127,EXP_CatBoostModel_Alpha158_csi300_custom_step0_s_20260729_13,694639f66d4f4f40816182a1c2411298,0.059,,,
3609,2026-07-29,SH600233,-0.022495348579311174,EXP_CatBoostModel_Alpha158_csi300_custom_step0_s_20260729_13,694639f66d4f4f40816182a1c2411298,0.059,,,
3610,2026-07-29,SH600221,-0.002911276920385562,EXP_CatBoostModel_Alpha158_csi300_custom_step0_s_20260729_13,694639f66d4f4f40816182a1c2411298,0.059,,,
3611,2026-07-29,SH600219,-0.02461812704978591,EXP_CatBoostModel_Alpha158_csi300_custom_step0_s_20260729_13,694639f66d4f4f40816182a1c2411298,0.059,,,
3612,2026-07-29,SH600196,-0.016835709447739666,EXP_CatBoostModel_Alpha158_csi300_custom_step0_s_20260729_13,694639f66d4f4f40816182a1c2411298,0.059,,,
3613,2026-07-29,SH600188,-0.026267697346153432,EXP_CatBoostModel_Alpha158_csi300_custom_step0_s_20260729_13,694639f66d4f4f40816182a1c2411298,0.059,,,
3614,2026-07-29,SH600183,0.200358574387361,EXP_CatBoostModel_Alpha158_csi300_custom_step0_s_20260729_13,694639f66d4f4f40816182a1c2411298,0.059,,,
3615,2026-07-29,SH600176,0.15058738419871925,EXP_CatBoostModel_Alpha158_csi300_custom_step0_s_20260729_13,694639f66d4f4f40816182a1c2411298,0.059,,,
3616,2026-07-29,SH600160,0.008390343713920782,EXP_CatBoostModel_Alpha158_csi300_custom_step0_s_20260729_13,694639f66d4f4f40816182a1c2411298,0.059,,,
3617,2026-07-29,SH600150,-0.01139910502937265,EXP_CatBoostModel_Alpha158_csi300_custom_step0_s_20260729_13,694639f66d4f4f40816182a1c2411298,0.059,,,
3618,2026-07-29,SH600118,0.07790261754727391,EXP_CatBoostModel_Alpha158_csi300_custom_step0_s_20260729_13,694639f66d4f4f40816182a1c2411298,0.059,,,
3619,2026-07-29,SH600115,-0.0267556095044475,EXP_CatBoostModel_Alpha158_csi300_custom_step0_s_20260729_13,694639f66d4f4f40816182a1c2411298,0.059,,,
3620,2026-07-29,SH600111,0.015953152215315066,EXP_CatBoostModel_Alpha158_csi300_custom_step0_s_20260729_13,694639f66d4f4f40816182a1c2411298,0.059,,,
3621,2026-07-29,SH600104,0.013617404818154325,EXP_CatBoostModel_Alpha158_csi300_custom_step0_s_20260729_13,694639f66d4f4f40816182a1c2411298,0.059,,,
3622,2026-07-29,SH600089,-0.029789687335754402,EXP_CatBoostModel_Alpha158_csi300_custom_step0_s_20260729_13,694639f66d4f4f40816182a1c2411298,0.059,,,
3623,2026-07-29,SH600085,-0.0026369583410064254,EXP_CatBoostModel_Alpha158_csi300_custom_step0_s_20260729_13,694639f66d4f4f40816182a1c2411298,0.059,,,
3624,2026-07-29,SH600061,0.03618679512185568,EXP_CatBoostModel_Alpha158_csi300_custom_step0_s_20260729_13,694639f66d4f4f40816182a1c2411298,0.059,,,
3625,2026-07-29,SH600989,-0.007366990134365502,EXP_CatBoostModel_Alpha158_csi300_custom_step0_s_20260729_13,694639f66d4f4f40816182a1c2411298,0.059,,,
3626,2026-07-29,SH600999,-0.04959811606300468,EXP_CatBoostModel_Alpha158_csi300_custom_step0_s_20260729_13,694639f66d4f4f40816182a1c2411298,0.059,,,
3627,2026-07-29,SH601006,0.031218079712351743,EXP_CatBoostModel_Alpha158_csi300_custom_step0_s_20260729_13,694639f66d4f4f40816182a1c2411298,0.059,,,
3628,2026-07-29,SH601888,0.0017087756097906367,EXP_CatBoostModel_Alpha158_csi300_custom_step0_s_20260729_13,694639f66d4f4f40816182a1c2411298,0.059,,,
3629,2026-07-29,SH601881,-0.0162368659497735,EXP_CatBoostModel_Alpha158_csi300_custom_step0_s_20260729_13,694639f66d4f4f40816182a1c2411298,0.059,,,
3630,2026-07-29,SH601878,0.02435092235904784,EXP_CatBoostModel_Alpha158_csi300_custom_step0_s_20260729_13,694639f66d4f4f40816182a1c2411298,0.059,,,
3631,2026-07-29,SH601877,-0.002661151677764657,EXP_CatBoostModel_Alpha158_csi300_custom_step0_s_20260729_13,694639f66d4f4f40816182a1c2411298,0.059,,,
3632,2026-07-29,SH601872,-0.0538559795706316,EXP_CatBoostModel_Alpha158_csi300_custom_step0_s_20260729_13,694639f66d4f4f40816182a1c2411298,0.059,,,
3633,2026-07-29,SH601868,-0.007314509097310057,EXP_CatBoostModel_Alpha158_csi300_custom_step0_s_20260729_13,694639f66d4f4f40816182a1c2411298,0.059,,,
3634,2026-07-29,SH601857,0.02157541022434113,EXP_CatBoostModel_Alpha158_csi300_custom_step0_s_20260729_13,694639f66d4f4f40816182a1c2411298,0.059,,,
3635,2026-07-29,SH601838,0.06629638794781813,EXP_CatBoostModel_Alpha158_csi300_custom_step0_s_20260729_13,694639f66d4f4f40816182a1c2411298,0.059,,,
3636,2026-07-29,SH601825,0.02891136071756904,EXP_CatBoostModel_Alpha158_csi300_custom_step0_s_20260729_13,694639f66d4f4f40816182a1c2411298,0.059,,,
3637,2026-07-29,SH601818,0.09028243182877406,EXP_CatBoostModel_Alpha158_csi300_custom_step0_s_20260729_13,694639f66d4f4f40816182a1c2411298,0.059,,,
3638,2026-07-29,SH601816,0.03000749080674361,EXP_CatBoostModel_Alpha158_csi300_custom_step0_s_20260729_13,694639f66d4f4f40816182a1c2411298,0.059,,,
3639,2026-07-29,SH601800,0.002706832458886967,EXP_CatBoostModel_Alpha158_csi300_custom_step0_s_20260729_13,694639f66d4f4f40816182a1c2411298,0.059,,,
3640,2026-07-29,SH601788,0.031214123670032384,EXP_CatBoostModel_Alpha158_csi300_custom_step0_s_20260729_13,694639f66d4f4f40816182a1c2411298,0.059,,,
3641,2026-07-29,SH601766,-0.008183564208671374,EXP_CatBoostModel_Alpha158_csi300_custom_step0_s_20260729_13,694639f66d4f4f40816182a1c2411298,0.059,,,
3642,2026-07-29,SH601728,0.06161799865132858,EXP_CatBoostModel_Alpha158_csi300_custom_step0_s_20260729_13,694639f66d4f4f40816182a1c2411298,0.059,,,
3643,2026-07-29,SH601727,-0.02393551018715684,EXP_CatBoostModel_Alpha158_csi300_custom_step0_s_20260729_13,694639f66d4f4f40816182a1c2411298,0.059,,,
3644,2026-07-29,SH601698,0.006727371636673833,EXP_CatBoostModel_Alpha158_csi300_custom_step0_s_20260729_13,694639f66d4f4f40816182a1c2411298,0.059,,,
3645,2026-07-29,SH601898,-0.010206739843320848,EXP_CatBoostModel_Alpha158_csi300_custom_step0_s_20260729_13,694639f66d4f4f40816182a1c2411298,0.059,,,
3646,2026-07-29,SH601689,0.04904780996059865,EXP_CatBoostModel_Alpha158_csi300_custom_step0_s_20260729_13,694639f66d4f4f40816182a1c2411298,0.059,,,
3647,2026-07-29,SH601899,-0.15479012923184335,EXP_CatBoostModel_Alpha158_csi300_custom_step0_s_20260729_13,694639f66d4f4f40816182a1c2411298,0.059,,,
3648,2026-07-29,SH601916,0.05969946783892884,EXP_CatBoostModel_Alpha158_csi300_custom_step0_s_20260729_13,694639f66d4f4f40816182a1c2411298,0.059,,,
3649,2026-07-29,SH603986,0.24165140380940647,EXP_CatBoostModel_Alpha158_csi300_custom_step0_s_20260729_13,694639f66d4f4f40816182a1c2411298,0.059,,,
3650,2026-07-29,SH603893,0.003650450544974353,EXP_CatBoostModel_Alpha158_csi300_custom_step0_s_20260729_13,694639f66d4f4f40816182a1c2411298,0.059,,,
3651,2026-07-29,SH603799,0.025786298791701516,EXP_CatBoostModel_Alpha158_csi300_custom_step0_s_20260729_13,694639f66d4f4f40816182a1c2411298,0.059,,,
3652,2026-07-29,SH603501,-0.011777481277502496,EXP_CatBoostModel_Alpha158_csi300_custom_step0_s_20260729_13,694639f66d4f4f40816182a1c2411298,0.059,,,
3653,2026-07-29,SH603392,0.08393581686077291,EXP_CatBoostModel_Alpha158_csi300_custom_step0_s_20260729_13,694639f66d4f4f40816182a1c2411298,0.059,,,
3654,2026-07-29,SH603369,-0.018291705479809302,EXP_CatBoostModel_Alpha158_csi300_custom_step0_s_20260729_13,694639f66d4f4f40816182a1c2411298,0.059,,,
3655,2026-07-29,SH603296,-0.13923663267696224,EXP_CatBoostModel_Alpha158_csi300_custom_step0_s_20260729_13,694639f66d4f4f40816182a1c2411298,0.059,,,
3656,2026-07-29,SH603288,0.039326739808722665,EXP_CatBoostModel_Alpha158_csi300_custom_step0_s_20260729_13,694639f66d4f4f40816182a1c2411298,0.059,,,
3657,2026-07-29,SH603260,0.05358115085356489,EXP_CatBoostModel_Alpha158_csi300_custom_step0_s_20260729_13,694639f66d4f4f40816182a1c2411298,0.059,,,
3658,2026-07-29,SH603259,-0.055256152935702095,EXP_CatBoostModel_Alpha158_csi300_custom_step0_s_20260729_13,694639f66d4f4f40816182a1c2411298,0.059,,,
3659,2026-07-29,SH603019,0.033080425660372136,EXP_CatBoostModel_Alpha158_csi300_custom_step0_s_20260729_13,694639f66d4f4f40816182a1c2411298,0.059,,,
3660,2026-07-29,SH601998,0.02427398767247439,EXP_CatBoostModel_Alpha158_csi300_custom_step0_s_20260729_13,694639f66d4f4f40816182a1c2411298,0.059,,,
3661,2026-07-29,SH601995,-0.035608515368640216,EXP_CatBoostModel_Alpha158_csi300_custom_step0_s_20260729_13,694639f66d4f4f40816182a1c2411298,0.059,,,
3662,2026-07-29,SH601988,0.08101626784785225,EXP_CatBoostModel_Alpha158_csi300_custom_step0_s_20260729_13,694639f66d4f4f40816182a1c2411298,0.059,,,
3663,2026-07-29,SH601985,0.06340325310759955,EXP_CatBoostModel_Alpha158_csi300_custom_step0_s_20260729_13,694639f66d4f4f40816182a1c2411298,0.059,,,
3664,2026-07-29,SH601939,0.0345440638960723,EXP_CatBoostModel_Alpha158_csi300_custom_step0_s_20260729_13,694639f66d4f4f40816182a1c2411298,0.059,,,
3665,2026-07-29,SH601919,-0.013465409045159143,EXP_CatBoostModel_Alpha158_csi300_custom_step0_s_20260729_13,694639f66d4f4f40816182a1c2411298,0.059,,,
3666,2026-07-29,SH601901,0.022634190762154505,EXP_CatBoostModel_Alpha158_csi300_custom_step0_s_20260729_13,694639f66d4f4f40816182a1c2411298,0.059,,,
3667,2026-07-29,SH601688,-0.020251986690864192,EXP_CatBoostModel_Alpha158_csi300_custom_step0_s_20260729_13,694639f66d4f4f40816182a1c2411298,0.059,,,
3668,2026-07-29,SH601669,0.013091126198879194,EXP_CatBoostModel_Alpha158_csi300_custom_step0_s_20260729_13,694639f66d4f4f40816182a1c2411298,0.059,,,
3669,2026-07-29,SH601668,0.029432391537099083,EXP_CatBoostModel_Alpha158_csi300_custom_step0_s_20260729_13,694639f66d4f4f40816182a1c2411298,0.059,,,
3670,2026-07-29,SH601169,0.07116161668416156,EXP_CatBoostModel_Alpha158_csi300_custom_step0_s_20260729_13,694639f66d4f4f40816182a1c2411298,0.059,,,
3671,2026-07-29,SH601166,0.05091619477772387,EXP_CatBoostModel_Alpha158_csi300_custom_step0_s_20260729_13,694639f66d4f4f40816182a1c2411298,0.059,,,
3672,2026-07-29,SH601138,-0.027788477058634797,EXP_CatBoostModel_Alpha158_csi300_custom_step0_s_20260729_13,694639f66d4f4f40816182a1c2411298,0.059,,,
3673,2026-07-29,SH601136,0.005785083669681507,EXP_CatBoostModel_Alpha158_csi300_custom_step0_s_20260729_13,694639f66d4f4f40816182a1c2411298,0.059,,,
3674,2026-07-29,SH601127,-0.0026275451444113243,EXP_CatBoostModel_Alpha158_csi300_custom_step0_s_20260729_13,694639f66d4f4f40816182a1c2411298,0.059,,,
3675,2026-07-29,SH601117,0.011616690062830597,EXP_CatBoostModel_Alpha158_csi300_custom_step0_s_20260729_13,694639f66d4f4f40816182a1c2411298,0.059,,,
3676,2026-07-29,SH601111,0.023254052061467793,EXP_CatBoostModel_Alpha158_csi300_custom_step0_s_20260729_13,694639f66d4f4f40816182a1c2411298,0.059,,,
3677,2026-07-29,SH601100,-0.06400723272583445,EXP_CatBoostModel_Alpha158_csi300_custom_step0_s_20260729_13,694639f66d4f4f40816182a1c2411298,0.059,,,
3678,2026-07-29,SH601088,0.015683328200301813,EXP_CatBoostModel_Alpha158_csi300_custom_step0_s_20260729_13,694639f66d4f4f40816182a1c2411298,0.059,,,
3679,2026-07-29,SH601077,-0.0013811954494789992,EXP_CatBoostModel_Alpha158_csi300_custom_step0_s_20260729_13,694639f66d4f4f40816182a1c2411298,0.059,,,
3680,2026-07-29,SH601066,-0.04124624795538298,EXP_CatBoostModel_Alpha158_csi300_custom_step0_s_20260729_13,694639f66d4f4f40816182a1c2411298,0.059,,,
3681,2026-07-29,SH601059,0.008106367858479579,EXP_CatBoostModel_Alpha158_csi300_custom_step0_s_20260729_13,694639f66d4f4f40816182a1c2411298,0.059,,,
3682,2026-07-29,SH601058,0.038091025977173364,EXP_CatBoostModel_Alpha158_csi300_custom_step0_s_20260729_13,694639f66d4f4f40816182a1c2411298,0.059,,,
3683,2026-07-29,SH601021,0.039422889416665746,EXP_CatBoostModel_Alpha158_csi300_custom_step0_s_20260729_13,694639f66d4f4f40816182a1c2411298,0.059,,,
3684,2026-07-29,SH601018,0.05576522701255065,EXP_CatBoostModel_Alpha158_csi300_custom_step0_s_20260729_13,694639f66d4f4f40816182a1c2411298,0.059,,,
3685,2026-07-29,SH601012,-0.02489749410953066,EXP_CatBoostModel_Alpha158_csi300_custom_step0_s_20260729_13,694639f66d4f4f40816182a1c2411298,0.059,,,
3686,2026-07-29,SH601009,0.051321886329158156,EXP_CatBoostModel_Alpha158_csi300_custom_step0_s_20260729_13,694639f66d4f4f40816182a1c2411298,0.059,,,
3687,2026-07-29,SH601186,0.04774508918980636,EXP_CatBoostModel_Alpha158_csi300_custom_step0_s_20260729_13,694639f66d4f4f40816182a1c2411298,0.059,,,
3688,2026-07-29,SH601211,-0.05251399399278552,EXP_CatBoostModel_Alpha158_csi300_custom_step0_s_20260729_13,694639f66d4f4f40816182a1c2411298,0.059,,,
3689,2026-07-29,SH601225,0.0172549836195242,EXP_CatBoostModel_Alpha158_csi300_custom_step0_s_20260729_13,694639f66d4f4f40816182a1c2411298,0.059,,,
3690,2026-07-29,SH601229,0.11041892583853613,EXP_CatBoostModel_Alpha158_csi300_custom_step0_s_20260729_13,694639f66d4f4f40816182a1c2411298,0.059,,,
3691,2026-07-29,SH601658,0.07771788777786265,EXP_CatBoostModel_Alpha158_csi300_custom_step0_s_20260729_13,694639f66d4f4f40816182a1c2411298,0.059,,,
3692,2026-07-29,SH601633,-0.019823364423357227,EXP_CatBoostModel_Alpha158_csi300_custom_step0_s_20260729_13,694639f66d4f4f40816182a1c2411298,0.059,,,
3693,2026-07-29,SH601628,0.0444363111759873,EXP_CatBoostModel_Alpha158_csi300_custom_step0_s_20260729_13,694639f66d4f4f40816182a1c2411298,0.059,,,
3694,2026-07-29,SH601618,0.007659138815657971,EXP_CatBoostModel_Alpha158_csi300_custom_step0_s_20260729_13,694639f66d4f4f40816182a1c2411298,0.059,,,
3695,2026-07-29,SH601607,0.024522077417259154,EXP_CatBoostModel_Alpha158_csi300_custom_step0_s_20260729_13,694639f66d4f4f40816182a1c2411298,0.059,,,
3696,2026-07-29,SH601601,-0.01563722831801397,EXP_CatBoostModel_Alpha158_csi300_custom_step0_s_20260729_13,694639f66d4f4f40816182a1c2411298,0.059,,,
3697,2026-07-29,SH601600,-0.01687113407236009,EXP_CatBoostModel_Alpha158_csi300_custom_step0_s_20260729_13,694639f66d4f4f40816182a1c2411298,0.059,,,
3698,2026-07-29,SH601456,0.027869623548822137,EXP_CatBoostModel_Alpha158_csi300_custom_step0_s_20260729_13,694639f66d4f4f40816182a1c2411298,0.059,,,
3699,2026-07-29,SH600219,-0.02683893517682439,EXP_CatBoostModel_Alpha158_csi300_custom_step0_s_20260729_13,cfefdf6275a64229956ae9d9978353a1,0.061,,,
3700,2026-07-29,SH601398,0.029396613946864974,EXP_CatBoostModel_Alpha158_csi300_custom_step0_s_20260729_13,694639f66d4f4f40816182a1c2411298,0.059,,,
3701,2026-07-29,SH601377,0.02654700740514209,EXP_CatBoostModel_Alpha158_csi300_custom_step0_s_20260729_13,694639f66d4f4f40816182a1c2411298,0.059,,,
3702,2026-07-29,SH601360,-0.039572176703006424,EXP_CatBoostModel_Alpha158_csi300_custom_step0_s_20260729_13,694639f66d4f4f40816182a1c2411298,0.059,,,
3703,2026-07-29,SH601336,-0.007108582338915376,EXP_CatBoostModel_Alpha158_csi300_custom_step0_s_20260729_13,694639f66d4f4f40816182a1c2411298,0.059,,,
3704,2026-07-29,SH601328,0.058922776497204385,EXP_CatBoostModel_Alpha158_csi300_custom_step0_s_20260729_13,694639f66d4f4f40816182a1c2411298,0.059,,,
3705,2026-07-29,SH601319,0.024305985314523566,EXP_CatBoostModel_Alpha158_csi300_custom_step0_s_20260729_13,694639f66d4f4f40816182a1c2411298,0.059,,,
3706,2026-07-29,SH601318,0.0032428796221669436,EXP_CatBoostModel_Alpha158_csi300_custom_step0_s_20260729_13,694639f66d4f4f40816182a1c2411298,0.059,,,
3707,2026-07-29,SH601288,0.036642588937108186,EXP_CatBoostModel_Alpha158_csi300_custom_step0_s_20260729_13,694639f66d4f4f40816182a1c2411298,0.059,,,
3708,2026-07-29,SH601238,-0.01233780369989051,EXP_CatBoostModel_Alpha158_csi300_custom_step0_s_20260729_13,694639f66d4f4f40816182a1c2411298,0.059,,,
3709,2026-07-29,SH601390,0.03022443908396856,EXP_CatBoostModel_Alpha158_csi300_custom_step0_s_20260729_13,694639f66d4f4f40816182a1c2411298,0.059,,,
3710,2026-07-29,SH600221,0.00814878865069089,EXP_CatBoostModel_Alpha158_csi300_custom_step0_s_20260729_13,cfefdf6275a64229956ae9d9978353a1,0.061,,,
3711,2026-07-29,SH600233,-0.005866863811227004,EXP_CatBoostModel_Alpha158_csi300_custom_step0_s_20260729_13,cfefdf6275a64229956ae9d9978353a1,0.061,,,
3712,2026-07-29,SH600276,-0.044004804015736254,EXP_CatBoostModel_Alpha158_csi300_custom_step0_s_20260729_13,cfefdf6275a64229956ae9d9978353a1,0.061,,,
3713,2026-07-29,SZ003816,-0.011339512238375848,EXP_CatBoostModel_Alpha158_csi300_custom_step0_s_20260729_13,cfefdf6275a64229956ae9d9978353a1,0.061,,,
3714,2026-07-29,SZ002938,-0.006681249484477977,EXP_CatBoostModel_Alpha158_csi300_custom_step0_s_20260729_13,cfefdf6275a64229956ae9d9978353a1,0.061,,,
3715,2026-07-29,SZ002920,-0.0032687809179981183,EXP_CatBoostModel_Alpha158_csi300_custom_step0_s_20260729_13,cfefdf6275a64229956ae9d9978353a1,0.061,,,
3716,2026-07-29,SZ002916,0.031241670733641355,EXP_CatBoostModel_Alpha158_csi300_custom_step0_s_20260729_13,cfefdf6275a64229956ae9d9978353a1,0.061,,,
3717,2026-07-29,SZ002837,0.049802704903908694,EXP_CatBoostModel_Alpha158_csi300_custom_step0_s_20260729_13,cfefdf6275a64229956ae9d9978353a1,0.061,,,
3718,2026-07-29,SZ002736,0.0414062600759691,EXP_CatBoostModel_Alpha158_csi300_custom_step0_s_20260729_13,cfefdf6275a64229956ae9d9978353a1,0.061,,,
3719,2026-07-29,SZ002714,-0.003524610986298495,EXP_CatBoostModel_Alpha158_csi300_custom_step0_s_20260729_13,cfefdf6275a64229956ae9d9978353a1,0.061,,,
3720,2026-07-29,SZ002709,0.03558381854998933,EXP_CatBoostModel_Alpha158_csi300_custom_step0_s_20260729_13,cfefdf6275a64229956ae9d9978353a1,0.061,,,
3721,2026-07-29,SZ002648,-0.03934224854992671,EXP_CatBoostModel_Alpha158_csi300_custom_step0_s_20260729_13,cfefdf6275a64229956ae9d9978353a1,0.061,,,
3722,2026-07-29,SZ002625,-0.06730354593682007,EXP_CatBoostModel_Alpha158_csi300_custom_step0_s_20260729_13,cfefdf6275a64229956ae9d9978353a1,0.061,,,
3723,2026-07-29,SZ002602,-0.020646415939398262,EXP_CatBoostModel_Alpha158_csi300_custom_step0_s_20260729_13,cfefdf6275a64229956ae9d9978353a1,0.061,,,
3724,2026-07-29,SZ002600,-0.00379064903004569,EXP_CatBoostModel_Alpha158_csi300_custom_step0_s_20260729_13,cfefdf6275a64229956ae9d9978353a1,0.061,,,
3725,2026-07-29,SZ002594,-0.00641416195472749,EXP_CatBoostModel_Alpha158_csi300_custom_step0_s_20260729_13,cfefdf6275a64229956ae9d9978353a1,0.061,,,
3726,2026-07-29,SZ002558,0.29342150338502626,EXP_CatBoostModel_Alpha158_csi300_custom_step0_s_20260729_13,cfefdf6275a64229956ae9d9978353a1,0.061,,,
3727,2026-07-29,SZ002532,-0.014166992028841356,EXP_CatBoostModel_Alpha158_csi300_custom_step0_s_20260729_13,cfefdf6275a64229956ae9d9978353a1,0.061,,,
3728,2026-07-29,SZ002493,-0.044609816730161234,EXP_CatBoostModel_Alpha158_csi300_custom_step0_s_20260729_13,cfefdf6275a64229956ae9d9978353a1,0.061,,,
3729,2026-07-29,SZ002475,-0.0427818221183359,EXP_CatBoostModel_Alpha158_csi300_custom_step0_s_20260729_13,cfefdf6275a64229956ae9d9978353a1,0.061,,,
3730,2026-07-29,SZ300014,0.010404173901482433,EXP_CatBoostModel_Alpha158_csi300_custom_step0_s_20260729_13,cfefdf6275a64229956ae9d9978353a1,0.061,,,
3731,2026-07-29,SZ002466,0.022432630214779103,EXP_CatBoostModel_Alpha158_csi300_custom_step0_s_20260729_13,cfefdf6275a64229956ae9d9978353a1,0.061,,,
3732,2026-07-29,SZ300015,-0.008144732637456345,EXP_CatBoostModel_Alpha158_csi300_custom_step0_s_20260729_13,cfefdf6275a64229956ae9d9978353a1,0.061,,,
3733,2026-07-29,SZ300059,-0.02057334928034049,EXP_CatBoostModel_Alpha158_csi300_custom_step0_s_20260729_13,cfefdf6275a64229956ae9d9978353a1,0.061,,,
3734,2026-07-29,SZ300628,-0.06678231563904745,EXP_CatBoostModel_Alpha158_csi300_custom_step0_s_20260729_13,cfefdf6275a64229956ae9d9978353a1,0.061,,,
3735,2026-07-29,SZ300502,0.08230185961928099,EXP_CatBoostModel_Alpha158_csi300_custom_step0_s_20260729_13,cfefdf6275a64229956ae9d9978353a1,0.061,,,
3736,2026-07-29,SZ300498,0.015766010217410163,EXP_CatBoostModel_Alpha158_csi300_custom_step0_s_20260729_13,cfefdf6275a64229956ae9d9978353a1,0.061,,,
3737,2026-07-29,SZ300476,0.0873610401302739,EXP_CatBoostModel_Alpha158_csi300_custom_step0_s_20260729_13,cfefdf6275a64229956ae9d9978353a1,0.061,,,
3738,2026-07-29,SZ300450,2.1382058640197427e-05,EXP_CatBoostModel_Alpha158_csi300_custom_step0_s_20260729_13,cfefdf6275a64229956ae9d9978353a1,0.061,,,
3739,2026-07-29,SZ300442,-0.011342874222417408,EXP_CatBoostModel_Alpha158_csi300_custom_step0_s_20260729_13,cfefdf6275a64229956ae9d9978353a1,0.061,,,
3740,2026-07-29,SZ300433,0.008843472389978438,EXP_CatBoostModel_Alpha158_csi300_custom_step0_s_20260729_13,cfefdf6275a64229956ae9d9978353a1,0.061,,,
3741,2026-07-29,SZ300418,-0.019315653885909282,EXP_CatBoostModel_Alpha158_csi300_custom_step0_s_20260729_13,cfefdf6275a64229956ae9d9978353a1,0.061,,,
3742,2026-07-29,SZ300413,-0.007035339185106461,EXP_CatBoostModel_Alpha158_csi300_custom_step0_s_20260729_13,cfefdf6275a64229956ae9d9978353a1,0.061,,,
3743,2026-07-29,SZ300408,0.11700149476328074,EXP_CatBoostModel_Alpha158_csi300_custom_step0_s_20260729_13,cfefdf6275a64229956ae9d9978353a1,0.061,,,
3744,2026-07-29,SZ300394,0.06971979437212679,EXP_CatBoostModel_Alpha158_csi300_custom_step0_s_20260729_13,cfefdf6275a64229956ae9d9978353a1,0.061,,,
3745,2026-07-29,SZ300316,0.03391150480648041,EXP_CatBoostModel_Alpha158_csi300_custom_step0_s_20260729_13,cfefdf6275a64229956ae9d9978353a1,0.061,,,
3746,2026-07-29,SZ300308,0.029415310455677246,EXP_CatBoostModel_Alpha158_csi300_custom_step0_s_20260729_13,cfefdf6275a64229956ae9d9978353a1,0.061,,,
3747,2026-07-29,SZ300274,0.054733906851325384,EXP_CatBoostModel_Alpha158_csi300_custom_step0_s_20260729_13,cfefdf6275a64229956ae9d9978353a1,0.061,,,
3748,2026-07-29,SZ300251,-0.010308624817565032,EXP_CatBoostModel_Alpha158_csi300_custom_step0_s_20260729_13,cfefdf6275a64229956ae9d9978353a1,0.061,,,
3749,2026-07-29,SZ300124,-0.008919036912737667,EXP_CatBoostModel_Alpha158_csi300_custom_step0_s_20260729_13,cfefdf6275a64229956ae9d9978353a1,0.061,,,
3750,2026-07-29,SZ300122,0.0012778974470897962,EXP_CatBoostModel_Alpha158_csi300_custom_step0_s_20260729_13,cfefdf6275a64229956ae9d9978353a1,0.061,,,
3751,2026-07-29,SZ300033,-0.056555507372786994,EXP_CatBoostModel_Alpha158_csi300_custom_step0_s_20260729_13,cfefdf6275a64229956ae9d9978353a1,0.061,,,
3752,2026-07-29,SZ300661,0.014089392485684596,EXP_CatBoostModel_Alpha158_csi300_custom_step0_s_20260729_13,cfefdf6275a64229956ae9d9978353a1,0.061,,,
3753,2026-07-29,SZ002463,0.0395627259307408,EXP_CatBoostModel_Alpha158_csi300_custom_step0_s_20260729_13,cfefdf6275a64229956ae9d9978353a1,0.061,,,
3754,2026-07-29,SZ002422,0.037468083568353606,EXP_CatBoostModel_Alpha158_csi300_custom_step0_s_20260729_13,cfefdf6275a64229956ae9d9978353a1,0.061,,,
3755,2026-07-29,SZ001391,0.008418660546857528,EXP_CatBoostModel_Alpha158_csi300_custom_step0_s_20260729_13,cfefdf6275a64229956ae9d9978353a1,0.061,,,
3756,2026-07-29,SZ001280,-0.005457097163977584,EXP_CatBoostModel_Alpha158_csi300_custom_step0_s_20260729_13,cfefdf6275a64229956ae9d9978353a1,0.061,,,
3757,2026-07-29,SZ000999,0.008179918112074417,EXP_CatBoostModel_Alpha158_csi300_custom_step0_s_20260729_13,cfefdf6275a64229956ae9d9978353a1,0.061,,,
3758,2026-07-29,SZ000988,0.045911027008240755,EXP_CatBoostModel_Alpha158_csi300_custom_step0_s_20260729_13,cfefdf6275a64229956ae9d9978353a1,0.061,,,
3759,2026-07-29,SZ000977,0.03185960479619393,EXP_CatBoostModel_Alpha158_csi300_custom_step0_s_20260729_13,cfefdf6275a64229956ae9d9978353a1,0.061,,,
3760,2026-07-29,SZ000975,-0.03405179094459571,EXP_CatBoostModel_Alpha158_csi300_custom_step0_s_20260729_13,cfefdf6275a64229956ae9d9978353a1,0.061,,,
3761,2026-07-29,SZ000963,-0.0041819343891049,EXP_CatBoostModel_Alpha158_csi300_custom_step0_s_20260729_13,cfefdf6275a64229956ae9d9978353a1,0.061,,,
3762,2026-07-29,SZ000938,-0.16689974348958175,EXP_CatBoostModel_Alpha158_csi300_custom_step0_s_20260729_13,cfefdf6275a64229956ae9d9978353a1,0.061,,,
3763,2026-07-29,SZ000895,-0.0006334719133985855,EXP_CatBoostModel_Alpha158_csi300_custom_step0_s_20260729_13,cfefdf6275a64229956ae9d9978353a1,0.061,,,
3764,2026-07-29,SZ000858,0.009714340304752902,EXP_CatBoostModel_Alpha158_csi300_custom_step0_s_20260729_13,cfefdf6275a64229956ae9d9978353a1,0.061,,,
3765,2026-07-29,SZ000807,-0.0009752403072412773,EXP_CatBoostModel_Alpha158_csi300_custom_step0_s_20260729_13,cfefdf6275a64229956ae9d9978353a1,0.061,,,
3766,2026-07-29,SZ000792,-0.03410359999971767,EXP_CatBoostModel_Alpha158_csi300_custom_step0_s_20260729_13,cfefdf6275a64229956ae9d9978353a1,0.061,,,
3767,2026-07-29,SZ000776,-0.05589429375566744,EXP_CatBoostModel_Alpha158_csi300_custom_step0_s_20260729_13,cfefdf6275a64229956ae9d9978353a1,0.061,,,
3768,2026-07-29,SZ000768,0.0049617991242528175,EXP_CatBoostModel_Alpha158_csi300_custom_step0_s_20260729_13,cfefdf6275a64229956ae9d9978353a1,0.061,,,
3769,2026-07-29,SZ000725,-0.04013252425275284,EXP_CatBoostModel_Alpha158_csi300_custom_step0_s_20260729_13,cfefdf6275a64229956ae9d9978353a1,0.061,,,
3770,2026-07-29,SZ000708,-0.015290852121504793,EXP_CatBoostModel_Alpha158_csi300_custom_step0_s_20260729_13,cfefdf6275a64229956ae9d9978353a1,0.061,,,
3771,2026-07-29,SZ000657,0.024134855831122976,EXP_CatBoostModel_Alpha158_csi300_custom_step0_s_20260729_13,cfefdf6275a64229956ae9d9978353a1,0.061,,,
3772,2026-07-29,SZ001965,0.012125872887990252,EXP_CatBoostModel_Alpha158_csi300_custom_step0_s_20260729_13,cfefdf6275a64229956ae9d9978353a1,0.061,,,
3773,2026-07-29,SZ002460,-0.002585215132252357,EXP_CatBoostModel_Alpha158_csi300_custom_step0_s_20260729_13,cfefdf6275a64229956ae9d9978353a1,0.061,,,
3774,2026-07-29,SZ001979,-0.0028411102613881576,EXP_CatBoostModel_Alpha158_csi300_custom_step0_s_20260729_13,cfefdf6275a64229956ae9d9978353a1,0.061,,,
3775,2026-07-29,SZ002027,-0.011657951449707559,EXP_CatBoostModel_Alpha158_csi300_custom_step0_s_20260729_13,cfefdf6275a64229956ae9d9978353a1,0.061,,,
3776,2026-07-29,SZ002415,-0.040902177504234465,EXP_CatBoostModel_Alpha158_csi300_custom_step0_s_20260729_13,cfefdf6275a64229956ae9d9978353a1,0.061,,,
3777,2026-07-29,SZ002384,0.0977660488306303,EXP_CatBoostModel_Alpha158_csi300_custom_step0_s_20260729_13,cfefdf6275a64229956ae9d9978353a1,0.061,,,
3778,2026-07-29,SZ002371,-0.0467913741583844,EXP_CatBoostModel_Alpha158_csi300_custom_step0_s_20260729_13,cfefdf6275a64229956ae9d9978353a1,0.061,,,
3779,2026-07-29,SZ002353,-0.043292152346582444,EXP_CatBoostModel_Alpha158_csi300_custom_step0_s_20260729_13,cfefdf6275a64229956ae9d9978353a1,0.061,,,
3780,2026-07-29,SZ002352,0.005838628671183517,EXP_CatBoostModel_Alpha158_csi300_custom_step0_s_20260729_13,cfefdf6275a64229956ae9d9978353a1,0.061,,,
3781,2026-07-29,SZ002311,0.008314643165750205,EXP_CatBoostModel_Alpha158_csi300_custom_step0_s_20260729_13,cfefdf6275a64229956ae9d9978353a1,0.061,,,
3782,2026-07-29,SZ002304,0.0061029647109517166,EXP_CatBoostModel_Alpha158_csi300_custom_step0_s_20260729_13,cfefdf6275a64229956ae9d9978353a1,0.061,,,
3783,2026-07-29,SZ002241,-0.006978113247904864,EXP_CatBoostModel_Alpha158_csi300_custom_step0_s_20260729_13,cfefdf6275a64229956ae9d9978353a1,0.061,,,
3784,2026-07-29,SZ002236,-0.009072194546864996,EXP_CatBoostModel_Alpha158_csi300_custom_step0_s_20260729_13,cfefdf6275a64229956ae9d9978353a1,0.061,,,
3785,2026-07-29,SZ002230,-0.027344204130500854,EXP_CatBoostModel_Alpha158_csi300_custom_step0_s_20260729_13,cfefdf6275a64229956ae9d9978353a1,0.061,,,
3786,2026-07-29,SZ002202,-0.019522580483974965,EXP_CatBoostModel_Alpha158_csi300_custom_step0_s_20260729_13,cfefdf6275a64229956ae9d9978353a1,0.061,,,
3787,2026-07-29,SZ002179,-0.02563975458420828,EXP_CatBoostModel_Alpha158_csi300_custom_step0_s_20260729_13,cfefdf6275a64229956ae9d9978353a1,0.061,,,
3788,2026-07-29,SZ002142,0.015137528535822212,EXP_CatBoostModel_Alpha158_csi300_custom_step0_s_20260729_13,cfefdf6275a64229956ae9d9978353a1,0.061,,,
3789,2026-07-29,SZ002074,-0.05233740264902448,EXP_CatBoostModel_Alpha158_csi300_custom_step0_s_20260729_13,cfefdf6275a64229956ae9d9978353a1,0.061,,,
3790,2026-07-29,SZ002050,-0.02545108376970965,EXP_CatBoostModel_Alpha158_csi300_custom_step0_s_20260729_13,cfefdf6275a64229956ae9d9978353a1,0.061,,,
3791,2026-07-29,SZ002049,-0.041609055229674625,EXP_CatBoostModel_Alpha158_csi300_custom_step0_s_20260729_13,cfefdf6275a64229956ae9d9978353a1,0.061,,,
3792,2026-07-29,SZ002028,-0.05200226792648672,EXP_CatBoostModel_Alpha158_csi300_custom_step0_s_20260729_13,cfefdf6275a64229956ae9d9978353a1,0.061,,,
3793,2026-07-29,SZ002001,-0.050091979047008996,EXP_CatBoostModel_Alpha158_csi300_custom_step0_s_20260729_13,cfefdf6275a64229956ae9d9978353a1,0.061,,,
3794,2026-07-29,SZ300750,-0.04575123695998315,EXP_CatBoostModel_Alpha158_csi300_custom_step0_s_20260729_13,cfefdf6275a64229956ae9d9978353a1,0.061,,,
3795,2026-07-29,SZ300760,-0.010042979785452771,EXP_CatBoostModel_Alpha158_csi300_custom_step0_s_20260729_13,cfefdf6275a64229956ae9d9978353a1,0.061,,,
3796,2026-07-29,SZ300803,-0.023096493923022564,EXP_CatBoostModel_Alpha158_csi300_custom_step0_s_20260729_13,cfefdf6275a64229956ae9d9978353a1,0.061,,,
3797,2026-07-29,SH600515,0.010288951412899244,EXP_CatBoostModel_Alpha158_csi300_custom_step0_s_20260729_13,38c4b6d2098f46bdbb2b83d633f92884,0.069,,,
3798,2026-07-29,SH600489,-0.07263706979041962,EXP_CatBoostModel_Alpha158_csi300_custom_step0_s_20260729_13,38c4b6d2098f46bdbb2b83d633f92884,0.069,,,
3799,2026-07-29,SH600482,-0.05405096045336783,EXP_CatBoostModel_Alpha158_csi300_custom_step0_s_20260729_13,38c4b6d2098f46bdbb2b83d633f92884,0.069,,,
3800,2026-07-29,SH600460,0.07971352359296074,EXP_CatBoostModel_Alpha158_csi300_custom_step0_s_20260729_13,38c4b6d2098f46bdbb2b83d633f92884,0.069,,,
3801,2026-07-29,SH600438,-0.008542531795638367,EXP_CatBoostModel_Alpha158_csi300_custom_step0_s_20260729_13,38c4b6d2098f46bdbb2b83d633f92884,0.069,,,
3802,2026-07-29,SH600436,-0.0002437067266254728,EXP_CatBoostModel_Alpha158_csi300_custom_step0_s_20260729_13,38c4b6d2098f46bdbb2b83d633f92884,0.069,,,
3803,2026-07-29,SH600426,-0.01451698482235134,EXP_CatBoostModel_Alpha158_csi300_custom_step0_s_20260729_13,38c4b6d2098f46bdbb2b83d633f92884,0.069,,,
3804,2026-07-29,SH600415,-0.12097794960637775,EXP_CatBoostModel_Alpha158_csi300_custom_step0_s_20260729_13,38c4b6d2098f46bdbb2b83d633f92884,0.069,,,
3805,2026-07-29,SH600406,-0.026249558815212713,EXP_CatBoostModel_Alpha158_csi300_custom_step0_s_20260729_13,38c4b6d2098f46bdbb2b83d633f92884,0.069,,,
3806,2026-07-29,SH600372,0.02161622923543856,EXP_CatBoostModel_Alpha158_csi300_custom_step0_s_20260729_13,38c4b6d2098f46bdbb2b83d633f92884,0.069,,,
3807,2026-07-29,SH600362,-0.035857351930315313,EXP_CatBoostModel_Alpha158_csi300_custom_step0_s_20260729_13,38c4b6d2098f46bdbb2b83d633f92884,0.069,,,
3808,2026-07-29,SH600346,-0.02746798981424633,EXP_CatBoostModel_Alpha158_csi300_custom_step0_s_20260729_13,38c4b6d2098f46bdbb2b83d633f92884,0.069,,,
3809,2026-07-29,SH600309,-0.040746454321049744,EXP_CatBoostModel_Alpha158_csi300_custom_step0_s_20260729_13,38c4b6d2098f46bdbb2b83d633f92884,0.069,,,
3810,2026-07-29,SH600276,-0.041512480581602125,EXP_CatBoostModel_Alpha158_csi300_custom_step0_s_20260729_13,38c4b6d2098f46bdbb2b83d633f92884,0.069,,,
3811,2026-07-29,SH600233,-0.010163104518958908,EXP_CatBoostModel_Alpha158_csi300_custom_step0_s_20260729_13,38c4b6d2098f46bdbb2b83d633f92884,0.069,,,
3812,2026-07-29,SH600221,0.0011905035070999515,EXP_CatBoostModel_Alpha158_csi300_custom_step0_s_20260729_13,38c4b6d2098f46bdbb2b83d633f92884,0.069,,,
3813,2026-07-29,SH600219,-0.0491223598877385,EXP_CatBoostModel_Alpha158_csi300_custom_step0_s_20260729_13,38c4b6d2098f46bdbb2b83d633f92884,0.069,,,
3814,2026-07-29,SH600519,0.027122480172736257,EXP_CatBoostModel_Alpha158_csi300_custom_step0_s_20260729_13,38c4b6d2098f46bdbb2b83d633f92884,0.069,,,
3815,2026-07-29,SH600196,-0.022128052381005302,EXP_CatBoostModel_Alpha158_csi300_custom_step0_s_20260729_13,38c4b6d2098f46bdbb2b83d633f92884,0.069,,,
3816,2026-07-29,SH600522,0.07761525532484957,EXP_CatBoostModel_Alpha158_csi300_custom_step0_s_20260729_13,38c4b6d2098f46bdbb2b83d633f92884,0.069,,,
3817,2026-07-29,SH600549,0.08441562607587831,EXP_CatBoostModel_Alpha158_csi300_custom_step0_s_20260729_13,38c4b6d2098f46bdbb2b83d633f92884,0.069,,,
3818,2026-07-29,SH600887,-0.014776084048606409,EXP_CatBoostModel_Alpha158_csi300_custom_step0_s_20260729_13,38c4b6d2098f46bdbb2b83d633f92884,0.069,,,
3819,2026-07-29,SH600886,0.010164558492706605,EXP_CatBoostModel_Alpha158_csi300_custom_step0_s_20260729_13,38c4b6d2098f46bdbb2b83d633f92884,0.069,,,
3820,2026-07-29,SH600875,-0.05425073572907234,EXP_CatBoostModel_Alpha158_csi300_custom_step0_s_20260729_13,38c4b6d2098f46bdbb2b83d633f92884,0.069,,,
3821,2026-07-29,SH600845,-0.024872466907193677,EXP_CatBoostModel_Alpha158_csi300_custom_step0_s_20260729_13,38c4b6d2098f46bdbb2b83d633f92884,0.069,,,
3822,2026-07-29,SH600809,-0.026117963496561817,EXP_CatBoostModel_Alpha158_csi300_custom_step0_s_20260729_13,38c4b6d2098f46bdbb2b83d633f92884,0.069,,,
3823,2026-07-29,SH600803,-0.07330668975825264,EXP_CatBoostModel_Alpha158_csi300_custom_step0_s_20260729_13,38c4b6d2098f46bdbb2b83d633f92884,0.069,,,
3824,2026-07-29,SH600795,0.0057687207529195355,EXP_CatBoostModel_Alpha158_csi300_custom_step0_s_20260729_13,38c4b6d2098f46bdbb2b83d633f92884,0.069,,,
3825,2026-07-29,SH600760,-0.02251090702224843,EXP_CatBoostModel_Alpha158_csi300_custom_step0_s_20260729_13,38c4b6d2098f46bdbb2b83d633f92884,0.069,,,
3826,2026-07-29,SH600741,-0.007050111886855269,EXP_CatBoostModel_Alpha158_csi300_custom_step0_s_20260729_13,38c4b6d2098f46bdbb2b83d633f92884,0.069,,,
3827,2026-07-29,SH600690,-0.004462231420141508,EXP_CatBoostModel_Alpha158_csi300_custom_step0_s_20260729_13,38c4b6d2098f46bdbb2b83d633f92884,0.069,,,
3828,2026-07-29,SH600674,0.02311443411960891,EXP_CatBoostModel_Alpha158_csi300_custom_step0_s_20260729_13,38c4b6d2098f46bdbb2b83d633f92884,0.069,,,
3829,2026-07-29,SH600660,-0.0692190948656976,EXP_CatBoostModel_Alpha158_csi300_custom_step0_s_20260729_13,38c4b6d2098f46bdbb2b83d633f92884,0.069,,,
3830,2026-07-29,SH600600,-0.008286073370973243,EXP_CatBoostModel_Alpha158_csi300_custom_step0_s_20260729_13,38c4b6d2098f46bdbb2b83d633f92884,0.069,,,
3831,2026-07-29,SH600588,-0.02341082027248174,EXP_CatBoostModel_Alpha158_csi300_custom_step0_s_20260729_13,38c4b6d2098f46bdbb2b83d633f92884,0.069,,,
3832,2026-07-29,SH600585,-0.0023739629663456505,EXP_CatBoostModel_Alpha158_csi300_custom_step0_s_20260729_13,38c4b6d2098f46bdbb2b83d633f92884,0.069,,,
3833,2026-07-29,SH600584,0.07696413671664261,EXP_CatBoostModel_Alpha158_csi300_custom_step0_s_20260729_13,38c4b6d2098f46bdbb2b83d633f92884,0.069,,,
3834,2026-07-29,SH600570,-0.04182416722620261,EXP_CatBoostModel_Alpha158_csi300_custom_step0_s_20260729_13,38c4b6d2098f46bdbb2b83d633f92884,0.069,,,
3835,2026-07-29,SH600547,-0.07790066132161723,EXP_CatBoostModel_Alpha158_csi300_custom_step0_s_20260729_13,38c4b6d2098f46bdbb2b83d633f92884,0.069,,,
3836,2026-07-29,SH600188,-0.017325624750152358,EXP_CatBoostModel_Alpha158_csi300_custom_step0_s_20260729_13,38c4b6d2098f46bdbb2b83d633f92884,0.069,,,
3837,2026-07-29,SH600183,0.15627866428675252,EXP_CatBoostModel_Alpha158_csi300_custom_step0_s_20260729_13,38c4b6d2098f46bdbb2b83d633f92884,0.069,,,
3838,2026-07-29,SH600176,0.06594896988167817,EXP_CatBoostModel_Alpha158_csi300_custom_step0_s_20260729_13,38c4b6d2098f46bdbb2b83d633f92884,0.069,,,
3839,2026-07-29,SH600019,-0.03885688137021705,EXP_CatBoostModel_Alpha158_csi300_custom_step0_s_20260729_13,38c4b6d2098f46bdbb2b83d633f92884,0.069,,,
3840,2026-07-29,SH600018,0.02706036846968812,EXP_CatBoostModel_Alpha158_csi300_custom_step0_s_20260729_13,38c4b6d2098f46bdbb2b83d633f92884,0.069,,,
3841,2026-07-29,SH600016,0.017569971661761673,EXP_CatBoostModel_Alpha158_csi300_custom_step0_s_20260729_13,38c4b6d2098f46bdbb2b83d633f92884,0.069,,,
3842,2026-07-29,SH600015,0.0598429480055234,EXP_CatBoostModel_Alpha158_csi300_custom_step0_s_20260729_13,38c4b6d2098f46bdbb2b83d633f92884,0.069,,,
3843,2026-07-29,SH600011,-0.012186194970998245,EXP_CatBoostModel_Alpha158_csi300_custom_step0_s_20260729_13,38c4b6d2098f46bdbb2b83d633f92884,0.069,,,
3844,2026-07-29,SH600010,-0.01753615627084112,EXP_CatBoostModel_Alpha158_csi300_custom_step0_s_20260729_13,38c4b6d2098f46bdbb2b83d633f92884,0.069,,,
3845,2026-07-29,SH600009,0.011635414429484897,EXP_CatBoostModel_Alpha158_csi300_custom_step0_s_20260729_13,38c4b6d2098f46bdbb2b83d633f92884,0.069,,,
3846,2026-07-29,SH600000,0.019731124994852127,EXP_CatBoostModel_Alpha158_csi300_custom_step0_s_20260729_13,38c4b6d2098f46bdbb2b83d633f92884,0.069,,,
3847,2026-07-29,SZ302132,-0.0051952774131877166,EXP_CatBoostModel_Alpha158_csi300_custom_step0_s_20260729_13,cfefdf6275a64229956ae9d9978353a1,0.061,,,
3848,2026-07-29,SZ301308,0.06415542435783726,EXP_CatBoostModel_Alpha158_csi300_custom_step0_s_20260729_13,cfefdf6275a64229956ae9d9978353a1,0.061,,,
3849,2026-07-29,SZ301269,-0.024612628032290154,EXP_CatBoostModel_Alpha158_csi300_custom_step0_s_20260729_13,cfefdf6275a64229956ae9d9978353a1,0.061,,,
3850,2026-07-29,SZ301236,-0.06665885034866201,EXP_CatBoostModel_Alpha158_csi300_custom_step0_s_20260729_13,cfefdf6275a64229956ae9d9978353a1,0.061,,,
3851,2026-07-29,SZ301165,-0.03174511963241293,EXP_CatBoostModel_Alpha158_csi300_custom_step0_s_20260729_13,cfefdf6275a64229956ae9d9978353a1,0.061,,,
3852,2026-07-29,SZ300999,0.001865383408654425,EXP_CatBoostModel_Alpha158_csi300_custom_step0_s_20260729_13,cfefdf6275a64229956ae9d9978353a1,0.061,,,
3853,2026-07-29,SZ300896,0.02217444713719407,EXP_CatBoostModel_Alpha158_csi300_custom_step0_s_20260729_13,cfefdf6275a64229956ae9d9978353a1,0.061,,,
3854,2026-07-29,SZ300866,0.01165058274613857,EXP_CatBoostModel_Alpha158_csi300_custom_step0_s_20260729_13,cfefdf6275a64229956ae9d9978353a1,0.061,,,
3855,2026-07-29,SZ300832,0.006866627883335656,EXP_CatBoostModel_Alpha158_csi300_custom_step0_s_20260729_13,cfefdf6275a64229956ae9d9978353a1,0.061,,,
3856,2026-07-29,SH600023,-0.013175420941998316,EXP_CatBoostModel_Alpha158_csi300_custom_step0_s_20260729_13,38c4b6d2098f46bdbb2b83d633f92884,0.069,,,
3857,2026-07-29,SH600025,0.013787771985122406,EXP_CatBoostModel_Alpha158_csi300_custom_step0_s_20260729_13,38c4b6d2098f46bdbb2b83d633f92884,0.069,,,
3858,2026-07-29,SH600026,0.07517869821061325,EXP_CatBoostModel_Alpha158_csi300_custom_step0_s_20260729_13,38c4b6d2098f46bdbb2b83d633f92884,0.069,,,
3859,2026-07-29,SH600027,-0.013565898981341272,EXP_CatBoostModel_Alpha158_csi300_custom_step0_s_20260729_13,38c4b6d2098f46bdbb2b83d633f92884,0.069,,,
3860,2026-07-29,SH600160,0.007506946828764058,EXP_CatBoostModel_Alpha158_csi300_custom_step0_s_20260729_13,38c4b6d2098f46bdbb2b83d633f92884,0.069,,,
3861,2026-07-29,SH600150,-0.030940992196198655,EXP_CatBoostModel_Alpha158_csi300_custom_step0_s_20260729_13,38c4b6d2098f46bdbb2b83d633f92884,0.069,,,
3862,2026-07-29,SH600118,0.0015217960022047496,EXP_CatBoostModel_Alpha158_csi300_custom_step0_s_20260729_13,38c4b6d2098f46bdbb2b83d633f92884,0.069,,,
3863,2026-07-29,SH600115,-0.024206403665133706,EXP_CatBoostModel_Alpha158_csi300_custom_step0_s_20260729_13,38c4b6d2098f46bdbb2b83d633f92884,0.069,,,
3864,2026-07-29,SH600111,0.04862823443347166,EXP_CatBoostModel_Alpha158_csi300_custom_step0_s_20260729_13,38c4b6d2098f46bdbb2b83d633f92884,0.069,,,
3865,2026-07-29,SH600104,-0.012697682373012503,EXP_CatBoostModel_Alpha158_csi300_custom_step0_s_20260729_13,38c4b6d2098f46bdbb2b83d633f92884,0.069,,,
3866,2026-07-29,SH600089,-0.024545062980662804,EXP_CatBoostModel_Alpha158_csi300_custom_step0_s_20260729_13,38c4b6d2098f46bdbb2b83d633f92884,0.069,,,
3867,2026-07-29,SH600085,-0.01860215012463997,EXP_CatBoostModel_Alpha158_csi300_custom_step0_s_20260729_13,38c4b6d2098f46bdbb2b83d633f92884,0.069,,,
3868,2026-07-29,SZ000651,0.014047577286650287,EXP_CatBoostModel_Alpha158_csi300_custom_step0_s_20260729_13,cfefdf6275a64229956ae9d9978353a1,0.061,,,
3869,2026-07-29,SH600066,-0.009801663628966912,EXP_CatBoostModel_Alpha158_csi300_custom_step0_s_20260729_13,38c4b6d2098f46bdbb2b83d633f92884,0.069,,,
3870,2026-07-29,SH600050,0.03537839980529634,EXP_CatBoostModel_Alpha158_csi300_custom_step0_s_20260729_13,38c4b6d2098f46bdbb2b83d633f92884,0.069,,,
3871,2026-07-29,SH600048,-0.0313838362060934,EXP_CatBoostModel_Alpha158_csi300_custom_step0_s_20260729_13,38c4b6d2098f46bdbb2b83d633f92884,0.069,,,
3872,2026-07-29,SH600039,0.005288767743314654,EXP_CatBoostModel_Alpha158_csi300_custom_step0_s_20260729_13,38c4b6d2098f46bdbb2b83d633f92884,0.069,,,
3873,2026-07-29,SH600036,0.03344042164581039,EXP_CatBoostModel_Alpha158_csi300_custom_step0_s_20260729_13,38c4b6d2098f46bdbb2b83d633f92884,0.069,,,
3874,2026-07-29,SH600031,-0.07526387139692813,EXP_CatBoostModel_Alpha158_csi300_custom_step0_s_20260729_13,38c4b6d2098f46bdbb2b83d633f92884,0.069,,,
3875,2026-07-29,SH600030,-0.006338642768181654,EXP_CatBoostModel_Alpha158_csi300_custom_step0_s_20260729_13,38c4b6d2098f46bdbb2b83d633f92884,0.069,,,
3876,2026-07-29,SH600029,0.008936768021177337,EXP_CatBoostModel_Alpha158_csi300_custom_step0_s_20260729_13,38c4b6d2098f46bdbb2b83d633f92884,0.069,,,
3877,2026-07-29,SH600028,0.02694241679065936,EXP_CatBoostModel_Alpha158_csi300_custom_step0_s_20260729_13,38c4b6d2098f46bdbb2b83d633f92884,0.069,,,
3878,2026-07-29,SH600061,0.03646965530538061,EXP_CatBoostModel_Alpha158_csi300_custom_step0_s_20260729_13,38c4b6d2098f46bdbb2b83d633f92884,0.069,,,
3879,2026-07-29,SH600900,0.022788458478252664,EXP_CatBoostModel_Alpha158_csi300_custom_step0_s_20260729_13,38c4b6d2098f46bdbb2b83d633f92884,0.069,,,
3880,2026-07-29,SZ000630,-0.03084044683758783,EXP_CatBoostModel_Alpha158_csi300_custom_step0_s_20260729_13,cfefdf6275a64229956ae9d9978353a1,0.061,,,
3881,2026-07-29,SZ000617,-0.0027616725330432096,EXP_CatBoostModel_Alpha158_csi300_custom_step0_s_20260729_13,cfefdf6275a64229956ae9d9978353a1,0.061,,,
3882,2026-07-29,SH601117,0.004833836370885464,EXP_CatBoostModel_Alpha158_csi300_custom_step0_s_20260729_13,cfefdf6275a64229956ae9d9978353a1,0.061,,,
3883,2026-07-29,SH601111,0.00816272357141403,EXP_CatBoostModel_Alpha158_csi300_custom_step0_s_20260729_13,cfefdf6275a64229956ae9d9978353a1,0.061,,,
3884,2026-07-29,SH601100,-0.040026695869934924,EXP_CatBoostModel_Alpha158_csi300_custom_step0_s_20260729_13,cfefdf6275a64229956ae9d9978353a1,0.061,,,
3885,2026-07-29,SH601088,0.011234875527361432,EXP_CatBoostModel_Alpha158_csi300_custom_step0_s_20260729_13,cfefdf6275a64229956ae9d9978353a1,0.061,,,
3886,2026-07-29,SH601077,0.006625777238003391,EXP_CatBoostModel_Alpha158_csi300_custom_step0_s_20260729_13,cfefdf6275a64229956ae9d9978353a1,0.061,,,
3887,2026-07-29,SH601066,-0.019727330916829378,EXP_CatBoostModel_Alpha158_csi300_custom_step0_s_20260729_13,cfefdf6275a64229956ae9d9978353a1,0.061,,,
3888,2026-07-29,SH601059,0.019765206554877467,EXP_CatBoostModel_Alpha158_csi300_custom_step0_s_20260729_13,cfefdf6275a64229956ae9d9978353a1,0.061,,,
3889,2026-07-29,SH601058,0.019160382973434628,EXP_CatBoostModel_Alpha158_csi300_custom_step0_s_20260729_13,cfefdf6275a64229956ae9d9978353a1,0.061,,,
3890,2026-07-29,SH601021,0.0368571595834693,EXP_CatBoostModel_Alpha158_csi300_custom_step0_s_20260729_13,cfefdf6275a64229956ae9d9978353a1,0.061,,,
3891,2026-07-29,SH601018,0.016184319941527383,EXP_CatBoostModel_Alpha158_csi300_custom_step0_s_20260729_13,cfefdf6275a64229956ae9d9978353a1,0.061,,,
3892,2026-07-29,SH601012,-0.035090119174564637,EXP_CatBoostModel_Alpha158_csi300_custom_step0_s_20260729_13,cfefdf6275a64229956ae9d9978353a1,0.061,,,
3893,2026-07-29,SH601009,0.021220255079054832,EXP_CatBoostModel_Alpha158_csi300_custom_step0_s_20260729_13,cfefdf6275a64229956ae9d9978353a1,0.061,,,
3894,2026-07-29,SH601006,0.006030594914425721,EXP_CatBoostModel_Alpha158_csi300_custom_step0_s_20260729_13,cfefdf6275a64229956ae9d9978353a1,0.061,,,
3895,2026-07-29,SH600999,-0.05540883101355811,EXP_CatBoostModel_Alpha158_csi300_custom_step0_s_20260729_13,cfefdf6275a64229956ae9d9978353a1,0.061,,,
3896,2026-07-29,SH600989,0.008285510671061551,EXP_CatBoostModel_Alpha158_csi300_custom_step0_s_20260729_13,cfefdf6275a64229956ae9d9978353a1,0.061,,,
3897,2026-07-29,SH600958,0.01514877010849916,EXP_CatBoostModel_Alpha158_csi300_custom_step0_s_20260729_13,cfefdf6275a64229956ae9d9978353a1,0.061,,,
3898,2026-07-29,SH600941,0.01663395645374905,EXP_CatBoostModel_Alpha158_csi300_custom_step0_s_20260729_13,cfefdf6275a64229956ae9d9978353a1,0.061,,,
3899,2026-07-29,SH601127,-0.006339030834280242,EXP_CatBoostModel_Alpha158_csi300_custom_step0_s_20260729_13,cfefdf6275a64229956ae9d9978353a1,0.061,,,
3900,2026-07-29,SH600938,0.026889279045514906,EXP_CatBoostModel_Alpha158_csi300_custom_step0_s_20260729_13,cfefdf6275a64229956ae9d9978353a1,0.061,,,
3901,2026-07-29,SH601136,0.01404695478317724,EXP_CatBoostModel_Alpha158_csi300_custom_step0_s_20260729_13,cfefdf6275a64229956ae9d9978353a1,0.061,,,
3902,2026-07-29,SH601166,0.022560093752606238,EXP_CatBoostModel_Alpha158_csi300_custom_step0_s_20260729_13,cfefdf6275a64229956ae9d9978353a1,0.061,,,
3903,2026-07-29,SH601600,-0.015360129226199833,EXP_CatBoostModel_Alpha158_csi300_custom_step0_s_20260729_13,cfefdf6275a64229956ae9d9978353a1,0.061,,,
3904,2026-07-29,SH601456,0.02604436889031868,EXP_CatBoostModel_Alpha158_csi300_custom_step0_s_20260729_13,cfefdf6275a64229956ae9d9978353a1,0.061,,,
3905,2026-07-29,SH601398,0.019756135496921467,EXP_CatBoostModel_Alpha158_csi300_custom_step0_s_20260729_13,cfefdf6275a64229956ae9d9978353a1,0.061,,,
3906,2026-07-29,SH601390,0.006934700421143199,EXP_CatBoostModel_Alpha158_csi300_custom_step0_s_20260729_13,cfefdf6275a64229956ae9d9978353a1,0.061,,,
3907,2026-07-29,SH601377,0.028141508381138967,EXP_CatBoostModel_Alpha158_csi300_custom_step0_s_20260729_13,cfefdf6275a64229956ae9d9978353a1,0.061,,,
3908,2026-07-29,SH601360,-0.028568470263900022,EXP_CatBoostModel_Alpha158_csi300_custom_step0_s_20260729_13,cfefdf6275a64229956ae9d9978353a1,0.061,,,
3909,2026-07-29,SH601336,0.010132367738156647,EXP_CatBoostModel_Alpha158_csi300_custom_step0_s_20260729_13,cfefdf6275a64229956ae9d9978353a1,0.061,,,
3910,2026-07-29,SH601328,0.027573735639997567,EXP_CatBoostModel_Alpha158_csi300_custom_step0_s_20260729_13,cfefdf6275a64229956ae9d9978353a1,0.061,,,
3911,2026-07-29,SH601319,0.010240363373409923,EXP_CatBoostModel_Alpha158_csi300_custom_step0_s_20260729_13,cfefdf6275a64229956ae9d9978353a1,0.061,,,
3912,2026-07-29,SH601318,-0.002888552078514805,EXP_CatBoostModel_Alpha158_csi300_custom_step0_s_20260729_13,cfefdf6275a64229956ae9d9978353a1,0.061,,,
3913,2026-07-29,SH601288,0.02609092276491785,EXP_CatBoostModel_Alpha158_csi300_custom_step0_s_20260729_13,cfefdf6275a64229956ae9d9978353a1,0.061,,,
3914,2026-07-29,SH601238,-0.0018240804565388827,EXP_CatBoostModel_Alpha158_csi300_custom_step0_s_20260729_13,cfefdf6275a64229956ae9d9978353a1,0.061,,,
3915,2026-07-29,SH601229,0.07290031708988426,EXP_CatBoostModel_Alpha158_csi300_custom_step0_s_20260729_13,cfefdf6275a64229956ae9d9978353a1,0.061,,,
3916,2026-07-29,SH601225,0.005435580789552181,EXP_CatBoostModel_Alpha158_csi300_custom_step0_s_20260729_13,cfefdf6275a64229956ae9d9978353a1,0.061,,,
3917,2026-07-29,SH601211,-0.042588906533613115,EXP_CatBoostModel_Alpha158_csi300_custom_step0_s_20260729_13,cfefdf6275a64229956ae9d9978353a1,0.061,,,
3918,2026-07-29,SH601186,0.021178335449737642,EXP_CatBoostModel_Alpha158_csi300_custom_step0_s_20260729_13,cfefdf6275a64229956ae9d9978353a1,0.061,,,
3919,2026-07-29,SH601169,0.029675698610744747,EXP_CatBoostModel_Alpha158_csi300_custom_step0_s_20260729_13,cfefdf6275a64229956ae9d9978353a1,0.061,,,
3920,2026-07-29,SH601138,-0.021278256927117226,EXP_CatBoostModel_Alpha158_csi300_custom_step0_s_20260729_13,cfefdf6275a64229956ae9d9978353a1,0.061,,,
3921,2026-07-29,SH601601,-0.0039651530237396985,EXP_CatBoostModel_Alpha158_csi300_custom_step0_s_20260729_13,cfefdf6275a64229956ae9d9978353a1,0.061,,,
3922,2026-07-29,SH600930,0.006864864684441054,EXP_CatBoostModel_Alpha158_csi300_custom_step0_s_20260729_13,cfefdf6275a64229956ae9d9978353a1,0.061,,,
3923,2026-07-29,SH600919,0.05577796580169235,EXP_CatBoostModel_Alpha158_csi300_custom_step0_s_20260729_13,cfefdf6275a64229956ae9d9978353a1,0.061,,,
3924,2026-07-29,SH600549,0.03252659792402534,EXP_CatBoostModel_Alpha158_csi300_custom_step0_s_20260729_13,cfefdf6275a64229956ae9d9978353a1,0.061,,,
3925,2026-07-29,SH600547,-0.039728351124705366,EXP_CatBoostModel_Alpha158_csi300_custom_step0_s_20260729_13,cfefdf6275a64229956ae9d9978353a1,0.061,,,
3926,2026-07-29,SH600522,0.009865716322281014,EXP_CatBoostModel_Alpha158_csi300_custom_step0_s_20260729_13,cfefdf6275a64229956ae9d9978353a1,0.061,,,
3927,2026-07-29,SH600519,0.019360648220527125,EXP_CatBoostModel_Alpha158_csi300_custom_step0_s_20260729_13,cfefdf6275a64229956ae9d9978353a1,0.061,,,
3928,2026-07-29,SH600515,0.024477729381016153,EXP_CatBoostModel_Alpha158_csi300_custom_step0_s_20260729_13,cfefdf6275a64229956ae9d9978353a1,0.061,,,
3929,2026-07-29,SH600489,-0.0435606516242094,EXP_CatBoostModel_Alpha158_csi300_custom_step0_s_20260729_13,cfefdf6275a64229956ae9d9978353a1,0.061,,,
3930,2026-07-29,SH600482,-0.03431621545522914,EXP_CatBoostModel_Alpha158_csi300_custom_step0_s_20260729_13,cfefdf6275a64229956ae9d9978353a1,0.061,,,
3931,2026-07-29,SH600460,0.0360642981456503,EXP_CatBoostModel_Alpha158_csi300_custom_step0_s_20260729_13,cfefdf6275a64229956ae9d9978353a1,0.061,,,
3932,2026-07-29,SH600438,0.008391321867772115,EXP_CatBoostModel_Alpha158_csi300_custom_step0_s_20260729_13,cfefdf6275a64229956ae9d9978353a1,0.061,,,
3933,2026-07-29,SH600436,0.01623293108687392,EXP_CatBoostModel_Alpha158_csi300_custom_step0_s_20260729_13,cfefdf6275a64229956ae9d9978353a1,0.061,,,
3934,2026-07-29,SH600426,-0.025904244592944905,EXP_CatBoostModel_Alpha158_csi300_custom_step0_s_20260729_13,cfefdf6275a64229956ae9d9978353a1,0.061,,,
3935,2026-07-29,SH600415,-0.037147183100605566,EXP_CatBoostModel_Alpha158_csi300_custom_step0_s_20260729_13,cfefdf6275a64229956ae9d9978353a1,0.061,,,
3936,2026-07-29,SH600406,-0.03362131309571976,EXP_CatBoostModel_Alpha158_csi300_custom_step0_s_20260729_13,cfefdf6275a64229956ae9d9978353a1,0.061,,,
3937,2026-07-29,SH600372,0.03225481884693238,EXP_CatBoostModel_Alpha158_csi300_custom_step0_s_20260729_13,cfefdf6275a64229956ae9d9978353a1,0.061,,,
3938,2026-07-29,SH600362,-0.03584753380585626,EXP_CatBoostModel_Alpha158_csi300_custom_step0_s_20260729_13,cfefdf6275a64229956ae9d9978353a1,0.061,,,
3939,2026-07-29,SH600346,-0.01630405691905972,EXP_CatBoostModel_Alpha158_csi300_custom_step0_s_20260729_13,cfefdf6275a64229956ae9d9978353a1,0.061,,,
3940,2026-07-29,SH600309,-0.03686645252342144,EXP_CatBoostModel_Alpha158_csi300_custom_step0_s_20260729_13,cfefdf6275a64229956ae9d9978353a1,0.061,,,
3941,2026-07-29,SH600570,-0.017935286664240054,EXP_CatBoostModel_Alpha158_csi300_custom_step0_s_20260729_13,cfefdf6275a64229956ae9d9978353a1,0.061,,,
3942,2026-07-29,SH600926,0.015586236557255946,EXP_CatBoostModel_Alpha158_csi300_custom_step0_s_20260729_13,cfefdf6275a64229956ae9d9978353a1,0.061,,,
3943,2026-07-29,SH600584,0.021234739643829166,EXP_CatBoostModel_Alpha158_csi300_custom_step0_s_20260729_13,cfefdf6275a64229956ae9d9978353a1,0.061,,,
3944,2026-07-29,SH600588,-0.005370862088085498,EXP_CatBoostModel_Alpha158_csi300_custom_step0_s_20260729_13,cfefdf6275a64229956ae9d9978353a1,0.061,,,
3945,2026-07-29,SH600918,-0.00255363631843166,EXP_CatBoostModel_Alpha158_csi300_custom_step0_s_20260729_13,cfefdf6275a64229956ae9d9978353a1,0.061,,,
3946,2026-07-29,SH600905,0.00682290769614074,EXP_CatBoostModel_Alpha158_csi300_custom_step0_s_20260729_13,cfefdf6275a64229956ae9d9978353a1,0.061,,,
3947,2026-07-29,SH600900,0.02172888118759786,EXP_CatBoostModel_Alpha158_csi300_custom_step0_s_20260729_13,cfefdf6275a64229956ae9d9978353a1,0.061,,,
3948,2026-07-29,SH600893,-0.012288425955861734,EXP_CatBoostModel_Alpha158_csi300_custom_step0_s_20260729_13,cfefdf6275a64229956ae9d9978353a1,0.061,,,
3949,2026-07-29,SH600887,-0.02937181639849737,EXP_CatBoostModel_Alpha158_csi300_custom_step0_s_20260729_13,cfefdf6275a64229956ae9d9978353a1,0.061,,,
3950,2026-07-29,SH600886,0.01147185814669658,EXP_CatBoostModel_Alpha158_csi300_custom_step0_s_20260729_13,cfefdf6275a64229956ae9d9978353a1,0.061,,,
3951,2026-07-29,SH600875,-0.019375877172277654,EXP_CatBoostModel_Alpha158_csi300_custom_step0_s_20260729_13,cfefdf6275a64229956ae9d9978353a1,0.061,,,
3952,2026-07-29,SH600845,-0.01727761848935137,EXP_CatBoostModel_Alpha158_csi300_custom_step0_s_20260729_13,cfefdf6275a64229956ae9d9978353a1,0.061,,,
3953,2026-07-29,SH600809,-0.024987739873458446,EXP_CatBoostModel_Alpha158_csi300_custom_step0_s_20260729_13,cfefdf6275a64229956ae9d9978353a1,0.061,,,
3954,2026-07-29,SH600803,-0.07416373678789148,EXP_CatBoostModel_Alpha158_csi300_custom_step0_s_20260729_13,cfefdf6275a64229956ae9d9978353a1,0.061,,,
3955,2026-07-29,SH600795,0.006260539406553188,EXP_CatBoostModel_Alpha158_csi300_custom_step0_s_20260729_13,cfefdf6275a64229956ae9d9978353a1,0.061,,,
3956,2026-07-29,SH600760,-0.007704751730097964,EXP_CatBoostModel_Alpha158_csi300_custom_step0_s_20260729_13,cfefdf6275a64229956ae9d9978353a1,0.061,,,
3957,2026-07-29,SH600741,-0.0021912460397144643,EXP_CatBoostModel_Alpha158_csi300_custom_step0_s_20260729_13,cfefdf6275a64229956ae9d9978353a1,0.061,,,
3958,2026-07-29,SH600690,0.005844873298875321,EXP_CatBoostModel_Alpha158_csi300_custom_step0_s_20260729_13,cfefdf6275a64229956ae9d9978353a1,0.061,,,
3959,2026-07-29,SH600674,0.020074703617780118,EXP_CatBoostModel_Alpha158_csi300_custom_step0_s_20260729_13,cfefdf6275a64229956ae9d9978353a1,0.061,,,
3960,2026-07-29,SH600660,-0.033588566401070226,EXP_CatBoostModel_Alpha158_csi300_custom_step0_s_20260729_13,cfefdf6275a64229956ae9d9978353a1,0.061,,,
3961,2026-07-29,SH600600,-0.009047032787266547,EXP_CatBoostModel_Alpha158_csi300_custom_step0_s_20260729_13,cfefdf6275a64229956ae9d9978353a1,0.061,,,
3962,2026-07-29,SH600585,-0.00694315795305819,EXP_CatBoostModel_Alpha158_csi300_custom_step0_s_20260729_13,cfefdf6275a64229956ae9d9978353a1,0.061,,,
3963,2026-07-29,SH601607,0.010601654068803047,EXP_CatBoostModel_Alpha158_csi300_custom_step0_s_20260729_13,cfefdf6275a64229956ae9d9978353a1,0.061,,,
3964,2026-07-29,SH601618,-0.002926221630261761,EXP_CatBoostModel_Alpha158_csi300_custom_step0_s_20260729_13,cfefdf6275a64229956ae9d9978353a1,0.061,,,
3965,2026-07-29,SH601628,0.0016807184638255937,EXP_CatBoostModel_Alpha158_csi300_custom_step0_s_20260729_13,cfefdf6275a64229956ae9d9978353a1,0.061,,,
3966,2026-07-29,SH688256,-0.015579486972089766,EXP_CatBoostModel_Alpha158_csi300_custom_step0_s_20260729_13,cfefdf6275a64229956ae9d9978353a1,0.061,,,
3967,2026-07-29,SH688223,0.002544045313187868,EXP_CatBoostModel_Alpha158_csi300_custom_step0_s_20260729_13,cfefdf6275a64229956ae9d9978353a1,0.061,,,
3968,2026-07-29,SH688183,0.017131654556428087,EXP_CatBoostModel_Alpha158_csi300_custom_step0_s_20260729_13,cfefdf6275a64229956ae9d9978353a1,0.061,,,
3969,2026-07-29,SH688126,0.028936762380441506,EXP_CatBoostModel_Alpha158_csi300_custom_step0_s_20260729_13,cfefdf6275a64229956ae9d9978353a1,0.061,,,
3970,2026-07-29,SH688111,-0.07311515090515697,EXP_CatBoostModel_Alpha158_csi300_custom_step0_s_20260729_13,cfefdf6275a64229956ae9d9978353a1,0.061,,,
3971,2026-07-29,SH688082,-0.013871496063555524,EXP_CatBoostModel_Alpha158_csi300_custom_step0_s_20260729_13,cfefdf6275a64229956ae9d9978353a1,0.061,,,
3972,2026-07-29,SH688072,0.0023995005652260987,EXP_CatBoostModel_Alpha158_csi300_custom_step0_s_20260729_13,cfefdf6275a64229956ae9d9978353a1,0.061,,,
3973,2026-07-29,SH688047,0.013234035241691942,EXP_CatBoostModel_Alpha158_csi300_custom_step0_s_20260729_13,cfefdf6275a64229956ae9d9978353a1,0.061,,,
3974,2026-07-29,SH688041,0.0008493739276210526,EXP_CatBoostModel_Alpha158_csi300_custom_step0_s_20260729_13,cfefdf6275a64229956ae9d9978353a1,0.061,,,
3975,2026-07-29,SH688036,0.021743671363900693,EXP_CatBoostModel_Alpha158_csi300_custom_step0_s_20260729_13,cfefdf6275a64229956ae9d9978353a1,0.061,,,
3976,2026-07-29,SH688012,0.009022899751571079,EXP_CatBoostModel_Alpha158_csi300_custom_step0_s_20260729_13,cfefdf6275a64229956ae9d9978353a1,0.061,,,
3977,2026-07-29,SH688009,0.023154800384913844,EXP_CatBoostModel_Alpha158_csi300_custom_step0_s_20260729_13,cfefdf6275a64229956ae9d9978353a1,0.061,,,
3978,2026-07-29,SH688008,0.044758824198866086,EXP_CatBoostModel_Alpha158_csi300_custom_step0_s_20260729_13,cfefdf6275a64229956ae9d9978353a1,0.061,,,
3979,2026-07-29,SH605499,-0.043838659729068516,EXP_CatBoostModel_Alpha158_csi300_custom_step0_s_20260729_13,cfefdf6275a64229956ae9d9978353a1,0.061,,,
3980,2026-07-29,SH605117,-0.01124513420157268,EXP_CatBoostModel_Alpha158_csi300_custom_step0_s_20260729_13,cfefdf6275a64229956ae9d9978353a1,0.061,,,
3981,2026-07-29,SH603993,-0.09012892509535449,EXP_CatBoostModel_Alpha158_csi300_custom_step0_s_20260729_13,cfefdf6275a64229956ae9d9978353a1,0.061,,,
3982,2026-07-29,SH603986,0.10991117603449134,EXP_CatBoostModel_Alpha158_csi300_custom_step0_s_20260729_13,cfefdf6275a64229956ae9d9978353a1,0.061,,,
3983,2026-07-29,SH688271,-0.0062175655795843054,EXP_CatBoostModel_Alpha158_csi300_custom_step0_s_20260729_13,cfefdf6275a64229956ae9d9978353a1,0.061,,,
3984,2026-07-29,SH603893,-0.0004944363551978156,EXP_CatBoostModel_Alpha158_csi300_custom_step0_s_20260729_13,cfefdf6275a64229956ae9d9978353a1,0.061,,,
3985,2026-07-29,SH688303,-0.006421024301927864,EXP_CatBoostModel_Alpha158_csi300_custom_step0_s_20260729_13,cfefdf6275a64229956ae9d9978353a1,0.061,,,
3986,2026-07-29,SH688472,-0.01291834329131483,EXP_CatBoostModel_Alpha158_csi300_custom_step0_s_20260729_13,cfefdf6275a64229956ae9d9978353a1,0.061,,,
3987,2026-07-29,SZ000596,-0.027794341647603332,EXP_CatBoostModel_Alpha158_csi300_custom_step0_s_20260729_13,cfefdf6275a64229956ae9d9978353a1,0.061,,,
3988,2026-07-29,SZ000568,-0.008067348171508752,EXP_CatBoostModel_Alpha158_csi300_custom_step0_s_20260729_13,cfefdf6275a64229956ae9d9978353a1,0.061,,,
3989,2026-07-29,SZ000538,0.018874475155741394,EXP_CatBoostModel_Alpha158_csi300_custom_step0_s_20260729_13,cfefdf6275a64229956ae9d9978353a1,0.061,,,
3990,2026-07-29,SZ000425,-0.025509305404326686,EXP_CatBoostModel_Alpha158_csi300_custom_step0_s_20260729_13,cfefdf6275a64229956ae9d9978353a1,0.061,,,
3991,2026-07-29,SZ000408,-0.0441383654032258,EXP_CatBoostModel_Alpha158_csi300_custom_step0_s_20260729_13,cfefdf6275a64229956ae9d9978353a1,0.061,,,
3992,2026-07-29,SZ000338,-0.015351468374964334,EXP_CatBoostModel_Alpha158_csi300_custom_step0_s_20260729_13,cfefdf6275a64229956ae9d9978353a1,0.061,,,
3993,2026-07-29,SZ000333,0.004259710057599409,EXP_CatBoostModel_Alpha158_csi300_custom_step0_s_20260729_13,cfefdf6275a64229956ae9d9978353a1,0.061,,,
3994,2026-07-29,SZ000301,-0.029402277287646564,EXP_CatBoostModel_Alpha158_csi300_custom_step0_s_20260729_13,cfefdf6275a64229956ae9d9978353a1,0.061,,,
3995,2026-07-29,SZ000166,0.03217692879312847,EXP_CatBoostModel_Alpha158_csi300_custom_step0_s_20260729_13,cfefdf6275a64229956ae9d9978353a1,0.061,,,
3996,2026-07-29,SZ000157,0.008064388731227076,EXP_CatBoostModel_Alpha158_csi300_custom_step0_s_20260729_13,cfefdf6275a64229956ae9d9978353a1,0.061,,,
3997,2026-07-29,SZ000100,-0.06469982500360459,EXP_CatBoostModel_Alpha158_csi300_custom_step0_s_20260729_13,cfefdf6275a64229956ae9d9978353a1,0.061,,,
3998,2026-07-29,SZ000063,-0.06343235518645629,EXP_CatBoostModel_Alpha158_csi300_custom_step0_s_20260729_13,cfefdf6275a64229956ae9d9978353a1,0.061,,,
3999,2026-07-29,SZ000002,-0.011051579602153734,EXP_CatBoostModel_Alpha158_csi300_custom_step0_s_20260729_13,cfefdf6275a64229956ae9d9978353a1,0.061,,,
4000,2026-07-29,SZ000001,0.0225889854307303,EXP_CatBoostModel_Alpha158_csi300_custom_step0_s_20260729_13,cfefdf6275a64229956ae9d9978353a1,0.061,,,
4001,2026-07-29,SH688981,-0.01130148293927981,EXP_CatBoostModel_Alpha158_csi300_custom_step0_s_20260729_13,cfefdf6275a64229956ae9d9978353a1,0.061,,,
4002,2026-07-29,SH688521,0.08393019939579267,EXP_CatBoostModel_Alpha158_csi300_custom_step0_s_20260729_13,cfefdf6275a64229956ae9d9978353a1,0.061,,,
4003,2026-07-29,SH688506,-0.042490844092053046,EXP_CatBoostModel_Alpha158_csi300_custom_step0_s_20260729_13,cfefdf6275a64229956ae9d9978353a1,0.061,,,
4004,2026-07-29,SH688396,0.02996028458539545,EXP_CatBoostModel_Alpha158_csi300_custom_step0_s_20260729_13,cfefdf6275a64229956ae9d9978353a1,0.061,,,
4005,2026-07-29,SH603799,0.02166178783807285,EXP_CatBoostModel_Alpha158_csi300_custom_step0_s_20260729_13,cfefdf6275a64229956ae9d9978353a1,0.061,,,
4006,2026-07-29,SH603501,0.006291628994707828,EXP_CatBoostModel_Alpha158_csi300_custom_step0_s_20260729_13,cfefdf6275a64229956ae9d9978353a1,0.061,,,
4007,2026-07-29,SH603392,0.0009421177531038369,EXP_CatBoostModel_Alpha158_csi300_custom_step0_s_20260729_13,cfefdf6275a64229956ae9d9978353a1,0.061,,,
4008,2026-07-29,SH601857,0.01293328129425635,EXP_CatBoostModel_Alpha158_csi300_custom_step0_s_20260729_13,cfefdf6275a64229956ae9d9978353a1,0.061,,,
4009,2026-07-29,SH601838,0.026290327899362077,EXP_CatBoostModel_Alpha158_csi300_custom_step0_s_20260729_13,cfefdf6275a64229956ae9d9978353a1,0.061,,,
4010,2026-07-29,SH601825,0.014861894223410445,EXP_CatBoostModel_Alpha158_csi300_custom_step0_s_20260729_13,cfefdf6275a64229956ae9d9978353a1,0.061,,,
4011,2026-07-29,SH601818,0.03401734220898453,EXP_CatBoostModel_Alpha158_csi300_custom_step0_s_20260729_13,cfefdf6275a64229956ae9d9978353a1,0.061,,,
4012,2026-07-29,SH601816,0.018864253675535875,EXP_CatBoostModel_Alpha158_csi300_custom_step0_s_20260729_13,cfefdf6275a64229956ae9d9978353a1,0.061,,,
4013,2026-07-29,SH601800,-0.0029315171571839523,EXP_CatBoostModel_Alpha158_csi300_custom_step0_s_20260729_13,cfefdf6275a64229956ae9d9978353a1,0.061,,,
4014,2026-07-29,SH601788,0.03670636021065199,EXP_CatBoostModel_Alpha158_csi300_custom_step0_s_20260729_13,cfefdf6275a64229956ae9d9978353a1,0.061,,,
4015,2026-07-29,SH601766,-0.01753054855609023,EXP_CatBoostModel_Alpha158_csi300_custom_step0_s_20260729_13,cfefdf6275a64229956ae9d9978353a1,0.061,,,
4016,2026-07-29,SH601728,0.027487340610443774,EXP_CatBoostModel_Alpha158_csi300_custom_step0_s_20260729_13,cfefdf6275a64229956ae9d9978353a1,0.061,,,
4017,2026-07-29,SH601727,-0.005569010342286341,EXP_CatBoostModel_Alpha158_csi300_custom_step0_s_20260729_13,cfefdf6275a64229956ae9d9978353a1,0.061,,,
4018,2026-07-29,SH601698,-0.029998033479872125,EXP_CatBoostModel_Alpha158_csi300_custom_step0_s_20260729_13,cfefdf6275a64229956ae9d9978353a1,0.061,,,
4019,2026-07-29,SH601689,-0.012702691966035913,EXP_CatBoostModel_Alpha158_csi300_custom_step0_s_20260729_13,cfefdf6275a64229956ae9d9978353a1,0.061,,,
4020,2026-07-29,SH601688,-0.009724344969483037,EXP_CatBoostModel_Alpha158_csi300_custom_step0_s_20260729_13,cfefdf6275a64229956ae9d9978353a1,0.061,,,
4021,2026-07-29,SH601669,0.015524853753788434,EXP_CatBoostModel_Alpha158_csi300_custom_step0_s_20260729_13,cfefdf6275a64229956ae9d9978353a1,0.061,,,
4022,2026-07-29,SH601668,0.02250861601871631,EXP_CatBoostModel_Alpha158_csi300_custom_step0_s_20260729_13,cfefdf6275a64229956ae9d9978353a1,0.061,,,
4023,2026-07-29,SH601658,0.03130938725212082,EXP_CatBoostModel_Alpha158_csi300_custom_step0_s_20260729_13,cfefdf6275a64229956ae9d9978353a1,0.061,,,
4024,2026-07-29,SH601633,-0.002186353210497971,EXP_CatBoostModel_Alpha158_csi300_custom_step0_s_20260729_13,cfefdf6275a64229956ae9d9978353a1,0.061,,,
4025,2026-07-29,SH601868,-0.005608014813591032,EXP_CatBoostModel_Alpha158_csi300_custom_step0_s_20260729_13,cfefdf6275a64229956ae9d9978353a1,0.061,,,
4026,2026-07-29,SH601872,-0.07538527250870154,EXP_CatBoostModel_Alpha158_csi300_custom_step0_s_20260729_13,cfefdf6275a64229956ae9d9978353a1,0.061,,,
4027,2026-07-29,SH601877,-0.017827362520527728,EXP_CatBoostModel_Alpha158_csi300_custom_step0_s_20260729_13,cfefdf6275a64229956ae9d9978353a1,0.061,,,
4028,2026-07-29,SH601878,0.04265189286139555,EXP_CatBoostModel_Alpha158_csi300_custom_step0_s_20260729_13,cfefdf6275a64229956ae9d9978353a1,0.061,,,
4029,2026-07-29,SH603369,-0.02953318522797537,EXP_CatBoostModel_Alpha158_csi300_custom_step0_s_20260729_13,cfefdf6275a64229956ae9d9978353a1,0.061,,,
4030,2026-07-29,SH603296,-0.07960314263495447,EXP_CatBoostModel_Alpha158_csi300_custom_step0_s_20260729_13,cfefdf6275a64229956ae9d9978353a1,0.061,,,
4031,2026-07-29,SH603288,0.004018509326798493,EXP_CatBoostModel_Alpha158_csi300_custom_step0_s_20260729_13,cfefdf6275a64229956ae9d9978353a1,0.061,,,
4032,2026-07-29,SH603260,0.001631203500763837,EXP_CatBoostModel_Alpha158_csi300_custom_step0_s_20260729_13,cfefdf6275a64229956ae9d9978353a1,0.061,,,
4033,2026-07-29,SH603259,-0.05581545212560348,EXP_CatBoostModel_Alpha158_csi300_custom_step0_s_20260729_13,cfefdf6275a64229956ae9d9978353a1,0.061,,,
4034,2026-07-29,SH603019,0.03900245056135887,EXP_CatBoostModel_Alpha158_csi300_custom_step0_s_20260729_13,cfefdf6275a64229956ae9d9978353a1,0.061,,,
4035,2026-07-29,SH601998,0.01181402493515869,EXP_CatBoostModel_Alpha158_csi300_custom_step0_s_20260729_13,cfefdf6275a64229956ae9d9978353a1,0.061,,,
4036,2026-07-29,SH601995,-0.0012965703784771666,EXP_CatBoostModel_Alpha158_csi300_custom_step0_s_20260729_13,cfefdf6275a64229956ae9d9978353a1,0.061,,,
4037,2026-07-29,SZ000625,-0.0020079302551224342,EXP_CatBoostModel_Alpha158_csi300_custom_step0_s_20260729_13,cfefdf6275a64229956ae9d9978353a1,0.061,,,
4038,2026-07-29,SH601988,0.0212698451483324,EXP_CatBoostModel_Alpha158_csi300_custom_step0_s_20260729_13,cfefdf6275a64229956ae9d9978353a1,0.061,,,
4039,2026-07-29,SH601939,0.015268692249893922,EXP_CatBoostModel_Alpha158_csi300_custom_step0_s_20260729_13,cfefdf6275a64229956ae9d9978353a1,0.061,,,
4040,2026-07-29,SH601919,0.007405372422080964,EXP_CatBoostModel_Alpha158_csi300_custom_step0_s_20260729_13,cfefdf6275a64229956ae9d9978353a1,0.061,,,
4041,2026-07-29,SH601916,0.021520017869336428,EXP_CatBoostModel_Alpha158_csi300_custom_step0_s_20260729_13,cfefdf6275a64229956ae9d9978353a1,0.061,,,
4042,2026-07-29,SH601901,0.021508737419400813,EXP_CatBoostModel_Alpha158_csi300_custom_step0_s_20260729_13,cfefdf6275a64229956ae9d9978353a1,0.061,,,
4043,2026-07-29,SH601899,-0.10040589477646321,EXP_CatBoostModel_Alpha158_csi300_custom_step0_s_20260729_13,cfefdf6275a64229956ae9d9978353a1,0.061,,,
4044,2026-07-29,SH601898,0.0058334030807888956,EXP_CatBoostModel_Alpha158_csi300_custom_step0_s_20260729_13,cfefdf6275a64229956ae9d9978353a1,0.061,,,
4045,2026-07-29,SH601888,-0.011410864961601923,EXP_CatBoostModel_Alpha158_csi300_custom_step0_s_20260729_13,cfefdf6275a64229956ae9d9978353a1,0.061,,,
4046,2026-07-29,SH601881,0.008923753746579976,EXP_CatBoostModel_Alpha158_csi300_custom_step0_s_20260729_13,cfefdf6275a64229956ae9d9978353a1,0.061,,,
4047,2026-07-29,SH601985,0.04512103226325102,EXP_CatBoostModel_Alpha158_csi300_custom_step0_s_20260729_13,cfefdf6275a64229956ae9d9978353a1,0.061,,,
4048,2026-07-29,SH601916,-0.003224656205938718,EXP_CatBoostModel_Alpha158_csi300_custom_step0_s_20260729_13,90e47a9432044bddb836c985ec09ae88,0.014,,,
4049,2026-07-29,SH601919,-0.0152033263393915,EXP_CatBoostModel_Alpha158_csi300_custom_step0_s_20260729_13,90e47a9432044bddb836c985ec09ae88,0.014,,,
4050,2026-07-29,SH601939,-0.00549529716142269,EXP_CatBoostModel_Alpha158_csi300_custom_step0_s_20260729_13,90e47a9432044bddb836c985ec09ae88,0.014,,,
4051,2026-07-29,SH601998,0.04102682013770967,EXP_LGBModel_Alpha158_csi300_custom_step0_s_20260729_13,4c2341a45f784df79e0118fc74a98905,0.063,,,
4052,2026-07-29,SH601995,-0.0275020533287319,EXP_LGBModel_Alpha158_csi300_custom_step0_s_20260729_13,4c2341a45f784df79e0118fc74a98905,0.063,,,
4053,2026-07-29,SH601988,0.06595289528265122,EXP_LGBModel_Alpha158_csi300_custom_step0_s_20260729_13,4c2341a45f784df79e0118fc74a98905,0.063,,,
4054,2026-07-29,SH601985,0.03688467719422013,EXP_LGBModel_Alpha158_csi300_custom_step0_s_20260729_13,4c2341a45f784df79e0118fc74a98905,0.063,,,
4055,2026-07-29,SH601939,0.041385452482178196,EXP_LGBModel_Alpha158_csi300_custom_step0_s_20260729_13,4c2341a45f784df79e0118fc74a98905,0.063,,,
4056,2026-07-29,SH601919,-0.008987989978779955,EXP_LGBModel_Alpha158_csi300_custom_step0_s_20260729_13,4c2341a45f784df79e0118fc74a98905,0.063,,,
4057,2026-07-29,SH601916,0.03856005973536381,EXP_LGBModel_Alpha158_csi300_custom_step0_s_20260729_13,4c2341a45f784df79e0118fc74a98905,0.063,,,
4058,2026-07-29,SH601901,0.012673286766502338,EXP_LGBModel_Alpha158_csi300_custom_step0_s_20260729_13,4c2341a45f784df79e0118fc74a98905,0.063,,,
4059,2026-07-29,SH601899,-0.14998461197418664,EXP_LGBModel_Alpha158_csi300_custom_step0_s_20260729_13,4c2341a45f784df79e0118fc74a98905,0.063,,,
4060,2026-07-29,SH601898,-0.0337701316522333,EXP_LGBModel_Alpha158_csi300_custom_step0_s_20260729_13,4c2341a45f784df79e0118fc74a98905,0.063,,,
4061,2026-07-29,SH601888,-0.025149489464310715,EXP_LGBModel_Alpha158_csi300_custom_step0_s_20260729_13,4c2341a45f784df79e0118fc74a98905,0.063,,,
4062,2026-07-29,SH601881,-0.016467448868840332,EXP_LGBModel_Alpha158_csi300_custom_step0_s_20260729_13,4c2341a45f784df79e0118fc74a98905,0.063,,,
4063,2026-07-29,SH601878,0.03484578674651452,EXP_LGBModel_Alpha158_csi300_custom_step0_s_20260729_13,4c2341a45f784df79e0118fc74a98905,0.063,,,
4064,2026-07-29,SH601877,-0.05816155936560492,EXP_LGBModel_Alpha158_csi300_custom_step0_s_20260729_13,4c2341a45f784df79e0118fc74a98905,0.063,,,
4065,2026-07-29,SH601872,-0.047515146684730405,EXP_LGBModel_Alpha158_csi300_custom_step0_s_20260729_13,4c2341a45f784df79e0118fc74a98905,0.063,,,
4066,2026-07-29,SH601868,-0.03436800102487291,EXP_LGBModel_Alpha158_csi300_custom_step0_s_20260729_13,4c2341a45f784df79e0118fc74a98905,0.063,,,
4067,2026-07-29,SH601857,0.03847856046329713,EXP_LGBModel_Alpha158_csi300_custom_step0_s_20260729_13,4c2341a45f784df79e0118fc74a98905,0.063,,,
4068,2026-07-29,SH603019,-0.011115810968658674,EXP_LGBModel_Alpha158_csi300_custom_step0_s_20260729_13,4c2341a45f784df79e0118fc74a98905,0.063,,,
4069,2026-07-29,SH601838,0.03172797287169474,EXP_LGBModel_Alpha158_csi300_custom_step0_s_20260729_13,4c2341a45f784df79e0118fc74a98905,0.063,,,
4070,2026-07-29,SH603259,-0.0793837186315768,EXP_LGBModel_Alpha158_csi300_custom_step0_s_20260729_13,4c2341a45f784df79e0118fc74a98905,0.063,,,
4071,2026-07-29,SH603288,0.024323922326416853,EXP_LGBModel_Alpha158_csi300_custom_step0_s_20260729_13,4c2341a45f784df79e0118fc74a98905,0.063,,,
4072,2026-07-29,SH688072,-0.03988362283485758,EXP_LGBModel_Alpha158_csi300_custom_step0_s_20260729_13,4c2341a45f784df79e0118fc74a98905,0.063,,,
4073,2026-07-29,SH688047,-0.015693444922497374,EXP_LGBModel_Alpha158_csi300_custom_step0_s_20260729_13,4c2341a45f784df79e0118fc74a98905,0.063,,,
4074,2026-07-29,SH688041,0.001192450850118982,EXP_LGBModel_Alpha158_csi300_custom_step0_s_20260729_13,4c2341a45f784df79e0118fc74a98905,0.063,,,
4075,2026-07-29,SH688036,-0.011593305498258781,EXP_LGBModel_Alpha158_csi300_custom_step0_s_20260729_13,4c2341a45f784df79e0118fc74a98905,0.063,,,
4076,2026-07-29,SH688012,0.010181811882606607,EXP_LGBModel_Alpha158_csi300_custom_step0_s_20260729_13,4c2341a45f784df79e0118fc74a98905,0.063,,,
4077,2026-07-29,SH688009,0.05388778663975724,EXP_LGBModel_Alpha158_csi300_custom_step0_s_20260729_13,4c2341a45f784df79e0118fc74a98905,0.063,,,
4078,2026-07-29,SH688008,0.020916908363320465,EXP_LGBModel_Alpha158_csi300_custom_step0_s_20260729_13,4c2341a45f784df79e0118fc74a98905,0.063,,,
4079,2026-07-29,SH605499,-0.07928819296069203,EXP_LGBModel_Alpha158_csi300_custom_step0_s_20260729_13,4c2341a45f784df79e0118fc74a98905,0.063,,,
4080,2026-07-29,SH605117,0.019665194945673523,EXP_LGBModel_Alpha158_csi300_custom_step0_s_20260729_13,4c2341a45f784df79e0118fc74a98905,0.063,,,
4081,2026-07-29,SH603993,-0.1402573174892788,EXP_LGBModel_Alpha158_csi300_custom_step0_s_20260729_13,4c2341a45f784df79e0118fc74a98905,0.063,,,
4082,2026-07-29,SH603986,0.00204776451380268,EXP_LGBModel_Alpha158_csi300_custom_step0_s_20260729_13,4c2341a45f784df79e0118fc74a98905,0.063,,,
4083,2026-07-29,SH603893,-0.01784956713488439,EXP_LGBModel_Alpha158_csi300_custom_step0_s_20260729_13,4c2341a45f784df79e0118fc74a98905,0.063,,,
4084,2026-07-29,SH603799,0.03965435175382216,EXP_LGBModel_Alpha158_csi300_custom_step0_s_20260729_13,4c2341a45f784df79e0118fc74a98905,0.063,,,
4085,2026-07-29,SH603501,-0.011065899176684272,EXP_LGBModel_Alpha158_csi300_custom_step0_s_20260729_13,4c2341a45f784df79e0118fc74a98905,0.063,,,
4086,2026-07-29,SH603392,-0.02850422438792003,EXP_LGBModel_Alpha158_csi300_custom_step0_s_20260729_13,4c2341a45f784df79e0118fc74a98905,0.063,,,
4087,2026-07-29,SH603369,-0.024708360978255323,EXP_LGBModel_Alpha158_csi300_custom_step0_s_20260729_13,4c2341a45f784df79e0118fc74a98905,0.063,,,
4088,2026-07-29,SH603296,-0.10612431584852057,EXP_LGBModel_Alpha158_csi300_custom_step0_s_20260729_13,4c2341a45f784df79e0118fc74a98905,0.063,,,
4089,2026-07-29,SH603260,0.0098080041628879,EXP_LGBModel_Alpha158_csi300_custom_step0_s_20260729_13,4c2341a45f784df79e0118fc74a98905,0.063,,,
4090,2026-07-29,SH688082,0.023447274360497945,EXP_LGBModel_Alpha158_csi300_custom_step0_s_20260729_13,4c2341a45f784df79e0118fc74a98905,0.063,,,
4091,2026-07-29,SH601825,0.04985194771376861,EXP_LGBModel_Alpha158_csi300_custom_step0_s_20260729_13,4c2341a45f784df79e0118fc74a98905,0.063,,,
4092,2026-07-29,SH601816,0.022904737989345822,EXP_LGBModel_Alpha158_csi300_custom_step0_s_20260729_13,4c2341a45f784df79e0118fc74a98905,0.063,,,
4093,2026-07-29,SH601360,-0.07964509731096679,EXP_LGBModel_Alpha158_csi300_custom_step0_s_20260729_13,4c2341a45f784df79e0118fc74a98905,0.063,,,
4094,2026-07-29,SH601336,-0.0024990528776108823,EXP_LGBModel_Alpha158_csi300_custom_step0_s_20260729_13,4c2341a45f784df79e0118fc74a98905,0.063,,,
4095,2026-07-29,SH601328,0.05809312745522606,EXP_LGBModel_Alpha158_csi300_custom_step0_s_20260729_13,4c2341a45f784df79e0118fc74a98905,0.063,,,
4096,2026-07-29,SH601319,0.032692630165428775,EXP_LGBModel_Alpha158_csi300_custom_step0_s_20260729_13,4c2341a45f784df79e0118fc74a98905,0.063,,,
4097,2026-07-29,SH601318,-0.0005955051189681912,EXP_LGBModel_Alpha158_csi300_custom_step0_s_20260729_13,4c2341a45f784df79e0118fc74a98905,0.063,,,
4098,2026-07-29,SH601288,0.03047304332788117,EXP_LGBModel_Alpha158_csi300_custom_step0_s_20260729_13,4c2341a45f784df79e0118fc74a98905,0.063,,,
4099,2026-07-29,SH601238,-0.03110711355652785,EXP_LGBModel_Alpha158_csi300_custom_step0_s_20260729_13,4c2341a45f784df79e0118fc74a98905,0.063,,,
4100,2026-07-29,SH601229,0.06511813304618272,EXP_LGBModel_Alpha158_csi300_custom_step0_s_20260729_13,4c2341a45f784df79e0118fc74a98905,0.063,,,
4101,2026-07-29,SH601225,-0.012799420155966678,EXP_LGBModel_Alpha158_csi300_custom_step0_s_20260729_13,4c2341a45f784df79e0118fc74a98905,0.063,,,
4102,2026-07-29,SH601211,-0.038106125106199845,EXP_LGBModel_Alpha158_csi300_custom_step0_s_20260729_13,4c2341a45f784df79e0118fc74a98905,0.063,,,
4103,2026-07-29,SH601186,0.04047776991713701,EXP_LGBModel_Alpha158_csi300_custom_step0_s_20260729_13,4c2341a45f784df79e0118fc74a98905,0.063,,,
4104,2026-07-29,SH601169,0.04267830391391251,EXP_LGBModel_Alpha158_csi300_custom_step0_s_20260729_13,4c2341a45f784df79e0118fc74a98905,0.063,,,
4105,2026-07-29,SH601166,0.05394306911605347,EXP_LGBModel_Alpha158_csi300_custom_step0_s_20260729_13,4c2341a45f784df79e0118fc74a98905,0.063,,,
4106,2026-07-29,SH601138,0.021411407078999984,EXP_LGBModel_Alpha158_csi300_custom_step0_s_20260729_13,4c2341a45f784df79e0118fc74a98905,0.063,,,
4107,2026-07-29,SH601136,0.02783862765713712,EXP_LGBModel_Alpha158_csi300_custom_step0_s_20260729_13,4c2341a45f784df79e0118fc74a98905,0.063,,,
4108,2026-07-29,SH601127,-0.0483775035275801,EXP_LGBModel_Alpha158_csi300_custom_step0_s_20260729_13,4c2341a45f784df79e0118fc74a98905,0.063,,,
4109,2026-07-29,SH601117,-0.0206419720527053,EXP_LGBModel_Alpha158_csi300_custom_step0_s_20260729_13,4c2341a45f784df79e0118fc74a98905,0.063,,,
4110,2026-07-29,SH601377,0.01834941308035627,EXP_LGBModel_Alpha158_csi300_custom_step0_s_20260729_13,4c2341a45f784df79e0118fc74a98905,0.063,,,
4111,2026-07-29,SH601818,0.05937809622760547,EXP_LGBModel_Alpha158_csi300_custom_step0_s_20260729_13,4c2341a45f784df79e0118fc74a98905,0.063,,,
4112,2026-07-29,SH601390,0.009863094112035183,EXP_LGBModel_Alpha158_csi300_custom_step0_s_20260729_13,4c2341a45f784df79e0118fc74a98905,0.063,,,
4113,2026-07-29,SH601456,0.019912222565593364,EXP_LGBModel_Alpha158_csi300_custom_step0_s_20260729_13,4c2341a45f784df79e0118fc74a98905,0.063,,,
4114,2026-07-29,SH601800,-0.009438675221158073,EXP_LGBModel_Alpha158_csi300_custom_step0_s_20260729_13,4c2341a45f784df79e0118fc74a98905,0.063,,,
4115,2026-07-29,SH601788,0.03903290345238597,EXP_LGBModel_Alpha158_csi300_custom_step0_s_20260729_13,4c2341a45f784df79e0118fc74a98905,0.063,,,
4116,2026-07-29,SH601766,-0.008195564722948445,EXP_LGBModel_Alpha158_csi300_custom_step0_s_20260729_13,4c2341a45f784df79e0118fc74a98905,0.063,,,
4117,2026-07-29,SH601728,0.0521173993029797,EXP_LGBModel_Alpha158_csi300_custom_step0_s_20260729_13,4c2341a45f784df79e0118fc74a98905,0.063,,,
4118,2026-07-29,SH601727,-0.04615884789936883,EXP_LGBModel_Alpha158_csi300_custom_step0_s_20260729_13,4c2341a45f784df79e0118fc74a98905,0.063,,,
4119,2026-07-29,SH601698,-0.0005603895986593505,EXP_LGBModel_Alpha158_csi300_custom_step0_s_20260729_13,4c2341a45f784df79e0118fc74a98905,0.063,,,
4120,2026-07-29,SH601689,-0.0172325907654465,EXP_LGBModel_Alpha158_csi300_custom_step0_s_20260729_13,4c2341a45f784df79e0118fc74a98905,0.063,,,
4121,2026-07-29,SH601688,-0.023485207582059048,EXP_LGBModel_Alpha158_csi300_custom_step0_s_20260729_13,4c2341a45f784df79e0118fc74a98905,0.063,,,
4122,2026-07-29,SH601669,-0.011780280374309338,EXP_LGBModel_Alpha158_csi300_custom_step0_s_20260729_13,4c2341a45f784df79e0118fc74a98905,0.063,,,
4123,2026-07-29,SH601668,0.0485632623903597,EXP_LGBModel_Alpha158_csi300_custom_step0_s_20260729_13,4c2341a45f784df79e0118fc74a98905,0.063,,,
4124,2026-07-29,SH601658,0.058034895418137576,EXP_LGBModel_Alpha158_csi300_custom_step0_s_20260729_13,4c2341a45f784df79e0118fc74a98905,0.063,,,
4125,2026-07-29,SH601633,-0.020492136473831857,EXP_LGBModel_Alpha158_csi300_custom_step0_s_20260729_13,4c2341a45f784df79e0118fc74a98905,0.063,,,
4126,2026-07-29,SH601628,-0.01674349489345069,EXP_LGBModel_Alpha158_csi300_custom_step0_s_20260729_13,4c2341a45f784df79e0118fc74a98905,0.063,,,
4127,2026-07-29,SH601618,0.013443703646543775,EXP_LGBModel_Alpha158_csi300_custom_step0_s_20260729_13,4c2341a45f784df79e0118fc74a98905,0.063,,,
4128,2026-07-29,SH601607,0.012723380714865014,EXP_LGBModel_Alpha158_csi300_custom_step0_s_20260729_13,4c2341a45f784df79e0118fc74a98905,0.063,,,
4129,2026-07-29,SH601601,-0.04560400292499554,EXP_LGBModel_Alpha158_csi300_custom_step0_s_20260729_13,4c2341a45f784df79e0118fc74a98905,0.063,,,
4130,2026-07-29,SH601600,-0.06419245123028612,EXP_LGBModel_Alpha158_csi300_custom_step0_s_20260729_13,4c2341a45f784df79e0118fc74a98905,0.063,,,
4131,2026-07-29,SH601398,0.01559515527396698,EXP_LGBModel_Alpha158_csi300_custom_step0_s_20260729_13,4c2341a45f784df79e0118fc74a98905,0.063,,,
4132,2026-07-29,SH601111,0.0012148383648775203,EXP_LGBModel_Alpha158_csi300_custom_step0_s_20260729_13,4c2341a45f784df79e0118fc74a98905,0.063,,,
4133,2026-07-29,SH688111,-0.15606343590747826,EXP_LGBModel_Alpha158_csi300_custom_step0_s_20260729_13,4c2341a45f784df79e0118fc74a98905,0.063,,,
4134,2026-07-29,SH688183,0.025280663319792247,EXP_LGBModel_Alpha158_csi300_custom_step0_s_20260729_13,4c2341a45f784df79e0118fc74a98905,0.063,,,
4135,2026-07-29,SZ002304,-0.01681604011807904,EXP_LGBModel_Alpha158_csi300_custom_step0_s_20260729_13,4c2341a45f784df79e0118fc74a98905,0.063,,,
4136,2026-07-29,SZ002241,-0.012362428391513369,EXP_LGBModel_Alpha158_csi300_custom_step0_s_20260729_13,4c2341a45f784df79e0118fc74a98905,0.063,,,
4137,2026-07-29,SZ002236,-0.030387784635758457,EXP_LGBModel_Alpha158_csi300_custom_step0_s_20260729_13,4c2341a45f784df79e0118fc74a98905,0.063,,,
4138,2026-07-29,SZ002230,-0.05906620951134537,EXP_LGBModel_Alpha158_csi300_custom_step0_s_20260729_13,4c2341a45f784df79e0118fc74a98905,0.063,,,
4139,2026-07-29,SZ002202,0.0253968832821994,EXP_LGBModel_Alpha158_csi300_custom_step0_s_20260729_13,4c2341a45f784df79e0118fc74a98905,0.063,,,
4140,2026-07-29,SZ002179,0.07304501075389241,EXP_LGBModel_Alpha158_csi300_custom_step0_s_20260729_13,4c2341a45f784df79e0118fc74a98905,0.063,,,
4141,2026-07-29,SZ002142,0.04309553917881379,EXP_LGBModel_Alpha158_csi300_custom_step0_s_20260729_13,4c2341a45f784df79e0118fc74a98905,0.063,,,
4142,2026-07-29,SZ002074,-0.11356152393110852,EXP_LGBModel_Alpha158_csi300_custom_step0_s_20260729_13,4c2341a45f784df79e0118fc74a98905,0.063,,,
4143,2026-07-29,SZ002050,-0.03333957394969867,EXP_LGBModel_Alpha158_csi300_custom_step0_s_20260729_13,4c2341a45f784df79e0118fc74a98905,0.063,,,
4144,2026-07-29,SZ002049,0.029239210412326022,EXP_LGBModel_Alpha158_csi300_custom_step0_s_20260729_13,4c2341a45f784df79e0118fc74a98905,0.063,,,
4145,2026-07-29,SZ002028,-0.14772228763892403,EXP_LGBModel_Alpha158_csi300_custom_step0_s_20260729_13,4c2341a45f784df79e0118fc74a98905,0.063,,,
4146,2026-07-29,SZ002027,-0.01344678893041598,EXP_LGBModel_Alpha158_csi300_custom_step0_s_20260729_13,4c2341a45f784df79e0118fc74a98905,0.063,,,
4147,2026-07-29,SZ002001,-0.08340512672244417,EXP_LGBModel_Alpha158_csi300_custom_step0_s_20260729_13,4c2341a45f784df79e0118fc74a98905,0.063,,,
4148,2026-07-29,SZ001979,-0.0364918454670689,EXP_LGBModel_Alpha158_csi300_custom_step0_s_20260729_13,4c2341a45f784df79e0118fc74a98905,0.063,,,
4149,2026-07-29,SZ001965,0.0015194555852079583,EXP_LGBModel_Alpha158_csi300_custom_step0_s_20260729_13,4c2341a45f784df79e0118fc74a98905,0.063,,,
4150,2026-07-29,SZ001391,0.01121986853010075,EXP_LGBModel_Alpha158_csi300_custom_step0_s_20260729_13,4c2341a45f784df79e0118fc74a98905,0.063,,,
4151,2026-07-29,SZ001280,-0.030337806823331172,EXP_LGBModel_Alpha158_csi300_custom_step0_s_20260729_13,4c2341a45f784df79e0118fc74a98905,0.063,,,
4152,2026-07-29,SZ002311,0.011779755093753721,EXP_LGBModel_Alpha158_csi300_custom_step0_s_20260729_13,4c2341a45f784df79e0118fc74a98905,0.063,,,
4153,2026-07-29,SZ000999,0.015898340158147648,EXP_LGBModel_Alpha158_csi300_custom_step0_s_20260729_13,4c2341a45f784df79e0118fc74a98905,0.063,,,
4154,2026-07-29,SZ002352,0.024690640542835905,EXP_LGBModel_Alpha158_csi300_custom_step0_s_20260729_13,4c2341a45f784df79e0118fc74a98905,0.063,,,
4155,2026-07-29,SZ002371,-0.022552016998144294,EXP_LGBModel_Alpha158_csi300_custom_step0_s_20260729_13,4c2341a45f784df79e0118fc74a98905,0.063,,,
4156,2026-07-29,SZ002714,-0.041386048968764945,EXP_LGBModel_Alpha158_csi300_custom_step0_s_20260729_13,4c2341a45f784df79e0118fc74a98905,0.063,,,
4157,2026-07-29,SZ002709,0.038721301820852636,EXP_LGBModel_Alpha158_csi300_custom_step0_s_20260729_13,4c2341a45f784df79e0118fc74a98905,0.063,,,
4158,2026-07-29,SZ002648,-0.07071789844048124,EXP_LGBModel_Alpha158_csi300_custom_step0_s_20260729_13,4c2341a45f784df79e0118fc74a98905,0.063,,,
4159,2026-07-29,SZ002625,-0.12189126198898181,EXP_LGBModel_Alpha158_csi300_custom_step0_s_20260729_13,4c2341a45f784df79e0118fc74a98905,0.063,,,
4160,2026-07-29,SZ002602,-0.05679309598312252,EXP_LGBModel_Alpha158_csi300_custom_step0_s_20260729_13,4c2341a45f784df79e0118fc74a98905,0.063,,,
4161,2026-07-29,SZ002600,0.02229463791990409,EXP_LGBModel_Alpha158_csi300_custom_step0_s_20260729_13,4c2341a45f784df79e0118fc74a98905,0.063,,,
4162,2026-07-29,SZ002594,0.007055492463443776,EXP_LGBModel_Alpha158_csi300_custom_step0_s_20260729_13,4c2341a45f784df79e0118fc74a98905,0.063,,,
4163,2026-07-29,SZ002558,0.04835851848032094,EXP_LGBModel_Alpha158_csi300_custom_step0_s_20260729_13,4c2341a45f784df79e0118fc74a98905,0.063,,,
4164,2026-07-29,SZ002532,-0.013086067263320036,EXP_LGBModel_Alpha158_csi300_custom_step0_s_20260729_13,4c2341a45f784df79e0118fc74a98905,0.063,,,
4165,2026-07-29,SZ002493,-0.11240418903313863,EXP_LGBModel_Alpha158_csi300_custom_step0_s_20260729_13,4c2341a45f784df79e0118fc74a98905,0.063,,,
4166,2026-07-29,SZ002475,-0.10760775840811729,EXP_LGBModel_Alpha158_csi300_custom_step0_s_20260729_13,4c2341a45f784df79e0118fc74a98905,0.063,,,
4167,2026-07-29,SZ002466,0.04528787987662379,EXP_LGBModel_Alpha158_csi300_custom_step0_s_20260729_13,4c2341a45f784df79e0118fc74a98905,0.063,,,
4168,2026-07-29,SZ002463,0.030946788181698395,EXP_LGBModel_Alpha158_csi300_custom_step0_s_20260729_13,4c2341a45f784df79e0118fc74a98905,0.063,,,
4169,2026-07-29,SZ002460,0.04837616515551517,EXP_LGBModel_Alpha158_csi300_custom_step0_s_20260729_13,4c2341a45f784df79e0118fc74a98905,0.063,,,
4170,2026-07-29,SZ002422,0.026916437034532965,EXP_LGBModel_Alpha158_csi300_custom_step0_s_20260729_13,4c2341a45f784df79e0118fc74a98905,0.063,,,
4171,2026-07-29,SZ002415,-0.06304690930180058,EXP_LGBModel_Alpha158_csi300_custom_step0_s_20260729_13,4c2341a45f784df79e0118fc74a98905,0.063,,,
4172,2026-07-29,SZ002384,0.024919191736135247,EXP_LGBModel_Alpha158_csi300_custom_step0_s_20260729_13,4c2341a45f784df79e0118fc74a98905,0.063,,,
4173,2026-07-29,SZ002353,-0.030488241903325188,EXP_LGBModel_Alpha158_csi300_custom_step0_s_20260729_13,4c2341a45f784df79e0118fc74a98905,0.063,,,
4174,2026-07-29,SH688126,0.02344892889093824,EXP_LGBModel_Alpha158_csi300_custom_step0_s_20260729_13,4c2341a45f784df79e0118fc74a98905,0.063,,,
4175,2026-07-29,SZ000988,0.03876708831890089,EXP_LGBModel_Alpha158_csi300_custom_step0_s_20260729_13,4c2341a45f784df79e0118fc74a98905,0.063,,,
4176,2026-07-29,SZ000975,-0.05717300248225465,EXP_LGBModel_Alpha158_csi300_custom_step0_s_20260729_13,4c2341a45f784df79e0118fc74a98905,0.063,,,
4177,2026-07-29,SZ000333,0.03317591985869982,EXP_LGBModel_Alpha158_csi300_custom_step0_s_20260729_13,4c2341a45f784df79e0118fc74a98905,0.063,,,
4178,2026-07-29,SZ000301,-0.06529843790071281,EXP_LGBModel_Alpha158_csi300_custom_step0_s_20260729_13,4c2341a45f784df79e0118fc74a98905,0.063,,,
4179,2026-07-29,SZ000166,0.04609472006376898,EXP_LGBModel_Alpha158_csi300_custom_step0_s_20260729_13,4c2341a45f784df79e0118fc74a98905,0.063,,,
4180,2026-07-29,SZ000157,-0.008440573630324666,EXP_LGBModel_Alpha158_csi300_custom_step0_s_20260729_13,4c2341a45f784df79e0118fc74a98905,0.063,,,
4181,2026-07-29,SZ000100,-0.10936046179128865,EXP_LGBModel_Alpha158_csi300_custom_step0_s_20260729_13,4c2341a45f784df79e0118fc74a98905,0.063,,,
4182,2026-07-29,SZ000063,-0.07711304610625308,EXP_LGBModel_Alpha158_csi300_custom_step0_s_20260729_13,4c2341a45f784df79e0118fc74a98905,0.063,,,
4183,2026-07-29,SZ000002,-0.03739712300193739,EXP_LGBModel_Alpha158_csi300_custom_step0_s_20260729_13,4c2341a45f784df79e0118fc74a98905,0.063,,,
4184,2026-07-29,SZ000001,0.03299717332249856,EXP_LGBModel_Alpha158_csi300_custom_step0_s_20260729_13,4c2341a45f784df79e0118fc74a98905,0.063,,,
4185,2026-07-29,SH688981,0.00023322709971462254,EXP_LGBModel_Alpha158_csi300_custom_step0_s_20260729_13,4c2341a45f784df79e0118fc74a98905,0.063,,,
4186,2026-07-29,SH688521,0.06084391774988717,EXP_LGBModel_Alpha158_csi300_custom_step0_s_20260729_13,4c2341a45f784df79e0118fc74a98905,0.063,,,
4187,2026-07-29,SH688506,0.04318790118929719,EXP_LGBModel_Alpha158_csi300_custom_step0_s_20260729_13,4c2341a45f784df79e0118fc74a98905,0.063,,,
4188,2026-07-29,SH688472,-0.06173937088216943,EXP_LGBModel_Alpha158_csi300_custom_step0_s_20260729_13,4c2341a45f784df79e0118fc74a98905,0.063,,,
4189,2026-07-29,SH688396,0.04111136295738513,EXP_LGBModel_Alpha158_csi300_custom_step0_s_20260729_13,4c2341a45f784df79e0118fc74a98905,0.063,,,
4190,2026-07-29,SH688303,-0.051430221202972595,EXP_LGBModel_Alpha158_csi300_custom_step0_s_20260729_13,4c2341a45f784df79e0118fc74a98905,0.063,,,
4191,2026-07-29,SH688271,-0.030570640581408202,EXP_LGBModel_Alpha158_csi300_custom_step0_s_20260729_13,4c2341a45f784df79e0118fc74a98905,0.063,,,
4192,2026-07-29,SH688256,0.003403065030788618,EXP_LGBModel_Alpha158_csi300_custom_step0_s_20260729_13,4c2341a45f784df79e0118fc74a98905,0.063,,,
4193,2026-07-29,SH688223,0.020580738604058957,EXP_LGBModel_Alpha158_csi300_custom_step0_s_20260729_13,4c2341a45f784df79e0118fc74a98905,0.063,,,
4194,2026-07-29,SZ000338,-0.06835987398168786,EXP_LGBModel_Alpha158_csi300_custom_step0_s_20260729_13,4c2341a45f784df79e0118fc74a98905,0.063,,,
4195,2026-07-29,SZ000977,0.03296972567871274,EXP_LGBModel_Alpha158_csi300_custom_step0_s_20260729_13,4c2341a45f784df79e0118fc74a98905,0.063,,,
4196,2026-07-29,SZ000408,-0.04736063882002009,EXP_LGBModel_Alpha158_csi300_custom_step0_s_20260729_13,4c2341a45f784df79e0118fc74a98905,0.063,,,
4197,2026-07-29,SZ000538,0.018426828480759945,EXP_LGBModel_Alpha158_csi300_custom_step0_s_20260729_13,4c2341a45f784df79e0118fc74a98905,0.063,,,
4198,2026-07-29,SZ000963,-0.05199491056409633,EXP_LGBModel_Alpha158_csi300_custom_step0_s_20260729_13,4c2341a45f784df79e0118fc74a98905,0.063,,,
4199,2026-07-29,SZ000938,0.03058781294318871,EXP_LGBModel_Alpha158_csi300_custom_step0_s_20260729_13,4c2341a45f784df79e0118fc74a98905,0.063,,,
4200,2026-07-29,SZ000895,0.009658257311557839,EXP_LGBModel_Alpha158_csi300_custom_step0_s_20260729_13,4c2341a45f784df79e0118fc74a98905,0.063,,,
4201,2026-07-29,SZ000858,0.010963281196965893,EXP_LGBModel_Alpha158_csi300_custom_step0_s_20260729_13,4c2341a45f784df79e0118fc74a98905,0.063,,,
4202,2026-07-29,SZ000807,-0.019437094741692282,EXP_LGBModel_Alpha158_csi300_custom_step0_s_20260729_13,4c2341a45f784df79e0118fc74a98905,0.063,,,
4203,2026-07-29,SZ000792,-0.0787802704117163,EXP_LGBModel_Alpha158_csi300_custom_step0_s_20260729_13,4c2341a45f784df79e0118fc74a98905,0.063,,,
4204,2026-07-29,SZ000776,-0.12083766848303129,EXP_LGBModel_Alpha158_csi300_custom_step0_s_20260729_13,4c2341a45f784df79e0118fc74a98905,0.063,,,
4205,2026-07-29,SZ000768,0.00026239420037331754,EXP_LGBModel_Alpha158_csi300_custom_step0_s_20260729_13,4c2341a45f784df79e0118fc74a98905,0.063,,,
4206,2026-07-29,SZ000725,-0.01468940943966778,EXP_LGBModel_Alpha158_csi300_custom_step0_s_20260729_13,4c2341a45f784df79e0118fc74a98905,0.063,,,
4207,2026-07-29,SZ000708,-0.012023736652092236,EXP_LGBModel_Alpha158_csi300_custom_step0_s_20260729_13,4c2341a45f784df79e0118fc74a98905,0.063,,,
4208,2026-07-29,SZ000657,0.0038553882768108862,EXP_LGBModel_Alpha158_csi300_custom_step0_s_20260729_13,4c2341a45f784df79e0118fc74a98905,0.063,,,
4209,2026-07-29,SZ000651,0.031087995871318826,EXP_LGBModel_Alpha158_csi300_custom_step0_s_20260729_13,4c2341a45f784df79e0118fc74a98905,0.063,,,
4210,2026-07-29,SZ000630,-0.045376350848982595,EXP_LGBModel_Alpha158_csi300_custom_step0_s_20260729_13,4c2341a45f784df79e0118fc74a98905,0.063,,,
4211,2026-07-29,SZ000625,0.002508925377766582,EXP_LGBModel_Alpha158_csi300_custom_step0_s_20260729_13,4c2341a45f784df79e0118fc74a98905,0.063,,,
4212,2026-07-29,SZ000617,-0.03157923610267324,EXP_LGBModel_Alpha158_csi300_custom_step0_s_20260729_13,4c2341a45f784df79e0118fc74a98905,0.063,,,
4213,2026-07-29,SZ000596,-0.0578521102614053,EXP_LGBModel_Alpha158_csi300_custom_step0_s_20260729_13,4c2341a45f784df79e0118fc74a98905,0.063,,,
4214,2026-07-29,SZ000568,-0.015730517793375302,EXP_LGBModel_Alpha158_csi300_custom_step0_s_20260729_13,4c2341a45f784df79e0118fc74a98905,0.063,,,
4215,2026-07-29,SZ000425,-0.08404806926546826,EXP_LGBModel_Alpha158_csi300_custom_step0_s_20260729_13,4c2341a45f784df79e0118fc74a98905,0.063,,,
4216,2026-07-29,SH601100,-0.00028200251432152195,EXP_LGBModel_Alpha158_csi300_custom_step0_s_20260729_13,4c2341a45f784df79e0118fc74a98905,0.063,,,
4217,2026-07-29,SH601088,0.024922502203802314,EXP_LGBModel_Alpha158_csi300_custom_step0_s_20260729_13,4c2341a45f784df79e0118fc74a98905,0.063,,,
4218,2026-07-29,SH601077,-0.015134879678239324,EXP_LGBModel_Alpha158_csi300_custom_step0_s_20260729_13,4c2341a45f784df79e0118fc74a98905,0.063,,,
4219,2026-07-29,SZ300502,0.006288729917236861,EXP_LGBModel_Alpha158_csi300_custom_step0_s_20260729_13,cf68003418734499bf0d0bd4ca1e8057,0.061,,,
4220,2026-07-29,SZ300498,0.02051504569690974,EXP_LGBModel_Alpha158_csi300_custom_step0_s_20260729_13,cf68003418734499bf0d0bd4ca1e8057,0.061,,,
4221,2026-07-29,SZ300476,0.02184678575390089,EXP_LGBModel_Alpha158_csi300_custom_step0_s_20260729_13,cf68003418734499bf0d0bd4ca1e8057,0.061,,,
4222,2026-07-29,SZ300450,-0.004859316922362722,EXP_LGBModel_Alpha158_csi300_custom_step0_s_20260729_13,cf68003418734499bf0d0bd4ca1e8057,0.061,,,
4223,2026-07-29,SZ300442,0.00023312056913980285,EXP_LGBModel_Alpha158_csi300_custom_step0_s_20260729_13,cf68003418734499bf0d0bd4ca1e8057,0.061,,,
4224,2026-07-29,SZ300433,0.0064557269251639795,EXP_LGBModel_Alpha158_csi300_custom_step0_s_20260729_13,cf68003418734499bf0d0bd4ca1e8057,0.061,,,
4225,2026-07-29,SZ300418,-0.009749767676391588,EXP_LGBModel_Alpha158_csi300_custom_step0_s_20260729_13,cf68003418734499bf0d0bd4ca1e8057,0.061,,,
4226,2026-07-29,SZ300413,-0.0028467041807637462,EXP_LGBModel_Alpha158_csi300_custom_step0_s_20260729_13,cf68003418734499bf0d0bd4ca1e8057,0.061,,,
4227,2026-07-29,SZ300408,-0.012871298337072415,EXP_LGBModel_Alpha158_csi300_custom_step0_s_20260729_13,cf68003418734499bf0d0bd4ca1e8057,0.061,,,
4228,2026-07-29,SZ300394,0.012077299986618951,EXP_LGBModel_Alpha158_csi300_custom_step0_s_20260729_13,cf68003418734499bf0d0bd4ca1e8057,0.061,,,
4229,2026-07-29,SZ300316,-0.0018531759863699465,EXP_LGBModel_Alpha158_csi300_custom_step0_s_20260729_13,cf68003418734499bf0d0bd4ca1e8057,0.061,,,
4230,2026-07-29,SZ300308,0.008090089990262214,EXP_LGBModel_Alpha158_csi300_custom_step0_s_20260729_13,cf68003418734499bf0d0bd4ca1e8057,0.061,,,
4231,2026-07-29,SZ300274,0.010318395332376587,EXP_LGBModel_Alpha158_csi300_custom_step0_s_20260729_13,cf68003418734499bf0d0bd4ca1e8057,0.061,,,
4232,2026-07-29,SZ300251,-0.022969208193021742,EXP_LGBModel_Alpha158_csi300_custom_step0_s_20260729_13,cf68003418734499bf0d0bd4ca1e8057,0.061,,,
4233,2026-07-29,SZ300124,-0.004761928261380997,EXP_LGBModel_Alpha158_csi300_custom_step0_s_20260729_13,cf68003418734499bf0d0bd4ca1e8057,0.061,,,
4234,2026-07-29,SZ300122,-0.022210623184508196,EXP_LGBModel_Alpha158_csi300_custom_step0_s_20260729_13,cf68003418734499bf0d0bd4ca1e8057,0.061,,,
4235,2026-07-29,SZ300059,-0.022982750275758766,EXP_LGBModel_Alpha158_csi300_custom_step0_s_20260729_13,cf68003418734499bf0d0bd4ca1e8057,0.061,,,
4236,2026-07-29,SZ300628,-0.05788767601854955,EXP_LGBModel_Alpha158_csi300_custom_step0_s_20260729_13,cf68003418734499bf0d0bd4ca1e8057,0.061,,,
4237,2026-07-29,SZ300033,-0.06919190489739908,EXP_LGBModel_Alpha158_csi300_custom_step0_s_20260729_13,cf68003418734499bf0d0bd4ca1e8057,0.061,,,
4238,2026-07-29,SZ300661,0.005896295498411641,EXP_LGBModel_Alpha158_csi300_custom_step0_s_20260729_13,cf68003418734499bf0d0bd4ca1e8057,0.061,,,
4239,2026-07-29,SZ300760,-0.005418549027559609,EXP_LGBModel_Alpha158_csi300_custom_step0_s_20260729_13,cf68003418734499bf0d0bd4ca1e8057,0.061,,,
4240,2026-07-29,SH600018,0.03892315653404114,EXP_LGBModel_Alpha158_csi300_custom_step0_s_20260729_13,4c2341a45f784df79e0118fc74a98905,0.063,,,
4241,2026-07-29,SH600016,0.051973393882511786,EXP_LGBModel_Alpha158_csi300_custom_step0_s_20260729_13,4c2341a45f784df79e0118fc74a98905,0.063,,,
4242,2026-07-29,SH600015,0.060078338175794256,EXP_LGBModel_Alpha158_csi300_custom_step0_s_20260729_13,4c2341a45f784df79e0118fc74a98905,0.063,,,
4243,2026-07-29,SH600011,-0.050462897919990035,EXP_LGBModel_Alpha158_csi300_custom_step0_s_20260729_13,4c2341a45f784df79e0118fc74a98905,0.063,,,
4244,2026-07-29,SH600010,-0.019714948292460188,EXP_LGBModel_Alpha158_csi300_custom_step0_s_20260729_13,4c2341a45f784df79e0118fc74a98905,0.063,,,
4245,2026-07-29,SH600009,0.021315477757324792,EXP_LGBModel_Alpha158_csi300_custom_step0_s_20260729_13,4c2341a45f784df79e0118fc74a98905,0.063,,,
4246,2026-07-29,SH600000,0.038878425032432384,EXP_LGBModel_Alpha158_csi300_custom_step0_s_20260729_13,4c2341a45f784df79e0118fc74a98905,0.063,,,
4247,2026-07-29,SZ302132,-0.008675092318663416,EXP_LGBModel_Alpha158_csi300_custom_step0_s_20260729_13,cf68003418734499bf0d0bd4ca1e8057,0.061,,,
4248,2026-07-29,SZ301308,0.0073424329585290455,EXP_LGBModel_Alpha158_csi300_custom_step0_s_20260729_13,cf68003418734499bf0d0bd4ca1e8057,0.061,,,
4249,2026-07-29,SZ301269,-0.011602877227370583,EXP_LGBModel_Alpha158_csi300_custom_step0_s_20260729_13,cf68003418734499bf0d0bd4ca1e8057,0.061,,,
4250,2026-07-29,SZ301236,-0.044657217003997475,EXP_LGBModel_Alpha158_csi300_custom_step0_s_20260729_13,cf68003418734499bf0d0bd4ca1e8057,0.061,,,
4251,2026-07-29,SZ301165,0.023150503582457974,EXP_LGBModel_Alpha158_csi300_custom_step0_s_20260729_13,cf68003418734499bf0d0bd4ca1e8057,0.061,,,
4252,2026-07-29,SZ300999,-0.006813989252113891,EXP_LGBModel_Alpha158_csi300_custom_step0_s_20260729_13,cf68003418734499bf0d0bd4ca1e8057,0.061,,,
4253,2026-07-29,SZ300896,0.04086575164379997,EXP_LGBModel_Alpha158_csi300_custom_step0_s_20260729_13,cf68003418734499bf0d0bd4ca1e8057,0.061,,,
4254,2026-07-29,SZ300866,0.03759134670717372,EXP_LGBModel_Alpha158_csi300_custom_step0_s_20260729_13,cf68003418734499bf0d0bd4ca1e8057,0.061,,,
4255,2026-07-29,SZ300832,-0.0007323105341757898,EXP_LGBModel_Alpha158_csi300_custom_step0_s_20260729_13,cf68003418734499bf0d0bd4ca1e8057,0.061,,,
4256,2026-07-29,SZ300803,0.007686708162322523,EXP_LGBModel_Alpha158_csi300_custom_step0_s_20260729_13,cf68003418734499bf0d0bd4ca1e8057,0.061,,,
4257,2026-07-29,SZ300750,-0.07738576278888042,EXP_LGBModel_Alpha158_csi300_custom_step0_s_20260729_13,cf68003418734499bf0d0bd4ca1e8057,0.061,,,
4258,2026-07-29,SH600019,0.0077049538338195825,EXP_LGBModel_Alpha158_csi300_custom_step0_s_20260729_13,4c2341a45f784df79e0118fc74a98905,0.063,,,
4259,2026-07-29,SZ300015,-0.0015383886042463668,EXP_LGBModel_Alpha158_csi300_custom_step0_s_20260729_13,cf68003418734499bf0d0bd4ca1e8057,0.061,,,
4260,2026-07-29,SZ003816,0.007540146366381688,EXP_LGBModel_Alpha158_csi300_custom_step0_s_20260729_13,cf68003418734499bf0d0bd4ca1e8057,0.061,,,
4261,2026-07-29,SZ002384,0.01613179885233031,EXP_LGBModel_Alpha158_csi300_custom_step0_s_20260729_13,cf68003418734499bf0d0bd4ca1e8057,0.061,,,
4262,2026-07-29,SZ002371,-0.04529517442223604,EXP_LGBModel_Alpha158_csi300_custom_step0_s_20260729_13,cf68003418734499bf0d0bd4ca1e8057,0.061,,,
4263,2026-07-29,SZ002353,-0.06457911633563442,EXP_LGBModel_Alpha158_csi300_custom_step0_s_20260729_13,cf68003418734499bf0d0bd4ca1e8057,0.061,,,
4264,2026-07-29,SZ002352,0.0001240985196530309,EXP_LGBModel_Alpha158_csi300_custom_step0_s_20260729_13,cf68003418734499bf0d0bd4ca1e8057,0.061,,,
4265,2026-07-29,SZ002311,0.01749793785636697,EXP_LGBModel_Alpha158_csi300_custom_step0_s_20260729_13,cf68003418734499bf0d0bd4ca1e8057,0.061,,,
4266,2026-07-29,SZ002304,-0.006018249620581784,EXP_LGBModel_Alpha158_csi300_custom_step0_s_20260729_13,cf68003418734499bf0d0bd4ca1e8057,0.061,,,
4267,2026-07-29,SZ002241,-0.004144659017579046,EXP_LGBModel_Alpha158_csi300_custom_step0_s_20260729_13,cf68003418734499bf0d0bd4ca1e8057,0.061,,,
4268,2026-07-29,SZ002236,-0.008726206377680653,EXP_LGBModel_Alpha158_csi300_custom_step0_s_20260729_13,cf68003418734499bf0d0bd4ca1e8057,0.061,,,
4269,2026-07-29,SZ002230,-0.032874987432122624,EXP_LGBModel_Alpha158_csi300_custom_step0_s_20260729_13,cf68003418734499bf0d0bd4ca1e8057,0.061,,,
4270,2026-07-29,SZ002202,-5.531157131008621e-05,EXP_LGBModel_Alpha158_csi300_custom_step0_s_20260729_13,cf68003418734499bf0d0bd4ca1e8057,0.061,,,
4271,2026-07-29,SZ002179,-0.017153801378843796,EXP_LGBModel_Alpha158_csi300_custom_step0_s_20260729_13,cf68003418734499bf0d0bd4ca1e8057,0.061,,,
4272,2026-07-29,SZ002142,0.025821634841205563,EXP_LGBModel_Alpha158_csi300_custom_step0_s_20260729_13,cf68003418734499bf0d0bd4ca1e8057,0.061,,,
4273,2026-07-29,SZ002074,-0.06853216981783809,EXP_LGBModel_Alpha158_csi300_custom_step0_s_20260729_13,cf68003418734499bf0d0bd4ca1e8057,0.061,,,
4274,2026-07-29,SZ002050,-0.013109375696854511,EXP_LGBModel_Alpha158_csi300_custom_step0_s_20260729_13,cf68003418734499bf0d0bd4ca1e8057,0.061,,,
4275,2026-07-29,SZ002049,-0.01935100820137124,EXP_LGBModel_Alpha158_csi300_custom_step0_s_20260729_13,cf68003418734499bf0d0bd4ca1e8057,0.061,,,
4276,2026-07-29,SZ002028,-0.09074076799867684,EXP_LGBModel_Alpha158_csi300_custom_step0_s_20260729_13,cf68003418734499bf0d0bd4ca1e8057,0.061,,,
4277,2026-07-29,SZ002027,-0.00856552910408676,EXP_LGBModel_Alpha158_csi300_custom_step0_s_20260729_13,cf68003418734499bf0d0bd4ca1e8057,0.061,,,
4278,2026-07-29,SZ002415,-0.06784480920354334,EXP_LGBModel_Alpha158_csi300_custom_step0_s_20260729_13,cf68003418734499bf0d0bd4ca1e8057,0.061,,,
4279,2026-07-29,SZ300014,0.002467871539696102,EXP_LGBModel_Alpha158_csi300_custom_step0_s_20260729_13,cf68003418734499bf0d0bd4ca1e8057,0.061,,,
4280,2026-07-29,SZ002422,0.01920739129887957,EXP_LGBModel_Alpha158_csi300_custom_step0_s_20260729_13,cf68003418734499bf0d0bd4ca1e8057,0.061,,,
4281,2026-07-29,SZ002463,0.0057029745433307705,EXP_LGBModel_Alpha158_csi300_custom_step0_s_20260729_13,cf68003418734499bf0d0bd4ca1e8057,0.061,,,
4282,2026-07-29,SZ002938,-0.015057586932768475,EXP_LGBModel_Alpha158_csi300_custom_step0_s_20260729_13,cf68003418734499bf0d0bd4ca1e8057,0.061,,,
4283,2026-07-29,SZ002920,0.0028278573782041408,EXP_LGBModel_Alpha158_csi300_custom_step0_s_20260729_13,cf68003418734499bf0d0bd4ca1e8057,0.061,,,
4284,2026-07-29,SZ002916,0.013673729527608565,EXP_LGBModel_Alpha158_csi300_custom_step0_s_20260729_13,cf68003418734499bf0d0bd4ca1e8057,0.061,,,
4285,2026-07-29,SZ002837,0.0068715615897205545,EXP_LGBModel_Alpha158_csi300_custom_step0_s_20260729_13,cf68003418734499bf0d0bd4ca1e8057,0.061,,,
4286,2026-07-29,SZ002736,0.02612344368117961,EXP_LGBModel_Alpha158_csi300_custom_step0_s_20260729_13,cf68003418734499bf0d0bd4ca1e8057,0.061,,,
4287,2026-07-29,SZ002714,-0.0055726195701590415,EXP_LGBModel_Alpha158_csi300_custom_step0_s_20260729_13,cf68003418734499bf0d0bd4ca1e8057,0.061,,,
4288,2026-07-29,SZ002709,-0.0030721295761152487,EXP_LGBModel_Alpha158_csi300_custom_step0_s_20260729_13,cf68003418734499bf0d0bd4ca1e8057,0.061,,,
4289,2026-07-29,SZ002648,-0.07937964588911776,EXP_LGBModel_Alpha158_csi300_custom_step0_s_20260729_13,cf68003418734499bf0d0bd4ca1e8057,0.061,,,
4290,2026-07-29,SZ002625,-0.029322644765430908,EXP_LGBModel_Alpha158_csi300_custom_step0_s_20260729_13,cf68003418734499bf0d0bd4ca1e8057,0.061,,,
4291,2026-07-29,SZ002602,-0.037609425533176484,EXP_LGBModel_Alpha158_csi300_custom_step0_s_20260729_13,cf68003418734499bf0d0bd4ca1e8057,0.061,,,
4292,2026-07-29,SZ002600,0.0034453291238630765,EXP_LGBModel_Alpha158_csi300_custom_step0_s_20260729_13,cf68003418734499bf0d0bd4ca1e8057,0.061,,,
4293,2026-07-29,SZ002594,-0.0069994532178993,EXP_LGBModel_Alpha158_csi300_custom_step0_s_20260729_13,cf68003418734499bf0d0bd4ca1e8057,0.061,,,
4294,2026-07-29,SZ002558,0.07575836305872115,EXP_LGBModel_Alpha158_csi300_custom_step0_s_20260729_13,cf68003418734499bf0d0bd4ca1e8057,0.061,,,
4295,2026-07-29,SZ002532,-0.007232409316653269,EXP_LGBModel_Alpha158_csi300_custom_step0_s_20260729_13,cf68003418734499bf0d0bd4ca1e8057,0.061,,,
4296,2026-07-29,SZ002493,-0.08868894242928009,EXP_LGBModel_Alpha158_csi300_custom_step0_s_20260729_13,cf68003418734499bf0d0bd4ca1e8057,0.061,,,
4297,2026-07-29,SZ002475,-0.08052837652774689,EXP_LGBModel_Alpha158_csi300_custom_step0_s_20260729_13,cf68003418734499bf0d0bd4ca1e8057,0.061,,,
4298,2026-07-29,SZ002466,-0.013604876073941891,EXP_LGBModel_Alpha158_csi300_custom_step0_s_20260729_13,cf68003418734499bf0d0bd4ca1e8057,0.061,,,
4299,2026-07-29,SZ002460,-0.0066651985278181995,EXP_LGBModel_Alpha158_csi300_custom_step0_s_20260729_13,cf68003418734499bf0d0bd4ca1e8057,0.061,,,
4300,2026-07-29,SH600023,-0.014839212719821755,EXP_LGBModel_Alpha158_csi300_custom_step0_s_20260729_13,4c2341a45f784df79e0118fc74a98905,0.063,,,
4301,2026-07-29,SH600025,0.025414854720299942,EXP_LGBModel_Alpha158_csi300_custom_step0_s_20260729_13,4c2341a45f784df79e0118fc74a98905,0.063,,,
4302,2026-07-29,SH600026,0.0472645529142185,EXP_LGBModel_Alpha158_csi300_custom_step0_s_20260729_13,4c2341a45f784df79e0118fc74a98905,0.063,,,
4303,2026-07-29,SH600886,0.014174281277686683,EXP_LGBModel_Alpha158_csi300_custom_step0_s_20260729_13,4c2341a45f784df79e0118fc74a98905,0.063,,,
4304,2026-07-29,SH600875,-0.038232163061017746,EXP_LGBModel_Alpha158_csi300_custom_step0_s_20260729_13,4c2341a45f784df79e0118fc74a98905,0.063,,,
4305,2026-07-29,SH600845,-0.04028538535289808,EXP_LGBModel_Alpha158_csi300_custom_step0_s_20260729_13,4c2341a45f784df79e0118fc74a98905,0.063,,,
4306,2026-07-29,SH600809,-0.04517833262938852,EXP_LGBModel_Alpha158_csi300_custom_step0_s_20260729_13,4c2341a45f784df79e0118fc74a98905,0.063,,,
4307,2026-07-29,SH600803,-0.1176899396866865,EXP_LGBModel_Alpha158_csi300_custom_step0_s_20260729_13,4c2341a45f784df79e0118fc74a98905,0.063,,,
4308,2026-07-29,SH600795,0.023927958753901992,EXP_LGBModel_Alpha158_csi300_custom_step0_s_20260729_13,4c2341a45f784df79e0118fc74a98905,0.063,,,
4309,2026-07-29,SH600760,-0.016078057335829742,EXP_LGBModel_Alpha158_csi300_custom_step0_s_20260729_13,4c2341a45f784df79e0118fc74a98905,0.063,,,
4310,2026-07-29,SH600741,0.03080658908478081,EXP_LGBModel_Alpha158_csi300_custom_step0_s_20260729_13,4c2341a45f784df79e0118fc74a98905,0.063,,,
4311,2026-07-29,SH600690,0.018015016877724565,EXP_LGBModel_Alpha158_csi300_custom_step0_s_20260729_13,4c2341a45f784df79e0118fc74a98905,0.063,,,
4312,2026-07-29,SH600674,0.03731240793157459,EXP_LGBModel_Alpha158_csi300_custom_step0_s_20260729_13,4c2341a45f784df79e0118fc74a98905,0.063,,,
4313,2026-07-29,SH600660,-0.006917901732537422,EXP_LGBModel_Alpha158_csi300_custom_step0_s_20260729_13,4c2341a45f784df79e0118fc74a98905,0.063,,,
4314,2026-07-29,SH600600,-0.0013280106784536408,EXP_LGBModel_Alpha158_csi300_custom_step0_s_20260729_13,4c2341a45f784df79e0118fc74a98905,0.063,,,
4315,2026-07-29,SH600588,-0.03129242630046015,EXP_LGBModel_Alpha158_csi300_custom_step0_s_20260729_13,4c2341a45f784df79e0118fc74a98905,0.063,,,
4316,2026-07-29,SH600585,0.01729321086145066,EXP_LGBModel_Alpha158_csi300_custom_step0_s_20260729_13,4c2341a45f784df79e0118fc74a98905,0.063,,,
4317,2026-07-29,SH600584,0.03238463165428287,EXP_LGBModel_Alpha158_csi300_custom_step0_s_20260729_13,4c2341a45f784df79e0118fc74a98905,0.063,,,
4318,2026-07-29,SH600570,-0.08718659158022231,EXP_LGBModel_Alpha158_csi300_custom_step0_s_20260729_13,4c2341a45f784df79e0118fc74a98905,0.063,,,
4319,2026-07-29,SH600549,0.025523284900897877,EXP_LGBModel_Alpha158_csi300_custom_step0_s_20260729_13,4c2341a45f784df79e0118fc74a98905,0.063,,,
4320,2026-07-29,SH600887,-0.014470080075914684,EXP_LGBModel_Alpha158_csi300_custom_step0_s_20260729_13,4c2341a45f784df79e0118fc74a98905,0.063,,,
4321,2026-07-29,SH600547,-0.06953275493094387,EXP_LGBModel_Alpha158_csi300_custom_step0_s_20260729_13,4c2341a45f784df79e0118fc74a98905,0.063,,,
4322,2026-07-29,SH600893,-0.06424467180331082,EXP_LGBModel_Alpha158_csi300_custom_step0_s_20260729_13,4c2341a45f784df79e0118fc74a98905,0.063,,,
4323,2026-07-29,SH600905,-0.014583750293417607,EXP_LGBModel_Alpha158_csi300_custom_step0_s_20260729_13,4c2341a45f784df79e0118fc74a98905,0.063,,,
4324,2026-07-29,SH601066,-0.018543047839527333,EXP_LGBModel_Alpha158_csi300_custom_step0_s_20260729_13,4c2341a45f784df79e0118fc74a98905,0.063,,,
4325,2026-07-29,SH601059,0.027236966316366063,EXP_LGBModel_Alpha158_csi300_custom_step0_s_20260729_13,4c2341a45f784df79e0118fc74a98905,0.063,,,
4326,2026-07-29,SH601058,0.0012553747281990636,EXP_LGBModel_Alpha158_csi300_custom_step0_s_20260729_13,4c2341a45f784df79e0118fc74a98905,0.063,,,
4327,2026-07-29,SH601021,0.02484446118789084,EXP_LGBModel_Alpha158_csi300_custom_step0_s_20260729_13,4c2341a45f784df79e0118fc74a98905,0.063,,,
4328,2026-07-29,SH601018,0.02684967791661912,EXP_LGBModel_Alpha158_csi300_custom_step0_s_20260729_13,4c2341a45f784df79e0118fc74a98905,0.063,,,
4329,2026-07-29,SH601012,-0.0715291231395606,EXP_LGBModel_Alpha158_csi300_custom_step0_s_20260729_13,4c2341a45f784df79e0118fc74a98905,0.063,,,
4330,2026-07-29,SH601009,0.051712830576256745,EXP_LGBModel_Alpha158_csi300_custom_step0_s_20260729_13,4c2341a45f784df79e0118fc74a98905,0.063,,,
4331,2026-07-29,SH601006,0.009294228175678956,EXP_LGBModel_Alpha158_csi300_custom_step0_s_20260729_13,4c2341a45f784df79e0118fc74a98905,0.063,,,
4332,2026-07-29,SH600999,-0.05340144009259893,EXP_LGBModel_Alpha158_csi300_custom_step0_s_20260729_13,4c2341a45f784df79e0118fc74a98905,0.063,,,
4333,2026-07-29,SH600989,-0.018842069813348974,EXP_LGBModel_Alpha158_csi300_custom_step0_s_20260729_13,4c2341a45f784df79e0118fc74a98905,0.063,,,
4334,2026-07-29,SH600958,0.031009290271770684,EXP_LGBModel_Alpha158_csi300_custom_step0_s_20260729_13,4c2341a45f784df79e0118fc74a98905,0.063,,,
4335,2026-07-29,SH600941,0.042585521552343394,EXP_LGBModel_Alpha158_csi300_custom_step0_s_20260729_13,4c2341a45f784df79e0118fc74a98905,0.063,,,
4336,2026-07-29,SH600938,0.0032831025556647186,EXP_LGBModel_Alpha158_csi300_custom_step0_s_20260729_13,4c2341a45f784df79e0118fc74a98905,0.063,,,
4337,2026-07-29,SH600930,0.01066783253183484,EXP_LGBModel_Alpha158_csi300_custom_step0_s_20260729_13,4c2341a45f784df79e0118fc74a98905,0.063,,,
4338,2026-07-29,SH600926,0.04172334201205611,EXP_LGBModel_Alpha158_csi300_custom_step0_s_20260729_13,4c2341a45f784df79e0118fc74a98905,0.063,,,
4339,2026-07-29,SH600919,0.06526879314350066,EXP_LGBModel_Alpha158_csi300_custom_step0_s_20260729_13,4c2341a45f784df79e0118fc74a98905,0.063,,,
4340,2026-07-29,SH600918,-0.02887984665244538,EXP_LGBModel_Alpha158_csi300_custom_step0_s_20260729_13,4c2341a45f784df79e0118fc74a98905,0.063,,,
4341,2026-07-29,SH600900,0.046428703339557,EXP_LGBModel_Alpha158_csi300_custom_step0_s_20260729_13,4c2341a45f784df79e0118fc74a98905,0.063,,,
4342,2026-07-29,SH600522,-0.004415097897611085,EXP_LGBModel_Alpha158_csi300_custom_step0_s_20260729_13,4c2341a45f784df79e0118fc74a98905,0.063,,,
4343,2026-07-29,SH600519,0.027516309110894657,EXP_LGBModel_Alpha158_csi300_custom_step0_s_20260729_13,4c2341a45f784df79e0118fc74a98905,0.063,,,
4344,2026-07-29,SH600515,0.016820901321519487,EXP_LGBModel_Alpha158_csi300_custom_step0_s_20260729_13,4c2341a45f784df79e0118fc74a98905,0.063,,,
4345,2026-07-29,SH600118,0.034014868264206875,EXP_LGBModel_Alpha158_csi300_custom_step0_s_20260729_13,4c2341a45f784df79e0118fc74a98905,0.063,,,
4346,2026-07-29,SH600115,-0.03000941280690624,EXP_LGBModel_Alpha158_csi300_custom_step0_s_20260729_13,4c2341a45f784df79e0118fc74a98905,0.063,,,
4347,2026-07-29,SH600111,0.031283672820214034,EXP_LGBModel_Alpha158_csi300_custom_step0_s_20260729_13,4c2341a45f784df79e0118fc74a98905,0.063,,,
4348,2026-07-29,SH600104,0.010730627381789218,EXP_LGBModel_Alpha158_csi300_custom_step0_s_20260729_13,4c2341a45f784df79e0118fc74a98905,0.063,,,
4349,2026-07-29,SH600089,-0.04592889154926038,EXP_LGBModel_Alpha158_csi300_custom_step0_s_20260729_13,4c2341a45f784df79e0118fc74a98905,0.063,,,
4350,2026-07-29,SH600085,-0.04473432933150277,EXP_LGBModel_Alpha158_csi300_custom_step0_s_20260729_13,4c2341a45f784df79e0118fc74a98905,0.063,,,
4351,2026-07-29,SH600066,-0.01159452102635219,EXP_LGBModel_Alpha158_csi300_custom_step0_s_20260729_13,4c2341a45f784df79e0118fc74a98905,0.063,,,
4352,2026-07-29,SH600061,0.034543630706085175,EXP_LGBModel_Alpha158_csi300_custom_step0_s_20260729_13,4c2341a45f784df79e0118fc74a98905,0.063,,,
4353,2026-07-29,SH600050,0.0449801807767797,EXP_LGBModel_Alpha158_csi300_custom_step0_s_20260729_13,4c2341a45f784df79e0118fc74a98905,0.063,,,
4354,2026-07-29,SH600048,-0.004813567662720251,EXP_LGBModel_Alpha158_csi300_custom_step0_s_20260729_13,4c2341a45f784df79e0118fc74a98905,0.063,,,
4355,2026-07-29,SH600039,0.00557118270654674,EXP_LGBModel_Alpha158_csi300_custom_step0_s_20260729_13,4c2341a45f784df79e0118fc74a98905,0.063,,,
4356,2026-07-29,SH600036,0.052266333222743516,EXP_LGBModel_Alpha158_csi300_custom_step0_s_20260729_13,4c2341a45f784df79e0118fc74a98905,0.063,,,
4357,2026-07-29,SH600031,-0.12540984940679767,EXP_LGBModel_Alpha158_csi300_custom_step0_s_20260729_13,4c2341a45f784df79e0118fc74a98905,0.063,,,
4358,2026-07-29,SH600030,-0.0052755660172644735,EXP_LGBModel_Alpha158_csi300_custom_step0_s_20260729_13,4c2341a45f784df79e0118fc74a98905,0.063,,,
4359,2026-07-29,SH600029,0.011170789494508133,EXP_LGBModel_Alpha158_csi300_custom_step0_s_20260729_13,4c2341a45f784df79e0118fc74a98905,0.063,,,
4360,2026-07-29,SH600028,0.04201442935180723,EXP_LGBModel_Alpha158_csi300_custom_step0_s_20260729_13,4c2341a45f784df79e0118fc74a98905,0.063,,,
4361,2026-07-29,SH600027,-0.020608585736450417,EXP_LGBModel_Alpha158_csi300_custom_step0_s_20260729_13,4c2341a45f784df79e0118fc74a98905,0.063,,,
4362,2026-07-29,SH600150,-0.03836021276916358,EXP_LGBModel_Alpha158_csi300_custom_step0_s_20260729_13,4c2341a45f784df79e0118fc74a98905,0.063,,,
4363,2026-07-29,SH600160,-0.011658286146211564,EXP_LGBModel_Alpha158_csi300_custom_step0_s_20260729_13,4c2341a45f784df79e0118fc74a98905,0.063,,,
4364,2026-07-29,SH600176,0.019191802619334553,EXP_LGBModel_Alpha158_csi300_custom_step0_s_20260729_13,4c2341a45f784df79e0118fc74a98905,0.063,,,
4365,2026-07-29,SH600183,0.028070548213796502,EXP_LGBModel_Alpha158_csi300_custom_step0_s_20260729_13,4c2341a45f784df79e0118fc74a98905,0.063,,,
4366,2026-07-29,SH600489,-0.09624764034796979,EXP_LGBModel_Alpha158_csi300_custom_step0_s_20260729_13,4c2341a45f784df79e0118fc74a98905,0.063,,,
4367,2026-07-29,SH600482,-0.04226685860691783,EXP_LGBModel_Alpha158_csi300_custom_step0_s_20260729_13,4c2341a45f784df79e0118fc74a98905,0.063,,,
4368,2026-07-29,SH600460,0.03886665761738985,EXP_LGBModel_Alpha158_csi300_custom_step0_s_20260729_13,4c2341a45f784df79e0118fc74a98905,0.063,,,
4369,2026-07-29,SH600438,-0.048185457579232385,EXP_LGBModel_Alpha158_csi300_custom_step0_s_20260729_13,4c2341a45f784df79e0118fc74a98905,0.063,,,
4370,2026-07-29,SH600436,0.003588956496674064,EXP_LGBModel_Alpha158_csi300_custom_step0_s_20260729_13,4c2341a45f784df79e0118fc74a98905,0.063,,,
4371,2026-07-29,SH600426,-0.051215962446292465,EXP_LGBModel_Alpha158_csi300_custom_step0_s_20260729_13,4c2341a45f784df79e0118fc74a98905,0.063,,,
4372,2026-07-29,SH600415,-0.02822706531042079,EXP_LGBModel_Alpha158_csi300_custom_step0_s_20260729_13,4c2341a45f784df79e0118fc74a98905,0.063,,,
4373,2026-07-29,SH600406,-0.03994227267691939,EXP_LGBModel_Alpha158_csi300_custom_step0_s_20260729_13,4c2341a45f784df79e0118fc74a98905,0.063,,,
4374,2026-07-29,SZ002736,0.03866963554099124,EXP_LGBModel_Alpha158_csi300_custom_step0_s_20260729_13,4c2341a45f784df79e0118fc74a98905,0.063,,,
4375,2026-07-29,SH600372,0.027422514211915733,EXP_LGBModel_Alpha158_csi300_custom_step0_s_20260729_13,4c2341a45f784df79e0118fc74a98905,0.063,,,
4376,2026-07-29,SH600346,-0.04781143094818026,EXP_LGBModel_Alpha158_csi300_custom_step0_s_20260729_13,4c2341a45f784df79e0118fc74a98905,0.063,,,
4377,2026-07-29,SH600309,-0.05978878235151049,EXP_LGBModel_Alpha158_csi300_custom_step0_s_20260729_13,4c2341a45f784df79e0118fc74a98905,0.063,,,
4378,2026-07-29,SH600276,-0.06899191496183639,EXP_LGBModel_Alpha158_csi300_custom_step0_s_20260729_13,4c2341a45f784df79e0118fc74a98905,0.063,,,
4379,2026-07-29,SH600233,-0.03005516094613032,EXP_LGBModel_Alpha158_csi300_custom_step0_s_20260729_13,4c2341a45f784df79e0118fc74a98905,0.063,,,
4380,2026-07-29,SH600221,-0.006089174103358417,EXP_LGBModel_Alpha158_csi300_custom_step0_s_20260729_13,4c2341a45f784df79e0118fc74a98905,0.063,,,
4381,2026-07-29,SH600219,-0.051389377181646635,EXP_LGBModel_Alpha158_csi300_custom_step0_s_20260729_13,4c2341a45f784df79e0118fc74a98905,0.063,,,
4382,2026-07-29,SH600196,-0.04774074599508811,EXP_LGBModel_Alpha158_csi300_custom_step0_s_20260729_13,4c2341a45f784df79e0118fc74a98905,0.063,,,
4383,2026-07-29,SH600188,-0.038341208256727315,EXP_LGBModel_Alpha158_csi300_custom_step0_s_20260729_13,4c2341a45f784df79e0118fc74a98905,0.063,,,
4384,2026-07-29,SH600362,-0.0647930356513507,EXP_LGBModel_Alpha158_csi300_custom_step0_s_20260729_13,4c2341a45f784df79e0118fc74a98905,0.063,,,
4385,2026-07-29,SZ002837,0.06800215410156116,EXP_LGBModel_Alpha158_csi300_custom_step0_s_20260729_13,4c2341a45f784df79e0118fc74a98905,0.063,,,
4386,2026-07-29,SZ002916,0.04122610256098301,EXP_LGBModel_Alpha158_csi300_custom_step0_s_20260729_13,4c2341a45f784df79e0118fc74a98905,0.063,,,
4387,2026-07-29,SZ002920,-0.022487110629954052,EXP_LGBModel_Alpha158_csi300_custom_step0_s_20260729_13,4c2341a45f784df79e0118fc74a98905,0.063,,,
4388,2026-07-29,SZ000063,-0.07094800944912301,EXP_LGBModel_Alpha158_csi300_custom_step0_s_20260729_13,476ecee3232d4757b209f6f21bb48120,0.099,,,
4389,2026-07-29,SZ000002,-0.039238695853227784,EXP_LGBModel_Alpha158_csi300_custom_step0_s_20260729_13,476ecee3232d4757b209f6f21bb48120,0.099,,,
4390,2026-07-29,SZ000001,0.029371042921453514,EXP_LGBModel_Alpha158_csi300_custom_step0_s_20260729_13,476ecee3232d4757b209f6f21bb48120,0.099,,,
4391,2026-07-29,SH688981,-0.030197579625873713,EXP_LGBModel_Alpha158_csi300_custom_step0_s_20260729_13,476ecee3232d4757b209f6f21bb48120,0.099,,,
4392,2026-07-29,SH688521,0.015220239186219599,EXP_LGBModel_Alpha158_csi300_custom_step0_s_20260729_13,476ecee3232d4757b209f6f21bb48120,0.099,,,
4393,2026-07-29,SH688506,0.07790270808083234,EXP_LGBModel_Alpha158_csi300_custom_step0_s_20260729_13,476ecee3232d4757b209f6f21bb48120,0.099,,,
4394,2026-07-29,SH688472,-0.058679147720893075,EXP_LGBModel_Alpha158_csi300_custom_step0_s_20260729_13,476ecee3232d4757b209f6f21bb48120,0.099,,,
4395,2026-07-29,SH688396,0.04188738832255058,EXP_LGBModel_Alpha158_csi300_custom_step0_s_20260729_13,476ecee3232d4757b209f6f21bb48120,0.099,,,
4396,2026-07-29,SH688303,-0.11989705117536245,EXP_LGBModel_Alpha158_csi300_custom_step0_s_20260729_13,476ecee3232d4757b209f6f21bb48120,0.099,,,
4397,2026-07-29,SH688271,-0.07614493671430156,EXP_LGBModel_Alpha158_csi300_custom_step0_s_20260729_13,476ecee3232d4757b209f6f21bb48120,0.099,,,
4398,2026-07-29,SH688256,-0.01970814465688065,EXP_LGBModel_Alpha158_csi300_custom_step0_s_20260729_13,476ecee3232d4757b209f6f21bb48120,0.099,,,
4399,2026-07-29,SH688223,0.044032252934115806,EXP_LGBModel_Alpha158_csi300_custom_step0_s_20260729_13,476ecee3232d4757b209f6f21bb48120,0.099,,,
4400,2026-07-29,SH688183,0.012410432353456896,EXP_LGBModel_Alpha158_csi300_custom_step0_s_20260729_13,476ecee3232d4757b209f6f21bb48120,0.099,,,
4401,2026-07-29,SH688126,0.04771352288270035,EXP_LGBModel_Alpha158_csi300_custom_step0_s_20260729_13,476ecee3232d4757b209f6f21bb48120,0.099,,,
4402,2026-07-29,SH688111,-0.12922323404335562,EXP_LGBModel_Alpha158_csi300_custom_step0_s_20260729_13,476ecee3232d4757b209f6f21bb48120,0.099,,,
4403,2026-07-29,SH688082,0.06386944031918604,EXP_LGBModel_Alpha158_csi300_custom_step0_s_20260729_13,476ecee3232d4757b209f6f21bb48120,0.099,,,
4404,2026-07-29,SH688072,-0.04328688424042597,EXP_LGBModel_Alpha158_csi300_custom_step0_s_20260729_13,476ecee3232d4757b209f6f21bb48120,0.099,,,
4405,2026-07-29,SZ000100,-0.1125574921716024,EXP_LGBModel_Alpha158_csi300_custom_step0_s_20260729_13,476ecee3232d4757b209f6f21bb48120,0.099,,,
4406,2026-07-29,SH688047,0.005683385284871354,EXP_LGBModel_Alpha158_csi300_custom_step0_s_20260729_13,476ecee3232d4757b209f6f21bb48120,0.099,,,
4407,2026-07-29,SZ000157,-0.05424755907049682,EXP_LGBModel_Alpha158_csi300_custom_step0_s_20260729_13,476ecee3232d4757b209f6f21bb48120,0.099,,,
4408,2026-07-29,SZ000301,-0.05886043352981935,EXP_LGBModel_Alpha158_csi300_custom_step0_s_20260729_13,476ecee3232d4757b209f6f21bb48120,0.099,,,
4409,2026-07-29,SZ000792,-0.039454012578643366,EXP_LGBModel_Alpha158_csi300_custom_step0_s_20260729_13,476ecee3232d4757b209f6f21bb48120,0.099,,,
4410,2026-07-29,SZ000776,-0.14572614002450396,EXP_LGBModel_Alpha158_csi300_custom_step0_s_20260729_13,476ecee3232d4757b209f6f21bb48120,0.099,,,
4411,2026-07-29,SZ000768,-0.02928921266487367,EXP_LGBModel_Alpha158_csi300_custom_step0_s_20260729_13,476ecee3232d4757b209f6f21bb48120,0.099,,,
4412,2026-07-29,SZ000725,0.02336523599317507,EXP_LGBModel_Alpha158_csi300_custom_step0_s_20260729_13,476ecee3232d4757b209f6f21bb48120,0.099,,,
4413,2026-07-29,SZ000708,-0.06261279391335793,EXP_LGBModel_Alpha158_csi300_custom_step0_s_20260729_13,476ecee3232d4757b209f6f21bb48120,0.099,,,
4414,2026-07-29,SZ000657,-0.01911974429298104,EXP_LGBModel_Alpha158_csi300_custom_step0_s_20260729_13,476ecee3232d4757b209f6f21bb48120,0.099,,,
4415,2026-07-29,SZ000651,0.06089986533444415,EXP_LGBModel_Alpha158_csi300_custom_step0_s_20260729_13,476ecee3232d4757b209f6f21bb48120,0.099,,,
4416,2026-07-29,SZ000630,-0.037164584006703597,EXP_LGBModel_Alpha158_csi300_custom_step0_s_20260729_13,476ecee3232d4757b209f6f21bb48120,0.099,,,
4417,2026-07-29,SZ000625,-0.004958513058012974,EXP_LGBModel_Alpha158_csi300_custom_step0_s_20260729_13,476ecee3232d4757b209f6f21bb48120,0.099,,,
4418,2026-07-29,SZ000617,-0.04694715718240629,EXP_LGBModel_Alpha158_csi300_custom_step0_s_20260729_13,476ecee3232d4757b209f6f21bb48120,0.099,,,
4419,2026-07-29,SZ000596,-0.09125940370769164,EXP_LGBModel_Alpha158_csi300_custom_step0_s_20260729_13,476ecee3232d4757b209f6f21bb48120,0.099,,,
4420,2026-07-29,SZ000568,-0.06442341634334459,EXP_LGBModel_Alpha158_csi300_custom_step0_s_20260729_13,476ecee3232d4757b209f6f21bb48120,0.099,,,
4421,2026-07-29,SZ000538,0.028804367229526635,EXP_LGBModel_Alpha158_csi300_custom_step0_s_20260729_13,476ecee3232d4757b209f6f21bb48120,0.099,,,
4422,2026-07-29,SZ000425,-0.09973888645406663,EXP_LGBModel_Alpha158_csi300_custom_step0_s_20260729_13,476ecee3232d4757b209f6f21bb48120,0.099,,,
4423,2026-07-29,SZ000408,-0.0718710691494397,EXP_LGBModel_Alpha158_csi300_custom_step0_s_20260729_13,476ecee3232d4757b209f6f21bb48120,0.099,,,
4424,2026-07-29,SZ000338,-0.058221523966416264,EXP_LGBModel_Alpha158_csi300_custom_step0_s_20260729_13,476ecee3232d4757b209f6f21bb48120,0.099,,,
4425,2026-07-29,SZ000333,0.051863191053161346,EXP_LGBModel_Alpha158_csi300_custom_step0_s_20260729_13,476ecee3232d4757b209f6f21bb48120,0.099,,,
4426,2026-07-29,SZ000166,0.059200705911582524,EXP_LGBModel_Alpha158_csi300_custom_step0_s_20260729_13,476ecee3232d4757b209f6f21bb48120,0.099,,,
4427,2026-07-29,SZ000807,-0.025625389186277766,EXP_LGBModel_Alpha158_csi300_custom_step0_s_20260729_13,476ecee3232d4757b209f6f21bb48120,0.099,,,
4428,2026-07-29,SH688041,-0.07731676655546095,EXP_LGBModel_Alpha158_csi300_custom_step0_s_20260729_13,476ecee3232d4757b209f6f21bb48120,0.099,,,
4429,2026-07-29,SH688012,-0.032694695492927424,EXP_LGBModel_Alpha158_csi300_custom_step0_s_20260729_13,476ecee3232d4757b209f6f21bb48120,0.099,,,
4430,2026-07-29,SH601919,-0.02957181499757458,EXP_LGBModel_Alpha158_csi300_custom_step0_s_20260729_13,476ecee3232d4757b209f6f21bb48120,0.099,,,
4431,2026-07-29,SH601916,0.05108612885447897,EXP_LGBModel_Alpha158_csi300_custom_step0_s_20260729_13,476ecee3232d4757b209f6f21bb48120,0.099,,,
4432,2026-07-29,SH601901,0.022435001456291608,EXP_LGBModel_Alpha158_csi300_custom_step0_s_20260729_13,476ecee3232d4757b209f6f21bb48120,0.099,,,
4433,2026-07-29,SH601899,-0.10656640635074621,EXP_LGBModel_Alpha158_csi300_custom_step0_s_20260729_13,476ecee3232d4757b209f6f21bb48120,0.099,,,
4434,2026-07-29,SH601898,-0.11505815705100525,EXP_LGBModel_Alpha158_csi300_custom_step0_s_20260729_13,476ecee3232d4757b209f6f21bb48120,0.099,,,
4435,2026-07-29,SH601888,-0.06443459258786936,EXP_LGBModel_Alpha158_csi300_custom_step0_s_20260729_13,476ecee3232d4757b209f6f21bb48120,0.099,,,
4436,2026-07-29,SH601881,-0.021747732906528296,EXP_LGBModel_Alpha158_csi300_custom_step0_s_20260729_13,476ecee3232d4757b209f6f21bb48120,0.099,,,
4437,2026-07-29,SH601878,0.025315551169138934,EXP_LGBModel_Alpha158_csi300_custom_step0_s_20260729_13,476ecee3232d4757b209f6f21bb48120,0.099,,,
4438,2026-07-29,SH601877,-0.08811450440721304,EXP_LGBModel_Alpha158_csi300_custom_step0_s_20260729_13,476ecee3232d4757b209f6f21bb48120,0.099,,,
4439,2026-07-29,SH601872,0.03977821206054854,EXP_LGBModel_Alpha158_csi300_custom_step0_s_20260729_13,476ecee3232d4757b209f6f21bb48120,0.099,,,
4440,2026-07-29,SH601868,-0.04583684371855513,EXP_LGBModel_Alpha158_csi300_custom_step0_s_20260729_13,476ecee3232d4757b209f6f21bb48120,0.099,,,
4441,2026-07-29,SH601857,-0.020774298156466194,EXP_LGBModel_Alpha158_csi300_custom_step0_s_20260729_13,476ecee3232d4757b209f6f21bb48120,0.099,,,
4442,2026-07-29,SH601838,0.036386065850792654,EXP_LGBModel_Alpha158_csi300_custom_step0_s_20260729_13,476ecee3232d4757b209f6f21bb48120,0.099,,,
4443,2026-07-29,SH601825,0.01843853907997116,EXP_LGBModel_Alpha158_csi300_custom_step0_s_20260729_13,476ecee3232d4757b209f6f21bb48120,0.099,,,
4444,2026-07-29,SH601818,0.056325071303438855,EXP_LGBModel_Alpha158_csi300_custom_step0_s_20260729_13,476ecee3232d4757b209f6f21bb48120,0.099,,,
4445,2026-07-29,SH601816,0.004245708498740257,EXP_LGBModel_Alpha158_csi300_custom_step0_s_20260729_13,476ecee3232d4757b209f6f21bb48120,0.099,,,
4446,2026-07-29,SH601800,0.01456001736009208,EXP_LGBModel_Alpha158_csi300_custom_step0_s_20260729_13,476ecee3232d4757b209f6f21bb48120,0.099,,,
4447,2026-07-29,SH601939,0.0709890202023224,EXP_LGBModel_Alpha158_csi300_custom_step0_s_20260729_13,476ecee3232d4757b209f6f21bb48120,0.099,,,
4448,2026-07-29,SH688036,0.005032377162708016,EXP_LGBModel_Alpha158_csi300_custom_step0_s_20260729_13,476ecee3232d4757b209f6f21bb48120,0.099,,,
4449,2026-07-29,SH601985,0.0515158540142826,EXP_LGBModel_Alpha158_csi300_custom_step0_s_20260729_13,476ecee3232d4757b209f6f21bb48120,0.099,,,
4450,2026-07-29,SH601995,-0.006452502302124254,EXP_LGBModel_Alpha158_csi300_custom_step0_s_20260729_13,476ecee3232d4757b209f6f21bb48120,0.099,,,
4451,2026-07-29,SH688009,0.07805115810624758,EXP_LGBModel_Alpha158_csi300_custom_step0_s_20260729_13,476ecee3232d4757b209f6f21bb48120,0.099,,,
4452,2026-07-29,SH688008,0.038112357204929434,EXP_LGBModel_Alpha158_csi300_custom_step0_s_20260729_13,476ecee3232d4757b209f6f21bb48120,0.099,,,
4453,2026-07-29,SH605499,-0.09528554449994892,EXP_LGBModel_Alpha158_csi300_custom_step0_s_20260729_13,476ecee3232d4757b209f6f21bb48120,0.099,,,
4454,2026-07-29,SH605117,-0.0002330150171576419,EXP_LGBModel_Alpha158_csi300_custom_step0_s_20260729_13,476ecee3232d4757b209f6f21bb48120,0.099,,,
4455,2026-07-29,SH603993,-0.12480647846990454,EXP_LGBModel_Alpha158_csi300_custom_step0_s_20260729_13,476ecee3232d4757b209f6f21bb48120,0.099,,,
4456,2026-07-29,SH603986,-0.027275146716688483,EXP_LGBModel_Alpha158_csi300_custom_step0_s_20260729_13,476ecee3232d4757b209f6f21bb48120,0.099,,,
4457,2026-07-29,SH603893,-0.035021523571856984,EXP_LGBModel_Alpha158_csi300_custom_step0_s_20260729_13,476ecee3232d4757b209f6f21bb48120,0.099,,,
4458,2026-07-29,SH603799,0.12495091086224049,EXP_LGBModel_Alpha158_csi300_custom_step0_s_20260729_13,476ecee3232d4757b209f6f21bb48120,0.099,,,
4459,2026-07-29,SH603501,-0.021596175042242025,EXP_LGBModel_Alpha158_csi300_custom_step0_s_20260729_13,476ecee3232d4757b209f6f21bb48120,0.099,,,
4460,2026-07-29,SH603392,-0.06437819495653485,EXP_LGBModel_Alpha158_csi300_custom_step0_s_20260729_13,476ecee3232d4757b209f6f21bb48120,0.099,,,
4461,2026-07-29,SH603369,-0.004265530277096228,EXP_LGBModel_Alpha158_csi300_custom_step0_s_20260729_13,476ecee3232d4757b209f6f21bb48120,0.099,,,
4462,2026-07-29,SH603296,-0.11144196174194107,EXP_LGBModel_Alpha158_csi300_custom_step0_s_20260729_13,476ecee3232d4757b209f6f21bb48120,0.099,,,
4463,2026-07-29,SH603288,0.04561366023231104,EXP_LGBModel_Alpha158_csi300_custom_step0_s_20260729_13,476ecee3232d4757b209f6f21bb48120,0.099,,,
4464,2026-07-29,SH603260,0.02887525117070813,EXP_LGBModel_Alpha158_csi300_custom_step0_s_20260729_13,476ecee3232d4757b209f6f21bb48120,0.099,,,
4465,2026-07-29,SH603259,-0.05486343315211719,EXP_LGBModel_Alpha158_csi300_custom_step0_s_20260729_13,476ecee3232d4757b209f6f21bb48120,0.099,,,
4466,2026-07-29,SH603019,-4.4359452998270514e-05,EXP_LGBModel_Alpha158_csi300_custom_step0_s_20260729_13,476ecee3232d4757b209f6f21bb48120,0.099,,,
4467,2026-07-29,SH601998,0.009383529286911873,EXP_LGBModel_Alpha158_csi300_custom_step0_s_20260729_13,476ecee3232d4757b209f6f21bb48120,0.099,,,
4468,2026-07-29,SH601988,0.06649027860593375,EXP_LGBModel_Alpha158_csi300_custom_step0_s_20260729_13,476ecee3232d4757b209f6f21bb48120,0.099,,,
4469,2026-07-29,SZ000858,-0.039122531876382816,EXP_LGBModel_Alpha158_csi300_custom_step0_s_20260729_13,476ecee3232d4757b209f6f21bb48120,0.099,,,
4470,2026-07-29,SZ000895,0.008351592715404001,EXP_LGBModel_Alpha158_csi300_custom_step0_s_20260729_13,476ecee3232d4757b209f6f21bb48120,0.099,,,
4471,2026-07-29,SZ000938,0.06899975150000826,EXP_LGBModel_Alpha158_csi300_custom_step0_s_20260729_13,476ecee3232d4757b209f6f21bb48120,0.099,,,
4472,2026-07-29,SZ300394,0.033886126529758226,EXP_LGBModel_Alpha158_csi300_custom_step0_s_20260729_13,476ecee3232d4757b209f6f21bb48120,0.099,,,
4473,2026-07-29,SZ300316,0.03697486578320747,EXP_LGBModel_Alpha158_csi300_custom_step0_s_20260729_13,476ecee3232d4757b209f6f21bb48120,0.099,,,
4474,2026-07-29,SZ300308,0.0153862107134171,EXP_LGBModel_Alpha158_csi300_custom_step0_s_20260729_13,476ecee3232d4757b209f6f21bb48120,0.099,,,
4475,2026-07-29,SZ300274,0.05752072425178088,EXP_LGBModel_Alpha158_csi300_custom_step0_s_20260729_13,476ecee3232d4757b209f6f21bb48120,0.099,,,
4476,2026-07-29,SZ300251,-0.08367172263539352,EXP_LGBModel_Alpha158_csi300_custom_step0_s_20260729_13,476ecee3232d4757b209f6f21bb48120,0.099,,,
4477,2026-07-29,SZ300124,0.002003105612343934,EXP_LGBModel_Alpha158_csi300_custom_step0_s_20260729_13,476ecee3232d4757b209f6f21bb48120,0.099,,,
4478,2026-07-29,SZ300122,-0.10125755200943586,EXP_LGBModel_Alpha158_csi300_custom_step0_s_20260729_13,476ecee3232d4757b209f6f21bb48120,0.099,,,
4479,2026-07-29,SZ300059,-0.02434273462760029,EXP_LGBModel_Alpha158_csi300_custom_step0_s_20260729_13,476ecee3232d4757b209f6f21bb48120,0.099,,,
4480,2026-07-29,SZ300033,-0.09777076072334742,EXP_LGBModel_Alpha158_csi300_custom_step0_s_20260729_13,476ecee3232d4757b209f6f21bb48120,0.099,,,
4481,2026-07-29,SZ300015,0.006169494164415149,EXP_LGBModel_Alpha158_csi300_custom_step0_s_20260729_13,476ecee3232d4757b209f6f21bb48120,0.099,,,
4482,2026-07-29,SZ300014,0.02351676462197798,EXP_LGBModel_Alpha158_csi300_custom_step0_s_20260729_13,476ecee3232d4757b209f6f21bb48120,0.099,,,
4483,2026-07-29,SZ003816,-0.03381712927339789,EXP_LGBModel_Alpha158_csi300_custom_step0_s_20260729_13,476ecee3232d4757b209f6f21bb48120,0.099,,,
4484,2026-07-29,SZ002938,0.0726166799583977,EXP_LGBModel_Alpha158_csi300_custom_step0_s_20260729_13,476ecee3232d4757b209f6f21bb48120,0.099,,,
4485,2026-07-29,SZ002920,-0.07211597549371197,EXP_LGBModel_Alpha158_csi300_custom_step0_s_20260729_13,476ecee3232d4757b209f6f21bb48120,0.099,,,
4486,2026-07-29,SZ002916,0.027748396098089823,EXP_LGBModel_Alpha158_csi300_custom_step0_s_20260729_13,476ecee3232d4757b209f6f21bb48120,0.099,,,
4487,2026-07-29,SZ002837,0.09112824752658473,EXP_LGBModel_Alpha158_csi300_custom_step0_s_20260729_13,476ecee3232d4757b209f6f21bb48120,0.099,,,
4488,2026-07-29,SZ002736,0.04279494539557381,EXP_LGBModel_Alpha158_csi300_custom_step0_s_20260729_13,476ecee3232d4757b209f6f21bb48120,0.099,,,
4489,2026-07-29,SZ300408,0.09751814850315851,EXP_LGBModel_Alpha158_csi300_custom_step0_s_20260729_13,476ecee3232d4757b209f6f21bb48120,0.099,,,
4490,2026-07-29,SZ002714,-0.04774947578267305,EXP_LGBModel_Alpha158_csi300_custom_step0_s_20260729_13,476ecee3232d4757b209f6f21bb48120,0.099,,,
4491,2026-07-29,SZ300413,-0.048053838597679595,EXP_LGBModel_Alpha158_csi300_custom_step0_s_20260729_13,476ecee3232d4757b209f6f21bb48120,0.099,,,
4492,2026-07-29,SZ300433,0.05047308672964138,EXP_LGBModel_Alpha158_csi300_custom_step0_s_20260729_13,476ecee3232d4757b209f6f21bb48120,0.099,,,
4493,2026-07-29,SZ301269,0.04984939027701615,EXP_LGBModel_Alpha158_csi300_custom_step0_s_20260729_13,476ecee3232d4757b209f6f21bb48120,0.099,,,
4494,2026-07-29,SZ301236,-0.04085424610708865,EXP_LGBModel_Alpha158_csi300_custom_step0_s_20260729_13,476ecee3232d4757b209f6f21bb48120,0.099,,,
4495,2026-07-29,SZ301165,-0.02302490493170295,EXP_LGBModel_Alpha158_csi300_custom_step0_s_20260729_13,476ecee3232d4757b209f6f21bb48120,0.099,,,
4496,2026-07-29,SZ300999,0.018689097713674326,EXP_LGBModel_Alpha158_csi300_custom_step0_s_20260729_13,476ecee3232d4757b209f6f21bb48120,0.099,,,
4497,2026-07-29,SZ300896,-0.006031487244144378,EXP_LGBModel_Alpha158_csi300_custom_step0_s_20260729_13,476ecee3232d4757b209f6f21bb48120,0.099,,,
4498,2026-07-29,SZ300866,-0.03525783796616537,EXP_LGBModel_Alpha158_csi300_custom_step0_s_20260729_13,476ecee3232d4757b209f6f21bb48120,0.099,,,
4499,2026-07-29,SZ300832,-0.0069226374825500595,EXP_LGBModel_Alpha158_csi300_custom_step0_s_20260729_13,476ecee3232d4757b209f6f21bb48120,0.099,,,
4500,2026-07-29,SZ300803,-0.016755636808452122,EXP_LGBModel_Alpha158_csi300_custom_step0_s_20260729_13,476ecee3232d4757b209f6f21bb48120,0.099,,,
4501,2026-07-29,SZ300760,0.005862720599470188,EXP_LGBModel_Alpha158_csi300_custom_step0_s_20260729_13,476ecee3232d4757b209f6f21bb48120,0.099,,,
4502,2026-07-29,SZ300750,-0.022601211405623215,EXP_LGBModel_Alpha158_csi300_custom_step0_s_20260729_13,476ecee3232d4757b209f6f21bb48120,0.099,,,
4503,2026-07-29,SZ300661,0.10134604908553184,EXP_LGBModel_Alpha158_csi300_custom_step0_s_20260729_13,476ecee3232d4757b209f6f21bb48120,0.099,,,
4504,2026-07-29,SZ300628,-0.023167987755627617,EXP_LGBModel_Alpha158_csi300_custom_step0_s_20260729_13,476ecee3232d4757b209f6f21bb48120,0.099,,,
4505,2026-07-29,SZ300502,0.034000185622005574,EXP_LGBModel_Alpha158_csi300_custom_step0_s_20260729_13,476ecee3232d4757b209f6f21bb48120,0.099,,,
4506,2026-07-29,SZ300498,0.006493722497065083,EXP_LGBModel_Alpha158_csi300_custom_step0_s_20260729_13,476ecee3232d4757b209f6f21bb48120,0.099,,,
4507,2026-07-29,SZ300476,0.022214295849139004,EXP_LGBModel_Alpha158_csi300_custom_step0_s_20260729_13,476ecee3232d4757b209f6f21bb48120,0.099,,,
4508,2026-07-29,SZ300450,0.10249339663957234,EXP_LGBModel_Alpha158_csi300_custom_step0_s_20260729_13,476ecee3232d4757b209f6f21bb48120,0.099,,,
4509,2026-07-29,SZ300442,-0.028081238392490663,EXP_LGBModel_Alpha158_csi300_custom_step0_s_20260729_13,476ecee3232d4757b209f6f21bb48120,0.099,,,
4510,2026-07-29,SZ300418,-0.06367000125046608,EXP_LGBModel_Alpha158_csi300_custom_step0_s_20260729_13,476ecee3232d4757b209f6f21bb48120,0.099,,,
4511,2026-07-29,SZ002709,0.10901071658196958,EXP_LGBModel_Alpha158_csi300_custom_step0_s_20260729_13,476ecee3232d4757b209f6f21bb48120,0.099,,,
4512,2026-07-29,SZ002648,-0.09564101650447882,EXP_LGBModel_Alpha158_csi300_custom_step0_s_20260729_13,476ecee3232d4757b209f6f21bb48120,0.099,,,
4513,2026-07-29,SZ002625,-0.06572950982423706,EXP_LGBModel_Alpha158_csi300_custom_step0_s_20260729_13,476ecee3232d4757b209f6f21bb48120,0.099,,,
4514,2026-07-29,SZ002179,0.07090771994997795,EXP_LGBModel_Alpha158_csi300_custom_step0_s_20260729_13,476ecee3232d4757b209f6f21bb48120,0.099,,,
4515,2026-07-29,SZ002142,0.027882527022621083,EXP_LGBModel_Alpha158_csi300_custom_step0_s_20260729_13,476ecee3232d4757b209f6f21bb48120,0.099,,,
4516,2026-07-29,SZ002074,-0.08801370575129006,EXP_LGBModel_Alpha158_csi300_custom_step0_s_20260729_13,476ecee3232d4757b209f6f21bb48120,0.099,,,
4517,2026-07-29,SZ002050,-0.026301521130344913,EXP_LGBModel_Alpha158_csi300_custom_step0_s_20260729_13,476ecee3232d4757b209f6f21bb48120,0.099,,,
4518,2026-07-29,SZ002049,0.06585235549146275,EXP_LGBModel_Alpha158_csi300_custom_step0_s_20260729_13,476ecee3232d4757b209f6f21bb48120,0.099,,,
4519,2026-07-29,SZ002028,-0.02575598436192666,EXP_LGBModel_Alpha158_csi300_custom_step0_s_20260729_13,476ecee3232d4757b209f6f21bb48120,0.099,,,
4520,2026-07-29,SZ002027,-0.012749647887619932,EXP_LGBModel_Alpha158_csi300_custom_step0_s_20260729_13,476ecee3232d4757b209f6f21bb48120,0.099,,,
4521,2026-07-29,SZ002001,-0.040679960723055485,EXP_LGBModel_Alpha158_csi300_custom_step0_s_20260729_13,476ecee3232d4757b209f6f21bb48120,0.099,,,
4522,2026-07-29,SZ001979,-0.07241251314878817,EXP_LGBModel_Alpha158_csi300_custom_step0_s_20260729_13,476ecee3232d4757b209f6f21bb48120,0.099,,,
4523,2026-07-29,SZ001965,-0.005460131966906258,EXP_LGBModel_Alpha158_csi300_custom_step0_s_20260729_13,476ecee3232d4757b209f6f21bb48120,0.099,,,
4524,2026-07-29,SZ001391,0.013093510465564786,EXP_LGBModel_Alpha158_csi300_custom_step0_s_20260729_13,476ecee3232d4757b209f6f21bb48120,0.099,,,
4525,2026-07-29,SZ001280,-0.08546103563784083,EXP_LGBModel_Alpha158_csi300_custom_step0_s_20260729_13,476ecee3232d4757b209f6f21bb48120,0.099,,,
4526,2026-07-29,SZ000999,0.03897169196978185,EXP_LGBModel_Alpha158_csi300_custom_step0_s_20260729_13,476ecee3232d4757b209f6f21bb48120,0.099,,,
4527,2026-07-29,SZ000988,0.026853898096663203,EXP_LGBModel_Alpha158_csi300_custom_step0_s_20260729_13,476ecee3232d4757b209f6f21bb48120,0.099,,,
4528,2026-07-29,SZ000977,0.0867739506227285,EXP_LGBModel_Alpha158_csi300_custom_step0_s_20260729_13,476ecee3232d4757b209f6f21bb48120,0.099,,,
4529,2026-07-29,SZ000975,-0.04478887164828381,EXP_LGBModel_Alpha158_csi300_custom_step0_s_20260729_13,476ecee3232d4757b209f6f21bb48120,0.099,,,
4530,2026-07-29,SZ000963,-0.06011328501824573,EXP_LGBModel_Alpha158_csi300_custom_step0_s_20260729_13,476ecee3232d4757b209f6f21bb48120,0.099,,,
4531,2026-07-29,SZ002202,0.11804533579436455,EXP_LGBModel_Alpha158_csi300_custom_step0_s_20260729_13,476ecee3232d4757b209f6f21bb48120,0.099,,,
4532,2026-07-29,SZ002230,-0.07616703488491401,EXP_LGBModel_Alpha158_csi300_custom_step0_s_20260729_13,476ecee3232d4757b209f6f21bb48120,0.099,,,
4533,2026-07-29,SZ002236,0.015030538073925712,EXP_LGBModel_Alpha158_csi300_custom_step0_s_20260729_13,476ecee3232d4757b209f6f21bb48120,0.099,,,
4534,2026-07-29,SZ002241,-0.034696003459454935,EXP_LGBModel_Alpha158_csi300_custom_step0_s_20260729_13,476ecee3232d4757b209f6f21bb48120,0.099,,,
4535,2026-07-29,SZ002602,-0.08674063467165934,EXP_LGBModel_Alpha158_csi300_custom_step0_s_20260729_13,476ecee3232d4757b209f6f21bb48120,0.099,,,
4536,2026-07-29,SZ002600,0.05197785482143326,EXP_LGBModel_Alpha158_csi300_custom_step0_s_20260729_13,476ecee3232d4757b209f6f21bb48120,0.099,,,
4537,2026-07-29,SZ002594,-0.0034987386398276955,EXP_LGBModel_Alpha158_csi300_custom_step0_s_20260729_13,476ecee3232d4757b209f6f21bb48120,0.099,,,
4538,2026-07-29,SZ002558,-0.03866948323158197,EXP_LGBModel_Alpha158_csi300_custom_step0_s_20260729_13,476ecee3232d4757b209f6f21bb48120,0.099,,,
4539,2026-07-29,SZ002532,-0.027734585434792427,EXP_LGBModel_Alpha158_csi300_custom_step0_s_20260729_13,476ecee3232d4757b209f6f21bb48120,0.099,,,
4540,2026-07-29,SZ002493,-0.0746656602528644,EXP_LGBModel_Alpha158_csi300_custom_step0_s_20260729_13,476ecee3232d4757b209f6f21bb48120,0.099,,,
4541,2026-07-29,SZ002475,-0.06847597854753991,EXP_LGBModel_Alpha158_csi300_custom_step0_s_20260729_13,476ecee3232d4757b209f6f21bb48120,0.099,,,
4542,2026-07-29,SZ002466,0.10251117548710266,EXP_LGBModel_Alpha158_csi300_custom_step0_s_20260729_13,476ecee3232d4757b209f6f21bb48120,0.099,,,
4543,2026-07-29,SH601788,0.022951292476615114,EXP_LGBModel_Alpha158_csi300_custom_step0_s_20260729_13,476ecee3232d4757b209f6f21bb48120,0.099,,,
4544,2026-07-29,SZ002463,0.04001674039978808,EXP_LGBModel_Alpha158_csi300_custom_step0_s_20260729_13,476ecee3232d4757b209f6f21bb48120,0.099,,,
4545,2026-07-29,SZ002422,-0.02740848116397155,EXP_LGBModel_Alpha158_csi300_custom_step0_s_20260729_13,476ecee3232d4757b209f6f21bb48120,0.099,,,
4546,2026-07-29,SZ002415,-0.061592748768290496,EXP_LGBModel_Alpha158_csi300_custom_step0_s_20260729_13,476ecee3232d4757b209f6f21bb48120,0.099,,,
4547,2026-07-29,SZ002384,0.03740980226629941,EXP_LGBModel_Alpha158_csi300_custom_step0_s_20260729_13,476ecee3232d4757b209f6f21bb48120,0.099,,,
4548,2026-07-29,SZ002371,0.008312782463183706,EXP_LGBModel_Alpha158_csi300_custom_step0_s_20260729_13,476ecee3232d4757b209f6f21bb48120,0.099,,,
4549,2026-07-29,SZ002353,0.0643327088065423,EXP_LGBModel_Alpha158_csi300_custom_step0_s_20260729_13,476ecee3232d4757b209f6f21bb48120,0.099,,,
4550,2026-07-29,SZ002352,0.026752085048352456,EXP_LGBModel_Alpha158_csi300_custom_step0_s_20260729_13,476ecee3232d4757b209f6f21bb48120,0.099,,,
4551,2026-07-29,SZ002311,-0.006186877595075161,EXP_LGBModel_Alpha158_csi300_custom_step0_s_20260729_13,476ecee3232d4757b209f6f21bb48120,0.099,,,
4552,2026-07-29,SZ002304,-0.06030659859256308,EXP_LGBModel_Alpha158_csi300_custom_step0_s_20260729_13,476ecee3232d4757b209f6f21bb48120,0.099,,,
4553,2026-07-29,SZ002460,0.09465710164911587,EXP_LGBModel_Alpha158_csi300_custom_step0_s_20260729_13,476ecee3232d4757b209f6f21bb48120,0.099,,,
4554,2026-07-29,SZ002001,-0.05573109378544489,EXP_LGBModel_Alpha158_csi300_custom_step0_s_20260729_13,cf68003418734499bf0d0bd4ca1e8057,0.061,,,
4555,2026-07-29,SH601766,-0.0067822292297570475,EXP_LGBModel_Alpha158_csi300_custom_step0_s_20260729_13,476ecee3232d4757b209f6f21bb48120,0.099,,,
4556,2026-07-29,SH601727,-0.12128788082651953,EXP_LGBModel_Alpha158_csi300_custom_step0_s_20260729_13,476ecee3232d4757b209f6f21bb48120,0.099,,,
4557,2026-07-29,SH600085,-0.08230285978746994,EXP_LGBModel_Alpha158_csi300_custom_step0_s_20260729_13,476ecee3232d4757b209f6f21bb48120,0.099,,,
4558,2026-07-29,SH600066,-0.03792037971812249,EXP_LGBModel_Alpha158_csi300_custom_step0_s_20260729_13,476ecee3232d4757b209f6f21bb48120,0.099,,,
4559,2026-07-29,SH600061,0.025803852240473765,EXP_LGBModel_Alpha158_csi300_custom_step0_s_20260729_13,476ecee3232d4757b209f6f21bb48120,0.099,,,
4560,2026-07-29,SH600050,0.045604892384676,EXP_LGBModel_Alpha158_csi300_custom_step0_s_20260729_13,476ecee3232d4757b209f6f21bb48120,0.099,,,
4561,2026-07-29,SH600048,-0.022742857798776592,EXP_LGBModel_Alpha158_csi300_custom_step0_s_20260729_13,476ecee3232d4757b209f6f21bb48120,0.099,,,
4562,2026-07-29,SH600039,-0.020019586929350682,EXP_LGBModel_Alpha158_csi300_custom_step0_s_20260729_13,476ecee3232d4757b209f6f21bb48120,0.099,,,
4563,2026-07-29,SH600036,0.07287835813826472,EXP_LGBModel_Alpha158_csi300_custom_step0_s_20260729_13,476ecee3232d4757b209f6f21bb48120,0.099,,,
4564,2026-07-29,SH600031,-0.08489234794097911,EXP_LGBModel_Alpha158_csi300_custom_step0_s_20260729_13,476ecee3232d4757b209f6f21bb48120,0.099,,,
4565,2026-07-29,SH600030,0.02416134040976788,EXP_LGBModel_Alpha158_csi300_custom_step0_s_20260729_13,476ecee3232d4757b209f6f21bb48120,0.099,,,
4566,2026-07-29,SH600029,0.011433863090016018,EXP_LGBModel_Alpha158_csi300_custom_step0_s_20260729_13,476ecee3232d4757b209f6f21bb48120,0.099,,,
4567,2026-07-29,SH600028,0.012451335667611769,EXP_LGBModel_Alpha158_csi300_custom_step0_s_20260729_13,476ecee3232d4757b209f6f21bb48120,0.099,,,
4568,2026-07-29,SH600027,-0.021779524124810372,EXP_LGBModel_Alpha158_csi300_custom_step0_s_20260729_13,476ecee3232d4757b209f6f21bb48120,0.099,,,
4569,2026-07-29,SH600026,0.09324620960527444,EXP_LGBModel_Alpha158_csi300_custom_step0_s_20260729_13,476ecee3232d4757b209f6f21bb48120,0.099,,,
4570,2026-07-29,SH600025,0.000782138592556701,EXP_LGBModel_Alpha158_csi300_custom_step0_s_20260729_13,476ecee3232d4757b209f6f21bb48120,0.099,,,
4571,2026-07-29,SH600023,-0.03172675298471861,EXP_LGBModel_Alpha158_csi300_custom_step0_s_20260729_13,476ecee3232d4757b209f6f21bb48120,0.099,,,
4572,2026-07-29,SH600019,-0.017626986999693225,EXP_LGBModel_Alpha158_csi300_custom_step0_s_20260729_13,476ecee3232d4757b209f6f21bb48120,0.099,,,
4573,2026-07-29,SH600018,0.03984809446256792,EXP_LGBModel_Alpha158_csi300_custom_step0_s_20260729_13,476ecee3232d4757b209f6f21bb48120,0.099,,,
4574,2026-07-29,SH600089,-0.125988054423528,EXP_LGBModel_Alpha158_csi300_custom_step0_s_20260729_13,476ecee3232d4757b209f6f21bb48120,0.099,,,
4575,2026-07-29,SH600016,0.06048684641741528,EXP_LGBModel_Alpha158_csi300_custom_step0_s_20260729_13,476ecee3232d4757b209f6f21bb48120,0.099,,,
4576,2026-07-29,SH600104,0.009945419890176848,EXP_LGBModel_Alpha158_csi300_custom_step0_s_20260729_13,476ecee3232d4757b209f6f21bb48120,0.099,,,
4577,2026-07-29,SH600115,-0.030275711000645286,EXP_LGBModel_Alpha158_csi300_custom_step0_s_20260729_13,476ecee3232d4757b209f6f21bb48120,0.099,,,
4578,2026-07-29,SH600415,-0.0736170389830339,EXP_LGBModel_Alpha158_csi300_custom_step0_s_20260729_13,476ecee3232d4757b209f6f21bb48120,0.099,,,
4579,2026-07-29,SH600406,-0.10644133764389478,EXP_LGBModel_Alpha158_csi300_custom_step0_s_20260729_13,476ecee3232d4757b209f6f21bb48120,0.099,,,
4580,2026-07-29,SH600372,0.034167536030413254,EXP_LGBModel_Alpha158_csi300_custom_step0_s_20260729_13,476ecee3232d4757b209f6f21bb48120,0.099,,,
4581,2026-07-29,SH600362,-0.0667010951367154,EXP_LGBModel_Alpha158_csi300_custom_step0_s_20260729_13,476ecee3232d4757b209f6f21bb48120,0.099,,,
4582,2026-07-29,SH600346,-0.07011570456806471,EXP_LGBModel_Alpha158_csi300_custom_step0_s_20260729_13,476ecee3232d4757b209f6f21bb48120,0.099,,,
4583,2026-07-29,SH600309,-0.07933552934646268,EXP_LGBModel_Alpha158_csi300_custom_step0_s_20260729_13,476ecee3232d4757b209f6f21bb48120,0.099,,,
4584,2026-07-29,SH600276,-0.09774731155607803,EXP_LGBModel_Alpha158_csi300_custom_step0_s_20260729_13,476ecee3232d4757b209f6f21bb48120,0.099,,,
4585,2026-07-29,SH600233,-0.05272185266005067,EXP_LGBModel_Alpha158_csi300_custom_step0_s_20260729_13,476ecee3232d4757b209f6f21bb48120,0.099,,,
4586,2026-07-29,SH600221,0.0010479687502440225,EXP_LGBModel_Alpha158_csi300_custom_step0_s_20260729_13,476ecee3232d4757b209f6f21bb48120,0.099,,,
4587,2026-07-29,SH600219,-0.027492506994020154,EXP_LGBModel_Alpha158_csi300_custom_step0_s_20260729_13,476ecee3232d4757b209f6f21bb48120,0.099,,,
4588,2026-07-29,SH600196,-0.06518004757653752,EXP_LGBModel_Alpha158_csi300_custom_step0_s_20260729_13,476ecee3232d4757b209f6f21bb48120,0.099,,,
4589,2026-07-29,SH600188,-0.07171433037942021,EXP_LGBModel_Alpha158_csi300_custom_step0_s_20260729_13,476ecee3232d4757b209f6f21bb48120,0.099,,,
4590,2026-07-29,SH600183,0.05992789340572027,EXP_LGBModel_Alpha158_csi300_custom_step0_s_20260729_13,476ecee3232d4757b209f6f21bb48120,0.099,,,
4591,2026-07-29,SH600176,0.02145215405969346,EXP_LGBModel_Alpha158_csi300_custom_step0_s_20260729_13,476ecee3232d4757b209f6f21bb48120,0.099,,,
4592,2026-07-29,SH600160,-0.017369226904784183,EXP_LGBModel_Alpha158_csi300_custom_step0_s_20260729_13,476ecee3232d4757b209f6f21bb48120,0.099,,,
4593,2026-07-29,SH600150,-0.07219483727107427,EXP_LGBModel_Alpha158_csi300_custom_step0_s_20260729_13,476ecee3232d4757b209f6f21bb48120,0.099,,,
4594,2026-07-29,SH600118,0.08735650776623177,EXP_LGBModel_Alpha158_csi300_custom_step0_s_20260729_13,476ecee3232d4757b209f6f21bb48120,0.099,,,
4595,2026-07-29,SH600111,0.11707484884762877,EXP_LGBModel_Alpha158_csi300_custom_step0_s_20260729_13,476ecee3232d4757b209f6f21bb48120,0.099,,,
4596,2026-07-29,SH600426,-0.07848818605720227,EXP_LGBModel_Alpha158_csi300_custom_step0_s_20260729_13,476ecee3232d4757b209f6f21bb48120,0.099,,,
4597,2026-07-29,SH600015,0.07426900050857092,EXP_LGBModel_Alpha158_csi300_custom_step0_s_20260729_13,476ecee3232d4757b209f6f21bb48120,0.099,,,
4598,2026-07-29,SH600010,-0.024788839670944238,EXP_LGBModel_Alpha158_csi300_custom_step0_s_20260729_13,476ecee3232d4757b209f6f21bb48120,0.099,,,
4599,2026-07-29,SZ300433,0.026153687244844265,EXP_LGBModel_Alpha158_csi300_custom_step0_s_20260729_13,4c2341a45f784df79e0118fc74a98905,0.063,,,
4600,2026-07-29,SZ300418,-0.025599388797297715,EXP_LGBModel_Alpha158_csi300_custom_step0_s_20260729_13,4c2341a45f784df79e0118fc74a98905,0.063,,,
4601,2026-07-29,SZ300413,-0.018148874931882362,EXP_LGBModel_Alpha158_csi300_custom_step0_s_20260729_13,4c2341a45f784df79e0118fc74a98905,0.063,,,
4602,2026-07-29,SZ300408,0.06122137345988524,EXP_LGBModel_Alpha158_csi300_custom_step0_s_20260729_13,4c2341a45f784df79e0118fc74a98905,0.063,,,
4603,2026-07-29,SZ300394,0.04014049872316063,EXP_LGBModel_Alpha158_csi300_custom_step0_s_20260729_13,4c2341a45f784df79e0118fc74a98905,0.063,,,
4604,2026-07-29,SZ300316,0.031002009050372585,EXP_LGBModel_Alpha158_csi300_custom_step0_s_20260729_13,4c2341a45f784df79e0118fc74a98905,0.063,,,
4605,2026-07-29,SZ300308,0.02960019780091247,EXP_LGBModel_Alpha158_csi300_custom_step0_s_20260729_13,4c2341a45f784df79e0118fc74a98905,0.063,,,
4606,2026-07-29,SZ300274,0.030294185879883504,EXP_LGBModel_Alpha158_csi300_custom_step0_s_20260729_13,4c2341a45f784df79e0118fc74a98905,0.063,,,
4607,2026-07-29,SZ300251,-0.05243624546720998,EXP_LGBModel_Alpha158_csi300_custom_step0_s_20260729_13,4c2341a45f784df79e0118fc74a98905,0.063,,,
4608,2026-07-29,SZ300124,-0.005082366380850507,EXP_LGBModel_Alpha158_csi300_custom_step0_s_20260729_13,4c2341a45f784df79e0118fc74a98905,0.063,,,
4609,2026-07-29,SZ300122,-0.06608586519070092,EXP_LGBModel_Alpha158_csi300_custom_step0_s_20260729_13,4c2341a45f784df79e0118fc74a98905,0.063,,,
4610,2026-07-29,SZ300059,-0.0648323975727516,EXP_LGBModel_Alpha158_csi300_custom_step0_s_20260729_13,4c2341a45f784df79e0118fc74a98905,0.063,,,
4611,2026-07-29,SZ300033,-0.09231309825482997,EXP_LGBModel_Alpha158_csi300_custom_step0_s_20260729_13,4c2341a45f784df79e0118fc74a98905,0.063,,,
4612,2026-07-29,SZ300015,-0.013316656472877884,EXP_LGBModel_Alpha158_csi300_custom_step0_s_20260729_13,4c2341a45f784df79e0118fc74a98905,0.063,,,
4613,2026-07-29,SZ300014,0.04402215284043093,EXP_LGBModel_Alpha158_csi300_custom_step0_s_20260729_13,4c2341a45f784df79e0118fc74a98905,0.063,,,
4614,2026-07-29,SZ003816,-0.002650470968452177,EXP_LGBModel_Alpha158_csi300_custom_step0_s_20260729_13,4c2341a45f784df79e0118fc74a98905,0.063,,,
4615,2026-07-29,SZ002938,0.0071034756158120365,EXP_LGBModel_Alpha158_csi300_custom_step0_s_20260729_13,4c2341a45f784df79e0118fc74a98905,0.063,,,
4616,2026-07-29,SZ300442,-0.010417326479900946,EXP_LGBModel_Alpha158_csi300_custom_step0_s_20260729_13,4c2341a45f784df79e0118fc74a98905,0.063,,,
4617,2026-07-29,SH600011,-0.09215024562702837,EXP_LGBModel_Alpha158_csi300_custom_step0_s_20260729_13,476ecee3232d4757b209f6f21bb48120,0.099,,,
4618,2026-07-29,SZ300450,0.04446736367013206,EXP_LGBModel_Alpha158_csi300_custom_step0_s_20260729_13,4c2341a45f784df79e0118fc74a98905,0.063,,,
4619,2026-07-29,SZ300498,0.0008314192849590295,EXP_LGBModel_Alpha158_csi300_custom_step0_s_20260729_13,4c2341a45f784df79e0118fc74a98905,0.063,,,
4620,2026-07-29,SH600009,0.012830881927218155,EXP_LGBModel_Alpha158_csi300_custom_step0_s_20260729_13,476ecee3232d4757b209f6f21bb48120,0.099,,,
4621,2026-07-29,SH600000,0.06455839445501999,EXP_LGBModel_Alpha158_csi300_custom_step0_s_20260729_13,476ecee3232d4757b209f6f21bb48120,0.099,,,
4622,2026-07-29,SZ302132,-0.033544492761024676,EXP_LGBModel_Alpha158_csi300_custom_step0_s_20260729_13,4c2341a45f784df79e0118fc74a98905,0.063,,,
4623,2026-07-29,SZ301308,0.0395791226821355,EXP_LGBModel_Alpha158_csi300_custom_step0_s_20260729_13,4c2341a45f784df79e0118fc74a98905,0.063,,,
4624,2026-07-29,SZ301269,-0.014939641153727746,EXP_LGBModel_Alpha158_csi300_custom_step0_s_20260729_13,4c2341a45f784df79e0118fc74a98905,0.063,,,
4625,2026-07-29,SZ301236,-0.08865225878442679,EXP_LGBModel_Alpha158_csi300_custom_step0_s_20260729_13,4c2341a45f784df79e0118fc74a98905,0.063,,,
4626,2026-07-29,SZ301165,0.018325299846516353,EXP_LGBModel_Alpha158_csi300_custom_step0_s_20260729_13,4c2341a45f784df79e0118fc74a98905,0.063,,,
4627,2026-07-29,SZ300999,0.007058016169542692,EXP_LGBModel_Alpha158_csi300_custom_step0_s_20260729_13,4c2341a45f784df79e0118fc74a98905,0.063,,,
4628,2026-07-29,SZ300896,0.034914164766353596,EXP_LGBModel_Alpha158_csi300_custom_step0_s_20260729_13,4c2341a45f784df79e0118fc74a98905,0.063,,,
4629,2026-07-29,SZ300866,-0.0020696476480067173,EXP_LGBModel_Alpha158_csi300_custom_step0_s_20260729_13,4c2341a45f784df79e0118fc74a98905,0.063,,,
4630,2026-07-29,SZ300832,0.02462069383098411,EXP_LGBModel_Alpha158_csi300_custom_step0_s_20260729_13,4c2341a45f784df79e0118fc74a98905,0.063,,,
4631,2026-07-29,SZ300803,0.018552359744525838,EXP_LGBModel_Alpha158_csi300_custom_step0_s_20260729_13,4c2341a45f784df79e0118fc74a98905,0.063,,,
4632,2026-07-29,SZ300760,-0.0009046390156140233,EXP_LGBModel_Alpha158_csi300_custom_step0_s_20260729_13,4c2341a45f784df79e0118fc74a98905,0.063,,,
4633,2026-07-29,SZ300750,-0.1382164105127677,EXP_LGBModel_Alpha158_csi300_custom_step0_s_20260729_13,4c2341a45f784df79e0118fc74a98905,0.063,,,
4634,2026-07-29,SZ300661,0.05512688238014758,EXP_LGBModel_Alpha158_csi300_custom_step0_s_20260729_13,4c2341a45f784df79e0118fc74a98905,0.063,,,
4635,2026-07-29,SZ300628,-0.0521151003840275,EXP_LGBModel_Alpha158_csi300_custom_step0_s_20260729_13,4c2341a45f784df79e0118fc74a98905,0.063,,,
4636,2026-07-29,SZ300502,0.013166043595280872,EXP_LGBModel_Alpha158_csi300_custom_step0_s_20260729_13,4c2341a45f784df79e0118fc74a98905,0.063,,,
4637,2026-07-29,SZ300476,0.07341983752463047,EXP_LGBModel_Alpha158_csi300_custom_step0_s_20260729_13,4c2341a45f784df79e0118fc74a98905,0.063,,,
4638,2026-07-29,SH600436,0.007346142130947306,EXP_LGBModel_Alpha158_csi300_custom_step0_s_20260729_13,476ecee3232d4757b209f6f21bb48120,0.099,,,
4639,2026-07-29,SH600438,-0.03537023041215179,EXP_LGBModel_Alpha158_csi300_custom_step0_s_20260729_13,476ecee3232d4757b209f6f21bb48120,0.099,,,
4640,2026-07-29,SH600460,0.06425335535792186,EXP_LGBModel_Alpha158_csi300_custom_step0_s_20260729_13,476ecee3232d4757b209f6f21bb48120,0.099,,,
4641,2026-07-29,SH601288,0.005130510396846744,EXP_LGBModel_Alpha158_csi300_custom_step0_s_20260729_13,476ecee3232d4757b209f6f21bb48120,0.099,,,
4642,2026-07-29,SH601238,-0.042923026952564565,EXP_LGBModel_Alpha158_csi300_custom_step0_s_20260729_13,476ecee3232d4757b209f6f21bb48120,0.099,,,
4643,2026-07-29,SH601229,0.08169432813877392,EXP_LGBModel_Alpha158_csi300_custom_step0_s_20260729_13,476ecee3232d4757b209f6f21bb48120,0.099,,,
4644,2026-07-29,SH601225,-0.04306482858780248,EXP_LGBModel_Alpha158_csi300_custom_step0_s_20260729_13,476ecee3232d4757b209f6f21bb48120,0.099,,,
4645,2026-07-29,SH601211,-0.04178807980560048,EXP_LGBModel_Alpha158_csi300_custom_step0_s_20260729_13,476ecee3232d4757b209f6f21bb48120,0.099,,,
4646,2026-07-29,SH601186,0.0748995337804263,EXP_LGBModel_Alpha158_csi300_custom_step0_s_20260729_13,476ecee3232d4757b209f6f21bb48120,0.099,,,
4647,2026-07-29,SH601169,0.07996343920262663,EXP_LGBModel_Alpha158_csi300_custom_step0_s_20260729_13,476ecee3232d4757b209f6f21bb48120,0.099,,,
4648,2026-07-29,SH601166,0.05143343003056256,EXP_LGBModel_Alpha158_csi300_custom_step0_s_20260729_13,476ecee3232d4757b209f6f21bb48120,0.099,,,
4649,2026-07-29,SH601138,0.02297598623869176,EXP_LGBModel_Alpha158_csi300_custom_step0_s_20260729_13,476ecee3232d4757b209f6f21bb48120,0.099,,,
4650,2026-07-29,SH601136,0.01357354591136436,EXP_LGBModel_Alpha158_csi300_custom_step0_s_20260729_13,476ecee3232d4757b209f6f21bb48120,0.099,,,
4651,2026-07-29,SH601127,-0.06982399239166977,EXP_LGBModel_Alpha158_csi300_custom_step0_s_20260729_13,476ecee3232d4757b209f6f21bb48120,0.099,,,
4652,2026-07-29,SH601117,0.004732931972519571,EXP_LGBModel_Alpha158_csi300_custom_step0_s_20260729_13,476ecee3232d4757b209f6f21bb48120,0.099,,,
4653,2026-07-29,SH601111,0.019683472445312884,EXP_LGBModel_Alpha158_csi300_custom_step0_s_20260729_13,476ecee3232d4757b209f6f21bb48120,0.099,,,
4654,2026-07-29,SH601100,-0.06780693280644672,EXP_LGBModel_Alpha158_csi300_custom_step0_s_20260729_13,476ecee3232d4757b209f6f21bb48120,0.099,,,
4655,2026-07-29,SH601088,-0.020595489889999014,EXP_LGBModel_Alpha158_csi300_custom_step0_s_20260729_13,476ecee3232d4757b209f6f21bb48120,0.099,,,
4656,2026-07-29,SH601077,-0.019438413990359543,EXP_LGBModel_Alpha158_csi300_custom_step0_s_20260729_13,476ecee3232d4757b209f6f21bb48120,0.099,,,
4657,2026-07-29,SH601066,-0.03546976147355706,EXP_LGBModel_Alpha158_csi300_custom_step0_s_20260729_13,476ecee3232d4757b209f6f21bb48120,0.099,,,
4658,2026-07-29,SH601318,-0.020227077248903932,EXP_LGBModel_Alpha158_csi300_custom_step0_s_20260729_13,476ecee3232d4757b209f6f21bb48120,0.099,,,
4659,2026-07-29,SH601059,0.020526676312596918,EXP_LGBModel_Alpha158_csi300_custom_step0_s_20260729_13,476ecee3232d4757b209f6f21bb48120,0.099,,,
4660,2026-07-29,SH601319,0.01290426051334272,EXP_LGBModel_Alpha158_csi300_custom_step0_s_20260729_13,476ecee3232d4757b209f6f21bb48120,0.099,,,
4661,2026-07-29,SH601336,0.0063437457262167495,EXP_LGBModel_Alpha158_csi300_custom_step0_s_20260729_13,476ecee3232d4757b209f6f21bb48120,0.099,,,
4662,2026-07-29,SH601698,0.02742382782056007,EXP_LGBModel_Alpha158_csi300_custom_step0_s_20260729_13,476ecee3232d4757b209f6f21bb48120,0.099,,,
4663,2026-07-29,SH601689,-0.03186433931350614,EXP_LGBModel_Alpha158_csi300_custom_step0_s_20260729_13,476ecee3232d4757b209f6f21bb48120,0.099,,,
4664,2026-07-29,SH601688,-0.016394306657099494,EXP_LGBModel_Alpha158_csi300_custom_step0_s_20260729_13,476ecee3232d4757b209f6f21bb48120,0.099,,,
4665,2026-07-29,SH601669,-0.018216977173165994,EXP_LGBModel_Alpha158_csi300_custom_step0_s_20260729_13,476ecee3232d4757b209f6f21bb48120,0.099,,,
4666,2026-07-29,SH601668,0.02259065453984828,EXP_LGBModel_Alpha158_csi300_custom_step0_s_20260729_13,476ecee3232d4757b209f6f21bb48120,0.099,,,
4667,2026-07-29,SH601658,0.06836840627885239,EXP_LGBModel_Alpha158_csi300_custom_step0_s_20260729_13,476ecee3232d4757b209f6f21bb48120,0.099,,,
4668,2026-07-29,SH601633,-0.03895457227992489,EXP_LGBModel_Alpha158_csi300_custom_step0_s_20260729_13,476ecee3232d4757b209f6f21bb48120,0.099,,,
4669,2026-07-29,SH601628,-0.021544879931862694,EXP_LGBModel_Alpha158_csi300_custom_step0_s_20260729_13,476ecee3232d4757b209f6f21bb48120,0.099,,,
4670,2026-07-29,SH601618,0.01480288622665126,EXP_LGBModel_Alpha158_csi300_custom_step0_s_20260729_13,476ecee3232d4757b209f6f21bb48120,0.099,,,
4671,2026-07-29,SH601607,0.01788366319837823,EXP_LGBModel_Alpha158_csi300_custom_step0_s_20260729_13,476ecee3232d4757b209f6f21bb48120,0.099,,,
4672,2026-07-29,SH601601,-0.08478599437078502,EXP_LGBModel_Alpha158_csi300_custom_step0_s_20260729_13,476ecee3232d4757b209f6f21bb48120,0.099,,,
4673,2026-07-29,SH601600,-0.0724872707269011,EXP_LGBModel_Alpha158_csi300_custom_step0_s_20260729_13,476ecee3232d4757b209f6f21bb48120,0.099,,,
4674,2026-07-29,SH601456,0.0029782696942261496,EXP_LGBModel_Alpha158_csi300_custom_step0_s_20260729_13,476ecee3232d4757b209f6f21bb48120,0.099,,,
4675,2026-07-29,SH601398,0.0028674377434235888,EXP_LGBModel_Alpha158_csi300_custom_step0_s_20260729_13,476ecee3232d4757b209f6f21bb48120,0.099,,,
4676,2026-07-29,SH601390,0.04021611180134713,EXP_LGBModel_Alpha158_csi300_custom_step0_s_20260729_13,476ecee3232d4757b209f6f21bb48120,0.099,,,
4677,2026-07-29,SH601377,0.028957589921164442,EXP_LGBModel_Alpha158_csi300_custom_step0_s_20260729_13,476ecee3232d4757b209f6f21bb48120,0.099,,,
4678,2026-07-29,SH601360,-0.11468811480843047,EXP_LGBModel_Alpha158_csi300_custom_step0_s_20260729_13,476ecee3232d4757b209f6f21bb48120,0.099,,,
4679,2026-07-29,SH601328,0.08545613927129207,EXP_LGBModel_Alpha158_csi300_custom_step0_s_20260729_13,476ecee3232d4757b209f6f21bb48120,0.099,,,
4680,2026-07-29,SH601058,0.05694843825836411,EXP_LGBModel_Alpha158_csi300_custom_step0_s_20260729_13,476ecee3232d4757b209f6f21bb48120,0.099,,,
4681,2026-07-29,SH601021,0.03883311921244521,EXP_LGBModel_Alpha158_csi300_custom_step0_s_20260729_13,476ecee3232d4757b209f6f21bb48120,0.099,,,
4682,2026-07-29,SH601018,0.05219226212833472,EXP_LGBModel_Alpha158_csi300_custom_step0_s_20260729_13,476ecee3232d4757b209f6f21bb48120,0.099,,,
4683,2026-07-29,SH600760,-0.0873030800990782,EXP_LGBModel_Alpha158_csi300_custom_step0_s_20260729_13,476ecee3232d4757b209f6f21bb48120,0.099,,,
4684,2026-07-29,SH600741,0.03880945109954852,EXP_LGBModel_Alpha158_csi300_custom_step0_s_20260729_13,476ecee3232d4757b209f6f21bb48120,0.099,,,
4685,2026-07-29,SH600690,-0.007452611083333169,EXP_LGBModel_Alpha158_csi300_custom_step0_s_20260729_13,476ecee3232d4757b209f6f21bb48120,0.099,,,
4686,2026-07-29,SH600674,0.0025947563435193494,EXP_LGBModel_Alpha158_csi300_custom_step0_s_20260729_13,476ecee3232d4757b209f6f21bb48120,0.099,,,
4687,2026-07-29,SH600660,-0.03753016099065937,EXP_LGBModel_Alpha158_csi300_custom_step0_s_20260729_13,476ecee3232d4757b209f6f21bb48120,0.099,,,
4688,2026-07-29,SH600600,0.02315008668881022,EXP_LGBModel_Alpha158_csi300_custom_step0_s_20260729_13,476ecee3232d4757b209f6f21bb48120,0.099,,,
4689,2026-07-29,SH600588,-0.06280073008082838,EXP_LGBModel_Alpha158_csi300_custom_step0_s_20260729_13,476ecee3232d4757b209f6f21bb48120,0.099,,,
4690,2026-07-29,SH600585,0.04537252937176835,EXP_LGBModel_Alpha158_csi300_custom_step0_s_20260729_13,476ecee3232d4757b209f6f21bb48120,0.099,,,
4691,2026-07-29,SH600584,0.08001492701137117,EXP_LGBModel_Alpha158_csi300_custom_step0_s_20260729_13,476ecee3232d4757b209f6f21bb48120,0.099,,,
4692,2026-07-29,SH600570,-0.1110268313834325,EXP_LGBModel_Alpha158_csi300_custom_step0_s_20260729_13,476ecee3232d4757b209f6f21bb48120,0.099,,,
4693,2026-07-29,SH600549,0.047489549382198286,EXP_LGBModel_Alpha158_csi300_custom_step0_s_20260729_13,476ecee3232d4757b209f6f21bb48120,0.099,,,
4694,2026-07-29,SH600547,-0.10168605729197192,EXP_LGBModel_Alpha158_csi300_custom_step0_s_20260729_13,476ecee3232d4757b209f6f21bb48120,0.099,,,
4695,2026-07-29,SH600522,-0.027267453459376655,EXP_LGBModel_Alpha158_csi300_custom_step0_s_20260729_13,476ecee3232d4757b209f6f21bb48120,0.099,,,
4696,2026-07-29,SH600519,0.015982129351963803,EXP_LGBModel_Alpha158_csi300_custom_step0_s_20260729_13,476ecee3232d4757b209f6f21bb48120,0.099,,,
4697,2026-07-29,SH600515,0.04193052739933129,EXP_LGBModel_Alpha158_csi300_custom_step0_s_20260729_13,476ecee3232d4757b209f6f21bb48120,0.099,,,
4698,2026-07-29,SH600489,-0.11870349571782735,EXP_LGBModel_Alpha158_csi300_custom_step0_s_20260729_13,476ecee3232d4757b209f6f21bb48120,0.099,,,
4699,2026-07-29,SH600482,-0.0706715305711584,EXP_LGBModel_Alpha158_csi300_custom_step0_s_20260729_13,476ecee3232d4757b209f6f21bb48120,0.099,,,
4700,2026-07-29,SH600795,0.011755255834253015,EXP_LGBModel_Alpha158_csi300_custom_step0_s_20260729_13,476ecee3232d4757b209f6f21bb48120,0.099,,,
4701,2026-07-29,SH600803,-0.05044082668341057,EXP_LGBModel_Alpha158_csi300_custom_step0_s_20260729_13,476ecee3232d4757b209f6f21bb48120,0.099,,,
4702,2026-07-29,SH600809,-0.07594784009189123,EXP_LGBModel_Alpha158_csi300_custom_step0_s_20260729_13,476ecee3232d4757b209f6f21bb48120,0.099,,,
4703,2026-07-29,SH600845,-0.05973476536693234,EXP_LGBModel_Alpha158_csi300_custom_step0_s_20260729_13,476ecee3232d4757b209f6f21bb48120,0.099,,,
4704,2026-07-29,SH601012,-0.0931663186904153,EXP_LGBModel_Alpha158_csi300_custom_step0_s_20260729_13,476ecee3232d4757b209f6f21bb48120,0.099,,,
4705,2026-07-29,SH601009,0.042825166725111136,EXP_LGBModel_Alpha158_csi300_custom_step0_s_20260729_13,476ecee3232d4757b209f6f21bb48120,0.099,,,
4706,2026-07-29,SH601006,0.018996830788821608,EXP_LGBModel_Alpha158_csi300_custom_step0_s_20260729_13,476ecee3232d4757b209f6f21bb48120,0.099,,,
4707,2026-07-29,SH600999,-0.062182931452422284,EXP_LGBModel_Alpha158_csi300_custom_step0_s_20260729_13,476ecee3232d4757b209f6f21bb48120,0.099,,,
4708,2026-07-29,SH600989,-0.06964784754308183,EXP_LGBModel_Alpha158_csi300_custom_step0_s_20260729_13,476ecee3232d4757b209f6f21bb48120,0.099,,,
4709,2026-07-29,SH600958,0.04956273932693786,EXP_LGBModel_Alpha158_csi300_custom_step0_s_20260729_13,476ecee3232d4757b209f6f21bb48120,0.099,,,
4710,2026-07-29,SH600941,0.0721530247167516,EXP_LGBModel_Alpha158_csi300_custom_step0_s_20260729_13,476ecee3232d4757b209f6f21bb48120,0.099,,,
4711,2026-07-29,SH600938,0.002584788225537607,EXP_LGBModel_Alpha158_csi300_custom_step0_s_20260729_13,476ecee3232d4757b209f6f21bb48120,0.099,,,
4712,2026-07-29,SH601728,0.052744820250916875,EXP_LGBModel_Alpha158_csi300_custom_step0_s_20260729_13,476ecee3232d4757b209f6f21bb48120,0.099,,,
4713,2026-07-29,SH600930,0.011732851312124516,EXP_LGBModel_Alpha158_csi300_custom_step0_s_20260729_13,476ecee3232d4757b209f6f21bb48120,0.099,,,
4714,2026-07-29,SH600919,0.07062092031620502,EXP_LGBModel_Alpha158_csi300_custom_step0_s_20260729_13,476ecee3232d4757b209f6f21bb48120,0.099,,,
4715,2026-07-29,SH600918,-0.027222402554447384,EXP_LGBModel_Alpha158_csi300_custom_step0_s_20260729_13,476ecee3232d4757b209f6f21bb48120,0.099,,,
4716,2026-07-29,SH600905,-0.03589049930406156,EXP_LGBModel_Alpha158_csi300_custom_step0_s_20260729_13,476ecee3232d4757b209f6f21bb48120,0.099,,,
4717,2026-07-29,SH600900,0.033074466576612845,EXP_LGBModel_Alpha158_csi300_custom_step0_s_20260729_13,476ecee3232d4757b209f6f21bb48120,0.099,,,
4718,2026-07-29,SH600893,-0.05816708493348073,EXP_LGBModel_Alpha158_csi300_custom_step0_s_20260729_13,476ecee3232d4757b209f6f21bb48120,0.099,,,
4719,2026-07-29,SH600887,-0.04273325348599954,EXP_LGBModel_Alpha158_csi300_custom_step0_s_20260729_13,476ecee3232d4757b209f6f21bb48120,0.099,,,
4720,2026-07-29,SH600886,0.002852849925778056,EXP_LGBModel_Alpha158_csi300_custom_step0_s_20260729_13,476ecee3232d4757b209f6f21bb48120,0.099,,,
4721,2026-07-29,SH600875,-0.022023193542825188,EXP_LGBModel_Alpha158_csi300_custom_step0_s_20260729_13,476ecee3232d4757b209f6f21bb48120,0.099,,,
4722,2026-07-29,SH600926,0.03557311477672977,EXP_LGBModel_Alpha158_csi300_custom_step0_s_20260729_13,476ecee3232d4757b209f6f21bb48120,0.099,,,
4723,2026-07-29,SZ001979,0.0019281095717325887,EXP_LGBModel_Alpha158_csi300_custom_step0_s_20260729_13,cf68003418734499bf0d0bd4ca1e8057,0.061,,,
4724,2026-07-29,SZ001965,0.012184445128139394,EXP_LGBModel_Alpha158_csi300_custom_step0_s_20260729_13,cf68003418734499bf0d0bd4ca1e8057,0.061,,,
4725,2026-07-29,SZ001391,0.005434607678097045,EXP_LGBModel_Alpha158_csi300_custom_step0_s_20260729_13,cf68003418734499bf0d0bd4ca1e8057,0.061,,,
4726,2026-07-29,SH600930,0.01439688058367389,EXP_LGBModel_Alpha158_csi300_custom_step0_s_20260729_13,bea6971f21d0492b8b5f5debad8500ee,0.053,,,
4727,2026-07-29,SH600926,0.04412167324526023,EXP_LGBModel_Alpha158_csi300_custom_step0_s_20260729_13,bea6971f21d0492b8b5f5debad8500ee,0.053,,,
4728,2026-07-29,SH600919,0.08116037213112268,EXP_LGBModel_Alpha158_csi300_custom_step0_s_20260729_13,bea6971f21d0492b8b5f5debad8500ee,0.053,,,
4729,2026-07-29,SH600918,-0.03381076121804151,EXP_LGBModel_Alpha158_csi300_custom_step0_s_20260729_13,bea6971f21d0492b8b5f5debad8500ee,0.053,,,
4730,2026-07-29,SH600905,0.0179024136240482,EXP_LGBModel_Alpha158_csi300_custom_step0_s_20260729_13,bea6971f21d0492b8b5f5debad8500ee,0.053,,,
4731,2026-07-29,SH600900,0.0466007264127188,EXP_LGBModel_Alpha158_csi300_custom_step0_s_20260729_13,bea6971f21d0492b8b5f5debad8500ee,0.053,,,
4732,2026-07-29,SH600893,0.005029666203568866,EXP_LGBModel_Alpha158_csi300_custom_step0_s_20260729_13,bea6971f21d0492b8b5f5debad8500ee,0.053,,,
4733,2026-07-29,SH600887,0.03232551049120158,EXP_LGBModel_Alpha158_csi300_custom_step0_s_20260729_13,bea6971f21d0492b8b5f5debad8500ee,0.053,,,
4734,2026-07-29,SH600886,0.022009911979987033,EXP_LGBModel_Alpha158_csi300_custom_step0_s_20260729_13,bea6971f21d0492b8b5f5debad8500ee,0.053,,,
4735,2026-07-29,SH600875,-0.018463029578730014,EXP_LGBModel_Alpha158_csi300_custom_step0_s_20260729_13,bea6971f21d0492b8b5f5debad8500ee,0.053,,,
4736,2026-07-29,SH600845,-0.020052281639740186,EXP_LGBModel_Alpha158_csi300_custom_step0_s_20260729_13,bea6971f21d0492b8b5f5debad8500ee,0.053,,,
4737,2026-07-29,SH600809,-0.031161733391234996,EXP_LGBModel_Alpha158_csi300_custom_step0_s_20260729_13,bea6971f21d0492b8b5f5debad8500ee,0.053,,,
4738,2026-07-29,SH600803,-0.11224581754978709,EXP_LGBModel_Alpha158_csi300_custom_step0_s_20260729_13,bea6971f21d0492b8b5f5debad8500ee,0.053,,,
4739,2026-07-29,SH600795,0.05322577318942162,EXP_LGBModel_Alpha158_csi300_custom_step0_s_20260729_13,bea6971f21d0492b8b5f5debad8500ee,0.053,,,
4740,2026-07-29,SH600760,-0.026355966462424923,EXP_LGBModel_Alpha158_csi300_custom_step0_s_20260729_13,bea6971f21d0492b8b5f5debad8500ee,0.053,,,
4741,2026-07-29,SH600741,0.01874107249961648,EXP_LGBModel_Alpha158_csi300_custom_step0_s_20260729_13,bea6971f21d0492b8b5f5debad8500ee,0.053,,,
4742,2026-07-29,SH600690,0.035611679790056736,EXP_LGBModel_Alpha158_csi300_custom_step0_s_20260729_13,bea6971f21d0492b8b5f5debad8500ee,0.053,,,
4743,2026-07-29,SH600938,0.055549625831487454,EXP_LGBModel_Alpha158_csi300_custom_step0_s_20260729_13,bea6971f21d0492b8b5f5debad8500ee,0.053,,,
4744,2026-07-29,SH600674,0.04229251847804806,EXP_LGBModel_Alpha158_csi300_custom_step0_s_20260729_13,bea6971f21d0492b8b5f5debad8500ee,0.053,,,
4745,2026-07-29,SH600941,0.03161272732593745,EXP_LGBModel_Alpha158_csi300_custom_step0_s_20260729_13,bea6971f21d0492b8b5f5debad8500ee,0.053,,,
4746,2026-07-29,SH600989,0.006840251873182436,EXP_LGBModel_Alpha158_csi300_custom_step0_s_20260729_13,bea6971f21d0492b8b5f5debad8500ee,0.053,,,
4747,2026-07-29,SH601138,-0.025444154488540035,EXP_LGBModel_Alpha158_csi300_custom_step0_s_20260729_13,bea6971f21d0492b8b5f5debad8500ee,0.053,,,
4748,2026-07-29,SH601136,0.02496964019617969,EXP_LGBModel_Alpha158_csi300_custom_step0_s_20260729_13,bea6971f21d0492b8b5f5debad8500ee,0.053,,,
4749,2026-07-29,SH601127,-0.021578214315561575,EXP_LGBModel_Alpha158_csi300_custom_step0_s_20260729_13,bea6971f21d0492b8b5f5debad8500ee,0.053,,,
4750,2026-07-29,SH601117,0.005353939975905907,EXP_LGBModel_Alpha158_csi300_custom_step0_s_20260729_13,bea6971f21d0492b8b5f5debad8500ee,0.053,,,
4751,2026-07-29,SH601111,0.020559269468634987,EXP_LGBModel_Alpha158_csi300_custom_step0_s_20260729_13,bea6971f21d0492b8b5f5debad8500ee,0.053,,,
4752,2026-07-29,SH601100,-0.050552101160392646,EXP_LGBModel_Alpha158_csi300_custom_step0_s_20260729_13,bea6971f21d0492b8b5f5debad8500ee,0.053,,,
4753,2026-07-29,SH601088,0.016435763404653837,EXP_LGBModel_Alpha158_csi300_custom_step0_s_20260729_13,bea6971f21d0492b8b5f5debad8500ee,0.053,,,
4754,2026-07-29,SH601077,0.0015830785278198767,EXP_LGBModel_Alpha158_csi300_custom_step0_s_20260729_13,bea6971f21d0492b8b5f5debad8500ee,0.053,,,
4755,2026-07-29,SH601066,-0.015156810472404204,EXP_LGBModel_Alpha158_csi300_custom_step0_s_20260729_13,bea6971f21d0492b8b5f5debad8500ee,0.053,,,
4756,2026-07-29,SH601059,0.01836069573657373,EXP_LGBModel_Alpha158_csi300_custom_step0_s_20260729_13,bea6971f21d0492b8b5f5debad8500ee,0.053,,,
4757,2026-07-29,SH601058,0.0333673396077076,EXP_LGBModel_Alpha158_csi300_custom_step0_s_20260729_13,bea6971f21d0492b8b5f5debad8500ee,0.053,,,
4758,2026-07-29,SH601021,0.03965666055753912,EXP_LGBModel_Alpha158_csi300_custom_step0_s_20260729_13,bea6971f21d0492b8b5f5debad8500ee,0.053,,,
4759,2026-07-29,SH601018,0.042557876003844065,EXP_LGBModel_Alpha158_csi300_custom_step0_s_20260729_13,bea6971f21d0492b8b5f5debad8500ee,0.053,,,
4760,2026-07-29,SH601012,-0.03292574418240851,EXP_LGBModel_Alpha158_csi300_custom_step0_s_20260729_13,bea6971f21d0492b8b5f5debad8500ee,0.053,,,
4761,2026-07-29,SH601009,0.05467799391827712,EXP_LGBModel_Alpha158_csi300_custom_step0_s_20260729_13,bea6971f21d0492b8b5f5debad8500ee,0.053,,,
4762,2026-07-29,SH601006,0.03892048850057552,EXP_LGBModel_Alpha158_csi300_custom_step0_s_20260729_13,bea6971f21d0492b8b5f5debad8500ee,0.053,,,
4763,2026-07-29,SH600999,-0.09173893513845338,EXP_LGBModel_Alpha158_csi300_custom_step0_s_20260729_13,bea6971f21d0492b8b5f5debad8500ee,0.053,,,
4764,2026-07-29,SH600958,0.012774389581174505,EXP_LGBModel_Alpha158_csi300_custom_step0_s_20260729_13,bea6971f21d0492b8b5f5debad8500ee,0.053,,,
4765,2026-07-29,SH601166,0.049385470913515014,EXP_LGBModel_Alpha158_csi300_custom_step0_s_20260729_13,bea6971f21d0492b8b5f5debad8500ee,0.053,,,
4766,2026-07-29,SH600660,-0.01890367415149704,EXP_LGBModel_Alpha158_csi300_custom_step0_s_20260729_13,bea6971f21d0492b8b5f5debad8500ee,0.053,,,
4767,2026-07-29,SH600588,0.012974286142342485,EXP_LGBModel_Alpha158_csi300_custom_step0_s_20260729_13,bea6971f21d0492b8b5f5debad8500ee,0.053,,,
4768,2026-07-29,SH600233,-0.008700615874407201,EXP_LGBModel_Alpha158_csi300_custom_step0_s_20260729_13,bea6971f21d0492b8b5f5debad8500ee,0.053,,,
4769,2026-07-29,SH600221,0.013249537952699598,EXP_LGBModel_Alpha158_csi300_custom_step0_s_20260729_13,bea6971f21d0492b8b5f5debad8500ee,0.053,,,
4770,2026-07-29,SH600219,-0.012404069223914745,EXP_LGBModel_Alpha158_csi300_custom_step0_s_20260729_13,bea6971f21d0492b8b5f5debad8500ee,0.053,,,
4771,2026-07-29,SH600196,-0.03173240652776732,EXP_LGBModel_Alpha158_csi300_custom_step0_s_20260729_13,bea6971f21d0492b8b5f5debad8500ee,0.053,,,
4772,2026-07-29,SH600188,-0.00897522085229965,EXP_LGBModel_Alpha158_csi300_custom_step0_s_20260729_13,bea6971f21d0492b8b5f5debad8500ee,0.053,,,
4773,2026-07-29,SH600183,0.01422971494056749,EXP_LGBModel_Alpha158_csi300_custom_step0_s_20260729_13,bea6971f21d0492b8b5f5debad8500ee,0.053,,,
4774,2026-07-29,SH600176,0.02148315829863365,EXP_LGBModel_Alpha158_csi300_custom_step0_s_20260729_13,bea6971f21d0492b8b5f5debad8500ee,0.053,,,
4775,2026-07-29,SH600160,-0.04354193531946429,EXP_LGBModel_Alpha158_csi300_custom_step0_s_20260729_13,bea6971f21d0492b8b5f5debad8500ee,0.053,,,
4776,2026-07-29,SH600150,-0.024884604547434935,EXP_LGBModel_Alpha158_csi300_custom_step0_s_20260729_13,bea6971f21d0492b8b5f5debad8500ee,0.053,,,
4777,2026-07-29,SH600118,0.014190805349962093,EXP_LGBModel_Alpha158_csi300_custom_step0_s_20260729_13,bea6971f21d0492b8b5f5debad8500ee,0.053,,,
4778,2026-07-29,SH600115,-0.018746932588309853,EXP_LGBModel_Alpha158_csi300_custom_step0_s_20260729_13,bea6971f21d0492b8b5f5debad8500ee,0.053,,,
4779,2026-07-29,SH600111,0.03332503689085395,EXP_LGBModel_Alpha158_csi300_custom_step0_s_20260729_13,bea6971f21d0492b8b5f5debad8500ee,0.053,,,
4780,2026-07-29,SH600104,0.016663299494743995,EXP_LGBModel_Alpha158_csi300_custom_step0_s_20260729_13,bea6971f21d0492b8b5f5debad8500ee,0.053,,,
4781,2026-07-29,SH600089,-0.028578991966837036,EXP_LGBModel_Alpha158_csi300_custom_step0_s_20260729_13,bea6971f21d0492b8b5f5debad8500ee,0.053,,,
4782,2026-07-29,SH600085,-0.019412542715237974,EXP_LGBModel_Alpha158_csi300_custom_step0_s_20260729_13,bea6971f21d0492b8b5f5debad8500ee,0.053,,,
4783,2026-07-29,SH600066,-0.00405983913539417,EXP_LGBModel_Alpha158_csi300_custom_step0_s_20260729_13,bea6971f21d0492b8b5f5debad8500ee,0.053,,,
4784,2026-07-29,SH600061,0.026694622104050877,EXP_LGBModel_Alpha158_csi300_custom_step0_s_20260729_13,bea6971f21d0492b8b5f5debad8500ee,0.053,,,
4785,2026-07-29,SH600276,-0.07248922918677553,EXP_LGBModel_Alpha158_csi300_custom_step0_s_20260729_13,bea6971f21d0492b8b5f5debad8500ee,0.053,,,
4786,2026-07-29,SH600600,0.007040850745813862,EXP_LGBModel_Alpha158_csi300_custom_step0_s_20260729_13,bea6971f21d0492b8b5f5debad8500ee,0.053,,,
4787,2026-07-29,SH600309,-0.028904781174812766,EXP_LGBModel_Alpha158_csi300_custom_step0_s_20260729_13,bea6971f21d0492b8b5f5debad8500ee,0.053,,,
4788,2026-07-29,SH600362,-0.0709839310174299,EXP_LGBModel_Alpha158_csi300_custom_step0_s_20260729_13,bea6971f21d0492b8b5f5debad8500ee,0.053,,,
4789,2026-07-29,SH600585,0.04325794197863427,EXP_LGBModel_Alpha158_csi300_custom_step0_s_20260729_13,bea6971f21d0492b8b5f5debad8500ee,0.053,,,
4790,2026-07-29,SH600584,0.06250555365836534,EXP_LGBModel_Alpha158_csi300_custom_step0_s_20260729_13,bea6971f21d0492b8b5f5debad8500ee,0.053,,,
4791,2026-07-29,SH600570,-0.00798891431100543,EXP_LGBModel_Alpha158_csi300_custom_step0_s_20260729_13,bea6971f21d0492b8b5f5debad8500ee,0.053,,,
4792,2026-07-29,SH600549,-0.0019111109146599896,EXP_LGBModel_Alpha158_csi300_custom_step0_s_20260729_13,bea6971f21d0492b8b5f5debad8500ee,0.053,,,
4793,2026-07-29,SH600547,-0.02303621650360861,EXP_LGBModel_Alpha158_csi300_custom_step0_s_20260729_13,bea6971f21d0492b8b5f5debad8500ee,0.053,,,
4794,2026-07-29,SH600522,0.01693498275110687,EXP_LGBModel_Alpha158_csi300_custom_step0_s_20260729_13,bea6971f21d0492b8b5f5debad8500ee,0.053,,,
4795,2026-07-29,SH600519,0.02030396089385853,EXP_LGBModel_Alpha158_csi300_custom_step0_s_20260729_13,bea6971f21d0492b8b5f5debad8500ee,0.053,,,
4796,2026-07-29,SH600515,0.05527538857185295,EXP_LGBModel_Alpha158_csi300_custom_step0_s_20260729_13,bea6971f21d0492b8b5f5debad8500ee,0.053,,,
4797,2026-07-29,SH600489,-0.028257998117239273,EXP_LGBModel_Alpha158_csi300_custom_step0_s_20260729_13,bea6971f21d0492b8b5f5debad8500ee,0.053,,,
4798,2026-07-29,SH600482,-0.025840728718962726,EXP_LGBModel_Alpha158_csi300_custom_step0_s_20260729_13,bea6971f21d0492b8b5f5debad8500ee,0.053,,,
4799,2026-07-29,SH600460,0.01579651922771718,EXP_LGBModel_Alpha158_csi300_custom_step0_s_20260729_13,bea6971f21d0492b8b5f5debad8500ee,0.053,,,
4800,2026-07-29,SH600438,-0.009102291589457604,EXP_LGBModel_Alpha158_csi300_custom_step0_s_20260729_13,bea6971f21d0492b8b5f5debad8500ee,0.053,,,
4801,2026-07-29,SH600436,-0.0038259294337896115,EXP_LGBModel_Alpha158_csi300_custom_step0_s_20260729_13,bea6971f21d0492b8b5f5debad8500ee,0.053,,,
4802,2026-07-29,SH600426,-0.06403571780749276,EXP_LGBModel_Alpha158_csi300_custom_step0_s_20260729_13,bea6971f21d0492b8b5f5debad8500ee,0.053,,,
4803,2026-07-29,SH600415,-0.09107114849523824,EXP_LGBModel_Alpha158_csi300_custom_step0_s_20260729_13,bea6971f21d0492b8b5f5debad8500ee,0.053,,,
4804,2026-07-29,SH600406,0.006524940034156952,EXP_LGBModel_Alpha158_csi300_custom_step0_s_20260729_13,bea6971f21d0492b8b5f5debad8500ee,0.053,,,
4805,2026-07-29,SH600372,0.043585947846422377,EXP_LGBModel_Alpha158_csi300_custom_step0_s_20260729_13,bea6971f21d0492b8b5f5debad8500ee,0.053,,,
4806,2026-07-29,SH600346,-0.03351302030161958,EXP_LGBModel_Alpha158_csi300_custom_step0_s_20260729_13,bea6971f21d0492b8b5f5debad8500ee,0.053,,,
4807,2026-07-29,SH601169,0.055506788292756896,EXP_LGBModel_Alpha158_csi300_custom_step0_s_20260729_13,bea6971f21d0492b8b5f5debad8500ee,0.053,,,
4808,2026-07-29,SH601186,0.05970485683977907,EXP_LGBModel_Alpha158_csi300_custom_step0_s_20260729_13,bea6971f21d0492b8b5f5debad8500ee,0.053,,,
4809,2026-07-29,SH601211,-0.03475521317608644,EXP_LGBModel_Alpha158_csi300_custom_step0_s_20260729_13,bea6971f21d0492b8b5f5debad8500ee,0.053,,,
4810,2026-07-29,SH603799,0.03007572432167659,EXP_LGBModel_Alpha158_csi300_custom_step0_s_20260729_13,bea6971f21d0492b8b5f5debad8500ee,0.053,,,
4811,2026-07-29,SH603501,-0.029803858578527225,EXP_LGBModel_Alpha158_csi300_custom_step0_s_20260729_13,bea6971f21d0492b8b5f5debad8500ee,0.053,,,
4812,2026-07-29,SH603392,0.015422676300639175,EXP_LGBModel_Alpha158_csi300_custom_step0_s_20260729_13,bea6971f21d0492b8b5f5debad8500ee,0.053,,,
4813,2026-07-29,SH603369,-0.014851657503246136,EXP_LGBModel_Alpha158_csi300_custom_step0_s_20260729_13,bea6971f21d0492b8b5f5debad8500ee,0.053,,,
4814,2026-07-29,SH603296,-0.1342072213023861,EXP_LGBModel_Alpha158_csi300_custom_step0_s_20260729_13,bea6971f21d0492b8b5f5debad8500ee,0.053,,,
4815,2026-07-29,SH603288,0.03448995145681813,EXP_LGBModel_Alpha158_csi300_custom_step0_s_20260729_13,bea6971f21d0492b8b5f5debad8500ee,0.053,,,
4816,2026-07-29,SH603260,0.005729714086727694,EXP_LGBModel_Alpha158_csi300_custom_step0_s_20260729_13,bea6971f21d0492b8b5f5debad8500ee,0.053,,,
4817,2026-07-29,SH603259,-0.061322473193109225,EXP_LGBModel_Alpha158_csi300_custom_step0_s_20260729_13,bea6971f21d0492b8b5f5debad8500ee,0.053,,,
4818,2026-07-29,SH603019,0.050112701963958846,EXP_LGBModel_Alpha158_csi300_custom_step0_s_20260729_13,bea6971f21d0492b8b5f5debad8500ee,0.053,,,
4819,2026-07-29,SH601998,0.004298366337147282,EXP_LGBModel_Alpha158_csi300_custom_step0_s_20260729_13,bea6971f21d0492b8b5f5debad8500ee,0.053,,,
4820,2026-07-29,SH601995,-0.018106578590462604,EXP_LGBModel_Alpha158_csi300_custom_step0_s_20260729_13,bea6971f21d0492b8b5f5debad8500ee,0.053,,,
4821,2026-07-29,SH601988,0.0780434027826997,EXP_LGBModel_Alpha158_csi300_custom_step0_s_20260729_13,bea6971f21d0492b8b5f5debad8500ee,0.053,,,
4822,2026-07-29,SH601985,0.05330048607601266,EXP_LGBModel_Alpha158_csi300_custom_step0_s_20260729_13,bea6971f21d0492b8b5f5debad8500ee,0.053,,,
4823,2026-07-29,SH601939,0.04929523612416867,EXP_LGBModel_Alpha158_csi300_custom_step0_s_20260729_13,bea6971f21d0492b8b5f5debad8500ee,0.053,,,
4824,2026-07-29,SH601919,-0.00034812854753150425,EXP_LGBModel_Alpha158_csi300_custom_step0_s_20260729_13,bea6971f21d0492b8b5f5debad8500ee,0.053,,,
4825,2026-07-29,SH601916,0.047783171077710254,EXP_LGBModel_Alpha158_csi300_custom_step0_s_20260729_13,bea6971f21d0492b8b5f5debad8500ee,0.053,,,
4826,2026-07-29,SH601901,0.016897810840264368,EXP_LGBModel_Alpha158_csi300_custom_step0_s_20260729_13,bea6971f21d0492b8b5f5debad8500ee,0.053,,,
4827,2026-07-29,SH603893,0.004174135107160881,EXP_LGBModel_Alpha158_csi300_custom_step0_s_20260729_13,bea6971f21d0492b8b5f5debad8500ee,0.053,,,
4828,2026-07-29,SH601899,-0.13170331992961734,EXP_LGBModel_Alpha158_csi300_custom_step0_s_20260729_13,bea6971f21d0492b8b5f5debad8500ee,0.053,,,
4829,2026-07-29,SH603986,0.017466845272891992,EXP_LGBModel_Alpha158_csi300_custom_step0_s_20260729_13,bea6971f21d0492b8b5f5debad8500ee,0.053,,,
4830,2026-07-29,SH605117,0.013463571422652929,EXP_LGBModel_Alpha158_csi300_custom_step0_s_20260729_13,bea6971f21d0492b8b5f5debad8500ee,0.053,,,
4831,2026-07-29,SH688396,0.01811722338204888,EXP_LGBModel_Alpha158_csi300_custom_step0_s_20260729_13,bea6971f21d0492b8b5f5debad8500ee,0.053,,,
4832,2026-07-29,SH688303,0.0034660556772012083,EXP_LGBModel_Alpha158_csi300_custom_step0_s_20260729_13,bea6971f21d0492b8b5f5debad8500ee,0.053,,,
4833,2026-07-29,SH688271,0.007168024648076685,EXP_LGBModel_Alpha158_csi300_custom_step0_s_20260729_13,bea6971f21d0492b8b5f5debad8500ee,0.053,,,
4834,2026-07-29,SH688256,-0.04871505790448852,EXP_LGBModel_Alpha158_csi300_custom_step0_s_20260729_13,bea6971f21d0492b8b5f5debad8500ee,0.053,,,
4835,2026-07-29,SH688223,0.015702916687283863,EXP_LGBModel_Alpha158_csi300_custom_step0_s_20260729_13,bea6971f21d0492b8b5f5debad8500ee,0.053,,,
4836,2026-07-29,SH688183,0.0015299365556996883,EXP_LGBModel_Alpha158_csi300_custom_step0_s_20260729_13,bea6971f21d0492b8b5f5debad8500ee,0.053,,,
4837,2026-07-29,SH688126,-0.0016610286387591473,EXP_LGBModel_Alpha158_csi300_custom_step0_s_20260729_13,bea6971f21d0492b8b5f5debad8500ee,0.053,,,
4838,2026-07-29,SH688111,-0.1220775632971308,EXP_LGBModel_Alpha158_csi300_custom_step0_s_20260729_13,bea6971f21d0492b8b5f5debad8500ee,0.053,,,
4839,2026-07-29,SH688082,-0.016425978109996298,EXP_LGBModel_Alpha158_csi300_custom_step0_s_20260729_13,bea6971f21d0492b8b5f5debad8500ee,0.053,,,
4840,2026-07-29,SH688072,-0.06500812377454757,EXP_LGBModel_Alpha158_csi300_custom_step0_s_20260729_13,bea6971f21d0492b8b5f5debad8500ee,0.053,,,
4841,2026-07-29,SH688047,0.02023006405466415,EXP_LGBModel_Alpha158_csi300_custom_step0_s_20260729_13,bea6971f21d0492b8b5f5debad8500ee,0.053,,,
4842,2026-07-29,SH688041,0.004142745165617025,EXP_LGBModel_Alpha158_csi300_custom_step0_s_20260729_13,bea6971f21d0492b8b5f5debad8500ee,0.053,,,
4843,2026-07-29,SH688036,0.0659638121868727,EXP_LGBModel_Alpha158_csi300_custom_step0_s_20260729_13,bea6971f21d0492b8b5f5debad8500ee,0.053,,,
4844,2026-07-29,SH688012,0.008996219880968404,EXP_LGBModel_Alpha158_csi300_custom_step0_s_20260729_13,bea6971f21d0492b8b5f5debad8500ee,0.053,,,
4845,2026-07-29,SH688009,0.07415642057207578,EXP_LGBModel_Alpha158_csi300_custom_step0_s_20260729_13,bea6971f21d0492b8b5f5debad8500ee,0.053,,,
4846,2026-07-29,SH688008,-0.003737399980112661,EXP_LGBModel_Alpha158_csi300_custom_step0_s_20260729_13,bea6971f21d0492b8b5f5debad8500ee,0.053,,,
4847,2026-07-29,SH605499,-0.08261050197773717,EXP_LGBModel_Alpha158_csi300_custom_step0_s_20260729_13,bea6971f21d0492b8b5f5debad8500ee,0.053,,,
4848,2026-07-29,SH603993,-0.1453464820021448,EXP_LGBModel_Alpha158_csi300_custom_step0_s_20260729_13,bea6971f21d0492b8b5f5debad8500ee,0.053,,,
4849,2026-07-29,SH601898,0.006875253975902734,EXP_LGBModel_Alpha158_csi300_custom_step0_s_20260729_13,bea6971f21d0492b8b5f5debad8500ee,0.053,,,
4850,2026-07-29,SH601888,-0.008615970986407285,EXP_LGBModel_Alpha158_csi300_custom_step0_s_20260729_13,bea6971f21d0492b8b5f5debad8500ee,0.053,,,
4851,2026-07-29,SH601881,-0.017951619318717173,EXP_LGBModel_Alpha158_csi300_custom_step0_s_20260729_13,bea6971f21d0492b8b5f5debad8500ee,0.053,,,
4852,2026-07-29,SH601618,0.01317848379184511,EXP_LGBModel_Alpha158_csi300_custom_step0_s_20260729_13,bea6971f21d0492b8b5f5debad8500ee,0.053,,,
4853,2026-07-29,SH601607,0.03390796449228967,EXP_LGBModel_Alpha158_csi300_custom_step0_s_20260729_13,bea6971f21d0492b8b5f5debad8500ee,0.053,,,
4854,2026-07-29,SH601601,-0.01422563867460814,EXP_LGBModel_Alpha158_csi300_custom_step0_s_20260729_13,bea6971f21d0492b8b5f5debad8500ee,0.053,,,
4855,2026-07-29,SH601600,-0.0254267660019302,EXP_LGBModel_Alpha158_csi300_custom_step0_s_20260729_13,bea6971f21d0492b8b5f5debad8500ee,0.053,,,
4856,2026-07-29,SH601456,0.01881453491215521,EXP_LGBModel_Alpha158_csi300_custom_step0_s_20260729_13,bea6971f21d0492b8b5f5debad8500ee,0.053,,,
4857,2026-07-29,SH601398,0.01672402091526049,EXP_LGBModel_Alpha158_csi300_custom_step0_s_20260729_13,bea6971f21d0492b8b5f5debad8500ee,0.053,,,
4858,2026-07-29,SH601390,0.04098662953944734,EXP_LGBModel_Alpha158_csi300_custom_step0_s_20260729_13,bea6971f21d0492b8b5f5debad8500ee,0.053,,,
4859,2026-07-29,SH601377,0.014537855639119544,EXP_LGBModel_Alpha158_csi300_custom_step0_s_20260729_13,bea6971f21d0492b8b5f5debad8500ee,0.053,,,
4860,2026-07-29,SH601360,-0.06270328808183398,EXP_LGBModel_Alpha158_csi300_custom_step0_s_20260729_13,bea6971f21d0492b8b5f5debad8500ee,0.053,,,
4861,2026-07-29,SH601336,-0.014193382199624193,EXP_LGBModel_Alpha158_csi300_custom_step0_s_20260729_13,bea6971f21d0492b8b5f5debad8500ee,0.053,,,
4862,2026-07-29,SH601328,0.05600116238445306,EXP_LGBModel_Alpha158_csi300_custom_step0_s_20260729_13,bea6971f21d0492b8b5f5debad8500ee,0.053,,,
4863,2026-07-29,SH601319,0.017051651428525286,EXP_LGBModel_Alpha158_csi300_custom_step0_s_20260729_13,bea6971f21d0492b8b5f5debad8500ee,0.053,,,
4864,2026-07-29,SH601318,0.0029246557562629823,EXP_LGBModel_Alpha158_csi300_custom_step0_s_20260729_13,bea6971f21d0492b8b5f5debad8500ee,0.053,,,
4865,2026-07-29,SH601288,0.02921980547338419,EXP_LGBModel_Alpha158_csi300_custom_step0_s_20260729_13,bea6971f21d0492b8b5f5debad8500ee,0.053,,,
4866,2026-07-29,SH601238,-0.014277841683904719,EXP_LGBModel_Alpha158_csi300_custom_step0_s_20260729_13,bea6971f21d0492b8b5f5debad8500ee,0.053,,,
4867,2026-07-29,SH601229,0.07227686220944388,EXP_LGBModel_Alpha158_csi300_custom_step0_s_20260729_13,bea6971f21d0492b8b5f5debad8500ee,0.053,,,
4868,2026-07-29,SH601225,0.006137676835365065,EXP_LGBModel_Alpha158_csi300_custom_step0_s_20260729_13,bea6971f21d0492b8b5f5debad8500ee,0.053,,,
4869,2026-07-29,SH601628,0.05685089495618397,EXP_LGBModel_Alpha158_csi300_custom_step0_s_20260729_13,bea6971f21d0492b8b5f5debad8500ee,0.053,,,
4870,2026-07-29,SH601633,-0.038179515520209144,EXP_LGBModel_Alpha158_csi300_custom_step0_s_20260729_13,bea6971f21d0492b8b5f5debad8500ee,0.053,,,
4871,2026-07-29,SH601658,0.06623998526022909,EXP_LGBModel_Alpha158_csi300_custom_step0_s_20260729_13,bea6971f21d0492b8b5f5debad8500ee,0.053,,,
4872,2026-07-29,SH601668,0.048156612265147974,EXP_LGBModel_Alpha158_csi300_custom_step0_s_20260729_13,bea6971f21d0492b8b5f5debad8500ee,0.053,,,
4873,2026-07-29,SH601878,0.02484828639760653,EXP_LGBModel_Alpha158_csi300_custom_step0_s_20260729_13,bea6971f21d0492b8b5f5debad8500ee,0.053,,,
4874,2026-07-29,SH601877,0.011849158473824997,EXP_LGBModel_Alpha158_csi300_custom_step0_s_20260729_13,bea6971f21d0492b8b5f5debad8500ee,0.053,,,
4875,2026-07-29,SH601872,-0.09657886436831822,EXP_LGBModel_Alpha158_csi300_custom_step0_s_20260729_13,bea6971f21d0492b8b5f5debad8500ee,0.053,,,
4876,2026-07-29,SH601868,-0.0036925197304597474,EXP_LGBModel_Alpha158_csi300_custom_step0_s_20260729_13,bea6971f21d0492b8b5f5debad8500ee,0.053,,,
4877,2026-07-29,SH601857,0.03436968880096902,EXP_LGBModel_Alpha158_csi300_custom_step0_s_20260729_13,bea6971f21d0492b8b5f5debad8500ee,0.053,,,
4878,2026-07-29,SH601838,0.05806863676058449,EXP_LGBModel_Alpha158_csi300_custom_step0_s_20260729_13,bea6971f21d0492b8b5f5debad8500ee,0.053,,,
4879,2026-07-29,SH601825,0.027401436017191652,EXP_LGBModel_Alpha158_csi300_custom_step0_s_20260729_13,bea6971f21d0492b8b5f5debad8500ee,0.053,,,
4880,2026-07-29,SH601818,0.05707290891509868,EXP_LGBModel_Alpha158_csi300_custom_step0_s_20260729_13,bea6971f21d0492b8b5f5debad8500ee,0.053,,,
4881,2026-07-29,SH600050,0.01718637955486111,EXP_LGBModel_Alpha158_csi300_custom_step0_s_20260729_13,bea6971f21d0492b8b5f5debad8500ee,0.053,,,
4882,2026-07-29,SH601816,0.03611967671623864,EXP_LGBModel_Alpha158_csi300_custom_step0_s_20260729_13,bea6971f21d0492b8b5f5debad8500ee,0.053,,,
4883,2026-07-29,SH601788,0.0295543086827024,EXP_LGBModel_Alpha158_csi300_custom_step0_s_20260729_13,bea6971f21d0492b8b5f5debad8500ee,0.053,,,
4884,2026-07-29,SH601766,0.013472755121424868,EXP_LGBModel_Alpha158_csi300_custom_step0_s_20260729_13,bea6971f21d0492b8b5f5debad8500ee,0.053,,,
4885,2026-07-29,SH601728,0.09025949644873872,EXP_LGBModel_Alpha158_csi300_custom_step0_s_20260729_13,bea6971f21d0492b8b5f5debad8500ee,0.053,,,
4886,2026-07-29,SH601727,-0.006267092900372403,EXP_LGBModel_Alpha158_csi300_custom_step0_s_20260729_13,bea6971f21d0492b8b5f5debad8500ee,0.053,,,
4887,2026-07-29,SH601698,-0.020133326331940298,EXP_LGBModel_Alpha158_csi300_custom_step0_s_20260729_13,bea6971f21d0492b8b5f5debad8500ee,0.053,,,
4888,2026-07-29,SH601689,0.029233084910137944,EXP_LGBModel_Alpha158_csi300_custom_step0_s_20260729_13,bea6971f21d0492b8b5f5debad8500ee,0.053,,,
4889,2026-07-29,SH601688,-0.03635685902840097,EXP_LGBModel_Alpha158_csi300_custom_step0_s_20260729_13,bea6971f21d0492b8b5f5debad8500ee,0.053,,,
4890,2026-07-29,SH601669,0.015765274000332445,EXP_LGBModel_Alpha158_csi300_custom_step0_s_20260729_13,bea6971f21d0492b8b5f5debad8500ee,0.053,,,
4891,2026-07-29,SH601800,0.012910555630945472,EXP_LGBModel_Alpha158_csi300_custom_step0_s_20260729_13,bea6971f21d0492b8b5f5debad8500ee,0.053,,,
4892,2026-07-29,SH688472,0.031574332834682625,EXP_LGBModel_Alpha158_csi300_custom_step0_s_20260729_13,bea6971f21d0492b8b5f5debad8500ee,0.053,,,
4893,2026-07-29,SH600048,0.02172147966371756,EXP_LGBModel_Alpha158_csi300_custom_step0_s_20260729_13,bea6971f21d0492b8b5f5debad8500ee,0.053,,,
4894,2026-07-29,SH600036,0.048616298661120584,EXP_LGBModel_Alpha158_csi300_custom_step0_s_20260729_13,bea6971f21d0492b8b5f5debad8500ee,0.053,,,
4895,2026-07-29,SZ000725,0.12343993392513809,EXP_CatBoostModel_Alpha158_csi300_custom_step0_s_20260729_13,90e47a9432044bddb836c985ec09ae88,0.014,,,
4896,2026-07-29,SZ000708,-0.029912137314389516,EXP_CatBoostModel_Alpha158_csi300_custom_step0_s_20260729_13,90e47a9432044bddb836c985ec09ae88,0.014,,,
4897,2026-07-29,SZ000657,0.2848910380557911,EXP_CatBoostModel_Alpha158_csi300_custom_step0_s_20260729_13,90e47a9432044bddb836c985ec09ae88,0.014,,,
4898,2026-07-29,SZ000651,-0.013298260234779839,EXP_CatBoostModel_Alpha158_csi300_custom_step0_s_20260729_13,90e47a9432044bddb836c985ec09ae88,0.014,,,
4899,2026-07-29,SZ000630,0.030483122368635346,EXP_CatBoostModel_Alpha158_csi300_custom_step0_s_20260729_13,90e47a9432044bddb836c985ec09ae88,0.014,,,
4900,2026-07-29,SZ000625,-0.025878893726438246,EXP_CatBoostModel_Alpha158_csi300_custom_step0_s_20260729_13,90e47a9432044bddb836c985ec09ae88,0.014,,,
4901,2026-07-29,SZ000617,-0.025130287901040032,EXP_CatBoostModel_Alpha158_csi300_custom_step0_s_20260729_13,90e47a9432044bddb836c985ec09ae88,0.014,,,
4902,2026-07-29,SZ000596,-0.006348280205454243,EXP_CatBoostModel_Alpha158_csi300_custom_step0_s_20260729_13,90e47a9432044bddb836c985ec09ae88,0.014,,,
4903,2026-07-29,SZ000568,-0.019079159440094577,EXP_CatBoostModel_Alpha158_csi300_custom_step0_s_20260729_13,90e47a9432044bddb836c985ec09ae88,0.014,,,
4904,2026-07-29,SZ000538,0.0009538684044097263,EXP_CatBoostModel_Alpha158_csi300_custom_step0_s_20260729_13,90e47a9432044bddb836c985ec09ae88,0.014,,,
4905,2026-07-29,SZ000425,-0.01609632661718177,EXP_CatBoostModel_Alpha158_csi300_custom_step0_s_20260729_13,90e47a9432044bddb836c985ec09ae88,0.014,,,
4906,2026-07-29,SZ000408,-0.04539003935279525,EXP_CatBoostModel_Alpha158_csi300_custom_step0_s_20260729_13,90e47a9432044bddb836c985ec09ae88,0.014,,,
4907,2026-07-29,SZ000338,-0.012073087089805534,EXP_CatBoostModel_Alpha158_csi300_custom_step0_s_20260729_13,90e47a9432044bddb836c985ec09ae88,0.014,,,
4908,2026-07-29,SZ000333,-0.016335244728507836,EXP_CatBoostModel_Alpha158_csi300_custom_step0_s_20260729_13,90e47a9432044bddb836c985ec09ae88,0.014,,,
4909,2026-07-29,SZ000301,-0.02171829097235162,EXP_CatBoostModel_Alpha158_csi300_custom_step0_s_20260729_13,90e47a9432044bddb836c985ec09ae88,0.014,,,
4910,2026-07-29,SZ000166,-0.0015799516231222238,EXP_CatBoostModel_Alpha158_csi300_custom_step0_s_20260729_13,90e47a9432044bddb836c985ec09ae88,0.014,,,
4911,2026-07-29,SZ000157,-0.010624414775770894,EXP_CatBoostModel_Alpha158_csi300_custom_step0_s_20260729_13,90e47a9432044bddb836c985ec09ae88,0.014,,,
4912,2026-07-29,SZ000768,-0.0074856478411021235,EXP_CatBoostModel_Alpha158_csi300_custom_step0_s_20260729_13,90e47a9432044bddb836c985ec09ae88,0.014,,,
4913,2026-07-29,SZ000100,-0.025184025965050007,EXP_CatBoostModel_Alpha158_csi300_custom_step0_s_20260729_13,90e47a9432044bddb836c985ec09ae88,0.014,,,
4914,2026-07-29,SZ000776,-0.02590169995412708,EXP_CatBoostModel_Alpha158_csi300_custom_step0_s_20260729_13,90e47a9432044bddb836c985ec09ae88,0.014,,,
4915,2026-07-29,SZ000807,-0.014394905748134165,EXP_CatBoostModel_Alpha158_csi300_custom_step0_s_20260729_13,90e47a9432044bddb836c985ec09ae88,0.014,,,
4916,2026-07-29,SZ002050,0.23349058746728185,EXP_CatBoostModel_Alpha158_csi300_custom_step0_s_20260729_13,90e47a9432044bddb836c985ec09ae88,0.014,,,
4917,2026-07-29,SZ002049,0.03580378884123741,EXP_CatBoostModel_Alpha158_csi300_custom_step0_s_20260729_13,90e47a9432044bddb836c985ec09ae88,0.014,,,
4918,2026-07-29,SZ002028,-0.040624865771428105,EXP_CatBoostModel_Alpha158_csi300_custom_step0_s_20260729_13,90e47a9432044bddb836c985ec09ae88,0.014,,,
4919,2026-07-29,SZ002027,-0.04035562452747123,EXP_CatBoostModel_Alpha158_csi300_custom_step0_s_20260729_13,90e47a9432044bddb836c985ec09ae88,0.014,,,
4920,2026-07-29,SZ002001,-0.02531531189970941,EXP_CatBoostModel_Alpha158_csi300_custom_step0_s_20260729_13,90e47a9432044bddb836c985ec09ae88,0.014,,,
4921,2026-07-29,SZ001979,-0.026794232330092118,EXP_CatBoostModel_Alpha158_csi300_custom_step0_s_20260729_13,90e47a9432044bddb836c985ec09ae88,0.014,,,
4922,2026-07-29,SZ001965,-0.00231865526232469,EXP_CatBoostModel_Alpha158_csi300_custom_step0_s_20260729_13,90e47a9432044bddb836c985ec09ae88,0.014,,,
4923,2026-07-29,SZ001391,-0.006564735576927889,EXP_CatBoostModel_Alpha158_csi300_custom_step0_s_20260729_13,90e47a9432044bddb836c985ec09ae88,0.014,,,
4924,2026-07-29,SZ001280,-0.0042278067397876744,EXP_CatBoostModel_Alpha158_csi300_custom_step0_s_20260729_13,90e47a9432044bddb836c985ec09ae88,0.014,,,
4925,2026-07-29,SZ000999,-0.00814330275297891,EXP_CatBoostModel_Alpha158_csi300_custom_step0_s_20260729_13,90e47a9432044bddb836c985ec09ae88,0.014,,,
4926,2026-07-29,SZ000988,0.426916912775869,EXP_CatBoostModel_Alpha158_csi300_custom_step0_s_20260729_13,90e47a9432044bddb836c985ec09ae88,0.014,,,
4927,2026-07-29,SZ000977,0.049793918836317716,EXP_CatBoostModel_Alpha158_csi300_custom_step0_s_20260729_13,90e47a9432044bddb836c985ec09ae88,0.014,,,
4928,2026-07-29,SZ000975,-0.03292614525300742,EXP_CatBoostModel_Alpha158_csi300_custom_step0_s_20260729_13,90e47a9432044bddb836c985ec09ae88,0.014,,,
4929,2026-07-29,SZ000963,-0.0003544696410769148,EXP_CatBoostModel_Alpha158_csi300_custom_step0_s_20260729_13,90e47a9432044bddb836c985ec09ae88,0.014,,,
4930,2026-07-29,SZ000938,0.06030876740925102,EXP_CatBoostModel_Alpha158_csi300_custom_step0_s_20260729_13,90e47a9432044bddb836c985ec09ae88,0.014,,,
4931,2026-07-29,SZ000895,-0.010846082877572973,EXP_CatBoostModel_Alpha158_csi300_custom_step0_s_20260729_13,90e47a9432044bddb836c985ec09ae88,0.014,,,
4932,2026-07-29,SZ000858,0.0012762875966474717,EXP_CatBoostModel_Alpha158_csi300_custom_step0_s_20260729_13,90e47a9432044bddb836c985ec09ae88,0.014,,,
4933,2026-07-29,SZ000792,-0.07666505179494085,EXP_CatBoostModel_Alpha158_csi300_custom_step0_s_20260729_13,90e47a9432044bddb836c985ec09ae88,0.014,,,
4934,2026-07-29,SZ002074,-0.03161106092254377,EXP_CatBoostModel_Alpha158_csi300_custom_step0_s_20260729_13,90e47a9432044bddb836c985ec09ae88,0.014,,,
4935,2026-07-29,SZ000063,-0.004918820727352512,EXP_CatBoostModel_Alpha158_csi300_custom_step0_s_20260729_13,90e47a9432044bddb836c985ec09ae88,0.014,,,
4936,2026-07-29,SZ000001,0.00435550548816341,EXP_CatBoostModel_Alpha158_csi300_custom_step0_s_20260729_13,90e47a9432044bddb836c985ec09ae88,0.014,,,
4937,2026-07-29,SH605117,0.04430837762384656,EXP_CatBoostModel_Alpha158_csi300_custom_step0_s_20260729_13,90e47a9432044bddb836c985ec09ae88,0.014,,,
4938,2026-07-29,SH603993,-0.0454025695730108,EXP_CatBoostModel_Alpha158_csi300_custom_step0_s_20260729_13,90e47a9432044bddb836c985ec09ae88,0.014,,,
4939,2026-07-29,SH603986,0.19787465852316136,EXP_CatBoostModel_Alpha158_csi300_custom_step0_s_20260729_13,90e47a9432044bddb836c985ec09ae88,0.014,,,
4940,2026-07-29,SH603893,0.011810022376241541,EXP_CatBoostModel_Alpha158_csi300_custom_step0_s_20260729_13,90e47a9432044bddb836c985ec09ae88,0.014,,,
4941,2026-07-29,SH603799,0.405273176202942,EXP_CatBoostModel_Alpha158_csi300_custom_step0_s_20260729_13,90e47a9432044bddb836c985ec09ae88,0.014,,,
4942,2026-07-29,SH603501,0.03927344513969084,EXP_CatBoostModel_Alpha158_csi300_custom_step0_s_20260729_13,90e47a9432044bddb836c985ec09ae88,0.014,,,
4943,2026-07-29,SH603392,0.056150205138661737,EXP_CatBoostModel_Alpha158_csi300_custom_step0_s_20260729_13,90e47a9432044bddb836c985ec09ae88,0.014,,,
4944,2026-07-29,SH603369,-0.018228423681858355,EXP_CatBoostModel_Alpha158_csi300_custom_step0_s_20260729_13,90e47a9432044bddb836c985ec09ae88,0.014,,,
4945,2026-07-29,SH603296,-0.04601277370801496,EXP_CatBoostModel_Alpha158_csi300_custom_step0_s_20260729_13,90e47a9432044bddb836c985ec09ae88,0.014,,,
4946,2026-07-29,SH603288,-0.006636149187800959,EXP_CatBoostModel_Alpha158_csi300_custom_step0_s_20260729_13,90e47a9432044bddb836c985ec09ae88,0.014,,,
4947,2026-07-29,SH603260,0.24667136910541554,EXP_CatBoostModel_Alpha158_csi300_custom_step0_s_20260729_13,90e47a9432044bddb836c985ec09ae88,0.014,,,
4948,2026-07-29,SH603259,-0.03912762802890011,EXP_CatBoostModel_Alpha158_csi300_custom_step0_s_20260729_13,90e47a9432044bddb836c985ec09ae88,0.014,,,
4949,2026-07-29,SH603019,0.057242253183647875,EXP_CatBoostModel_Alpha158_csi300_custom_step0_s_20260729_13,90e47a9432044bddb836c985ec09ae88,0.014,,,
4950,2026-07-29,SH601998,0.02147480102519424,EXP_CatBoostModel_Alpha158_csi300_custom_step0_s_20260729_13,90e47a9432044bddb836c985ec09ae88,0.014,,,
4951,2026-07-29,SH601995,-0.007775581563633081,EXP_CatBoostModel_Alpha158_csi300_custom_step0_s_20260729_13,90e47a9432044bddb836c985ec09ae88,0.014,,,
4952,2026-07-29,SH601988,0.020919299612642803,EXP_CatBoostModel_Alpha158_csi300_custom_step0_s_20260729_13,90e47a9432044bddb836c985ec09ae88,0.014,,,
4953,2026-07-29,SH601985,-0.0038625612087683516,EXP_CatBoostModel_Alpha158_csi300_custom_step0_s_20260729_13,90e47a9432044bddb836c985ec09ae88,0.014,,,
4954,2026-07-29,SH605499,-0.021408634963308203,EXP_CatBoostModel_Alpha158_csi300_custom_step0_s_20260729_13,90e47a9432044bddb836c985ec09ae88,0.014,,,
4955,2026-07-29,SZ000002,-0.03838354756217307,EXP_CatBoostModel_Alpha158_csi300_custom_step0_s_20260729_13,90e47a9432044bddb836c985ec09ae88,0.014,,,
4956,2026-07-29,SH688008,0.10330760912220767,EXP_CatBoostModel_Alpha158_csi300_custom_step0_s_20260729_13,90e47a9432044bddb836c985ec09ae88,0.014,,,
4957,2026-07-29,SH688012,-0.009888147693050858,EXP_CatBoostModel_Alpha158_csi300_custom_step0_s_20260729_13,90e47a9432044bddb836c985ec09ae88,0.014,,,
4958,2026-07-29,SH688981,0.06581251238464957,EXP_CatBoostModel_Alpha158_csi300_custom_step0_s_20260729_13,90e47a9432044bddb836c985ec09ae88,0.014,,,
4959,2026-07-29,SH688521,0.12622187111126768,EXP_CatBoostModel_Alpha158_csi300_custom_step0_s_20260729_13,90e47a9432044bddb836c985ec09ae88,0.014,,,
4960,2026-07-29,SH688506,0.03743300776438355,EXP_CatBoostModel_Alpha158_csi300_custom_step0_s_20260729_13,90e47a9432044bddb836c985ec09ae88,0.014,,,
4961,2026-07-29,SH688472,0.22563258862732188,EXP_CatBoostModel_Alpha158_csi300_custom_step0_s_20260729_13,90e47a9432044bddb836c985ec09ae88,0.014,,,
4962,2026-07-29,SH688396,0.3696800023428621,EXP_CatBoostModel_Alpha158_csi300_custom_step0_s_20260729_13,90e47a9432044bddb836c985ec09ae88,0.014,,,
4963,2026-07-29,SH688303,-0.045110668821669524,EXP_CatBoostModel_Alpha158_csi300_custom_step0_s_20260729_13,90e47a9432044bddb836c985ec09ae88,0.014,,,
4964,2026-07-29,SH688271,-0.013362634968457224,EXP_CatBoostModel_Alpha158_csi300_custom_step0_s_20260729_13,90e47a9432044bddb836c985ec09ae88,0.014,,,
4965,2026-07-29,SH688256,0.1008783846999391,EXP_CatBoostModel_Alpha158_csi300_custom_step0_s_20260729_13,90e47a9432044bddb836c985ec09ae88,0.014,,,
4966,2026-07-29,SH688223,0.3114874026959273,EXP_CatBoostModel_Alpha158_csi300_custom_step0_s_20260729_13,90e47a9432044bddb836c985ec09ae88,0.014,,,
4967,2026-07-29,SH688183,0.4047306723309379,EXP_CatBoostModel_Alpha158_csi300_custom_step0_s_20260729_13,90e47a9432044bddb836c985ec09ae88,0.014,,,
4968,2026-07-29,SH688126,0.2257013496866678,EXP_CatBoostModel_Alpha158_csi300_custom_step0_s_20260729_13,90e47a9432044bddb836c985ec09ae88,0.014,,,
4969,2026-07-29,SH688111,-0.06268722649581085,EXP_CatBoostModel_Alpha158_csi300_custom_step0_s_20260729_13,90e47a9432044bddb836c985ec09ae88,0.014,,,
4970,2026-07-29,SH688082,0.44091344301352536,EXP_CatBoostModel_Alpha158_csi300_custom_step0_s_20260729_13,90e47a9432044bddb836c985ec09ae88,0.014,,,
4971,2026-07-29,SH688072,0.01576705423629716,EXP_CatBoostModel_Alpha158_csi300_custom_step0_s_20260729_13,90e47a9432044bddb836c985ec09ae88,0.014,,,
4972,2026-07-29,SH688047,0.3353070714685762,EXP_CatBoostModel_Alpha158_csi300_custom_step0_s_20260729_13,90e47a9432044bddb836c985ec09ae88,0.014,,,
4973,2026-07-29,SH688041,0.000439353693684653,EXP_CatBoostModel_Alpha158_csi300_custom_step0_s_20260729_13,90e47a9432044bddb836c985ec09ae88,0.014,,,
4974,2026-07-29,SH688036,0.03504230888459387,EXP_CatBoostModel_Alpha158_csi300_custom_step0_s_20260729_13,90e47a9432044bddb836c985ec09ae88,0.014,,,
4975,2026-07-29,SH688009,-0.011269413768112316,EXP_CatBoostModel_Alpha158_csi300_custom_step0_s_20260729_13,90e47a9432044bddb836c985ec09ae88,0.014,,,
4976,2026-07-29,SZ002142,0.00841973532260124,EXP_CatBoostModel_Alpha158_csi300_custom_step0_s_20260729_13,90e47a9432044bddb836c985ec09ae88,0.014,,,
4977,2026-07-29,SZ002179,0.06417307103200255,EXP_CatBoostModel_Alpha158_csi300_custom_step0_s_20260729_13,90e47a9432044bddb836c985ec09ae88,0.014,,,
4978,2026-07-29,SZ002202,0.27633807382677467,EXP_CatBoostModel_Alpha158_csi300_custom_step0_s_20260729_13,90e47a9432044bddb836c985ec09ae88,0.014,,,
4979,2026-07-29,SZ300999,-0.0003524881294658057,EXP_CatBoostModel_Alpha158_csi300_custom_step0_s_20260729_13,90e47a9432044bddb836c985ec09ae88,0.014,,,
4980,2026-07-29,SZ300896,0.040409542438396916,EXP_CatBoostModel_Alpha158_csi300_custom_step0_s_20260729_13,90e47a9432044bddb836c985ec09ae88,0.014,,,
4981,2026-07-29,SZ300866,0.03217421442552163,EXP_CatBoostModel_Alpha158_csi300_custom_step0_s_20260729_13,90e47a9432044bddb836c985ec09ae88,0.014,,,
4982,2026-07-29,SZ300832,0.024824219107873045,EXP_CatBoostModel_Alpha158_csi300_custom_step0_s_20260729_13,90e47a9432044bddb836c985ec09ae88,0.014,,,
4983,2026-07-29,SZ300803,0.02266534624338694,EXP_CatBoostModel_Alpha158_csi300_custom_step0_s_20260729_13,90e47a9432044bddb836c985ec09ae88,0.014,,,
4984,2026-07-29,SZ300760,-0.0179270738893826,EXP_CatBoostModel_Alpha158_csi300_custom_step0_s_20260729_13,90e47a9432044bddb836c985ec09ae88,0.014,,,
4985,2026-07-29,SZ300750,-0.057053677540307955,EXP_CatBoostModel_Alpha158_csi300_custom_step0_s_20260729_13,90e47a9432044bddb836c985ec09ae88,0.014,,,
4986,2026-07-29,SZ300661,0.12647251178114283,EXP_CatBoostModel_Alpha158_csi300_custom_step0_s_20260729_13,90e47a9432044bddb836c985ec09ae88,0.014,,,
4987,2026-07-29,SZ300628,-0.05470054740623753,EXP_CatBoostModel_Alpha158_csi300_custom_step0_s_20260729_13,90e47a9432044bddb836c985ec09ae88,0.014,,,
4988,2026-07-29,SZ300502,0.1944717990114971,EXP_CatBoostModel_Alpha158_csi300_custom_step0_s_20260729_13,90e47a9432044bddb836c985ec09ae88,0.014,,,
4989,2026-07-29,SZ300498,0.0226160902300834,EXP_CatBoostModel_Alpha158_csi300_custom_step0_s_20260729_13,90e47a9432044bddb836c985ec09ae88,0.014,,,
4990,2026-07-29,SZ300476,0.27699205974868313,EXP_CatBoostModel_Alpha158_csi300_custom_step0_s_20260729_13,90e47a9432044bddb836c985ec09ae88,0.014,,,
4991,2026-07-29,SZ300450,0.17402759694461611,EXP_CatBoostModel_Alpha158_csi300_custom_step0_s_20260729_13,90e47a9432044bddb836c985ec09ae88,0.014,,,
4992,2026-07-29,SZ300442,0.1633720322921805,EXP_CatBoostModel_Alpha158_csi300_custom_step0_s_20260729_13,90e47a9432044bddb836c985ec09ae88,0.014,,,
4993,2026-07-29,SZ300433,0.3655728072495957,EXP_CatBoostModel_Alpha158_csi300_custom_step0_s_20260729_13,90e47a9432044bddb836c985ec09ae88,0.014,,,
4994,2026-07-29,SZ300418,0.20464900268655792,EXP_CatBoostModel_Alpha158_csi300_custom_step0_s_20260729_13,90e47a9432044bddb836c985ec09ae88,0.014,,,
4995,2026-07-29,SZ300413,-0.029403036601059775,EXP_CatBoostModel_Alpha158_csi300_custom_step0_s_20260729_13,90e47a9432044bddb836c985ec09ae88,0.014,,,
4996,2026-07-29,SZ301165,0.15866592653795328,EXP_CatBoostModel_Alpha158_csi300_custom_step0_s_20260729_13,90e47a9432044bddb836c985ec09ae88,0.014,,,
4997,2026-07-29,SZ300408,0.1788866551378216,EXP_CatBoostModel_Alpha158_csi300_custom_step0_s_20260729_13,90e47a9432044bddb836c985ec09ae88,0.014,,,
4998,2026-07-29,SZ301236,-0.015099614911124621,EXP_CatBoostModel_Alpha158_csi300_custom_step0_s_20260729_13,90e47a9432044bddb836c985ec09ae88,0.014,,,
4999,2026-07-29,SZ301308,0.4796683929616066,EXP_CatBoostModel_Alpha158_csi300_custom_step0_s_20260729_13,90e47a9432044bddb836c985ec09ae88,0.014,,,
5000,2026-07-29,SH600031,-0.09893350534855222,EXP_LGBModel_Alpha158_csi300_custom_step0_s_20260729_13,bea6971f21d0492b8b5f5debad8500ee,0.053,,,
5001,2026-07-29,SH600030,-0.008665139874599374,EXP_LGBModel_Alpha158_csi300_custom_step0_s_20260729_13,bea6971f21d0492b8b5f5debad8500ee,0.053,,,
5002,2026-07-29,SH600029,-0.0008315952782225186,EXP_LGBModel_Alpha158_csi300_custom_step0_s_20260729_13,bea6971f21d0492b8b5f5debad8500ee,0.053,,,
5003,2026-07-29,SH600028,0.023612929104087736,EXP_LGBModel_Alpha158_csi300_custom_step0_s_20260729_13,bea6971f21d0492b8b5f5debad8500ee,0.053,,,
5004,2026-07-29,SH600027,0.0003042045741026941,EXP_LGBModel_Alpha158_csi300_custom_step0_s_20260729_13,bea6971f21d0492b8b5f5debad8500ee,0.053,,,
5005,2026-07-29,SH600026,0.017163471119218298,EXP_LGBModel_Alpha158_csi300_custom_step0_s_20260729_13,bea6971f21d0492b8b5f5debad8500ee,0.053,,,
5006,2026-07-29,SH600025,0.023560300252087198,EXP_LGBModel_Alpha158_csi300_custom_step0_s_20260729_13,bea6971f21d0492b8b5f5debad8500ee,0.053,,,
5007,2026-07-29,SH600023,0.024905695206360736,EXP_LGBModel_Alpha158_csi300_custom_step0_s_20260729_13,bea6971f21d0492b8b5f5debad8500ee,0.053,,,
5008,2026-07-29,SH600019,0.013767103429923584,EXP_LGBModel_Alpha158_csi300_custom_step0_s_20260729_13,bea6971f21d0492b8b5f5debad8500ee,0.053,,,
5009,2026-07-29,SH600018,0.03940541073637733,EXP_LGBModel_Alpha158_csi300_custom_step0_s_20260729_13,bea6971f21d0492b8b5f5debad8500ee,0.053,,,
5010,2026-07-29,SH600016,0.042878285373638664,EXP_LGBModel_Alpha158_csi300_custom_step0_s_20260729_13,bea6971f21d0492b8b5f5debad8500ee,0.053,,,
5011,2026-07-29,SH600015,0.063323579104652,EXP_LGBModel_Alpha158_csi300_custom_step0_s_20260729_13,bea6971f21d0492b8b5f5debad8500ee,0.053,,,
5012,2026-07-29,SH600011,-0.02991033090849723,EXP_LGBModel_Alpha158_csi300_custom_step0_s_20260729_13,bea6971f21d0492b8b5f5debad8500ee,0.053,,,
5013,2026-07-29,SH600010,0.0033173438556747875,EXP_LGBModel_Alpha158_csi300_custom_step0_s_20260729_13,bea6971f21d0492b8b5f5debad8500ee,0.053,,,
5014,2026-07-29,SH600009,0.04598761214904684,EXP_LGBModel_Alpha158_csi300_custom_step0_s_20260729_13,bea6971f21d0492b8b5f5debad8500ee,0.053,,,
5015,2026-07-29,SH600000,0.0694623967022169,EXP_LGBModel_Alpha158_csi300_custom_step0_s_20260729_13,bea6971f21d0492b8b5f5debad8500ee,0.053,,,
5016,2026-07-29,SZ302132,-0.04824713395441536,EXP_CatBoostModel_Alpha158_csi300_custom_step0_s_20260729_13,90e47a9432044bddb836c985ec09ae88,0.014,,,
5017,2026-07-29,SZ301269,0.18197436766080866,EXP_CatBoostModel_Alpha158_csi300_custom_step0_s_20260729_13,90e47a9432044bddb836c985ec09ae88,0.014,,,
5018,2026-07-29,SZ300394,0.4998185394870524,EXP_CatBoostModel_Alpha158_csi300_custom_step0_s_20260729_13,90e47a9432044bddb836c985ec09ae88,0.014,,,
5019,2026-07-29,SZ300316,0.27586889993342073,EXP_CatBoostModel_Alpha158_csi300_custom_step0_s_20260729_13,90e47a9432044bddb836c985ec09ae88,0.014,,,
5020,2026-07-29,SZ300308,0.07507305473314836,EXP_CatBoostModel_Alpha158_csi300_custom_step0_s_20260729_13,90e47a9432044bddb836c985ec09ae88,0.014,,,
5021,2026-07-29,SZ002532,-0.020224254661178928,EXP_CatBoostModel_Alpha158_csi300_custom_step0_s_20260729_13,90e47a9432044bddb836c985ec09ae88,0.014,,,
5022,2026-07-29,SZ002493,-0.01439811124486906,EXP_CatBoostModel_Alpha158_csi300_custom_step0_s_20260729_13,90e47a9432044bddb836c985ec09ae88,0.014,,,
5023,2026-07-29,SZ002475,-0.02993285791370712,EXP_CatBoostModel_Alpha158_csi300_custom_step0_s_20260729_13,90e47a9432044bddb836c985ec09ae88,0.014,,,
5024,2026-07-29,SZ002466,0.20380317259081146,EXP_CatBoostModel_Alpha158_csi300_custom_step0_s_20260729_13,90e47a9432044bddb836c985ec09ae88,0.014,,,
5025,2026-07-29,SZ002463,0.13743200582288406,EXP_CatBoostModel_Alpha158_csi300_custom_step0_s_20260729_13,90e47a9432044bddb836c985ec09ae88,0.014,,,
5026,2026-07-29,SZ002460,0.23904506044460416,EXP_CatBoostModel_Alpha158_csi300_custom_step0_s_20260729_13,90e47a9432044bddb836c985ec09ae88,0.014,,,
5027,2026-07-29,SZ002422,0.054152905871621214,EXP_CatBoostModel_Alpha158_csi300_custom_step0_s_20260729_13,90e47a9432044bddb836c985ec09ae88,0.014,,,
5028,2026-07-29,SZ002415,-0.047346873554124015,EXP_CatBoostModel_Alpha158_csi300_custom_step0_s_20260729_13,90e47a9432044bddb836c985ec09ae88,0.014,,,
5029,2026-07-29,SZ002384,0.17111832133597396,EXP_CatBoostModel_Alpha158_csi300_custom_step0_s_20260729_13,90e47a9432044bddb836c985ec09ae88,0.014,,,
5030,2026-07-29,SZ002371,0.028438610761651127,EXP_CatBoostModel_Alpha158_csi300_custom_step0_s_20260729_13,90e47a9432044bddb836c985ec09ae88,0.014,,,
5031,2026-07-29,SZ002353,0.015904679768014872,EXP_CatBoostModel_Alpha158_csi300_custom_step0_s_20260729_13,90e47a9432044bddb836c985ec09ae88,0.014,,,
5032,2026-07-29,SZ002352,0.005175713900546672,EXP_CatBoostModel_Alpha158_csi300_custom_step0_s_20260729_13,90e47a9432044bddb836c985ec09ae88,0.014,,,
5033,2026-07-29,SZ002311,0.023903342487409013,EXP_CatBoostModel_Alpha158_csi300_custom_step0_s_20260729_13,90e47a9432044bddb836c985ec09ae88,0.014,,,
5034,2026-07-29,SZ002304,0.005146364504623853,EXP_CatBoostModel_Alpha158_csi300_custom_step0_s_20260729_13,90e47a9432044bddb836c985ec09ae88,0.014,,,
5035,2026-07-29,SZ002241,-0.02522942291699985,EXP_CatBoostModel_Alpha158_csi300_custom_step0_s_20260729_13,90e47a9432044bddb836c985ec09ae88,0.014,,,
5036,2026-07-29,SZ002236,-0.03417329301191541,EXP_CatBoostModel_Alpha158_csi300_custom_step0_s_20260729_13,90e47a9432044bddb836c985ec09ae88,0.014,,,
5037,2026-07-29,SZ002230,-0.01711547700111264,EXP_CatBoostModel_Alpha158_csi300_custom_step0_s_20260729_13,90e47a9432044bddb836c985ec09ae88,0.014,,,
5038,2026-07-29,SZ002558,-0.051605352955528754,EXP_CatBoostModel_Alpha158_csi300_custom_step0_s_20260729_13,90e47a9432044bddb836c985ec09ae88,0.014,,,
5039,2026-07-29,SZ002594,-0.009374082020254294,EXP_CatBoostModel_Alpha158_csi300_custom_step0_s_20260729_13,90e47a9432044bddb836c985ec09ae88,0.014,,,
5040,2026-07-29,SZ002600,0.1621925008013446,EXP_CatBoostModel_Alpha158_csi300_custom_step0_s_20260729_13,90e47a9432044bddb836c985ec09ae88,0.014,,,
5041,2026-07-29,SZ002602,-0.048444829615494865,EXP_CatBoostModel_Alpha158_csi300_custom_step0_s_20260729_13,90e47a9432044bddb836c985ec09ae88,0.014,,,
5042,2026-07-29,SZ300274,0.29532315289920524,EXP_CatBoostModel_Alpha158_csi300_custom_step0_s_20260729_13,90e47a9432044bddb836c985ec09ae88,0.014,,,
5043,2026-07-29,SZ300251,-0.005794072889511767,EXP_CatBoostModel_Alpha158_csi300_custom_step0_s_20260729_13,90e47a9432044bddb836c985ec09ae88,0.014,,,
5044,2026-07-29,SZ300124,-0.014725165281077406,EXP_CatBoostModel_Alpha158_csi300_custom_step0_s_20260729_13,90e47a9432044bddb836c985ec09ae88,0.014,,,
5045,2026-07-29,SZ300122,0.006550967192240431,EXP_CatBoostModel_Alpha158_csi300_custom_step0_s_20260729_13,90e47a9432044bddb836c985ec09ae88,0.014,,,
5046,2026-07-29,SZ300059,-0.015040346343112517,EXP_CatBoostModel_Alpha158_csi300_custom_step0_s_20260729_13,90e47a9432044bddb836c985ec09ae88,0.014,,,
5047,2026-07-29,SZ300033,-0.029014115375034105,EXP_CatBoostModel_Alpha158_csi300_custom_step0_s_20260729_13,90e47a9432044bddb836c985ec09ae88,0.014,,,
5048,2026-07-29,SZ300015,-0.017552950251784896,EXP_CatBoostModel_Alpha158_csi300_custom_step0_s_20260729_13,90e47a9432044bddb836c985ec09ae88,0.014,,,
5049,2026-07-29,SZ300014,0.03331724181500851,EXP_CatBoostModel_Alpha158_csi300_custom_step0_s_20260729_13,90e47a9432044bddb836c985ec09ae88,0.014,,,
5050,2026-07-29,SH600039,0.023189851065841895,EXP_LGBModel_Alpha158_csi300_custom_step0_s_20260729_13,bea6971f21d0492b8b5f5debad8500ee,0.053,,,
5051,2026-07-29,SZ003816,-0.0023872068673166,EXP_CatBoostModel_Alpha158_csi300_custom_step0_s_20260729_13,90e47a9432044bddb836c985ec09ae88,0.014,,,
5052,2026-07-29,SZ002920,-0.021056600151622466,EXP_CatBoostModel_Alpha158_csi300_custom_step0_s_20260729_13,90e47a9432044bddb836c985ec09ae88,0.014,,,
5053,2026-07-29,SZ002916,0.11492766134340945,EXP_CatBoostModel_Alpha158_csi300_custom_step0_s_20260729_13,90e47a9432044bddb836c985ec09ae88,0.014,,,
5054,2026-07-29,SZ002837,0.2555392297658435,EXP_CatBoostModel_Alpha158_csi300_custom_step0_s_20260729_13,90e47a9432044bddb836c985ec09ae88,0.014,,,
5055,2026-07-29,SZ002736,-0.008637887781575733,EXP_CatBoostModel_Alpha158_csi300_custom_step0_s_20260729_13,90e47a9432044bddb836c985ec09ae88,0.014,,,
5056,2026-07-29,SZ002714,0.022625989955766077,EXP_CatBoostModel_Alpha158_csi300_custom_step0_s_20260729_13,90e47a9432044bddb836c985ec09ae88,0.014,,,
5057,2026-07-29,SZ002709,0.28807968126534006,EXP_CatBoostModel_Alpha158_csi300_custom_step0_s_20260729_13,90e47a9432044bddb836c985ec09ae88,0.014,,,
5058,2026-07-29,SZ002648,-0.02141205359288284,EXP_CatBoostModel_Alpha158_csi300_custom_step0_s_20260729_13,90e47a9432044bddb836c985ec09ae88,0.014,,,
5059,2026-07-29,SZ002625,-0.08417438836692984,EXP_CatBoostModel_Alpha158_csi300_custom_step0_s_20260729_13,90e47a9432044bddb836c985ec09ae88,0.014,,,
5060,2026-07-29,SZ002938,0.08315896608737165,EXP_CatBoostModel_Alpha158_csi300_custom_step0_s_20260729_13,90e47a9432044bddb836c985ec09ae88,0.014,,,
5061,2026-07-29,SZ301308,0.2941662073135376,EXP_XGBModel_Alpha158_csi300_custom_step0_s_20260729_13,c7f464ce2b6940e69d83f2689b297a4e,0.078,,,
5062,2026-07-29,SH688506,0.0004512216751845168,EXP_LGBModel_Alpha158_csi300_custom_step0_s_20260729_13,bea6971f21d0492b8b5f5debad8500ee,0.053,,,
5063,2026-07-29,SH688981,0.04418571290920347,EXP_LGBModel_Alpha158_csi300_custom_step0_s_20260729_13,bea6971f21d0492b8b5f5debad8500ee,0.053,,,
5064,2026-07-29,SH601456,0.038190804717781295,EXP_LGBModel_Alpha158_csi300_custom_step0_s_20260729_13,cf68003418734499bf0d0bd4ca1e8057,0.061,,,
5065,2026-07-29,SH601398,0.014519470735835423,EXP_LGBModel_Alpha158_csi300_custom_step0_s_20260729_13,cf68003418734499bf0d0bd4ca1e8057,0.061,,,
5066,2026-07-29,SH601390,0.0038960726765494627,EXP_LGBModel_Alpha158_csi300_custom_step0_s_20260729_13,cf68003418734499bf0d0bd4ca1e8057,0.061,,,
5067,2026-07-29,SH601377,0.02433516821293502,EXP_LGBModel_Alpha158_csi300_custom_step0_s_20260729_13,cf68003418734499bf0d0bd4ca1e8057,0.061,,,
5068,2026-07-29,SH601360,-0.02069880999291602,EXP_LGBModel_Alpha158_csi300_custom_step0_s_20260729_13,cf68003418734499bf0d0bd4ca1e8057,0.061,,,
5069,2026-07-29,SH601336,0.003840615901667386,EXP_LGBModel_Alpha158_csi300_custom_step0_s_20260729_13,cf68003418734499bf0d0bd4ca1e8057,0.061,,,
5070,2026-07-29,SH601328,0.03134099817657294,EXP_LGBModel_Alpha158_csi300_custom_step0_s_20260729_13,cf68003418734499bf0d0bd4ca1e8057,0.061,,,
5071,2026-07-29,SH601319,0.016028754289688908,EXP_LGBModel_Alpha158_csi300_custom_step0_s_20260729_13,cf68003418734499bf0d0bd4ca1e8057,0.061,,,
5072,2026-07-29,SH601318,0.009477061865578318,EXP_LGBModel_Alpha158_csi300_custom_step0_s_20260729_13,cf68003418734499bf0d0bd4ca1e8057,0.061,,,
5073,2026-07-29,SH601288,0.027448877463721225,EXP_LGBModel_Alpha158_csi300_custom_step0_s_20260729_13,cf68003418734499bf0d0bd4ca1e8057,0.061,,,
5074,2026-07-29,SH601238,-0.002151725535369617,EXP_LGBModel_Alpha158_csi300_custom_step0_s_20260729_13,cf68003418734499bf0d0bd4ca1e8057,0.061,,,
5075,2026-07-29,SH601229,0.05243384682390612,EXP_LGBModel_Alpha158_csi300_custom_step0_s_20260729_13,cf68003418734499bf0d0bd4ca1e8057,0.061,,,
5076,2026-07-29,SH601225,-0.0004364636081254006,EXP_LGBModel_Alpha158_csi300_custom_step0_s_20260729_13,cf68003418734499bf0d0bd4ca1e8057,0.061,,,
5077,2026-07-29,SH601211,-0.04405818341070217,EXP_LGBModel_Alpha158_csi300_custom_step0_s_20260729_13,cf68003418734499bf0d0bd4ca1e8057,0.061,,,
5078,2026-07-29,SH601186,0.022741131186173488,EXP_LGBModel_Alpha158_csi300_custom_step0_s_20260729_13,cf68003418734499bf0d0bd4ca1e8057,0.061,,,
5079,2026-07-29,SH601169,0.028239111427399093,EXP_LGBModel_Alpha158_csi300_custom_step0_s_20260729_13,cf68003418734499bf0d0bd4ca1e8057,0.061,,,
5080,2026-07-29,SH601166,0.027122977031041356,EXP_LGBModel_Alpha158_csi300_custom_step0_s_20260729_13,cf68003418734499bf0d0bd4ca1e8057,0.061,,,
5081,2026-07-29,SH601600,-0.009724136187927602,EXP_LGBModel_Alpha158_csi300_custom_step0_s_20260729_13,cf68003418734499bf0d0bd4ca1e8057,0.061,,,
5082,2026-07-29,SH601138,-0.015439346835613973,EXP_LGBModel_Alpha158_csi300_custom_step0_s_20260729_13,cf68003418734499bf0d0bd4ca1e8057,0.061,,,
5083,2026-07-29,SH601601,0.004593245785566359,EXP_LGBModel_Alpha158_csi300_custom_step0_s_20260729_13,cf68003418734499bf0d0bd4ca1e8057,0.061,,,
5084,2026-07-29,SH601618,-0.0016091258375404973,EXP_LGBModel_Alpha158_csi300_custom_step0_s_20260729_13,cf68003418734499bf0d0bd4ca1e8057,0.061,,,
5085,2026-07-29,SH601838,0.037217602091274705,EXP_LGBModel_Alpha158_csi300_custom_step0_s_20260729_13,cf68003418734499bf0d0bd4ca1e8057,0.061,,,
5086,2026-07-29,SH601825,0.020894105681477617,EXP_LGBModel_Alpha158_csi300_custom_step0_s_20260729_13,cf68003418734499bf0d0bd4ca1e8057,0.061,,,
5087,2026-07-29,SH601818,0.02929800979066266,EXP_LGBModel_Alpha158_csi300_custom_step0_s_20260729_13,cf68003418734499bf0d0bd4ca1e8057,0.061,,,
5088,2026-07-29,SH601816,0.013557961712663104,EXP_LGBModel_Alpha158_csi300_custom_step0_s_20260729_13,cf68003418734499bf0d0bd4ca1e8057,0.061,,,
5089,2026-07-29,SH601800,-0.0038868452641584402,EXP_LGBModel_Alpha158_csi300_custom_step0_s_20260729_13,cf68003418734499bf0d0bd4ca1e8057,0.061,,,
5090,2026-07-29,SH601788,0.033869211545479734,EXP_LGBModel_Alpha158_csi300_custom_step0_s_20260729_13,cf68003418734499bf0d0bd4ca1e8057,0.061,,,
5091,2026-07-29,SH601766,0.0009810500991514468,EXP_LGBModel_Alpha158_csi300_custom_step0_s_20260729_13,cf68003418734499bf0d0bd4ca1e8057,0.061,,,
5092,2026-07-29,SH601728,0.0418530677555762,EXP_LGBModel_Alpha158_csi300_custom_step0_s_20260729_13,cf68003418734499bf0d0bd4ca1e8057,0.061,,,
5093,2026-07-29,SH601727,-0.00355985711623402,EXP_LGBModel_Alpha158_csi300_custom_step0_s_20260729_13,cf68003418734499bf0d0bd4ca1e8057,0.061,,,
5094,2026-07-29,SH601698,-0.005999005886312791,EXP_LGBModel_Alpha158_csi300_custom_step0_s_20260729_13,cf68003418734499bf0d0bd4ca1e8057,0.061,,,
5095,2026-07-29,SH601689,-0.015513052222264626,EXP_LGBModel_Alpha158_csi300_custom_step0_s_20260729_13,cf68003418734499bf0d0bd4ca1e8057,0.061,,,
5096,2026-07-29,SH601688,-0.01839699896217847,EXP_LGBModel_Alpha158_csi300_custom_step0_s_20260729_13,cf68003418734499bf0d0bd4ca1e8057,0.061,,,
5097,2026-07-29,SH601669,-0.005093053849765166,EXP_LGBModel_Alpha158_csi300_custom_step0_s_20260729_13,cf68003418734499bf0d0bd4ca1e8057,0.061,,,
5098,2026-07-29,SH601668,0.03092078148913333,EXP_LGBModel_Alpha158_csi300_custom_step0_s_20260729_13,cf68003418734499bf0d0bd4ca1e8057,0.061,,,
5099,2026-07-29,SH601658,0.02784106966066569,EXP_LGBModel_Alpha158_csi300_custom_step0_s_20260729_13,cf68003418734499bf0d0bd4ca1e8057,0.061,,,
5100,2026-07-29,SH601633,-0.007645419662621803,EXP_LGBModel_Alpha158_csi300_custom_step0_s_20260729_13,cf68003418734499bf0d0bd4ca1e8057,0.061,,,
5101,2026-07-29,SH601628,0.012149378353621567,EXP_LGBModel_Alpha158_csi300_custom_step0_s_20260729_13,cf68003418734499bf0d0bd4ca1e8057,0.061,,,
5102,2026-07-29,SH601607,0.020177553153564672,EXP_LGBModel_Alpha158_csi300_custom_step0_s_20260729_13,cf68003418734499bf0d0bd4ca1e8057,0.061,,,
5103,2026-07-29,SH601857,0.010625321861811659,EXP_LGBModel_Alpha158_csi300_custom_step0_s_20260729_13,cf68003418734499bf0d0bd4ca1e8057,0.061,,,
5104,2026-07-29,SH601136,0.021727934976995013,EXP_LGBModel_Alpha158_csi300_custom_step0_s_20260729_13,cf68003418734499bf0d0bd4ca1e8057,0.061,,,
5105,2026-07-29,SH601117,-0.008629267461069087,EXP_LGBModel_Alpha158_csi300_custom_step0_s_20260729_13,cf68003418734499bf0d0bd4ca1e8057,0.061,,,
5106,2026-07-29,SH600905,0.016433330169655962,EXP_LGBModel_Alpha158_csi300_custom_step0_s_20260729_13,cf68003418734499bf0d0bd4ca1e8057,0.061,,,
5107,2026-07-29,SH600900,0.030689421136778278,EXP_LGBModel_Alpha158_csi300_custom_step0_s_20260729_13,cf68003418734499bf0d0bd4ca1e8057,0.061,,,
5108,2026-07-29,SH600893,-0.006145035184565849,EXP_LGBModel_Alpha158_csi300_custom_step0_s_20260729_13,cf68003418734499bf0d0bd4ca1e8057,0.061,,,
5109,2026-07-29,SH600887,-0.03499465417415491,EXP_LGBModel_Alpha158_csi300_custom_step0_s_20260729_13,cf68003418734499bf0d0bd4ca1e8057,0.061,,,
5110,2026-07-29,SH600886,0.011449133588320302,EXP_LGBModel_Alpha158_csi300_custom_step0_s_20260729_13,cf68003418734499bf0d0bd4ca1e8057,0.061,,,
5111,2026-07-29,SH600875,-0.012262755866882764,EXP_LGBModel_Alpha158_csi300_custom_step0_s_20260729_13,cf68003418734499bf0d0bd4ca1e8057,0.061,,,
5112,2026-07-29,SH600845,-0.02577824196198776,EXP_LGBModel_Alpha158_csi300_custom_step0_s_20260729_13,cf68003418734499bf0d0bd4ca1e8057,0.061,,,
5113,2026-07-29,SH600809,-0.04741256192909681,EXP_LGBModel_Alpha158_csi300_custom_step0_s_20260729_13,cf68003418734499bf0d0bd4ca1e8057,0.061,,,
5114,2026-07-29,SH600803,-0.09685185231261496,EXP_LGBModel_Alpha158_csi300_custom_step0_s_20260729_13,cf68003418734499bf0d0bd4ca1e8057,0.061,,,
5115,2026-07-29,SH600795,0.02249466247248566,EXP_LGBModel_Alpha158_csi300_custom_step0_s_20260729_13,cf68003418734499bf0d0bd4ca1e8057,0.061,,,
5116,2026-07-29,SH600760,0.0007530175860090545,EXP_LGBModel_Alpha158_csi300_custom_step0_s_20260729_13,cf68003418734499bf0d0bd4ca1e8057,0.061,,,
5117,2026-07-29,SH600741,0.009716207255853858,EXP_LGBModel_Alpha158_csi300_custom_step0_s_20260729_13,cf68003418734499bf0d0bd4ca1e8057,0.061,,,
5118,2026-07-29,SH600690,0.006710288781416891,EXP_LGBModel_Alpha158_csi300_custom_step0_s_20260729_13,cf68003418734499bf0d0bd4ca1e8057,0.061,,,
5119,2026-07-29,SH600674,0.025202877018684653,EXP_LGBModel_Alpha158_csi300_custom_step0_s_20260729_13,cf68003418734499bf0d0bd4ca1e8057,0.061,,,
5120,2026-07-29,SH600660,-0.020155958269573476,EXP_LGBModel_Alpha158_csi300_custom_step0_s_20260729_13,cf68003418734499bf0d0bd4ca1e8057,0.061,,,
5121,2026-07-29,SH600600,-0.0018931724545134397,EXP_LGBModel_Alpha158_csi300_custom_step0_s_20260729_13,cf68003418734499bf0d0bd4ca1e8057,0.061,,,
5122,2026-07-29,SH600588,-0.009870526003355326,EXP_LGBModel_Alpha158_csi300_custom_step0_s_20260729_13,cf68003418734499bf0d0bd4ca1e8057,0.061,,,
5123,2026-07-29,SH600918,-0.019775783852017337,EXP_LGBModel_Alpha158_csi300_custom_step0_s_20260729_13,cf68003418734499bf0d0bd4ca1e8057,0.061,,,
5124,2026-07-29,SH601127,-0.008293040780062315,EXP_LGBModel_Alpha158_csi300_custom_step0_s_20260729_13,cf68003418734499bf0d0bd4ca1e8057,0.061,,,
5125,2026-07-29,SH600919,0.05104378261103966,EXP_LGBModel_Alpha158_csi300_custom_step0_s_20260729_13,cf68003418734499bf0d0bd4ca1e8057,0.061,,,
5126,2026-07-29,SH600930,0.008747017838114414,EXP_LGBModel_Alpha158_csi300_custom_step0_s_20260729_13,cf68003418734499bf0d0bd4ca1e8057,0.061,,,
5127,2026-07-29,SH601111,0.010975471459515669,EXP_LGBModel_Alpha158_csi300_custom_step0_s_20260729_13,cf68003418734499bf0d0bd4ca1e8057,0.061,,,
5128,2026-07-29,SH601100,-0.039800448263501396,EXP_LGBModel_Alpha158_csi300_custom_step0_s_20260729_13,cf68003418734499bf0d0bd4ca1e8057,0.061,,,
5129,2026-07-29,SH601088,0.01730173475602359,EXP_LGBModel_Alpha158_csi300_custom_step0_s_20260729_13,cf68003418734499bf0d0bd4ca1e8057,0.061,,,
5130,2026-07-29,SH601077,0.008604041377823545,EXP_LGBModel_Alpha158_csi300_custom_step0_s_20260729_13,cf68003418734499bf0d0bd4ca1e8057,0.061,,,
5131,2026-07-29,SH601066,-0.037622053839134154,EXP_LGBModel_Alpha158_csi300_custom_step0_s_20260729_13,cf68003418734499bf0d0bd4ca1e8057,0.061,,,
5132,2026-07-29,SH601059,0.021451775391268094,EXP_LGBModel_Alpha158_csi300_custom_step0_s_20260729_13,cf68003418734499bf0d0bd4ca1e8057,0.061,,,
5133,2026-07-29,SH601058,0.007143292399534115,EXP_LGBModel_Alpha158_csi300_custom_step0_s_20260729_13,cf68003418734499bf0d0bd4ca1e8057,0.061,,,
5134,2026-07-29,SH601021,0.03484338204511883,EXP_LGBModel_Alpha158_csi300_custom_step0_s_20260729_13,cf68003418734499bf0d0bd4ca1e8057,0.061,,,
5135,2026-07-29,SH601018,0.018354309614056038,EXP_LGBModel_Alpha158_csi300_custom_step0_s_20260729_13,cf68003418734499bf0d0bd4ca1e8057,0.061,,,
5136,2026-07-29,SH601012,-0.030707082167507987,EXP_LGBModel_Alpha158_csi300_custom_step0_s_20260729_13,cf68003418734499bf0d0bd4ca1e8057,0.061,,,
5137,2026-07-29,SH601009,0.023321608999864043,EXP_LGBModel_Alpha158_csi300_custom_step0_s_20260729_13,cf68003418734499bf0d0bd4ca1e8057,0.061,,,
5138,2026-07-29,SH601006,0.006313840914429184,EXP_LGBModel_Alpha158_csi300_custom_step0_s_20260729_13,cf68003418734499bf0d0bd4ca1e8057,0.061,,,
5139,2026-07-29,SH600999,-0.07288893954970807,EXP_LGBModel_Alpha158_csi300_custom_step0_s_20260729_13,cf68003418734499bf0d0bd4ca1e8057,0.061,,,
5140,2026-07-29,SH600989,0.007167394727592903,EXP_LGBModel_Alpha158_csi300_custom_step0_s_20260729_13,cf68003418734499bf0d0bd4ca1e8057,0.061,,,
5141,2026-07-29,SH600958,0.01825799758855265,EXP_LGBModel_Alpha158_csi300_custom_step0_s_20260729_13,cf68003418734499bf0d0bd4ca1e8057,0.061,,,
5142,2026-07-29,SH600941,0.027187323295889413,EXP_LGBModel_Alpha158_csi300_custom_step0_s_20260729_13,cf68003418734499bf0d0bd4ca1e8057,0.061,,,
5143,2026-07-29,SH600938,0.029708321404141935,EXP_LGBModel_Alpha158_csi300_custom_step0_s_20260729_13,cf68003418734499bf0d0bd4ca1e8057,0.061,,,
5144,2026-07-29,SH600926,0.01412449622934797,EXP_LGBModel_Alpha158_csi300_custom_step0_s_20260729_13,cf68003418734499bf0d0bd4ca1e8057,0.061,,,
5145,2026-07-29,SH601868,-0.00986823208415198,EXP_LGBModel_Alpha158_csi300_custom_step0_s_20260729_13,cf68003418734499bf0d0bd4ca1e8057,0.061,,,
5146,2026-07-29,SH601872,-0.09998012213383331,EXP_LGBModel_Alpha158_csi300_custom_step0_s_20260729_13,cf68003418734499bf0d0bd4ca1e8057,0.061,,,
5147,2026-07-29,SH601877,-0.00965924169345317,EXP_LGBModel_Alpha158_csi300_custom_step0_s_20260729_13,cf68003418734499bf0d0bd4ca1e8057,0.061,,,
5148,2026-07-29,SZ000568,-0.0049043049315400655,EXP_LGBModel_Alpha158_csi300_custom_step0_s_20260729_13,cf68003418734499bf0d0bd4ca1e8057,0.061,,,
5149,2026-07-29,SZ000538,0.009099412133764057,EXP_LGBModel_Alpha158_csi300_custom_step0_s_20260729_13,cf68003418734499bf0d0bd4ca1e8057,0.061,,,
5150,2026-07-29,SZ000425,-0.025759933003821477,EXP_LGBModel_Alpha158_csi300_custom_step0_s_20260729_13,cf68003418734499bf0d0bd4ca1e8057,0.061,,,
5151,2026-07-29,SZ000408,-0.046833208963539465,EXP_LGBModel_Alpha158_csi300_custom_step0_s_20260729_13,cf68003418734499bf0d0bd4ca1e8057,0.061,,,
5152,2026-07-29,SZ000338,0.0034790174633122957,EXP_LGBModel_Alpha158_csi300_custom_step0_s_20260729_13,cf68003418734499bf0d0bd4ca1e8057,0.061,,,
5153,2026-07-29,SZ000333,0.0224326431035427,EXP_LGBModel_Alpha158_csi300_custom_step0_s_20260729_13,cf68003418734499bf0d0bd4ca1e8057,0.061,,,
5154,2026-07-29,SZ000301,-0.053153460424101566,EXP_LGBModel_Alpha158_csi300_custom_step0_s_20260729_13,cf68003418734499bf0d0bd4ca1e8057,0.061,,,
5155,2026-07-29,SZ000166,0.04267703169674494,EXP_LGBModel_Alpha158_csi300_custom_step0_s_20260729_13,cf68003418734499bf0d0bd4ca1e8057,0.061,,,
5156,2026-07-29,SZ000157,-0.005988891111678793,EXP_LGBModel_Alpha158_csi300_custom_step0_s_20260729_13,cf68003418734499bf0d0bd4ca1e8057,0.061,,,
5157,2026-07-29,SZ000100,-0.10939625247048312,EXP_LGBModel_Alpha158_csi300_custom_step0_s_20260729_13,cf68003418734499bf0d0bd4ca1e8057,0.061,,,
5158,2026-07-29,SZ000063,-0.061793319220426475,EXP_LGBModel_Alpha158_csi300_custom_step0_s_20260729_13,cf68003418734499bf0d0bd4ca1e8057,0.061,,,
5159,2026-07-29,SZ000002,-0.0003577614833995817,EXP_LGBModel_Alpha158_csi300_custom_step0_s_20260729_13,cf68003418734499bf0d0bd4ca1e8057,0.061,,,
5160,2026-07-29,SZ000001,0.014391105776183036,EXP_LGBModel_Alpha158_csi300_custom_step0_s_20260729_13,cf68003418734499bf0d0bd4ca1e8057,0.061,,,
5161,2026-07-29,SH688981,0.01506633549683084,EXP_LGBModel_Alpha158_csi300_custom_step0_s_20260729_13,cf68003418734499bf0d0bd4ca1e8057,0.061,,,
5162,2026-07-29,SH688521,0.014451258319241801,EXP_LGBModel_Alpha158_csi300_custom_step0_s_20260729_13,cf68003418734499bf0d0bd4ca1e8057,0.061,,,
5163,2026-07-29,SH688506,-0.013833446914898427,EXP_LGBModel_Alpha158_csi300_custom_step0_s_20260729_13,cf68003418734499bf0d0bd4ca1e8057,0.061,,,
5164,2026-07-29,SH688472,-0.014853475851672661,EXP_LGBModel_Alpha158_csi300_custom_step0_s_20260729_13,cf68003418734499bf0d0bd4ca1e8057,0.061,,,
5165,2026-07-29,SZ000596,-0.06432957083205855,EXP_LGBModel_Alpha158_csi300_custom_step0_s_20260729_13,cf68003418734499bf0d0bd4ca1e8057,0.061,,,
5166,2026-07-29,SH688396,0.004699752032882528,EXP_LGBModel_Alpha158_csi300_custom_step0_s_20260729_13,cf68003418734499bf0d0bd4ca1e8057,0.061,,,
5167,2026-07-29,SZ000617,-0.006769862385274041,EXP_LGBModel_Alpha158_csi300_custom_step0_s_20260729_13,cf68003418734499bf0d0bd4ca1e8057,0.061,,,
5168,2026-07-29,SZ000630,-0.054376710086853,EXP_LGBModel_Alpha158_csi300_custom_step0_s_20260729_13,cf68003418734499bf0d0bd4ca1e8057,0.061,,,
5169,2026-07-29,SZ001280,0.00719964952879971,EXP_LGBModel_Alpha158_csi300_custom_step0_s_20260729_13,cf68003418734499bf0d0bd4ca1e8057,0.061,,,
5170,2026-07-29,SZ000999,0.017954220357785093,EXP_LGBModel_Alpha158_csi300_custom_step0_s_20260729_13,cf68003418734499bf0d0bd4ca1e8057,0.061,,,
5171,2026-07-29,SZ000988,0.009215559538573576,EXP_LGBModel_Alpha158_csi300_custom_step0_s_20260729_13,cf68003418734499bf0d0bd4ca1e8057,0.061,,,
5172,2026-07-29,SZ000977,0.007937729655175457,EXP_LGBModel_Alpha158_csi300_custom_step0_s_20260729_13,cf68003418734499bf0d0bd4ca1e8057,0.061,,,
5173,2026-07-29,SZ000975,-0.013343549339587292,EXP_LGBModel_Alpha158_csi300_custom_step0_s_20260729_13,cf68003418734499bf0d0bd4ca1e8057,0.061,,,
5174,2026-07-29,SZ000963,-0.019166380632808077,EXP_LGBModel_Alpha158_csi300_custom_step0_s_20260729_13,cf68003418734499bf0d0bd4ca1e8057,0.061,,,
5175,2026-07-29,SZ000938,0.023677915528325245,EXP_LGBModel_Alpha158_csi300_custom_step0_s_20260729_13,cf68003418734499bf0d0bd4ca1e8057,0.061,,,
5176,2026-07-29,SZ000895,-0.0004641779002478222,EXP_LGBModel_Alpha158_csi300_custom_step0_s_20260729_13,cf68003418734499bf0d0bd4ca1e8057,0.061,,,
5177,2026-07-29,SZ000858,0.0005693235082098772,EXP_LGBModel_Alpha158_csi300_custom_step0_s_20260729_13,cf68003418734499bf0d0bd4ca1e8057,0.061,,,
5178,2026-07-29,SZ000807,-0.000919192419091861,EXP_LGBModel_Alpha158_csi300_custom_step0_s_20260729_13,cf68003418734499bf0d0bd4ca1e8057,0.061,,,
5179,2026-07-29,SZ000792,-0.05973479026493124,EXP_LGBModel_Alpha158_csi300_custom_step0_s_20260729_13,cf68003418734499bf0d0bd4ca1e8057,0.061,,,
5180,2026-07-29,SZ000776,-0.10623091998130951,EXP_LGBModel_Alpha158_csi300_custom_step0_s_20260729_13,cf68003418734499bf0d0bd4ca1e8057,0.061,,,
5181,2026-07-29,SZ000768,0.008681073342713388,EXP_LGBModel_Alpha158_csi300_custom_step0_s_20260729_13,cf68003418734499bf0d0bd4ca1e8057,0.061,,,
5182,2026-07-29,SZ000725,-0.07986254780135298,EXP_LGBModel_Alpha158_csi300_custom_step0_s_20260729_13,cf68003418734499bf0d0bd4ca1e8057,0.061,,,
5183,2026-07-29,SZ000708,-0.012742826723601625,EXP_LGBModel_Alpha158_csi300_custom_step0_s_20260729_13,cf68003418734499bf0d0bd4ca1e8057,0.061,,,
5184,2026-07-29,SZ000657,0.0033565638251017676,EXP_LGBModel_Alpha158_csi300_custom_step0_s_20260729_13,cf68003418734499bf0d0bd4ca1e8057,0.061,,,
5185,2026-07-29,SZ000651,0.02587434566532372,EXP_LGBModel_Alpha158_csi300_custom_step0_s_20260729_13,cf68003418734499bf0d0bd4ca1e8057,0.061,,,
5186,2026-07-29,SZ000625,0.0025733496471087303,EXP_LGBModel_Alpha158_csi300_custom_step0_s_20260729_13,cf68003418734499bf0d0bd4ca1e8057,0.061,,,
5187,2026-07-29,SH688303,-0.014447586171422661,EXP_LGBModel_Alpha158_csi300_custom_step0_s_20260729_13,cf68003418734499bf0d0bd4ca1e8057,0.061,,,
5188,2026-07-29,SH688271,-0.008365470276971022,EXP_LGBModel_Alpha158_csi300_custom_step0_s_20260729_13,cf68003418734499bf0d0bd4ca1e8057,0.061,,,
5189,2026-07-29,SH688256,-0.008159420904428834,EXP_LGBModel_Alpha158_csi300_custom_step0_s_20260729_13,cf68003418734499bf0d0bd4ca1e8057,0.061,,,
5190,2026-07-29,SH603288,0.015041296838680324,EXP_LGBModel_Alpha158_csi300_custom_step0_s_20260729_13,cf68003418734499bf0d0bd4ca1e8057,0.061,,,
5191,2026-07-29,SH603260,0.003027709100966075,EXP_LGBModel_Alpha158_csi300_custom_step0_s_20260729_13,cf68003418734499bf0d0bd4ca1e8057,0.061,,,
5192,2026-07-29,SH603259,-0.07112081465389115,EXP_LGBModel_Alpha158_csi300_custom_step0_s_20260729_13,cf68003418734499bf0d0bd4ca1e8057,0.061,,,
5193,2026-07-29,SH603019,0.022343291914441128,EXP_LGBModel_Alpha158_csi300_custom_step0_s_20260729_13,cf68003418734499bf0d0bd4ca1e8057,0.061,,,
5194,2026-07-29,SH601998,0.011579683423047717,EXP_LGBModel_Alpha158_csi300_custom_step0_s_20260729_13,cf68003418734499bf0d0bd4ca1e8057,0.061,,,
5195,2026-07-29,SH601995,-0.008223979296205946,EXP_LGBModel_Alpha158_csi300_custom_step0_s_20260729_13,cf68003418734499bf0d0bd4ca1e8057,0.061,,,
5196,2026-07-29,SH601988,0.034463575819458525,EXP_LGBModel_Alpha158_csi300_custom_step0_s_20260729_13,cf68003418734499bf0d0bd4ca1e8057,0.061,,,
5197,2026-07-29,SH601985,0.04982727421256598,EXP_LGBModel_Alpha158_csi300_custom_step0_s_20260729_13,cf68003418734499bf0d0bd4ca1e8057,0.061,,,
5198,2026-07-29,SH601939,0.014278065390922023,EXP_LGBModel_Alpha158_csi300_custom_step0_s_20260729_13,cf68003418734499bf0d0bd4ca1e8057,0.061,,,
5199,2026-07-29,SH601919,0.010839559518497898,EXP_LGBModel_Alpha158_csi300_custom_step0_s_20260729_13,cf68003418734499bf0d0bd4ca1e8057,0.061,,,
5200,2026-07-29,SH601916,0.024920460333911536,EXP_LGBModel_Alpha158_csi300_custom_step0_s_20260729_13,cf68003418734499bf0d0bd4ca1e8057,0.061,,,
5201,2026-07-29,SH601901,0.014468125612164772,EXP_LGBModel_Alpha158_csi300_custom_step0_s_20260729_13,cf68003418734499bf0d0bd4ca1e8057,0.061,,,
5202,2026-07-29,SH601899,-0.1291005391175351,EXP_LGBModel_Alpha158_csi300_custom_step0_s_20260729_13,cf68003418734499bf0d0bd4ca1e8057,0.061,,,
5203,2026-07-29,SH601898,-0.006777142275889876,EXP_LGBModel_Alpha158_csi300_custom_step0_s_20260729_13,cf68003418734499bf0d0bd4ca1e8057,0.061,,,
5204,2026-07-29,SH601888,-0.006549236290973846,EXP_LGBModel_Alpha158_csi300_custom_step0_s_20260729_13,cf68003418734499bf0d0bd4ca1e8057,0.061,,,
5205,2026-07-29,SH601881,-0.005467965569669029,EXP_LGBModel_Alpha158_csi300_custom_step0_s_20260729_13,cf68003418734499bf0d0bd4ca1e8057,0.061,,,
5206,2026-07-29,SH601878,0.013961054812317937,EXP_LGBModel_Alpha158_csi300_custom_step0_s_20260729_13,cf68003418734499bf0d0bd4ca1e8057,0.061,,,
5207,2026-07-29,SH603296,-0.0999488329603561,EXP_LGBModel_Alpha158_csi300_custom_step0_s_20260729_13,cf68003418734499bf0d0bd4ca1e8057,0.061,,,
5208,2026-07-29,SH603369,-0.03647224004508187,EXP_LGBModel_Alpha158_csi300_custom_step0_s_20260729_13,cf68003418734499bf0d0bd4ca1e8057,0.061,,,
5209,2026-07-29,SH603392,-0.013136523953255754,EXP_LGBModel_Alpha158_csi300_custom_step0_s_20260729_13,cf68003418734499bf0d0bd4ca1e8057,0.061,,,
5210,2026-07-29,SH603501,-0.008924663038860928,EXP_LGBModel_Alpha158_csi300_custom_step0_s_20260729_13,cf68003418734499bf0d0bd4ca1e8057,0.061,,,
5211,2026-07-29,SH688223,-0.0054443968684713216,EXP_LGBModel_Alpha158_csi300_custom_step0_s_20260729_13,cf68003418734499bf0d0bd4ca1e8057,0.061,,,
5212,2026-07-29,SH688183,0.007368341758907299,EXP_LGBModel_Alpha158_csi300_custom_step0_s_20260729_13,cf68003418734499bf0d0bd4ca1e8057,0.061,,,
5213,2026-07-29,SH688126,0.0021676307874274265,EXP_LGBModel_Alpha158_csi300_custom_step0_s_20260729_13,cf68003418734499bf0d0bd4ca1e8057,0.061,,,
5214,2026-07-29,SH688111,-0.11126375308338944,EXP_LGBModel_Alpha158_csi300_custom_step0_s_20260729_13,cf68003418734499bf0d0bd4ca1e8057,0.061,,,
5215,2026-07-29,SH688082,-0.04441244011301439,EXP_LGBModel_Alpha158_csi300_custom_step0_s_20260729_13,cf68003418734499bf0d0bd4ca1e8057,0.061,,,
5216,2026-07-29,SH688072,-0.03978338310212554,EXP_LGBModel_Alpha158_csi300_custom_step0_s_20260729_13,cf68003418734499bf0d0bd4ca1e8057,0.061,,,
5217,2026-07-29,SH688047,-0.0057715124731572524,EXP_LGBModel_Alpha158_csi300_custom_step0_s_20260729_13,cf68003418734499bf0d0bd4ca1e8057,0.061,,,
5218,2026-07-29,SH688041,-0.001461649655074305,EXP_LGBModel_Alpha158_csi300_custom_step0_s_20260729_13,cf68003418734499bf0d0bd4ca1e8057,0.061,,,
5219,2026-07-29,SH600585,0.002046986227603379,EXP_LGBModel_Alpha158_csi300_custom_step0_s_20260729_13,cf68003418734499bf0d0bd4ca1e8057,0.061,,,
5220,2026-07-29,SH688036,0.025167370818198382,EXP_LGBModel_Alpha158_csi300_custom_step0_s_20260729_13,cf68003418734499bf0d0bd4ca1e8057,0.061,,,
5221,2026-07-29,SH688009,0.028081316626991426,EXP_LGBModel_Alpha158_csi300_custom_step0_s_20260729_13,cf68003418734499bf0d0bd4ca1e8057,0.061,,,
5222,2026-07-29,SH688008,-0.005509405894587918,EXP_LGBModel_Alpha158_csi300_custom_step0_s_20260729_13,cf68003418734499bf0d0bd4ca1e8057,0.061,,,
5223,2026-07-29,SH605499,-0.03528447621606637,EXP_LGBModel_Alpha158_csi300_custom_step0_s_20260729_13,cf68003418734499bf0d0bd4ca1e8057,0.061,,,
5224,2026-07-29,SH605117,-0.01914158915269995,EXP_LGBModel_Alpha158_csi300_custom_step0_s_20260729_13,cf68003418734499bf0d0bd4ca1e8057,0.061,,,
5225,2026-07-29,SH603993,-0.11814196848993551,EXP_LGBModel_Alpha158_csi300_custom_step0_s_20260729_13,cf68003418734499bf0d0bd4ca1e8057,0.061,,,
5226,2026-07-29,SH603986,0.0005371977469844902,EXP_LGBModel_Alpha158_csi300_custom_step0_s_20260729_13,cf68003418734499bf0d0bd4ca1e8057,0.061,,,
5227,2026-07-29,SH603893,-0.0005090044798843457,EXP_LGBModel_Alpha158_csi300_custom_step0_s_20260729_13,cf68003418734499bf0d0bd4ca1e8057,0.061,,,
5228,2026-07-29,SH603799,-0.003497707610713121,EXP_LGBModel_Alpha158_csi300_custom_step0_s_20260729_13,cf68003418734499bf0d0bd4ca1e8057,0.061,,,
5229,2026-07-29,SH688012,-0.024006535595963063,EXP_LGBModel_Alpha158_csi300_custom_step0_s_20260729_13,cf68003418734499bf0d0bd4ca1e8057,0.061,,,
5230,2026-07-29,SH688521,0.07039467035993191,EXP_LGBModel_Alpha158_csi300_custom_step0_s_20260729_13,bea6971f21d0492b8b5f5debad8500ee,0.053,,,
5231,2026-07-29,SH600584,0.021257715119359945,EXP_LGBModel_Alpha158_csi300_custom_step0_s_20260729_13,cf68003418734499bf0d0bd4ca1e8057,0.061,,,
5232,2026-07-29,SH600549,0.0022406322868167806,EXP_LGBModel_Alpha158_csi300_custom_step0_s_20260729_13,cf68003418734499bf0d0bd4ca1e8057,0.061,,,
5233,2026-07-29,SZ002463,0.012747702245475005,EXP_LGBModel_Alpha158_csi300_custom_step0_s_20260729_13,bea6971f21d0492b8b5f5debad8500ee,0.053,,,
5234,2026-07-29,SZ002460,0.02503114603286228,EXP_LGBModel_Alpha158_csi300_custom_step0_s_20260729_13,bea6971f21d0492b8b5f5debad8500ee,0.053,,,
5235,2026-07-29,SZ002422,0.04764119758719567,EXP_LGBModel_Alpha158_csi300_custom_step0_s_20260729_13,bea6971f21d0492b8b5f5debad8500ee,0.053,,,
5236,2026-07-29,SZ002415,-0.054670461277154456,EXP_LGBModel_Alpha158_csi300_custom_step0_s_20260729_13,bea6971f21d0492b8b5f5debad8500ee,0.053,,,
5237,2026-07-29,SZ002384,0.034464172848114816,EXP_LGBModel_Alpha158_csi300_custom_step0_s_20260729_13,bea6971f21d0492b8b5f5debad8500ee,0.053,,,
5238,2026-07-29,SZ002371,-0.05020234125703464,EXP_LGBModel_Alpha158_csi300_custom_step0_s_20260729_13,bea6971f21d0492b8b5f5debad8500ee,0.053,,,
5239,2026-07-29,SZ002353,-0.06769876436521344,EXP_LGBModel_Alpha158_csi300_custom_step0_s_20260729_13,bea6971f21d0492b8b5f5debad8500ee,0.053,,,
5240,2026-07-29,SZ002352,0.023552852320840825,EXP_LGBModel_Alpha158_csi300_custom_step0_s_20260729_13,bea6971f21d0492b8b5f5debad8500ee,0.053,,,
5241,2026-07-29,SZ002311,0.009670100650922248,EXP_LGBModel_Alpha158_csi300_custom_step0_s_20260729_13,bea6971f21d0492b8b5f5debad8500ee,0.053,,,
5242,2026-07-29,SZ002304,0.016807756132929324,EXP_LGBModel_Alpha158_csi300_custom_step0_s_20260729_13,bea6971f21d0492b8b5f5debad8500ee,0.053,,,
5243,2026-07-29,SZ002241,0.007944747087589561,EXP_LGBModel_Alpha158_csi300_custom_step0_s_20260729_13,bea6971f21d0492b8b5f5debad8500ee,0.053,,,
5244,2026-07-29,SZ002236,0.004039933201003757,EXP_LGBModel_Alpha158_csi300_custom_step0_s_20260729_13,bea6971f21d0492b8b5f5debad8500ee,0.053,,,
5245,2026-07-29,SZ002230,-0.03665147853368592,EXP_LGBModel_Alpha158_csi300_custom_step0_s_20260729_13,bea6971f21d0492b8b5f5debad8500ee,0.053,,,
5246,2026-07-29,SZ002202,-0.004034512441042445,EXP_LGBModel_Alpha158_csi300_custom_step0_s_20260729_13,bea6971f21d0492b8b5f5debad8500ee,0.053,,,
5247,2026-07-29,SZ002179,-0.03457716633666962,EXP_LGBModel_Alpha158_csi300_custom_step0_s_20260729_13,bea6971f21d0492b8b5f5debad8500ee,0.053,,,
5248,2026-07-29,SZ002142,0.03792838096391345,EXP_LGBModel_Alpha158_csi300_custom_step0_s_20260729_13,bea6971f21d0492b8b5f5debad8500ee,0.053,,,
5249,2026-07-29,SZ002074,-0.08038039073246704,EXP_LGBModel_Alpha158_csi300_custom_step0_s_20260729_13,bea6971f21d0492b8b5f5debad8500ee,0.053,,,
5250,2026-07-29,SZ002466,0.02134025584959664,EXP_LGBModel_Alpha158_csi300_custom_step0_s_20260729_13,bea6971f21d0492b8b5f5debad8500ee,0.053,,,
5251,2026-07-29,SZ002050,-0.0023818493224141966,EXP_LGBModel_Alpha158_csi300_custom_step0_s_20260729_13,bea6971f21d0492b8b5f5debad8500ee,0.053,,,
5252,2026-07-29,SZ002475,-0.0989539495278559,EXP_LGBModel_Alpha158_csi300_custom_step0_s_20260729_13,bea6971f21d0492b8b5f5debad8500ee,0.053,,,
5253,2026-07-29,SZ002532,0.006165622376103241,EXP_LGBModel_Alpha158_csi300_custom_step0_s_20260729_13,bea6971f21d0492b8b5f5debad8500ee,0.053,,,
5254,2026-07-29,SZ300033,-0.05586052034523905,EXP_LGBModel_Alpha158_csi300_custom_step0_s_20260729_13,bea6971f21d0492b8b5f5debad8500ee,0.053,,,
5255,2026-07-29,SZ300015,0.027627281355181478,EXP_LGBModel_Alpha158_csi300_custom_step0_s_20260729_13,bea6971f21d0492b8b5f5debad8500ee,0.053,,,
5256,2026-07-29,SZ300014,0.016210265765325645,EXP_LGBModel_Alpha158_csi300_custom_step0_s_20260729_13,bea6971f21d0492b8b5f5debad8500ee,0.053,,,
5257,2026-07-29,SZ003816,0.02380261286773688,EXP_LGBModel_Alpha158_csi300_custom_step0_s_20260729_13,bea6971f21d0492b8b5f5debad8500ee,0.053,,,
5258,2026-07-29,SZ002938,-0.015042409376286767,EXP_LGBModel_Alpha158_csi300_custom_step0_s_20260729_13,bea6971f21d0492b8b5f5debad8500ee,0.053,,,
5259,2026-07-29,SZ002920,0.007406667558197664,EXP_LGBModel_Alpha158_csi300_custom_step0_s_20260729_13,bea6971f21d0492b8b5f5debad8500ee,0.053,,,
5260,2026-07-29,SZ002916,0.022539195688668925,EXP_LGBModel_Alpha158_csi300_custom_step0_s_20260729_13,bea6971f21d0492b8b5f5debad8500ee,0.053,,,
5261,2026-07-29,SZ002837,0.06209234951363607,EXP_LGBModel_Alpha158_csi300_custom_step0_s_20260729_13,bea6971f21d0492b8b5f5debad8500ee,0.053,,,
5262,2026-07-29,SZ002736,0.03860843344237502,EXP_LGBModel_Alpha158_csi300_custom_step0_s_20260729_13,bea6971f21d0492b8b5f5debad8500ee,0.053,,,
5263,2026-07-29,SZ002714,-0.02824632760576483,EXP_LGBModel_Alpha158_csi300_custom_step0_s_20260729_13,bea6971f21d0492b8b5f5debad8500ee,0.053,,,
5264,2026-07-29,SZ002709,0.04074168143484681,EXP_LGBModel_Alpha158_csi300_custom_step0_s_20260729_13,bea6971f21d0492b8b5f5debad8500ee,0.053,,,
5265,2026-07-29,SZ002648,-0.09713599656989967,EXP_LGBModel_Alpha158_csi300_custom_step0_s_20260729_13,bea6971f21d0492b8b5f5debad8500ee,0.053,,,
5266,2026-07-29,SZ002625,-0.056328812345148374,EXP_LGBModel_Alpha158_csi300_custom_step0_s_20260729_13,bea6971f21d0492b8b5f5debad8500ee,0.053,,,
5267,2026-07-29,SZ002602,-0.03133441042901087,EXP_LGBModel_Alpha158_csi300_custom_step0_s_20260729_13,bea6971f21d0492b8b5f5debad8500ee,0.053,,,
5268,2026-07-29,SZ002600,0.01344286910787268,EXP_LGBModel_Alpha158_csi300_custom_step0_s_20260729_13,bea6971f21d0492b8b5f5debad8500ee,0.053,,,
5269,2026-07-29,SZ002594,-0.006397142639419138,EXP_LGBModel_Alpha158_csi300_custom_step0_s_20260729_13,bea6971f21d0492b8b5f5debad8500ee,0.053,,,
5270,2026-07-29,SZ002558,0.17582629298132313,EXP_LGBModel_Alpha158_csi300_custom_step0_s_20260729_13,bea6971f21d0492b8b5f5debad8500ee,0.053,,,
5271,2026-07-29,SZ002493,-0.0826212121349277,EXP_LGBModel_Alpha158_csi300_custom_step0_s_20260729_13,bea6971f21d0492b8b5f5debad8500ee,0.053,,,
5272,2026-07-29,SZ300059,-0.03019259751140825,EXP_LGBModel_Alpha158_csi300_custom_step0_s_20260729_13,bea6971f21d0492b8b5f5debad8500ee,0.053,,,
5273,2026-07-29,SZ002049,-0.0462274083680157,EXP_LGBModel_Alpha158_csi300_custom_step0_s_20260729_13,bea6971f21d0492b8b5f5debad8500ee,0.053,,,
5274,2026-07-29,SZ002027,-0.006877620871564695,EXP_LGBModel_Alpha158_csi300_custom_step0_s_20260729_13,bea6971f21d0492b8b5f5debad8500ee,0.053,,,
5275,2026-07-29,SZ000630,-0.061523746612632615,EXP_LGBModel_Alpha158_csi300_custom_step0_s_20260729_13,bea6971f21d0492b8b5f5debad8500ee,0.053,,,
5276,2026-07-29,SZ000625,0.006818926096604951,EXP_LGBModel_Alpha158_csi300_custom_step0_s_20260729_13,bea6971f21d0492b8b5f5debad8500ee,0.053,,,
5277,2026-07-29,SZ000617,0.010437710029494594,EXP_LGBModel_Alpha158_csi300_custom_step0_s_20260729_13,bea6971f21d0492b8b5f5debad8500ee,0.053,,,
5278,2026-07-29,SZ000596,-0.051797774007530925,EXP_LGBModel_Alpha158_csi300_custom_step0_s_20260729_13,bea6971f21d0492b8b5f5debad8500ee,0.053,,,
5279,2026-07-29,SZ000568,-0.012419886023530124,EXP_LGBModel_Alpha158_csi300_custom_step0_s_20260729_13,bea6971f21d0492b8b5f5debad8500ee,0.053,,,
5280,2026-07-29,SZ000538,0.022646883130415536,EXP_LGBModel_Alpha158_csi300_custom_step0_s_20260729_13,bea6971f21d0492b8b5f5debad8500ee,0.053,,,
5281,2026-07-29,SZ000425,0.0054720676511892065,EXP_LGBModel_Alpha158_csi300_custom_step0_s_20260729_13,bea6971f21d0492b8b5f5debad8500ee,0.053,,,
5282,2026-07-29,SZ000408,-0.0377706741262321,EXP_LGBModel_Alpha158_csi300_custom_step0_s_20260729_13,bea6971f21d0492b8b5f5debad8500ee,0.053,,,
5283,2026-07-29,SZ000338,0.040992720972260366,EXP_LGBModel_Alpha158_csi300_custom_step0_s_20260729_13,bea6971f21d0492b8b5f5debad8500ee,0.053,,,
5284,2026-07-29,SZ000333,0.03194922066858091,EXP_LGBModel_Alpha158_csi300_custom_step0_s_20260729_13,bea6971f21d0492b8b5f5debad8500ee,0.053,,,
5285,2026-07-29,SZ000301,-0.09027429729384309,EXP_LGBModel_Alpha158_csi300_custom_step0_s_20260729_13,bea6971f21d0492b8b5f5debad8500ee,0.053,,,
5286,2026-07-29,SZ000166,0.04663539203197608,EXP_LGBModel_Alpha158_csi300_custom_step0_s_20260729_13,bea6971f21d0492b8b5f5debad8500ee,0.053,,,
5287,2026-07-29,SZ000157,-0.0061485540647330346,EXP_LGBModel_Alpha158_csi300_custom_step0_s_20260729_13,bea6971f21d0492b8b5f5debad8500ee,0.053,,,
5288,2026-07-29,SZ000100,-0.11096723619934931,EXP_LGBModel_Alpha158_csi300_custom_step0_s_20260729_13,bea6971f21d0492b8b5f5debad8500ee,0.053,,,
5289,2026-07-29,SZ000063,-0.13086370135664888,EXP_LGBModel_Alpha158_csi300_custom_step0_s_20260729_13,bea6971f21d0492b8b5f5debad8500ee,0.053,,,
5290,2026-07-29,SZ000002,-0.00465634461463223,EXP_LGBModel_Alpha158_csi300_custom_step0_s_20260729_13,bea6971f21d0492b8b5f5debad8500ee,0.053,,,
5291,2026-07-29,SZ000001,0.04694578574490579,EXP_LGBModel_Alpha158_csi300_custom_step0_s_20260729_13,bea6971f21d0492b8b5f5debad8500ee,0.053,,,
5292,2026-07-29,SZ000651,0.07041818072993354,EXP_LGBModel_Alpha158_csi300_custom_step0_s_20260729_13,bea6971f21d0492b8b5f5debad8500ee,0.053,,,
5293,2026-07-29,SZ002028,-0.07875880728200708,EXP_LGBModel_Alpha158_csi300_custom_step0_s_20260729_13,bea6971f21d0492b8b5f5debad8500ee,0.053,,,
5294,2026-07-29,SZ000657,0.03063506965308356,EXP_LGBModel_Alpha158_csi300_custom_step0_s_20260729_13,bea6971f21d0492b8b5f5debad8500ee,0.053,,,
5295,2026-07-29,SZ000725,-0.039257737772114124,EXP_LGBModel_Alpha158_csi300_custom_step0_s_20260729_13,bea6971f21d0492b8b5f5debad8500ee,0.053,,,
5296,2026-07-29,SZ002001,-0.03512203799033001,EXP_LGBModel_Alpha158_csi300_custom_step0_s_20260729_13,bea6971f21d0492b8b5f5debad8500ee,0.053,,,
5297,2026-07-29,SZ001979,0.04154511946982851,EXP_LGBModel_Alpha158_csi300_custom_step0_s_20260729_13,bea6971f21d0492b8b5f5debad8500ee,0.053,,,
5298,2026-07-29,SZ001965,0.0022137778817962984,EXP_LGBModel_Alpha158_csi300_custom_step0_s_20260729_13,bea6971f21d0492b8b5f5debad8500ee,0.053,,,
5299,2026-07-29,SZ001391,0.035170672873139866,EXP_LGBModel_Alpha158_csi300_custom_step0_s_20260729_13,bea6971f21d0492b8b5f5debad8500ee,0.053,,,
5300,2026-07-29,SZ001280,0.031163270093886617,EXP_LGBModel_Alpha158_csi300_custom_step0_s_20260729_13,bea6971f21d0492b8b5f5debad8500ee,0.053,,,
5301,2026-07-29,SZ000999,0.05356045330102296,EXP_LGBModel_Alpha158_csi300_custom_step0_s_20260729_13,bea6971f21d0492b8b5f5debad8500ee,0.053,,,
5302,2026-07-29,SZ000988,0.02207478462759202,EXP_LGBModel_Alpha158_csi300_custom_step0_s_20260729_13,bea6971f21d0492b8b5f5debad8500ee,0.053,,,
5303,2026-07-29,SZ000977,0.05189895943573842,EXP_LGBModel_Alpha158_csi300_custom_step0_s_20260729_13,bea6971f21d0492b8b5f5debad8500ee,0.053,,,
5304,2026-07-29,SZ000975,-0.015338687854432225,EXP_LGBModel_Alpha158_csi300_custom_step0_s_20260729_13,bea6971f21d0492b8b5f5debad8500ee,0.053,,,
5305,2026-07-29,SZ000963,-0.03460264119527722,EXP_LGBModel_Alpha158_csi300_custom_step0_s_20260729_13,bea6971f21d0492b8b5f5debad8500ee,0.053,,,
5306,2026-07-29,SZ000938,0.04790019896686216,EXP_LGBModel_Alpha158_csi300_custom_step0_s_20260729_13,bea6971f21d0492b8b5f5debad8500ee,0.053,,,
5307,2026-07-29,SZ000895,0.0003471066989750919,EXP_LGBModel_Alpha158_csi300_custom_step0_s_20260729_13,bea6971f21d0492b8b5f5debad8500ee,0.053,,,
5308,2026-07-29,SZ000858,0.0080262093475029,EXP_LGBModel_Alpha158_csi300_custom_step0_s_20260729_13,bea6971f21d0492b8b5f5debad8500ee,0.053,,,
5309,2026-07-29,SZ000807,0.009341927139361163,EXP_LGBModel_Alpha158_csi300_custom_step0_s_20260729_13,bea6971f21d0492b8b5f5debad8500ee,0.053,,,
5310,2026-07-29,SZ000792,-0.041344294755899846,EXP_LGBModel_Alpha158_csi300_custom_step0_s_20260729_13,bea6971f21d0492b8b5f5debad8500ee,0.053,,,
5311,2026-07-29,SZ000776,-0.1269261660111298,EXP_LGBModel_Alpha158_csi300_custom_step0_s_20260729_13,bea6971f21d0492b8b5f5debad8500ee,0.053,,,
5312,2026-07-29,SZ000768,0.02217602859096386,EXP_LGBModel_Alpha158_csi300_custom_step0_s_20260729_13,bea6971f21d0492b8b5f5debad8500ee,0.053,,,
5313,2026-07-29,SZ000708,-0.014699426282520604,EXP_LGBModel_Alpha158_csi300_custom_step0_s_20260729_13,bea6971f21d0492b8b5f5debad8500ee,0.053,,,
5314,2026-07-29,SZ300122,-0.01695396625183323,EXP_LGBModel_Alpha158_csi300_custom_step0_s_20260729_13,bea6971f21d0492b8b5f5debad8500ee,0.053,,,
5315,2026-07-29,SZ300124,0.0067402881571375925,EXP_LGBModel_Alpha158_csi300_custom_step0_s_20260729_13,bea6971f21d0492b8b5f5debad8500ee,0.053,,,
5316,2026-07-29,SZ300251,-0.048089932473566056,EXP_LGBModel_Alpha158_csi300_custom_step0_s_20260729_13,bea6971f21d0492b8b5f5debad8500ee,0.053,,,
5317,2026-07-29,SH600188,0.0024365886678745833,EXP_LGBModel_Alpha158_csi300_custom_step0_s_20260729_13,cf68003418734499bf0d0bd4ca1e8057,0.061,,,
5318,2026-07-29,SH600183,0.009354996668904174,EXP_LGBModel_Alpha158_csi300_custom_step0_s_20260729_13,cf68003418734499bf0d0bd4ca1e8057,0.061,,,
5319,2026-07-29,SH600176,0.0014945581260691326,EXP_LGBModel_Alpha158_csi300_custom_step0_s_20260729_13,cf68003418734499bf0d0bd4ca1e8057,0.061,,,
5320,2026-07-29,SH600160,-0.08763347160436331,EXP_LGBModel_Alpha158_csi300_custom_step0_s_20260729_13,cf68003418734499bf0d0bd4ca1e8057,0.061,,,
5321,2026-07-29,SH600150,-0.0011831169874750858,EXP_LGBModel_Alpha158_csi300_custom_step0_s_20260729_13,cf68003418734499bf0d0bd4ca1e8057,0.061,,,
5322,2026-07-29,SH600118,0.0012356295998105348,EXP_LGBModel_Alpha158_csi300_custom_step0_s_20260729_13,cf68003418734499bf0d0bd4ca1e8057,0.061,,,
5323,2026-07-29,SH600115,-0.007739286710524488,EXP_LGBModel_Alpha158_csi300_custom_step0_s_20260729_13,cf68003418734499bf0d0bd4ca1e8057,0.061,,,
5324,2026-07-29,SH600111,-0.005223352291729478,EXP_LGBModel_Alpha158_csi300_custom_step0_s_20260729_13,cf68003418734499bf0d0bd4ca1e8057,0.061,,,
5325,2026-07-29,SH600104,0.0031628135070643514,EXP_LGBModel_Alpha158_csi300_custom_step0_s_20260729_13,cf68003418734499bf0d0bd4ca1e8057,0.061,,,
5326,2026-07-29,SH600089,-0.013652930871438049,EXP_LGBModel_Alpha158_csi300_custom_step0_s_20260729_13,cf68003418734499bf0d0bd4ca1e8057,0.061,,,
5327,2026-07-29,SH600085,-0.012988563792037304,EXP_LGBModel_Alpha158_csi300_custom_step0_s_20260729_13,cf68003418734499bf0d0bd4ca1e8057,0.061,,,
5328,2026-07-29,SH600066,-0.005192534778907763,EXP_LGBModel_Alpha158_csi300_custom_step0_s_20260729_13,cf68003418734499bf0d0bd4ca1e8057,0.061,,,
5329,2026-07-29,SH600061,0.02242638480354639,EXP_LGBModel_Alpha158_csi300_custom_step0_s_20260729_13,cf68003418734499bf0d0bd4ca1e8057,0.061,,,
5330,2026-07-29,SH600050,0.015260589129358638,EXP_LGBModel_Alpha158_csi300_custom_step0_s_20260729_13,cf68003418734499bf0d0bd4ca1e8057,0.061,,,
5331,2026-07-29,SH600048,0.004165715586466977,EXP_LGBModel_Alpha158_csi300_custom_step0_s_20260729_13,cf68003418734499bf0d0bd4ca1e8057,0.061,,,
5332,2026-07-29,SH600039,0.01765064757118359,EXP_LGBModel_Alpha158_csi300_custom_step0_s_20260729_13,cf68003418734499bf0d0bd4ca1e8057,0.061,,,
5333,2026-07-29,SH600036,0.03264319591567649,EXP_LGBModel_Alpha158_csi300_custom_step0_s_20260729_13,cf68003418734499bf0d0bd4ca1e8057,0.061,,,
5334,2026-07-29,SH600196,-0.023147579917831264,EXP_LGBModel_Alpha158_csi300_custom_step0_s_20260729_13,cf68003418734499bf0d0bd4ca1e8057,0.061,,,
5335,2026-07-29,SH600031,-0.09056901890242562,EXP_LGBModel_Alpha158_csi300_custom_step0_s_20260729_13,cf68003418734499bf0d0bd4ca1e8057,0.061,,,
5336,2026-07-29,SH600219,-0.006366231921287242,EXP_LGBModel_Alpha158_csi300_custom_step0_s_20260729_13,cf68003418734499bf0d0bd4ca1e8057,0.061,,,
5337,2026-07-29,SH600233,-0.0019692880309321974,EXP_LGBModel_Alpha158_csi300_custom_step0_s_20260729_13,cf68003418734499bf0d0bd4ca1e8057,0.061,,,
5338,2026-07-29,SH600547,-0.03348763127338509,EXP_LGBModel_Alpha158_csi300_custom_step0_s_20260729_13,cf68003418734499bf0d0bd4ca1e8057,0.061,,,
5339,2026-07-29,SH600522,-0.003327607970167687,EXP_LGBModel_Alpha158_csi300_custom_step0_s_20260729_13,cf68003418734499bf0d0bd4ca1e8057,0.061,,,
5340,2026-07-29,SH600519,0.018766072405966665,EXP_LGBModel_Alpha158_csi300_custom_step0_s_20260729_13,cf68003418734499bf0d0bd4ca1e8057,0.061,,,
5341,2026-07-29,SH600515,0.03724293650132074,EXP_LGBModel_Alpha158_csi300_custom_step0_s_20260729_13,cf68003418734499bf0d0bd4ca1e8057,0.061,,,
5342,2026-07-29,SH600489,-0.0323941652110428,EXP_LGBModel_Alpha158_csi300_custom_step0_s_20260729_13,cf68003418734499bf0d0bd4ca1e8057,0.061,,,
5343,2026-07-29,SH600482,-0.019003631436642104,EXP_LGBModel_Alpha158_csi300_custom_step0_s_20260729_13,cf68003418734499bf0d0bd4ca1e8057,0.061,,,
5344,2026-07-29,SH600460,0.008367938959926229,EXP_LGBModel_Alpha158_csi300_custom_step0_s_20260729_13,cf68003418734499bf0d0bd4ca1e8057,0.061,,,
5345,2026-07-29,SH600438,-0.013883632671816798,EXP_LGBModel_Alpha158_csi300_custom_step0_s_20260729_13,cf68003418734499bf0d0bd4ca1e8057,0.061,,,
5346,2026-07-29,SH600436,-0.018863458297699292,EXP_LGBModel_Alpha158_csi300_custom_step0_s_20260729_13,cf68003418734499bf0d0bd4ca1e8057,0.061,,,
5347,2026-07-29,SH600426,-0.04724043848767335,EXP_LGBModel_Alpha158_csi300_custom_step0_s_20260729_13,cf68003418734499bf0d0bd4ca1e8057,0.061,,,
5348,2026-07-29,SH600415,-0.03442584524652352,EXP_LGBModel_Alpha158_csi300_custom_step0_s_20260729_13,cf68003418734499bf0d0bd4ca1e8057,0.061,,,
5349,2026-07-29,SH600406,-0.03478054414904064,EXP_LGBModel_Alpha158_csi300_custom_step0_s_20260729_13,cf68003418734499bf0d0bd4ca1e8057,0.061,,,
5350,2026-07-29,SH600372,0.04812286932356753,EXP_LGBModel_Alpha158_csi300_custom_step0_s_20260729_13,cf68003418734499bf0d0bd4ca1e8057,0.061,,,
5351,2026-07-29,SH600362,-0.047025498090887526,EXP_LGBModel_Alpha158_csi300_custom_step0_s_20260729_13,cf68003418734499bf0d0bd4ca1e8057,0.061,,,
5352,2026-07-29,SH600346,-0.03679184776603611,EXP_LGBModel_Alpha158_csi300_custom_step0_s_20260729_13,cf68003418734499bf0d0bd4ca1e8057,0.061,,,
5353,2026-07-29,SH600309,-0.03511947216903853,EXP_LGBModel_Alpha158_csi300_custom_step0_s_20260729_13,cf68003418734499bf0d0bd4ca1e8057,0.061,,,
5354,2026-07-29,SH600276,-0.08072474949387155,EXP_LGBModel_Alpha158_csi300_custom_step0_s_20260729_13,cf68003418734499bf0d0bd4ca1e8057,0.061,,,
5355,2026-07-29,SH600221,0.013012526191146512,EXP_LGBModel_Alpha158_csi300_custom_step0_s_20260729_13,cf68003418734499bf0d0bd4ca1e8057,0.061,,,
5356,2026-07-29,SH600030,-0.010520503590899235,EXP_LGBModel_Alpha158_csi300_custom_step0_s_20260729_13,cf68003418734499bf0d0bd4ca1e8057,0.061,,,
5357,2026-07-29,SH600029,0.013170810800529056,EXP_LGBModel_Alpha158_csi300_custom_step0_s_20260729_13,cf68003418734499bf0d0bd4ca1e8057,0.061,,,
5358,2026-07-29,SH600028,0.02696701198047928,EXP_LGBModel_Alpha158_csi300_custom_step0_s_20260729_13,cf68003418734499bf0d0bd4ca1e8057,0.061,,,
5359,2026-07-29,SZ300760,0.011371710458211948,EXP_LGBModel_Alpha158_csi300_custom_step0_s_20260729_13,bea6971f21d0492b8b5f5debad8500ee,0.053,,,
5360,2026-07-29,SZ300750,-0.06251919904802693,EXP_LGBModel_Alpha158_csi300_custom_step0_s_20260729_13,bea6971f21d0492b8b5f5debad8500ee,0.053,,,
5361,2026-07-29,SZ300661,0.018936167533876107,EXP_LGBModel_Alpha158_csi300_custom_step0_s_20260729_13,bea6971f21d0492b8b5f5debad8500ee,0.053,,,
5362,2026-07-29,SZ300628,-0.03263071198489034,EXP_LGBModel_Alpha158_csi300_custom_step0_s_20260729_13,bea6971f21d0492b8b5f5debad8500ee,0.053,,,
5363,2026-07-29,SZ300502,0.02002926770875782,EXP_LGBModel_Alpha158_csi300_custom_step0_s_20260729_13,bea6971f21d0492b8b5f5debad8500ee,0.053,,,
5364,2026-07-29,SZ300498,0.0018641425943659636,EXP_LGBModel_Alpha158_csi300_custom_step0_s_20260729_13,bea6971f21d0492b8b5f5debad8500ee,0.053,,,
5365,2026-07-29,SZ300476,0.05931595066808907,EXP_LGBModel_Alpha158_csi300_custom_step0_s_20260729_13,bea6971f21d0492b8b5f5debad8500ee,0.053,,,
5366,2026-07-29,SZ300450,0.03440232471321053,EXP_LGBModel_Alpha158_csi300_custom_step0_s_20260729_13,bea6971f21d0492b8b5f5debad8500ee,0.053,,,
5367,2026-07-29,SZ300442,0.0210696705417006,EXP_LGBModel_Alpha158_csi300_custom_step0_s_20260729_13,bea6971f21d0492b8b5f5debad8500ee,0.053,,,
5368,2026-07-29,SZ300433,0.0021175214145118595,EXP_LGBModel_Alpha158_csi300_custom_step0_s_20260729_13,bea6971f21d0492b8b5f5debad8500ee,0.053,,,
5369,2026-07-29,SZ300418,-0.03537456465373945,EXP_LGBModel_Alpha158_csi300_custom_step0_s_20260729_13,bea6971f21d0492b8b5f5debad8500ee,0.053,,,
5370,2026-07-29,SZ300413,-0.01446533748424615,EXP_LGBModel_Alpha158_csi300_custom_step0_s_20260729_13,bea6971f21d0492b8b5f5debad8500ee,0.053,,,
5371,2026-07-29,SZ300408,0.02239737146879114,EXP_LGBModel_Alpha158_csi300_custom_step0_s_20260729_13,bea6971f21d0492b8b5f5debad8500ee,0.053,,,
5372,2026-07-29,SZ300394,0.027144362295128222,EXP_LGBModel_Alpha158_csi300_custom_step0_s_20260729_13,bea6971f21d0492b8b5f5debad8500ee,0.053,,,
5373,2026-07-29,SZ300316,0.022377017942869424,EXP_LGBModel_Alpha158_csi300_custom_step0_s_20260729_13,bea6971f21d0492b8b5f5debad8500ee,0.053,,,
5374,2026-07-29,SZ300308,-0.0005255226947755262,EXP_LGBModel_Alpha158_csi300_custom_step0_s_20260729_13,bea6971f21d0492b8b5f5debad8500ee,0.053,,,
5375,2026-07-29,SZ300274,0.055828543340891455,EXP_LGBModel_Alpha158_csi300_custom_step0_s_20260729_13,bea6971f21d0492b8b5f5debad8500ee,0.053,,,
5376,2026-07-29,SZ300803,-0.0074181275384887,EXP_LGBModel_Alpha158_csi300_custom_step0_s_20260729_13,bea6971f21d0492b8b5f5debad8500ee,0.053,,,
5377,2026-07-29,SZ300832,0.009034687719265223,EXP_LGBModel_Alpha158_csi300_custom_step0_s_20260729_13,bea6971f21d0492b8b5f5debad8500ee,0.053,,,
5378,2026-07-29,SZ300866,0.08297032270005716,EXP_LGBModel_Alpha158_csi300_custom_step0_s_20260729_13,bea6971f21d0492b8b5f5debad8500ee,0.053,,,
5379,2026-07-29,SZ300896,0.08056751494794763,EXP_LGBModel_Alpha158_csi300_custom_step0_s_20260729_13,bea6971f21d0492b8b5f5debad8500ee,0.053,,,
5380,2026-07-29,SH600027,-0.00939735367536547,EXP_LGBModel_Alpha158_csi300_custom_step0_s_20260729_13,cf68003418734499bf0d0bd4ca1e8057,0.061,,,
5381,2026-07-29,SH600026,0.0006821933748185724,EXP_LGBModel_Alpha158_csi300_custom_step0_s_20260729_13,cf68003418734499bf0d0bd4ca1e8057,0.061,,,
5382,2026-07-29,SH600025,0.021291297143598543,EXP_LGBModel_Alpha158_csi300_custom_step0_s_20260729_13,cf68003418734499bf0d0bd4ca1e8057,0.061,,,
5383,2026-07-29,SH600023,0.0066050023441359094,EXP_LGBModel_Alpha158_csi300_custom_step0_s_20260729_13,cf68003418734499bf0d0bd4ca1e8057,0.061,,,
5384,2026-07-29,SH600019,0.0017507289581788377,EXP_LGBModel_Alpha158_csi300_custom_step0_s_20260729_13,cf68003418734499bf0d0bd4ca1e8057,0.061,,,
5385,2026-07-29,SH600018,0.026275618488169703,EXP_LGBModel_Alpha158_csi300_custom_step0_s_20260729_13,cf68003418734499bf0d0bd4ca1e8057,0.061,,,
5386,2026-07-29,SH600016,0.018263835009340493,EXP_LGBModel_Alpha158_csi300_custom_step0_s_20260729_13,cf68003418734499bf0d0bd4ca1e8057,0.061,,,
5387,2026-07-29,SH600015,0.028044649784238946,EXP_LGBModel_Alpha158_csi300_custom_step0_s_20260729_13,cf68003418734499bf0d0bd4ca1e8057,0.061,,,
5388,2026-07-29,SH600570,-0.008520872989652723,EXP_LGBModel_Alpha158_csi300_custom_step0_s_20260729_13,cf68003418734499bf0d0bd4ca1e8057,0.061,,,
5389,2026-07-29,SH600011,-0.015705065617572928,EXP_LGBModel_Alpha158_csi300_custom_step0_s_20260729_13,cf68003418734499bf0d0bd4ca1e8057,0.061,,,
5390,2026-07-29,SH600009,0.004601704194337877,EXP_LGBModel_Alpha158_csi300_custom_step0_s_20260729_13,cf68003418734499bf0d0bd4ca1e8057,0.061,,,
5391,2026-07-29,SH600000,0.0273592679897178,EXP_LGBModel_Alpha158_csi300_custom_step0_s_20260729_13,cf68003418734499bf0d0bd4ca1e8057,0.061,,,
5392,2026-07-29,SZ302132,-0.004870915294371193,EXP_LGBModel_Alpha158_csi300_custom_step0_s_20260729_13,bea6971f21d0492b8b5f5debad8500ee,0.053,,,
5393,2026-07-29,SZ301308,0.015590955096084417,EXP_LGBModel_Alpha158_csi300_custom_step0_s_20260729_13,bea6971f21d0492b8b5f5debad8500ee,0.053,,,
5394,2026-07-29,SZ301269,-0.03656713210223236,EXP_LGBModel_Alpha158_csi300_custom_step0_s_20260729_13,bea6971f21d0492b8b5f5debad8500ee,0.053,,,
5395,2026-07-29,SZ301236,-0.1125568553329053,EXP_LGBModel_Alpha158_csi300_custom_step0_s_20260729_13,bea6971f21d0492b8b5f5debad8500ee,0.053,,,
5396,2026-07-29,SZ301165,0.026667566568138915,EXP_LGBModel_Alpha158_csi300_custom_step0_s_20260729_13,bea6971f21d0492b8b5f5debad8500ee,0.053,,,
5397,2026-07-29,SZ300999,0.028391713844730743,EXP_LGBModel_Alpha158_csi300_custom_step0_s_20260729_13,bea6971f21d0492b8b5f5debad8500ee,0.053,,,
5398,2026-07-29,SH600010,-0.0052961296373382006,EXP_LGBModel_Alpha158_csi300_custom_step0_s_20260729_13,cf68003418734499bf0d0bd4ca1e8057,0.061,,,
5399,2026-07-29,SZ302132,-0.02806318923830986,EXP_XGBModel_Alpha158_csi300_custom_step0_s_20260729_13,c7f464ce2b6940e69d83f2689b297a4e,0.078,,,
