,datetime,instrument,score,exp_name,rid,weight,real_label,error,abs_error
0,2026-07-28,SH600000,0.03241665617933512,EXP_CatBoostModel_Alpha158_csi300_custom_step0_s_20260728_15,ea928f71ed8242369b3276a586d8fa8d,0.047,,,
1,2026-07-28,SZ000630,0.019113026559352875,EXP_LinearModel_Alpha158_csi300_custom_step0_s_20260728_15,91fd0c8edfb24ea5bd39d38885ba0bab,0.05,,,
2,2026-07-28,SZ000625,-0.047738559544086456,EXP_LinearModel_Alpha158_csi300_custom_step0_s_20260728_15,91fd0c8edfb24ea5bd39d38885ba0bab,0.05,,,
3,2026-07-28,SZ000617,-0.05462392792105675,EXP_LinearModel_Alpha158_csi300_custom_step0_s_20260728_15,91fd0c8edfb24ea5bd39d38885ba0bab,0.05,,,
4,2026-07-28,SZ000596,-0.04577479511499405,EXP_LinearModel_Alpha158_csi300_custom_step0_s_20260728_15,91fd0c8edfb24ea5bd39d38885ba0bab,0.05,,,
5,2026-07-28,SZ000568,-0.006014325190335512,EXP_LinearModel_Alpha158_csi300_custom_step0_s_20260728_15,91fd0c8edfb24ea5bd39d38885ba0bab,0.05,,,
6,2026-07-28,SZ000538,-0.008913400582969189,EXP_LinearModel_Alpha158_csi300_custom_step0_s_20260728_15,91fd0c8edfb24ea5bd39d38885ba0bab,0.05,,,
7,2026-07-28,SZ000425,-0.022485148161649704,EXP_LinearModel_Alpha158_csi300_custom_step0_s_20260728_15,91fd0c8edfb24ea5bd39d38885ba0bab,0.05,,,
8,2026-07-28,SZ000408,-0.06282594799995422,EXP_LinearModel_Alpha158_csi300_custom_step0_s_20260728_15,91fd0c8edfb24ea5bd39d38885ba0bab,0.05,,,
9,2026-07-28,SZ000651,0.12782910466194153,EXP_LinearModel_Alpha158_csi300_custom_step0_s_20260728_15,91fd0c8edfb24ea5bd39d38885ba0bab,0.05,,,
10,2026-07-28,SZ000338,-0.01386101171374321,EXP_LinearModel_Alpha158_csi300_custom_step0_s_20260728_15,91fd0c8edfb24ea5bd39d38885ba0bab,0.05,,,
11,2026-07-28,SZ000301,-0.06833627820014954,EXP_LinearModel_Alpha158_csi300_custom_step0_s_20260728_15,91fd0c8edfb24ea5bd39d38885ba0bab,0.05,,,
12,2026-07-28,SZ000166,-0.009821011684834957,EXP_LinearModel_Alpha158_csi300_custom_step0_s_20260728_15,91fd0c8edfb24ea5bd39d38885ba0bab,0.05,,,
13,2026-07-28,SZ000157,-0.02971656620502472,EXP_LinearModel_Alpha158_csi300_custom_step0_s_20260728_15,91fd0c8edfb24ea5bd39d38885ba0bab,0.05,,,
14,2026-07-28,SZ000100,0.0015593348070979118,EXP_LinearModel_Alpha158_csi300_custom_step0_s_20260728_15,91fd0c8edfb24ea5bd39d38885ba0bab,0.05,,,
15,2026-07-28,SZ000063,-0.09915181994438171,EXP_LinearModel_Alpha158_csi300_custom_step0_s_20260728_15,91fd0c8edfb24ea5bd39d38885ba0bab,0.05,,,
16,2026-07-28,SZ000002,-0.06606679409742355,EXP_LinearModel_Alpha158_csi300_custom_step0_s_20260728_15,91fd0c8edfb24ea5bd39d38885ba0bab,0.05,,,
17,2026-07-28,SZ000001,0.05138551816344261,EXP_LinearModel_Alpha158_csi300_custom_step0_s_20260728_15,91fd0c8edfb24ea5bd39d38885ba0bab,0.05,,,
18,2026-07-28,SH688981,-0.014285321347415447,EXP_LinearModel_Alpha158_csi300_custom_step0_s_20260728_15,91fd0c8edfb24ea5bd39d38885ba0bab,0.05,,,
19,2026-07-28,SZ000333,0.043609168380498886,EXP_LinearModel_Alpha158_csi300_custom_step0_s_20260728_15,91fd0c8edfb24ea5bd39d38885ba0bab,0.05,,,
20,2026-07-28,SH688521,0.27223557233810425,EXP_LinearModel_Alpha158_csi300_custom_step0_s_20260728_15,91fd0c8edfb24ea5bd39d38885ba0bab,0.05,,,
21,2026-07-28,SZ000657,0.3835177421569824,EXP_LinearModel_Alpha158_csi300_custom_step0_s_20260728_15,91fd0c8edfb24ea5bd39d38885ba0bab,0.05,,,
22,2026-07-28,SZ000725,0.2845926284790039,EXP_LinearModel_Alpha158_csi300_custom_step0_s_20260728_15,91fd0c8edfb24ea5bd39d38885ba0bab,0.05,,,
23,2026-07-28,SZ002027,0.07262783497571945,EXP_LinearModel_Alpha158_csi300_custom_step0_s_20260728_15,91fd0c8edfb24ea5bd39d38885ba0bab,0.05,,,
24,2026-07-28,SZ002001,-0.11684440076351166,EXP_LinearModel_Alpha158_csi300_custom_step0_s_20260728_15,91fd0c8edfb24ea5bd39d38885ba0bab,0.05,,,
25,2026-07-28,SZ001979,0.06718841195106506,EXP_LinearModel_Alpha158_csi300_custom_step0_s_20260728_15,91fd0c8edfb24ea5bd39d38885ba0bab,0.05,,,
26,2026-07-28,SZ001965,-0.052061211317777634,EXP_LinearModel_Alpha158_csi300_custom_step0_s_20260728_15,91fd0c8edfb24ea5bd39d38885ba0bab,0.05,,,
27,2026-07-28,SZ001391,0.04961585998535156,EXP_LinearModel_Alpha158_csi300_custom_step0_s_20260728_15,91fd0c8edfb24ea5bd39d38885ba0bab,0.05,,,
28,2026-07-28,SZ001280,0.04008214920759201,EXP_LinearModel_Alpha158_csi300_custom_step0_s_20260728_15,91fd0c8edfb24ea5bd39d38885ba0bab,0.05,,,
29,2026-07-28,SZ000999,-0.06630165129899979,EXP_LinearModel_Alpha158_csi300_custom_step0_s_20260728_15,91fd0c8edfb24ea5bd39d38885ba0bab,0.05,,,
30,2026-07-28,SZ000988,0.37091174721717834,EXP_LinearModel_Alpha158_csi300_custom_step0_s_20260728_15,91fd0c8edfb24ea5bd39d38885ba0bab,0.05,,,
31,2026-07-28,SZ000708,-0.05125477537512779,EXP_LinearModel_Alpha158_csi300_custom_step0_s_20260728_15,91fd0c8edfb24ea5bd39d38885ba0bab,0.05,,,
32,2026-07-28,SZ000977,-0.03457905724644661,EXP_LinearModel_Alpha158_csi300_custom_step0_s_20260728_15,91fd0c8edfb24ea5bd39d38885ba0bab,0.05,,,
33,2026-07-28,SZ000963,-0.111501045525074,EXP_LinearModel_Alpha158_csi300_custom_step0_s_20260728_15,91fd0c8edfb24ea5bd39d38885ba0bab,0.05,,,
34,2026-07-28,SZ000938,-0.187879279255867,EXP_LinearModel_Alpha158_csi300_custom_step0_s_20260728_15,91fd0c8edfb24ea5bd39d38885ba0bab,0.05,,,
35,2026-07-28,SZ000895,0.05941725894808769,EXP_LinearModel_Alpha158_csi300_custom_step0_s_20260728_15,91fd0c8edfb24ea5bd39d38885ba0bab,0.05,,,
36,2026-07-28,SZ000858,-0.04118766635656357,EXP_LinearModel_Alpha158_csi300_custom_step0_s_20260728_15,91fd0c8edfb24ea5bd39d38885ba0bab,0.05,,,
37,2026-07-28,SZ000807,-0.12266700714826584,EXP_LinearModel_Alpha158_csi300_custom_step0_s_20260728_15,91fd0c8edfb24ea5bd39d38885ba0bab,0.05,,,
38,2026-07-28,SZ000792,-0.0431504026055336,EXP_LinearModel_Alpha158_csi300_custom_step0_s_20260728_15,91fd0c8edfb24ea5bd39d38885ba0bab,0.05,,,
39,2026-07-28,SZ000776,0.0042688557878136635,EXP_LinearModel_Alpha158_csi300_custom_step0_s_20260728_15,91fd0c8edfb24ea5bd39d38885ba0bab,0.05,,,
40,2026-07-28,SZ000768,0.04375236853957176,EXP_LinearModel_Alpha158_csi300_custom_step0_s_20260728_15,91fd0c8edfb24ea5bd39d38885ba0bab,0.05,,,
41,2026-07-28,SZ000975,-0.19901058077812195,EXP_LinearModel_Alpha158_csi300_custom_step0_s_20260728_15,91fd0c8edfb24ea5bd39d38885ba0bab,0.05,,,
42,2026-07-28,SH688506,-0.03395957872271538,EXP_LinearModel_Alpha158_csi300_custom_step0_s_20260728_15,91fd0c8edfb24ea5bd39d38885ba0bab,0.05,,,
43,2026-07-28,SH688472,0.03164707496762276,EXP_LinearModel_Alpha158_csi300_custom_step0_s_20260728_15,91fd0c8edfb24ea5bd39d38885ba0bab,0.05,,,
44,2026-07-28,SH688396,0.22772301733493805,EXP_LinearModel_Alpha158_csi300_custom_step0_s_20260728_15,91fd0c8edfb24ea5bd39d38885ba0bab,0.05,,,
45,2026-07-28,SH603369,0.022565048187971115,EXP_LinearModel_Alpha158_csi300_custom_step0_s_20260728_15,91fd0c8edfb24ea5bd39d38885ba0bab,0.05,,,
46,2026-07-28,SH603296,-0.15868529677391052,EXP_LinearModel_Alpha158_csi300_custom_step0_s_20260728_15,91fd0c8edfb24ea5bd39d38885ba0bab,0.05,,,
47,2026-07-28,SH603288,-0.000705203041434288,EXP_LinearModel_Alpha158_csi300_custom_step0_s_20260728_15,91fd0c8edfb24ea5bd39d38885ba0bab,0.05,,,
48,2026-07-28,SH603260,0.19113880395889282,EXP_LinearModel_Alpha158_csi300_custom_step0_s_20260728_15,91fd0c8edfb24ea5bd39d38885ba0bab,0.05,,,
49,2026-07-28,SH603259,-0.021025370806455612,EXP_LinearModel_Alpha158_csi300_custom_step0_s_20260728_15,91fd0c8edfb24ea5bd39d38885ba0bab,0.05,,,
50,2026-07-28,SH603019,0.01259123720228672,EXP_LinearModel_Alpha158_csi300_custom_step0_s_20260728_15,91fd0c8edfb24ea5bd39d38885ba0bab,0.05,,,
51,2026-07-28,SH601998,0.019304350018501282,EXP_LinearModel_Alpha158_csi300_custom_step0_s_20260728_15,91fd0c8edfb24ea5bd39d38885ba0bab,0.05,,,
52,2026-07-28,SH601995,-0.0070560951717197895,EXP_LinearModel_Alpha158_csi300_custom_step0_s_20260728_15,91fd0c8edfb24ea5bd39d38885ba0bab,0.05,,,
53,2026-07-28,SH603392,-0.08569886535406113,EXP_LinearModel_Alpha158_csi300_custom_step0_s_20260728_15,91fd0c8edfb24ea5bd39d38885ba0bab,0.05,,,
54,2026-07-28,SH601988,0.03557206317782402,EXP_LinearModel_Alpha158_csi300_custom_step0_s_20260728_15,91fd0c8edfb24ea5bd39d38885ba0bab,0.05,,,
55,2026-07-28,SH601939,0.016098862513899803,EXP_LinearModel_Alpha158_csi300_custom_step0_s_20260728_15,91fd0c8edfb24ea5bd39d38885ba0bab,0.05,,,
56,2026-07-28,SH601919,-0.004749630577862263,EXP_LinearModel_Alpha158_csi300_custom_step0_s_20260728_15,91fd0c8edfb24ea5bd39d38885ba0bab,0.05,,,
57,2026-07-28,SH601916,0.0751771628856659,EXP_LinearModel_Alpha158_csi300_custom_step0_s_20260728_15,91fd0c8edfb24ea5bd39d38885ba0bab,0.05,,,
58,2026-07-28,SH601901,0.006455749738961458,EXP_LinearModel_Alpha158_csi300_custom_step0_s_20260728_15,91fd0c8edfb24ea5bd39d38885ba0bab,0.05,,,
59,2026-07-28,SH601899,-0.09082497656345367,EXP_LinearModel_Alpha158_csi300_custom_step0_s_20260728_15,91fd0c8edfb24ea5bd39d38885ba0bab,0.05,,,
60,2026-07-28,SH601898,-0.15369901061058044,EXP_LinearModel_Alpha158_csi300_custom_step0_s_20260728_15,91fd0c8edfb24ea5bd39d38885ba0bab,0.05,,,
61,2026-07-28,SH601888,-0.03386653587222099,EXP_LinearModel_Alpha158_csi300_custom_step0_s_20260728_15,91fd0c8edfb24ea5bd39d38885ba0bab,0.05,,,
62,2026-07-28,SH601881,0.01281446311622858,EXP_LinearModel_Alpha158_csi300_custom_step0_s_20260728_15,91fd0c8edfb24ea5bd39d38885ba0bab,0.05,,,
63,2026-07-28,SH601985,0.06584181636571884,EXP_LinearModel_Alpha158_csi300_custom_step0_s_20260728_15,91fd0c8edfb24ea5bd39d38885ba0bab,0.05,,,
64,2026-07-28,SH603501,-0.06664999574422836,EXP_LinearModel_Alpha158_csi300_custom_step0_s_20260728_15,91fd0c8edfb24ea5bd39d38885ba0bab,0.05,,,
65,2026-07-28,SH603799,0.03268400952219963,EXP_LinearModel_Alpha158_csi300_custom_step0_s_20260728_15,91fd0c8edfb24ea5bd39d38885ba0bab,0.05,,,
66,2026-07-28,SH603893,0.008704997599124908,EXP_LinearModel_Alpha158_csi300_custom_step0_s_20260728_15,91fd0c8edfb24ea5bd39d38885ba0bab,0.05,,,
67,2026-07-28,SH688303,-0.011548077687621117,EXP_LinearModel_Alpha158_csi300_custom_step0_s_20260728_15,91fd0c8edfb24ea5bd39d38885ba0bab,0.05,,,
68,2026-07-28,SH688271,-0.09278631210327148,EXP_LinearModel_Alpha158_csi300_custom_step0_s_20260728_15,91fd0c8edfb24ea5bd39d38885ba0bab,0.05,,,
69,2026-07-28,SH688256,-0.07110943645238876,EXP_LinearModel_Alpha158_csi300_custom_step0_s_20260728_15,91fd0c8edfb24ea5bd39d38885ba0bab,0.05,,,
70,2026-07-28,SH688223,0.06263905763626099,EXP_LinearModel_Alpha158_csi300_custom_step0_s_20260728_15,91fd0c8edfb24ea5bd39d38885ba0bab,0.05,,,
71,2026-07-28,SH688183,0.12495468556880951,EXP_LinearModel_Alpha158_csi300_custom_step0_s_20260728_15,91fd0c8edfb24ea5bd39d38885ba0bab,0.05,,,
72,2026-07-28,SH688126,0.21108458936214447,EXP_LinearModel_Alpha158_csi300_custom_step0_s_20260728_15,91fd0c8edfb24ea5bd39d38885ba0bab,0.05,,,
73,2026-07-28,SH688111,-0.06245768442749977,EXP_LinearModel_Alpha158_csi300_custom_step0_s_20260728_15,91fd0c8edfb24ea5bd39d38885ba0bab,0.05,,,
74,2026-07-28,SH688082,0.13552255928516388,EXP_LinearModel_Alpha158_csi300_custom_step0_s_20260728_15,91fd0c8edfb24ea5bd39d38885ba0bab,0.05,,,
75,2026-07-28,SH688072,,EXP_LinearModel_Alpha158_csi300_custom_step0_s_20260728_15,91fd0c8edfb24ea5bd39d38885ba0bab,0.05,,,
76,2026-07-28,SH688047,0.2222898304462433,EXP_LinearModel_Alpha158_csi300_custom_step0_s_20260728_15,91fd0c8edfb24ea5bd39d38885ba0bab,0.05,,,
77,2026-07-28,SH688041,-0.004748129285871983,EXP_LinearModel_Alpha158_csi300_custom_step0_s_20260728_15,91fd0c8edfb24ea5bd39d38885ba0bab,0.05,,,
78,2026-07-28,SH688036,0.04661520570516586,EXP_LinearModel_Alpha158_csi300_custom_step0_s_20260728_15,91fd0c8edfb24ea5bd39d38885ba0bab,0.05,,,
79,2026-07-28,SH688012,-0.001116996631026268,EXP_LinearModel_Alpha158_csi300_custom_step0_s_20260728_15,91fd0c8edfb24ea5bd39d38885ba0bab,0.05,,,
80,2026-07-28,SH688009,0.022934341803193092,EXP_LinearModel_Alpha158_csi300_custom_step0_s_20260728_15,91fd0c8edfb24ea5bd39d38885ba0bab,0.05,,,
81,2026-07-28,SH688008,0.040972039103507996,EXP_LinearModel_Alpha158_csi300_custom_step0_s_20260728_15,91fd0c8edfb24ea5bd39d38885ba0bab,0.05,,,
82,2026-07-28,SH605499,-0.0023012314923107624,EXP_LinearModel_Alpha158_csi300_custom_step0_s_20260728_15,91fd0c8edfb24ea5bd39d38885ba0bab,0.05,,,
83,2026-07-28,SH605117,0.06804808974266052,EXP_LinearModel_Alpha158_csi300_custom_step0_s_20260728_15,91fd0c8edfb24ea5bd39d38885ba0bab,0.05,,,
84,2026-07-28,SH603993,-0.06585155427455902,EXP_LinearModel_Alpha158_csi300_custom_step0_s_20260728_15,91fd0c8edfb24ea5bd39d38885ba0bab,0.05,,,
85,2026-07-28,SH603986,0.4249158501625061,EXP_LinearModel_Alpha158_csi300_custom_step0_s_20260728_15,91fd0c8edfb24ea5bd39d38885ba0bab,0.05,,,
86,2026-07-28,SZ002028,-0.012806465849280357,EXP_LinearModel_Alpha158_csi300_custom_step0_s_20260728_15,91fd0c8edfb24ea5bd39d38885ba0bab,0.05,,,
87,2026-07-28,SH601878,0.026201477274298668,EXP_LinearModel_Alpha158_csi300_custom_step0_s_20260728_15,91fd0c8edfb24ea5bd39d38885ba0bab,0.05,,,
88,2026-07-28,SZ002049,0.16821154952049255,EXP_LinearModel_Alpha158_csi300_custom_step0_s_20260728_15,91fd0c8edfb24ea5bd39d38885ba0bab,0.05,,,
89,2026-07-28,SZ002074,-0.05747086554765701,EXP_LinearModel_Alpha158_csi300_custom_step0_s_20260728_15,91fd0c8edfb24ea5bd39d38885ba0bab,0.05,,,
90,2026-07-28,SZ300999,0.008970140479505062,EXP_LinearModel_Alpha158_csi300_custom_step0_s_20260728_15,91fd0c8edfb24ea5bd39d38885ba0bab,0.05,,,
91,2026-07-28,SZ300896,-0.033021535724401474,EXP_LinearModel_Alpha158_csi300_custom_step0_s_20260728_15,91fd0c8edfb24ea5bd39d38885ba0bab,0.05,,,
92,2026-07-28,SZ300866,-0.038011334836483,EXP_LinearModel_Alpha158_csi300_custom_step0_s_20260728_15,91fd0c8edfb24ea5bd39d38885ba0bab,0.05,,,
93,2026-07-28,SZ300832,-0.018318310379981995,EXP_LinearModel_Alpha158_csi300_custom_step0_s_20260728_15,91fd0c8edfb24ea5bd39d38885ba0bab,0.05,,,
94,2026-07-28,SZ300803,0.1637728363275528,EXP_LinearModel_Alpha158_csi300_custom_step0_s_20260728_15,91fd0c8edfb24ea5bd39d38885ba0bab,0.05,,,
95,2026-07-28,SZ300760,0.018547868356108665,EXP_LinearModel_Alpha158_csi300_custom_step0_s_20260728_15,91fd0c8edfb24ea5bd39d38885ba0bab,0.05,,,
96,2026-07-28,SZ300750,0.025891302153468132,EXP_LinearModel_Alpha158_csi300_custom_step0_s_20260728_15,91fd0c8edfb24ea5bd39d38885ba0bab,0.05,,,
97,2026-07-28,SZ300661,0.04804089665412903,EXP_LinearModel_Alpha158_csi300_custom_step0_s_20260728_15,91fd0c8edfb24ea5bd39d38885ba0bab,0.05,,,
98,2026-07-28,SZ301165,-0.11617447435855865,EXP_LinearModel_Alpha158_csi300_custom_step0_s_20260728_15,91fd0c8edfb24ea5bd39d38885ba0bab,0.05,,,
99,2026-07-28,SZ300628,0.05844370275735855,EXP_LinearModel_Alpha158_csi300_custom_step0_s_20260728_15,91fd0c8edfb24ea5bd39d38885ba0bab,0.05,,,
100,2026-07-28,SZ300498,-0.012600351125001907,EXP_LinearModel_Alpha158_csi300_custom_step0_s_20260728_15,91fd0c8edfb24ea5bd39d38885ba0bab,0.05,,,
101,2026-07-28,SZ300476,0.35689499974250793,EXP_LinearModel_Alpha158_csi300_custom_step0_s_20260728_15,91fd0c8edfb24ea5bd39d38885ba0bab,0.05,,,
102,2026-07-28,SZ300450,0.12885881960391998,EXP_LinearModel_Alpha158_csi300_custom_step0_s_20260728_15,91fd0c8edfb24ea5bd39d38885ba0bab,0.05,,,
103,2026-07-28,SZ300442,0.16688667237758636,EXP_LinearModel_Alpha158_csi300_custom_step0_s_20260728_15,91fd0c8edfb24ea5bd39d38885ba0bab,0.05,,,
104,2026-07-28,SZ300433,0.19702129065990448,EXP_LinearModel_Alpha158_csi300_custom_step0_s_20260728_15,91fd0c8edfb24ea5bd39d38885ba0bab,0.05,,,
105,2026-07-28,SZ300418,0.08275889605283737,EXP_LinearModel_Alpha158_csi300_custom_step0_s_20260728_15,91fd0c8edfb24ea5bd39d38885ba0bab,0.05,,,
106,2026-07-28,SZ300413,-0.05401229485869408,EXP_LinearModel_Alpha158_csi300_custom_step0_s_20260728_15,91fd0c8edfb24ea5bd39d38885ba0bab,0.05,,,
107,2026-07-28,SZ300408,0.36839616298675537,EXP_LinearModel_Alpha158_csi300_custom_step0_s_20260728_15,91fd0c8edfb24ea5bd39d38885ba0bab,0.05,,,
108,2026-07-28,SZ300502,0.09963960200548172,EXP_LinearModel_Alpha158_csi300_custom_step0_s_20260728_15,91fd0c8edfb24ea5bd39d38885ba0bab,0.05,,,
109,2026-07-28,SZ300394,0.2892082631587982,EXP_LinearModel_Alpha158_csi300_custom_step0_s_20260728_15,91fd0c8edfb24ea5bd39d38885ba0bab,0.05,,,
110,2026-07-28,SZ301236,0.06919205188751221,EXP_LinearModel_Alpha158_csi300_custom_step0_s_20260728_15,91fd0c8edfb24ea5bd39d38885ba0bab,0.05,,,
111,2026-07-28,SZ301308,0.5800825953483582,EXP_LinearModel_Alpha158_csi300_custom_step0_s_20260728_15,91fd0c8edfb24ea5bd39d38885ba0bab,0.05,,,
112,2026-07-28,SH600036,0.042808469384908676,EXP_LinearModel_Alpha158_csi300_custom_step0_s_20260728_15,4742b0f1a39c462c8680b4e2285b1d69,0.075,,,
113,2026-07-28,SH600031,0.032805848866701126,EXP_LinearModel_Alpha158_csi300_custom_step0_s_20260728_15,4742b0f1a39c462c8680b4e2285b1d69,0.075,,,
114,2026-07-28,SH600030,-0.06442508101463318,EXP_LinearModel_Alpha158_csi300_custom_step0_s_20260728_15,4742b0f1a39c462c8680b4e2285b1d69,0.075,,,
115,2026-07-28,SH600029,0.002425891812890768,EXP_LinearModel_Alpha158_csi300_custom_step0_s_20260728_15,4742b0f1a39c462c8680b4e2285b1d69,0.075,,,
116,2026-07-28,SH600028,0.08064278960227966,EXP_LinearModel_Alpha158_csi300_custom_step0_s_20260728_15,4742b0f1a39c462c8680b4e2285b1d69,0.075,,,
117,2026-07-28,SH600027,-0.05384817719459534,EXP_LinearModel_Alpha158_csi300_custom_step0_s_20260728_15,4742b0f1a39c462c8680b4e2285b1d69,0.075,,,
118,2026-07-28,SH600026,0.026117373257875443,EXP_LinearModel_Alpha158_csi300_custom_step0_s_20260728_15,4742b0f1a39c462c8680b4e2285b1d69,0.075,,,
119,2026-07-28,SH600025,0.01381614152342081,EXP_LinearModel_Alpha158_csi300_custom_step0_s_20260728_15,4742b0f1a39c462c8680b4e2285b1d69,0.075,,,
120,2026-07-28,SZ301269,0.1537599116563797,EXP_LinearModel_Alpha158_csi300_custom_step0_s_20260728_15,91fd0c8edfb24ea5bd39d38885ba0bab,0.05,,,
121,2026-07-28,SH600023,0.13196738064289093,EXP_LinearModel_Alpha158_csi300_custom_step0_s_20260728_15,4742b0f1a39c462c8680b4e2285b1d69,0.075,,,
122,2026-07-28,SH600018,0.06682608276605606,EXP_LinearModel_Alpha158_csi300_custom_step0_s_20260728_15,4742b0f1a39c462c8680b4e2285b1d69,0.075,,,
123,2026-07-28,SH600016,0.03291997313499451,EXP_LinearModel_Alpha158_csi300_custom_step0_s_20260728_15,4742b0f1a39c462c8680b4e2285b1d69,0.075,,,
124,2026-07-28,SH600015,0.08088964968919754,EXP_LinearModel_Alpha158_csi300_custom_step0_s_20260728_15,4742b0f1a39c462c8680b4e2285b1d69,0.075,,,
125,2026-07-28,SH600011,-0.023728173226118088,EXP_LinearModel_Alpha158_csi300_custom_step0_s_20260728_15,4742b0f1a39c462c8680b4e2285b1d69,0.075,,,
126,2026-07-28,SH600010,-0.02731270343065262,EXP_LinearModel_Alpha158_csi300_custom_step0_s_20260728_15,4742b0f1a39c462c8680b4e2285b1d69,0.075,,,
127,2026-07-28,SH600009,0.009846635162830353,EXP_LinearModel_Alpha158_csi300_custom_step0_s_20260728_15,4742b0f1a39c462c8680b4e2285b1d69,0.075,,,
128,2026-07-28,SH600000,0.001461549662053585,EXP_LinearModel_Alpha158_csi300_custom_step0_s_20260728_15,4742b0f1a39c462c8680b4e2285b1d69,0.075,,,
129,2026-07-28,SZ302132,-0.10363039374351501,EXP_LinearModel_Alpha158_csi300_custom_step0_s_20260728_15,91fd0c8edfb24ea5bd39d38885ba0bab,0.05,,,
130,2026-07-28,SH600019,0.004460275173187256,EXP_LinearModel_Alpha158_csi300_custom_step0_s_20260728_15,4742b0f1a39c462c8680b4e2285b1d69,0.075,,,
131,2026-07-28,SZ300316,0.2504139840602875,EXP_LinearModel_Alpha158_csi300_custom_step0_s_20260728_15,91fd0c8edfb24ea5bd39d38885ba0bab,0.05,,,
132,2026-07-28,SZ300308,0.08917202800512314,EXP_LinearModel_Alpha158_csi300_custom_step0_s_20260728_15,91fd0c8edfb24ea5bd39d38885ba0bab,0.05,,,
133,2026-07-28,SZ300274,0.14587216079235077,EXP_LinearModel_Alpha158_csi300_custom_step0_s_20260728_15,91fd0c8edfb24ea5bd39d38885ba0bab,0.05,,,
134,2026-07-28,SZ002475,0.05315650627017021,EXP_LinearModel_Alpha158_csi300_custom_step0_s_20260728_15,91fd0c8edfb24ea5bd39d38885ba0bab,0.05,,,
135,2026-07-28,SZ002466,0.14434431493282318,EXP_LinearModel_Alpha158_csi300_custom_step0_s_20260728_15,91fd0c8edfb24ea5bd39d38885ba0bab,0.05,,,
136,2026-07-28,SZ002463,0.040083397179841995,EXP_LinearModel_Alpha158_csi300_custom_step0_s_20260728_15,91fd0c8edfb24ea5bd39d38885ba0bab,0.05,,,
137,2026-07-28,SZ002460,0.10242598503828049,EXP_LinearModel_Alpha158_csi300_custom_step0_s_20260728_15,91fd0c8edfb24ea5bd39d38885ba0bab,0.05,,,
138,2026-07-28,SZ002422,-0.02056918852031231,EXP_LinearModel_Alpha158_csi300_custom_step0_s_20260728_15,91fd0c8edfb24ea5bd39d38885ba0bab,0.05,,,
139,2026-07-28,SZ002415,-0.025685179978609085,EXP_LinearModel_Alpha158_csi300_custom_step0_s_20260728_15,91fd0c8edfb24ea5bd39d38885ba0bab,0.05,,,
140,2026-07-28,SZ002384,0.06907208263874054,EXP_LinearModel_Alpha158_csi300_custom_step0_s_20260728_15,91fd0c8edfb24ea5bd39d38885ba0bab,0.05,,,
141,2026-07-28,SZ002371,0.09949003159999847,EXP_LinearModel_Alpha158_csi300_custom_step0_s_20260728_15,91fd0c8edfb24ea5bd39d38885ba0bab,0.05,,,
142,2026-07-28,SZ002493,-0.05544767528772354,EXP_LinearModel_Alpha158_csi300_custom_step0_s_20260728_15,91fd0c8edfb24ea5bd39d38885ba0bab,0.05,,,
143,2026-07-28,SZ002353,0.021471623331308365,EXP_LinearModel_Alpha158_csi300_custom_step0_s_20260728_15,91fd0c8edfb24ea5bd39d38885ba0bab,0.05,,,
144,2026-07-28,SZ002311,0.056443605571985245,EXP_LinearModel_Alpha158_csi300_custom_step0_s_20260728_15,91fd0c8edfb24ea5bd39d38885ba0bab,0.05,,,
145,2026-07-28,SZ002304,-0.060217563062906265,EXP_LinearModel_Alpha158_csi300_custom_step0_s_20260728_15,91fd0c8edfb24ea5bd39d38885ba0bab,0.05,,,
146,2026-07-28,SZ002241,-0.012608801014721394,EXP_LinearModel_Alpha158_csi300_custom_step0_s_20260728_15,91fd0c8edfb24ea5bd39d38885ba0bab,0.05,,,
147,2026-07-28,SZ002236,-0.02569284662604332,EXP_LinearModel_Alpha158_csi300_custom_step0_s_20260728_15,91fd0c8edfb24ea5bd39d38885ba0bab,0.05,,,
148,2026-07-28,SZ002230,0.0013403487391769886,EXP_LinearModel_Alpha158_csi300_custom_step0_s_20260728_15,91fd0c8edfb24ea5bd39d38885ba0bab,0.05,,,
149,2026-07-28,SZ002202,0.1725294142961502,EXP_LinearModel_Alpha158_csi300_custom_step0_s_20260728_15,91fd0c8edfb24ea5bd39d38885ba0bab,0.05,,,
150,2026-07-28,SZ002179,0.2250717133283615,EXP_LinearModel_Alpha158_csi300_custom_step0_s_20260728_15,91fd0c8edfb24ea5bd39d38885ba0bab,0.05,,,
151,2026-07-28,SZ002142,0.09057246893644333,EXP_LinearModel_Alpha158_csi300_custom_step0_s_20260728_15,91fd0c8edfb24ea5bd39d38885ba0bab,0.05,,,
152,2026-07-28,SZ002352,0.03930044546723366,EXP_LinearModel_Alpha158_csi300_custom_step0_s_20260728_15,91fd0c8edfb24ea5bd39d38885ba0bab,0.05,,,
153,2026-07-28,SZ002532,-0.1357375681400299,EXP_LinearModel_Alpha158_csi300_custom_step0_s_20260728_15,91fd0c8edfb24ea5bd39d38885ba0bab,0.05,,,
154,2026-07-28,SZ002558,0.04372420161962509,EXP_LinearModel_Alpha158_csi300_custom_step0_s_20260728_15,91fd0c8edfb24ea5bd39d38885ba0bab,0.05,,,
155,2026-07-28,SZ002594,-0.10386697947978973,EXP_LinearModel_Alpha158_csi300_custom_step0_s_20260728_15,91fd0c8edfb24ea5bd39d38885ba0bab,0.05,,,
156,2026-07-28,SZ300251,-0.06888347119092941,EXP_LinearModel_Alpha158_csi300_custom_step0_s_20260728_15,91fd0c8edfb24ea5bd39d38885ba0bab,0.05,,,
157,2026-07-28,SZ300124,0.06148003414273262,EXP_LinearModel_Alpha158_csi300_custom_step0_s_20260728_15,91fd0c8edfb24ea5bd39d38885ba0bab,0.05,,,
158,2026-07-28,SZ300122,-0.08823172003030777,EXP_LinearModel_Alpha158_csi300_custom_step0_s_20260728_15,91fd0c8edfb24ea5bd39d38885ba0bab,0.05,,,
159,2026-07-28,SZ300059,-0.052871525287628174,EXP_LinearModel_Alpha158_csi300_custom_step0_s_20260728_15,91fd0c8edfb24ea5bd39d38885ba0bab,0.05,,,
160,2026-07-28,SZ300033,0.006857955828309059,EXP_LinearModel_Alpha158_csi300_custom_step0_s_20260728_15,91fd0c8edfb24ea5bd39d38885ba0bab,0.05,,,
161,2026-07-28,SZ300015,-0.06896120309829712,EXP_LinearModel_Alpha158_csi300_custom_step0_s_20260728_15,91fd0c8edfb24ea5bd39d38885ba0bab,0.05,,,
162,2026-07-28,SZ300014,-0.006711364723742008,EXP_LinearModel_Alpha158_csi300_custom_step0_s_20260728_15,91fd0c8edfb24ea5bd39d38885ba0bab,0.05,,,
163,2026-07-28,SZ003816,0.11944001168012619,EXP_LinearModel_Alpha158_csi300_custom_step0_s_20260728_15,91fd0c8edfb24ea5bd39d38885ba0bab,0.05,,,
164,2026-07-28,SZ002938,0.14854228496551514,EXP_LinearModel_Alpha158_csi300_custom_step0_s_20260728_15,91fd0c8edfb24ea5bd39d38885ba0bab,0.05,,,
165,2026-07-28,SZ002920,0.0013980753719806671,EXP_LinearModel_Alpha158_csi300_custom_step0_s_20260728_15,91fd0c8edfb24ea5bd39d38885ba0bab,0.05,,,
166,2026-07-28,SZ002916,0.09130603075027466,EXP_LinearModel_Alpha158_csi300_custom_step0_s_20260728_15,91fd0c8edfb24ea5bd39d38885ba0bab,0.05,,,
167,2026-07-28,SZ002837,0.15688467025756836,EXP_LinearModel_Alpha158_csi300_custom_step0_s_20260728_15,91fd0c8edfb24ea5bd39d38885ba0bab,0.05,,,
168,2026-07-28,SZ002736,-0.0001818896271288395,EXP_LinearModel_Alpha158_csi300_custom_step0_s_20260728_15,91fd0c8edfb24ea5bd39d38885ba0bab,0.05,,,
169,2026-07-28,SZ002714,-0.08535385876893997,EXP_LinearModel_Alpha158_csi300_custom_step0_s_20260728_15,91fd0c8edfb24ea5bd39d38885ba0bab,0.05,,,
170,2026-07-28,SZ002709,0.21570716798305511,EXP_LinearModel_Alpha158_csi300_custom_step0_s_20260728_15,91fd0c8edfb24ea5bd39d38885ba0bab,0.05,,,
171,2026-07-28,SZ002648,-0.06695486605167389,EXP_LinearModel_Alpha158_csi300_custom_step0_s_20260728_15,91fd0c8edfb24ea5bd39d38885ba0bab,0.05,,,
172,2026-07-28,SZ002625,-0.12199559807777405,EXP_LinearModel_Alpha158_csi300_custom_step0_s_20260728_15,91fd0c8edfb24ea5bd39d38885ba0bab,0.05,,,
173,2026-07-28,SZ002602,-0.06412885338068008,EXP_LinearModel_Alpha158_csi300_custom_step0_s_20260728_15,91fd0c8edfb24ea5bd39d38885ba0bab,0.05,,,
174,2026-07-28,SZ002600,0.28451424837112427,EXP_LinearModel_Alpha158_csi300_custom_step0_s_20260728_15,91fd0c8edfb24ea5bd39d38885ba0bab,0.05,,,
175,2026-07-28,SZ002050,0.06274785846471786,EXP_LinearModel_Alpha158_csi300_custom_step0_s_20260728_15,91fd0c8edfb24ea5bd39d38885ba0bab,0.05,,,
176,2026-07-28,SH600039,0.03084605559706688,EXP_LinearModel_Alpha158_csi300_custom_step0_s_20260728_15,4742b0f1a39c462c8680b4e2285b1d69,0.075,,,
177,2026-07-28,SH601877,-0.0022921001072973013,EXP_LinearModel_Alpha158_csi300_custom_step0_s_20260728_15,91fd0c8edfb24ea5bd39d38885ba0bab,0.05,,,
178,2026-07-28,SH601868,0.0741996318101883,EXP_LinearModel_Alpha158_csi300_custom_step0_s_20260728_15,91fd0c8edfb24ea5bd39d38885ba0bab,0.05,,,
179,2026-07-28,SH600118,0.10021933913230896,EXP_LinearModel_Alpha158_csi300_custom_step0_s_20260728_15,91fd0c8edfb24ea5bd39d38885ba0bab,0.05,,,
180,2026-07-28,SH600115,0.01748698577284813,EXP_LinearModel_Alpha158_csi300_custom_step0_s_20260728_15,91fd0c8edfb24ea5bd39d38885ba0bab,0.05,,,
181,2026-07-28,SH600111,0.17370083928108215,EXP_LinearModel_Alpha158_csi300_custom_step0_s_20260728_15,91fd0c8edfb24ea5bd39d38885ba0bab,0.05,,,
182,2026-07-28,SH600104,0.0021864238660782576,EXP_LinearModel_Alpha158_csi300_custom_step0_s_20260728_15,91fd0c8edfb24ea5bd39d38885ba0bab,0.05,,,
183,2026-07-28,SH600089,-0.006644980050623417,EXP_LinearModel_Alpha158_csi300_custom_step0_s_20260728_15,91fd0c8edfb24ea5bd39d38885ba0bab,0.05,,,
184,2026-07-28,SH600085,-0.05354570224881172,EXP_LinearModel_Alpha158_csi300_custom_step0_s_20260728_15,91fd0c8edfb24ea5bd39d38885ba0bab,0.05,,,
185,2026-07-28,SH600066,0.012789273634552956,EXP_LinearModel_Alpha158_csi300_custom_step0_s_20260728_15,91fd0c8edfb24ea5bd39d38885ba0bab,0.05,,,
186,2026-07-28,SH600061,-0.004117879550904036,EXP_LinearModel_Alpha158_csi300_custom_step0_s_20260728_15,91fd0c8edfb24ea5bd39d38885ba0bab,0.05,,,
187,2026-07-28,SH600150,-0.0310976542532444,EXP_LinearModel_Alpha158_csi300_custom_step0_s_20260728_15,91fd0c8edfb24ea5bd39d38885ba0bab,0.05,,,
188,2026-07-28,SH600050,0.04599485173821449,EXP_LinearModel_Alpha158_csi300_custom_step0_s_20260728_15,91fd0c8edfb24ea5bd39d38885ba0bab,0.05,,,
189,2026-07-28,SH600039,0.00916304998099804,EXP_LinearModel_Alpha158_csi300_custom_step0_s_20260728_15,91fd0c8edfb24ea5bd39d38885ba0bab,0.05,,,
190,2026-07-28,SH600036,0.03332660719752312,EXP_LinearModel_Alpha158_csi300_custom_step0_s_20260728_15,91fd0c8edfb24ea5bd39d38885ba0bab,0.05,,,
191,2026-07-28,SH600031,0.01165071688592434,EXP_LinearModel_Alpha158_csi300_custom_step0_s_20260728_15,91fd0c8edfb24ea5bd39d38885ba0bab,0.05,,,
192,2026-07-28,SH600030,-0.059711143374443054,EXP_LinearModel_Alpha158_csi300_custom_step0_s_20260728_15,91fd0c8edfb24ea5bd39d38885ba0bab,0.05,,,
193,2026-07-28,SH600029,0.007493658922612667,EXP_LinearModel_Alpha158_csi300_custom_step0_s_20260728_15,91fd0c8edfb24ea5bd39d38885ba0bab,0.05,,,
194,2026-07-28,SH600028,0.035478707402944565,EXP_LinearModel_Alpha158_csi300_custom_step0_s_20260728_15,91fd0c8edfb24ea5bd39d38885ba0bab,0.05,,,
195,2026-07-28,SH600027,-0.004268955904990435,EXP_LinearModel_Alpha158_csi300_custom_step0_s_20260728_15,91fd0c8edfb24ea5bd39d38885ba0bab,0.05,,,
196,2026-07-28,SH600026,0.0249694362282753,EXP_LinearModel_Alpha158_csi300_custom_step0_s_20260728_15,91fd0c8edfb24ea5bd39d38885ba0bab,0.05,,,
197,2026-07-28,SH600048,0.013780126348137856,EXP_LinearModel_Alpha158_csi300_custom_step0_s_20260728_15,91fd0c8edfb24ea5bd39d38885ba0bab,0.05,,,
198,2026-07-28,SH600025,0.04439783841371536,EXP_LinearModel_Alpha158_csi300_custom_step0_s_20260728_15,91fd0c8edfb24ea5bd39d38885ba0bab,0.05,,,
199,2026-07-28,SH600160,0.13465744256973267,EXP_LinearModel_Alpha158_csi300_custom_step0_s_20260728_15,91fd0c8edfb24ea5bd39d38885ba0bab,0.05,,,
200,2026-07-28,SH600183,0.1948527693748474,EXP_LinearModel_Alpha158_csi300_custom_step0_s_20260728_15,91fd0c8edfb24ea5bd39d38885ba0bab,0.05,,,
201,2026-07-28,SH600489,-0.0756179615855217,EXP_LinearModel_Alpha158_csi300_custom_step0_s_20260728_15,91fd0c8edfb24ea5bd39d38885ba0bab,0.05,,,
202,2026-07-28,SH600482,-0.06923732906579971,EXP_LinearModel_Alpha158_csi300_custom_step0_s_20260728_15,91fd0c8edfb24ea5bd39d38885ba0bab,0.05,,,
203,2026-07-28,SH600460,0.3114851713180542,EXP_LinearModel_Alpha158_csi300_custom_step0_s_20260728_15,91fd0c8edfb24ea5bd39d38885ba0bab,0.05,,,
204,2026-07-28,SH600438,-0.067597895860672,EXP_LinearModel_Alpha158_csi300_custom_step0_s_20260728_15,91fd0c8edfb24ea5bd39d38885ba0bab,0.05,,,
205,2026-07-28,SH600436,-0.010640176013112068,EXP_LinearModel_Alpha158_csi300_custom_step0_s_20260728_15,91fd0c8edfb24ea5bd39d38885ba0bab,0.05,,,
206,2026-07-28,SH600426,-0.06439719349145889,EXP_LinearModel_Alpha158_csi300_custom_step0_s_20260728_15,91fd0c8edfb24ea5bd39d38885ba0bab,0.05,,,
207,2026-07-28,SH600415,0.04517418518662453,EXP_LinearModel_Alpha158_csi300_custom_step0_s_20260728_15,91fd0c8edfb24ea5bd39d38885ba0bab,0.05,,,
208,2026-07-28,SH600406,0.014685397036373615,EXP_LinearModel_Alpha158_csi300_custom_step0_s_20260728_15,91fd0c8edfb24ea5bd39d38885ba0bab,0.05,,,
209,2026-07-28,SH600176,0.3202873170375824,EXP_LinearModel_Alpha158_csi300_custom_step0_s_20260728_15,91fd0c8edfb24ea5bd39d38885ba0bab,0.05,,,
210,2026-07-28,SH600372,-0.02239742875099182,EXP_LinearModel_Alpha158_csi300_custom_step0_s_20260728_15,91fd0c8edfb24ea5bd39d38885ba0bab,0.05,,,
211,2026-07-28,SH600346,-0.05297207459807396,EXP_LinearModel_Alpha158_csi300_custom_step0_s_20260728_15,91fd0c8edfb24ea5bd39d38885ba0bab,0.05,,,
212,2026-07-28,SH600309,-0.1347406655550003,EXP_LinearModel_Alpha158_csi300_custom_step0_s_20260728_15,91fd0c8edfb24ea5bd39d38885ba0bab,0.05,,,
213,2026-07-28,SH600276,-0.07009834796190262,EXP_LinearModel_Alpha158_csi300_custom_step0_s_20260728_15,91fd0c8edfb24ea5bd39d38885ba0bab,0.05,,,
214,2026-07-28,SH600233,-0.0641341507434845,EXP_LinearModel_Alpha158_csi300_custom_step0_s_20260728_15,91fd0c8edfb24ea5bd39d38885ba0bab,0.05,,,
215,2026-07-28,SH600221,0.0534621961414814,EXP_LinearModel_Alpha158_csi300_custom_step0_s_20260728_15,91fd0c8edfb24ea5bd39d38885ba0bab,0.05,,,
216,2026-07-28,SH600219,-0.10504268109798431,EXP_LinearModel_Alpha158_csi300_custom_step0_s_20260728_15,91fd0c8edfb24ea5bd39d38885ba0bab,0.05,,,
217,2026-07-28,SH600196,-0.06141870096325874,EXP_LinearModel_Alpha158_csi300_custom_step0_s_20260728_15,91fd0c8edfb24ea5bd39d38885ba0bab,0.05,,,
218,2026-07-28,SH600188,-0.14207468926906586,EXP_LinearModel_Alpha158_csi300_custom_step0_s_20260728_15,91fd0c8edfb24ea5bd39d38885ba0bab,0.05,,,
219,2026-07-28,SH600362,-0.07217725366353989,EXP_LinearModel_Alpha158_csi300_custom_step0_s_20260728_15,91fd0c8edfb24ea5bd39d38885ba0bab,0.05,,,
220,2026-07-28,SH600023,0.06210733577609062,EXP_LinearModel_Alpha158_csi300_custom_step0_s_20260728_15,91fd0c8edfb24ea5bd39d38885ba0bab,0.05,,,
221,2026-07-28,SH600019,0.012398679740726948,EXP_LinearModel_Alpha158_csi300_custom_step0_s_20260728_15,91fd0c8edfb24ea5bd39d38885ba0bab,0.05,,,
222,2026-07-28,SH600018,0.09894169121980667,EXP_LinearModel_Alpha158_csi300_custom_step0_s_20260728_15,91fd0c8edfb24ea5bd39d38885ba0bab,0.05,,,
223,2026-07-28,SZ300450,0.04831868037581444,EXP_LinearModel_Alpha158_csi300_custom_step0_s_20260728_15,bd5a628e4b24414899e51d6bae084c12,0.027,,,
224,2026-07-28,SZ300442,0.15440505743026733,EXP_LinearModel_Alpha158_csi300_custom_step0_s_20260728_15,bd5a628e4b24414899e51d6bae084c12,0.027,,,
225,2026-07-28,SZ300433,0.04500644654035568,EXP_LinearModel_Alpha158_csi300_custom_step0_s_20260728_15,bd5a628e4b24414899e51d6bae084c12,0.027,,,
226,2026-07-28,SZ300418,0.06560816615819931,EXP_LinearModel_Alpha158_csi300_custom_step0_s_20260728_15,bd5a628e4b24414899e51d6bae084c12,0.027,,,
227,2026-07-28,SZ300413,-0.024283695966005325,EXP_LinearModel_Alpha158_csi300_custom_step0_s_20260728_15,bd5a628e4b24414899e51d6bae084c12,0.027,,,
228,2026-07-28,SZ300408,0.17537730932235718,EXP_LinearModel_Alpha158_csi300_custom_step0_s_20260728_15,bd5a628e4b24414899e51d6bae084c12,0.027,,,
229,2026-07-28,SZ300394,0.12686754763126373,EXP_LinearModel_Alpha158_csi300_custom_step0_s_20260728_15,bd5a628e4b24414899e51d6bae084c12,0.027,,,
230,2026-07-28,SZ300316,0.07766681164503098,EXP_LinearModel_Alpha158_csi300_custom_step0_s_20260728_15,bd5a628e4b24414899e51d6bae084c12,0.027,,,
231,2026-07-28,SZ300476,0.22456175088882446,EXP_LinearModel_Alpha158_csi300_custom_step0_s_20260728_15,bd5a628e4b24414899e51d6bae084c12,0.027,,,
232,2026-07-28,SZ300308,-0.009135887958109379,EXP_LinearModel_Alpha158_csi300_custom_step0_s_20260728_15,bd5a628e4b24414899e51d6bae084c12,0.027,,,
233,2026-07-28,SZ300251,-0.05764785408973694,EXP_LinearModel_Alpha158_csi300_custom_step0_s_20260728_15,bd5a628e4b24414899e51d6bae084c12,0.027,,,
234,2026-07-28,SZ300124,0.037936557084321976,EXP_LinearModel_Alpha158_csi300_custom_step0_s_20260728_15,bd5a628e4b24414899e51d6bae084c12,0.027,,,
235,2026-07-28,SZ300122,-0.06363498419523239,EXP_LinearModel_Alpha158_csi300_custom_step0_s_20260728_15,bd5a628e4b24414899e51d6bae084c12,0.027,,,
236,2026-07-28,SZ300059,-0.0662539154291153,EXP_LinearModel_Alpha158_csi300_custom_step0_s_20260728_15,bd5a628e4b24414899e51d6bae084c12,0.027,,,
237,2026-07-28,SZ300033,-0.05460852384567261,EXP_LinearModel_Alpha158_csi300_custom_step0_s_20260728_15,bd5a628e4b24414899e51d6bae084c12,0.027,,,
238,2026-07-28,SZ300015,-0.024844884872436523,EXP_LinearModel_Alpha158_csi300_custom_step0_s_20260728_15,bd5a628e4b24414899e51d6bae084c12,0.027,,,
239,2026-07-28,SZ300014,-0.10042350739240646,EXP_LinearModel_Alpha158_csi300_custom_step0_s_20260728_15,bd5a628e4b24414899e51d6bae084c12,0.027,,,
240,2026-07-28,SZ003816,0.11728696525096893,EXP_LinearModel_Alpha158_csi300_custom_step0_s_20260728_15,bd5a628e4b24414899e51d6bae084c12,0.027,,,
241,2026-07-28,SZ300274,-0.003128797747194767,EXP_LinearModel_Alpha158_csi300_custom_step0_s_20260728_15,bd5a628e4b24414899e51d6bae084c12,0.027,,,
242,2026-07-28,SZ300498,-0.023765387013554573,EXP_LinearModel_Alpha158_csi300_custom_step0_s_20260728_15,bd5a628e4b24414899e51d6bae084c12,0.027,,,
243,2026-07-28,SZ300502,0.033019497990608215,EXP_LinearModel_Alpha158_csi300_custom_step0_s_20260728_15,bd5a628e4b24414899e51d6bae084c12,0.027,,,
244,2026-07-28,SZ300628,0.039874885231256485,EXP_LinearModel_Alpha158_csi300_custom_step0_s_20260728_15,bd5a628e4b24414899e51d6bae084c12,0.027,,,
245,2026-07-28,SH600016,0.07390265166759491,EXP_LinearModel_Alpha158_csi300_custom_step0_s_20260728_15,91fd0c8edfb24ea5bd39d38885ba0bab,0.05,,,
246,2026-07-28,SH600015,0.09363508224487305,EXP_LinearModel_Alpha158_csi300_custom_step0_s_20260728_15,91fd0c8edfb24ea5bd39d38885ba0bab,0.05,,,
247,2026-07-28,SH600011,-0.00894090160727501,EXP_LinearModel_Alpha158_csi300_custom_step0_s_20260728_15,91fd0c8edfb24ea5bd39d38885ba0bab,0.05,,,
248,2026-07-28,SH600010,-0.040754109621047974,EXP_LinearModel_Alpha158_csi300_custom_step0_s_20260728_15,91fd0c8edfb24ea5bd39d38885ba0bab,0.05,,,
249,2026-07-28,SH600009,-0.02039925940334797,EXP_LinearModel_Alpha158_csi300_custom_step0_s_20260728_15,91fd0c8edfb24ea5bd39d38885ba0bab,0.05,,,
250,2026-07-28,SH600000,0.02461676299571991,EXP_LinearModel_Alpha158_csi300_custom_step0_s_20260728_15,91fd0c8edfb24ea5bd39d38885ba0bab,0.05,,,
251,2026-07-28,SZ302132,-0.09106260538101196,EXP_LinearModel_Alpha158_csi300_custom_step0_s_20260728_15,bd5a628e4b24414899e51d6bae084c12,0.027,,,
252,2026-07-28,SZ301308,0.3705386519432068,EXP_LinearModel_Alpha158_csi300_custom_step0_s_20260728_15,bd5a628e4b24414899e51d6bae084c12,0.027,,,
253,2026-07-28,SZ301269,0.09514988958835602,EXP_LinearModel_Alpha158_csi300_custom_step0_s_20260728_15,bd5a628e4b24414899e51d6bae084c12,0.027,,,
254,2026-07-28,SZ301236,0.037129681557416916,EXP_LinearModel_Alpha158_csi300_custom_step0_s_20260728_15,bd5a628e4b24414899e51d6bae084c12,0.027,,,
255,2026-07-28,SZ301165,-0.14809006452560425,EXP_LinearModel_Alpha158_csi300_custom_step0_s_20260728_15,bd5a628e4b24414899e51d6bae084c12,0.027,,,
256,2026-07-28,SZ300999,0.020755736157298088,EXP_LinearModel_Alpha158_csi300_custom_step0_s_20260728_15,bd5a628e4b24414899e51d6bae084c12,0.027,,,
257,2026-07-28,SZ300896,-0.0331866517663002,EXP_LinearModel_Alpha158_csi300_custom_step0_s_20260728_15,bd5a628e4b24414899e51d6bae084c12,0.027,,,
258,2026-07-28,SZ300866,-0.04225347191095352,EXP_LinearModel_Alpha158_csi300_custom_step0_s_20260728_15,bd5a628e4b24414899e51d6bae084c12,0.027,,,
259,2026-07-28,SZ300832,0.015142576768994331,EXP_LinearModel_Alpha158_csi300_custom_step0_s_20260728_15,bd5a628e4b24414899e51d6bae084c12,0.027,,,
260,2026-07-28,SZ300803,0.06150779128074646,EXP_LinearModel_Alpha158_csi300_custom_step0_s_20260728_15,bd5a628e4b24414899e51d6bae084c12,0.027,,,
261,2026-07-28,SZ300760,0.03208964318037033,EXP_LinearModel_Alpha158_csi300_custom_step0_s_20260728_15,bd5a628e4b24414899e51d6bae084c12,0.027,,,
262,2026-07-28,SZ300750,0.019300198182463646,EXP_LinearModel_Alpha158_csi300_custom_step0_s_20260728_15,bd5a628e4b24414899e51d6bae084c12,0.027,,,
263,2026-07-28,SZ300661,-0.04595338553190231,EXP_LinearModel_Alpha158_csi300_custom_step0_s_20260728_15,bd5a628e4b24414899e51d6bae084c12,0.027,,,
264,2026-07-28,SH600515,-0.0051183816976845264,EXP_LinearModel_Alpha158_csi300_custom_step0_s_20260728_15,91fd0c8edfb24ea5bd39d38885ba0bab,0.05,,,
265,2026-07-28,SH601872,-0.1449866145849228,EXP_LinearModel_Alpha158_csi300_custom_step0_s_20260728_15,91fd0c8edfb24ea5bd39d38885ba0bab,0.05,,,
266,2026-07-28,SH600519,0.009442098438739777,EXP_LinearModel_Alpha158_csi300_custom_step0_s_20260728_15,91fd0c8edfb24ea5bd39d38885ba0bab,0.05,,,
267,2026-07-28,SH600547,-0.13838280737400055,EXP_LinearModel_Alpha158_csi300_custom_step0_s_20260728_15,91fd0c8edfb24ea5bd39d38885ba0bab,0.05,,,
268,2026-07-28,SH601456,0.03570575267076492,EXP_LinearModel_Alpha158_csi300_custom_step0_s_20260728_15,91fd0c8edfb24ea5bd39d38885ba0bab,0.05,,,
269,2026-07-28,SH601398,-0.01917288452386856,EXP_LinearModel_Alpha158_csi300_custom_step0_s_20260728_15,91fd0c8edfb24ea5bd39d38885ba0bab,0.05,,,
270,2026-07-28,SH601390,0.08272314071655273,EXP_LinearModel_Alpha158_csi300_custom_step0_s_20260728_15,91fd0c8edfb24ea5bd39d38885ba0bab,0.05,,,
271,2026-07-28,SH601377,0.050144262611866,EXP_LinearModel_Alpha158_csi300_custom_step0_s_20260728_15,91fd0c8edfb24ea5bd39d38885ba0bab,0.05,,,
272,2026-07-28,SH601360,-0.03998982161283493,EXP_LinearModel_Alpha158_csi300_custom_step0_s_20260728_15,91fd0c8edfb24ea5bd39d38885ba0bab,0.05,,,
273,2026-07-28,SH601336,-0.035540804266929626,EXP_LinearModel_Alpha158_csi300_custom_step0_s_20260728_15,91fd0c8edfb24ea5bd39d38885ba0bab,0.05,,,
274,2026-07-28,SH601328,0.0625644251704216,EXP_LinearModel_Alpha158_csi300_custom_step0_s_20260728_15,91fd0c8edfb24ea5bd39d38885ba0bab,0.05,,,
275,2026-07-28,SH601319,-0.05466998368501663,EXP_LinearModel_Alpha158_csi300_custom_step0_s_20260728_15,91fd0c8edfb24ea5bd39d38885ba0bab,0.05,,,
276,2026-07-28,SH601600,-0.05490780994296074,EXP_LinearModel_Alpha158_csi300_custom_step0_s_20260728_15,91fd0c8edfb24ea5bd39d38885ba0bab,0.05,,,
277,2026-07-28,SH601318,0.006796051748096943,EXP_LinearModel_Alpha158_csi300_custom_step0_s_20260728_15,91fd0c8edfb24ea5bd39d38885ba0bab,0.05,,,
278,2026-07-28,SH601238,-0.03577788546681404,EXP_LinearModel_Alpha158_csi300_custom_step0_s_20260728_15,91fd0c8edfb24ea5bd39d38885ba0bab,0.05,,,
279,2026-07-28,SH601229,0.002983478829264641,EXP_LinearModel_Alpha158_csi300_custom_step0_s_20260728_15,91fd0c8edfb24ea5bd39d38885ba0bab,0.05,,,
280,2026-07-28,SH601225,-0.04585680365562439,EXP_LinearModel_Alpha158_csi300_custom_step0_s_20260728_15,91fd0c8edfb24ea5bd39d38885ba0bab,0.05,,,
281,2026-07-28,SH601211,-0.15665827691555023,EXP_LinearModel_Alpha158_csi300_custom_step0_s_20260728_15,91fd0c8edfb24ea5bd39d38885ba0bab,0.05,,,
282,2026-07-28,SH601186,0.03041583113372326,EXP_LinearModel_Alpha158_csi300_custom_step0_s_20260728_15,91fd0c8edfb24ea5bd39d38885ba0bab,0.05,,,
283,2026-07-28,SH601169,0.12800830602645874,EXP_LinearModel_Alpha158_csi300_custom_step0_s_20260728_15,91fd0c8edfb24ea5bd39d38885ba0bab,0.05,,,
284,2026-07-28,SH601166,0.012467528693377972,EXP_LinearModel_Alpha158_csi300_custom_step0_s_20260728_15,91fd0c8edfb24ea5bd39d38885ba0bab,0.05,,,
285,2026-07-28,SH601138,0.022962946444749832,EXP_LinearModel_Alpha158_csi300_custom_step0_s_20260728_15,91fd0c8edfb24ea5bd39d38885ba0bab,0.05,,,
286,2026-07-28,SH601288,-0.0025781970471143723,EXP_LinearModel_Alpha158_csi300_custom_step0_s_20260728_15,91fd0c8edfb24ea5bd39d38885ba0bab,0.05,,,
287,2026-07-28,SH601136,-0.06356937438249588,EXP_LinearModel_Alpha158_csi300_custom_step0_s_20260728_15,91fd0c8edfb24ea5bd39d38885ba0bab,0.05,,,
288,2026-07-28,SH601601,0.01306209247559309,EXP_LinearModel_Alpha158_csi300_custom_step0_s_20260728_15,91fd0c8edfb24ea5bd39d38885ba0bab,0.05,,,
289,2026-07-28,SH601618,0.04344363883137703,EXP_LinearModel_Alpha158_csi300_custom_step0_s_20260728_15,91fd0c8edfb24ea5bd39d38885ba0bab,0.05,,,
290,2026-07-28,SH601857,-0.018137969076633453,EXP_LinearModel_Alpha158_csi300_custom_step0_s_20260728_15,91fd0c8edfb24ea5bd39d38885ba0bab,0.05,,,
291,2026-07-28,SH601838,0.08872245997190475,EXP_LinearModel_Alpha158_csi300_custom_step0_s_20260728_15,91fd0c8edfb24ea5bd39d38885ba0bab,0.05,,,
292,2026-07-28,SH601825,-0.016419965773820877,EXP_LinearModel_Alpha158_csi300_custom_step0_s_20260728_15,91fd0c8edfb24ea5bd39d38885ba0bab,0.05,,,
293,2026-07-28,SH601818,0.08053746074438095,EXP_LinearModel_Alpha158_csi300_custom_step0_s_20260728_15,91fd0c8edfb24ea5bd39d38885ba0bab,0.05,,,
294,2026-07-28,SH601816,0.052682045847177505,EXP_LinearModel_Alpha158_csi300_custom_step0_s_20260728_15,91fd0c8edfb24ea5bd39d38885ba0bab,0.05,,,
295,2026-07-28,SH601800,0.002040053717792034,EXP_LinearModel_Alpha158_csi300_custom_step0_s_20260728_15,91fd0c8edfb24ea5bd39d38885ba0bab,0.05,,,
296,2026-07-28,SH601788,-0.042582619935274124,EXP_LinearModel_Alpha158_csi300_custom_step0_s_20260728_15,91fd0c8edfb24ea5bd39d38885ba0bab,0.05,,,
297,2026-07-28,SH601766,0.06785551458597183,EXP_LinearModel_Alpha158_csi300_custom_step0_s_20260728_15,91fd0c8edfb24ea5bd39d38885ba0bab,0.05,,,
298,2026-07-28,SH601607,-0.025489751249551773,EXP_LinearModel_Alpha158_csi300_custom_step0_s_20260728_15,91fd0c8edfb24ea5bd39d38885ba0bab,0.05,,,
299,2026-07-28,SH601728,0.003429566277191043,EXP_LinearModel_Alpha158_csi300_custom_step0_s_20260728_15,91fd0c8edfb24ea5bd39d38885ba0bab,0.05,,,
300,2026-07-28,SH601698,0.008346494287252426,EXP_LinearModel_Alpha158_csi300_custom_step0_s_20260728_15,91fd0c8edfb24ea5bd39d38885ba0bab,0.05,,,
301,2026-07-28,SH601689,0.08225087076425552,EXP_LinearModel_Alpha158_csi300_custom_step0_s_20260728_15,91fd0c8edfb24ea5bd39d38885ba0bab,0.05,,,
302,2026-07-28,SH601688,-0.01805088296532631,EXP_LinearModel_Alpha158_csi300_custom_step0_s_20260728_15,91fd0c8edfb24ea5bd39d38885ba0bab,0.05,,,
303,2026-07-28,SH601669,-0.03565983846783638,EXP_LinearModel_Alpha158_csi300_custom_step0_s_20260728_15,91fd0c8edfb24ea5bd39d38885ba0bab,0.05,,,
304,2026-07-28,SH601668,0.07311532646417618,EXP_LinearModel_Alpha158_csi300_custom_step0_s_20260728_15,91fd0c8edfb24ea5bd39d38885ba0bab,0.05,,,
305,2026-07-28,SH601658,0.05918511748313904,EXP_LinearModel_Alpha158_csi300_custom_step0_s_20260728_15,91fd0c8edfb24ea5bd39d38885ba0bab,0.05,,,
306,2026-07-28,SH601633,-0.023989899083971977,EXP_LinearModel_Alpha158_csi300_custom_step0_s_20260728_15,91fd0c8edfb24ea5bd39d38885ba0bab,0.05,,,
307,2026-07-28,SH601628,-0.004053747281432152,EXP_LinearModel_Alpha158_csi300_custom_step0_s_20260728_15,91fd0c8edfb24ea5bd39d38885ba0bab,0.05,,,
308,2026-07-28,SH601727,0.06403186917304993,EXP_LinearModel_Alpha158_csi300_custom_step0_s_20260728_15,91fd0c8edfb24ea5bd39d38885ba0bab,0.05,,,
309,2026-07-28,SH601127,0.02043403871357441,EXP_LinearModel_Alpha158_csi300_custom_step0_s_20260728_15,91fd0c8edfb24ea5bd39d38885ba0bab,0.05,,,
310,2026-07-28,SH601117,-0.028485145419836044,EXP_LinearModel_Alpha158_csi300_custom_step0_s_20260728_15,91fd0c8edfb24ea5bd39d38885ba0bab,0.05,,,
311,2026-07-28,SH601111,-0.03353973478078842,EXP_LinearModel_Alpha158_csi300_custom_step0_s_20260728_15,91fd0c8edfb24ea5bd39d38885ba0bab,0.05,,,
312,2026-07-28,SH600887,0.06010885909199715,EXP_LinearModel_Alpha158_csi300_custom_step0_s_20260728_15,91fd0c8edfb24ea5bd39d38885ba0bab,0.05,,,
313,2026-07-28,SH600886,0.09995938837528229,EXP_LinearModel_Alpha158_csi300_custom_step0_s_20260728_15,91fd0c8edfb24ea5bd39d38885ba0bab,0.05,,,
314,2026-07-28,SH600875,0.028433050960302353,EXP_LinearModel_Alpha158_csi300_custom_step0_s_20260728_15,91fd0c8edfb24ea5bd39d38885ba0bab,0.05,,,
315,2026-07-28,SH600845,0.03527820482850075,EXP_LinearModel_Alpha158_csi300_custom_step0_s_20260728_15,91fd0c8edfb24ea5bd39d38885ba0bab,0.05,,,
316,2026-07-28,SH600809,-0.0429227240383625,EXP_LinearModel_Alpha158_csi300_custom_step0_s_20260728_15,91fd0c8edfb24ea5bd39d38885ba0bab,0.05,,,
317,2026-07-28,SH600803,0.03517939895391464,EXP_LinearModel_Alpha158_csi300_custom_step0_s_20260728_15,91fd0c8edfb24ea5bd39d38885ba0bab,0.05,,,
318,2026-07-28,SH600795,0.0414348766207695,EXP_LinearModel_Alpha158_csi300_custom_step0_s_20260728_15,91fd0c8edfb24ea5bd39d38885ba0bab,0.05,,,
319,2026-07-28,SH600760,-0.1101280003786087,EXP_LinearModel_Alpha158_csi300_custom_step0_s_20260728_15,91fd0c8edfb24ea5bd39d38885ba0bab,0.05,,,
320,2026-07-28,SH600893,-0.005576122552156448,EXP_LinearModel_Alpha158_csi300_custom_step0_s_20260728_15,91fd0c8edfb24ea5bd39d38885ba0bab,0.05,,,
321,2026-07-28,SH600741,0.04563986510038376,EXP_LinearModel_Alpha158_csi300_custom_step0_s_20260728_15,91fd0c8edfb24ea5bd39d38885ba0bab,0.05,,,
322,2026-07-28,SH600674,0.10433206707239151,EXP_LinearModel_Alpha158_csi300_custom_step0_s_20260728_15,91fd0c8edfb24ea5bd39d38885ba0bab,0.05,,,
323,2026-07-28,SH600660,0.028086598962545395,EXP_LinearModel_Alpha158_csi300_custom_step0_s_20260728_15,91fd0c8edfb24ea5bd39d38885ba0bab,0.05,,,
324,2026-07-28,SH600600,-0.04446800425648689,EXP_LinearModel_Alpha158_csi300_custom_step0_s_20260728_15,91fd0c8edfb24ea5bd39d38885ba0bab,0.05,,,
325,2026-07-28,SH600588,-0.015793759375810623,EXP_LinearModel_Alpha158_csi300_custom_step0_s_20260728_15,91fd0c8edfb24ea5bd39d38885ba0bab,0.05,,,
326,2026-07-28,SH600585,0.010435596108436584,EXP_LinearModel_Alpha158_csi300_custom_step0_s_20260728_15,91fd0c8edfb24ea5bd39d38885ba0bab,0.05,,,
327,2026-07-28,SH600584,0.061321284621953964,EXP_LinearModel_Alpha158_csi300_custom_step0_s_20260728_15,91fd0c8edfb24ea5bd39d38885ba0bab,0.05,,,
328,2026-07-28,SH600570,-0.024863427504897118,EXP_LinearModel_Alpha158_csi300_custom_step0_s_20260728_15,91fd0c8edfb24ea5bd39d38885ba0bab,0.05,,,
329,2026-07-28,SH600549,0.3435182273387909,EXP_LinearModel_Alpha158_csi300_custom_step0_s_20260728_15,91fd0c8edfb24ea5bd39d38885ba0bab,0.05,,,
330,2026-07-28,SH600690,0.049307309091091156,EXP_LinearModel_Alpha158_csi300_custom_step0_s_20260728_15,91fd0c8edfb24ea5bd39d38885ba0bab,0.05,,,
331,2026-07-28,SH600900,0.05246781185269356,EXP_LinearModel_Alpha158_csi300_custom_step0_s_20260728_15,91fd0c8edfb24ea5bd39d38885ba0bab,0.05,,,
332,2026-07-28,SH600905,0.09389054775238037,EXP_LinearModel_Alpha158_csi300_custom_step0_s_20260728_15,91fd0c8edfb24ea5bd39d38885ba0bab,0.05,,,
333,2026-07-28,SH600918,-0.002898700535297394,EXP_LinearModel_Alpha158_csi300_custom_step0_s_20260728_15,91fd0c8edfb24ea5bd39d38885ba0bab,0.05,,,
334,2026-07-28,SH601100,0.03388860449194908,EXP_LinearModel_Alpha158_csi300_custom_step0_s_20260728_15,91fd0c8edfb24ea5bd39d38885ba0bab,0.05,,,
335,2026-07-28,SH601088,-0.03215903788805008,EXP_LinearModel_Alpha158_csi300_custom_step0_s_20260728_15,91fd0c8edfb24ea5bd39d38885ba0bab,0.05,,,
336,2026-07-28,SH601077,0.07929529249668121,EXP_LinearModel_Alpha158_csi300_custom_step0_s_20260728_15,91fd0c8edfb24ea5bd39d38885ba0bab,0.05,,,
337,2026-07-28,SH601066,0.07219573855400085,EXP_LinearModel_Alpha158_csi300_custom_step0_s_20260728_15,91fd0c8edfb24ea5bd39d38885ba0bab,0.05,,,
338,2026-07-28,SH601059,-0.043503306806087494,EXP_LinearModel_Alpha158_csi300_custom_step0_s_20260728_15,91fd0c8edfb24ea5bd39d38885ba0bab,0.05,,,
339,2026-07-28,SH601058,-0.026901403442025185,EXP_LinearModel_Alpha158_csi300_custom_step0_s_20260728_15,91fd0c8edfb24ea5bd39d38885ba0bab,0.05,,,
340,2026-07-28,SH601021,0.050967685878276825,EXP_LinearModel_Alpha158_csi300_custom_step0_s_20260728_15,91fd0c8edfb24ea5bd39d38885ba0bab,0.05,,,
341,2026-07-28,SH601018,-0.003128586569800973,EXP_LinearModel_Alpha158_csi300_custom_step0_s_20260728_15,91fd0c8edfb24ea5bd39d38885ba0bab,0.05,,,
342,2026-07-28,SH601012,-0.1005384624004364,EXP_LinearModel_Alpha158_csi300_custom_step0_s_20260728_15,91fd0c8edfb24ea5bd39d38885ba0bab,0.05,,,
343,2026-07-28,SH601009,0.06726983189582825,EXP_LinearModel_Alpha158_csi300_custom_step0_s_20260728_15,91fd0c8edfb24ea5bd39d38885ba0bab,0.05,,,
344,2026-07-28,SH601006,0.006116434466093779,EXP_LinearModel_Alpha158_csi300_custom_step0_s_20260728_15,91fd0c8edfb24ea5bd39d38885ba0bab,0.05,,,
345,2026-07-28,SH600999,0.04578971862792969,EXP_LinearModel_Alpha158_csi300_custom_step0_s_20260728_15,91fd0c8edfb24ea5bd39d38885ba0bab,0.05,,,
346,2026-07-28,SH600989,-0.032229166477918625,EXP_LinearModel_Alpha158_csi300_custom_step0_s_20260728_15,91fd0c8edfb24ea5bd39d38885ba0bab,0.05,,,
347,2026-07-28,SH600958,,EXP_LinearModel_Alpha158_csi300_custom_step0_s_20260728_15,91fd0c8edfb24ea5bd39d38885ba0bab,0.05,,,
348,2026-07-28,SH600941,0.00618937099352479,EXP_LinearModel_Alpha158_csi300_custom_step0_s_20260728_15,91fd0c8edfb24ea5bd39d38885ba0bab,0.05,,,
349,2026-07-28,SH600938,-0.02610689401626587,EXP_LinearModel_Alpha158_csi300_custom_step0_s_20260728_15,91fd0c8edfb24ea5bd39d38885ba0bab,0.05,,,
350,2026-07-28,SH600930,0.14418646693229675,EXP_LinearModel_Alpha158_csi300_custom_step0_s_20260728_15,91fd0c8edfb24ea5bd39d38885ba0bab,0.05,,,
351,2026-07-28,SH600926,0.05127301812171936,EXP_LinearModel_Alpha158_csi300_custom_step0_s_20260728_15,91fd0c8edfb24ea5bd39d38885ba0bab,0.05,,,
352,2026-07-28,SH600919,0.0655137374997139,EXP_LinearModel_Alpha158_csi300_custom_step0_s_20260728_15,91fd0c8edfb24ea5bd39d38885ba0bab,0.05,,,
353,2026-07-28,SH600522,0.5587307810783386,EXP_LinearModel_Alpha158_csi300_custom_step0_s_20260728_15,91fd0c8edfb24ea5bd39d38885ba0bab,0.05,,,
354,2026-07-28,SZ002938,0.07267384976148605,EXP_LinearModel_Alpha158_csi300_custom_step0_s_20260728_15,bd5a628e4b24414899e51d6bae084c12,0.027,,,
355,2026-07-28,SH600048,0.020312242209911346,EXP_LinearModel_Alpha158_csi300_custom_step0_s_20260728_15,4742b0f1a39c462c8680b4e2285b1d69,0.075,,,
356,2026-07-28,SH600061,-0.009820584207773209,EXP_LinearModel_Alpha158_csi300_custom_step0_s_20260728_15,4742b0f1a39c462c8680b4e2285b1d69,0.075,,,
357,2026-07-28,SZ002837,0.13556821644306183,EXP_LinearModel_Alpha158_csi300_custom_step0_s_20260728_15,4742b0f1a39c462c8680b4e2285b1d69,0.075,,,
358,2026-07-28,SZ002736,-0.051576800644397736,EXP_LinearModel_Alpha158_csi300_custom_step0_s_20260728_15,4742b0f1a39c462c8680b4e2285b1d69,0.075,,,
359,2026-07-28,SZ002714,-0.013806559145450592,EXP_LinearModel_Alpha158_csi300_custom_step0_s_20260728_15,4742b0f1a39c462c8680b4e2285b1d69,0.075,,,
360,2026-07-28,SZ002709,0.03274289146065712,EXP_LinearModel_Alpha158_csi300_custom_step0_s_20260728_15,4742b0f1a39c462c8680b4e2285b1d69,0.075,,,
361,2026-07-28,SZ002648,-0.06316732615232468,EXP_LinearModel_Alpha158_csi300_custom_step0_s_20260728_15,4742b0f1a39c462c8680b4e2285b1d69,0.075,,,
362,2026-07-28,SZ002625,-0.08003496378660202,EXP_LinearModel_Alpha158_csi300_custom_step0_s_20260728_15,4742b0f1a39c462c8680b4e2285b1d69,0.075,,,
363,2026-07-28,SZ002602,-0.05576610565185547,EXP_LinearModel_Alpha158_csi300_custom_step0_s_20260728_15,4742b0f1a39c462c8680b4e2285b1d69,0.075,,,
364,2026-07-28,SZ002600,0.11336735635995865,EXP_LinearModel_Alpha158_csi300_custom_step0_s_20260728_15,4742b0f1a39c462c8680b4e2285b1d69,0.075,,,
365,2026-07-28,SZ002916,0.033078454434871674,EXP_LinearModel_Alpha158_csi300_custom_step0_s_20260728_15,4742b0f1a39c462c8680b4e2285b1d69,0.075,,,
366,2026-07-28,SZ002594,-0.088034987449646,EXP_LinearModel_Alpha158_csi300_custom_step0_s_20260728_15,4742b0f1a39c462c8680b4e2285b1d69,0.075,,,
367,2026-07-28,SZ002532,-0.10905545204877853,EXP_LinearModel_Alpha158_csi300_custom_step0_s_20260728_15,4742b0f1a39c462c8680b4e2285b1d69,0.075,,,
368,2026-07-28,SZ002493,-0.022698936983942986,EXP_LinearModel_Alpha158_csi300_custom_step0_s_20260728_15,4742b0f1a39c462c8680b4e2285b1d69,0.075,,,
369,2026-07-28,SZ002475,0.03829040750861168,EXP_LinearModel_Alpha158_csi300_custom_step0_s_20260728_15,4742b0f1a39c462c8680b4e2285b1d69,0.075,,,
370,2026-07-28,SZ002466,0.09449861943721771,EXP_LinearModel_Alpha158_csi300_custom_step0_s_20260728_15,4742b0f1a39c462c8680b4e2285b1d69,0.075,,,
371,2026-07-28,SZ002463,0.020776625722646713,EXP_LinearModel_Alpha158_csi300_custom_step0_s_20260728_15,4742b0f1a39c462c8680b4e2285b1d69,0.075,,,
372,2026-07-28,SZ002460,0.06545336544513702,EXP_LinearModel_Alpha158_csi300_custom_step0_s_20260728_15,4742b0f1a39c462c8680b4e2285b1d69,0.075,,,
373,2026-07-28,SZ002422,0.0166375283151865,EXP_LinearModel_Alpha158_csi300_custom_step0_s_20260728_15,4742b0f1a39c462c8680b4e2285b1d69,0.075,,,
374,2026-07-28,SZ002415,-0.042111046612262726,EXP_LinearModel_Alpha158_csi300_custom_step0_s_20260728_15,4742b0f1a39c462c8680b4e2285b1d69,0.075,,,
375,2026-07-28,SZ002558,0.037017811089754105,EXP_LinearModel_Alpha158_csi300_custom_step0_s_20260728_15,4742b0f1a39c462c8680b4e2285b1d69,0.075,,,
376,2026-07-28,SZ002384,0.14062319695949554,EXP_LinearModel_Alpha158_csi300_custom_step0_s_20260728_15,4742b0f1a39c462c8680b4e2285b1d69,0.075,,,
377,2026-07-28,SZ002920,-0.01381155475974083,EXP_LinearModel_Alpha158_csi300_custom_step0_s_20260728_15,4742b0f1a39c462c8680b4e2285b1d69,0.075,,,
378,2026-07-28,SZ003816,0.15502265095710754,EXP_LinearModel_Alpha158_csi300_custom_step0_s_20260728_15,4742b0f1a39c462c8680b4e2285b1d69,0.075,,,
379,2026-07-28,SZ300476,0.3747018873691559,EXP_LinearModel_Alpha158_csi300_custom_step0_s_20260728_15,4742b0f1a39c462c8680b4e2285b1d69,0.075,,,
380,2026-07-28,SZ300450,0.10107162594795227,EXP_LinearModel_Alpha158_csi300_custom_step0_s_20260728_15,4742b0f1a39c462c8680b4e2285b1d69,0.075,,,
381,2026-07-28,SZ300442,0.04988304525613785,EXP_LinearModel_Alpha158_csi300_custom_step0_s_20260728_15,4742b0f1a39c462c8680b4e2285b1d69,0.075,,,
382,2026-07-28,SZ300433,0.02052171900868416,EXP_LinearModel_Alpha158_csi300_custom_step0_s_20260728_15,4742b0f1a39c462c8680b4e2285b1d69,0.075,,,
383,2026-07-28,SZ300418,0.14976687729358673,EXP_LinearModel_Alpha158_csi300_custom_step0_s_20260728_15,4742b0f1a39c462c8680b4e2285b1d69,0.075,,,
384,2026-07-28,SZ300413,-0.056802019476890564,EXP_LinearModel_Alpha158_csi300_custom_step0_s_20260728_15,4742b0f1a39c462c8680b4e2285b1d69,0.075,,,
385,2026-07-28,SZ300408,0.2995660901069641,EXP_LinearModel_Alpha158_csi300_custom_step0_s_20260728_15,4742b0f1a39c462c8680b4e2285b1d69,0.075,,,
386,2026-07-28,SZ300394,0.3083730936050415,EXP_LinearModel_Alpha158_csi300_custom_step0_s_20260728_15,4742b0f1a39c462c8680b4e2285b1d69,0.075,,,
387,2026-07-28,SZ002938,0.15353403985500336,EXP_LinearModel_Alpha158_csi300_custom_step0_s_20260728_15,4742b0f1a39c462c8680b4e2285b1d69,0.075,,,
388,2026-07-28,SZ300316,0.16002674400806427,EXP_LinearModel_Alpha158_csi300_custom_step0_s_20260728_15,4742b0f1a39c462c8680b4e2285b1d69,0.075,,,
389,2026-07-28,SZ300274,0.15217120945453644,EXP_LinearModel_Alpha158_csi300_custom_step0_s_20260728_15,4742b0f1a39c462c8680b4e2285b1d69,0.075,,,
390,2026-07-28,SZ300251,-0.07143951952457428,EXP_LinearModel_Alpha158_csi300_custom_step0_s_20260728_15,4742b0f1a39c462c8680b4e2285b1d69,0.075,,,
391,2026-07-28,SZ300124,-0.01966841146349907,EXP_LinearModel_Alpha158_csi300_custom_step0_s_20260728_15,4742b0f1a39c462c8680b4e2285b1d69,0.075,,,
392,2026-07-28,SZ300122,-0.14677198231220245,EXP_LinearModel_Alpha158_csi300_custom_step0_s_20260728_15,4742b0f1a39c462c8680b4e2285b1d69,0.075,,,
393,2026-07-28,SZ300059,-0.11317093670368195,EXP_LinearModel_Alpha158_csi300_custom_step0_s_20260728_15,4742b0f1a39c462c8680b4e2285b1d69,0.075,,,
394,2026-07-28,SZ300033,-0.07993539422750473,EXP_LinearModel_Alpha158_csi300_custom_step0_s_20260728_15,4742b0f1a39c462c8680b4e2285b1d69,0.075,,,
395,2026-07-28,SZ300015,-0.08627244085073471,EXP_LinearModel_Alpha158_csi300_custom_step0_s_20260728_15,4742b0f1a39c462c8680b4e2285b1d69,0.075,,,
396,2026-07-28,SZ300014,-0.03563367947936058,EXP_LinearModel_Alpha158_csi300_custom_step0_s_20260728_15,4742b0f1a39c462c8680b4e2285b1d69,0.075,,,
397,2026-07-28,SZ300308,0.01638447865843773,EXP_LinearModel_Alpha158_csi300_custom_step0_s_20260728_15,4742b0f1a39c462c8680b4e2285b1d69,0.075,,,
398,2026-07-28,SZ002371,0.1679648458957672,EXP_LinearModel_Alpha158_csi300_custom_step0_s_20260728_15,4742b0f1a39c462c8680b4e2285b1d69,0.075,,,
399,2026-07-28,SZ002353,-0.016527118161320686,EXP_LinearModel_Alpha158_csi300_custom_step0_s_20260728_15,4742b0f1a39c462c8680b4e2285b1d69,0.075,,,
400,2026-07-28,SZ002352,0.05704226344823837,EXP_LinearModel_Alpha158_csi300_custom_step0_s_20260728_15,4742b0f1a39c462c8680b4e2285b1d69,0.075,,,
401,2026-07-28,SZ000938,-0.08484507352113724,EXP_LinearModel_Alpha158_csi300_custom_step0_s_20260728_15,4742b0f1a39c462c8680b4e2285b1d69,0.075,,,
402,2026-07-28,SZ000895,0.062061093747615814,EXP_LinearModel_Alpha158_csi300_custom_step0_s_20260728_15,4742b0f1a39c462c8680b4e2285b1d69,0.075,,,
403,2026-07-28,SZ000858,-0.03732522949576378,EXP_LinearModel_Alpha158_csi300_custom_step0_s_20260728_15,4742b0f1a39c462c8680b4e2285b1d69,0.075,,,
404,2026-07-28,SZ000807,-0.09818468242883682,EXP_LinearModel_Alpha158_csi300_custom_step0_s_20260728_15,4742b0f1a39c462c8680b4e2285b1d69,0.075,,,
405,2026-07-28,SZ000792,-0.03612557798624039,EXP_LinearModel_Alpha158_csi300_custom_step0_s_20260728_15,4742b0f1a39c462c8680b4e2285b1d69,0.075,,,
406,2026-07-28,SZ000776,-0.06797198951244354,EXP_LinearModel_Alpha158_csi300_custom_step0_s_20260728_15,4742b0f1a39c462c8680b4e2285b1d69,0.075,,,
407,2026-07-28,SZ000768,0.03457847237586975,EXP_LinearModel_Alpha158_csi300_custom_step0_s_20260728_15,4742b0f1a39c462c8680b4e2285b1d69,0.075,,,
408,2026-07-28,SZ000725,0.1831042468547821,EXP_LinearModel_Alpha158_csi300_custom_step0_s_20260728_15,4742b0f1a39c462c8680b4e2285b1d69,0.075,,,
409,2026-07-28,SZ000963,-0.11113175004720688,EXP_LinearModel_Alpha158_csi300_custom_step0_s_20260728_15,4742b0f1a39c462c8680b4e2285b1d69,0.075,,,
410,2026-07-28,SZ000708,-0.047111626714468,EXP_LinearModel_Alpha158_csi300_custom_step0_s_20260728_15,4742b0f1a39c462c8680b4e2285b1d69,0.075,,,
411,2026-07-28,SZ000651,0.16668444871902466,EXP_LinearModel_Alpha158_csi300_custom_step0_s_20260728_15,4742b0f1a39c462c8680b4e2285b1d69,0.075,,,
412,2026-07-28,SZ000630,0.0898832455277443,EXP_LinearModel_Alpha158_csi300_custom_step0_s_20260728_15,4742b0f1a39c462c8680b4e2285b1d69,0.075,,,
413,2026-07-28,SZ000625,-0.04491526633501053,EXP_LinearModel_Alpha158_csi300_custom_step0_s_20260728_15,4742b0f1a39c462c8680b4e2285b1d69,0.075,,,
414,2026-07-28,SZ000617,-0.08210772275924683,EXP_LinearModel_Alpha158_csi300_custom_step0_s_20260728_15,4742b0f1a39c462c8680b4e2285b1d69,0.075,,,
415,2026-07-28,SZ000596,-0.08064247667789459,EXP_LinearModel_Alpha158_csi300_custom_step0_s_20260728_15,4742b0f1a39c462c8680b4e2285b1d69,0.075,,,
416,2026-07-28,SZ000568,-0.00853273831307888,EXP_LinearModel_Alpha158_csi300_custom_step0_s_20260728_15,4742b0f1a39c462c8680b4e2285b1d69,0.075,,,
417,2026-07-28,SZ000538,-0.011723306961357594,EXP_LinearModel_Alpha158_csi300_custom_step0_s_20260728_15,4742b0f1a39c462c8680b4e2285b1d69,0.075,,,
418,2026-07-28,SZ000425,-0.04190804064273834,EXP_LinearModel_Alpha158_csi300_custom_step0_s_20260728_15,4742b0f1a39c462c8680b4e2285b1d69,0.075,,,
419,2026-07-28,SZ000657,0.4180721640586853,EXP_LinearModel_Alpha158_csi300_custom_step0_s_20260728_15,4742b0f1a39c462c8680b4e2285b1d69,0.075,,,
420,2026-07-28,SZ000975,-0.13491448760032654,EXP_LinearModel_Alpha158_csi300_custom_step0_s_20260728_15,4742b0f1a39c462c8680b4e2285b1d69,0.075,,,
421,2026-07-28,SZ000977,0.03609595075249672,EXP_LinearModel_Alpha158_csi300_custom_step0_s_20260728_15,4742b0f1a39c462c8680b4e2285b1d69,0.075,,,
422,2026-07-28,SZ000988,0.5033026337623596,EXP_LinearModel_Alpha158_csi300_custom_step0_s_20260728_15,4742b0f1a39c462c8680b4e2285b1d69,0.075,,,
423,2026-07-28,SZ002311,0.032010287046432495,EXP_LinearModel_Alpha158_csi300_custom_step0_s_20260728_15,4742b0f1a39c462c8680b4e2285b1d69,0.075,,,
424,2026-07-28,SZ002304,-0.03509526699781418,EXP_LinearModel_Alpha158_csi300_custom_step0_s_20260728_15,4742b0f1a39c462c8680b4e2285b1d69,0.075,,,
425,2026-07-28,SZ002241,-0.06083165481686592,EXP_LinearModel_Alpha158_csi300_custom_step0_s_20260728_15,4742b0f1a39c462c8680b4e2285b1d69,0.075,,,
426,2026-07-28,SZ002236,-0.00442358897998929,EXP_LinearModel_Alpha158_csi300_custom_step0_s_20260728_15,4742b0f1a39c462c8680b4e2285b1d69,0.075,,,
427,2026-07-28,SZ002230,-0.02920103818178177,EXP_LinearModel_Alpha158_csi300_custom_step0_s_20260728_15,4742b0f1a39c462c8680b4e2285b1d69,0.075,,,
428,2026-07-28,SZ002202,0.048364534974098206,EXP_LinearModel_Alpha158_csi300_custom_step0_s_20260728_15,4742b0f1a39c462c8680b4e2285b1d69,0.075,,,
429,2026-07-28,SZ002179,0.11205355823040009,EXP_LinearModel_Alpha158_csi300_custom_step0_s_20260728_15,4742b0f1a39c462c8680b4e2285b1d69,0.075,,,
430,2026-07-28,SZ002142,0.03303537145256996,EXP_LinearModel_Alpha158_csi300_custom_step0_s_20260728_15,4742b0f1a39c462c8680b4e2285b1d69,0.075,,,
431,2026-07-28,SZ002074,-0.12842443585395813,EXP_LinearModel_Alpha158_csi300_custom_step0_s_20260728_15,4742b0f1a39c462c8680b4e2285b1d69,0.075,,,
432,2026-07-28,SZ002050,0.010830296203494072,EXP_LinearModel_Alpha158_csi300_custom_step0_s_20260728_15,4742b0f1a39c462c8680b4e2285b1d69,0.075,,,
433,2026-07-28,SZ002049,0.1575804352760315,EXP_LinearModel_Alpha158_csi300_custom_step0_s_20260728_15,4742b0f1a39c462c8680b4e2285b1d69,0.075,,,
434,2026-07-28,SZ002028,-0.038446661084890366,EXP_LinearModel_Alpha158_csi300_custom_step0_s_20260728_15,4742b0f1a39c462c8680b4e2285b1d69,0.075,,,
435,2026-07-28,SZ002027,0.08069586753845215,EXP_LinearModel_Alpha158_csi300_custom_step0_s_20260728_15,4742b0f1a39c462c8680b4e2285b1d69,0.075,,,
436,2026-07-28,SZ002001,-0.1251806914806366,EXP_LinearModel_Alpha158_csi300_custom_step0_s_20260728_15,4742b0f1a39c462c8680b4e2285b1d69,0.075,,,
437,2026-07-28,SZ001979,0.06559021025896072,EXP_LinearModel_Alpha158_csi300_custom_step0_s_20260728_15,4742b0f1a39c462c8680b4e2285b1d69,0.075,,,
438,2026-07-28,SZ001965,-0.10667748004198074,EXP_LinearModel_Alpha158_csi300_custom_step0_s_20260728_15,4742b0f1a39c462c8680b4e2285b1d69,0.075,,,
439,2026-07-28,SZ001391,0.05705031380057335,EXP_LinearModel_Alpha158_csi300_custom_step0_s_20260728_15,4742b0f1a39c462c8680b4e2285b1d69,0.075,,,
440,2026-07-28,SZ001280,0.049249447882175446,EXP_LinearModel_Alpha158_csi300_custom_step0_s_20260728_15,4742b0f1a39c462c8680b4e2285b1d69,0.075,,,
441,2026-07-28,SZ000999,-0.08894747495651245,EXP_LinearModel_Alpha158_csi300_custom_step0_s_20260728_15,4742b0f1a39c462c8680b4e2285b1d69,0.075,,,
442,2026-07-28,SZ300498,0.05585744231939316,EXP_LinearModel_Alpha158_csi300_custom_step0_s_20260728_15,4742b0f1a39c462c8680b4e2285b1d69,0.075,,,
443,2026-07-28,SZ000408,-0.041306957602500916,EXP_LinearModel_Alpha158_csi300_custom_step0_s_20260728_15,4742b0f1a39c462c8680b4e2285b1d69,0.075,,,
444,2026-07-28,SZ300502,0.10884635150432587,EXP_LinearModel_Alpha158_csi300_custom_step0_s_20260728_15,4742b0f1a39c462c8680b4e2285b1d69,0.075,,,
445,2026-07-28,SZ300661,-0.06638456881046295,EXP_LinearModel_Alpha158_csi300_custom_step0_s_20260728_15,4742b0f1a39c462c8680b4e2285b1d69,0.075,,,
446,2026-07-28,SH600515,0.017190594226121902,EXP_LinearModel_Alpha158_csi300_custom_step0_s_20260728_15,089d281987e6428eb2fc4d71a4c47d99,0.01,,,
447,2026-07-28,SH600489,-0.01290128380060196,EXP_LinearModel_Alpha158_csi300_custom_step0_s_20260728_15,089d281987e6428eb2fc4d71a4c47d99,0.01,,,
448,2026-07-28,SH600482,0.05423726513981819,EXP_LinearModel_Alpha158_csi300_custom_step0_s_20260728_15,089d281987e6428eb2fc4d71a4c47d99,0.01,,,
449,2026-07-28,SH600460,0.6152087450027466,EXP_LinearModel_Alpha158_csi300_custom_step0_s_20260728_15,089d281987e6428eb2fc4d71a4c47d99,0.01,,,
450,2026-07-28,SH600438,0.04351212456822395,EXP_LinearModel_Alpha158_csi300_custom_step0_s_20260728_15,089d281987e6428eb2fc4d71a4c47d99,0.01,,,
451,2026-07-28,SH600436,0.07104447484016418,EXP_LinearModel_Alpha158_csi300_custom_step0_s_20260728_15,089d281987e6428eb2fc4d71a4c47d99,0.01,,,
452,2026-07-28,SH600426,0.10316786170005798,EXP_LinearModel_Alpha158_csi300_custom_step0_s_20260728_15,089d281987e6428eb2fc4d71a4c47d99,0.01,,,
453,2026-07-28,SH600415,-0.024004364386200905,EXP_LinearModel_Alpha158_csi300_custom_step0_s_20260728_15,089d281987e6428eb2fc4d71a4c47d99,0.01,,,
454,2026-07-28,SH600519,0.0243285670876503,EXP_LinearModel_Alpha158_csi300_custom_step0_s_20260728_15,089d281987e6428eb2fc4d71a4c47d99,0.01,,,
455,2026-07-28,SH600406,0.050644077360630035,EXP_LinearModel_Alpha158_csi300_custom_step0_s_20260728_15,089d281987e6428eb2fc4d71a4c47d99,0.01,,,
456,2026-07-28,SH600362,0.008509758859872818,EXP_LinearModel_Alpha158_csi300_custom_step0_s_20260728_15,089d281987e6428eb2fc4d71a4c47d99,0.01,,,
457,2026-07-28,SH600346,0.02570202201604843,EXP_LinearModel_Alpha158_csi300_custom_step0_s_20260728_15,089d281987e6428eb2fc4d71a4c47d99,0.01,,,
458,2026-07-28,SH600309,-0.05815567821264267,EXP_LinearModel_Alpha158_csi300_custom_step0_s_20260728_15,089d281987e6428eb2fc4d71a4c47d99,0.01,,,
459,2026-07-28,SH600276,0.0416201651096344,EXP_LinearModel_Alpha158_csi300_custom_step0_s_20260728_15,089d281987e6428eb2fc4d71a4c47d99,0.01,,,
460,2026-07-28,SH600233,-0.06545650959014893,EXP_LinearModel_Alpha158_csi300_custom_step0_s_20260728_15,089d281987e6428eb2fc4d71a4c47d99,0.01,,,
461,2026-07-28,SH600221,0.009787995368242264,EXP_LinearModel_Alpha158_csi300_custom_step0_s_20260728_15,089d281987e6428eb2fc4d71a4c47d99,0.01,,,
462,2026-07-28,SH600219,-0.05196979269385338,EXP_LinearModel_Alpha158_csi300_custom_step0_s_20260728_15,089d281987e6428eb2fc4d71a4c47d99,0.01,,,
463,2026-07-28,SH600196,-0.014870933257043362,EXP_LinearModel_Alpha158_csi300_custom_step0_s_20260728_15,089d281987e6428eb2fc4d71a4c47d99,0.01,,,
464,2026-07-28,SH600372,0.016695287078619003,EXP_LinearModel_Alpha158_csi300_custom_step0_s_20260728_15,089d281987e6428eb2fc4d71a4c47d99,0.01,,,
465,2026-07-28,SH600188,-0.02928311750292778,EXP_LinearModel_Alpha158_csi300_custom_step0_s_20260728_15,089d281987e6428eb2fc4d71a4c47d99,0.01,,,
466,2026-07-28,SH600522,0.9412089586257935,EXP_LinearModel_Alpha158_csi300_custom_step0_s_20260728_15,089d281987e6428eb2fc4d71a4c47d99,0.01,,,
467,2026-07-28,SH600549,0.7021363973617554,EXP_LinearModel_Alpha158_csi300_custom_step0_s_20260728_15,089d281987e6428eb2fc4d71a4c47d99,0.01,,,
468,2026-07-28,SH600893,0.08261348307132721,EXP_LinearModel_Alpha158_csi300_custom_step0_s_20260728_15,089d281987e6428eb2fc4d71a4c47d99,0.01,,,
469,2026-07-28,SH600887,0.010950924828648567,EXP_LinearModel_Alpha158_csi300_custom_step0_s_20260728_15,089d281987e6428eb2fc4d71a4c47d99,0.01,,,
470,2026-07-28,SH600886,0.08047676831483841,EXP_LinearModel_Alpha158_csi300_custom_step0_s_20260728_15,089d281987e6428eb2fc4d71a4c47d99,0.01,,,
471,2026-07-28,SH600875,0.0957278236746788,EXP_LinearModel_Alpha158_csi300_custom_step0_s_20260728_15,089d281987e6428eb2fc4d71a4c47d99,0.01,,,
472,2026-07-28,SH600845,0.15443934500217438,EXP_LinearModel_Alpha158_csi300_custom_step0_s_20260728_15,089d281987e6428eb2fc4d71a4c47d99,0.01,,,
473,2026-07-28,SH600809,0.013958524912595749,EXP_LinearModel_Alpha158_csi300_custom_step0_s_20260728_15,089d281987e6428eb2fc4d71a4c47d99,0.01,,,
474,2026-07-28,SH600803,0.10365510731935501,EXP_LinearModel_Alpha158_csi300_custom_step0_s_20260728_15,089d281987e6428eb2fc4d71a4c47d99,0.01,,,
475,2026-07-28,SH600795,0.014741581864655018,EXP_LinearModel_Alpha158_csi300_custom_step0_s_20260728_15,089d281987e6428eb2fc4d71a4c47d99,0.01,,,
476,2026-07-28,SH600547,-0.06317945569753647,EXP_LinearModel_Alpha158_csi300_custom_step0_s_20260728_15,089d281987e6428eb2fc4d71a4c47d99,0.01,,,
477,2026-07-28,SH600760,-0.003499531652778387,EXP_LinearModel_Alpha158_csi300_custom_step0_s_20260728_15,089d281987e6428eb2fc4d71a4c47d99,0.01,,,
478,2026-07-28,SH600690,0.071774922311306,EXP_LinearModel_Alpha158_csi300_custom_step0_s_20260728_15,089d281987e6428eb2fc4d71a4c47d99,0.01,,,
479,2026-07-28,SH600674,0.07524485141038895,EXP_LinearModel_Alpha158_csi300_custom_step0_s_20260728_15,089d281987e6428eb2fc4d71a4c47d99,0.01,,,
480,2026-07-28,SH600660,0.1400630921125412,EXP_LinearModel_Alpha158_csi300_custom_step0_s_20260728_15,089d281987e6428eb2fc4d71a4c47d99,0.01,,,
481,2026-07-28,SH600600,-0.048342376947402954,EXP_LinearModel_Alpha158_csi300_custom_step0_s_20260728_15,089d281987e6428eb2fc4d71a4c47d99,0.01,,,
482,2026-07-28,SH600588,0.07621599733829498,EXP_LinearModel_Alpha158_csi300_custom_step0_s_20260728_15,089d281987e6428eb2fc4d71a4c47d99,0.01,,,
483,2026-07-28,SH600585,0.04084401577711105,EXP_LinearModel_Alpha158_csi300_custom_step0_s_20260728_15,089d281987e6428eb2fc4d71a4c47d99,0.01,,,
484,2026-07-28,SH600584,0.251600056886673,EXP_LinearModel_Alpha158_csi300_custom_step0_s_20260728_15,089d281987e6428eb2fc4d71a4c47d99,0.01,,,
485,2026-07-28,SH600570,0.01566092111170292,EXP_LinearModel_Alpha158_csi300_custom_step0_s_20260728_15,089d281987e6428eb2fc4d71a4c47d99,0.01,,,
486,2026-07-28,SH600741,0.03399238362908363,EXP_LinearModel_Alpha158_csi300_custom_step0_s_20260728_15,089d281987e6428eb2fc4d71a4c47d99,0.01,,,
487,2026-07-28,SH600183,0.3667566776275635,EXP_LinearModel_Alpha158_csi300_custom_step0_s_20260728_15,089d281987e6428eb2fc4d71a4c47d99,0.01,,,
488,2026-07-28,SH600176,0.6032856106758118,EXP_LinearModel_Alpha158_csi300_custom_step0_s_20260728_15,089d281987e6428eb2fc4d71a4c47d99,0.01,,,
489,2026-07-28,SH600160,0.16991762816905975,EXP_LinearModel_Alpha158_csi300_custom_step0_s_20260728_15,089d281987e6428eb2fc4d71a4c47d99,0.01,,,
490,2026-07-28,SH600016,0.030138596892356873,EXP_LinearModel_Alpha158_csi300_custom_step0_s_20260728_15,089d281987e6428eb2fc4d71a4c47d99,0.01,,,
491,2026-07-28,SH600015,-0.04773343726992607,EXP_LinearModel_Alpha158_csi300_custom_step0_s_20260728_15,089d281987e6428eb2fc4d71a4c47d99,0.01,,,
492,2026-07-28,SH600011,-0.023771926760673523,EXP_LinearModel_Alpha158_csi300_custom_step0_s_20260728_15,089d281987e6428eb2fc4d71a4c47d99,0.01,,,
493,2026-07-28,SH600010,0.05715293064713478,EXP_LinearModel_Alpha158_csi300_custom_step0_s_20260728_15,089d281987e6428eb2fc4d71a4c47d99,0.01,,,
494,2026-07-28,SH600009,0.05243891105055809,EXP_LinearModel_Alpha158_csi300_custom_step0_s_20260728_15,089d281987e6428eb2fc4d71a4c47d99,0.01,,,
495,2026-07-28,SH600000,-0.020687226206064224,EXP_LinearModel_Alpha158_csi300_custom_step0_s_20260728_15,089d281987e6428eb2fc4d71a4c47d99,0.01,,,
496,2026-07-28,SZ302132,-0.09150877594947815,EXP_LinearModel_Alpha158_csi300_custom_step0_s_20260728_15,4742b0f1a39c462c8680b4e2285b1d69,0.075,,,
497,2026-07-28,SZ301308,0.40776026248931885,EXP_LinearModel_Alpha158_csi300_custom_step0_s_20260728_15,4742b0f1a39c462c8680b4e2285b1d69,0.075,,,
498,2026-07-28,SH600018,0.013407542370259762,EXP_LinearModel_Alpha158_csi300_custom_step0_s_20260728_15,089d281987e6428eb2fc4d71a4c47d99,0.01,,,
499,2026-07-28,SZ301269,0.17883171141147614,EXP_LinearModel_Alpha158_csi300_custom_step0_s_20260728_15,4742b0f1a39c462c8680b4e2285b1d69,0.075,,,
500,2026-07-28,SZ301165,0.08254300802946091,EXP_LinearModel_Alpha158_csi300_custom_step0_s_20260728_15,4742b0f1a39c462c8680b4e2285b1d69,0.075,,,
501,2026-07-28,SZ300999,0.024265196174383163,EXP_LinearModel_Alpha158_csi300_custom_step0_s_20260728_15,4742b0f1a39c462c8680b4e2285b1d69,0.075,,,
502,2026-07-28,SZ300896,-0.05410230532288551,EXP_LinearModel_Alpha158_csi300_custom_step0_s_20260728_15,4742b0f1a39c462c8680b4e2285b1d69,0.075,,,
503,2026-07-28,SZ300866,-0.03741947188973427,EXP_LinearModel_Alpha158_csi300_custom_step0_s_20260728_15,4742b0f1a39c462c8680b4e2285b1d69,0.075,,,
504,2026-07-28,SZ300832,0.03382659703493118,EXP_LinearModel_Alpha158_csi300_custom_step0_s_20260728_15,4742b0f1a39c462c8680b4e2285b1d69,0.075,,,
505,2026-07-28,SZ300803,0.08839095383882523,EXP_LinearModel_Alpha158_csi300_custom_step0_s_20260728_15,4742b0f1a39c462c8680b4e2285b1d69,0.075,,,
506,2026-07-28,SZ300760,0.03743842989206314,EXP_LinearModel_Alpha158_csi300_custom_step0_s_20260728_15,4742b0f1a39c462c8680b4e2285b1d69,0.075,,,
507,2026-07-28,SZ300750,0.002989494940266013,EXP_LinearModel_Alpha158_csi300_custom_step0_s_20260728_15,4742b0f1a39c462c8680b4e2285b1d69,0.075,,,
508,2026-07-28,SZ301236,0.08273754268884659,EXP_LinearModel_Alpha158_csi300_custom_step0_s_20260728_15,4742b0f1a39c462c8680b4e2285b1d69,0.075,,,
509,2026-07-28,SH600019,-0.0036003324203193188,EXP_LinearModel_Alpha158_csi300_custom_step0_s_20260728_15,089d281987e6428eb2fc4d71a4c47d99,0.01,,,
510,2026-07-28,SH600023,0.1355777382850647,EXP_LinearModel_Alpha158_csi300_custom_step0_s_20260728_15,089d281987e6428eb2fc4d71a4c47d99,0.01,,,
511,2026-07-28,SH600025,0.0009613365400582552,EXP_LinearModel_Alpha158_csi300_custom_step0_s_20260728_15,089d281987e6428eb2fc4d71a4c47d99,0.01,,,
512,2026-07-28,SH600150,-0.02792532742023468,EXP_LinearModel_Alpha158_csi300_custom_step0_s_20260728_15,089d281987e6428eb2fc4d71a4c47d99,0.01,,,
513,2026-07-28,SH600118,0.6013665199279785,EXP_LinearModel_Alpha158_csi300_custom_step0_s_20260728_15,089d281987e6428eb2fc4d71a4c47d99,0.01,,,
514,2026-07-28,SH600115,0.041211746633052826,EXP_LinearModel_Alpha158_csi300_custom_step0_s_20260728_15,089d281987e6428eb2fc4d71a4c47d99,0.01,,,
515,2026-07-28,SH600111,0.19576799869537354,EXP_LinearModel_Alpha158_csi300_custom_step0_s_20260728_15,089d281987e6428eb2fc4d71a4c47d99,0.01,,,
516,2026-07-28,SH600104,0.06634581834077835,EXP_LinearModel_Alpha158_csi300_custom_step0_s_20260728_15,089d281987e6428eb2fc4d71a4c47d99,0.01,,,
517,2026-07-28,SH600089,0.06358844041824341,EXP_LinearModel_Alpha158_csi300_custom_step0_s_20260728_15,089d281987e6428eb2fc4d71a4c47d99,0.01,,,
518,2026-07-28,SH600085,0.015533395111560822,EXP_LinearModel_Alpha158_csi300_custom_step0_s_20260728_15,089d281987e6428eb2fc4d71a4c47d99,0.01,,,
519,2026-07-28,SH600066,0.028907032683491707,EXP_LinearModel_Alpha158_csi300_custom_step0_s_20260728_15,089d281987e6428eb2fc4d71a4c47d99,0.01,,,
520,2026-07-28,SH600061,0.0034706173464655876,EXP_LinearModel_Alpha158_csi300_custom_step0_s_20260728_15,089d281987e6428eb2fc4d71a4c47d99,0.01,,,
521,2026-07-28,SH600050,0.05837836116552353,EXP_LinearModel_Alpha158_csi300_custom_step0_s_20260728_15,089d281987e6428eb2fc4d71a4c47d99,0.01,,,
522,2026-07-28,SH600048,0.11467408388853073,EXP_LinearModel_Alpha158_csi300_custom_step0_s_20260728_15,089d281987e6428eb2fc4d71a4c47d99,0.01,,,
523,2026-07-28,SH600039,0.018770191818475723,EXP_LinearModel_Alpha158_csi300_custom_step0_s_20260728_15,089d281987e6428eb2fc4d71a4c47d99,0.01,,,
524,2026-07-28,SH600036,0.035560790449380875,EXP_LinearModel_Alpha158_csi300_custom_step0_s_20260728_15,089d281987e6428eb2fc4d71a4c47d99,0.01,,,
525,2026-07-28,SH600031,0.03064463660120964,EXP_LinearModel_Alpha158_csi300_custom_step0_s_20260728_15,089d281987e6428eb2fc4d71a4c47d99,0.01,,,
526,2026-07-28,SH600030,-0.06979809701442719,EXP_LinearModel_Alpha158_csi300_custom_step0_s_20260728_15,089d281987e6428eb2fc4d71a4c47d99,0.01,,,
527,2026-07-28,SH600029,0.049013737589120865,EXP_LinearModel_Alpha158_csi300_custom_step0_s_20260728_15,089d281987e6428eb2fc4d71a4c47d99,0.01,,,
528,2026-07-28,SH600028,0.07208029925823212,EXP_LinearModel_Alpha158_csi300_custom_step0_s_20260728_15,089d281987e6428eb2fc4d71a4c47d99,0.01,,,
529,2026-07-28,SH600027,-0.0540534183382988,EXP_LinearModel_Alpha158_csi300_custom_step0_s_20260728_15,089d281987e6428eb2fc4d71a4c47d99,0.01,,,
530,2026-07-28,SH600026,0.09748486429452896,EXP_LinearModel_Alpha158_csi300_custom_step0_s_20260728_15,089d281987e6428eb2fc4d71a4c47d99,0.01,,,
531,2026-07-28,SZ300628,0.03580577298998833,EXP_LinearModel_Alpha158_csi300_custom_step0_s_20260728_15,4742b0f1a39c462c8680b4e2285b1d69,0.075,,,
532,2026-07-28,SH600050,0.051779117435216904,EXP_LinearModel_Alpha158_csi300_custom_step0_s_20260728_15,4742b0f1a39c462c8680b4e2285b1d69,0.075,,,
533,2026-07-28,SZ000338,-0.09244389086961746,EXP_LinearModel_Alpha158_csi300_custom_step0_s_20260728_15,4742b0f1a39c462c8680b4e2285b1d69,0.075,,,
534,2026-07-28,SZ000301,-0.005426052957773209,EXP_LinearModel_Alpha158_csi300_custom_step0_s_20260728_15,4742b0f1a39c462c8680b4e2285b1d69,0.075,,,
535,2026-07-28,SH600999,-0.041827455163002014,EXP_LinearModel_Alpha158_csi300_custom_step0_s_20260728_15,4742b0f1a39c462c8680b4e2285b1d69,0.075,,,
536,2026-07-28,SH600989,-0.020938534289598465,EXP_LinearModel_Alpha158_csi300_custom_step0_s_20260728_15,4742b0f1a39c462c8680b4e2285b1d69,0.075,,,
537,2026-07-28,SH600958,,EXP_LinearModel_Alpha158_csi300_custom_step0_s_20260728_15,4742b0f1a39c462c8680b4e2285b1d69,0.075,,,
538,2026-07-28,SH600941,-0.011450918391346931,EXP_LinearModel_Alpha158_csi300_custom_step0_s_20260728_15,4742b0f1a39c462c8680b4e2285b1d69,0.075,,,
539,2026-07-28,SH600938,0.026289846748113632,EXP_LinearModel_Alpha158_csi300_custom_step0_s_20260728_15,4742b0f1a39c462c8680b4e2285b1d69,0.075,,,
540,2026-07-28,SH600930,0.13742685317993164,EXP_LinearModel_Alpha158_csi300_custom_step0_s_20260728_15,4742b0f1a39c462c8680b4e2285b1d69,0.075,,,
541,2026-07-28,SH600926,0.0604531466960907,EXP_LinearModel_Alpha158_csi300_custom_step0_s_20260728_15,4742b0f1a39c462c8680b4e2285b1d69,0.075,,,
542,2026-07-28,SH600919,0.05402780696749687,EXP_LinearModel_Alpha158_csi300_custom_step0_s_20260728_15,4742b0f1a39c462c8680b4e2285b1d69,0.075,,,
543,2026-07-28,SH601006,0.025867583230137825,EXP_LinearModel_Alpha158_csi300_custom_step0_s_20260728_15,4742b0f1a39c462c8680b4e2285b1d69,0.075,,,
544,2026-07-28,SH600918,-0.01753579080104828,EXP_LinearModel_Alpha158_csi300_custom_step0_s_20260728_15,4742b0f1a39c462c8680b4e2285b1d69,0.075,,,
545,2026-07-28,SH600900,0.037638504058122635,EXP_LinearModel_Alpha158_csi300_custom_step0_s_20260728_15,4742b0f1a39c462c8680b4e2285b1d69,0.075,,,
546,2026-07-28,SH600893,-0.056333813816308975,EXP_LinearModel_Alpha158_csi300_custom_step0_s_20260728_15,4742b0f1a39c462c8680b4e2285b1d69,0.075,,,
547,2026-07-28,SH600887,0.001004321500658989,EXP_LinearModel_Alpha158_csi300_custom_step0_s_20260728_15,4742b0f1a39c462c8680b4e2285b1d69,0.075,,,
548,2026-07-28,SH600886,0.08615036308765411,EXP_LinearModel_Alpha158_csi300_custom_step0_s_20260728_15,4742b0f1a39c462c8680b4e2285b1d69,0.075,,,
549,2026-07-28,SH600875,-0.041006073355674744,EXP_LinearModel_Alpha158_csi300_custom_step0_s_20260728_15,4742b0f1a39c462c8680b4e2285b1d69,0.075,,,
550,2026-07-28,SH600845,0.04326317086815834,EXP_LinearModel_Alpha158_csi300_custom_step0_s_20260728_15,4742b0f1a39c462c8680b4e2285b1d69,0.075,,,
551,2026-07-28,SH600809,-0.025782078504562378,EXP_LinearModel_Alpha158_csi300_custom_step0_s_20260728_15,4742b0f1a39c462c8680b4e2285b1d69,0.075,,,
552,2026-07-28,SH600803,0.07440567016601562,EXP_LinearModel_Alpha158_csi300_custom_step0_s_20260728_15,4742b0f1a39c462c8680b4e2285b1d69,0.075,,,
553,2026-07-28,SH600905,0.06246863678097725,EXP_LinearModel_Alpha158_csi300_custom_step0_s_20260728_15,4742b0f1a39c462c8680b4e2285b1d69,0.075,,,
554,2026-07-28,SH600795,0.037850286811590195,EXP_LinearModel_Alpha158_csi300_custom_step0_s_20260728_15,4742b0f1a39c462c8680b4e2285b1d69,0.075,,,
555,2026-07-28,SH601009,0.018827099353075027,EXP_LinearModel_Alpha158_csi300_custom_step0_s_20260728_15,4742b0f1a39c462c8680b4e2285b1d69,0.075,,,
556,2026-07-28,SH601018,0.004408951383084059,EXP_LinearModel_Alpha158_csi300_custom_step0_s_20260728_15,4742b0f1a39c462c8680b4e2285b1d69,0.075,,,
557,2026-07-28,SH601229,-0.0517725944519043,EXP_LinearModel_Alpha158_csi300_custom_step0_s_20260728_15,4742b0f1a39c462c8680b4e2285b1d69,0.075,,,
558,2026-07-28,SH601225,0.006426782812923193,EXP_LinearModel_Alpha158_csi300_custom_step0_s_20260728_15,4742b0f1a39c462c8680b4e2285b1d69,0.075,,,
559,2026-07-28,SH601211,-0.12549395859241486,EXP_LinearModel_Alpha158_csi300_custom_step0_s_20260728_15,4742b0f1a39c462c8680b4e2285b1d69,0.075,,,
560,2026-07-28,SH601186,0.016008878126740456,EXP_LinearModel_Alpha158_csi300_custom_step0_s_20260728_15,4742b0f1a39c462c8680b4e2285b1d69,0.075,,,
561,2026-07-28,SH601169,0.11334975063800812,EXP_LinearModel_Alpha158_csi300_custom_step0_s_20260728_15,4742b0f1a39c462c8680b4e2285b1d69,0.075,,,
562,2026-07-28,SH601166,-0.004715947434306145,EXP_LinearModel_Alpha158_csi300_custom_step0_s_20260728_15,4742b0f1a39c462c8680b4e2285b1d69,0.075,,,
563,2026-07-28,SH601138,0.005289526656270027,EXP_LinearModel_Alpha158_csi300_custom_step0_s_20260728_15,4742b0f1a39c462c8680b4e2285b1d69,0.075,,,
564,2026-07-28,SH601136,-0.08804121613502502,EXP_LinearModel_Alpha158_csi300_custom_step0_s_20260728_15,4742b0f1a39c462c8680b4e2285b1d69,0.075,,,
565,2026-07-28,SH601012,-0.0798584520816803,EXP_LinearModel_Alpha158_csi300_custom_step0_s_20260728_15,4742b0f1a39c462c8680b4e2285b1d69,0.075,,,
566,2026-07-28,SH601127,-0.030111270025372505,EXP_LinearModel_Alpha158_csi300_custom_step0_s_20260728_15,4742b0f1a39c462c8680b4e2285b1d69,0.075,,,
567,2026-07-28,SH601111,-0.05338318273425102,EXP_LinearModel_Alpha158_csi300_custom_step0_s_20260728_15,4742b0f1a39c462c8680b4e2285b1d69,0.075,,,
568,2026-07-28,SH601100,-0.017781099304556847,EXP_LinearModel_Alpha158_csi300_custom_step0_s_20260728_15,4742b0f1a39c462c8680b4e2285b1d69,0.075,,,
569,2026-07-28,SH601088,-0.03664197027683258,EXP_LinearModel_Alpha158_csi300_custom_step0_s_20260728_15,4742b0f1a39c462c8680b4e2285b1d69,0.075,,,
570,2026-07-28,SH601077,0.057776451110839844,EXP_LinearModel_Alpha158_csi300_custom_step0_s_20260728_15,4742b0f1a39c462c8680b4e2285b1d69,0.075,,,
571,2026-07-28,SH601066,0.03067602589726448,EXP_LinearModel_Alpha158_csi300_custom_step0_s_20260728_15,4742b0f1a39c462c8680b4e2285b1d69,0.075,,,
572,2026-07-28,SH601059,-0.08533775806427002,EXP_LinearModel_Alpha158_csi300_custom_step0_s_20260728_15,4742b0f1a39c462c8680b4e2285b1d69,0.075,,,
573,2026-07-28,SH601058,0.01976771652698517,EXP_LinearModel_Alpha158_csi300_custom_step0_s_20260728_15,4742b0f1a39c462c8680b4e2285b1d69,0.075,,,
574,2026-07-28,SH601021,0.015062416903674603,EXP_LinearModel_Alpha158_csi300_custom_step0_s_20260728_15,4742b0f1a39c462c8680b4e2285b1d69,0.075,,,
575,2026-07-28,SH601117,-0.02867472544312477,EXP_LinearModel_Alpha158_csi300_custom_step0_s_20260728_15,4742b0f1a39c462c8680b4e2285b1d69,0.075,,,
576,2026-07-28,SH600760,-0.08630434423685074,EXP_LinearModel_Alpha158_csi300_custom_step0_s_20260728_15,4742b0f1a39c462c8680b4e2285b1d69,0.075,,,
577,2026-07-28,SH600741,0.012105205096304417,EXP_LinearModel_Alpha158_csi300_custom_step0_s_20260728_15,4742b0f1a39c462c8680b4e2285b1d69,0.075,,,
578,2026-07-28,SH600690,0.028279265388846397,EXP_LinearModel_Alpha158_csi300_custom_step0_s_20260728_15,4742b0f1a39c462c8680b4e2285b1d69,0.075,,,
579,2026-07-28,SH600309,-0.11907821148633957,EXP_LinearModel_Alpha158_csi300_custom_step0_s_20260728_15,4742b0f1a39c462c8680b4e2285b1d69,0.075,,,
580,2026-07-28,SH600276,-0.033864546567201614,EXP_LinearModel_Alpha158_csi300_custom_step0_s_20260728_15,4742b0f1a39c462c8680b4e2285b1d69,0.075,,,
581,2026-07-28,SH600233,-0.08021551370620728,EXP_LinearModel_Alpha158_csi300_custom_step0_s_20260728_15,4742b0f1a39c462c8680b4e2285b1d69,0.075,,,
582,2026-07-28,SH600221,0.04708705469965935,EXP_LinearModel_Alpha158_csi300_custom_step0_s_20260728_15,4742b0f1a39c462c8680b4e2285b1d69,0.075,,,
583,2026-07-28,SH600219,-0.060243044048547745,EXP_LinearModel_Alpha158_csi300_custom_step0_s_20260728_15,4742b0f1a39c462c8680b4e2285b1d69,0.075,,,
584,2026-07-28,SH600196,-0.06584899127483368,EXP_LinearModel_Alpha158_csi300_custom_step0_s_20260728_15,4742b0f1a39c462c8680b4e2285b1d69,0.075,,,
585,2026-07-28,SH600188,-0.10650308430194855,EXP_LinearModel_Alpha158_csi300_custom_step0_s_20260728_15,4742b0f1a39c462c8680b4e2285b1d69,0.075,,,
586,2026-07-28,SH600183,0.2539651095867157,EXP_LinearModel_Alpha158_csi300_custom_step0_s_20260728_15,4742b0f1a39c462c8680b4e2285b1d69,0.075,,,
587,2026-07-28,SH600346,-0.03715651482343674,EXP_LinearModel_Alpha158_csi300_custom_step0_s_20260728_15,4742b0f1a39c462c8680b4e2285b1d69,0.075,,,
588,2026-07-28,SH600176,0.23796845972537994,EXP_LinearModel_Alpha158_csi300_custom_step0_s_20260728_15,4742b0f1a39c462c8680b4e2285b1d69,0.075,,,
589,2026-07-28,SH600150,-0.03965727612376213,EXP_LinearModel_Alpha158_csi300_custom_step0_s_20260728_15,4742b0f1a39c462c8680b4e2285b1d69,0.075,,,
590,2026-07-28,SH600118,0.19790345430374146,EXP_LinearModel_Alpha158_csi300_custom_step0_s_20260728_15,4742b0f1a39c462c8680b4e2285b1d69,0.075,,,
591,2026-07-28,SH600115,-0.0031635863706469536,EXP_LinearModel_Alpha158_csi300_custom_step0_s_20260728_15,4742b0f1a39c462c8680b4e2285b1d69,0.075,,,
592,2026-07-28,SH600111,0.14495901763439178,EXP_LinearModel_Alpha158_csi300_custom_step0_s_20260728_15,4742b0f1a39c462c8680b4e2285b1d69,0.075,,,
593,2026-07-28,SH600104,0.012929246760904789,EXP_LinearModel_Alpha158_csi300_custom_step0_s_20260728_15,4742b0f1a39c462c8680b4e2285b1d69,0.075,,,
594,2026-07-28,SH600089,0.0036074898671358824,EXP_LinearModel_Alpha158_csi300_custom_step0_s_20260728_15,4742b0f1a39c462c8680b4e2285b1d69,0.075,,,
595,2026-07-28,SH600085,-0.06492862105369568,EXP_LinearModel_Alpha158_csi300_custom_step0_s_20260728_15,4742b0f1a39c462c8680b4e2285b1d69,0.075,,,
596,2026-07-28,SH600066,0.022441552951931953,EXP_LinearModel_Alpha158_csi300_custom_step0_s_20260728_15,4742b0f1a39c462c8680b4e2285b1d69,0.075,,,
597,2026-07-28,SH600160,0.06854312121868134,EXP_LinearModel_Alpha158_csi300_custom_step0_s_20260728_15,4742b0f1a39c462c8680b4e2285b1d69,0.075,,,
598,2026-07-28,SH600362,-0.016302257776260376,EXP_LinearModel_Alpha158_csi300_custom_step0_s_20260728_15,4742b0f1a39c462c8680b4e2285b1d69,0.075,,,
599,2026-07-28,SH600372,-0.017171848565340042,EXP_LinearModel_Alpha158_csi300_custom_step0_s_20260728_15,4742b0f1a39c462c8680b4e2285b1d69,0.075,,,
600,2026-07-28,SH600406,0.03163912519812584,EXP_LinearModel_Alpha158_csi300_custom_step0_s_20260728_15,4742b0f1a39c462c8680b4e2285b1d69,0.075,,,
601,2026-07-28,SH600674,0.08811834454536438,EXP_LinearModel_Alpha158_csi300_custom_step0_s_20260728_15,4742b0f1a39c462c8680b4e2285b1d69,0.075,,,
602,2026-07-28,SH600660,0.058120403438806534,EXP_LinearModel_Alpha158_csi300_custom_step0_s_20260728_15,4742b0f1a39c462c8680b4e2285b1d69,0.075,,,
603,2026-07-28,SH600600,-0.03552129864692688,EXP_LinearModel_Alpha158_csi300_custom_step0_s_20260728_15,4742b0f1a39c462c8680b4e2285b1d69,0.075,,,
604,2026-07-28,SH600588,-0.017646320164203644,EXP_LinearModel_Alpha158_csi300_custom_step0_s_20260728_15,4742b0f1a39c462c8680b4e2285b1d69,0.075,,,
605,2026-07-28,SH600585,0.022827880457043648,EXP_LinearModel_Alpha158_csi300_custom_step0_s_20260728_15,4742b0f1a39c462c8680b4e2285b1d69,0.075,,,
606,2026-07-28,SH600584,0.08662410080432892,EXP_LinearModel_Alpha158_csi300_custom_step0_s_20260728_15,4742b0f1a39c462c8680b4e2285b1d69,0.075,,,
607,2026-07-28,SH600570,-0.03609878569841385,EXP_LinearModel_Alpha158_csi300_custom_step0_s_20260728_15,4742b0f1a39c462c8680b4e2285b1d69,0.075,,,
608,2026-07-28,SH600549,0.31492507457733154,EXP_LinearModel_Alpha158_csi300_custom_step0_s_20260728_15,4742b0f1a39c462c8680b4e2285b1d69,0.075,,,
609,2026-07-28,SH600547,-0.10662596672773361,EXP_LinearModel_Alpha158_csi300_custom_step0_s_20260728_15,4742b0f1a39c462c8680b4e2285b1d69,0.075,,,
610,2026-07-28,SH600522,0.5166879296302795,EXP_LinearModel_Alpha158_csi300_custom_step0_s_20260728_15,4742b0f1a39c462c8680b4e2285b1d69,0.075,,,
611,2026-07-28,SH600519,0.006349538452923298,EXP_LinearModel_Alpha158_csi300_custom_step0_s_20260728_15,4742b0f1a39c462c8680b4e2285b1d69,0.075,,,
612,2026-07-28,SH600515,-0.015431830659508705,EXP_LinearModel_Alpha158_csi300_custom_step0_s_20260728_15,4742b0f1a39c462c8680b4e2285b1d69,0.075,,,
613,2026-07-28,SH600489,-0.015221847221255302,EXP_LinearModel_Alpha158_csi300_custom_step0_s_20260728_15,4742b0f1a39c462c8680b4e2285b1d69,0.075,,,
614,2026-07-28,SH600482,-0.15422886610031128,EXP_LinearModel_Alpha158_csi300_custom_step0_s_20260728_15,4742b0f1a39c462c8680b4e2285b1d69,0.075,,,
615,2026-07-28,SH600460,0.24311968684196472,EXP_LinearModel_Alpha158_csi300_custom_step0_s_20260728_15,4742b0f1a39c462c8680b4e2285b1d69,0.075,,,
616,2026-07-28,SH600438,-0.06683168560266495,EXP_LinearModel_Alpha158_csi300_custom_step0_s_20260728_15,4742b0f1a39c462c8680b4e2285b1d69,0.075,,,
617,2026-07-28,SH600436,-0.022304154932498932,EXP_LinearModel_Alpha158_csi300_custom_step0_s_20260728_15,4742b0f1a39c462c8680b4e2285b1d69,0.075,,,
618,2026-07-28,SH600426,-0.03721893951296806,EXP_LinearModel_Alpha158_csi300_custom_step0_s_20260728_15,4742b0f1a39c462c8680b4e2285b1d69,0.075,,,
619,2026-07-28,SH600415,-0.02851841412484646,EXP_LinearModel_Alpha158_csi300_custom_step0_s_20260728_15,4742b0f1a39c462c8680b4e2285b1d69,0.075,,,
620,2026-07-28,SH601238,-0.0010016364976763725,EXP_LinearModel_Alpha158_csi300_custom_step0_s_20260728_15,4742b0f1a39c462c8680b4e2285b1d69,0.075,,,
621,2026-07-28,SZ000333,0.03497118875384331,EXP_LinearModel_Alpha158_csi300_custom_step0_s_20260728_15,4742b0f1a39c462c8680b4e2285b1d69,0.075,,,
622,2026-07-28,SH601288,0.00951146800071001,EXP_LinearModel_Alpha158_csi300_custom_step0_s_20260728_15,4742b0f1a39c462c8680b4e2285b1d69,0.075,,,
623,2026-07-28,SH601319,-0.08736953884363174,EXP_LinearModel_Alpha158_csi300_custom_step0_s_20260728_15,4742b0f1a39c462c8680b4e2285b1d69,0.075,,,
624,2026-07-28,SH688036,0.08338449150323868,EXP_LinearModel_Alpha158_csi300_custom_step0_s_20260728_15,4742b0f1a39c462c8680b4e2285b1d69,0.075,,,
625,2026-07-28,SH688012,0.09253282099962234,EXP_LinearModel_Alpha158_csi300_custom_step0_s_20260728_15,4742b0f1a39c462c8680b4e2285b1d69,0.075,,,
626,2026-07-28,SH688009,-0.00034195883199572563,EXP_LinearModel_Alpha158_csi300_custom_step0_s_20260728_15,4742b0f1a39c462c8680b4e2285b1d69,0.075,,,
627,2026-07-28,SH688008,0.0025206764694303274,EXP_LinearModel_Alpha158_csi300_custom_step0_s_20260728_15,4742b0f1a39c462c8680b4e2285b1d69,0.075,,,
628,2026-07-28,SH605499,-0.02277453802525997,EXP_LinearModel_Alpha158_csi300_custom_step0_s_20260728_15,4742b0f1a39c462c8680b4e2285b1d69,0.075,,,
629,2026-07-28,SH605117,0.0007343608886003494,EXP_LinearModel_Alpha158_csi300_custom_step0_s_20260728_15,4742b0f1a39c462c8680b4e2285b1d69,0.075,,,
630,2026-07-28,SH603993,-0.021803125739097595,EXP_LinearModel_Alpha158_csi300_custom_step0_s_20260728_15,4742b0f1a39c462c8680b4e2285b1d69,0.075,,,
631,2026-07-28,SH603986,0.27363866567611694,EXP_LinearModel_Alpha158_csi300_custom_step0_s_20260728_15,4742b0f1a39c462c8680b4e2285b1d69,0.075,,,
632,2026-07-28,SH688041,0.059562694281339645,EXP_LinearModel_Alpha158_csi300_custom_step0_s_20260728_15,4742b0f1a39c462c8680b4e2285b1d69,0.075,,,
633,2026-07-28,SH603893,0.08561212569475174,EXP_LinearModel_Alpha158_csi300_custom_step0_s_20260728_15,4742b0f1a39c462c8680b4e2285b1d69,0.075,,,
634,2026-07-28,SH603501,-0.006589613389223814,EXP_LinearModel_Alpha158_csi300_custom_step0_s_20260728_15,4742b0f1a39c462c8680b4e2285b1d69,0.075,,,
635,2026-07-28,SH603392,-0.14642173051834106,EXP_LinearModel_Alpha158_csi300_custom_step0_s_20260728_15,4742b0f1a39c462c8680b4e2285b1d69,0.075,,,
636,2026-07-28,SH603369,0.0003165099769830704,EXP_LinearModel_Alpha158_csi300_custom_step0_s_20260728_15,4742b0f1a39c462c8680b4e2285b1d69,0.075,,,
637,2026-07-28,SH603296,-0.12283214926719666,EXP_LinearModel_Alpha158_csi300_custom_step0_s_20260728_15,4742b0f1a39c462c8680b4e2285b1d69,0.075,,,
638,2026-07-28,SH603288,-0.02051355317234993,EXP_LinearModel_Alpha158_csi300_custom_step0_s_20260728_15,4742b0f1a39c462c8680b4e2285b1d69,0.075,,,
639,2026-07-28,SH603260,0.10313177853822708,EXP_LinearModel_Alpha158_csi300_custom_step0_s_20260728_15,4742b0f1a39c462c8680b4e2285b1d69,0.075,,,
640,2026-07-28,SH603259,0.009289776906371117,EXP_LinearModel_Alpha158_csi300_custom_step0_s_20260728_15,4742b0f1a39c462c8680b4e2285b1d69,0.075,,,
641,2026-07-28,SH603019,0.07599814236164093,EXP_LinearModel_Alpha158_csi300_custom_step0_s_20260728_15,4742b0f1a39c462c8680b4e2285b1d69,0.075,,,
642,2026-07-28,SH603799,0.01824331469833851,EXP_LinearModel_Alpha158_csi300_custom_step0_s_20260728_15,4742b0f1a39c462c8680b4e2285b1d69,0.075,,,
643,2026-07-28,SH601998,0.005415015388280153,EXP_LinearModel_Alpha158_csi300_custom_step0_s_20260728_15,4742b0f1a39c462c8680b4e2285b1d69,0.075,,,
644,2026-07-28,SH688047,0.24878671765327454,EXP_LinearModel_Alpha158_csi300_custom_step0_s_20260728_15,4742b0f1a39c462c8680b4e2285b1d69,0.075,,,
645,2026-07-28,SH688082,0.25641295313835144,EXP_LinearModel_Alpha158_csi300_custom_step0_s_20260728_15,4742b0f1a39c462c8680b4e2285b1d69,0.075,,,
646,2026-07-28,SZ000166,-0.00764652993530035,EXP_LinearModel_Alpha158_csi300_custom_step0_s_20260728_15,4742b0f1a39c462c8680b4e2285b1d69,0.075,,,
647,2026-07-28,SZ000157,-0.021442726254463196,EXP_LinearModel_Alpha158_csi300_custom_step0_s_20260728_15,4742b0f1a39c462c8680b4e2285b1d69,0.075,,,
648,2026-07-28,SZ000100,-0.07047751545906067,EXP_LinearModel_Alpha158_csi300_custom_step0_s_20260728_15,4742b0f1a39c462c8680b4e2285b1d69,0.075,,,
649,2026-07-28,SZ000063,-0.09898920357227325,EXP_LinearModel_Alpha158_csi300_custom_step0_s_20260728_15,4742b0f1a39c462c8680b4e2285b1d69,0.075,,,
650,2026-07-28,SZ000002,-0.07047435641288757,EXP_LinearModel_Alpha158_csi300_custom_step0_s_20260728_15,4742b0f1a39c462c8680b4e2285b1d69,0.075,,,
651,2026-07-28,SZ000001,0.03649776056408882,EXP_LinearModel_Alpha158_csi300_custom_step0_s_20260728_15,4742b0f1a39c462c8680b4e2285b1d69,0.075,,,
652,2026-07-28,SH688981,0.019362008199095726,EXP_LinearModel_Alpha158_csi300_custom_step0_s_20260728_15,4742b0f1a39c462c8680b4e2285b1d69,0.075,,,
653,2026-07-28,SH688521,0.1716804951429367,EXP_LinearModel_Alpha158_csi300_custom_step0_s_20260728_15,4742b0f1a39c462c8680b4e2285b1d69,0.075,,,
654,2026-07-28,SH688072,,EXP_LinearModel_Alpha158_csi300_custom_step0_s_20260728_15,4742b0f1a39c462c8680b4e2285b1d69,0.075,,,
655,2026-07-28,SH688506,0.01074978243559599,EXP_LinearModel_Alpha158_csi300_custom_step0_s_20260728_15,4742b0f1a39c462c8680b4e2285b1d69,0.075,,,
656,2026-07-28,SH688396,0.16182772815227509,EXP_LinearModel_Alpha158_csi300_custom_step0_s_20260728_15,4742b0f1a39c462c8680b4e2285b1d69,0.075,,,
657,2026-07-28,SH688303,0.0395800955593586,EXP_LinearModel_Alpha158_csi300_custom_step0_s_20260728_15,4742b0f1a39c462c8680b4e2285b1d69,0.075,,,
658,2026-07-28,SH688271,-0.057538725435733795,EXP_LinearModel_Alpha158_csi300_custom_step0_s_20260728_15,4742b0f1a39c462c8680b4e2285b1d69,0.075,,,
659,2026-07-28,SH688256,-0.05230851098895073,EXP_LinearModel_Alpha158_csi300_custom_step0_s_20260728_15,4742b0f1a39c462c8680b4e2285b1d69,0.075,,,
660,2026-07-28,SH688223,0.0017290832474827766,EXP_LinearModel_Alpha158_csi300_custom_step0_s_20260728_15,4742b0f1a39c462c8680b4e2285b1d69,0.075,,,
661,2026-07-28,SH688183,0.21728964149951935,EXP_LinearModel_Alpha158_csi300_custom_step0_s_20260728_15,4742b0f1a39c462c8680b4e2285b1d69,0.075,,,
662,2026-07-28,SH688126,0.2945327162742615,EXP_LinearModel_Alpha158_csi300_custom_step0_s_20260728_15,4742b0f1a39c462c8680b4e2285b1d69,0.075,,,
663,2026-07-28,SH688111,-0.06508327275514603,EXP_LinearModel_Alpha158_csi300_custom_step0_s_20260728_15,4742b0f1a39c462c8680b4e2285b1d69,0.075,,,
664,2026-07-28,SH688472,-0.0345713347196579,EXP_LinearModel_Alpha158_csi300_custom_step0_s_20260728_15,4742b0f1a39c462c8680b4e2285b1d69,0.075,,,
665,2026-07-28,SH601995,-0.05057285726070404,EXP_LinearModel_Alpha158_csi300_custom_step0_s_20260728_15,4742b0f1a39c462c8680b4e2285b1d69,0.075,,,
666,2026-07-28,SH601988,0.05076926201581955,EXP_LinearModel_Alpha158_csi300_custom_step0_s_20260728_15,4742b0f1a39c462c8680b4e2285b1d69,0.075,,,
667,2026-07-28,SH601985,0.0777963399887085,EXP_LinearModel_Alpha158_csi300_custom_step0_s_20260728_15,4742b0f1a39c462c8680b4e2285b1d69,0.075,,,
668,2026-07-28,SH601689,0.06449519842863083,EXP_LinearModel_Alpha158_csi300_custom_step0_s_20260728_15,4742b0f1a39c462c8680b4e2285b1d69,0.075,,,
669,2026-07-28,SH601688,-0.006686804816126823,EXP_LinearModel_Alpha158_csi300_custom_step0_s_20260728_15,4742b0f1a39c462c8680b4e2285b1d69,0.075,,,
670,2026-07-28,SH601669,-0.05780849605798721,EXP_LinearModel_Alpha158_csi300_custom_step0_s_20260728_15,4742b0f1a39c462c8680b4e2285b1d69,0.075,,,
671,2026-07-28,SH601668,0.0562935397028923,EXP_LinearModel_Alpha158_csi300_custom_step0_s_20260728_15,4742b0f1a39c462c8680b4e2285b1d69,0.075,,,
672,2026-07-28,SH601658,0.05934981256723404,EXP_LinearModel_Alpha158_csi300_custom_step0_s_20260728_15,4742b0f1a39c462c8680b4e2285b1d69,0.075,,,
673,2026-07-28,SH601633,-0.011772342957556248,EXP_LinearModel_Alpha158_csi300_custom_step0_s_20260728_15,4742b0f1a39c462c8680b4e2285b1d69,0.075,,,
674,2026-07-28,SH601628,0.01509305089712143,EXP_LinearModel_Alpha158_csi300_custom_step0_s_20260728_15,4742b0f1a39c462c8680b4e2285b1d69,0.075,,,
675,2026-07-28,SH601618,0.06729931384325027,EXP_LinearModel_Alpha158_csi300_custom_step0_s_20260728_15,4742b0f1a39c462c8680b4e2285b1d69,0.075,,,
676,2026-07-28,SH601698,0.07091017812490463,EXP_LinearModel_Alpha158_csi300_custom_step0_s_20260728_15,4742b0f1a39c462c8680b4e2285b1d69,0.075,,,
677,2026-07-28,SH601607,-0.055948253720998764,EXP_LinearModel_Alpha158_csi300_custom_step0_s_20260728_15,4742b0f1a39c462c8680b4e2285b1d69,0.075,,,
678,2026-07-28,SH601600,-0.03933573141694069,EXP_LinearModel_Alpha158_csi300_custom_step0_s_20260728_15,4742b0f1a39c462c8680b4e2285b1d69,0.075,,,
679,2026-07-28,SH601456,-0.0072485352866351604,EXP_LinearModel_Alpha158_csi300_custom_step0_s_20260728_15,4742b0f1a39c462c8680b4e2285b1d69,0.075,,,
680,2026-07-28,SH601398,-0.040555186569690704,EXP_LinearModel_Alpha158_csi300_custom_step0_s_20260728_15,4742b0f1a39c462c8680b4e2285b1d69,0.075,,,
681,2026-07-28,SH601390,0.09589114040136337,EXP_LinearModel_Alpha158_csi300_custom_step0_s_20260728_15,4742b0f1a39c462c8680b4e2285b1d69,0.075,,,
682,2026-07-28,SH601377,0.01596982218325138,EXP_LinearModel_Alpha158_csi300_custom_step0_s_20260728_15,4742b0f1a39c462c8680b4e2285b1d69,0.075,,,
683,2026-07-28,SH601360,-0.043078914284706116,EXP_LinearModel_Alpha158_csi300_custom_step0_s_20260728_15,4742b0f1a39c462c8680b4e2285b1d69,0.075,,,
684,2026-07-28,SH601336,-0.04515157267451286,EXP_LinearModel_Alpha158_csi300_custom_step0_s_20260728_15,4742b0f1a39c462c8680b4e2285b1d69,0.075,,,
685,2026-07-28,SH601328,0.07132750749588013,EXP_LinearModel_Alpha158_csi300_custom_step0_s_20260728_15,4742b0f1a39c462c8680b4e2285b1d69,0.075,,,
686,2026-07-28,SH601601,0.021474609151482582,EXP_LinearModel_Alpha158_csi300_custom_step0_s_20260728_15,4742b0f1a39c462c8680b4e2285b1d69,0.075,,,
687,2026-07-28,SH601727,0.03782898187637329,EXP_LinearModel_Alpha158_csi300_custom_step0_s_20260728_15,4742b0f1a39c462c8680b4e2285b1d69,0.075,,,
688,2026-07-28,SH601728,-0.014264694415032864,EXP_LinearModel_Alpha158_csi300_custom_step0_s_20260728_15,4742b0f1a39c462c8680b4e2285b1d69,0.075,,,
689,2026-07-28,SH601766,0.06252140551805496,EXP_LinearModel_Alpha158_csi300_custom_step0_s_20260728_15,4742b0f1a39c462c8680b4e2285b1d69,0.075,,,
690,2026-07-28,SH601939,0.0179593488574028,EXP_LinearModel_Alpha158_csi300_custom_step0_s_20260728_15,4742b0f1a39c462c8680b4e2285b1d69,0.075,,,
691,2026-07-28,SH601919,-0.011341971345245838,EXP_LinearModel_Alpha158_csi300_custom_step0_s_20260728_15,4742b0f1a39c462c8680b4e2285b1d69,0.075,,,
692,2026-07-28,SH601916,0.023529604077339172,EXP_LinearModel_Alpha158_csi300_custom_step0_s_20260728_15,4742b0f1a39c462c8680b4e2285b1d69,0.075,,,
693,2026-07-28,SH601901,-0.00902867503464222,EXP_LinearModel_Alpha158_csi300_custom_step0_s_20260728_15,4742b0f1a39c462c8680b4e2285b1d69,0.075,,,
694,2026-07-28,SH601899,-0.03144829347729683,EXP_LinearModel_Alpha158_csi300_custom_step0_s_20260728_15,4742b0f1a39c462c8680b4e2285b1d69,0.075,,,
695,2026-07-28,SH601898,-0.1596253514289856,EXP_LinearModel_Alpha158_csi300_custom_step0_s_20260728_15,4742b0f1a39c462c8680b4e2285b1d69,0.075,,,
696,2026-07-28,SH601888,-0.030619902536273003,EXP_LinearModel_Alpha158_csi300_custom_step0_s_20260728_15,4742b0f1a39c462c8680b4e2285b1d69,0.075,,,
697,2026-07-28,SH601881,-0.02091110125184059,EXP_LinearModel_Alpha158_csi300_custom_step0_s_20260728_15,4742b0f1a39c462c8680b4e2285b1d69,0.075,,,
698,2026-07-28,SH601878,-0.010041912086308002,EXP_LinearModel_Alpha158_csi300_custom_step0_s_20260728_15,4742b0f1a39c462c8680b4e2285b1d69,0.075,,,
699,2026-07-28,SH601877,-0.010410738177597523,EXP_LinearModel_Alpha158_csi300_custom_step0_s_20260728_15,4742b0f1a39c462c8680b4e2285b1d69,0.075,,,
700,2026-07-28,SH601872,-0.18904300034046173,EXP_LinearModel_Alpha158_csi300_custom_step0_s_20260728_15,4742b0f1a39c462c8680b4e2285b1d69,0.075,,,
701,2026-07-28,SH601868,0.02093430608510971,EXP_LinearModel_Alpha158_csi300_custom_step0_s_20260728_15,4742b0f1a39c462c8680b4e2285b1d69,0.075,,,
702,2026-07-28,SH601857,0.02477823942899704,EXP_LinearModel_Alpha158_csi300_custom_step0_s_20260728_15,4742b0f1a39c462c8680b4e2285b1d69,0.075,,,
703,2026-07-28,SH601838,0.07928608357906342,EXP_LinearModel_Alpha158_csi300_custom_step0_s_20260728_15,4742b0f1a39c462c8680b4e2285b1d69,0.075,,,
704,2026-07-28,SH601825,-0.05886171758174896,EXP_LinearModel_Alpha158_csi300_custom_step0_s_20260728_15,4742b0f1a39c462c8680b4e2285b1d69,0.075,,,
705,2026-07-28,SH601818,0.029060404747724533,EXP_LinearModel_Alpha158_csi300_custom_step0_s_20260728_15,4742b0f1a39c462c8680b4e2285b1d69,0.075,,,
706,2026-07-28,SH601816,0.027673808857798576,EXP_LinearModel_Alpha158_csi300_custom_step0_s_20260728_15,4742b0f1a39c462c8680b4e2285b1d69,0.075,,,
707,2026-07-28,SH601800,0.004645107313990593,EXP_LinearModel_Alpha158_csi300_custom_step0_s_20260728_15,4742b0f1a39c462c8680b4e2285b1d69,0.075,,,
708,2026-07-28,SH601788,-0.061721231788396835,EXP_LinearModel_Alpha158_csi300_custom_step0_s_20260728_15,4742b0f1a39c462c8680b4e2285b1d69,0.075,,,
709,2026-07-28,SH601318,0.031383004039525986,EXP_LinearModel_Alpha158_csi300_custom_step0_s_20260728_15,4742b0f1a39c462c8680b4e2285b1d69,0.075,,,
710,2026-07-28,SZ002920,0.017949482426047325,EXP_LinearModel_Alpha158_csi300_custom_step0_s_20260728_15,bd5a628e4b24414899e51d6bae084c12,0.027,,,
711,2026-07-28,SZ002916,0.04021625593304634,EXP_LinearModel_Alpha158_csi300_custom_step0_s_20260728_15,bd5a628e4b24414899e51d6bae084c12,0.027,,,
712,2026-07-28,SZ002837,0.09444956481456757,EXP_LinearModel_Alpha158_csi300_custom_step0_s_20260728_15,bd5a628e4b24414899e51d6bae084c12,0.027,,,
713,2026-07-28,SH601077,0.09533388912677765,EXP_LinearModel_Alpha158_csi300_custom_step0_s_20260728_15,ff319ad6404c413a9468e5536f15027f,0.027,,,
714,2026-07-28,SH601066,0.024677777662873268,EXP_LinearModel_Alpha158_csi300_custom_step0_s_20260728_15,ff319ad6404c413a9468e5536f15027f,0.027,,,
715,2026-07-28,SH601059,-0.04788856580853462,EXP_LinearModel_Alpha158_csi300_custom_step0_s_20260728_15,ff319ad6404c413a9468e5536f15027f,0.027,,,
716,2026-07-28,SH601058,0.0016563343815505505,EXP_LinearModel_Alpha158_csi300_custom_step0_s_20260728_15,ff319ad6404c413a9468e5536f15027f,0.027,,,
717,2026-07-28,SH601021,0.058694448322057724,EXP_LinearModel_Alpha158_csi300_custom_step0_s_20260728_15,ff319ad6404c413a9468e5536f15027f,0.027,,,
718,2026-07-28,SH601018,-0.0012831548228859901,EXP_LinearModel_Alpha158_csi300_custom_step0_s_20260728_15,ff319ad6404c413a9468e5536f15027f,0.027,,,
719,2026-07-28,SH601012,-0.026833275333046913,EXP_LinearModel_Alpha158_csi300_custom_step0_s_20260728_15,ff319ad6404c413a9468e5536f15027f,0.027,,,
720,2026-07-28,SH601009,0.07902375608682632,EXP_LinearModel_Alpha158_csi300_custom_step0_s_20260728_15,ff319ad6404c413a9468e5536f15027f,0.027,,,
721,2026-07-28,SH601088,-0.04369078949093819,EXP_LinearModel_Alpha158_csi300_custom_step0_s_20260728_15,ff319ad6404c413a9468e5536f15027f,0.027,,,
722,2026-07-28,SH601006,-0.008967075496912003,EXP_LinearModel_Alpha158_csi300_custom_step0_s_20260728_15,ff319ad6404c413a9468e5536f15027f,0.027,,,
723,2026-07-28,SH600989,0.023603077977895737,EXP_LinearModel_Alpha158_csi300_custom_step0_s_20260728_15,ff319ad6404c413a9468e5536f15027f,0.027,,,
724,2026-07-28,SH600958,,EXP_LinearModel_Alpha158_csi300_custom_step0_s_20260728_15,ff319ad6404c413a9468e5536f15027f,0.027,,,
725,2026-07-28,SH600941,0.00017650704830884933,EXP_LinearModel_Alpha158_csi300_custom_step0_s_20260728_15,ff319ad6404c413a9468e5536f15027f,0.027,,,
726,2026-07-28,SH600938,-0.021411458030343056,EXP_LinearModel_Alpha158_csi300_custom_step0_s_20260728_15,ff319ad6404c413a9468e5536f15027f,0.027,,,
727,2026-07-28,SH600930,0.15424080193042755,EXP_LinearModel_Alpha158_csi300_custom_step0_s_20260728_15,ff319ad6404c413a9468e5536f15027f,0.027,,,
728,2026-07-28,SH600926,0.05319957062602043,EXP_LinearModel_Alpha158_csi300_custom_step0_s_20260728_15,ff319ad6404c413a9468e5536f15027f,0.027,,,
729,2026-07-28,SH600919,0.08465246856212616,EXP_LinearModel_Alpha158_csi300_custom_step0_s_20260728_15,ff319ad6404c413a9468e5536f15027f,0.027,,,
730,2026-07-28,SH600918,-0.017061926424503326,EXP_LinearModel_Alpha158_csi300_custom_step0_s_20260728_15,ff319ad6404c413a9468e5536f15027f,0.027,,,
731,2026-07-28,SH600999,0.008547469973564148,EXP_LinearModel_Alpha158_csi300_custom_step0_s_20260728_15,ff319ad6404c413a9468e5536f15027f,0.027,,,
732,2026-07-28,SH600905,0.07391906529664993,EXP_LinearModel_Alpha158_csi300_custom_step0_s_20260728_15,ff319ad6404c413a9468e5536f15027f,0.027,,,
733,2026-07-28,SH601100,0.006785216741263866,EXP_LinearModel_Alpha158_csi300_custom_step0_s_20260728_15,ff319ad6404c413a9468e5536f15027f,0.027,,,
734,2026-07-28,SH601117,-0.02738858386874199,EXP_LinearModel_Alpha158_csi300_custom_step0_s_20260728_15,ff319ad6404c413a9468e5536f15027f,0.027,,,
735,2026-07-28,SH601390,0.05322006344795227,EXP_LinearModel_Alpha158_csi300_custom_step0_s_20260728_15,ff319ad6404c413a9468e5536f15027f,0.027,,,
736,2026-07-28,SH601377,0.05478086322546005,EXP_LinearModel_Alpha158_csi300_custom_step0_s_20260728_15,ff319ad6404c413a9468e5536f15027f,0.027,,,
737,2026-07-28,SH601360,-0.0014416951453313231,EXP_LinearModel_Alpha158_csi300_custom_step0_s_20260728_15,ff319ad6404c413a9468e5536f15027f,0.027,,,
738,2026-07-28,SH601336,-0.002878849860280752,EXP_LinearModel_Alpha158_csi300_custom_step0_s_20260728_15,ff319ad6404c413a9468e5536f15027f,0.027,,,
739,2026-07-28,SH601328,0.07047422975301743,EXP_LinearModel_Alpha158_csi300_custom_step0_s_20260728_15,ff319ad6404c413a9468e5536f15027f,0.027,,,
740,2026-07-28,SH601319,-0.00957065261900425,EXP_LinearModel_Alpha158_csi300_custom_step0_s_20260728_15,ff319ad6404c413a9468e5536f15027f,0.027,,,
741,2026-07-28,SH601318,-0.00016191229224205017,EXP_LinearModel_Alpha158_csi300_custom_step0_s_20260728_15,ff319ad6404c413a9468e5536f15027f,0.027,,,
742,2026-07-28,SH601288,-0.0036895726807415485,EXP_LinearModel_Alpha158_csi300_custom_step0_s_20260728_15,ff319ad6404c413a9468e5536f15027f,0.027,,,
743,2026-07-28,SH601111,0.018802974373102188,EXP_LinearModel_Alpha158_csi300_custom_step0_s_20260728_15,ff319ad6404c413a9468e5536f15027f,0.027,,,
744,2026-07-28,SH601238,-0.018795546144247055,EXP_LinearModel_Alpha158_csi300_custom_step0_s_20260728_15,ff319ad6404c413a9468e5536f15027f,0.027,,,
745,2026-07-28,SH601225,-0.022263512015342712,EXP_LinearModel_Alpha158_csi300_custom_step0_s_20260728_15,ff319ad6404c413a9468e5536f15027f,0.027,,,
746,2026-07-28,SH601211,-0.13833054900169373,EXP_LinearModel_Alpha158_csi300_custom_step0_s_20260728_15,ff319ad6404c413a9468e5536f15027f,0.027,,,
747,2026-07-28,SH601186,0.04506319388747215,EXP_LinearModel_Alpha158_csi300_custom_step0_s_20260728_15,ff319ad6404c413a9468e5536f15027f,0.027,,,
748,2026-07-28,SH601169,0.1338319629430771,EXP_LinearModel_Alpha158_csi300_custom_step0_s_20260728_15,ff319ad6404c413a9468e5536f15027f,0.027,,,
749,2026-07-28,SH601166,0.02556871995329857,EXP_LinearModel_Alpha158_csi300_custom_step0_s_20260728_15,ff319ad6404c413a9468e5536f15027f,0.027,,,
750,2026-07-28,SH601138,-0.0048467740416526794,EXP_LinearModel_Alpha158_csi300_custom_step0_s_20260728_15,ff319ad6404c413a9468e5536f15027f,0.027,,,
751,2026-07-28,SH601136,-0.02862711064517498,EXP_LinearModel_Alpha158_csi300_custom_step0_s_20260728_15,ff319ad6404c413a9468e5536f15027f,0.027,,,
752,2026-07-28,SH601127,0.04906745254993439,EXP_LinearModel_Alpha158_csi300_custom_step0_s_20260728_15,ff319ad6404c413a9468e5536f15027f,0.027,,,
753,2026-07-28,SH601229,0.03872383385896683,EXP_LinearModel_Alpha158_csi300_custom_step0_s_20260728_15,ff319ad6404c413a9468e5536f15027f,0.027,,,
754,2026-07-28,SH600900,0.058759305626153946,EXP_LinearModel_Alpha158_csi300_custom_step0_s_20260728_15,ff319ad6404c413a9468e5536f15027f,0.027,,,
755,2026-07-28,SH600893,-0.02847757376730442,EXP_LinearModel_Alpha158_csi300_custom_step0_s_20260728_15,ff319ad6404c413a9468e5536f15027f,0.027,,,
756,2026-07-28,SH600887,0.08242374658584595,EXP_LinearModel_Alpha158_csi300_custom_step0_s_20260728_15,ff319ad6404c413a9468e5536f15027f,0.027,,,
757,2026-07-28,SH600460,0.2290945053100586,EXP_LinearModel_Alpha158_csi300_custom_step0_s_20260728_15,ff319ad6404c413a9468e5536f15027f,0.027,,,
758,2026-07-28,SH600438,-0.020043065771460533,EXP_LinearModel_Alpha158_csi300_custom_step0_s_20260728_15,ff319ad6404c413a9468e5536f15027f,0.027,,,
759,2026-07-28,SH600436,0.012256002984941006,EXP_LinearModel_Alpha158_csi300_custom_step0_s_20260728_15,ff319ad6404c413a9468e5536f15027f,0.027,,,
760,2026-07-28,SH600426,-0.03865114599466324,EXP_LinearModel_Alpha158_csi300_custom_step0_s_20260728_15,ff319ad6404c413a9468e5536f15027f,0.027,,,
761,2026-07-28,SH600415,0.11605991423130035,EXP_LinearModel_Alpha158_csi300_custom_step0_s_20260728_15,ff319ad6404c413a9468e5536f15027f,0.027,,,
762,2026-07-28,SH600406,0.016907524317502975,EXP_LinearModel_Alpha158_csi300_custom_step0_s_20260728_15,ff319ad6404c413a9468e5536f15027f,0.027,,,
763,2026-07-28,SH600372,-0.024185294285416603,EXP_LinearModel_Alpha158_csi300_custom_step0_s_20260728_15,ff319ad6404c413a9468e5536f15027f,0.027,,,
764,2026-07-28,SH600362,-0.09479103982448578,EXP_LinearModel_Alpha158_csi300_custom_step0_s_20260728_15,ff319ad6404c413a9468e5536f15027f,0.027,,,
765,2026-07-28,SH600482,-0.03955995291471481,EXP_LinearModel_Alpha158_csi300_custom_step0_s_20260728_15,ff319ad6404c413a9468e5536f15027f,0.027,,,
766,2026-07-28,SH600346,-0.027879949659109116,EXP_LinearModel_Alpha158_csi300_custom_step0_s_20260728_15,ff319ad6404c413a9468e5536f15027f,0.027,,,
767,2026-07-28,SH600276,-0.0701063796877861,EXP_LinearModel_Alpha158_csi300_custom_step0_s_20260728_15,ff319ad6404c413a9468e5536f15027f,0.027,,,
768,2026-07-28,SH600233,0.0056655812077224255,EXP_LinearModel_Alpha158_csi300_custom_step0_s_20260728_15,ff319ad6404c413a9468e5536f15027f,0.027,,,
769,2026-07-28,SH600221,0.0327564999461174,EXP_LinearModel_Alpha158_csi300_custom_step0_s_20260728_15,ff319ad6404c413a9468e5536f15027f,0.027,,,
770,2026-07-28,SH600219,-0.05449947714805603,EXP_LinearModel_Alpha158_csi300_custom_step0_s_20260728_15,ff319ad6404c413a9468e5536f15027f,0.027,,,
771,2026-07-28,SH600196,-0.049241263419389725,EXP_LinearModel_Alpha158_csi300_custom_step0_s_20260728_15,ff319ad6404c413a9468e5536f15027f,0.027,,,
772,2026-07-28,SH600188,-0.08064848184585571,EXP_LinearModel_Alpha158_csi300_custom_step0_s_20260728_15,ff319ad6404c413a9468e5536f15027f,0.027,,,
773,2026-07-28,SH600183,0.11628150939941406,EXP_LinearModel_Alpha158_csi300_custom_step0_s_20260728_15,ff319ad6404c413a9468e5536f15027f,0.027,,,
774,2026-07-28,SH600176,0.21826225519180298,EXP_LinearModel_Alpha158_csi300_custom_step0_s_20260728_15,ff319ad6404c413a9468e5536f15027f,0.027,,,
775,2026-07-28,SH600309,-0.12081436812877655,EXP_LinearModel_Alpha158_csi300_custom_step0_s_20260728_15,ff319ad6404c413a9468e5536f15027f,0.027,,,
776,2026-07-28,SH600489,-0.04809178411960602,EXP_LinearModel_Alpha158_csi300_custom_step0_s_20260728_15,ff319ad6404c413a9468e5536f15027f,0.027,,,
777,2026-07-28,SH600515,0.034048888832330704,EXP_LinearModel_Alpha158_csi300_custom_step0_s_20260728_15,ff319ad6404c413a9468e5536f15027f,0.027,,,
778,2026-07-28,SH600519,-0.0028828370850533247,EXP_LinearModel_Alpha158_csi300_custom_step0_s_20260728_15,ff319ad6404c413a9468e5536f15027f,0.027,,,
779,2026-07-28,SH600886,0.10270801931619644,EXP_LinearModel_Alpha158_csi300_custom_step0_s_20260728_15,ff319ad6404c413a9468e5536f15027f,0.027,,,
780,2026-07-28,SH600875,0.035662587732076645,EXP_LinearModel_Alpha158_csi300_custom_step0_s_20260728_15,ff319ad6404c413a9468e5536f15027f,0.027,,,
781,2026-07-28,SH600845,0.06766269356012344,EXP_LinearModel_Alpha158_csi300_custom_step0_s_20260728_15,ff319ad6404c413a9468e5536f15027f,0.027,,,
782,2026-07-28,SH600809,-0.03554607555270195,EXP_LinearModel_Alpha158_csi300_custom_step0_s_20260728_15,ff319ad6404c413a9468e5536f15027f,0.027,,,
783,2026-07-28,SH600803,0.013701189309358597,EXP_LinearModel_Alpha158_csi300_custom_step0_s_20260728_15,ff319ad6404c413a9468e5536f15027f,0.027,,,
784,2026-07-28,SH600795,0.03751107305288315,EXP_LinearModel_Alpha158_csi300_custom_step0_s_20260728_15,ff319ad6404c413a9468e5536f15027f,0.027,,,
785,2026-07-28,SH600760,-0.1182515099644661,EXP_LinearModel_Alpha158_csi300_custom_step0_s_20260728_15,ff319ad6404c413a9468e5536f15027f,0.027,,,
786,2026-07-28,SH600741,0.06173703819513321,EXP_LinearModel_Alpha158_csi300_custom_step0_s_20260728_15,ff319ad6404c413a9468e5536f15027f,0.027,,,
787,2026-07-28,SH600690,0.05602271109819412,EXP_LinearModel_Alpha158_csi300_custom_step0_s_20260728_15,ff319ad6404c413a9468e5536f15027f,0.027,,,
788,2026-07-28,SH600674,0.10610083490610123,EXP_LinearModel_Alpha158_csi300_custom_step0_s_20260728_15,ff319ad6404c413a9468e5536f15027f,0.027,,,
789,2026-07-28,SH600660,0.008652709424495697,EXP_LinearModel_Alpha158_csi300_custom_step0_s_20260728_15,ff319ad6404c413a9468e5536f15027f,0.027,,,
790,2026-07-28,SH600600,-0.05156998336315155,EXP_LinearModel_Alpha158_csi300_custom_step0_s_20260728_15,ff319ad6404c413a9468e5536f15027f,0.027,,,
791,2026-07-28,SH600588,0.03525874763727188,EXP_LinearModel_Alpha158_csi300_custom_step0_s_20260728_15,ff319ad6404c413a9468e5536f15027f,0.027,,,
792,2026-07-28,SH600585,0.03152884542942047,EXP_LinearModel_Alpha158_csi300_custom_step0_s_20260728_15,ff319ad6404c413a9468e5536f15027f,0.027,,,
793,2026-07-28,SH600584,0.0662403553724289,EXP_LinearModel_Alpha158_csi300_custom_step0_s_20260728_15,ff319ad6404c413a9468e5536f15027f,0.027,,,
794,2026-07-28,SH600570,0.0035003277007490396,EXP_LinearModel_Alpha158_csi300_custom_step0_s_20260728_15,ff319ad6404c413a9468e5536f15027f,0.027,,,
795,2026-07-28,SH600549,0.24044984579086304,EXP_LinearModel_Alpha158_csi300_custom_step0_s_20260728_15,ff319ad6404c413a9468e5536f15027f,0.027,,,
796,2026-07-28,SH600547,-0.08840011060237885,EXP_LinearModel_Alpha158_csi300_custom_step0_s_20260728_15,ff319ad6404c413a9468e5536f15027f,0.027,,,
797,2026-07-28,SH600522,0.3056032061576843,EXP_LinearModel_Alpha158_csi300_custom_step0_s_20260728_15,ff319ad6404c413a9468e5536f15027f,0.027,,,
798,2026-07-28,SH601398,-0.017214562743902206,EXP_LinearModel_Alpha158_csi300_custom_step0_s_20260728_15,ff319ad6404c413a9468e5536f15027f,0.027,,,
799,2026-07-28,SH600160,0.10164067149162292,EXP_LinearModel_Alpha158_csi300_custom_step0_s_20260728_15,ff319ad6404c413a9468e5536f15027f,0.027,,,
800,2026-07-28,SH601456,0.0025104014202952385,EXP_LinearModel_Alpha158_csi300_custom_step0_s_20260728_15,ff319ad6404c413a9468e5536f15027f,0.027,,,
801,2026-07-28,SH601601,-0.010355931706726551,EXP_LinearModel_Alpha158_csi300_custom_step0_s_20260728_15,ff319ad6404c413a9468e5536f15027f,0.027,,,
802,2026-07-28,SH688256,-0.09586977958679199,EXP_LinearModel_Alpha158_csi300_custom_step0_s_20260728_15,ff319ad6404c413a9468e5536f15027f,0.027,,,
803,2026-07-28,SH688223,0.12688671052455902,EXP_LinearModel_Alpha158_csi300_custom_step0_s_20260728_15,ff319ad6404c413a9468e5536f15027f,0.027,,,
804,2026-07-28,SH688183,0.11316823214292526,EXP_LinearModel_Alpha158_csi300_custom_step0_s_20260728_15,ff319ad6404c413a9468e5536f15027f,0.027,,,
805,2026-07-28,SH688126,0.21325942873954773,EXP_LinearModel_Alpha158_csi300_custom_step0_s_20260728_15,ff319ad6404c413a9468e5536f15027f,0.027,,,
806,2026-07-28,SH688111,-0.024082208052277565,EXP_LinearModel_Alpha158_csi300_custom_step0_s_20260728_15,ff319ad6404c413a9468e5536f15027f,0.027,,,
807,2026-07-28,SH688082,0.0976819321513176,EXP_LinearModel_Alpha158_csi300_custom_step0_s_20260728_15,ff319ad6404c413a9468e5536f15027f,0.027,,,
808,2026-07-28,SH688072,,EXP_LinearModel_Alpha158_csi300_custom_step0_s_20260728_15,ff319ad6404c413a9468e5536f15027f,0.027,,,
809,2026-07-28,SH688047,0.2076539248228073,EXP_LinearModel_Alpha158_csi300_custom_step0_s_20260728_15,ff319ad6404c413a9468e5536f15027f,0.027,,,
810,2026-07-28,SH688271,-0.06884153932332993,EXP_LinearModel_Alpha158_csi300_custom_step0_s_20260728_15,ff319ad6404c413a9468e5536f15027f,0.027,,,
811,2026-07-28,SH688041,-0.009711404331028461,EXP_LinearModel_Alpha158_csi300_custom_step0_s_20260728_15,ff319ad6404c413a9468e5536f15027f,0.027,,,
812,2026-07-28,SH688012,0.0016796099953353405,EXP_LinearModel_Alpha158_csi300_custom_step0_s_20260728_15,ff319ad6404c413a9468e5536f15027f,0.027,,,
813,2026-07-28,SH688009,0.0410023033618927,EXP_LinearModel_Alpha158_csi300_custom_step0_s_20260728_15,ff319ad6404c413a9468e5536f15027f,0.027,,,
814,2026-07-28,SH688008,0.055864833295345306,EXP_LinearModel_Alpha158_csi300_custom_step0_s_20260728_15,ff319ad6404c413a9468e5536f15027f,0.027,,,
815,2026-07-28,SH605499,0.019983433187007904,EXP_LinearModel_Alpha158_csi300_custom_step0_s_20260728_15,ff319ad6404c413a9468e5536f15027f,0.027,,,
816,2026-07-28,SH605117,0.06464195996522903,EXP_LinearModel_Alpha158_csi300_custom_step0_s_20260728_15,ff319ad6404c413a9468e5536f15027f,0.027,,,
817,2026-07-28,SH603993,-0.04975453019142151,EXP_LinearModel_Alpha158_csi300_custom_step0_s_20260728_15,ff319ad6404c413a9468e5536f15027f,0.027,,,
818,2026-07-28,SH603986,0.23843203485012054,EXP_LinearModel_Alpha158_csi300_custom_step0_s_20260728_15,ff319ad6404c413a9468e5536f15027f,0.027,,,
819,2026-07-28,SH603893,0.06898729503154755,EXP_LinearModel_Alpha158_csi300_custom_step0_s_20260728_15,ff319ad6404c413a9468e5536f15027f,0.027,,,
820,2026-07-28,SH688036,0.01971476525068283,EXP_LinearModel_Alpha158_csi300_custom_step0_s_20260728_15,ff319ad6404c413a9468e5536f15027f,0.027,,,
821,2026-07-28,SH603799,0.049056969583034515,EXP_LinearModel_Alpha158_csi300_custom_step0_s_20260728_15,ff319ad6404c413a9468e5536f15027f,0.027,,,
822,2026-07-28,SH688303,0.0005790754221379757,EXP_LinearModel_Alpha158_csi300_custom_step0_s_20260728_15,ff319ad6404c413a9468e5536f15027f,0.027,,,
823,2026-07-28,SH688472,0.0679401084780693,EXP_LinearModel_Alpha158_csi300_custom_step0_s_20260728_15,ff319ad6404c413a9468e5536f15027f,0.027,,,
824,2026-07-28,SZ000617,-0.02035681903362274,EXP_LinearModel_Alpha158_csi300_custom_step0_s_20260728_15,ff319ad6404c413a9468e5536f15027f,0.027,,,
825,2026-07-28,SZ000596,-0.04659474268555641,EXP_LinearModel_Alpha158_csi300_custom_step0_s_20260728_15,ff319ad6404c413a9468e5536f15027f,0.027,,,
826,2026-07-28,SZ000568,-0.0032765204086899757,EXP_LinearModel_Alpha158_csi300_custom_step0_s_20260728_15,ff319ad6404c413a9468e5536f15027f,0.027,,,
827,2026-07-28,SZ000538,-0.017740674316883087,EXP_LinearModel_Alpha158_csi300_custom_step0_s_20260728_15,ff319ad6404c413a9468e5536f15027f,0.027,,,
828,2026-07-28,SZ000425,0.002187530044466257,EXP_LinearModel_Alpha158_csi300_custom_step0_s_20260728_15,ff319ad6404c413a9468e5536f15027f,0.027,,,
829,2026-07-28,SZ000408,-5.050667095929384e-05,EXP_LinearModel_Alpha158_csi300_custom_step0_s_20260728_15,ff319ad6404c413a9468e5536f15027f,0.027,,,
830,2026-07-28,SZ000338,0.003219541860744357,EXP_LinearModel_Alpha158_csi300_custom_step0_s_20260728_15,ff319ad6404c413a9468e5536f15027f,0.027,,,
831,2026-07-28,SZ000333,0.051911912858486176,EXP_LinearModel_Alpha158_csi300_custom_step0_s_20260728_15,ff319ad6404c413a9468e5536f15027f,0.027,,,
832,2026-07-28,SH688396,0.18641440570354462,EXP_LinearModel_Alpha158_csi300_custom_step0_s_20260728_15,ff319ad6404c413a9468e5536f15027f,0.027,,,
833,2026-07-28,SZ000301,-0.03216750919818878,EXP_LinearModel_Alpha158_csi300_custom_step0_s_20260728_15,ff319ad6404c413a9468e5536f15027f,0.027,,,
834,2026-07-28,SZ000157,-0.03894234821200371,EXP_LinearModel_Alpha158_csi300_custom_step0_s_20260728_15,ff319ad6404c413a9468e5536f15027f,0.027,,,
835,2026-07-28,SZ000100,-0.0042807795107364655,EXP_LinearModel_Alpha158_csi300_custom_step0_s_20260728_15,ff319ad6404c413a9468e5536f15027f,0.027,,,
836,2026-07-28,SZ000063,-0.07445800304412842,EXP_LinearModel_Alpha158_csi300_custom_step0_s_20260728_15,ff319ad6404c413a9468e5536f15027f,0.027,,,
837,2026-07-28,SZ000002,-0.008459525182843208,EXP_LinearModel_Alpha158_csi300_custom_step0_s_20260728_15,ff319ad6404c413a9468e5536f15027f,0.027,,,
838,2026-07-28,SZ000001,0.07858486473560333,EXP_LinearModel_Alpha158_csi300_custom_step0_s_20260728_15,ff319ad6404c413a9468e5536f15027f,0.027,,,
839,2026-07-28,SH688981,-0.021966909989714622,EXP_LinearModel_Alpha158_csi300_custom_step0_s_20260728_15,ff319ad6404c413a9468e5536f15027f,0.027,,,
840,2026-07-28,SH688521,0.18911510705947876,EXP_LinearModel_Alpha158_csi300_custom_step0_s_20260728_15,ff319ad6404c413a9468e5536f15027f,0.027,,,
841,2026-07-28,SH688506,-0.031531043350696564,EXP_LinearModel_Alpha158_csi300_custom_step0_s_20260728_15,ff319ad6404c413a9468e5536f15027f,0.027,,,
842,2026-07-28,SZ000166,-0.014192618429660797,EXP_LinearModel_Alpha158_csi300_custom_step0_s_20260728_15,ff319ad6404c413a9468e5536f15027f,0.027,,,
843,2026-07-28,SH603501,-0.02552647888660431,EXP_LinearModel_Alpha158_csi300_custom_step0_s_20260728_15,ff319ad6404c413a9468e5536f15027f,0.027,,,
844,2026-07-28,SH603392,0.010631711222231388,EXP_LinearModel_Alpha158_csi300_custom_step0_s_20260728_15,ff319ad6404c413a9468e5536f15027f,0.027,,,
845,2026-07-28,SH603369,0.03703560680150986,EXP_LinearModel_Alpha158_csi300_custom_step0_s_20260728_15,ff319ad6404c413a9468e5536f15027f,0.027,,,
846,2026-07-28,SH601825,-0.00914877187460661,EXP_LinearModel_Alpha158_csi300_custom_step0_s_20260728_15,ff319ad6404c413a9468e5536f15027f,0.027,,,
847,2026-07-28,SH601818,0.08213184028863907,EXP_LinearModel_Alpha158_csi300_custom_step0_s_20260728_15,ff319ad6404c413a9468e5536f15027f,0.027,,,
848,2026-07-28,SH601816,0.04701163247227669,EXP_LinearModel_Alpha158_csi300_custom_step0_s_20260728_15,ff319ad6404c413a9468e5536f15027f,0.027,,,
849,2026-07-28,SH601800,-0.021758724004030228,EXP_LinearModel_Alpha158_csi300_custom_step0_s_20260728_15,ff319ad6404c413a9468e5536f15027f,0.027,,,
850,2026-07-28,SH601788,-0.06076574698090553,EXP_LinearModel_Alpha158_csi300_custom_step0_s_20260728_15,ff319ad6404c413a9468e5536f15027f,0.027,,,
851,2026-07-28,SH601766,0.04993155598640442,EXP_LinearModel_Alpha158_csi300_custom_step0_s_20260728_15,ff319ad6404c413a9468e5536f15027f,0.027,,,
852,2026-07-28,SH601728,-0.010217803530395031,EXP_LinearModel_Alpha158_csi300_custom_step0_s_20260728_15,ff319ad6404c413a9468e5536f15027f,0.027,,,
853,2026-07-28,SH601727,0.06418925523757935,EXP_LinearModel_Alpha158_csi300_custom_step0_s_20260728_15,ff319ad6404c413a9468e5536f15027f,0.027,,,
854,2026-07-28,SH601838,0.10815466940402985,EXP_LinearModel_Alpha158_csi300_custom_step0_s_20260728_15,ff319ad6404c413a9468e5536f15027f,0.027,,,
855,2026-07-28,SH601698,0.00774852279573679,EXP_LinearModel_Alpha158_csi300_custom_step0_s_20260728_15,ff319ad6404c413a9468e5536f15027f,0.027,,,
856,2026-07-28,SH601688,-0.024752957746386528,EXP_LinearModel_Alpha158_csi300_custom_step0_s_20260728_15,ff319ad6404c413a9468e5536f15027f,0.027,,,
857,2026-07-28,SH601669,-0.017471589148044586,EXP_LinearModel_Alpha158_csi300_custom_step0_s_20260728_15,ff319ad6404c413a9468e5536f15027f,0.027,,,
858,2026-07-28,SH601668,0.054904233664274216,EXP_LinearModel_Alpha158_csi300_custom_step0_s_20260728_15,ff319ad6404c413a9468e5536f15027f,0.027,,,
859,2026-07-28,SH601658,0.06726322323083878,EXP_LinearModel_Alpha158_csi300_custom_step0_s_20260728_15,ff319ad6404c413a9468e5536f15027f,0.027,,,
860,2026-07-28,SH601633,-0.060738250613212585,EXP_LinearModel_Alpha158_csi300_custom_step0_s_20260728_15,ff319ad6404c413a9468e5536f15027f,0.027,,,
861,2026-07-28,SH601628,0.02532098814845085,EXP_LinearModel_Alpha158_csi300_custom_step0_s_20260728_15,ff319ad6404c413a9468e5536f15027f,0.027,,,
862,2026-07-28,SH601618,0.0024741983506828547,EXP_LinearModel_Alpha158_csi300_custom_step0_s_20260728_15,ff319ad6404c413a9468e5536f15027f,0.027,,,
863,2026-07-28,SH601607,0.012384161353111267,EXP_LinearModel_Alpha158_csi300_custom_step0_s_20260728_15,ff319ad6404c413a9468e5536f15027f,0.027,,,
864,2026-07-28,SH601689,0.08569227904081345,EXP_LinearModel_Alpha158_csi300_custom_step0_s_20260728_15,ff319ad6404c413a9468e5536f15027f,0.027,,,
865,2026-07-28,SH601857,-0.02374117821455002,EXP_LinearModel_Alpha158_csi300_custom_step0_s_20260728_15,ff319ad6404c413a9468e5536f15027f,0.027,,,
866,2026-07-28,SH601868,0.04606948420405388,EXP_LinearModel_Alpha158_csi300_custom_step0_s_20260728_15,ff319ad6404c413a9468e5536f15027f,0.027,,,
867,2026-07-28,SH601872,-0.1666942983865738,EXP_LinearModel_Alpha158_csi300_custom_step0_s_20260728_15,ff319ad6404c413a9468e5536f15027f,0.027,,,
868,2026-07-28,SH603296,-0.09116823971271515,EXP_LinearModel_Alpha158_csi300_custom_step0_s_20260728_15,ff319ad6404c413a9468e5536f15027f,0.027,,,
869,2026-07-28,SH603288,-0.001970005687326193,EXP_LinearModel_Alpha158_csi300_custom_step0_s_20260728_15,ff319ad6404c413a9468e5536f15027f,0.027,,,
870,2026-07-28,SH603260,0.07490138709545135,EXP_LinearModel_Alpha158_csi300_custom_step0_s_20260728_15,ff319ad6404c413a9468e5536f15027f,0.027,,,
871,2026-07-28,SH603259,0.0010059159249067307,EXP_LinearModel_Alpha158_csi300_custom_step0_s_20260728_15,ff319ad6404c413a9468e5536f15027f,0.027,,,
872,2026-07-28,SH603019,0.013611581176519394,EXP_LinearModel_Alpha158_csi300_custom_step0_s_20260728_15,ff319ad6404c413a9468e5536f15027f,0.027,,,
873,2026-07-28,SH601998,-0.004527390003204346,EXP_LinearModel_Alpha158_csi300_custom_step0_s_20260728_15,ff319ad6404c413a9468e5536f15027f,0.027,,,
874,2026-07-28,SH601995,-0.040493037551641464,EXP_LinearModel_Alpha158_csi300_custom_step0_s_20260728_15,ff319ad6404c413a9468e5536f15027f,0.027,,,
875,2026-07-28,SH601988,0.03654639422893524,EXP_LinearModel_Alpha158_csi300_custom_step0_s_20260728_15,ff319ad6404c413a9468e5536f15027f,0.027,,,
876,2026-07-28,SH601985,0.05086464807391167,EXP_LinearModel_Alpha158_csi300_custom_step0_s_20260728_15,ff319ad6404c413a9468e5536f15027f,0.027,,,
877,2026-07-28,SH601939,0.022746026515960693,EXP_LinearModel_Alpha158_csi300_custom_step0_s_20260728_15,ff319ad6404c413a9468e5536f15027f,0.027,,,
878,2026-07-28,SH601919,0.002173564862459898,EXP_LinearModel_Alpha158_csi300_custom_step0_s_20260728_15,ff319ad6404c413a9468e5536f15027f,0.027,,,
879,2026-07-28,SH601916,0.06389456987380981,EXP_LinearModel_Alpha158_csi300_custom_step0_s_20260728_15,ff319ad6404c413a9468e5536f15027f,0.027,,,
880,2026-07-28,SH601901,-0.009380139410495758,EXP_LinearModel_Alpha158_csi300_custom_step0_s_20260728_15,ff319ad6404c413a9468e5536f15027f,0.027,,,
881,2026-07-28,SH601899,-0.059455450624227524,EXP_LinearModel_Alpha158_csi300_custom_step0_s_20260728_15,ff319ad6404c413a9468e5536f15027f,0.027,,,
882,2026-07-28,SH601898,-0.1054818257689476,EXP_LinearModel_Alpha158_csi300_custom_step0_s_20260728_15,ff319ad6404c413a9468e5536f15027f,0.027,,,
883,2026-07-28,SH601888,0.008409695699810982,EXP_LinearModel_Alpha158_csi300_custom_step0_s_20260728_15,ff319ad6404c413a9468e5536f15027f,0.027,,,
884,2026-07-28,SH601881,-0.01657988131046295,EXP_LinearModel_Alpha158_csi300_custom_step0_s_20260728_15,ff319ad6404c413a9468e5536f15027f,0.027,,,
885,2026-07-28,SH601878,0.018231963738799095,EXP_LinearModel_Alpha158_csi300_custom_step0_s_20260728_15,ff319ad6404c413a9468e5536f15027f,0.027,,,
886,2026-07-28,SH601877,0.005591334775090218,EXP_LinearModel_Alpha158_csi300_custom_step0_s_20260728_15,ff319ad6404c413a9468e5536f15027f,0.027,,,
887,2026-07-28,SH601600,-0.01869000308215618,EXP_LinearModel_Alpha158_csi300_custom_step0_s_20260728_15,ff319ad6404c413a9468e5536f15027f,0.027,,,
888,2026-07-28,SZ000625,-0.020012343302369118,EXP_LinearModel_Alpha158_csi300_custom_step0_s_20260728_15,ff319ad6404c413a9468e5536f15027f,0.027,,,
889,2026-07-28,SH600150,-0.03281943500041962,EXP_LinearModel_Alpha158_csi300_custom_step0_s_20260728_15,ff319ad6404c413a9468e5536f15027f,0.027,,,
890,2026-07-28,SH600115,0.04307377710938454,EXP_LinearModel_Alpha158_csi300_custom_step0_s_20260728_15,ff319ad6404c413a9468e5536f15027f,0.027,,,
891,2026-07-28,SZ000858,0.002911127302802939,EXP_LGBModel_Alpha158_csi300_custom_step0_s_20260728_15,9e6afb2022c54871a3efbdb78da01985,0.017,,,
892,2026-07-28,SZ000807,-0.018734162428285003,EXP_LGBModel_Alpha158_csi300_custom_step0_s_20260728_15,9e6afb2022c54871a3efbdb78da01985,0.017,,,
893,2026-07-28,SZ000792,0.03620528380339505,EXP_LGBModel_Alpha158_csi300_custom_step0_s_20260728_15,9e6afb2022c54871a3efbdb78da01985,0.017,,,
894,2026-07-28,SZ000776,0.05464190915963353,EXP_LGBModel_Alpha158_csi300_custom_step0_s_20260728_15,9e6afb2022c54871a3efbdb78da01985,0.017,,,
895,2026-07-28,SZ000768,-0.01482791831931812,EXP_LGBModel_Alpha158_csi300_custom_step0_s_20260728_15,9e6afb2022c54871a3efbdb78da01985,0.017,,,
896,2026-07-28,SZ000725,0.09985537553235131,EXP_LGBModel_Alpha158_csi300_custom_step0_s_20260728_15,9e6afb2022c54871a3efbdb78da01985,0.017,,,
897,2026-07-28,SZ000708,-0.009116442862391974,EXP_LGBModel_Alpha158_csi300_custom_step0_s_20260728_15,9e6afb2022c54871a3efbdb78da01985,0.017,,,
898,2026-07-28,SZ000657,0.1250943829069199,EXP_LGBModel_Alpha158_csi300_custom_step0_s_20260728_15,9e6afb2022c54871a3efbdb78da01985,0.017,,,
899,2026-07-28,SZ000895,-0.0001043226128096173,EXP_LGBModel_Alpha158_csi300_custom_step0_s_20260728_15,9e6afb2022c54871a3efbdb78da01985,0.017,,,
900,2026-07-28,SZ000651,0.04304604472233422,EXP_LGBModel_Alpha158_csi300_custom_step0_s_20260728_15,9e6afb2022c54871a3efbdb78da01985,0.017,,,
901,2026-07-28,SZ000625,0.011010434931879774,EXP_LGBModel_Alpha158_csi300_custom_step0_s_20260728_15,9e6afb2022c54871a3efbdb78da01985,0.017,,,
902,2026-07-28,SZ000617,-0.004438223837104415,EXP_LGBModel_Alpha158_csi300_custom_step0_s_20260728_15,9e6afb2022c54871a3efbdb78da01985,0.017,,,
903,2026-07-28,SZ000596,-0.058646693772256765,EXP_LGBModel_Alpha158_csi300_custom_step0_s_20260728_15,9e6afb2022c54871a3efbdb78da01985,0.017,,,
904,2026-07-28,SZ000568,-0.011505665281702064,EXP_LGBModel_Alpha158_csi300_custom_step0_s_20260728_15,9e6afb2022c54871a3efbdb78da01985,0.017,,,
905,2026-07-28,SZ000538,0.020190435477398246,EXP_LGBModel_Alpha158_csi300_custom_step0_s_20260728_15,9e6afb2022c54871a3efbdb78da01985,0.017,,,
906,2026-07-28,SZ000425,0.03126513435764939,EXP_LGBModel_Alpha158_csi300_custom_step0_s_20260728_15,9e6afb2022c54871a3efbdb78da01985,0.017,,,
907,2026-07-28,SZ000408,0.040048693914596534,EXP_LGBModel_Alpha158_csi300_custom_step0_s_20260728_15,9e6afb2022c54871a3efbdb78da01985,0.017,,,
908,2026-07-28,SZ000338,0.047906478664829805,EXP_LGBModel_Alpha158_csi300_custom_step0_s_20260728_15,9e6afb2022c54871a3efbdb78da01985,0.017,,,
909,2026-07-28,SZ000630,0.08233047515651092,EXP_LGBModel_Alpha158_csi300_custom_step0_s_20260728_15,9e6afb2022c54871a3efbdb78da01985,0.017,,,
910,2026-07-28,SZ000333,0.034848933700892926,EXP_LGBModel_Alpha158_csi300_custom_step0_s_20260728_15,9e6afb2022c54871a3efbdb78da01985,0.017,,,
911,2026-07-28,SZ000938,-0.0483452197707723,EXP_LGBModel_Alpha158_csi300_custom_step0_s_20260728_15,9e6afb2022c54871a3efbdb78da01985,0.017,,,
912,2026-07-28,SZ000975,0.002494583743168065,EXP_LGBModel_Alpha158_csi300_custom_step0_s_20260728_15,9e6afb2022c54871a3efbdb78da01985,0.017,,,
913,2026-07-28,SZ002236,0.02501789256721981,EXP_LGBModel_Alpha158_csi300_custom_step0_s_20260728_15,9e6afb2022c54871a3efbdb78da01985,0.017,,,
914,2026-07-28,SZ002230,-0.002756563736477583,EXP_LGBModel_Alpha158_csi300_custom_step0_s_20260728_15,9e6afb2022c54871a3efbdb78da01985,0.017,,,
915,2026-07-28,SZ002202,0.15106777754585127,EXP_LGBModel_Alpha158_csi300_custom_step0_s_20260728_15,9e6afb2022c54871a3efbdb78da01985,0.017,,,
916,2026-07-28,SZ002179,0.1306315300519605,EXP_LGBModel_Alpha158_csi300_custom_step0_s_20260728_15,9e6afb2022c54871a3efbdb78da01985,0.017,,,
917,2026-07-28,SZ002142,0.04228352890190161,EXP_LGBModel_Alpha158_csi300_custom_step0_s_20260728_15,9e6afb2022c54871a3efbdb78da01985,0.017,,,
918,2026-07-28,SZ002074,-0.008469510693450139,EXP_LGBModel_Alpha158_csi300_custom_step0_s_20260728_15,9e6afb2022c54871a3efbdb78da01985,0.017,,,
919,2026-07-28,SZ002050,0.14668814549352285,EXP_LGBModel_Alpha158_csi300_custom_step0_s_20260728_15,9e6afb2022c54871a3efbdb78da01985,0.017,,,
920,2026-07-28,SZ002049,0.13002094003516504,EXP_LGBModel_Alpha158_csi300_custom_step0_s_20260728_15,9e6afb2022c54871a3efbdb78da01985,0.017,,,
921,2026-07-28,SZ000963,-0.011502927080524255,EXP_LGBModel_Alpha158_csi300_custom_step0_s_20260728_15,9e6afb2022c54871a3efbdb78da01985,0.017,,,
922,2026-07-28,SZ002028,0.1093936789525783,EXP_LGBModel_Alpha158_csi300_custom_step0_s_20260728_15,9e6afb2022c54871a3efbdb78da01985,0.017,,,
923,2026-07-28,SZ002001,-0.0437289579863353,EXP_LGBModel_Alpha158_csi300_custom_step0_s_20260728_15,9e6afb2022c54871a3efbdb78da01985,0.017,,,
924,2026-07-28,SZ001979,-0.033136590917863,EXP_LGBModel_Alpha158_csi300_custom_step0_s_20260728_15,9e6afb2022c54871a3efbdb78da01985,0.017,,,
925,2026-07-28,SZ001965,-0.04663071097665626,EXP_LGBModel_Alpha158_csi300_custom_step0_s_20260728_15,9e6afb2022c54871a3efbdb78da01985,0.017,,,
926,2026-07-28,SZ001391,-0.0044283421402576215,EXP_LGBModel_Alpha158_csi300_custom_step0_s_20260728_15,9e6afb2022c54871a3efbdb78da01985,0.017,,,
927,2026-07-28,SZ001280,0.08719515573615794,EXP_LGBModel_Alpha158_csi300_custom_step0_s_20260728_15,9e6afb2022c54871a3efbdb78da01985,0.017,,,
928,2026-07-28,SZ000999,-0.0025850968955197814,EXP_LGBModel_Alpha158_csi300_custom_step0_s_20260728_15,9e6afb2022c54871a3efbdb78da01985,0.017,,,
929,2026-07-28,SZ000988,0.1073040604790707,EXP_LGBModel_Alpha158_csi300_custom_step0_s_20260728_15,9e6afb2022c54871a3efbdb78da01985,0.017,,,
930,2026-07-28,SZ000977,0.0632452651111754,EXP_LGBModel_Alpha158_csi300_custom_step0_s_20260728_15,9e6afb2022c54871a3efbdb78da01985,0.017,,,
931,2026-07-28,SZ002027,-0.0025924430162847854,EXP_LGBModel_Alpha158_csi300_custom_step0_s_20260728_15,9e6afb2022c54871a3efbdb78da01985,0.017,,,
932,2026-07-28,SZ000301,-0.04457026477601766,EXP_LGBModel_Alpha158_csi300_custom_step0_s_20260728_15,9e6afb2022c54871a3efbdb78da01985,0.017,,,
933,2026-07-28,SZ000166,0.03515824793427745,EXP_LGBModel_Alpha158_csi300_custom_step0_s_20260728_15,9e6afb2022c54871a3efbdb78da01985,0.017,,,
934,2026-07-28,SZ000157,-0.00793801248891894,EXP_LGBModel_Alpha158_csi300_custom_step0_s_20260728_15,9e6afb2022c54871a3efbdb78da01985,0.017,,,
935,2026-07-28,SH688008,0.06538548766947676,EXP_LGBModel_Alpha158_csi300_custom_step0_s_20260728_15,9e6afb2022c54871a3efbdb78da01985,0.017,,,
936,2026-07-28,SH605499,-0.0022704362777477313,EXP_LGBModel_Alpha158_csi300_custom_step0_s_20260728_15,9e6afb2022c54871a3efbdb78da01985,0.017,,,
937,2026-07-28,SH605117,0.14366761937790976,EXP_LGBModel_Alpha158_csi300_custom_step0_s_20260728_15,9e6afb2022c54871a3efbdb78da01985,0.017,,,
938,2026-07-28,SH603993,-0.06347797039338161,EXP_LGBModel_Alpha158_csi300_custom_step0_s_20260728_15,9e6afb2022c54871a3efbdb78da01985,0.017,,,
939,2026-07-28,SH603986,0.08912443953207438,EXP_LGBModel_Alpha158_csi300_custom_step0_s_20260728_15,9e6afb2022c54871a3efbdb78da01985,0.017,,,
940,2026-07-28,SH603893,0.007211584158126796,EXP_LGBModel_Alpha158_csi300_custom_step0_s_20260728_15,9e6afb2022c54871a3efbdb78da01985,0.017,,,
941,2026-07-28,SH603799,0.09503505964939989,EXP_LGBModel_Alpha158_csi300_custom_step0_s_20260728_15,9e6afb2022c54871a3efbdb78da01985,0.017,,,
942,2026-07-28,SH603501,0.05723142826380726,EXP_LGBModel_Alpha158_csi300_custom_step0_s_20260728_15,9e6afb2022c54871a3efbdb78da01985,0.017,,,
943,2026-07-28,SH688009,0.034370809370947636,EXP_LGBModel_Alpha158_csi300_custom_step0_s_20260728_15,9e6afb2022c54871a3efbdb78da01985,0.017,,,
944,2026-07-28,SH603392,-0.011449789717937238,EXP_LGBModel_Alpha158_csi300_custom_step0_s_20260728_15,9e6afb2022c54871a3efbdb78da01985,0.017,,,
945,2026-07-28,SH603296,0.043077639783043305,EXP_LGBModel_Alpha158_csi300_custom_step0_s_20260728_15,9e6afb2022c54871a3efbdb78da01985,0.017,,,
946,2026-07-28,SH603288,0.007442211651495299,EXP_LGBModel_Alpha158_csi300_custom_step0_s_20260728_15,9e6afb2022c54871a3efbdb78da01985,0.017,,,
947,2026-07-28,SH603260,0.1231142051048003,EXP_LGBModel_Alpha158_csi300_custom_step0_s_20260728_15,9e6afb2022c54871a3efbdb78da01985,0.017,,,
948,2026-07-28,SH603259,0.03833470667182071,EXP_LGBModel_Alpha158_csi300_custom_step0_s_20260728_15,9e6afb2022c54871a3efbdb78da01985,0.017,,,
949,2026-07-28,SH603019,0.051713059421803875,EXP_LGBModel_Alpha158_csi300_custom_step0_s_20260728_15,9e6afb2022c54871a3efbdb78da01985,0.017,,,
950,2026-07-28,SH601998,-0.006695741137334399,EXP_LGBModel_Alpha158_csi300_custom_step0_s_20260728_15,9e6afb2022c54871a3efbdb78da01985,0.017,,,
951,2026-07-28,SH601995,0.011768171629543094,EXP_LGBModel_Alpha158_csi300_custom_step0_s_20260728_15,9e6afb2022c54871a3efbdb78da01985,0.017,,,
952,2026-07-28,SH601988,0.026323213433761802,EXP_LGBModel_Alpha158_csi300_custom_step0_s_20260728_15,9e6afb2022c54871a3efbdb78da01985,0.017,,,
953,2026-07-28,SH603369,0.009203101771932197,EXP_LGBModel_Alpha158_csi300_custom_step0_s_20260728_15,9e6afb2022c54871a3efbdb78da01985,0.017,,,
954,2026-07-28,SH688012,0.08418449872272543,EXP_LGBModel_Alpha158_csi300_custom_step0_s_20260728_15,9e6afb2022c54871a3efbdb78da01985,0.017,,,
955,2026-07-28,SH688036,-0.023024158889169862,EXP_LGBModel_Alpha158_csi300_custom_step0_s_20260728_15,9e6afb2022c54871a3efbdb78da01985,0.017,,,
956,2026-07-28,SH688041,0.0687915836404604,EXP_LGBModel_Alpha158_csi300_custom_step0_s_20260728_15,9e6afb2022c54871a3efbdb78da01985,0.017,,,
957,2026-07-28,SZ000100,0.07392596178851352,EXP_LGBModel_Alpha158_csi300_custom_step0_s_20260728_15,9e6afb2022c54871a3efbdb78da01985,0.017,,,
958,2026-07-28,SZ000063,0.029841398331560638,EXP_LGBModel_Alpha158_csi300_custom_step0_s_20260728_15,9e6afb2022c54871a3efbdb78da01985,0.017,,,
959,2026-07-28,SZ000002,-0.00021144721226255326,EXP_LGBModel_Alpha158_csi300_custom_step0_s_20260728_15,9e6afb2022c54871a3efbdb78da01985,0.017,,,
960,2026-07-28,SZ000001,0.01517959111316685,EXP_LGBModel_Alpha158_csi300_custom_step0_s_20260728_15,9e6afb2022c54871a3efbdb78da01985,0.017,,,
961,2026-07-28,SH688981,0.0573163841026717,EXP_LGBModel_Alpha158_csi300_custom_step0_s_20260728_15,9e6afb2022c54871a3efbdb78da01985,0.017,,,
962,2026-07-28,SH688521,0.09603293994225987,EXP_LGBModel_Alpha158_csi300_custom_step0_s_20260728_15,9e6afb2022c54871a3efbdb78da01985,0.017,,,
963,2026-07-28,SH688506,0.1474274244734087,EXP_LGBModel_Alpha158_csi300_custom_step0_s_20260728_15,9e6afb2022c54871a3efbdb78da01985,0.017,,,
964,2026-07-28,SH688472,0.06097422780630896,EXP_LGBModel_Alpha158_csi300_custom_step0_s_20260728_15,9e6afb2022c54871a3efbdb78da01985,0.017,,,
965,2026-07-28,SH688396,0.10162596231680263,EXP_LGBModel_Alpha158_csi300_custom_step0_s_20260728_15,9e6afb2022c54871a3efbdb78da01985,0.017,,,
966,2026-07-28,SH688303,-0.01269611250994259,EXP_LGBModel_Alpha158_csi300_custom_step0_s_20260728_15,9e6afb2022c54871a3efbdb78da01985,0.017,,,
967,2026-07-28,SH688271,-0.04618166466877182,EXP_LGBModel_Alpha158_csi300_custom_step0_s_20260728_15,9e6afb2022c54871a3efbdb78da01985,0.017,,,
968,2026-07-28,SH688256,0.038573194617554984,EXP_LGBModel_Alpha158_csi300_custom_step0_s_20260728_15,9e6afb2022c54871a3efbdb78da01985,0.017,,,
969,2026-07-28,SH688223,0.13083595353046962,EXP_LGBModel_Alpha158_csi300_custom_step0_s_20260728_15,9e6afb2022c54871a3efbdb78da01985,0.017,,,
970,2026-07-28,SH688183,0.0730390668543208,EXP_LGBModel_Alpha158_csi300_custom_step0_s_20260728_15,9e6afb2022c54871a3efbdb78da01985,0.017,,,
971,2026-07-28,SH688126,0.12483691879675911,EXP_LGBModel_Alpha158_csi300_custom_step0_s_20260728_15,9e6afb2022c54871a3efbdb78da01985,0.017,,,
972,2026-07-28,SH688111,0.011582384434521928,EXP_LGBModel_Alpha158_csi300_custom_step0_s_20260728_15,9e6afb2022c54871a3efbdb78da01985,0.017,,,
973,2026-07-28,SH688082,0.11203426118294038,EXP_LGBModel_Alpha158_csi300_custom_step0_s_20260728_15,9e6afb2022c54871a3efbdb78da01985,0.017,,,
974,2026-07-28,SH688072,0.005434625907862303,EXP_LGBModel_Alpha158_csi300_custom_step0_s_20260728_15,9e6afb2022c54871a3efbdb78da01985,0.017,,,
975,2026-07-28,SH688047,0.11474591807547976,EXP_LGBModel_Alpha158_csi300_custom_step0_s_20260728_15,9e6afb2022c54871a3efbdb78da01985,0.017,,,
976,2026-07-28,SZ002241,0.002849518101333444,EXP_LGBModel_Alpha158_csi300_custom_step0_s_20260728_15,9e6afb2022c54871a3efbdb78da01985,0.017,,,
977,2026-07-28,SH600118,0.1784525215625763,EXP_LinearModel_Alpha158_csi300_custom_step0_s_20260728_15,ff319ad6404c413a9468e5536f15027f,0.027,,,
978,2026-07-28,SZ002304,0.0002559989524189164,EXP_LGBModel_Alpha158_csi300_custom_step0_s_20260728_15,9e6afb2022c54871a3efbdb78da01985,0.017,,,
979,2026-07-28,SZ002352,0.00343705785737621,EXP_LGBModel_Alpha158_csi300_custom_step0_s_20260728_15,9e6afb2022c54871a3efbdb78da01985,0.017,,,
980,2026-07-28,SH600011,-0.0030146189965307713,EXP_LinearModel_Alpha158_csi300_custom_step0_s_20260728_15,ff319ad6404c413a9468e5536f15027f,0.027,,,
981,2026-07-28,SH600010,-0.005543544888496399,EXP_LinearModel_Alpha158_csi300_custom_step0_s_20260728_15,ff319ad6404c413a9468e5536f15027f,0.027,,,
982,2026-07-28,SH600009,-0.014681210741400719,EXP_LinearModel_Alpha158_csi300_custom_step0_s_20260728_15,ff319ad6404c413a9468e5536f15027f,0.027,,,
983,2026-07-28,SH600000,0.02476826310157776,EXP_LinearModel_Alpha158_csi300_custom_step0_s_20260728_15,ff319ad6404c413a9468e5536f15027f,0.027,,,
984,2026-07-28,SZ302132,-0.07480237446698212,EXP_LGBModel_Alpha158_csi300_custom_step0_s_20260728_15,9e6afb2022c54871a3efbdb78da01985,0.017,,,
985,2026-07-28,SZ301308,0.08055365661771995,EXP_LGBModel_Alpha158_csi300_custom_step0_s_20260728_15,9e6afb2022c54871a3efbdb78da01985,0.017,,,
986,2026-07-28,SZ301269,0.13315993338516394,EXP_LGBModel_Alpha158_csi300_custom_step0_s_20260728_15,9e6afb2022c54871a3efbdb78da01985,0.017,,,
987,2026-07-28,SZ301236,0.05496051172872401,EXP_LGBModel_Alpha158_csi300_custom_step0_s_20260728_15,9e6afb2022c54871a3efbdb78da01985,0.017,,,
988,2026-07-28,SH600015,0.08363860845565796,EXP_LinearModel_Alpha158_csi300_custom_step0_s_20260728_15,ff319ad6404c413a9468e5536f15027f,0.027,,,
989,2026-07-28,SZ301165,0.016743200272012444,EXP_LGBModel_Alpha158_csi300_custom_step0_s_20260728_15,9e6afb2022c54871a3efbdb78da01985,0.017,,,
990,2026-07-28,SZ300896,-0.058093083302342224,EXP_LGBModel_Alpha158_csi300_custom_step0_s_20260728_15,9e6afb2022c54871a3efbdb78da01985,0.017,,,
991,2026-07-28,SZ300866,0.0005367813855106341,EXP_LGBModel_Alpha158_csi300_custom_step0_s_20260728_15,9e6afb2022c54871a3efbdb78da01985,0.017,,,
992,2026-07-28,SZ300832,-0.006087977913150092,EXP_LGBModel_Alpha158_csi300_custom_step0_s_20260728_15,9e6afb2022c54871a3efbdb78da01985,0.017,,,
993,2026-07-28,SZ300803,0.12531120971794443,EXP_LGBModel_Alpha158_csi300_custom_step0_s_20260728_15,9e6afb2022c54871a3efbdb78da01985,0.017,,,
994,2026-07-28,SZ300760,0.0037001155243936274,EXP_LGBModel_Alpha158_csi300_custom_step0_s_20260728_15,9e6afb2022c54871a3efbdb78da01985,0.017,,,
995,2026-07-28,SZ300750,0.07843742835280193,EXP_LGBModel_Alpha158_csi300_custom_step0_s_20260728_15,9e6afb2022c54871a3efbdb78da01985,0.017,,,
996,2026-07-28,SZ300661,0.08585591225536383,EXP_LGBModel_Alpha158_csi300_custom_step0_s_20260728_15,9e6afb2022c54871a3efbdb78da01985,0.017,,,
997,2026-07-28,SZ300628,0.01186772984815745,EXP_LGBModel_Alpha158_csi300_custom_step0_s_20260728_15,9e6afb2022c54871a3efbdb78da01985,0.017,,,
998,2026-07-28,SZ300999,0.0072984647316519675,EXP_LGBModel_Alpha158_csi300_custom_step0_s_20260728_15,9e6afb2022c54871a3efbdb78da01985,0.017,,,
999,2026-07-28,SZ300502,0.0005642045005037283,EXP_LGBModel_Alpha158_csi300_custom_step0_s_20260728_15,9e6afb2022c54871a3efbdb78da01985,0.017,,,
1000,2026-07-28,SH600016,0.06815166026353836,EXP_LinearModel_Alpha158_csi300_custom_step0_s_20260728_15,ff319ad6404c413a9468e5536f15027f,0.027,,,
1001,2026-07-28,SH600019,0.03064214624464512,EXP_LinearModel_Alpha158_csi300_custom_step0_s_20260728_15,ff319ad6404c413a9468e5536f15027f,0.027,,,
1002,2026-07-28,SH600111,0.12446651607751846,EXP_LinearModel_Alpha158_csi300_custom_step0_s_20260728_15,ff319ad6404c413a9468e5536f15027f,0.027,,,
1003,2026-07-28,SH600104,-0.0016365812625735998,EXP_LinearModel_Alpha158_csi300_custom_step0_s_20260728_15,ff319ad6404c413a9468e5536f15027f,0.027,,,
1004,2026-07-28,SH600089,-0.024944717064499855,EXP_LinearModel_Alpha158_csi300_custom_step0_s_20260728_15,ff319ad6404c413a9468e5536f15027f,0.027,,,
1005,2026-07-28,SH600085,-0.052564430981874466,EXP_LinearModel_Alpha158_csi300_custom_step0_s_20260728_15,ff319ad6404c413a9468e5536f15027f,0.027,,,
1006,2026-07-28,SH600066,0.0017383354716002941,EXP_LinearModel_Alpha158_csi300_custom_step0_s_20260728_15,ff319ad6404c413a9468e5536f15027f,0.027,,,
1007,2026-07-28,SH600061,-0.01469588652253151,EXP_LinearModel_Alpha158_csi300_custom_step0_s_20260728_15,ff319ad6404c413a9468e5536f15027f,0.027,,,
1008,2026-07-28,SH600050,0.027137916535139084,EXP_LinearModel_Alpha158_csi300_custom_step0_s_20260728_15,ff319ad6404c413a9468e5536f15027f,0.027,,,
1009,2026-07-28,SH600048,0.03978624939918518,EXP_LinearModel_Alpha158_csi300_custom_step0_s_20260728_15,ff319ad6404c413a9468e5536f15027f,0.027,,,
1010,2026-07-28,SH600018,0.06675077229738235,EXP_LinearModel_Alpha158_csi300_custom_step0_s_20260728_15,ff319ad6404c413a9468e5536f15027f,0.027,,,
1011,2026-07-28,SH600039,0.030257511883974075,EXP_LinearModel_Alpha158_csi300_custom_step0_s_20260728_15,ff319ad6404c413a9468e5536f15027f,0.027,,,
1012,2026-07-28,SH600031,0.03614780679345131,EXP_LinearModel_Alpha158_csi300_custom_step0_s_20260728_15,ff319ad6404c413a9468e5536f15027f,0.027,,,
1013,2026-07-28,SH600030,-0.04458311200141907,EXP_LinearModel_Alpha158_csi300_custom_step0_s_20260728_15,ff319ad6404c413a9468e5536f15027f,0.027,,,
1014,2026-07-28,SH600029,0.024480650201439857,EXP_LinearModel_Alpha158_csi300_custom_step0_s_20260728_15,ff319ad6404c413a9468e5536f15027f,0.027,,,
1015,2026-07-28,SH600028,0.04623473435640335,EXP_LinearModel_Alpha158_csi300_custom_step0_s_20260728_15,ff319ad6404c413a9468e5536f15027f,0.027,,,
1016,2026-07-28,SH600027,0.017372574657201767,EXP_LinearModel_Alpha158_csi300_custom_step0_s_20260728_15,ff319ad6404c413a9468e5536f15027f,0.027,,,
1017,2026-07-28,SH600026,-0.02360539510846138,EXP_LinearModel_Alpha158_csi300_custom_step0_s_20260728_15,ff319ad6404c413a9468e5536f15027f,0.027,,,
1018,2026-07-28,SH600025,0.037139568477869034,EXP_LinearModel_Alpha158_csi300_custom_step0_s_20260728_15,ff319ad6404c413a9468e5536f15027f,0.027,,,
1019,2026-07-28,SH600023,0.06406833231449127,EXP_LinearModel_Alpha158_csi300_custom_step0_s_20260728_15,ff319ad6404c413a9468e5536f15027f,0.027,,,
1020,2026-07-28,SH600036,0.0770338922739029,EXP_LinearModel_Alpha158_csi300_custom_step0_s_20260728_15,ff319ad6404c413a9468e5536f15027f,0.027,,,
1021,2026-07-28,SZ300498,-0.006322884828837352,EXP_LGBModel_Alpha158_csi300_custom_step0_s_20260728_15,9e6afb2022c54871a3efbdb78da01985,0.017,,,
1022,2026-07-28,SZ300476,0.08670462120439038,EXP_LGBModel_Alpha158_csi300_custom_step0_s_20260728_15,9e6afb2022c54871a3efbdb78da01985,0.017,,,
1023,2026-07-28,SZ300450,0.13022196092705327,EXP_LGBModel_Alpha158_csi300_custom_step0_s_20260728_15,9e6afb2022c54871a3efbdb78da01985,0.017,,,
1024,2026-07-28,SZ002709,0.14109994012015428,EXP_LGBModel_Alpha158_csi300_custom_step0_s_20260728_15,9e6afb2022c54871a3efbdb78da01985,0.017,,,
1025,2026-07-28,SZ002648,0.00042328715689130534,EXP_LGBModel_Alpha158_csi300_custom_step0_s_20260728_15,9e6afb2022c54871a3efbdb78da01985,0.017,,,
1026,2026-07-28,SZ002625,0.013679839029560981,EXP_LGBModel_Alpha158_csi300_custom_step0_s_20260728_15,9e6afb2022c54871a3efbdb78da01985,0.017,,,
1027,2026-07-28,SZ002602,0.06248830389416426,EXP_LGBModel_Alpha158_csi300_custom_step0_s_20260728_15,9e6afb2022c54871a3efbdb78da01985,0.017,,,
1028,2026-07-28,SZ002600,0.11326723829636016,EXP_LGBModel_Alpha158_csi300_custom_step0_s_20260728_15,9e6afb2022c54871a3efbdb78da01985,0.017,,,
1029,2026-07-28,SZ002594,0.0004600684889001799,EXP_LGBModel_Alpha158_csi300_custom_step0_s_20260728_15,9e6afb2022c54871a3efbdb78da01985,0.017,,,
1030,2026-07-28,SZ002558,0.09417532034745686,EXP_LGBModel_Alpha158_csi300_custom_step0_s_20260728_15,9e6afb2022c54871a3efbdb78da01985,0.017,,,
1031,2026-07-28,SZ002532,-0.024960008606513387,EXP_LGBModel_Alpha158_csi300_custom_step0_s_20260728_15,9e6afb2022c54871a3efbdb78da01985,0.017,,,
1032,2026-07-28,SZ002714,0.0030964995270514263,EXP_LGBModel_Alpha158_csi300_custom_step0_s_20260728_15,9e6afb2022c54871a3efbdb78da01985,0.017,,,
1033,2026-07-28,SZ002493,-0.03186751852425714,EXP_LGBModel_Alpha158_csi300_custom_step0_s_20260728_15,9e6afb2022c54871a3efbdb78da01985,0.017,,,
1034,2026-07-28,SZ002466,0.14125461773284134,EXP_LGBModel_Alpha158_csi300_custom_step0_s_20260728_15,9e6afb2022c54871a3efbdb78da01985,0.017,,,
1035,2026-07-28,SZ002463,0.07734350377373853,EXP_LGBModel_Alpha158_csi300_custom_step0_s_20260728_15,9e6afb2022c54871a3efbdb78da01985,0.017,,,
1036,2026-07-28,SZ002460,0.119481013857511,EXP_LGBModel_Alpha158_csi300_custom_step0_s_20260728_15,9e6afb2022c54871a3efbdb78da01985,0.017,,,
1037,2026-07-28,SZ002422,0.12134168859042167,EXP_LGBModel_Alpha158_csi300_custom_step0_s_20260728_15,9e6afb2022c54871a3efbdb78da01985,0.017,,,
1038,2026-07-28,SZ002415,0.058531461359130676,EXP_LGBModel_Alpha158_csi300_custom_step0_s_20260728_15,9e6afb2022c54871a3efbdb78da01985,0.017,,,
1039,2026-07-28,SZ002384,0.08148328263191405,EXP_LGBModel_Alpha158_csi300_custom_step0_s_20260728_15,9e6afb2022c54871a3efbdb78da01985,0.017,,,
1040,2026-07-28,SZ002371,0.05449048721937103,EXP_LGBModel_Alpha158_csi300_custom_step0_s_20260728_15,9e6afb2022c54871a3efbdb78da01985,0.017,,,
1041,2026-07-28,SZ002353,0.09222985325152194,EXP_LGBModel_Alpha158_csi300_custom_step0_s_20260728_15,9e6afb2022c54871a3efbdb78da01985,0.017,,,
1042,2026-07-28,SZ002475,0.11881926667347917,EXP_LGBModel_Alpha158_csi300_custom_step0_s_20260728_15,9e6afb2022c54871a3efbdb78da01985,0.017,,,
1043,2026-07-28,SZ002736,0.022059665972793886,EXP_LGBModel_Alpha158_csi300_custom_step0_s_20260728_15,9e6afb2022c54871a3efbdb78da01985,0.017,,,
1044,2026-07-28,SZ002837,0.10653514846721283,EXP_LGBModel_Alpha158_csi300_custom_step0_s_20260728_15,9e6afb2022c54871a3efbdb78da01985,0.017,,,
1045,2026-07-28,SZ002916,0.10407413373113293,EXP_LGBModel_Alpha158_csi300_custom_step0_s_20260728_15,9e6afb2022c54871a3efbdb78da01985,0.017,,,
1046,2026-07-28,SZ300442,0.1574525585465577,EXP_LGBModel_Alpha158_csi300_custom_step0_s_20260728_15,9e6afb2022c54871a3efbdb78da01985,0.017,,,
1047,2026-07-28,SZ300433,0.07118542750810467,EXP_LGBModel_Alpha158_csi300_custom_step0_s_20260728_15,9e6afb2022c54871a3efbdb78da01985,0.017,,,
1048,2026-07-28,SZ300418,0.10234404162899079,EXP_LGBModel_Alpha158_csi300_custom_step0_s_20260728_15,9e6afb2022c54871a3efbdb78da01985,0.017,,,
1049,2026-07-28,SZ300413,0.00503343465886018,EXP_LGBModel_Alpha158_csi300_custom_step0_s_20260728_15,9e6afb2022c54871a3efbdb78da01985,0.017,,,
1050,2026-07-28,SZ300408,0.12442407272662151,EXP_LGBModel_Alpha158_csi300_custom_step0_s_20260728_15,9e6afb2022c54871a3efbdb78da01985,0.017,,,
1051,2026-07-28,SZ300394,0.06916990170914755,EXP_LGBModel_Alpha158_csi300_custom_step0_s_20260728_15,9e6afb2022c54871a3efbdb78da01985,0.017,,,
1052,2026-07-28,SZ300316,0.1042508886054599,EXP_LGBModel_Alpha158_csi300_custom_step0_s_20260728_15,9e6afb2022c54871a3efbdb78da01985,0.017,,,
1053,2026-07-28,SZ300308,-0.0025819650263598642,EXP_LGBModel_Alpha158_csi300_custom_step0_s_20260728_15,9e6afb2022c54871a3efbdb78da01985,0.017,,,
1054,2026-07-28,SZ300274,0.07687411162273236,EXP_LGBModel_Alpha158_csi300_custom_step0_s_20260728_15,9e6afb2022c54871a3efbdb78da01985,0.017,,,
1055,2026-07-28,SZ300251,0.015746647198122042,EXP_LGBModel_Alpha158_csi300_custom_step0_s_20260728_15,9e6afb2022c54871a3efbdb78da01985,0.017,,,
1056,2026-07-28,SZ300124,0.06206617408826478,EXP_LGBModel_Alpha158_csi300_custom_step0_s_20260728_15,9e6afb2022c54871a3efbdb78da01985,0.017,,,
1057,2026-07-28,SZ300122,0.036723605975631866,EXP_LGBModel_Alpha158_csi300_custom_step0_s_20260728_15,9e6afb2022c54871a3efbdb78da01985,0.017,,,
1058,2026-07-28,SZ300059,-0.00402093045301573,EXP_LGBModel_Alpha158_csi300_custom_step0_s_20260728_15,9e6afb2022c54871a3efbdb78da01985,0.017,,,
1059,2026-07-28,SZ300033,0.09224241774788505,EXP_LGBModel_Alpha158_csi300_custom_step0_s_20260728_15,9e6afb2022c54871a3efbdb78da01985,0.017,,,
1060,2026-07-28,SZ300015,0.008402811640880949,EXP_LGBModel_Alpha158_csi300_custom_step0_s_20260728_15,9e6afb2022c54871a3efbdb78da01985,0.017,,,
1061,2026-07-28,SZ300014,0.14354911244492397,EXP_LGBModel_Alpha158_csi300_custom_step0_s_20260728_15,9e6afb2022c54871a3efbdb78da01985,0.017,,,
1062,2026-07-28,SZ003816,-0.021182362361073275,EXP_LGBModel_Alpha158_csi300_custom_step0_s_20260728_15,9e6afb2022c54871a3efbdb78da01985,0.017,,,
1063,2026-07-28,SZ002938,0.10650775769883628,EXP_LGBModel_Alpha158_csi300_custom_step0_s_20260728_15,9e6afb2022c54871a3efbdb78da01985,0.017,,,
1064,2026-07-28,SZ002920,-0.019143019288924767,EXP_LGBModel_Alpha158_csi300_custom_step0_s_20260728_15,9e6afb2022c54871a3efbdb78da01985,0.017,,,
1065,2026-07-28,SZ002311,0.010101808324510714,EXP_LGBModel_Alpha158_csi300_custom_step0_s_20260728_15,9e6afb2022c54871a3efbdb78da01985,0.017,,,
1066,2026-07-28,SZ000630,-0.02407519519329071,EXP_LinearModel_Alpha158_csi300_custom_step0_s_20260728_15,ff319ad6404c413a9468e5536f15027f,0.027,,,
1067,2026-07-28,SZ000651,0.15738043189048767,EXP_LinearModel_Alpha158_csi300_custom_step0_s_20260728_15,ff319ad6404c413a9468e5536f15027f,0.027,,,
1068,2026-07-28,SZ000657,0.2663143277168274,EXP_LinearModel_Alpha158_csi300_custom_step0_s_20260728_15,ff319ad6404c413a9468e5536f15027f,0.027,,,
1069,2026-07-28,SH601919,0.0017979810945689678,EXP_LinearModel_Alpha158_csi300_custom_step0_s_20260728_15,bd5a628e4b24414899e51d6bae084c12,0.027,,,
1070,2026-07-28,SH601916,0.08470124751329422,EXP_LinearModel_Alpha158_csi300_custom_step0_s_20260728_15,bd5a628e4b24414899e51d6bae084c12,0.027,,,
1071,2026-07-28,SH601901,0.0009580758633092046,EXP_LinearModel_Alpha158_csi300_custom_step0_s_20260728_15,bd5a628e4b24414899e51d6bae084c12,0.027,,,
1072,2026-07-28,SH601899,-0.0630454495549202,EXP_LinearModel_Alpha158_csi300_custom_step0_s_20260728_15,bd5a628e4b24414899e51d6bae084c12,0.027,,,
1073,2026-07-28,SH601898,-0.09044118225574493,EXP_LinearModel_Alpha158_csi300_custom_step0_s_20260728_15,bd5a628e4b24414899e51d6bae084c12,0.027,,,
1074,2026-07-28,SH601888,0.00405780179426074,EXP_LinearModel_Alpha158_csi300_custom_step0_s_20260728_15,bd5a628e4b24414899e51d6bae084c12,0.027,,,
1075,2026-07-28,SH601881,-0.02064596302807331,EXP_LinearModel_Alpha158_csi300_custom_step0_s_20260728_15,bd5a628e4b24414899e51d6bae084c12,0.027,,,
1076,2026-07-28,SH601878,0.012397976592183113,EXP_LinearModel_Alpha158_csi300_custom_step0_s_20260728_15,bd5a628e4b24414899e51d6bae084c12,0.027,,,
1077,2026-07-28,SH601939,0.03094426542520523,EXP_LinearModel_Alpha158_csi300_custom_step0_s_20260728_15,bd5a628e4b24414899e51d6bae084c12,0.027,,,
1078,2026-07-28,SH601877,0.007915426045656204,EXP_LinearModel_Alpha158_csi300_custom_step0_s_20260728_15,bd5a628e4b24414899e51d6bae084c12,0.027,,,
1079,2026-07-28,SH601868,0.05485688894987106,EXP_LinearModel_Alpha158_csi300_custom_step0_s_20260728_15,bd5a628e4b24414899e51d6bae084c12,0.027,,,
1080,2026-07-28,SH601857,-0.019622614607214928,EXP_LinearModel_Alpha158_csi300_custom_step0_s_20260728_15,bd5a628e4b24414899e51d6bae084c12,0.027,,,
1081,2026-07-28,SH601838,0.10564552992582321,EXP_LinearModel_Alpha158_csi300_custom_step0_s_20260728_15,bd5a628e4b24414899e51d6bae084c12,0.027,,,
1082,2026-07-28,SH601825,-0.025709880515933037,EXP_LinearModel_Alpha158_csi300_custom_step0_s_20260728_15,bd5a628e4b24414899e51d6bae084c12,0.027,,,
1083,2026-07-28,SH601818,0.07719935476779938,EXP_LinearModel_Alpha158_csi300_custom_step0_s_20260728_15,bd5a628e4b24414899e51d6bae084c12,0.027,,,
1084,2026-07-28,SH601816,0.03262669965624809,EXP_LinearModel_Alpha158_csi300_custom_step0_s_20260728_15,bd5a628e4b24414899e51d6bae084c12,0.027,,,
1085,2026-07-28,SH601800,-0.0019140212098136544,EXP_LinearModel_Alpha158_csi300_custom_step0_s_20260728_15,bd5a628e4b24414899e51d6bae084c12,0.027,,,
1086,2026-07-28,SH601788,-0.06857722997665405,EXP_LinearModel_Alpha158_csi300_custom_step0_s_20260728_15,bd5a628e4b24414899e51d6bae084c12,0.027,,,
1087,2026-07-28,SH601872,-0.1397014707326889,EXP_LinearModel_Alpha158_csi300_custom_step0_s_20260728_15,bd5a628e4b24414899e51d6bae084c12,0.027,,,
1088,2026-07-28,SH601766,0.05556458607316017,EXP_LinearModel_Alpha158_csi300_custom_step0_s_20260728_15,bd5a628e4b24414899e51d6bae084c12,0.027,,,
1089,2026-07-28,SH601985,0.06227324903011322,EXP_LinearModel_Alpha158_csi300_custom_step0_s_20260728_15,bd5a628e4b24414899e51d6bae084c12,0.027,,,
1090,2026-07-28,SH601995,-0.031279511749744415,EXP_LinearModel_Alpha158_csi300_custom_step0_s_20260728_15,bd5a628e4b24414899e51d6bae084c12,0.027,,,
1091,2026-07-28,SH688012,-0.08523575961589813,EXP_LinearModel_Alpha158_csi300_custom_step0_s_20260728_15,bd5a628e4b24414899e51d6bae084c12,0.027,,,
1092,2026-07-28,SH688009,0.04648662731051445,EXP_LinearModel_Alpha158_csi300_custom_step0_s_20260728_15,bd5a628e4b24414899e51d6bae084c12,0.027,,,
1093,2026-07-28,SH688008,-0.0317033976316452,EXP_LinearModel_Alpha158_csi300_custom_step0_s_20260728_15,bd5a628e4b24414899e51d6bae084c12,0.027,,,
1094,2026-07-28,SH605499,-0.006819305941462517,EXP_LinearModel_Alpha158_csi300_custom_step0_s_20260728_15,bd5a628e4b24414899e51d6bae084c12,0.027,,,
1095,2026-07-28,SH605117,0.030081385746598244,EXP_LinearModel_Alpha158_csi300_custom_step0_s_20260728_15,bd5a628e4b24414899e51d6bae084c12,0.027,,,
1096,2026-07-28,SH603993,-0.04699272662401199,EXP_LinearModel_Alpha158_csi300_custom_step0_s_20260728_15,bd5a628e4b24414899e51d6bae084c12,0.027,,,
1097,2026-07-28,SH603986,0.11804395914077759,EXP_LinearModel_Alpha158_csi300_custom_step0_s_20260728_15,bd5a628e4b24414899e51d6bae084c12,0.027,,,
1098,2026-07-28,SH603893,0.04192853718996048,EXP_LinearModel_Alpha158_csi300_custom_step0_s_20260728_15,bd5a628e4b24414899e51d6bae084c12,0.027,,,
1099,2026-07-28,SH601988,0.04520941153168678,EXP_LinearModel_Alpha158_csi300_custom_step0_s_20260728_15,bd5a628e4b24414899e51d6bae084c12,0.027,,,
1100,2026-07-28,SH603799,0.016627704724669456,EXP_LinearModel_Alpha158_csi300_custom_step0_s_20260728_15,bd5a628e4b24414899e51d6bae084c12,0.027,,,
1101,2026-07-28,SH603392,-0.022706100717186928,EXP_LinearModel_Alpha158_csi300_custom_step0_s_20260728_15,bd5a628e4b24414899e51d6bae084c12,0.027,,,
1102,2026-07-28,SH603369,0.027843784540891647,EXP_LinearModel_Alpha158_csi300_custom_step0_s_20260728_15,bd5a628e4b24414899e51d6bae084c12,0.027,,,
1103,2026-07-28,SH603296,-0.11570814251899719,EXP_LinearModel_Alpha158_csi300_custom_step0_s_20260728_15,bd5a628e4b24414899e51d6bae084c12,0.027,,,
1104,2026-07-28,SH603288,-0.01141422800719738,EXP_LinearModel_Alpha158_csi300_custom_step0_s_20260728_15,bd5a628e4b24414899e51d6bae084c12,0.027,,,
1105,2026-07-28,SH603260,0.03989511728286743,EXP_LinearModel_Alpha158_csi300_custom_step0_s_20260728_15,bd5a628e4b24414899e51d6bae084c12,0.027,,,
1106,2026-07-28,SH603259,-0.0256867203861475,EXP_LinearModel_Alpha158_csi300_custom_step0_s_20260728_15,bd5a628e4b24414899e51d6bae084c12,0.027,,,
1107,2026-07-28,SH603019,-0.018670381978154182,EXP_LinearModel_Alpha158_csi300_custom_step0_s_20260728_15,bd5a628e4b24414899e51d6bae084c12,0.027,,,
1108,2026-07-28,SH601998,-0.009900448843836784,EXP_LinearModel_Alpha158_csi300_custom_step0_s_20260728_15,bd5a628e4b24414899e51d6bae084c12,0.027,,,
1109,2026-07-28,SH603501,-0.05755011737346649,EXP_LinearModel_Alpha158_csi300_custom_step0_s_20260728_15,bd5a628e4b24414899e51d6bae084c12,0.027,,,
1110,2026-07-28,SH601728,-0.0036782214883714914,EXP_LinearModel_Alpha158_csi300_custom_step0_s_20260728_15,bd5a628e4b24414899e51d6bae084c12,0.027,,,
1111,2026-07-28,SH601727,0.06665819138288498,EXP_LinearModel_Alpha158_csi300_custom_step0_s_20260728_15,bd5a628e4b24414899e51d6bae084c12,0.027,,,
1112,2026-07-28,SH601698,0.004438293166458607,EXP_LinearModel_Alpha158_csi300_custom_step0_s_20260728_15,bd5a628e4b24414899e51d6bae084c12,0.027,,,
1113,2026-07-28,SH601225,-0.03584813326597214,EXP_LinearModel_Alpha158_csi300_custom_step0_s_20260728_15,bd5a628e4b24414899e51d6bae084c12,0.027,,,
1114,2026-07-28,SH601211,-0.15771484375,EXP_LinearModel_Alpha158_csi300_custom_step0_s_20260728_15,bd5a628e4b24414899e51d6bae084c12,0.027,,,
1115,2026-07-28,SH601186,0.023932816460728645,EXP_LinearModel_Alpha158_csi300_custom_step0_s_20260728_15,bd5a628e4b24414899e51d6bae084c12,0.027,,,
1116,2026-07-28,SH601169,0.13299517333507538,EXP_LinearModel_Alpha158_csi300_custom_step0_s_20260728_15,bd5a628e4b24414899e51d6bae084c12,0.027,,,
1117,2026-07-28,SH601166,0.031931210309267044,EXP_LinearModel_Alpha158_csi300_custom_step0_s_20260728_15,bd5a628e4b24414899e51d6bae084c12,0.027,,,
1118,2026-07-28,SH601138,-0.01534124556928873,EXP_LinearModel_Alpha158_csi300_custom_step0_s_20260728_15,bd5a628e4b24414899e51d6bae084c12,0.027,,,
1119,2026-07-28,SH601136,-0.036650411784648895,EXP_LinearModel_Alpha158_csi300_custom_step0_s_20260728_15,bd5a628e4b24414899e51d6bae084c12,0.027,,,
1120,2026-07-28,SH601127,0.041735127568244934,EXP_LinearModel_Alpha158_csi300_custom_step0_s_20260728_15,bd5a628e4b24414899e51d6bae084c12,0.027,,,
1121,2026-07-28,SH601229,0.038284722715616226,EXP_LinearModel_Alpha158_csi300_custom_step0_s_20260728_15,bd5a628e4b24414899e51d6bae084c12,0.027,,,
1122,2026-07-28,SH601117,-0.03718310594558716,EXP_LinearModel_Alpha158_csi300_custom_step0_s_20260728_15,bd5a628e4b24414899e51d6bae084c12,0.027,,,
1123,2026-07-28,SH601100,-0.0005061868578195572,EXP_LinearModel_Alpha158_csi300_custom_step0_s_20260728_15,bd5a628e4b24414899e51d6bae084c12,0.027,,,
1124,2026-07-28,SH601088,-0.05523645505309105,EXP_LinearModel_Alpha158_csi300_custom_step0_s_20260728_15,bd5a628e4b24414899e51d6bae084c12,0.027,,,
1125,2026-07-28,SH601077,0.0849132388830185,EXP_LinearModel_Alpha158_csi300_custom_step0_s_20260728_15,bd5a628e4b24414899e51d6bae084c12,0.027,,,
1126,2026-07-28,SH601066,0.013470116071403027,EXP_LinearModel_Alpha158_csi300_custom_step0_s_20260728_15,bd5a628e4b24414899e51d6bae084c12,0.027,,,
1127,2026-07-28,SH601059,-0.061400771141052246,EXP_LinearModel_Alpha158_csi300_custom_step0_s_20260728_15,bd5a628e4b24414899e51d6bae084c12,0.027,,,
1128,2026-07-28,SH601058,-0.016660267487168312,EXP_LinearModel_Alpha158_csi300_custom_step0_s_20260728_15,bd5a628e4b24414899e51d6bae084c12,0.027,,,
1129,2026-07-28,SH601021,0.04296816885471344,EXP_LinearModel_Alpha158_csi300_custom_step0_s_20260728_15,bd5a628e4b24414899e51d6bae084c12,0.027,,,
1130,2026-07-28,SH601018,-0.004413483664393425,EXP_LinearModel_Alpha158_csi300_custom_step0_s_20260728_15,bd5a628e4b24414899e51d6bae084c12,0.027,,,
1131,2026-07-28,SH601111,-0.011761661618947983,EXP_LinearModel_Alpha158_csi300_custom_step0_s_20260728_15,bd5a628e4b24414899e51d6bae084c12,0.027,,,
1132,2026-07-28,SH601238,-0.004486755467951298,EXP_LinearModel_Alpha158_csi300_custom_step0_s_20260728_15,bd5a628e4b24414899e51d6bae084c12,0.027,,,
1133,2026-07-28,SH601288,0.010768352076411247,EXP_LinearModel_Alpha158_csi300_custom_step0_s_20260728_15,bd5a628e4b24414899e51d6bae084c12,0.027,,,
1134,2026-07-28,SH601318,0.0014676470309495926,EXP_LinearModel_Alpha158_csi300_custom_step0_s_20260728_15,bd5a628e4b24414899e51d6bae084c12,0.027,,,
1135,2026-07-28,SH601689,0.0631783977150917,EXP_LinearModel_Alpha158_csi300_custom_step0_s_20260728_15,bd5a628e4b24414899e51d6bae084c12,0.027,,,
1136,2026-07-28,SH601688,-0.03247104212641716,EXP_LinearModel_Alpha158_csi300_custom_step0_s_20260728_15,bd5a628e4b24414899e51d6bae084c12,0.027,,,
1137,2026-07-28,SH601669,-0.021088209003210068,EXP_LinearModel_Alpha158_csi300_custom_step0_s_20260728_15,bd5a628e4b24414899e51d6bae084c12,0.027,,,
1138,2026-07-28,SH601668,0.06632096320390701,EXP_LinearModel_Alpha158_csi300_custom_step0_s_20260728_15,bd5a628e4b24414899e51d6bae084c12,0.027,,,
1139,2026-07-28,SH601658,0.06741601228713989,EXP_LinearModel_Alpha158_csi300_custom_step0_s_20260728_15,bd5a628e4b24414899e51d6bae084c12,0.027,,,
1140,2026-07-28,SH601633,-0.042073484510183334,EXP_LinearModel_Alpha158_csi300_custom_step0_s_20260728_15,bd5a628e4b24414899e51d6bae084c12,0.027,,,
1141,2026-07-28,SH601628,0.014423036016523838,EXP_LinearModel_Alpha158_csi300_custom_step0_s_20260728_15,bd5a628e4b24414899e51d6bae084c12,0.027,,,
1142,2026-07-28,SH601618,0.007856921292841434,EXP_LinearModel_Alpha158_csi300_custom_step0_s_20260728_15,bd5a628e4b24414899e51d6bae084c12,0.027,,,
1143,2026-07-28,SH601607,0.009949997998774052,EXP_LinearModel_Alpha158_csi300_custom_step0_s_20260728_15,bd5a628e4b24414899e51d6bae084c12,0.027,,,
1144,2026-07-28,SH601601,0.007445858791470528,EXP_LinearModel_Alpha158_csi300_custom_step0_s_20260728_15,bd5a628e4b24414899e51d6bae084c12,0.027,,,
1145,2026-07-28,SH601600,-0.009698801673948765,EXP_LinearModel_Alpha158_csi300_custom_step0_s_20260728_15,bd5a628e4b24414899e51d6bae084c12,0.027,,,
1146,2026-07-28,SH601456,0.02059343457221985,EXP_LinearModel_Alpha158_csi300_custom_step0_s_20260728_15,bd5a628e4b24414899e51d6bae084c12,0.027,,,
1147,2026-07-28,SH601398,-0.006682609207928181,EXP_LinearModel_Alpha158_csi300_custom_step0_s_20260728_15,bd5a628e4b24414899e51d6bae084c12,0.027,,,
1148,2026-07-28,SH601390,0.06889836490154266,EXP_LinearModel_Alpha158_csi300_custom_step0_s_20260728_15,bd5a628e4b24414899e51d6bae084c12,0.027,,,
1149,2026-07-28,SH601377,0.043437857180833817,EXP_LinearModel_Alpha158_csi300_custom_step0_s_20260728_15,bd5a628e4b24414899e51d6bae084c12,0.027,,,
1150,2026-07-28,SH601360,-0.0021488764323294163,EXP_LinearModel_Alpha158_csi300_custom_step0_s_20260728_15,bd5a628e4b24414899e51d6bae084c12,0.027,,,
1151,2026-07-28,SH601336,-0.011517304927110672,EXP_LinearModel_Alpha158_csi300_custom_step0_s_20260728_15,bd5a628e4b24414899e51d6bae084c12,0.027,,,
1152,2026-07-28,SH601328,0.0811263918876648,EXP_LinearModel_Alpha158_csi300_custom_step0_s_20260728_15,bd5a628e4b24414899e51d6bae084c12,0.027,,,
1153,2026-07-28,SH601319,-0.01237965002655983,EXP_LinearModel_Alpha158_csi300_custom_step0_s_20260728_15,bd5a628e4b24414899e51d6bae084c12,0.027,,,
1154,2026-07-28,SH688036,0.01846897229552269,EXP_LinearModel_Alpha158_csi300_custom_step0_s_20260728_15,bd5a628e4b24414899e51d6bae084c12,0.027,,,
1155,2026-07-28,SH601012,-0.057405613362789154,EXP_LinearModel_Alpha158_csi300_custom_step0_s_20260728_15,bd5a628e4b24414899e51d6bae084c12,0.027,,,
1156,2026-07-28,SH688041,-0.054629966616630554,EXP_LinearModel_Alpha158_csi300_custom_step0_s_20260728_15,bd5a628e4b24414899e51d6bae084c12,0.027,,,
1157,2026-07-28,SH688072,,EXP_LinearModel_Alpha158_csi300_custom_step0_s_20260728_15,bd5a628e4b24414899e51d6bae084c12,0.027,,,
1158,2026-07-28,SZ002304,-0.03504860773682594,EXP_LinearModel_Alpha158_csi300_custom_step0_s_20260728_15,bd5a628e4b24414899e51d6bae084c12,0.027,,,
1159,2026-07-28,SZ002241,0.01349770650267601,EXP_LinearModel_Alpha158_csi300_custom_step0_s_20260728_15,bd5a628e4b24414899e51d6bae084c12,0.027,,,
1160,2026-07-28,SZ002236,-0.039772044867277145,EXP_LinearModel_Alpha158_csi300_custom_step0_s_20260728_15,bd5a628e4b24414899e51d6bae084c12,0.027,,,
1161,2026-07-28,SZ002230,0.0017652648966759443,EXP_LinearModel_Alpha158_csi300_custom_step0_s_20260728_15,bd5a628e4b24414899e51d6bae084c12,0.027,,,
1162,2026-07-28,SZ002202,0.10330460965633392,EXP_LinearModel_Alpha158_csi300_custom_step0_s_20260728_15,bd5a628e4b24414899e51d6bae084c12,0.027,,,
1163,2026-07-28,SZ002179,0.1140056774020195,EXP_LinearModel_Alpha158_csi300_custom_step0_s_20260728_15,bd5a628e4b24414899e51d6bae084c12,0.027,,,
1164,2026-07-28,SZ002142,0.08210252225399017,EXP_LinearModel_Alpha158_csi300_custom_step0_s_20260728_15,bd5a628e4b24414899e51d6bae084c12,0.027,,,
1165,2026-07-28,SZ002074,-0.04231007397174835,EXP_LinearModel_Alpha158_csi300_custom_step0_s_20260728_15,bd5a628e4b24414899e51d6bae084c12,0.027,,,
1166,2026-07-28,SZ002311,0.052970126271247864,EXP_LinearModel_Alpha158_csi300_custom_step0_s_20260728_15,bd5a628e4b24414899e51d6bae084c12,0.027,,,
1167,2026-07-28,SZ002050,0.05241382494568825,EXP_LinearModel_Alpha158_csi300_custom_step0_s_20260728_15,bd5a628e4b24414899e51d6bae084c12,0.027,,,
1168,2026-07-28,SZ002028,-0.05137922987341881,EXP_LinearModel_Alpha158_csi300_custom_step0_s_20260728_15,bd5a628e4b24414899e51d6bae084c12,0.027,,,
1169,2026-07-28,SZ002027,0.05062831565737724,EXP_LinearModel_Alpha158_csi300_custom_step0_s_20260728_15,bd5a628e4b24414899e51d6bae084c12,0.027,,,
1170,2026-07-28,SZ002001,-0.07436005026102066,EXP_LinearModel_Alpha158_csi300_custom_step0_s_20260728_15,bd5a628e4b24414899e51d6bae084c12,0.027,,,
1171,2026-07-28,SZ001979,0.07152000814676285,EXP_LinearModel_Alpha158_csi300_custom_step0_s_20260728_15,bd5a628e4b24414899e51d6bae084c12,0.027,,,
1172,2026-07-28,SZ001965,-0.03852393478155136,EXP_LinearModel_Alpha158_csi300_custom_step0_s_20260728_15,bd5a628e4b24414899e51d6bae084c12,0.027,,,
1173,2026-07-28,SZ001391,0.05645906925201416,EXP_LinearModel_Alpha158_csi300_custom_step0_s_20260728_15,bd5a628e4b24414899e51d6bae084c12,0.027,,,
1174,2026-07-28,SZ001280,0.04391460120677948,EXP_LinearModel_Alpha158_csi300_custom_step0_s_20260728_15,bd5a628e4b24414899e51d6bae084c12,0.027,,,
1175,2026-07-28,SZ000999,-0.02342304401099682,EXP_LinearModel_Alpha158_csi300_custom_step0_s_20260728_15,bd5a628e4b24414899e51d6bae084c12,0.027,,,
1176,2026-07-28,SZ002049,0.11366613209247589,EXP_LinearModel_Alpha158_csi300_custom_step0_s_20260728_15,bd5a628e4b24414899e51d6bae084c12,0.027,,,
1177,2026-07-28,SZ000988,0.23016317188739777,EXP_LinearModel_Alpha158_csi300_custom_step0_s_20260728_15,bd5a628e4b24414899e51d6bae084c12,0.027,,,
1178,2026-07-28,SZ002352,0.04812419041991234,EXP_LinearModel_Alpha158_csi300_custom_step0_s_20260728_15,bd5a628e4b24414899e51d6bae084c12,0.027,,,
1179,2026-07-28,SZ002371,0.04236821457743645,EXP_LinearModel_Alpha158_csi300_custom_step0_s_20260728_15,bd5a628e4b24414899e51d6bae084c12,0.027,,,
1180,2026-07-28,SZ002736,-0.0001306859776377678,EXP_LinearModel_Alpha158_csi300_custom_step0_s_20260728_15,bd5a628e4b24414899e51d6bae084c12,0.027,,,
1181,2026-07-28,SZ002714,-0.08545872569084167,EXP_LinearModel_Alpha158_csi300_custom_step0_s_20260728_15,bd5a628e4b24414899e51d6bae084c12,0.027,,,
1182,2026-07-28,SZ002709,0.11449375748634338,EXP_LinearModel_Alpha158_csi300_custom_step0_s_20260728_15,bd5a628e4b24414899e51d6bae084c12,0.027,,,
1183,2026-07-28,SZ002648,-0.040932945907115936,EXP_LinearModel_Alpha158_csi300_custom_step0_s_20260728_15,bd5a628e4b24414899e51d6bae084c12,0.027,,,
1184,2026-07-28,SZ002625,-0.09346645325422287,EXP_LinearModel_Alpha158_csi300_custom_step0_s_20260728_15,bd5a628e4b24414899e51d6bae084c12,0.027,,,
1185,2026-07-28,SZ002602,-0.07302777469158173,EXP_LinearModel_Alpha158_csi300_custom_step0_s_20260728_15,bd5a628e4b24414899e51d6bae084c12,0.027,,,
1186,2026-07-28,SZ002600,0.15466786921024323,EXP_LinearModel_Alpha158_csi300_custom_step0_s_20260728_15,bd5a628e4b24414899e51d6bae084c12,0.027,,,
1187,2026-07-28,SZ002594,-0.08130522817373276,EXP_LinearModel_Alpha158_csi300_custom_step0_s_20260728_15,bd5a628e4b24414899e51d6bae084c12,0.027,,,
1188,2026-07-28,SZ002353,-0.0008125780150294304,EXP_LinearModel_Alpha158_csi300_custom_step0_s_20260728_15,bd5a628e4b24414899e51d6bae084c12,0.027,,,
1189,2026-07-28,SZ002558,0.0059386384673416615,EXP_LinearModel_Alpha158_csi300_custom_step0_s_20260728_15,bd5a628e4b24414899e51d6bae084c12,0.027,,,
1190,2026-07-28,SZ002493,-0.02052868716418743,EXP_LinearModel_Alpha158_csi300_custom_step0_s_20260728_15,bd5a628e4b24414899e51d6bae084c12,0.027,,,
1191,2026-07-28,SZ002475,-0.0019367230124771595,EXP_LinearModel_Alpha158_csi300_custom_step0_s_20260728_15,bd5a628e4b24414899e51d6bae084c12,0.027,,,
1192,2026-07-28,SZ002466,0.10039158165454865,EXP_LinearModel_Alpha158_csi300_custom_step0_s_20260728_15,bd5a628e4b24414899e51d6bae084c12,0.027,,,
1193,2026-07-28,SZ002463,-0.03540303185582161,EXP_LinearModel_Alpha158_csi300_custom_step0_s_20260728_15,bd5a628e4b24414899e51d6bae084c12,0.027,,,
1194,2026-07-28,SZ002460,0.07190310209989548,EXP_LinearModel_Alpha158_csi300_custom_step0_s_20260728_15,bd5a628e4b24414899e51d6bae084c12,0.027,,,
1195,2026-07-28,SZ002422,-0.02685536816716194,EXP_LinearModel_Alpha158_csi300_custom_step0_s_20260728_15,bd5a628e4b24414899e51d6bae084c12,0.027,,,
1196,2026-07-28,SZ002415,-0.032604530453681946,EXP_LinearModel_Alpha158_csi300_custom_step0_s_20260728_15,bd5a628e4b24414899e51d6bae084c12,0.027,,,
1197,2026-07-28,SZ002384,0.07484917342662811,EXP_LinearModel_Alpha158_csi300_custom_step0_s_20260728_15,bd5a628e4b24414899e51d6bae084c12,0.027,,,
1198,2026-07-28,SZ002532,-0.08933258801698685,EXP_LinearModel_Alpha158_csi300_custom_step0_s_20260728_15,bd5a628e4b24414899e51d6bae084c12,0.027,,,
1199,2026-07-28,SZ000977,-0.013330376707017422,EXP_LinearModel_Alpha158_csi300_custom_step0_s_20260728_15,bd5a628e4b24414899e51d6bae084c12,0.027,,,
1200,2026-07-28,SZ000975,-0.10523652285337448,EXP_LinearModel_Alpha158_csi300_custom_step0_s_20260728_15,bd5a628e4b24414899e51d6bae084c12,0.027,,,
1201,2026-07-28,SZ000963,-0.08374525606632233,EXP_LinearModel_Alpha158_csi300_custom_step0_s_20260728_15,bd5a628e4b24414899e51d6bae084c12,0.027,,,
1202,2026-07-28,SZ000157,-0.03650052845478058,EXP_LinearModel_Alpha158_csi300_custom_step0_s_20260728_15,bd5a628e4b24414899e51d6bae084c12,0.027,,,
1203,2026-07-28,SZ000100,-0.062202174216508865,EXP_LinearModel_Alpha158_csi300_custom_step0_s_20260728_15,bd5a628e4b24414899e51d6bae084c12,0.027,,,
1204,2026-07-28,SZ000063,-0.06746222823858261,EXP_LinearModel_Alpha158_csi300_custom_step0_s_20260728_15,bd5a628e4b24414899e51d6bae084c12,0.027,,,
1205,2026-07-28,SZ000002,-0.03048807382583618,EXP_LinearModel_Alpha158_csi300_custom_step0_s_20260728_15,bd5a628e4b24414899e51d6bae084c12,0.027,,,
1206,2026-07-28,SZ000001,0.06994606554508209,EXP_LinearModel_Alpha158_csi300_custom_step0_s_20260728_15,bd5a628e4b24414899e51d6bae084c12,0.027,,,
1207,2026-07-28,SH688981,-0.07432232052087784,EXP_LinearModel_Alpha158_csi300_custom_step0_s_20260728_15,bd5a628e4b24414899e51d6bae084c12,0.027,,,
1208,2026-07-28,SH688521,0.10315559059381485,EXP_LinearModel_Alpha158_csi300_custom_step0_s_20260728_15,bd5a628e4b24414899e51d6bae084c12,0.027,,,
1209,2026-07-28,SH688506,-0.06274475157260895,EXP_LinearModel_Alpha158_csi300_custom_step0_s_20260728_15,bd5a628e4b24414899e51d6bae084c12,0.027,,,
1210,2026-07-28,SZ000166,-0.029097748920321465,EXP_LinearModel_Alpha158_csi300_custom_step0_s_20260728_15,bd5a628e4b24414899e51d6bae084c12,0.027,,,
1211,2026-07-28,SH688472,0.019897257909178734,EXP_LinearModel_Alpha158_csi300_custom_step0_s_20260728_15,bd5a628e4b24414899e51d6bae084c12,0.027,,,
1212,2026-07-28,SH688303,0.01160772331058979,EXP_LinearModel_Alpha158_csi300_custom_step0_s_20260728_15,bd5a628e4b24414899e51d6bae084c12,0.027,,,
1213,2026-07-28,SH688271,-0.0678589940071106,EXP_LinearModel_Alpha158_csi300_custom_step0_s_20260728_15,bd5a628e4b24414899e51d6bae084c12,0.027,,,
1214,2026-07-28,SH688256,-0.13660523295402527,EXP_LinearModel_Alpha158_csi300_custom_step0_s_20260728_15,bd5a628e4b24414899e51d6bae084c12,0.027,,,
1215,2026-07-28,SH688223,0.0873781219124794,EXP_LinearModel_Alpha158_csi300_custom_step0_s_20260728_15,bd5a628e4b24414899e51d6bae084c12,0.027,,,
1216,2026-07-28,SH688183,0.09882602095603943,EXP_LinearModel_Alpha158_csi300_custom_step0_s_20260728_15,bd5a628e4b24414899e51d6bae084c12,0.027,,,
1217,2026-07-28,SH688126,0.11897630244493484,EXP_LinearModel_Alpha158_csi300_custom_step0_s_20260728_15,bd5a628e4b24414899e51d6bae084c12,0.027,,,
1218,2026-07-28,SH688111,-0.0755816400051117,EXP_LinearModel_Alpha158_csi300_custom_step0_s_20260728_15,bd5a628e4b24414899e51d6bae084c12,0.027,,,
1219,2026-07-28,SH688082,0.04206206649541855,EXP_LinearModel_Alpha158_csi300_custom_step0_s_20260728_15,bd5a628e4b24414899e51d6bae084c12,0.027,,,
1220,2026-07-28,SH688396,0.08755703270435333,EXP_LinearModel_Alpha158_csi300_custom_step0_s_20260728_15,bd5a628e4b24414899e51d6bae084c12,0.027,,,
1221,2026-07-28,SZ000301,-0.015651244670152664,EXP_LinearModel_Alpha158_csi300_custom_step0_s_20260728_15,bd5a628e4b24414899e51d6bae084c12,0.027,,,
1222,2026-07-28,SZ000333,0.024178940802812576,EXP_LinearModel_Alpha158_csi300_custom_step0_s_20260728_15,bd5a628e4b24414899e51d6bae084c12,0.027,,,
1223,2026-07-28,SZ000338,5.67182432860136e-05,EXP_LinearModel_Alpha158_csi300_custom_step0_s_20260728_15,bd5a628e4b24414899e51d6bae084c12,0.027,,,
1224,2026-07-28,SZ000938,-0.19031314551830292,EXP_LinearModel_Alpha158_csi300_custom_step0_s_20260728_15,bd5a628e4b24414899e51d6bae084c12,0.027,,,
1225,2026-07-28,SZ000895,0.029801296070218086,EXP_LinearModel_Alpha158_csi300_custom_step0_s_20260728_15,bd5a628e4b24414899e51d6bae084c12,0.027,,,
1226,2026-07-28,SZ000858,-0.02283608540892601,EXP_LinearModel_Alpha158_csi300_custom_step0_s_20260728_15,bd5a628e4b24414899e51d6bae084c12,0.027,,,
1227,2026-07-28,SZ000807,-0.08938000351190567,EXP_LinearModel_Alpha158_csi300_custom_step0_s_20260728_15,bd5a628e4b24414899e51d6bae084c12,0.027,,,
1228,2026-07-28,SZ000792,-0.002971537411212921,EXP_LinearModel_Alpha158_csi300_custom_step0_s_20260728_15,bd5a628e4b24414899e51d6bae084c12,0.027,,,
1229,2026-07-28,SZ000776,-0.01843992993235588,EXP_LinearModel_Alpha158_csi300_custom_step0_s_20260728_15,bd5a628e4b24414899e51d6bae084c12,0.027,,,
1230,2026-07-28,SZ000768,0.04750066623091698,EXP_LinearModel_Alpha158_csi300_custom_step0_s_20260728_15,bd5a628e4b24414899e51d6bae084c12,0.027,,,
1231,2026-07-28,SZ000725,0.10225940495729446,EXP_LinearModel_Alpha158_csi300_custom_step0_s_20260728_15,bd5a628e4b24414899e51d6bae084c12,0.027,,,
1232,2026-07-28,SZ000708,-0.04814790189266205,EXP_LinearModel_Alpha158_csi300_custom_step0_s_20260728_15,bd5a628e4b24414899e51d6bae084c12,0.027,,,
1233,2026-07-28,SZ000657,0.2061256468296051,EXP_LinearModel_Alpha158_csi300_custom_step0_s_20260728_15,bd5a628e4b24414899e51d6bae084c12,0.027,,,
1234,2026-07-28,SZ000651,0.13855719566345215,EXP_LinearModel_Alpha158_csi300_custom_step0_s_20260728_15,bd5a628e4b24414899e51d6bae084c12,0.027,,,
1235,2026-07-28,SZ000630,-0.026528500020503998,EXP_LinearModel_Alpha158_csi300_custom_step0_s_20260728_15,bd5a628e4b24414899e51d6bae084c12,0.027,,,
1236,2026-07-28,SZ000625,-0.027844276279211044,EXP_LinearModel_Alpha158_csi300_custom_step0_s_20260728_15,bd5a628e4b24414899e51d6bae084c12,0.027,,,
1237,2026-07-28,SZ000617,-0.02489735744893551,EXP_LinearModel_Alpha158_csi300_custom_step0_s_20260728_15,bd5a628e4b24414899e51d6bae084c12,0.027,,,
1238,2026-07-28,SZ000596,-0.05949731171131134,EXP_LinearModel_Alpha158_csi300_custom_step0_s_20260728_15,bd5a628e4b24414899e51d6bae084c12,0.027,,,
1239,2026-07-28,SZ000568,-0.003931594081223011,EXP_LinearModel_Alpha158_csi300_custom_step0_s_20260728_15,bd5a628e4b24414899e51d6bae084c12,0.027,,,
1240,2026-07-28,SZ000538,-0.008076565340161324,EXP_LinearModel_Alpha158_csi300_custom_step0_s_20260728_15,bd5a628e4b24414899e51d6bae084c12,0.027,,,
1241,2026-07-28,SZ000425,-0.02062077820301056,EXP_LinearModel_Alpha158_csi300_custom_step0_s_20260728_15,bd5a628e4b24414899e51d6bae084c12,0.027,,,
1242,2026-07-28,SZ000408,-0.02524416521191597,EXP_LinearModel_Alpha158_csi300_custom_step0_s_20260728_15,bd5a628e4b24414899e51d6bae084c12,0.027,,,
1243,2026-07-28,SH688047,0.18917247653007507,EXP_LinearModel_Alpha158_csi300_custom_step0_s_20260728_15,bd5a628e4b24414899e51d6bae084c12,0.027,,,
1244,2026-07-28,SH601009,0.0625121146440506,EXP_LinearModel_Alpha158_csi300_custom_step0_s_20260728_15,bd5a628e4b24414899e51d6bae084c12,0.027,,,
1245,2026-07-28,SH601006,0.0018154275603592396,EXP_LinearModel_Alpha158_csi300_custom_step0_s_20260728_15,bd5a628e4b24414899e51d6bae084c12,0.027,,,
1246,2026-07-28,SH600999,-0.028368182480335236,EXP_LinearModel_Alpha158_csi300_custom_step0_s_20260728_15,bd5a628e4b24414899e51d6bae084c12,0.027,,,
1247,2026-07-28,SZ300122,-0.02086505852639675,EXP_LinearModel_Alpha158_csi300_custom_step0_s_20260728_15,ff319ad6404c413a9468e5536f15027f,0.027,,,
1248,2026-07-28,SZ300059,-0.054856717586517334,EXP_LinearModel_Alpha158_csi300_custom_step0_s_20260728_15,ff319ad6404c413a9468e5536f15027f,0.027,,,
1249,2026-07-28,SZ300033,-0.028660479933023453,EXP_LinearModel_Alpha158_csi300_custom_step0_s_20260728_15,ff319ad6404c413a9468e5536f15027f,0.027,,,
1250,2026-07-28,SZ300015,0.0032916467171162367,EXP_LinearModel_Alpha158_csi300_custom_step0_s_20260728_15,ff319ad6404c413a9468e5536f15027f,0.027,,,
1251,2026-07-28,SZ300014,-0.046916261315345764,EXP_LinearModel_Alpha158_csi300_custom_step0_s_20260728_15,ff319ad6404c413a9468e5536f15027f,0.027,,,
1252,2026-07-28,SZ003816,0.11489611119031906,EXP_LinearModel_Alpha158_csi300_custom_step0_s_20260728_15,ff319ad6404c413a9468e5536f15027f,0.027,,,
1253,2026-07-28,SZ002938,0.09007757902145386,EXP_LinearModel_Alpha158_csi300_custom_step0_s_20260728_15,ff319ad6404c413a9468e5536f15027f,0.027,,,
1254,2026-07-28,SZ002920,0.0005695528816431761,EXP_LinearModel_Alpha158_csi300_custom_step0_s_20260728_15,ff319ad6404c413a9468e5536f15027f,0.027,,,
1255,2026-07-28,SZ300124,0.06903234869241714,EXP_LinearModel_Alpha158_csi300_custom_step0_s_20260728_15,ff319ad6404c413a9468e5536f15027f,0.027,,,
1256,2026-07-28,SZ002916,0.07891356945037842,EXP_LinearModel_Alpha158_csi300_custom_step0_s_20260728_15,ff319ad6404c413a9468e5536f15027f,0.027,,,
1257,2026-07-28,SZ002736,0.0061072176322340965,EXP_LinearModel_Alpha158_csi300_custom_step0_s_20260728_15,ff319ad6404c413a9468e5536f15027f,0.027,,,
1258,2026-07-28,SZ002714,-0.06305500864982605,EXP_LinearModel_Alpha158_csi300_custom_step0_s_20260728_15,ff319ad6404c413a9468e5536f15027f,0.027,,,
1259,2026-07-28,SZ002709,0.17870719730854034,EXP_LinearModel_Alpha158_csi300_custom_step0_s_20260728_15,ff319ad6404c413a9468e5536f15027f,0.027,,,
1260,2026-07-28,SZ002648,-0.038981374353170395,EXP_LinearModel_Alpha158_csi300_custom_step0_s_20260728_15,ff319ad6404c413a9468e5536f15027f,0.027,,,
1261,2026-07-28,SZ002625,-0.07391390204429626,EXP_LinearModel_Alpha158_csi300_custom_step0_s_20260728_15,ff319ad6404c413a9468e5536f15027f,0.027,,,
1262,2026-07-28,SZ002602,-0.08126424998044968,EXP_LinearModel_Alpha158_csi300_custom_step0_s_20260728_15,ff319ad6404c413a9468e5536f15027f,0.027,,,
1263,2026-07-28,SZ002600,0.20795714855194092,EXP_LinearModel_Alpha158_csi300_custom_step0_s_20260728_15,ff319ad6404c413a9468e5536f15027f,0.027,,,
1264,2026-07-28,SZ002594,-0.07072462141513824,EXP_LinearModel_Alpha158_csi300_custom_step0_s_20260728_15,ff319ad6404c413a9468e5536f15027f,0.027,,,
1265,2026-07-28,SZ002837,0.10621701925992966,EXP_LinearModel_Alpha158_csi300_custom_step0_s_20260728_15,ff319ad6404c413a9468e5536f15027f,0.027,,,
1266,2026-07-28,SZ002558,-0.018157921731472015,EXP_LinearModel_Alpha158_csi300_custom_step0_s_20260728_15,ff319ad6404c413a9468e5536f15027f,0.027,,,
1267,2026-07-28,SZ300251,-0.08046061545610428,EXP_LinearModel_Alpha158_csi300_custom_step0_s_20260728_15,ff319ad6404c413a9468e5536f15027f,0.027,,,
1268,2026-07-28,SZ300308,0.019926777109503746,EXP_LinearModel_Alpha158_csi300_custom_step0_s_20260728_15,ff319ad6404c413a9468e5536f15027f,0.027,,,
1269,2026-07-28,SZ300866,-0.02954772301018238,EXP_LinearModel_Alpha158_csi300_custom_step0_s_20260728_15,ff319ad6404c413a9468e5536f15027f,0.027,,,
1270,2026-07-28,SZ300832,0.028420787304639816,EXP_LinearModel_Alpha158_csi300_custom_step0_s_20260728_15,ff319ad6404c413a9468e5536f15027f,0.027,,,
1271,2026-07-28,SZ300803,0.06262307614088058,EXP_LinearModel_Alpha158_csi300_custom_step0_s_20260728_15,ff319ad6404c413a9468e5536f15027f,0.027,,,
1272,2026-07-28,SZ300760,0.03918590024113655,EXP_LinearModel_Alpha158_csi300_custom_step0_s_20260728_15,ff319ad6404c413a9468e5536f15027f,0.027,,,
1273,2026-07-28,SZ300750,0.046384863555431366,EXP_LinearModel_Alpha158_csi300_custom_step0_s_20260728_15,ff319ad6404c413a9468e5536f15027f,0.027,,,
1274,2026-07-28,SZ300661,0.01919853314757347,EXP_LinearModel_Alpha158_csi300_custom_step0_s_20260728_15,ff319ad6404c413a9468e5536f15027f,0.027,,,
1275,2026-07-28,SZ300628,0.06952238082885742,EXP_LinearModel_Alpha158_csi300_custom_step0_s_20260728_15,ff319ad6404c413a9468e5536f15027f,0.027,,,
1276,2026-07-28,SZ300502,0.06019902974367142,EXP_LinearModel_Alpha158_csi300_custom_step0_s_20260728_15,ff319ad6404c413a9468e5536f15027f,0.027,,,
1277,2026-07-28,SZ300274,0.026351511478424072,EXP_LinearModel_Alpha158_csi300_custom_step0_s_20260728_15,ff319ad6404c413a9468e5536f15027f,0.027,,,
1278,2026-07-28,SZ300498,-0.014388903975486755,EXP_LinearModel_Alpha158_csi300_custom_step0_s_20260728_15,ff319ad6404c413a9468e5536f15027f,0.027,,,
1279,2026-07-28,SZ300450,0.08843640238046646,EXP_LinearModel_Alpha158_csi300_custom_step0_s_20260728_15,ff319ad6404c413a9468e5536f15027f,0.027,,,
1280,2026-07-28,SZ300442,0.1670863777399063,EXP_LinearModel_Alpha158_csi300_custom_step0_s_20260728_15,ff319ad6404c413a9468e5536f15027f,0.027,,,
1281,2026-07-28,SZ300433,0.09669813513755798,EXP_LinearModel_Alpha158_csi300_custom_step0_s_20260728_15,ff319ad6404c413a9468e5536f15027f,0.027,,,
1282,2026-07-28,SZ300418,0.05688423663377762,EXP_LinearModel_Alpha158_csi300_custom_step0_s_20260728_15,ff319ad6404c413a9468e5536f15027f,0.027,,,
1283,2026-07-28,SZ300413,1.678289845585823e-05,EXP_LinearModel_Alpha158_csi300_custom_step0_s_20260728_15,ff319ad6404c413a9468e5536f15027f,0.027,,,
1284,2026-07-28,SZ300408,0.25093311071395874,EXP_LinearModel_Alpha158_csi300_custom_step0_s_20260728_15,ff319ad6404c413a9468e5536f15027f,0.027,,,
1285,2026-07-28,SZ300394,0.16359423100948334,EXP_LinearModel_Alpha158_csi300_custom_step0_s_20260728_15,ff319ad6404c413a9468e5536f15027f,0.027,,,
1286,2026-07-28,SZ300316,0.15400928258895874,EXP_LinearModel_Alpha158_csi300_custom_step0_s_20260728_15,ff319ad6404c413a9468e5536f15027f,0.027,,,
1287,2026-07-28,SZ300476,0.2845870554447174,EXP_LinearModel_Alpha158_csi300_custom_step0_s_20260728_15,ff319ad6404c413a9468e5536f15027f,0.027,,,
1288,2026-07-28,SZ002532,-0.07356955856084824,EXP_LinearModel_Alpha158_csi300_custom_step0_s_20260728_15,ff319ad6404c413a9468e5536f15027f,0.027,,,
1289,2026-07-28,SZ002493,-0.01329635176807642,EXP_LinearModel_Alpha158_csi300_custom_step0_s_20260728_15,ff319ad6404c413a9468e5536f15027f,0.027,,,
1290,2026-07-28,SZ002475,0.018764318898320198,EXP_LinearModel_Alpha158_csi300_custom_step0_s_20260728_15,ff319ad6404c413a9468e5536f15027f,0.027,,,
1291,2026-07-28,SZ001979,0.058434899896383286,EXP_LinearModel_Alpha158_csi300_custom_step0_s_20260728_15,ff319ad6404c413a9468e5536f15027f,0.027,,,
1292,2026-07-28,SZ001965,-0.03955128416419029,EXP_LinearModel_Alpha158_csi300_custom_step0_s_20260728_15,ff319ad6404c413a9468e5536f15027f,0.027,,,
1293,2026-07-28,SZ001391,0.06314141303300858,EXP_LinearModel_Alpha158_csi300_custom_step0_s_20260728_15,ff319ad6404c413a9468e5536f15027f,0.027,,,
1294,2026-07-28,SZ001280,0.04711706563830376,EXP_LinearModel_Alpha158_csi300_custom_step0_s_20260728_15,ff319ad6404c413a9468e5536f15027f,0.027,,,
1295,2026-07-28,SZ000999,-0.02285150997340679,EXP_LinearModel_Alpha158_csi300_custom_step0_s_20260728_15,ff319ad6404c413a9468e5536f15027f,0.027,,,
1296,2026-07-28,SZ000988,0.2865231931209564,EXP_LinearModel_Alpha158_csi300_custom_step0_s_20260728_15,ff319ad6404c413a9468e5536f15027f,0.027,,,
1297,2026-07-28,SZ000977,0.00046517886221408844,EXP_LinearModel_Alpha158_csi300_custom_step0_s_20260728_15,ff319ad6404c413a9468e5536f15027f,0.027,,,
1298,2026-07-28,SZ000975,-0.09127551317214966,EXP_LinearModel_Alpha158_csi300_custom_step0_s_20260728_15,ff319ad6404c413a9468e5536f15027f,0.027,,,
1299,2026-07-28,SZ002001,-0.06719537079334259,EXP_LinearModel_Alpha158_csi300_custom_step0_s_20260728_15,ff319ad6404c413a9468e5536f15027f,0.027,,,
1300,2026-07-28,SZ000963,-0.09209110587835312,EXP_LinearModel_Alpha158_csi300_custom_step0_s_20260728_15,ff319ad6404c413a9468e5536f15027f,0.027,,,
1301,2026-07-28,SZ000895,0.03359505906701088,EXP_LinearModel_Alpha158_csi300_custom_step0_s_20260728_15,ff319ad6404c413a9468e5536f15027f,0.027,,,
1302,2026-07-28,SZ000858,-0.039359889924526215,EXP_LinearModel_Alpha158_csi300_custom_step0_s_20260728_15,ff319ad6404c413a9468e5536f15027f,0.027,,,
1303,2026-07-28,SZ000807,-0.08233135938644409,EXP_LinearModel_Alpha158_csi300_custom_step0_s_20260728_15,ff319ad6404c413a9468e5536f15027f,0.027,,,
1304,2026-07-28,SZ000792,0.027567144483327866,EXP_LinearModel_Alpha158_csi300_custom_step0_s_20260728_15,ff319ad6404c413a9468e5536f15027f,0.027,,,
1305,2026-07-28,SZ000776,0.004074086435139179,EXP_LinearModel_Alpha158_csi300_custom_step0_s_20260728_15,ff319ad6404c413a9468e5536f15027f,0.027,,,
1306,2026-07-28,SZ000768,0.04273929074406624,EXP_LinearModel_Alpha158_csi300_custom_step0_s_20260728_15,ff319ad6404c413a9468e5536f15027f,0.027,,,
1307,2026-07-28,SZ000725,0.18919838964939117,EXP_LinearModel_Alpha158_csi300_custom_step0_s_20260728_15,ff319ad6404c413a9468e5536f15027f,0.027,,,
1308,2026-07-28,SZ000708,-0.03322690725326538,EXP_LinearModel_Alpha158_csi300_custom_step0_s_20260728_15,ff319ad6404c413a9468e5536f15027f,0.027,,,
1309,2026-07-28,SZ000938,-0.1497732698917389,EXP_LinearModel_Alpha158_csi300_custom_step0_s_20260728_15,ff319ad6404c413a9468e5536f15027f,0.027,,,
1310,2026-07-28,SZ002027,0.0560307577252388,EXP_LinearModel_Alpha158_csi300_custom_step0_s_20260728_15,ff319ad6404c413a9468e5536f15027f,0.027,,,
1311,2026-07-28,SZ002028,-0.03141270577907562,EXP_LinearModel_Alpha158_csi300_custom_step0_s_20260728_15,ff319ad6404c413a9468e5536f15027f,0.027,,,
1312,2026-07-28,SZ002049,0.12683312594890594,EXP_LinearModel_Alpha158_csi300_custom_step0_s_20260728_15,ff319ad6404c413a9468e5536f15027f,0.027,,,
1313,2026-07-28,SZ002466,0.146051824092865,EXP_LinearModel_Alpha158_csi300_custom_step0_s_20260728_15,ff319ad6404c413a9468e5536f15027f,0.027,,,
1314,2026-07-28,SZ002463,0.029525240883231163,EXP_LinearModel_Alpha158_csi300_custom_step0_s_20260728_15,ff319ad6404c413a9468e5536f15027f,0.027,,,
1315,2026-07-28,SZ002460,0.10269346833229065,EXP_LinearModel_Alpha158_csi300_custom_step0_s_20260728_15,ff319ad6404c413a9468e5536f15027f,0.027,,,
1316,2026-07-28,SZ002422,0.03127728030085564,EXP_LinearModel_Alpha158_csi300_custom_step0_s_20260728_15,ff319ad6404c413a9468e5536f15027f,0.027,,,
1317,2026-07-28,SZ002415,-0.015598717145621777,EXP_LinearModel_Alpha158_csi300_custom_step0_s_20260728_15,ff319ad6404c413a9468e5536f15027f,0.027,,,
1318,2026-07-28,SZ002384,0.06652800738811493,EXP_LinearModel_Alpha158_csi300_custom_step0_s_20260728_15,ff319ad6404c413a9468e5536f15027f,0.027,,,
1319,2026-07-28,SZ002371,0.10384852439165115,EXP_LinearModel_Alpha158_csi300_custom_step0_s_20260728_15,ff319ad6404c413a9468e5536f15027f,0.027,,,
1320,2026-07-28,SZ002353,0.015305032953619957,EXP_LinearModel_Alpha158_csi300_custom_step0_s_20260728_15,ff319ad6404c413a9468e5536f15027f,0.027,,,
1321,2026-07-28,SZ002352,0.061768606305122375,EXP_LinearModel_Alpha158_csi300_custom_step0_s_20260728_15,ff319ad6404c413a9468e5536f15027f,0.027,,,
1322,2026-07-28,SZ002311,0.05673868581652641,EXP_LinearModel_Alpha158_csi300_custom_step0_s_20260728_15,ff319ad6404c413a9468e5536f15027f,0.027,,,
1323,2026-07-28,SZ002304,-0.037265677005052567,EXP_LinearModel_Alpha158_csi300_custom_step0_s_20260728_15,ff319ad6404c413a9468e5536f15027f,0.027,,,
1324,2026-07-28,SZ002241,-0.005595726892352104,EXP_LinearModel_Alpha158_csi300_custom_step0_s_20260728_15,ff319ad6404c413a9468e5536f15027f,0.027,,,
1325,2026-07-28,SZ002236,-0.047734007239341736,EXP_LinearModel_Alpha158_csi300_custom_step0_s_20260728_15,ff319ad6404c413a9468e5536f15027f,0.027,,,
1326,2026-07-28,SZ002230,0.013559849932789803,EXP_LinearModel_Alpha158_csi300_custom_step0_s_20260728_15,ff319ad6404c413a9468e5536f15027f,0.027,,,
1327,2026-07-28,SZ002202,0.1415511667728424,EXP_LinearModel_Alpha158_csi300_custom_step0_s_20260728_15,ff319ad6404c413a9468e5536f15027f,0.027,,,
1328,2026-07-28,SZ002179,0.13268660008907318,EXP_LinearModel_Alpha158_csi300_custom_step0_s_20260728_15,ff319ad6404c413a9468e5536f15027f,0.027,,,
1329,2026-07-28,SZ002142,0.08224555850028992,EXP_LinearModel_Alpha158_csi300_custom_step0_s_20260728_15,ff319ad6404c413a9468e5536f15027f,0.027,,,
1330,2026-07-28,SZ002074,-0.02761259861290455,EXP_LinearModel_Alpha158_csi300_custom_step0_s_20260728_15,ff319ad6404c413a9468e5536f15027f,0.027,,,
1331,2026-07-28,SZ002050,0.09671987593173981,EXP_LinearModel_Alpha158_csi300_custom_step0_s_20260728_15,ff319ad6404c413a9468e5536f15027f,0.027,,,
1332,2026-07-28,SZ300896,0.017119774594902992,EXP_LinearModel_Alpha158_csi300_custom_step0_s_20260728_15,ff319ad6404c413a9468e5536f15027f,0.027,,,
1333,2026-07-28,SZ300999,0.03176746144890785,EXP_LinearModel_Alpha158_csi300_custom_step0_s_20260728_15,ff319ad6404c413a9468e5536f15027f,0.027,,,
1334,2026-07-28,SZ301165,-0.10586243867874146,EXP_LinearModel_Alpha158_csi300_custom_step0_s_20260728_15,ff319ad6404c413a9468e5536f15027f,0.027,,,
1335,2026-07-28,SZ301236,0.04392122104763985,EXP_LinearModel_Alpha158_csi300_custom_step0_s_20260728_15,ff319ad6404c413a9468e5536f15027f,0.027,,,
1336,2026-07-28,SH600600,-0.03974485769867897,EXP_LinearModel_Alpha158_csi300_custom_step0_s_20260728_15,bd5a628e4b24414899e51d6bae084c12,0.027,,,
1337,2026-07-28,SH600588,0.017012499272823334,EXP_LinearModel_Alpha158_csi300_custom_step0_s_20260728_15,bd5a628e4b24414899e51d6bae084c12,0.027,,,
1338,2026-07-28,SH600585,0.02001143805682659,EXP_LinearModel_Alpha158_csi300_custom_step0_s_20260728_15,bd5a628e4b24414899e51d6bae084c12,0.027,,,
1339,2026-07-28,SH600584,0.0011476697400212288,EXP_LinearModel_Alpha158_csi300_custom_step0_s_20260728_15,bd5a628e4b24414899e51d6bae084c12,0.027,,,
1340,2026-07-28,SH600570,-0.003860644530504942,EXP_LinearModel_Alpha158_csi300_custom_step0_s_20260728_15,bd5a628e4b24414899e51d6bae084c12,0.027,,,
1341,2026-07-28,SH600549,0.1410495638847351,EXP_LinearModel_Alpha158_csi300_custom_step0_s_20260728_15,bd5a628e4b24414899e51d6bae084c12,0.027,,,
1342,2026-07-28,SH600547,-0.08342339098453522,EXP_LinearModel_Alpha158_csi300_custom_step0_s_20260728_15,bd5a628e4b24414899e51d6bae084c12,0.027,,,
1343,2026-07-28,SH600522,0.22330626845359802,EXP_LinearModel_Alpha158_csi300_custom_step0_s_20260728_15,bd5a628e4b24414899e51d6bae084c12,0.027,,,
1344,2026-07-28,SH600660,0.017171557992696762,EXP_LinearModel_Alpha158_csi300_custom_step0_s_20260728_15,bd5a628e4b24414899e51d6bae084c12,0.027,,,
1345,2026-07-28,SH600519,0.008236226625740528,EXP_LinearModel_Alpha158_csi300_custom_step0_s_20260728_15,bd5a628e4b24414899e51d6bae084c12,0.027,,,
1346,2026-07-28,SH600489,-0.04244803637266159,EXP_LinearModel_Alpha158_csi300_custom_step0_s_20260728_15,bd5a628e4b24414899e51d6bae084c12,0.027,,,
1347,2026-07-28,SH600482,-0.058310311287641525,EXP_LinearModel_Alpha158_csi300_custom_step0_s_20260728_15,bd5a628e4b24414899e51d6bae084c12,0.027,,,
1348,2026-07-28,SH600460,0.12278588861227036,EXP_LinearModel_Alpha158_csi300_custom_step0_s_20260728_15,bd5a628e4b24414899e51d6bae084c12,0.027,,,
1349,2026-07-28,SH600438,-0.05399186909198761,EXP_LinearModel_Alpha158_csi300_custom_step0_s_20260728_15,bd5a628e4b24414899e51d6bae084c12,0.027,,,
1350,2026-07-28,SH600436,0.005097971297800541,EXP_LinearModel_Alpha158_csi300_custom_step0_s_20260728_15,bd5a628e4b24414899e51d6bae084c12,0.027,,,
1351,2026-07-28,SH600426,-0.0289768036454916,EXP_LinearModel_Alpha158_csi300_custom_step0_s_20260728_15,bd5a628e4b24414899e51d6bae084c12,0.027,,,
1352,2026-07-28,SH600415,0.07550578564405441,EXP_LinearModel_Alpha158_csi300_custom_step0_s_20260728_15,bd5a628e4b24414899e51d6bae084c12,0.027,,,
1353,2026-07-28,SH600406,0.019989013671875,EXP_LinearModel_Alpha158_csi300_custom_step0_s_20260728_15,bd5a628e4b24414899e51d6bae084c12,0.027,,,
1354,2026-07-28,SH600515,0.010506532154977322,EXP_LinearModel_Alpha158_csi300_custom_step0_s_20260728_15,bd5a628e4b24414899e51d6bae084c12,0.027,,,
1355,2026-07-28,SH600674,0.0986923947930336,EXP_LinearModel_Alpha158_csi300_custom_step0_s_20260728_15,bd5a628e4b24414899e51d6bae084c12,0.027,,,
1356,2026-07-28,SH600690,0.05188022926449776,EXP_LinearModel_Alpha158_csi300_custom_step0_s_20260728_15,bd5a628e4b24414899e51d6bae084c12,0.027,,,
1357,2026-07-28,SH600741,0.0380806103348732,EXP_LinearModel_Alpha158_csi300_custom_step0_s_20260728_15,bd5a628e4b24414899e51d6bae084c12,0.027,,,
1358,2026-07-28,SH600989,0.025119848549365997,EXP_LinearModel_Alpha158_csi300_custom_step0_s_20260728_15,bd5a628e4b24414899e51d6bae084c12,0.027,,,
1359,2026-07-28,SH600958,,EXP_LinearModel_Alpha158_csi300_custom_step0_s_20260728_15,bd5a628e4b24414899e51d6bae084c12,0.027,,,
1360,2026-07-28,SH600941,-0.0011247890070080757,EXP_LinearModel_Alpha158_csi300_custom_step0_s_20260728_15,bd5a628e4b24414899e51d6bae084c12,0.027,,,
1361,2026-07-28,SH600938,-0.0033941869623959064,EXP_LinearModel_Alpha158_csi300_custom_step0_s_20260728_15,bd5a628e4b24414899e51d6bae084c12,0.027,,,
1362,2026-07-28,SH600930,0.16577617824077606,EXP_LinearModel_Alpha158_csi300_custom_step0_s_20260728_15,bd5a628e4b24414899e51d6bae084c12,0.027,,,
1363,2026-07-28,SH600926,0.059391263872385025,EXP_LinearModel_Alpha158_csi300_custom_step0_s_20260728_15,bd5a628e4b24414899e51d6bae084c12,0.027,,,
1364,2026-07-28,SH600919,0.07008088380098343,EXP_LinearModel_Alpha158_csi300_custom_step0_s_20260728_15,bd5a628e4b24414899e51d6bae084c12,0.027,,,
1365,2026-07-28,SH600918,-0.028225760906934738,EXP_LinearModel_Alpha158_csi300_custom_step0_s_20260728_15,bd5a628e4b24414899e51d6bae084c12,0.027,,,
1366,2026-07-28,SH600905,0.09457994252443314,EXP_LinearModel_Alpha158_csi300_custom_step0_s_20260728_15,bd5a628e4b24414899e51d6bae084c12,0.027,,,
1367,2026-07-28,SH600900,0.05047227069735527,EXP_LinearModel_Alpha158_csi300_custom_step0_s_20260728_15,bd5a628e4b24414899e51d6bae084c12,0.027,,,
1368,2026-07-28,SH600893,-0.042302511632442474,EXP_LinearModel_Alpha158_csi300_custom_step0_s_20260728_15,bd5a628e4b24414899e51d6bae084c12,0.027,,,
1369,2026-07-28,SH600887,0.07824354618787766,EXP_LinearModel_Alpha158_csi300_custom_step0_s_20260728_15,bd5a628e4b24414899e51d6bae084c12,0.027,,,
1370,2026-07-28,SH600886,0.09581334888935089,EXP_LinearModel_Alpha158_csi300_custom_step0_s_20260728_15,bd5a628e4b24414899e51d6bae084c12,0.027,,,
1371,2026-07-28,SH600875,0.019730189815163612,EXP_LinearModel_Alpha158_csi300_custom_step0_s_20260728_15,bd5a628e4b24414899e51d6bae084c12,0.027,,,
1372,2026-07-28,SH600845,0.07090554386377335,EXP_LinearModel_Alpha158_csi300_custom_step0_s_20260728_15,bd5a628e4b24414899e51d6bae084c12,0.027,,,
1373,2026-07-28,SH600809,-0.055153317749500275,EXP_LinearModel_Alpha158_csi300_custom_step0_s_20260728_15,bd5a628e4b24414899e51d6bae084c12,0.027,,,
1374,2026-07-28,SH600803,0.003730304306373,EXP_LinearModel_Alpha158_csi300_custom_step0_s_20260728_15,bd5a628e4b24414899e51d6bae084c12,0.027,,,
1375,2026-07-28,SH600795,0.0310346782207489,EXP_LinearModel_Alpha158_csi300_custom_step0_s_20260728_15,bd5a628e4b24414899e51d6bae084c12,0.027,,,
1376,2026-07-28,SH600760,-0.10729857534170151,EXP_LinearModel_Alpha158_csi300_custom_step0_s_20260728_15,bd5a628e4b24414899e51d6bae084c12,0.027,,,
1377,2026-07-28,SH600372,-0.013022051192820072,EXP_LinearModel_Alpha158_csi300_custom_step0_s_20260728_15,bd5a628e4b24414899e51d6bae084c12,0.027,,,
1378,2026-07-28,SH600900,0.019542474299669266,EXP_LinearModel_Alpha158_csi300_custom_step0_s_20260728_15,089d281987e6428eb2fc4d71a4c47d99,0.01,,,
1379,2026-07-28,SH600362,-0.09352363646030426,EXP_LinearModel_Alpha158_csi300_custom_step0_s_20260728_15,bd5a628e4b24414899e51d6bae084c12,0.027,,,
1380,2026-07-28,SH600309,-0.13123977184295654,EXP_LinearModel_Alpha158_csi300_custom_step0_s_20260728_15,bd5a628e4b24414899e51d6bae084c12,0.027,,,
1381,2026-07-28,SH600030,-0.06106489524245262,EXP_LinearModel_Alpha158_csi300_custom_step0_s_20260728_15,bd5a628e4b24414899e51d6bae084c12,0.027,,,
1382,2026-07-28,SH600029,0.01066848635673523,EXP_LinearModel_Alpha158_csi300_custom_step0_s_20260728_15,bd5a628e4b24414899e51d6bae084c12,0.027,,,
1383,2026-07-28,SH600028,0.04693218320608139,EXP_LinearModel_Alpha158_csi300_custom_step0_s_20260728_15,bd5a628e4b24414899e51d6bae084c12,0.027,,,
1384,2026-07-28,SH600027,0.01766861416399479,EXP_LinearModel_Alpha158_csi300_custom_step0_s_20260728_15,bd5a628e4b24414899e51d6bae084c12,0.027,,,
1385,2026-07-28,SH600026,-0.01244579628109932,EXP_LinearModel_Alpha158_csi300_custom_step0_s_20260728_15,bd5a628e4b24414899e51d6bae084c12,0.027,,,
1386,2026-07-28,SH600025,0.034615714102983475,EXP_LinearModel_Alpha158_csi300_custom_step0_s_20260728_15,bd5a628e4b24414899e51d6bae084c12,0.027,,,
1387,2026-07-28,SH600023,0.08721759915351868,EXP_LinearModel_Alpha158_csi300_custom_step0_s_20260728_15,bd5a628e4b24414899e51d6bae084c12,0.027,,,
1388,2026-07-28,SH600019,0.015738079324364662,EXP_LinearModel_Alpha158_csi300_custom_step0_s_20260728_15,bd5a628e4b24414899e51d6bae084c12,0.027,,,
1389,2026-07-28,SH600031,0.01691197045147419,EXP_LinearModel_Alpha158_csi300_custom_step0_s_20260728_15,bd5a628e4b24414899e51d6bae084c12,0.027,,,
1390,2026-07-28,SH600018,0.06030791625380516,EXP_LinearModel_Alpha158_csi300_custom_step0_s_20260728_15,bd5a628e4b24414899e51d6bae084c12,0.027,,,
1391,2026-07-28,SH600015,0.08686664700508118,EXP_LinearModel_Alpha158_csi300_custom_step0_s_20260728_15,bd5a628e4b24414899e51d6bae084c12,0.027,,,
1392,2026-07-28,SH600011,0.0023217727430164814,EXP_LinearModel_Alpha158_csi300_custom_step0_s_20260728_15,bd5a628e4b24414899e51d6bae084c12,0.027,,,
1393,2026-07-28,SH600010,-0.028620127588510513,EXP_LinearModel_Alpha158_csi300_custom_step0_s_20260728_15,bd5a628e4b24414899e51d6bae084c12,0.027,,,
1394,2026-07-28,SH600009,-0.01396899577230215,EXP_LinearModel_Alpha158_csi300_custom_step0_s_20260728_15,bd5a628e4b24414899e51d6bae084c12,0.027,,,
1395,2026-07-28,SH600000,0.0276196151971817,EXP_LinearModel_Alpha158_csi300_custom_step0_s_20260728_15,bd5a628e4b24414899e51d6bae084c12,0.027,,,
1396,2026-07-28,SZ302132,-0.11527489870786667,EXP_LinearModel_Alpha158_csi300_custom_step0_s_20260728_15,ff319ad6404c413a9468e5536f15027f,0.027,,,
1397,2026-07-28,SZ301308,0.4623118042945862,EXP_LinearModel_Alpha158_csi300_custom_step0_s_20260728_15,ff319ad6404c413a9468e5536f15027f,0.027,,,
1398,2026-07-28,SZ301269,0.1203351616859436,EXP_LinearModel_Alpha158_csi300_custom_step0_s_20260728_15,ff319ad6404c413a9468e5536f15027f,0.027,,,
1399,2026-07-28,SH600016,0.05862005054950714,EXP_LinearModel_Alpha158_csi300_custom_step0_s_20260728_15,bd5a628e4b24414899e51d6bae084c12,0.027,,,
1400,2026-07-28,SH600036,0.0738159716129303,EXP_LinearModel_Alpha158_csi300_custom_step0_s_20260728_15,bd5a628e4b24414899e51d6bae084c12,0.027,,,
1401,2026-07-28,SH600039,0.016331950202584267,EXP_LinearModel_Alpha158_csi300_custom_step0_s_20260728_15,bd5a628e4b24414899e51d6bae084c12,0.027,,,
1402,2026-07-28,SH600048,0.03782900422811508,EXP_LinearModel_Alpha158_csi300_custom_step0_s_20260728_15,bd5a628e4b24414899e51d6bae084c12,0.027,,,
1403,2026-07-28,SH600276,-0.08065838366746902,EXP_LinearModel_Alpha158_csi300_custom_step0_s_20260728_15,bd5a628e4b24414899e51d6bae084c12,0.027,,,
1404,2026-07-28,SH600233,-0.027781467884778976,EXP_LinearModel_Alpha158_csi300_custom_step0_s_20260728_15,bd5a628e4b24414899e51d6bae084c12,0.027,,,
1405,2026-07-28,SH600221,0.04546470195055008,EXP_LinearModel_Alpha158_csi300_custom_step0_s_20260728_15,bd5a628e4b24414899e51d6bae084c12,0.027,,,
1406,2026-07-28,SH600219,-0.08070962876081467,EXP_LinearModel_Alpha158_csi300_custom_step0_s_20260728_15,bd5a628e4b24414899e51d6bae084c12,0.027,,,
1407,2026-07-28,SH600196,-0.059784140437841415,EXP_LinearModel_Alpha158_csi300_custom_step0_s_20260728_15,bd5a628e4b24414899e51d6bae084c12,0.027,,,
1408,2026-07-28,SH600188,-0.08938366174697876,EXP_LinearModel_Alpha158_csi300_custom_step0_s_20260728_15,bd5a628e4b24414899e51d6bae084c12,0.027,,,
1409,2026-07-28,SH600183,0.05663831904530525,EXP_LinearModel_Alpha158_csi300_custom_step0_s_20260728_15,bd5a628e4b24414899e51d6bae084c12,0.027,,,
1410,2026-07-28,SH600176,0.08385252952575684,EXP_LinearModel_Alpha158_csi300_custom_step0_s_20260728_15,bd5a628e4b24414899e51d6bae084c12,0.027,,,
1411,2026-07-28,SH600160,0.02799462527036667,EXP_LinearModel_Alpha158_csi300_custom_step0_s_20260728_15,bd5a628e4b24414899e51d6bae084c12,0.027,,,
1412,2026-07-28,SH600150,-0.009360178373754025,EXP_LinearModel_Alpha158_csi300_custom_step0_s_20260728_15,bd5a628e4b24414899e51d6bae084c12,0.027,,,
1413,2026-07-28,SH600118,0.12765420973300934,EXP_LinearModel_Alpha158_csi300_custom_step0_s_20260728_15,bd5a628e4b24414899e51d6bae084c12,0.027,,,
1414,2026-07-28,SH600115,0.024126015603542328,EXP_LinearModel_Alpha158_csi300_custom_step0_s_20260728_15,bd5a628e4b24414899e51d6bae084c12,0.027,,,
1415,2026-07-28,SH600111,0.11587261408567429,EXP_LinearModel_Alpha158_csi300_custom_step0_s_20260728_15,bd5a628e4b24414899e51d6bae084c12,0.027,,,
1416,2026-07-28,SH600104,0.00859125331044197,EXP_LinearModel_Alpha158_csi300_custom_step0_s_20260728_15,bd5a628e4b24414899e51d6bae084c12,0.027,,,
1417,2026-07-28,SH600089,-0.038414373993873596,EXP_LinearModel_Alpha158_csi300_custom_step0_s_20260728_15,bd5a628e4b24414899e51d6bae084c12,0.027,,,
1418,2026-07-28,SH600085,-0.04513216018676758,EXP_LinearModel_Alpha158_csi300_custom_step0_s_20260728_15,bd5a628e4b24414899e51d6bae084c12,0.027,,,
1419,2026-07-28,SH600066,-0.019744539633393288,EXP_LinearModel_Alpha158_csi300_custom_step0_s_20260728_15,bd5a628e4b24414899e51d6bae084c12,0.027,,,
1420,2026-07-28,SH600061,-0.026669856160879135,EXP_LinearModel_Alpha158_csi300_custom_step0_s_20260728_15,bd5a628e4b24414899e51d6bae084c12,0.027,,,
1421,2026-07-28,SH600050,0.04084473475813866,EXP_LinearModel_Alpha158_csi300_custom_step0_s_20260728_15,bd5a628e4b24414899e51d6bae084c12,0.027,,,
1422,2026-07-28,SH600346,-0.04375630244612694,EXP_LinearModel_Alpha158_csi300_custom_step0_s_20260728_15,bd5a628e4b24414899e51d6bae084c12,0.027,,,
1423,2026-07-28,SH601985,0.00628318277540698,EXP_LGBModel_Alpha158_csi300_custom_step0_s_20260728_15,9e6afb2022c54871a3efbdb78da01985,0.017,,,
1424,2026-07-28,SH600905,0.05724254250526428,EXP_LinearModel_Alpha158_csi300_custom_step0_s_20260728_15,089d281987e6428eb2fc4d71a4c47d99,0.01,,,
1425,2026-07-28,SH600919,0.00903730932623148,EXP_LinearModel_Alpha158_csi300_custom_step0_s_20260728_15,089d281987e6428eb2fc4d71a4c47d99,0.01,,,
1426,2026-07-28,SH601728,-0.07982808351516724,EXP_XGBModel_Alpha158_csi300_custom_step0_s_20260728_15,d52deaf9a5f84de18d12dd6506fd7850,0.064,,,
1427,2026-07-28,SH601727,-6.608548574149609e-06,EXP_XGBModel_Alpha158_csi300_custom_step0_s_20260728_15,d52deaf9a5f84de18d12dd6506fd7850,0.064,,,
1428,2026-07-28,SH601698,0.04588797688484192,EXP_XGBModel_Alpha158_csi300_custom_step0_s_20260728_15,d52deaf9a5f84de18d12dd6506fd7850,0.064,,,
1429,2026-07-28,SH601689,0.10094638168811798,EXP_XGBModel_Alpha158_csi300_custom_step0_s_20260728_15,d52deaf9a5f84de18d12dd6506fd7850,0.064,,,
1430,2026-07-28,SH601688,-0.002753234701231122,EXP_XGBModel_Alpha158_csi300_custom_step0_s_20260728_15,d52deaf9a5f84de18d12dd6506fd7850,0.064,,,
1431,2026-07-28,SH601669,-0.004345149267464876,EXP_XGBModel_Alpha158_csi300_custom_step0_s_20260728_15,d52deaf9a5f84de18d12dd6506fd7850,0.064,,,
1432,2026-07-28,SH601668,-0.043411776423454285,EXP_XGBModel_Alpha158_csi300_custom_step0_s_20260728_15,d52deaf9a5f84de18d12dd6506fd7850,0.064,,,
1433,2026-07-28,SH601658,0.02971665747463703,EXP_XGBModel_Alpha158_csi300_custom_step0_s_20260728_15,d52deaf9a5f84de18d12dd6506fd7850,0.064,,,
1434,2026-07-28,SH601766,-0.06880936771631241,EXP_XGBModel_Alpha158_csi300_custom_step0_s_20260728_15,d52deaf9a5f84de18d12dd6506fd7850,0.064,,,
1435,2026-07-28,SH601633,-0.06807097792625427,EXP_XGBModel_Alpha158_csi300_custom_step0_s_20260728_15,d52deaf9a5f84de18d12dd6506fd7850,0.064,,,
1436,2026-07-28,SH601618,0.007241562008857727,EXP_XGBModel_Alpha158_csi300_custom_step0_s_20260728_15,d52deaf9a5f84de18d12dd6506fd7850,0.064,,,
1437,2026-07-28,SH601607,0.008811773732304573,EXP_XGBModel_Alpha158_csi300_custom_step0_s_20260728_15,d52deaf9a5f84de18d12dd6506fd7850,0.064,,,
1438,2026-07-28,SH601601,-0.04234916716814041,EXP_XGBModel_Alpha158_csi300_custom_step0_s_20260728_15,d52deaf9a5f84de18d12dd6506fd7850,0.064,,,
1439,2026-07-28,SH601600,-0.10484523326158524,EXP_XGBModel_Alpha158_csi300_custom_step0_s_20260728_15,d52deaf9a5f84de18d12dd6506fd7850,0.064,,,
1440,2026-07-28,SH601456,0.03011908195912838,EXP_XGBModel_Alpha158_csi300_custom_step0_s_20260728_15,d52deaf9a5f84de18d12dd6506fd7850,0.064,,,
1441,2026-07-28,SH601398,0.017029114067554474,EXP_XGBModel_Alpha158_csi300_custom_step0_s_20260728_15,d52deaf9a5f84de18d12dd6506fd7850,0.064,,,
1442,2026-07-28,SH601390,-0.007229550741612911,EXP_XGBModel_Alpha158_csi300_custom_step0_s_20260728_15,d52deaf9a5f84de18d12dd6506fd7850,0.064,,,
1443,2026-07-28,SH601377,0.04515809193253517,EXP_XGBModel_Alpha158_csi300_custom_step0_s_20260728_15,d52deaf9a5f84de18d12dd6506fd7850,0.064,,,
1444,2026-07-28,SH601628,-0.02413962595164776,EXP_XGBModel_Alpha158_csi300_custom_step0_s_20260728_15,d52deaf9a5f84de18d12dd6506fd7850,0.064,,,
1445,2026-07-28,SH601360,-0.04501832276582718,EXP_XGBModel_Alpha158_csi300_custom_step0_s_20260728_15,d52deaf9a5f84de18d12dd6506fd7850,0.064,,,
1446,2026-07-28,SH601788,0.03101014904677868,EXP_XGBModel_Alpha158_csi300_custom_step0_s_20260728_15,d52deaf9a5f84de18d12dd6506fd7850,0.064,,,
1447,2026-07-28,SH601816,-0.0245281420648098,EXP_XGBModel_Alpha158_csi300_custom_step0_s_20260728_15,d52deaf9a5f84de18d12dd6506fd7850,0.064,,,
1448,2026-07-28,SH601988,0.020989499986171722,EXP_XGBModel_Alpha158_csi300_custom_step0_s_20260728_15,d52deaf9a5f84de18d12dd6506fd7850,0.064,,,
1449,2026-07-28,SH601985,0.03639213740825653,EXP_XGBModel_Alpha158_csi300_custom_step0_s_20260728_15,d52deaf9a5f84de18d12dd6506fd7850,0.064,,,
1450,2026-07-28,SH601939,0.011664299294352531,EXP_XGBModel_Alpha158_csi300_custom_step0_s_20260728_15,d52deaf9a5f84de18d12dd6506fd7850,0.064,,,
1451,2026-07-28,SH601919,0.004283239599317312,EXP_XGBModel_Alpha158_csi300_custom_step0_s_20260728_15,d52deaf9a5f84de18d12dd6506fd7850,0.064,,,
1452,2026-07-28,SH601916,0.027044786140322685,EXP_XGBModel_Alpha158_csi300_custom_step0_s_20260728_15,d52deaf9a5f84de18d12dd6506fd7850,0.064,,,
1453,2026-07-28,SH601901,0.012399406172335148,EXP_XGBModel_Alpha158_csi300_custom_step0_s_20260728_15,d52deaf9a5f84de18d12dd6506fd7850,0.064,,,
1454,2026-07-28,SH601899,-0.09178979694843292,EXP_XGBModel_Alpha158_csi300_custom_step0_s_20260728_15,d52deaf9a5f84de18d12dd6506fd7850,0.064,,,
1455,2026-07-28,SH601898,-0.14241784811019897,EXP_XGBModel_Alpha158_csi300_custom_step0_s_20260728_15,d52deaf9a5f84de18d12dd6506fd7850,0.064,,,
1456,2026-07-28,SH601800,-0.01027627568691969,EXP_XGBModel_Alpha158_csi300_custom_step0_s_20260728_15,d52deaf9a5f84de18d12dd6506fd7850,0.064,,,
1457,2026-07-28,SH601888,-0.026950446888804436,EXP_XGBModel_Alpha158_csi300_custom_step0_s_20260728_15,d52deaf9a5f84de18d12dd6506fd7850,0.064,,,
1458,2026-07-28,SH601878,0.038989774882793427,EXP_XGBModel_Alpha158_csi300_custom_step0_s_20260728_15,d52deaf9a5f84de18d12dd6506fd7850,0.064,,,
1459,2026-07-28,SH601877,-0.019917486235499382,EXP_XGBModel_Alpha158_csi300_custom_step0_s_20260728_15,d52deaf9a5f84de18d12dd6506fd7850,0.064,,,
1460,2026-07-28,SH601872,-0.09096219390630722,EXP_XGBModel_Alpha158_csi300_custom_step0_s_20260728_15,d52deaf9a5f84de18d12dd6506fd7850,0.064,,,
1461,2026-07-28,SH601868,0.009846950881183147,EXP_XGBModel_Alpha158_csi300_custom_step0_s_20260728_15,d52deaf9a5f84de18d12dd6506fd7850,0.064,,,
1462,2026-07-28,SH601857,-0.13881637156009674,EXP_XGBModel_Alpha158_csi300_custom_step0_s_20260728_15,d52deaf9a5f84de18d12dd6506fd7850,0.064,,,
1463,2026-07-28,SH601838,0.013856200501322746,EXP_XGBModel_Alpha158_csi300_custom_step0_s_20260728_15,d52deaf9a5f84de18d12dd6506fd7850,0.064,,,
1464,2026-07-28,SH601825,0.01613903045654297,EXP_XGBModel_Alpha158_csi300_custom_step0_s_20260728_15,d52deaf9a5f84de18d12dd6506fd7850,0.064,,,
1465,2026-07-28,SH601818,0.03613682836294174,EXP_XGBModel_Alpha158_csi300_custom_step0_s_20260728_15,d52deaf9a5f84de18d12dd6506fd7850,0.064,,,
1466,2026-07-28,SH601881,0.006578405387699604,EXP_XGBModel_Alpha158_csi300_custom_step0_s_20260728_15,d52deaf9a5f84de18d12dd6506fd7850,0.064,,,
1467,2026-07-28,SH601336,-0.00238436390645802,EXP_XGBModel_Alpha158_csi300_custom_step0_s_20260728_15,d52deaf9a5f84de18d12dd6506fd7850,0.064,,,
1468,2026-07-28,SH601328,0.006183167453855276,EXP_XGBModel_Alpha158_csi300_custom_step0_s_20260728_15,d52deaf9a5f84de18d12dd6506fd7850,0.064,,,
1469,2026-07-28,SH601319,-0.037910062819719315,EXP_XGBModel_Alpha158_csi300_custom_step0_s_20260728_15,d52deaf9a5f84de18d12dd6506fd7850,0.064,,,
1470,2026-07-28,SH601009,0.02470078505575657,EXP_XGBModel_Alpha158_csi300_custom_step0_s_20260728_15,d52deaf9a5f84de18d12dd6506fd7850,0.064,,,
1471,2026-07-28,SH601006,-0.011009877547621727,EXP_XGBModel_Alpha158_csi300_custom_step0_s_20260728_15,d52deaf9a5f84de18d12dd6506fd7850,0.064,,,
1472,2026-07-28,SH600999,0.07972954958677292,EXP_XGBModel_Alpha158_csi300_custom_step0_s_20260728_15,d52deaf9a5f84de18d12dd6506fd7850,0.064,,,
1473,2026-07-28,SH600989,-0.04045303165912628,EXP_XGBModel_Alpha158_csi300_custom_step0_s_20260728_15,d52deaf9a5f84de18d12dd6506fd7850,0.064,,,
1474,2026-07-28,SH600958,0.001270152861252427,EXP_XGBModel_Alpha158_csi300_custom_step0_s_20260728_15,d52deaf9a5f84de18d12dd6506fd7850,0.064,,,
1475,2026-07-28,SH600941,0.026465287432074547,EXP_XGBModel_Alpha158_csi300_custom_step0_s_20260728_15,d52deaf9a5f84de18d12dd6506fd7850,0.064,,,
1476,2026-07-28,SH600938,-0.07904629409313202,EXP_XGBModel_Alpha158_csi300_custom_step0_s_20260728_15,d52deaf9a5f84de18d12dd6506fd7850,0.064,,,
1477,2026-07-28,SH600930,0.030726036056876183,EXP_XGBModel_Alpha158_csi300_custom_step0_s_20260728_15,d52deaf9a5f84de18d12dd6506fd7850,0.064,,,
1478,2026-07-28,SH601012,-0.03206191956996918,EXP_XGBModel_Alpha158_csi300_custom_step0_s_20260728_15,d52deaf9a5f84de18d12dd6506fd7850,0.064,,,
1479,2026-07-28,SH600926,0.027192622423171997,EXP_XGBModel_Alpha158_csi300_custom_step0_s_20260728_15,d52deaf9a5f84de18d12dd6506fd7850,0.064,,,
1480,2026-07-28,SH600918,-0.007701999507844448,EXP_XGBModel_Alpha158_csi300_custom_step0_s_20260728_15,d52deaf9a5f84de18d12dd6506fd7850,0.064,,,
1481,2026-07-28,SH600905,0.009077434428036213,EXP_XGBModel_Alpha158_csi300_custom_step0_s_20260728_15,d52deaf9a5f84de18d12dd6506fd7850,0.064,,,
1482,2026-07-28,SH600900,-0.008551731705665588,EXP_XGBModel_Alpha158_csi300_custom_step0_s_20260728_15,d52deaf9a5f84de18d12dd6506fd7850,0.064,,,
1483,2026-07-28,SH600893,-0.002639362122863531,EXP_XGBModel_Alpha158_csi300_custom_step0_s_20260728_15,d52deaf9a5f84de18d12dd6506fd7850,0.064,,,
1484,2026-07-28,SH600887,0.009742768481373787,EXP_XGBModel_Alpha158_csi300_custom_step0_s_20260728_15,d52deaf9a5f84de18d12dd6506fd7850,0.064,,,
1485,2026-07-28,SH600886,-0.019898928701877594,EXP_XGBModel_Alpha158_csi300_custom_step0_s_20260728_15,d52deaf9a5f84de18d12dd6506fd7850,0.064,,,
1486,2026-07-28,SH600875,0.053346097469329834,EXP_XGBModel_Alpha158_csi300_custom_step0_s_20260728_15,d52deaf9a5f84de18d12dd6506fd7850,0.064,,,
1487,2026-07-28,SH600845,0.026012122631072998,EXP_XGBModel_Alpha158_csi300_custom_step0_s_20260728_15,d52deaf9a5f84de18d12dd6506fd7850,0.064,,,
1488,2026-07-28,SH600919,0.025503618642687798,EXP_XGBModel_Alpha158_csi300_custom_step0_s_20260728_15,d52deaf9a5f84de18d12dd6506fd7850,0.064,,,
1489,2026-07-28,SH601018,-0.010789240710437298,EXP_XGBModel_Alpha158_csi300_custom_step0_s_20260728_15,d52deaf9a5f84de18d12dd6506fd7850,0.064,,,
1490,2026-07-28,SH601021,0.02811344340443611,EXP_XGBModel_Alpha158_csi300_custom_step0_s_20260728_15,d52deaf9a5f84de18d12dd6506fd7850,0.064,,,
1491,2026-07-28,SH601058,-0.052465397864580154,EXP_XGBModel_Alpha158_csi300_custom_step0_s_20260728_15,d52deaf9a5f84de18d12dd6506fd7850,0.064,,,
1492,2026-07-28,SH601318,-0.11499900370836258,EXP_XGBModel_Alpha158_csi300_custom_step0_s_20260728_15,d52deaf9a5f84de18d12dd6506fd7850,0.064,,,
1493,2026-07-28,SH601288,-0.04235844686627388,EXP_XGBModel_Alpha158_csi300_custom_step0_s_20260728_15,d52deaf9a5f84de18d12dd6506fd7850,0.064,,,
1494,2026-07-28,SH601238,-0.017092904075980186,EXP_XGBModel_Alpha158_csi300_custom_step0_s_20260728_15,d52deaf9a5f84de18d12dd6506fd7850,0.064,,,
1495,2026-07-28,SH601229,0.0612393319606781,EXP_XGBModel_Alpha158_csi300_custom_step0_s_20260728_15,d52deaf9a5f84de18d12dd6506fd7850,0.064,,,
1496,2026-07-28,SH601225,-0.05340643227100372,EXP_XGBModel_Alpha158_csi300_custom_step0_s_20260728_15,d52deaf9a5f84de18d12dd6506fd7850,0.064,,,
1497,2026-07-28,SH601211,-0.05953972414135933,EXP_XGBModel_Alpha158_csi300_custom_step0_s_20260728_15,d52deaf9a5f84de18d12dd6506fd7850,0.064,,,
1498,2026-07-28,SH601186,0.020693663507699966,EXP_XGBModel_Alpha158_csi300_custom_step0_s_20260728_15,d52deaf9a5f84de18d12dd6506fd7850,0.064,,,
1499,2026-07-28,SH601169,0.027065971866250038,EXP_XGBModel_Alpha158_csi300_custom_step0_s_20260728_15,d52deaf9a5f84de18d12dd6506fd7850,0.064,,,
1500,2026-07-28,SH601166,-0.010761713609099388,EXP_XGBModel_Alpha158_csi300_custom_step0_s_20260728_15,d52deaf9a5f84de18d12dd6506fd7850,0.064,,,
1501,2026-07-28,SH601138,0.1259169578552246,EXP_XGBModel_Alpha158_csi300_custom_step0_s_20260728_15,d52deaf9a5f84de18d12dd6506fd7850,0.064,,,
1502,2026-07-28,SH601136,0.0008022377151064575,EXP_XGBModel_Alpha158_csi300_custom_step0_s_20260728_15,d52deaf9a5f84de18d12dd6506fd7850,0.064,,,
1503,2026-07-28,SH601127,-0.03261052072048187,EXP_XGBModel_Alpha158_csi300_custom_step0_s_20260728_15,d52deaf9a5f84de18d12dd6506fd7850,0.064,,,
1504,2026-07-28,SH601117,0.0023526728618890047,EXP_XGBModel_Alpha158_csi300_custom_step0_s_20260728_15,d52deaf9a5f84de18d12dd6506fd7850,0.064,,,
1505,2026-07-28,SH601111,-0.007490616291761398,EXP_XGBModel_Alpha158_csi300_custom_step0_s_20260728_15,d52deaf9a5f84de18d12dd6506fd7850,0.064,,,
1506,2026-07-28,SH601100,0.0020552435889840126,EXP_XGBModel_Alpha158_csi300_custom_step0_s_20260728_15,d52deaf9a5f84de18d12dd6506fd7850,0.064,,,
1507,2026-07-28,SH601088,-0.05015301704406738,EXP_XGBModel_Alpha158_csi300_custom_step0_s_20260728_15,d52deaf9a5f84de18d12dd6506fd7850,0.064,,,
1508,2026-07-28,SH601077,0.005862012971192598,EXP_XGBModel_Alpha158_csi300_custom_step0_s_20260728_15,d52deaf9a5f84de18d12dd6506fd7850,0.064,,,
1509,2026-07-28,SH601066,0.048418980091810226,EXP_XGBModel_Alpha158_csi300_custom_step0_s_20260728_15,d52deaf9a5f84de18d12dd6506fd7850,0.064,,,
1510,2026-07-28,SH601059,0.024250194430351257,EXP_XGBModel_Alpha158_csi300_custom_step0_s_20260728_15,d52deaf9a5f84de18d12dd6506fd7850,0.064,,,
1511,2026-07-28,SH601995,0.010887259617447853,EXP_XGBModel_Alpha158_csi300_custom_step0_s_20260728_15,d52deaf9a5f84de18d12dd6506fd7850,0.064,,,
1512,2026-07-28,SH600809,-0.10994796454906464,EXP_XGBModel_Alpha158_csi300_custom_step0_s_20260728_15,d52deaf9a5f84de18d12dd6506fd7850,0.064,,,
1513,2026-07-28,SH601998,-0.005358639173209667,EXP_XGBModel_Alpha158_csi300_custom_step0_s_20260728_15,d52deaf9a5f84de18d12dd6506fd7850,0.064,,,
1514,2026-07-28,SH603259,-0.008242441341280937,EXP_XGBModel_Alpha158_csi300_custom_step0_s_20260728_15,d52deaf9a5f84de18d12dd6506fd7850,0.064,,,
1515,2026-07-28,SZ000977,0.1324717104434967,EXP_XGBModel_Alpha158_csi300_custom_step0_s_20260728_15,d52deaf9a5f84de18d12dd6506fd7850,0.064,,,
1516,2026-07-28,SZ000975,-0.10285891592502594,EXP_XGBModel_Alpha158_csi300_custom_step0_s_20260728_15,d52deaf9a5f84de18d12dd6506fd7850,0.064,,,
1517,2026-07-28,SZ000963,-0.03190651163458824,EXP_XGBModel_Alpha158_csi300_custom_step0_s_20260728_15,d52deaf9a5f84de18d12dd6506fd7850,0.064,,,
1518,2026-07-28,SZ000938,-0.24313950538635254,EXP_XGBModel_Alpha158_csi300_custom_step0_s_20260728_15,d52deaf9a5f84de18d12dd6506fd7850,0.064,,,
1519,2026-07-28,SZ000895,-0.033944644033908844,EXP_XGBModel_Alpha158_csi300_custom_step0_s_20260728_15,d52deaf9a5f84de18d12dd6506fd7850,0.064,,,
1520,2026-07-28,SZ000858,-0.01706157624721527,EXP_XGBModel_Alpha158_csi300_custom_step0_s_20260728_15,d52deaf9a5f84de18d12dd6506fd7850,0.064,,,
1521,2026-07-28,SZ000807,-0.13120289146900177,EXP_XGBModel_Alpha158_csi300_custom_step0_s_20260728_15,d52deaf9a5f84de18d12dd6506fd7850,0.064,,,
1522,2026-07-28,SZ000792,-0.006102926097810268,EXP_XGBModel_Alpha158_csi300_custom_step0_s_20260728_15,d52deaf9a5f84de18d12dd6506fd7850,0.064,,,
1523,2026-07-28,SZ000988,0.09169529378414154,EXP_XGBModel_Alpha158_csi300_custom_step0_s_20260728_15,d52deaf9a5f84de18d12dd6506fd7850,0.064,,,
1524,2026-07-28,SZ000776,0.026078252121806145,EXP_XGBModel_Alpha158_csi300_custom_step0_s_20260728_15,d52deaf9a5f84de18d12dd6506fd7850,0.064,,,
1525,2026-07-28,SZ000725,0.28427112102508545,EXP_XGBModel_Alpha158_csi300_custom_step0_s_20260728_15,d52deaf9a5f84de18d12dd6506fd7850,0.064,,,
1526,2026-07-28,SZ000708,-0.08206246048212051,EXP_XGBModel_Alpha158_csi300_custom_step0_s_20260728_15,d52deaf9a5f84de18d12dd6506fd7850,0.064,,,
1527,2026-07-28,SZ000657,0.29942798614501953,EXP_XGBModel_Alpha158_csi300_custom_step0_s_20260728_15,d52deaf9a5f84de18d12dd6506fd7850,0.064,,,
1528,2026-07-28,SZ000651,0.026973651722073555,EXP_XGBModel_Alpha158_csi300_custom_step0_s_20260728_15,d52deaf9a5f84de18d12dd6506fd7850,0.064,,,
1529,2026-07-28,SZ000630,0.026164300739765167,EXP_XGBModel_Alpha158_csi300_custom_step0_s_20260728_15,d52deaf9a5f84de18d12dd6506fd7850,0.064,,,
1530,2026-07-28,SZ000625,-0.037451449781656265,EXP_XGBModel_Alpha158_csi300_custom_step0_s_20260728_15,d52deaf9a5f84de18d12dd6506fd7850,0.064,,,
1531,2026-07-28,SZ000617,-0.039944838732481,EXP_XGBModel_Alpha158_csi300_custom_step0_s_20260728_15,d52deaf9a5f84de18d12dd6506fd7850,0.064,,,
1532,2026-07-28,SZ000596,-0.15052515268325806,EXP_XGBModel_Alpha158_csi300_custom_step0_s_20260728_15,d52deaf9a5f84de18d12dd6506fd7850,0.064,,,
1533,2026-07-28,SZ000768,-0.015163499861955643,EXP_XGBModel_Alpha158_csi300_custom_step0_s_20260728_15,d52deaf9a5f84de18d12dd6506fd7850,0.064,,,
1534,2026-07-28,SZ000568,-0.09294316172599792,EXP_XGBModel_Alpha158_csi300_custom_step0_s_20260728_15,d52deaf9a5f84de18d12dd6506fd7850,0.064,,,
1535,2026-07-28,SZ000999,-0.003562177997082472,EXP_XGBModel_Alpha158_csi300_custom_step0_s_20260728_15,d52deaf9a5f84de18d12dd6506fd7850,0.064,,,
1536,2026-07-28,SZ001391,-0.008901574648916721,EXP_XGBModel_Alpha158_csi300_custom_step0_s_20260728_15,d52deaf9a5f84de18d12dd6506fd7850,0.064,,,
1537,2026-07-28,SZ002353,0.21458755433559418,EXP_XGBModel_Alpha158_csi300_custom_step0_s_20260728_15,d52deaf9a5f84de18d12dd6506fd7850,0.064,,,
1538,2026-07-28,SZ002352,-0.026229022070765495,EXP_XGBModel_Alpha158_csi300_custom_step0_s_20260728_15,d52deaf9a5f84de18d12dd6506fd7850,0.064,,,
1539,2026-07-28,SZ002311,-0.028581339865922928,EXP_XGBModel_Alpha158_csi300_custom_step0_s_20260728_15,d52deaf9a5f84de18d12dd6506fd7850,0.064,,,
1540,2026-07-28,SZ002304,-0.025674618780612946,EXP_XGBModel_Alpha158_csi300_custom_step0_s_20260728_15,d52deaf9a5f84de18d12dd6506fd7850,0.064,,,
1541,2026-07-28,SZ002241,0.00911642238497734,EXP_XGBModel_Alpha158_csi300_custom_step0_s_20260728_15,d52deaf9a5f84de18d12dd6506fd7850,0.064,,,
1542,2026-07-28,SZ002236,0.009567227214574814,EXP_XGBModel_Alpha158_csi300_custom_step0_s_20260728_15,d52deaf9a5f84de18d12dd6506fd7850,0.064,,,
1543,2026-07-28,SZ002230,-0.033274587243795395,EXP_XGBModel_Alpha158_csi300_custom_step0_s_20260728_15,d52deaf9a5f84de18d12dd6506fd7850,0.064,,,
1544,2026-07-28,SZ002202,0.2333361804485321,EXP_XGBModel_Alpha158_csi300_custom_step0_s_20260728_15,d52deaf9a5f84de18d12dd6506fd7850,0.064,,,
1545,2026-07-28,SZ001280,0.00812888890504837,EXP_XGBModel_Alpha158_csi300_custom_step0_s_20260728_15,d52deaf9a5f84de18d12dd6506fd7850,0.064,,,
1546,2026-07-28,SZ002179,0.21462322771549225,EXP_XGBModel_Alpha158_csi300_custom_step0_s_20260728_15,d52deaf9a5f84de18d12dd6506fd7850,0.064,,,
1547,2026-07-28,SZ002074,-0.02719024010002613,EXP_XGBModel_Alpha158_csi300_custom_step0_s_20260728_15,d52deaf9a5f84de18d12dd6506fd7850,0.064,,,
1548,2026-07-28,SZ002050,0.08351495862007141,EXP_XGBModel_Alpha158_csi300_custom_step0_s_20260728_15,d52deaf9a5f84de18d12dd6506fd7850,0.064,,,
1549,2026-07-28,SZ002049,0.15691114962100983,EXP_XGBModel_Alpha158_csi300_custom_step0_s_20260728_15,d52deaf9a5f84de18d12dd6506fd7850,0.064,,,
1550,2026-07-28,SZ002028,0.03248406574130058,EXP_XGBModel_Alpha158_csi300_custom_step0_s_20260728_15,d52deaf9a5f84de18d12dd6506fd7850,0.064,,,
1551,2026-07-28,SZ002027,-0.056837234646081924,EXP_XGBModel_Alpha158_csi300_custom_step0_s_20260728_15,d52deaf9a5f84de18d12dd6506fd7850,0.064,,,
1552,2026-07-28,SZ002001,-0.052948493510484695,EXP_XGBModel_Alpha158_csi300_custom_step0_s_20260728_15,d52deaf9a5f84de18d12dd6506fd7850,0.064,,,
1553,2026-07-28,SZ001979,-0.03884774073958397,EXP_XGBModel_Alpha158_csi300_custom_step0_s_20260728_15,d52deaf9a5f84de18d12dd6506fd7850,0.064,,,
1554,2026-07-28,SZ001965,-0.07203857600688934,EXP_XGBModel_Alpha158_csi300_custom_step0_s_20260728_15,d52deaf9a5f84de18d12dd6506fd7850,0.064,,,
1555,2026-07-28,SZ002142,0.02870558388531208,EXP_XGBModel_Alpha158_csi300_custom_step0_s_20260728_15,d52deaf9a5f84de18d12dd6506fd7850,0.064,,,
1556,2026-07-28,SZ000538,0.0029773591086268425,EXP_XGBModel_Alpha158_csi300_custom_step0_s_20260728_15,d52deaf9a5f84de18d12dd6506fd7850,0.064,,,
1557,2026-07-28,SZ000425,-0.009048597887158394,EXP_XGBModel_Alpha158_csi300_custom_step0_s_20260728_15,d52deaf9a5f84de18d12dd6506fd7850,0.064,,,
1558,2026-07-28,SZ000408,-0.024440394714474678,EXP_XGBModel_Alpha158_csi300_custom_step0_s_20260728_15,d52deaf9a5f84de18d12dd6506fd7850,0.064,,,
1559,2026-07-28,SH688047,0.13010163605213165,EXP_XGBModel_Alpha158_csi300_custom_step0_s_20260728_15,d52deaf9a5f84de18d12dd6506fd7850,0.064,,,
1560,2026-07-28,SH688041,0.02850484661757946,EXP_XGBModel_Alpha158_csi300_custom_step0_s_20260728_15,d52deaf9a5f84de18d12dd6506fd7850,0.064,,,
1561,2026-07-28,SH688036,-0.046540629118680954,EXP_XGBModel_Alpha158_csi300_custom_step0_s_20260728_15,d52deaf9a5f84de18d12dd6506fd7850,0.064,,,
1562,2026-07-28,SH688012,-0.05616879463195801,EXP_XGBModel_Alpha158_csi300_custom_step0_s_20260728_15,d52deaf9a5f84de18d12dd6506fd7850,0.064,,,
1563,2026-07-28,SH688009,0.031486235558986664,EXP_XGBModel_Alpha158_csi300_custom_step0_s_20260728_15,d52deaf9a5f84de18d12dd6506fd7850,0.064,,,
1564,2026-07-28,SH688008,0.26708096265792847,EXP_XGBModel_Alpha158_csi300_custom_step0_s_20260728_15,d52deaf9a5f84de18d12dd6506fd7850,0.064,,,
1565,2026-07-28,SH605499,-0.0972265899181366,EXP_XGBModel_Alpha158_csi300_custom_step0_s_20260728_15,d52deaf9a5f84de18d12dd6506fd7850,0.064,,,
1566,2026-07-28,SH605117,0.0014120351988822222,EXP_XGBModel_Alpha158_csi300_custom_step0_s_20260728_15,d52deaf9a5f84de18d12dd6506fd7850,0.064,,,
1567,2026-07-28,SH688072,-0.09360199421644211,EXP_XGBModel_Alpha158_csi300_custom_step0_s_20260728_15,d52deaf9a5f84de18d12dd6506fd7850,0.064,,,
1568,2026-07-28,SH603993,-0.11389163136482239,EXP_XGBModel_Alpha158_csi300_custom_step0_s_20260728_15,d52deaf9a5f84de18d12dd6506fd7850,0.064,,,
1569,2026-07-28,SH603893,-0.01101083867251873,EXP_XGBModel_Alpha158_csi300_custom_step0_s_20260728_15,d52deaf9a5f84de18d12dd6506fd7850,0.064,,,
1570,2026-07-28,SH603799,0.1108250841498375,EXP_XGBModel_Alpha158_csi300_custom_step0_s_20260728_15,d52deaf9a5f84de18d12dd6506fd7850,0.064,,,
1571,2026-07-28,SH603501,0.009464100003242493,EXP_XGBModel_Alpha158_csi300_custom_step0_s_20260728_15,d52deaf9a5f84de18d12dd6506fd7850,0.064,,,
1572,2026-07-28,SH603392,0.009522638283669949,EXP_XGBModel_Alpha158_csi300_custom_step0_s_20260728_15,d52deaf9a5f84de18d12dd6506fd7850,0.064,,,
1573,2026-07-28,SH603369,-0.04062223806977272,EXP_XGBModel_Alpha158_csi300_custom_step0_s_20260728_15,d52deaf9a5f84de18d12dd6506fd7850,0.064,,,
1574,2026-07-28,SH603296,-0.002522376598790288,EXP_XGBModel_Alpha158_csi300_custom_step0_s_20260728_15,d52deaf9a5f84de18d12dd6506fd7850,0.064,,,
1575,2026-07-28,SH603288,-0.10757791250944138,EXP_XGBModel_Alpha158_csi300_custom_step0_s_20260728_15,d52deaf9a5f84de18d12dd6506fd7850,0.064,,,
1576,2026-07-28,SH603260,0.06832931935787201,EXP_XGBModel_Alpha158_csi300_custom_step0_s_20260728_15,d52deaf9a5f84de18d12dd6506fd7850,0.064,,,
1577,2026-07-28,SH603986,-0.25969842076301575,EXP_XGBModel_Alpha158_csi300_custom_step0_s_20260728_15,d52deaf9a5f84de18d12dd6506fd7850,0.064,,,
1578,2026-07-28,SH688082,0.07486263662576675,EXP_XGBModel_Alpha158_csi300_custom_step0_s_20260728_15,d52deaf9a5f84de18d12dd6506fd7850,0.064,,,
1579,2026-07-28,SH688111,-0.007866398431360722,EXP_XGBModel_Alpha158_csi300_custom_step0_s_20260728_15,d52deaf9a5f84de18d12dd6506fd7850,0.064,,,
1580,2026-07-28,SH688126,0.2520936131477356,EXP_XGBModel_Alpha158_csi300_custom_step0_s_20260728_15,d52deaf9a5f84de18d12dd6506fd7850,0.064,,,
1581,2026-07-28,SZ000338,-0.034502264112234116,EXP_XGBModel_Alpha158_csi300_custom_step0_s_20260728_15,d52deaf9a5f84de18d12dd6506fd7850,0.064,,,
1582,2026-07-28,SZ000333,0.035107340663671494,EXP_XGBModel_Alpha158_csi300_custom_step0_s_20260728_15,d52deaf9a5f84de18d12dd6506fd7850,0.064,,,
1583,2026-07-28,SZ000301,-0.1029893308877945,EXP_XGBModel_Alpha158_csi300_custom_step0_s_20260728_15,d52deaf9a5f84de18d12dd6506fd7850,0.064,,,
1584,2026-07-28,SZ000166,0.04511333629488945,EXP_XGBModel_Alpha158_csi300_custom_step0_s_20260728_15,d52deaf9a5f84de18d12dd6506fd7850,0.064,,,
1585,2026-07-28,SZ000157,0.0005572359077632427,EXP_XGBModel_Alpha158_csi300_custom_step0_s_20260728_15,d52deaf9a5f84de18d12dd6506fd7850,0.064,,,
1586,2026-07-28,SZ000100,0.04973509535193443,EXP_XGBModel_Alpha158_csi300_custom_step0_s_20260728_15,d52deaf9a5f84de18d12dd6506fd7850,0.064,,,
1587,2026-07-28,SZ000063,0.0032824736554175615,EXP_XGBModel_Alpha158_csi300_custom_step0_s_20260728_15,d52deaf9a5f84de18d12dd6506fd7850,0.064,,,
1588,2026-07-28,SZ000002,-0.018262993544340134,EXP_XGBModel_Alpha158_csi300_custom_step0_s_20260728_15,d52deaf9a5f84de18d12dd6506fd7850,0.064,,,
1589,2026-07-28,SZ000001,0.026635712012648582,EXP_XGBModel_Alpha158_csi300_custom_step0_s_20260728_15,d52deaf9a5f84de18d12dd6506fd7850,0.064,,,
1590,2026-07-28,SH688981,-0.0004125314299017191,EXP_XGBModel_Alpha158_csi300_custom_step0_s_20260728_15,d52deaf9a5f84de18d12dd6506fd7850,0.064,,,
1591,2026-07-28,SH688521,0.21609656512737274,EXP_XGBModel_Alpha158_csi300_custom_step0_s_20260728_15,d52deaf9a5f84de18d12dd6506fd7850,0.064,,,
1592,2026-07-28,SH688506,0.11839541047811508,EXP_XGBModel_Alpha158_csi300_custom_step0_s_20260728_15,d52deaf9a5f84de18d12dd6506fd7850,0.064,,,
1593,2026-07-28,SH688472,-0.02868574671447277,EXP_XGBModel_Alpha158_csi300_custom_step0_s_20260728_15,d52deaf9a5f84de18d12dd6506fd7850,0.064,,,
1594,2026-07-28,SH688396,0.01310310885310173,EXP_XGBModel_Alpha158_csi300_custom_step0_s_20260728_15,d52deaf9a5f84de18d12dd6506fd7850,0.064,,,
1595,2026-07-28,SH688303,0.036752887070178986,EXP_XGBModel_Alpha158_csi300_custom_step0_s_20260728_15,d52deaf9a5f84de18d12dd6506fd7850,0.064,,,
1596,2026-07-28,SH688271,-0.02773864194750786,EXP_XGBModel_Alpha158_csi300_custom_step0_s_20260728_15,d52deaf9a5f84de18d12dd6506fd7850,0.064,,,
1597,2026-07-28,SH688256,0.08201968669891357,EXP_XGBModel_Alpha158_csi300_custom_step0_s_20260728_15,d52deaf9a5f84de18d12dd6506fd7850,0.064,,,
1598,2026-07-28,SH688223,0.039703480899333954,EXP_XGBModel_Alpha158_csi300_custom_step0_s_20260728_15,d52deaf9a5f84de18d12dd6506fd7850,0.064,,,
1599,2026-07-28,SH688183,-0.009721373207867146,EXP_XGBModel_Alpha158_csi300_custom_step0_s_20260728_15,d52deaf9a5f84de18d12dd6506fd7850,0.064,,,
1600,2026-07-28,SH603019,-0.020134376361966133,EXP_XGBModel_Alpha158_csi300_custom_step0_s_20260728_15,d52deaf9a5f84de18d12dd6506fd7850,0.064,,,
1601,2026-07-28,SZ002371,-0.003234370145946741,EXP_XGBModel_Alpha158_csi300_custom_step0_s_20260728_15,d52deaf9a5f84de18d12dd6506fd7850,0.064,,,
1602,2026-07-28,SH600803,-0.03885476291179657,EXP_XGBModel_Alpha158_csi300_custom_step0_s_20260728_15,d52deaf9a5f84de18d12dd6506fd7850,0.064,,,
1603,2026-07-28,SH600760,-0.10199927538633347,EXP_XGBModel_Alpha158_csi300_custom_step0_s_20260728_15,d52deaf9a5f84de18d12dd6506fd7850,0.064,,,
1604,2026-07-28,SZ002558,0.0002861239481717348,EXP_XGBModel_Alpha158_csi300_custom_step0_s_20260728_15,b86c579e90f34b0ca535bf3de16c004a,0.051,,,
1605,2026-07-28,SZ002532,-0.0561310239136219,EXP_XGBModel_Alpha158_csi300_custom_step0_s_20260728_15,b86c579e90f34b0ca535bf3de16c004a,0.051,,,
1606,2026-07-28,SZ002493,-0.0681927502155304,EXP_XGBModel_Alpha158_csi300_custom_step0_s_20260728_15,b86c579e90f34b0ca535bf3de16c004a,0.051,,,
1607,2026-07-28,SZ002475,0.04359234869480133,EXP_XGBModel_Alpha158_csi300_custom_step0_s_20260728_15,b86c579e90f34b0ca535bf3de16c004a,0.051,,,
1608,2026-07-28,SZ002466,0.13686113059520721,EXP_XGBModel_Alpha158_csi300_custom_step0_s_20260728_15,b86c579e90f34b0ca535bf3de16c004a,0.051,,,
1609,2026-07-28,SZ002463,0.06181841343641281,EXP_XGBModel_Alpha158_csi300_custom_step0_s_20260728_15,b86c579e90f34b0ca535bf3de16c004a,0.051,,,
1610,2026-07-28,SZ002460,0.07934140413999557,EXP_XGBModel_Alpha158_csi300_custom_step0_s_20260728_15,b86c579e90f34b0ca535bf3de16c004a,0.051,,,
1611,2026-07-28,SZ002422,0.05697906017303467,EXP_XGBModel_Alpha158_csi300_custom_step0_s_20260728_15,b86c579e90f34b0ca535bf3de16c004a,0.051,,,
1612,2026-07-28,SZ002594,-0.003524112282320857,EXP_XGBModel_Alpha158_csi300_custom_step0_s_20260728_15,b86c579e90f34b0ca535bf3de16c004a,0.051,,,
1613,2026-07-28,SZ002415,0.03499457985162735,EXP_XGBModel_Alpha158_csi300_custom_step0_s_20260728_15,b86c579e90f34b0ca535bf3de16c004a,0.051,,,
1614,2026-07-28,SZ002371,-0.07231523096561432,EXP_XGBModel_Alpha158_csi300_custom_step0_s_20260728_15,b86c579e90f34b0ca535bf3de16c004a,0.051,,,
1615,2026-07-28,SZ002353,0.1690559685230255,EXP_XGBModel_Alpha158_csi300_custom_step0_s_20260728_15,b86c579e90f34b0ca535bf3de16c004a,0.051,,,
1616,2026-07-28,SZ002352,0.0011861671227961779,EXP_XGBModel_Alpha158_csi300_custom_step0_s_20260728_15,b86c579e90f34b0ca535bf3de16c004a,0.051,,,
1617,2026-07-28,SZ002311,0.0024845812004059553,EXP_XGBModel_Alpha158_csi300_custom_step0_s_20260728_15,b86c579e90f34b0ca535bf3de16c004a,0.051,,,
1618,2026-07-28,SZ002304,-0.026439104229211807,EXP_XGBModel_Alpha158_csi300_custom_step0_s_20260728_15,b86c579e90f34b0ca535bf3de16c004a,0.051,,,
1619,2026-07-28,SZ002241,0.010493357665836811,EXP_XGBModel_Alpha158_csi300_custom_step0_s_20260728_15,b86c579e90f34b0ca535bf3de16c004a,0.051,,,
1620,2026-07-28,SZ002236,0.011188042350113392,EXP_XGBModel_Alpha158_csi300_custom_step0_s_20260728_15,b86c579e90f34b0ca535bf3de16c004a,0.051,,,
1621,2026-07-28,SZ002230,-0.020680220797657967,EXP_XGBModel_Alpha158_csi300_custom_step0_s_20260728_15,b86c579e90f34b0ca535bf3de16c004a,0.051,,,
1622,2026-07-28,SZ002384,0.010985116474330425,EXP_XGBModel_Alpha158_csi300_custom_step0_s_20260728_15,b86c579e90f34b0ca535bf3de16c004a,0.051,,,
1623,2026-07-28,SZ002202,0.16714851558208466,EXP_XGBModel_Alpha158_csi300_custom_step0_s_20260728_15,b86c579e90f34b0ca535bf3de16c004a,0.051,,,
1624,2026-07-28,SZ002600,0.1849542111158371,EXP_XGBModel_Alpha158_csi300_custom_step0_s_20260728_15,b86c579e90f34b0ca535bf3de16c004a,0.051,,,
1625,2026-07-28,SZ002625,0.018574286252260208,EXP_XGBModel_Alpha158_csi300_custom_step0_s_20260728_15,b86c579e90f34b0ca535bf3de16c004a,0.051,,,
1626,2026-07-28,SZ300308,0.10317014157772064,EXP_XGBModel_Alpha158_csi300_custom_step0_s_20260728_15,b86c579e90f34b0ca535bf3de16c004a,0.051,,,
1627,2026-07-28,SZ300274,0.11677156388759613,EXP_XGBModel_Alpha158_csi300_custom_step0_s_20260728_15,b86c579e90f34b0ca535bf3de16c004a,0.051,,,
1628,2026-07-28,SZ300251,-0.023108376190066338,EXP_XGBModel_Alpha158_csi300_custom_step0_s_20260728_15,b86c579e90f34b0ca535bf3de16c004a,0.051,,,
1629,2026-07-28,SZ300124,0.008377932012081146,EXP_XGBModel_Alpha158_csi300_custom_step0_s_20260728_15,b86c579e90f34b0ca535bf3de16c004a,0.051,,,
1630,2026-07-28,SZ300122,-0.02495480515062809,EXP_XGBModel_Alpha158_csi300_custom_step0_s_20260728_15,b86c579e90f34b0ca535bf3de16c004a,0.051,,,
1631,2026-07-28,SZ300059,-0.019844764843583107,EXP_XGBModel_Alpha158_csi300_custom_step0_s_20260728_15,b86c579e90f34b0ca535bf3de16c004a,0.051,,,
1632,2026-07-28,SZ300033,-0.010984987020492554,EXP_XGBModel_Alpha158_csi300_custom_step0_s_20260728_15,b86c579e90f34b0ca535bf3de16c004a,0.051,,,
1633,2026-07-28,SZ300015,-0.02487960085272789,EXP_XGBModel_Alpha158_csi300_custom_step0_s_20260728_15,b86c579e90f34b0ca535bf3de16c004a,0.051,,,
1634,2026-07-28,SZ002602,-0.019844956696033478,EXP_XGBModel_Alpha158_csi300_custom_step0_s_20260728_15,b86c579e90f34b0ca535bf3de16c004a,0.051,,,
1635,2026-07-28,SZ300014,0.037520620971918106,EXP_XGBModel_Alpha158_csi300_custom_step0_s_20260728_15,b86c579e90f34b0ca535bf3de16c004a,0.051,,,
1636,2026-07-28,SZ002938,-0.006026768125593662,EXP_XGBModel_Alpha158_csi300_custom_step0_s_20260728_15,b86c579e90f34b0ca535bf3de16c004a,0.051,,,
1637,2026-07-28,SZ002920,-0.011493737809360027,EXP_XGBModel_Alpha158_csi300_custom_step0_s_20260728_15,b86c579e90f34b0ca535bf3de16c004a,0.051,,,
1638,2026-07-28,SZ002916,0.0552874431014061,EXP_XGBModel_Alpha158_csi300_custom_step0_s_20260728_15,b86c579e90f34b0ca535bf3de16c004a,0.051,,,
1639,2026-07-28,SZ002837,0.10182508081197739,EXP_XGBModel_Alpha158_csi300_custom_step0_s_20260728_15,b86c579e90f34b0ca535bf3de16c004a,0.051,,,
1640,2026-07-28,SZ002736,0.042081065475940704,EXP_XGBModel_Alpha158_csi300_custom_step0_s_20260728_15,b86c579e90f34b0ca535bf3de16c004a,0.051,,,
1641,2026-07-28,SZ002714,-0.02189701609313488,EXP_XGBModel_Alpha158_csi300_custom_step0_s_20260728_15,b86c579e90f34b0ca535bf3de16c004a,0.051,,,
1642,2026-07-28,SZ002709,0.26881808042526245,EXP_XGBModel_Alpha158_csi300_custom_step0_s_20260728_15,b86c579e90f34b0ca535bf3de16c004a,0.051,,,
1643,2026-07-28,SZ002648,-0.03081321530044079,EXP_XGBModel_Alpha158_csi300_custom_step0_s_20260728_15,b86c579e90f34b0ca535bf3de16c004a,0.051,,,
1644,2026-07-28,SZ003816,0.01601644605398178,EXP_XGBModel_Alpha158_csi300_custom_step0_s_20260728_15,b86c579e90f34b0ca535bf3de16c004a,0.051,,,
1645,2026-07-28,SZ002179,0.07003949582576752,EXP_XGBModel_Alpha158_csi300_custom_step0_s_20260728_15,b86c579e90f34b0ca535bf3de16c004a,0.051,,,
1646,2026-07-28,SZ002142,0.028155600652098656,EXP_XGBModel_Alpha158_csi300_custom_step0_s_20260728_15,b86c579e90f34b0ca535bf3de16c004a,0.051,,,
1647,2026-07-28,SZ002074,-0.012140199542045593,EXP_XGBModel_Alpha158_csi300_custom_step0_s_20260728_15,b86c579e90f34b0ca535bf3de16c004a,0.051,,,
1648,2026-07-28,SZ000657,0.14222152531147003,EXP_XGBModel_Alpha158_csi300_custom_step0_s_20260728_15,b86c579e90f34b0ca535bf3de16c004a,0.051,,,
1649,2026-07-28,SZ000651,0.06609880179166794,EXP_XGBModel_Alpha158_csi300_custom_step0_s_20260728_15,b86c579e90f34b0ca535bf3de16c004a,0.051,,,
1650,2026-07-28,SZ000630,-0.016442537307739258,EXP_XGBModel_Alpha158_csi300_custom_step0_s_20260728_15,b86c579e90f34b0ca535bf3de16c004a,0.051,,,
1651,2026-07-28,SZ000625,-0.004161926917731762,EXP_XGBModel_Alpha158_csi300_custom_step0_s_20260728_15,b86c579e90f34b0ca535bf3de16c004a,0.051,,,
1652,2026-07-28,SZ000617,-0.007233987096697092,EXP_XGBModel_Alpha158_csi300_custom_step0_s_20260728_15,b86c579e90f34b0ca535bf3de16c004a,0.051,,,
1653,2026-07-28,SZ000596,-0.1710377037525177,EXP_XGBModel_Alpha158_csi300_custom_step0_s_20260728_15,b86c579e90f34b0ca535bf3de16c004a,0.051,,,
1654,2026-07-28,SZ000568,-0.036202218383550644,EXP_XGBModel_Alpha158_csi300_custom_step0_s_20260728_15,b86c579e90f34b0ca535bf3de16c004a,0.051,,,
1655,2026-07-28,SZ000538,0.004688171204179525,EXP_XGBModel_Alpha158_csi300_custom_step0_s_20260728_15,b86c579e90f34b0ca535bf3de16c004a,0.051,,,
1656,2026-07-28,SZ000708,-0.0705910325050354,EXP_XGBModel_Alpha158_csi300_custom_step0_s_20260728_15,b86c579e90f34b0ca535bf3de16c004a,0.051,,,
1657,2026-07-28,SZ000425,0.013043439015746117,EXP_XGBModel_Alpha158_csi300_custom_step0_s_20260728_15,b86c579e90f34b0ca535bf3de16c004a,0.051,,,
1658,2026-07-28,SZ000338,-0.030936768278479576,EXP_XGBModel_Alpha158_csi300_custom_step0_s_20260728_15,b86c579e90f34b0ca535bf3de16c004a,0.051,,,
1659,2026-07-28,SZ000333,0.03603522479534149,EXP_XGBModel_Alpha158_csi300_custom_step0_s_20260728_15,b86c579e90f34b0ca535bf3de16c004a,0.051,,,
1660,2026-07-28,SZ000301,-0.09729016572237015,EXP_XGBModel_Alpha158_csi300_custom_step0_s_20260728_15,b86c579e90f34b0ca535bf3de16c004a,0.051,,,
1661,2026-07-28,SZ000166,0.04228094220161438,EXP_XGBModel_Alpha158_csi300_custom_step0_s_20260728_15,b86c579e90f34b0ca535bf3de16c004a,0.051,,,
1662,2026-07-28,SZ000157,0.009816520847380161,EXP_XGBModel_Alpha158_csi300_custom_step0_s_20260728_15,b86c579e90f34b0ca535bf3de16c004a,0.051,,,
1663,2026-07-28,SZ000100,0.05436687543988228,EXP_XGBModel_Alpha158_csi300_custom_step0_s_20260728_15,b86c579e90f34b0ca535bf3de16c004a,0.051,,,
1664,2026-07-28,SZ000063,-0.012506531551480293,EXP_XGBModel_Alpha158_csi300_custom_step0_s_20260728_15,b86c579e90f34b0ca535bf3de16c004a,0.051,,,
1665,2026-07-28,SZ000002,0.004410167690366507,EXP_XGBModel_Alpha158_csi300_custom_step0_s_20260728_15,b86c579e90f34b0ca535bf3de16c004a,0.051,,,
1666,2026-07-28,SZ000408,-0.019788607954978943,EXP_XGBModel_Alpha158_csi300_custom_step0_s_20260728_15,b86c579e90f34b0ca535bf3de16c004a,0.051,,,
1667,2026-07-28,SZ000725,0.20831798017024994,EXP_XGBModel_Alpha158_csi300_custom_step0_s_20260728_15,b86c579e90f34b0ca535bf3de16c004a,0.051,,,
1668,2026-07-28,SZ000768,0.016275126487016678,EXP_XGBModel_Alpha158_csi300_custom_step0_s_20260728_15,b86c579e90f34b0ca535bf3de16c004a,0.051,,,
1669,2026-07-28,SZ000776,0.025384854525327682,EXP_XGBModel_Alpha158_csi300_custom_step0_s_20260728_15,b86c579e90f34b0ca535bf3de16c004a,0.051,,,
1670,2026-07-28,SZ002050,0.10057856142520905,EXP_XGBModel_Alpha158_csi300_custom_step0_s_20260728_15,b86c579e90f34b0ca535bf3de16c004a,0.051,,,
1671,2026-07-28,SZ002049,0.07600316405296326,EXP_XGBModel_Alpha158_csi300_custom_step0_s_20260728_15,b86c579e90f34b0ca535bf3de16c004a,0.051,,,
1672,2026-07-28,SZ002028,0.024440454319119453,EXP_XGBModel_Alpha158_csi300_custom_step0_s_20260728_15,b86c579e90f34b0ca535bf3de16c004a,0.051,,,
1673,2026-07-28,SZ002027,0.0007099421927705407,EXP_XGBModel_Alpha158_csi300_custom_step0_s_20260728_15,b86c579e90f34b0ca535bf3de16c004a,0.051,,,
1674,2026-07-28,SZ002001,-0.056100718677043915,EXP_XGBModel_Alpha158_csi300_custom_step0_s_20260728_15,b86c579e90f34b0ca535bf3de16c004a,0.051,,,
1675,2026-07-28,SZ001979,-0.024755628779530525,EXP_XGBModel_Alpha158_csi300_custom_step0_s_20260728_15,b86c579e90f34b0ca535bf3de16c004a,0.051,,,
1676,2026-07-28,SZ001965,-0.008684544824063778,EXP_XGBModel_Alpha158_csi300_custom_step0_s_20260728_15,b86c579e90f34b0ca535bf3de16c004a,0.051,,,
1677,2026-07-28,SZ001391,-0.005919435527175665,EXP_XGBModel_Alpha158_csi300_custom_step0_s_20260728_15,b86c579e90f34b0ca535bf3de16c004a,0.051,,,
1678,2026-07-28,SZ001280,0.021703675389289856,EXP_XGBModel_Alpha158_csi300_custom_step0_s_20260728_15,b86c579e90f34b0ca535bf3de16c004a,0.051,,,
1679,2026-07-28,SZ000999,-7.068563718348742e-05,EXP_XGBModel_Alpha158_csi300_custom_step0_s_20260728_15,b86c579e90f34b0ca535bf3de16c004a,0.051,,,
1680,2026-07-28,SZ000988,0.07457438111305237,EXP_XGBModel_Alpha158_csi300_custom_step0_s_20260728_15,b86c579e90f34b0ca535bf3de16c004a,0.051,,,
1681,2026-07-28,SZ000977,0.15817274153232574,EXP_XGBModel_Alpha158_csi300_custom_step0_s_20260728_15,b86c579e90f34b0ca535bf3de16c004a,0.051,,,
1682,2026-07-28,SZ000975,-0.021398957818746567,EXP_XGBModel_Alpha158_csi300_custom_step0_s_20260728_15,b86c579e90f34b0ca535bf3de16c004a,0.051,,,
1683,2026-07-28,SZ000963,-0.021907988935709,EXP_XGBModel_Alpha158_csi300_custom_step0_s_20260728_15,b86c579e90f34b0ca535bf3de16c004a,0.051,,,
1684,2026-07-28,SZ000938,-0.13144159317016602,EXP_XGBModel_Alpha158_csi300_custom_step0_s_20260728_15,b86c579e90f34b0ca535bf3de16c004a,0.051,,,
1685,2026-07-28,SZ000895,-0.03506573289632797,EXP_XGBModel_Alpha158_csi300_custom_step0_s_20260728_15,b86c579e90f34b0ca535bf3de16c004a,0.051,,,
1686,2026-07-28,SZ000858,-0.003405812429264188,EXP_XGBModel_Alpha158_csi300_custom_step0_s_20260728_15,b86c579e90f34b0ca535bf3de16c004a,0.051,,,
1687,2026-07-28,SZ000807,-0.08596593886613846,EXP_XGBModel_Alpha158_csi300_custom_step0_s_20260728_15,b86c579e90f34b0ca535bf3de16c004a,0.051,,,
1688,2026-07-28,SZ000792,0.03710353747010231,EXP_XGBModel_Alpha158_csi300_custom_step0_s_20260728_15,b86c579e90f34b0ca535bf3de16c004a,0.051,,,
1689,2026-07-28,SZ300316,0.15992745757102966,EXP_XGBModel_Alpha158_csi300_custom_step0_s_20260728_15,b86c579e90f34b0ca535bf3de16c004a,0.051,,,
1690,2026-07-28,SH600795,0.0019455186557024717,EXP_XGBModel_Alpha158_csi300_custom_step0_s_20260728_15,d52deaf9a5f84de18d12dd6506fd7850,0.064,,,
1691,2026-07-28,SZ300394,0.23712217807769775,EXP_XGBModel_Alpha158_csi300_custom_step0_s_20260728_15,b86c579e90f34b0ca535bf3de16c004a,0.051,,,
1692,2026-07-28,SZ300413,-0.0022134357132017612,EXP_XGBModel_Alpha158_csi300_custom_step0_s_20260728_15,b86c579e90f34b0ca535bf3de16c004a,0.051,,,
1693,2026-07-28,SH600372,0.02863326482474804,EXP_XGBModel_Alpha158_csi300_custom_step0_s_20260728_15,d52deaf9a5f84de18d12dd6506fd7850,0.064,,,
1694,2026-07-28,SH600362,-0.0020349326077848673,EXP_XGBModel_Alpha158_csi300_custom_step0_s_20260728_15,d52deaf9a5f84de18d12dd6506fd7850,0.064,,,
1695,2026-07-28,SH600346,-0.02427092008292675,EXP_XGBModel_Alpha158_csi300_custom_step0_s_20260728_15,d52deaf9a5f84de18d12dd6506fd7850,0.064,,,
1696,2026-07-28,SH600309,-0.1446782648563385,EXP_XGBModel_Alpha158_csi300_custom_step0_s_20260728_15,d52deaf9a5f84de18d12dd6506fd7850,0.064,,,
1697,2026-07-28,SH600276,-0.052937813103199005,EXP_XGBModel_Alpha158_csi300_custom_step0_s_20260728_15,d52deaf9a5f84de18d12dd6506fd7850,0.064,,,
1698,2026-07-28,SH600233,-0.09877193719148636,EXP_XGBModel_Alpha158_csi300_custom_step0_s_20260728_15,d52deaf9a5f84de18d12dd6506fd7850,0.064,,,
1699,2026-07-28,SH600221,0.007558951620012522,EXP_XGBModel_Alpha158_csi300_custom_step0_s_20260728_15,d52deaf9a5f84de18d12dd6506fd7850,0.064,,,
1700,2026-07-28,SH600219,-0.13220320641994476,EXP_XGBModel_Alpha158_csi300_custom_step0_s_20260728_15,d52deaf9a5f84de18d12dd6506fd7850,0.064,,,
1701,2026-07-28,SH600406,-1.9322498701512814e-05,EXP_XGBModel_Alpha158_csi300_custom_step0_s_20260728_15,d52deaf9a5f84de18d12dd6506fd7850,0.064,,,
1702,2026-07-28,SH600196,-0.022168438881635666,EXP_XGBModel_Alpha158_csi300_custom_step0_s_20260728_15,d52deaf9a5f84de18d12dd6506fd7850,0.064,,,
1703,2026-07-28,SH600183,0.3968254327774048,EXP_XGBModel_Alpha158_csi300_custom_step0_s_20260728_15,d52deaf9a5f84de18d12dd6506fd7850,0.064,,,
1704,2026-07-28,SH600176,0.09662088006734848,EXP_XGBModel_Alpha158_csi300_custom_step0_s_20260728_15,d52deaf9a5f84de18d12dd6506fd7850,0.064,,,
1705,2026-07-28,SH600160,0.24536234140396118,EXP_XGBModel_Alpha158_csi300_custom_step0_s_20260728_15,d52deaf9a5f84de18d12dd6506fd7850,0.064,,,
1706,2026-07-28,SH600150,-0.024750523269176483,EXP_XGBModel_Alpha158_csi300_custom_step0_s_20260728_15,d52deaf9a5f84de18d12dd6506fd7850,0.064,,,
1707,2026-07-28,SH600118,0.19482669234275818,EXP_XGBModel_Alpha158_csi300_custom_step0_s_20260728_15,d52deaf9a5f84de18d12dd6506fd7850,0.064,,,
1708,2026-07-28,SH600115,-0.010848386213183403,EXP_XGBModel_Alpha158_csi300_custom_step0_s_20260728_15,d52deaf9a5f84de18d12dd6506fd7850,0.064,,,
1709,2026-07-28,SH600111,0.13916261494159698,EXP_XGBModel_Alpha158_csi300_custom_step0_s_20260728_15,d52deaf9a5f84de18d12dd6506fd7850,0.064,,,
1710,2026-07-28,SH600104,-0.005648496560752392,EXP_XGBModel_Alpha158_csi300_custom_step0_s_20260728_15,d52deaf9a5f84de18d12dd6506fd7850,0.064,,,
1711,2026-07-28,SH600188,-0.09419731795787811,EXP_XGBModel_Alpha158_csi300_custom_step0_s_20260728_15,d52deaf9a5f84de18d12dd6506fd7850,0.064,,,
1712,2026-07-28,SH600089,-0.03395603597164154,EXP_XGBModel_Alpha158_csi300_custom_step0_s_20260728_15,d52deaf9a5f84de18d12dd6506fd7850,0.064,,,
1713,2026-07-28,SH600415,-0.07437708228826523,EXP_XGBModel_Alpha158_csi300_custom_step0_s_20260728_15,d52deaf9a5f84de18d12dd6506fd7850,0.064,,,
1714,2026-07-28,SH600436,0.018362967297434807,EXP_XGBModel_Alpha158_csi300_custom_step0_s_20260728_15,d52deaf9a5f84de18d12dd6506fd7850,0.064,,,
1715,2026-07-28,SH600741,-0.01966688595712185,EXP_XGBModel_Alpha158_csi300_custom_step0_s_20260728_15,d52deaf9a5f84de18d12dd6506fd7850,0.064,,,
1716,2026-07-28,SH600690,0.007342437282204628,EXP_XGBModel_Alpha158_csi300_custom_step0_s_20260728_15,d52deaf9a5f84de18d12dd6506fd7850,0.064,,,
1717,2026-07-28,SH600674,-0.0005945824086666107,EXP_XGBModel_Alpha158_csi300_custom_step0_s_20260728_15,d52deaf9a5f84de18d12dd6506fd7850,0.064,,,
1718,2026-07-28,SH600660,-0.012462321668863297,EXP_XGBModel_Alpha158_csi300_custom_step0_s_20260728_15,d52deaf9a5f84de18d12dd6506fd7850,0.064,,,
1719,2026-07-28,SH600600,-0.025307979434728622,EXP_XGBModel_Alpha158_csi300_custom_step0_s_20260728_15,d52deaf9a5f84de18d12dd6506fd7850,0.064,,,
1720,2026-07-28,SH600588,-0.042502377182245255,EXP_XGBModel_Alpha158_csi300_custom_step0_s_20260728_15,d52deaf9a5f84de18d12dd6506fd7850,0.064,,,
1721,2026-07-28,SH600585,-0.026061993092298508,EXP_XGBModel_Alpha158_csi300_custom_step0_s_20260728_15,d52deaf9a5f84de18d12dd6506fd7850,0.064,,,
1722,2026-07-28,SH600584,0.175057515501976,EXP_XGBModel_Alpha158_csi300_custom_step0_s_20260728_15,d52deaf9a5f84de18d12dd6506fd7850,0.064,,,
1723,2026-07-28,SH600426,-0.024852629750967026,EXP_XGBModel_Alpha158_csi300_custom_step0_s_20260728_15,d52deaf9a5f84de18d12dd6506fd7850,0.064,,,
1724,2026-07-28,SH600570,-0.02645067684352398,EXP_XGBModel_Alpha158_csi300_custom_step0_s_20260728_15,d52deaf9a5f84de18d12dd6506fd7850,0.064,,,
1725,2026-07-28,SH600547,-0.08466721326112747,EXP_XGBModel_Alpha158_csi300_custom_step0_s_20260728_15,d52deaf9a5f84de18d12dd6506fd7850,0.064,,,
1726,2026-07-28,SH600522,0.2876560091972351,EXP_XGBModel_Alpha158_csi300_custom_step0_s_20260728_15,d52deaf9a5f84de18d12dd6506fd7850,0.064,,,
1727,2026-07-28,SH600519,-0.05129453167319298,EXP_XGBModel_Alpha158_csi300_custom_step0_s_20260728_15,d52deaf9a5f84de18d12dd6506fd7850,0.064,,,
1728,2026-07-28,SH600515,0.011811957694590092,EXP_XGBModel_Alpha158_csi300_custom_step0_s_20260728_15,d52deaf9a5f84de18d12dd6506fd7850,0.064,,,
1729,2026-07-28,SH600489,-0.08404126018285751,EXP_XGBModel_Alpha158_csi300_custom_step0_s_20260728_15,d52deaf9a5f84de18d12dd6506fd7850,0.064,,,
1730,2026-07-28,SH600482,-0.17457036674022675,EXP_XGBModel_Alpha158_csi300_custom_step0_s_20260728_15,d52deaf9a5f84de18d12dd6506fd7850,0.064,,,
1731,2026-07-28,SH600460,0.31342750787734985,EXP_XGBModel_Alpha158_csi300_custom_step0_s_20260728_15,d52deaf9a5f84de18d12dd6506fd7850,0.064,,,
1732,2026-07-28,SH600438,-0.012807252816855907,EXP_XGBModel_Alpha158_csi300_custom_step0_s_20260728_15,d52deaf9a5f84de18d12dd6506fd7850,0.064,,,
1733,2026-07-28,SH600549,0.2944298982620239,EXP_XGBModel_Alpha158_csi300_custom_step0_s_20260728_15,d52deaf9a5f84de18d12dd6506fd7850,0.064,,,
1734,2026-07-28,SH600085,-0.03959614783525467,EXP_XGBModel_Alpha158_csi300_custom_step0_s_20260728_15,d52deaf9a5f84de18d12dd6506fd7850,0.064,,,
1735,2026-07-28,SH600066,-0.04720122739672661,EXP_XGBModel_Alpha158_csi300_custom_step0_s_20260728_15,d52deaf9a5f84de18d12dd6506fd7850,0.064,,,
1736,2026-07-28,SH600061,0.02797294408082962,EXP_XGBModel_Alpha158_csi300_custom_step0_s_20260728_15,d52deaf9a5f84de18d12dd6506fd7850,0.064,,,
1737,2026-07-28,SZ301236,-0.032811008393764496,EXP_XGBModel_Alpha158_csi300_custom_step0_s_20260728_15,b86c579e90f34b0ca535bf3de16c004a,0.051,,,
1738,2026-07-28,SZ301165,0.2116336077451706,EXP_XGBModel_Alpha158_csi300_custom_step0_s_20260728_15,b86c579e90f34b0ca535bf3de16c004a,0.051,,,
1739,2026-07-28,SZ300999,-0.014822099357843399,EXP_XGBModel_Alpha158_csi300_custom_step0_s_20260728_15,b86c579e90f34b0ca535bf3de16c004a,0.051,,,
1740,2026-07-28,SZ300896,-0.05740693584084511,EXP_XGBModel_Alpha158_csi300_custom_step0_s_20260728_15,b86c579e90f34b0ca535bf3de16c004a,0.051,,,
1741,2026-07-28,SZ300866,-0.017180807888507843,EXP_XGBModel_Alpha158_csi300_custom_step0_s_20260728_15,b86c579e90f34b0ca535bf3de16c004a,0.051,,,
1742,2026-07-28,SZ300832,0.009996600449085236,EXP_XGBModel_Alpha158_csi300_custom_step0_s_20260728_15,b86c579e90f34b0ca535bf3de16c004a,0.051,,,
1743,2026-07-28,SZ300803,0.049675531685352325,EXP_XGBModel_Alpha158_csi300_custom_step0_s_20260728_15,b86c579e90f34b0ca535bf3de16c004a,0.051,,,
1744,2026-07-28,SZ300760,-0.012328888289630413,EXP_XGBModel_Alpha158_csi300_custom_step0_s_20260728_15,b86c579e90f34b0ca535bf3de16c004a,0.051,,,
1745,2026-07-28,SZ301269,0.053133778274059296,EXP_XGBModel_Alpha158_csi300_custom_step0_s_20260728_15,b86c579e90f34b0ca535bf3de16c004a,0.051,,,
1746,2026-07-28,SZ300750,0.046350397169589996,EXP_XGBModel_Alpha158_csi300_custom_step0_s_20260728_15,b86c579e90f34b0ca535bf3de16c004a,0.051,,,
1747,2026-07-28,SZ300628,-0.03270824998617172,EXP_XGBModel_Alpha158_csi300_custom_step0_s_20260728_15,b86c579e90f34b0ca535bf3de16c004a,0.051,,,
1748,2026-07-28,SZ300502,0.053826190531253815,EXP_XGBModel_Alpha158_csi300_custom_step0_s_20260728_15,b86c579e90f34b0ca535bf3de16c004a,0.051,,,
1749,2026-07-28,SZ300498,-0.017198346555233,EXP_XGBModel_Alpha158_csi300_custom_step0_s_20260728_15,b86c579e90f34b0ca535bf3de16c004a,0.051,,,
1750,2026-07-28,SZ300476,0.137252539396286,EXP_XGBModel_Alpha158_csi300_custom_step0_s_20260728_15,b86c579e90f34b0ca535bf3de16c004a,0.051,,,
1751,2026-07-28,SZ300450,0.08515926450490952,EXP_XGBModel_Alpha158_csi300_custom_step0_s_20260728_15,b86c579e90f34b0ca535bf3de16c004a,0.051,,,
1752,2026-07-28,SZ300442,0.11115702241659164,EXP_XGBModel_Alpha158_csi300_custom_step0_s_20260728_15,b86c579e90f34b0ca535bf3de16c004a,0.051,,,
1753,2026-07-28,SZ300433,0.29399868845939636,EXP_XGBModel_Alpha158_csi300_custom_step0_s_20260728_15,b86c579e90f34b0ca535bf3de16c004a,0.051,,,
1754,2026-07-28,SZ300418,0.006358371581882238,EXP_XGBModel_Alpha158_csi300_custom_step0_s_20260728_15,b86c579e90f34b0ca535bf3de16c004a,0.051,,,
1755,2026-07-28,SZ300661,0.033479079604148865,EXP_XGBModel_Alpha158_csi300_custom_step0_s_20260728_15,b86c579e90f34b0ca535bf3de16c004a,0.051,,,
1756,2026-07-28,SZ301308,0.02808642014861107,EXP_XGBModel_Alpha158_csi300_custom_step0_s_20260728_15,b86c579e90f34b0ca535bf3de16c004a,0.051,,,
1757,2026-07-28,SZ302132,-0.0811428502202034,EXP_XGBModel_Alpha158_csi300_custom_step0_s_20260728_15,b86c579e90f34b0ca535bf3de16c004a,0.051,,,
1758,2026-07-28,SH600000,0.022441131994128227,EXP_XGBModel_Alpha158_csi300_custom_step0_s_20260728_15,d52deaf9a5f84de18d12dd6506fd7850,0.064,,,
1759,2026-07-28,SH600050,-0.05290357768535614,EXP_XGBModel_Alpha158_csi300_custom_step0_s_20260728_15,d52deaf9a5f84de18d12dd6506fd7850,0.064,,,
1760,2026-07-28,SH600048,-0.03071793168783188,EXP_XGBModel_Alpha158_csi300_custom_step0_s_20260728_15,d52deaf9a5f84de18d12dd6506fd7850,0.064,,,
1761,2026-07-28,SH600039,0.0012129165697842836,EXP_XGBModel_Alpha158_csi300_custom_step0_s_20260728_15,d52deaf9a5f84de18d12dd6506fd7850,0.064,,,
1762,2026-07-28,SH600036,0.03139828145503998,EXP_XGBModel_Alpha158_csi300_custom_step0_s_20260728_15,d52deaf9a5f84de18d12dd6506fd7850,0.064,,,
1763,2026-07-28,SH600031,-0.019789863377809525,EXP_XGBModel_Alpha158_csi300_custom_step0_s_20260728_15,d52deaf9a5f84de18d12dd6506fd7850,0.064,,,
1764,2026-07-28,SH600030,0.002073288895189762,EXP_XGBModel_Alpha158_csi300_custom_step0_s_20260728_15,d52deaf9a5f84de18d12dd6506fd7850,0.064,,,
1765,2026-07-28,SH600029,-0.0015158720780164003,EXP_XGBModel_Alpha158_csi300_custom_step0_s_20260728_15,d52deaf9a5f84de18d12dd6506fd7850,0.064,,,
1766,2026-07-28,SH600028,-0.0562574602663517,EXP_XGBModel_Alpha158_csi300_custom_step0_s_20260728_15,d52deaf9a5f84de18d12dd6506fd7850,0.064,,,
1767,2026-07-28,SH600027,-0.008046161383390427,EXP_XGBModel_Alpha158_csi300_custom_step0_s_20260728_15,d52deaf9a5f84de18d12dd6506fd7850,0.064,,,
1768,2026-07-28,SH600026,0.153058722615242,EXP_XGBModel_Alpha158_csi300_custom_step0_s_20260728_15,d52deaf9a5f84de18d12dd6506fd7850,0.064,,,
1769,2026-07-28,SH600025,0.006471293047070503,EXP_XGBModel_Alpha158_csi300_custom_step0_s_20260728_15,d52deaf9a5f84de18d12dd6506fd7850,0.064,,,
1770,2026-07-28,SH600023,-0.0022480390034615993,EXP_XGBModel_Alpha158_csi300_custom_step0_s_20260728_15,d52deaf9a5f84de18d12dd6506fd7850,0.064,,,
1771,2026-07-28,SH600019,0.008196485228836536,EXP_XGBModel_Alpha158_csi300_custom_step0_s_20260728_15,d52deaf9a5f84de18d12dd6506fd7850,0.064,,,
1772,2026-07-28,SH600018,0.027333209291100502,EXP_XGBModel_Alpha158_csi300_custom_step0_s_20260728_15,d52deaf9a5f84de18d12dd6506fd7850,0.064,,,
1773,2026-07-28,SH600016,0.016011998057365417,EXP_XGBModel_Alpha158_csi300_custom_step0_s_20260728_15,d52deaf9a5f84de18d12dd6506fd7850,0.064,,,
1774,2026-07-28,SH600015,0.040016379207372665,EXP_XGBModel_Alpha158_csi300_custom_step0_s_20260728_15,d52deaf9a5f84de18d12dd6506fd7850,0.064,,,
1775,2026-07-28,SH600011,-0.03099295310676098,EXP_XGBModel_Alpha158_csi300_custom_step0_s_20260728_15,d52deaf9a5f84de18d12dd6506fd7850,0.064,,,
1776,2026-07-28,SH600010,0.000653199153020978,EXP_XGBModel_Alpha158_csi300_custom_step0_s_20260728_15,d52deaf9a5f84de18d12dd6506fd7850,0.064,,,
1777,2026-07-28,SH600009,-0.00038193759974092245,EXP_XGBModel_Alpha158_csi300_custom_step0_s_20260728_15,d52deaf9a5f84de18d12dd6506fd7850,0.064,,,
1778,2026-07-28,SZ300408,0.13021564483642578,EXP_XGBModel_Alpha158_csi300_custom_step0_s_20260728_15,b86c579e90f34b0ca535bf3de16c004a,0.051,,,
1779,2026-07-28,SZ000001,0.041523925960063934,EXP_XGBModel_Alpha158_csi300_custom_step0_s_20260728_15,b86c579e90f34b0ca535bf3de16c004a,0.051,,,
1780,2026-07-28,SZ002384,0.1376294493675232,EXP_XGBModel_Alpha158_csi300_custom_step0_s_20260728_15,d52deaf9a5f84de18d12dd6506fd7850,0.064,,,
1781,2026-07-28,SZ002422,0.05263093113899231,EXP_XGBModel_Alpha158_csi300_custom_step0_s_20260728_15,d52deaf9a5f84de18d12dd6506fd7850,0.064,,,
1782,2026-07-28,SH688506,0.18540069460868835,EXP_XGBModel_Alpha158_csi300_custom_step0_s_20260728_15,0d596994c1d14b90ab845ce72a659c43,0.062,,,
1783,2026-07-28,SH688472,-0.018833158537745476,EXP_XGBModel_Alpha158_csi300_custom_step0_s_20260728_15,0d596994c1d14b90ab845ce72a659c43,0.062,,,
1784,2026-07-28,SH688396,-0.006139738485217094,EXP_XGBModel_Alpha158_csi300_custom_step0_s_20260728_15,0d596994c1d14b90ab845ce72a659c43,0.062,,,
1785,2026-07-28,SH688303,-0.05214131623506546,EXP_XGBModel_Alpha158_csi300_custom_step0_s_20260728_15,0d596994c1d14b90ab845ce72a659c43,0.062,,,
1786,2026-07-28,SH688271,-0.03545781970024109,EXP_XGBModel_Alpha158_csi300_custom_step0_s_20260728_15,0d596994c1d14b90ab845ce72a659c43,0.062,,,
1787,2026-07-28,SH688256,-0.013701344840228558,EXP_XGBModel_Alpha158_csi300_custom_step0_s_20260728_15,0d596994c1d14b90ab845ce72a659c43,0.062,,,
1788,2026-07-28,SH688223,0.15258567035198212,EXP_XGBModel_Alpha158_csi300_custom_step0_s_20260728_15,0d596994c1d14b90ab845ce72a659c43,0.062,,,
1789,2026-07-28,SH688183,0.0902680829167366,EXP_XGBModel_Alpha158_csi300_custom_step0_s_20260728_15,0d596994c1d14b90ab845ce72a659c43,0.062,,,
1790,2026-07-28,SH688521,0.17925135791301727,EXP_XGBModel_Alpha158_csi300_custom_step0_s_20260728_15,0d596994c1d14b90ab845ce72a659c43,0.062,,,
1791,2026-07-28,SH688126,0.2624349296092987,EXP_XGBModel_Alpha158_csi300_custom_step0_s_20260728_15,0d596994c1d14b90ab845ce72a659c43,0.062,,,
1792,2026-07-28,SH688082,0.4508495330810547,EXP_XGBModel_Alpha158_csi300_custom_step0_s_20260728_15,0d596994c1d14b90ab845ce72a659c43,0.062,,,
1793,2026-07-28,SH688072,-0.09042122960090637,EXP_XGBModel_Alpha158_csi300_custom_step0_s_20260728_15,0d596994c1d14b90ab845ce72a659c43,0.062,,,
1794,2026-07-28,SH688047,0.16940590739250183,EXP_XGBModel_Alpha158_csi300_custom_step0_s_20260728_15,0d596994c1d14b90ab845ce72a659c43,0.062,,,
1795,2026-07-28,SH688041,0.00624077906832099,EXP_XGBModel_Alpha158_csi300_custom_step0_s_20260728_15,0d596994c1d14b90ab845ce72a659c43,0.062,,,
1796,2026-07-28,SH688036,-0.06465242803096771,EXP_XGBModel_Alpha158_csi300_custom_step0_s_20260728_15,0d596994c1d14b90ab845ce72a659c43,0.062,,,
1797,2026-07-28,SH688012,0.015695175155997276,EXP_XGBModel_Alpha158_csi300_custom_step0_s_20260728_15,0d596994c1d14b90ab845ce72a659c43,0.062,,,
1798,2026-07-28,SH688009,0.016130520030856133,EXP_XGBModel_Alpha158_csi300_custom_step0_s_20260728_15,0d596994c1d14b90ab845ce72a659c43,0.062,,,
1799,2026-07-28,SH688008,0.0834852084517479,EXP_XGBModel_Alpha158_csi300_custom_step0_s_20260728_15,0d596994c1d14b90ab845ce72a659c43,0.062,,,
1800,2026-07-28,SH688111,-0.03447132557630539,EXP_XGBModel_Alpha158_csi300_custom_step0_s_20260728_15,0d596994c1d14b90ab845ce72a659c43,0.062,,,
1801,2026-07-28,SH605499,-0.08411014080047607,EXP_XGBModel_Alpha158_csi300_custom_step0_s_20260728_15,0d596994c1d14b90ab845ce72a659c43,0.062,,,
1802,2026-07-28,SH688981,0.06827828288078308,EXP_XGBModel_Alpha158_csi300_custom_step0_s_20260728_15,0d596994c1d14b90ab845ce72a659c43,0.062,,,
1803,2026-07-28,SZ000002,-0.05681983008980751,EXP_XGBModel_Alpha158_csi300_custom_step0_s_20260728_15,0d596994c1d14b90ab845ce72a659c43,0.062,,,
1804,2026-07-28,SZ000708,-0.04372236505150795,EXP_XGBModel_Alpha158_csi300_custom_step0_s_20260728_15,0d596994c1d14b90ab845ce72a659c43,0.062,,,
1805,2026-07-28,SZ000657,0.18346941471099854,EXP_XGBModel_Alpha158_csi300_custom_step0_s_20260728_15,0d596994c1d14b90ab845ce72a659c43,0.062,,,
1806,2026-07-28,SZ000651,0.03530733659863472,EXP_XGBModel_Alpha158_csi300_custom_step0_s_20260728_15,0d596994c1d14b90ab845ce72a659c43,0.062,,,
1807,2026-07-28,SZ000630,0.07923951745033264,EXP_XGBModel_Alpha158_csi300_custom_step0_s_20260728_15,0d596994c1d14b90ab845ce72a659c43,0.062,,,
1808,2026-07-28,SZ000625,-0.06234722584486008,EXP_XGBModel_Alpha158_csi300_custom_step0_s_20260728_15,0d596994c1d14b90ab845ce72a659c43,0.062,,,
1809,2026-07-28,SZ000617,-0.07017790526151657,EXP_XGBModel_Alpha158_csi300_custom_step0_s_20260728_15,0d596994c1d14b90ab845ce72a659c43,0.062,,,
1810,2026-07-28,SZ000596,-0.11976782232522964,EXP_XGBModel_Alpha158_csi300_custom_step0_s_20260728_15,0d596994c1d14b90ab845ce72a659c43,0.062,,,
1811,2026-07-28,SZ000568,-0.08209162205457687,EXP_XGBModel_Alpha158_csi300_custom_step0_s_20260728_15,0d596994c1d14b90ab845ce72a659c43,0.062,,,
1812,2026-07-28,SZ000001,0.053498972207307816,EXP_XGBModel_Alpha158_csi300_custom_step0_s_20260728_15,0d596994c1d14b90ab845ce72a659c43,0.062,,,
1813,2026-07-28,SZ000538,0.011897158809006214,EXP_XGBModel_Alpha158_csi300_custom_step0_s_20260728_15,0d596994c1d14b90ab845ce72a659c43,0.062,,,
1814,2026-07-28,SZ000408,-0.008774622343480587,EXP_XGBModel_Alpha158_csi300_custom_step0_s_20260728_15,0d596994c1d14b90ab845ce72a659c43,0.062,,,
1815,2026-07-28,SZ000338,0.014948668889701366,EXP_XGBModel_Alpha158_csi300_custom_step0_s_20260728_15,0d596994c1d14b90ab845ce72a659c43,0.062,,,
1816,2026-07-28,SZ000333,0.037857942283153534,EXP_XGBModel_Alpha158_csi300_custom_step0_s_20260728_15,0d596994c1d14b90ab845ce72a659c43,0.062,,,
1817,2026-07-28,SZ000301,-0.09925144910812378,EXP_XGBModel_Alpha158_csi300_custom_step0_s_20260728_15,0d596994c1d14b90ab845ce72a659c43,0.062,,,
1818,2026-07-28,SZ000166,0.03163555637001991,EXP_XGBModel_Alpha158_csi300_custom_step0_s_20260728_15,0d596994c1d14b90ab845ce72a659c43,0.062,,,
1819,2026-07-28,SZ000157,-0.0211636945605278,EXP_XGBModel_Alpha158_csi300_custom_step0_s_20260728_15,0d596994c1d14b90ab845ce72a659c43,0.062,,,
1820,2026-07-28,SZ000100,0.02790183015167713,EXP_XGBModel_Alpha158_csi300_custom_step0_s_20260728_15,0d596994c1d14b90ab845ce72a659c43,0.062,,,
1821,2026-07-28,SZ000063,0.002553077880293131,EXP_XGBModel_Alpha158_csi300_custom_step0_s_20260728_15,0d596994c1d14b90ab845ce72a659c43,0.062,,,
1822,2026-07-28,SZ000425,-0.009930281899869442,EXP_XGBModel_Alpha158_csi300_custom_step0_s_20260728_15,0d596994c1d14b90ab845ce72a659c43,0.062,,,
1823,2026-07-28,SH605117,-0.05199963599443436,EXP_XGBModel_Alpha158_csi300_custom_step0_s_20260728_15,0d596994c1d14b90ab845ce72a659c43,0.062,,,
1824,2026-07-28,SH603993,-0.05898634344339371,EXP_XGBModel_Alpha158_csi300_custom_step0_s_20260728_15,0d596994c1d14b90ab845ce72a659c43,0.062,,,
1825,2026-07-28,SH603986,-0.07555630803108215,EXP_XGBModel_Alpha158_csi300_custom_step0_s_20260728_15,0d596994c1d14b90ab845ce72a659c43,0.062,,,
1826,2026-07-28,SH601877,-0.049455415457487106,EXP_XGBModel_Alpha158_csi300_custom_step0_s_20260728_15,0d596994c1d14b90ab845ce72a659c43,0.062,,,
1827,2026-07-28,SH601872,-0.03359021618962288,EXP_XGBModel_Alpha158_csi300_custom_step0_s_20260728_15,0d596994c1d14b90ab845ce72a659c43,0.062,,,
1828,2026-07-28,SH601868,-0.020978141576051712,EXP_XGBModel_Alpha158_csi300_custom_step0_s_20260728_15,0d596994c1d14b90ab845ce72a659c43,0.062,,,
1829,2026-07-28,SH601857,-0.02721164934337139,EXP_XGBModel_Alpha158_csi300_custom_step0_s_20260728_15,0d596994c1d14b90ab845ce72a659c43,0.062,,,
1830,2026-07-28,SH601838,0.02265859581530094,EXP_XGBModel_Alpha158_csi300_custom_step0_s_20260728_15,0d596994c1d14b90ab845ce72a659c43,0.062,,,
1831,2026-07-28,SH601825,0.018008926883339882,EXP_XGBModel_Alpha158_csi300_custom_step0_s_20260728_15,0d596994c1d14b90ab845ce72a659c43,0.062,,,
1832,2026-07-28,SH601818,0.038258228451013565,EXP_XGBModel_Alpha158_csi300_custom_step0_s_20260728_15,0d596994c1d14b90ab845ce72a659c43,0.062,,,
1833,2026-07-28,SH601816,-0.029926635324954987,EXP_XGBModel_Alpha158_csi300_custom_step0_s_20260728_15,0d596994c1d14b90ab845ce72a659c43,0.062,,,
1834,2026-07-28,SH601878,0.01853388547897339,EXP_XGBModel_Alpha158_csi300_custom_step0_s_20260728_15,0d596994c1d14b90ab845ce72a659c43,0.062,,,
1835,2026-07-28,SH601800,0.005294218193739653,EXP_XGBModel_Alpha158_csi300_custom_step0_s_20260728_15,0d596994c1d14b90ab845ce72a659c43,0.062,,,
1836,2026-07-28,SH601766,-0.06484148651361465,EXP_XGBModel_Alpha158_csi300_custom_step0_s_20260728_15,0d596994c1d14b90ab845ce72a659c43,0.062,,,
1837,2026-07-28,SH601728,0.052321065217256546,EXP_XGBModel_Alpha158_csi300_custom_step0_s_20260728_15,0d596994c1d14b90ab845ce72a659c43,0.062,,,
1838,2026-07-28,SH601727,-0.07574258744716644,EXP_XGBModel_Alpha158_csi300_custom_step0_s_20260728_15,0d596994c1d14b90ab845ce72a659c43,0.062,,,
1839,2026-07-28,SH601698,0.08436530083417892,EXP_XGBModel_Alpha158_csi300_custom_step0_s_20260728_15,0d596994c1d14b90ab845ce72a659c43,0.062,,,
1840,2026-07-28,SH601689,0.0630391463637352,EXP_XGBModel_Alpha158_csi300_custom_step0_s_20260728_15,0d596994c1d14b90ab845ce72a659c43,0.062,,,
1841,2026-07-28,SH601688,-0.004639162216335535,EXP_XGBModel_Alpha158_csi300_custom_step0_s_20260728_15,0d596994c1d14b90ab845ce72a659c43,0.062,,,
1842,2026-07-28,SH601669,-0.000617140089161694,EXP_XGBModel_Alpha158_csi300_custom_step0_s_20260728_15,0d596994c1d14b90ab845ce72a659c43,0.062,,,
1843,2026-07-28,SH601668,-0.055752821266651154,EXP_XGBModel_Alpha158_csi300_custom_step0_s_20260728_15,0d596994c1d14b90ab845ce72a659c43,0.062,,,
1844,2026-07-28,SH601788,0.0313674658536911,EXP_XGBModel_Alpha158_csi300_custom_step0_s_20260728_15,0d596994c1d14b90ab845ce72a659c43,0.062,,,
1845,2026-07-28,SH601881,0.014031215570867062,EXP_XGBModel_Alpha158_csi300_custom_step0_s_20260728_15,0d596994c1d14b90ab845ce72a659c43,0.062,,,
1846,2026-07-28,SH601888,-0.03062376379966736,EXP_XGBModel_Alpha158_csi300_custom_step0_s_20260728_15,0d596994c1d14b90ab845ce72a659c43,0.062,,,
1847,2026-07-28,SH601898,-0.10240330547094345,EXP_XGBModel_Alpha158_csi300_custom_step0_s_20260728_15,0d596994c1d14b90ab845ce72a659c43,0.062,,,
1848,2026-07-28,SH603893,-0.06864672899246216,EXP_XGBModel_Alpha158_csi300_custom_step0_s_20260728_15,0d596994c1d14b90ab845ce72a659c43,0.062,,,
1849,2026-07-28,SH603799,0.37039104104042053,EXP_XGBModel_Alpha158_csi300_custom_step0_s_20260728_15,0d596994c1d14b90ab845ce72a659c43,0.062,,,
1850,2026-07-28,SH603501,0.039730049669742584,EXP_XGBModel_Alpha158_csi300_custom_step0_s_20260728_15,0d596994c1d14b90ab845ce72a659c43,0.062,,,
1851,2026-07-28,SH603392,0.008829833939671516,EXP_XGBModel_Alpha158_csi300_custom_step0_s_20260728_15,0d596994c1d14b90ab845ce72a659c43,0.062,,,
1852,2026-07-28,SH603369,-0.03983651101589203,EXP_XGBModel_Alpha158_csi300_custom_step0_s_20260728_15,0d596994c1d14b90ab845ce72a659c43,0.062,,,
1853,2026-07-28,SH603296,-0.002183270175009966,EXP_XGBModel_Alpha158_csi300_custom_step0_s_20260728_15,0d596994c1d14b90ab845ce72a659c43,0.062,,,
1854,2026-07-28,SH603288,-0.006849801633507013,EXP_XGBModel_Alpha158_csi300_custom_step0_s_20260728_15,0d596994c1d14b90ab845ce72a659c43,0.062,,,
1855,2026-07-28,SH603260,0.08876332640647888,EXP_XGBModel_Alpha158_csi300_custom_step0_s_20260728_15,0d596994c1d14b90ab845ce72a659c43,0.062,,,
1856,2026-07-28,SH603259,-0.008761433884501457,EXP_XGBModel_Alpha158_csi300_custom_step0_s_20260728_15,0d596994c1d14b90ab845ce72a659c43,0.062,,,
1857,2026-07-28,SH603019,0.0019314647652208805,EXP_XGBModel_Alpha158_csi300_custom_step0_s_20260728_15,0d596994c1d14b90ab845ce72a659c43,0.062,,,
1858,2026-07-28,SH601998,0.014347990974783897,EXP_XGBModel_Alpha158_csi300_custom_step0_s_20260728_15,0d596994c1d14b90ab845ce72a659c43,0.062,,,
1859,2026-07-28,SH601995,0.0042238859459757805,EXP_XGBModel_Alpha158_csi300_custom_step0_s_20260728_15,0d596994c1d14b90ab845ce72a659c43,0.062,,,
1860,2026-07-28,SH601988,0.023614641278982162,EXP_XGBModel_Alpha158_csi300_custom_step0_s_20260728_15,0d596994c1d14b90ab845ce72a659c43,0.062,,,
1861,2026-07-28,SH601985,0.030641736462712288,EXP_XGBModel_Alpha158_csi300_custom_step0_s_20260728_15,0d596994c1d14b90ab845ce72a659c43,0.062,,,
1862,2026-07-28,SH601939,-0.007211037911474705,EXP_XGBModel_Alpha158_csi300_custom_step0_s_20260728_15,0d596994c1d14b90ab845ce72a659c43,0.062,,,
1863,2026-07-28,SH601919,0.0684802234172821,EXP_XGBModel_Alpha158_csi300_custom_step0_s_20260728_15,0d596994c1d14b90ab845ce72a659c43,0.062,,,
1864,2026-07-28,SH601916,0.027954433113336563,EXP_XGBModel_Alpha158_csi300_custom_step0_s_20260728_15,0d596994c1d14b90ab845ce72a659c43,0.062,,,
1865,2026-07-28,SH601901,0.01755174808204174,EXP_XGBModel_Alpha158_csi300_custom_step0_s_20260728_15,0d596994c1d14b90ab845ce72a659c43,0.062,,,
1866,2026-07-28,SH601899,-0.050174929201602936,EXP_XGBModel_Alpha158_csi300_custom_step0_s_20260728_15,0d596994c1d14b90ab845ce72a659c43,0.062,,,
1867,2026-07-28,SZ000725,0.2530018985271454,EXP_XGBModel_Alpha158_csi300_custom_step0_s_20260728_15,0d596994c1d14b90ab845ce72a659c43,0.062,,,
1868,2026-07-28,SH601658,0.06646131724119186,EXP_XGBModel_Alpha158_csi300_custom_step0_s_20260728_15,0d596994c1d14b90ab845ce72a659c43,0.062,,,
1869,2026-07-28,SZ000768,-0.008601130917668343,EXP_XGBModel_Alpha158_csi300_custom_step0_s_20260728_15,0d596994c1d14b90ab845ce72a659c43,0.062,,,
1870,2026-07-28,SZ000792,0.010260842740535736,EXP_XGBModel_Alpha158_csi300_custom_step0_s_20260728_15,0d596994c1d14b90ab845ce72a659c43,0.062,,,
1871,2026-07-28,SZ300316,0.15595850348472595,EXP_XGBModel_Alpha158_csi300_custom_step0_s_20260728_15,0d596994c1d14b90ab845ce72a659c43,0.062,,,
1872,2026-07-28,SZ300308,0.13844755291938782,EXP_XGBModel_Alpha158_csi300_custom_step0_s_20260728_15,0d596994c1d14b90ab845ce72a659c43,0.062,,,
1873,2026-07-28,SZ300274,0.4308970272541046,EXP_XGBModel_Alpha158_csi300_custom_step0_s_20260728_15,0d596994c1d14b90ab845ce72a659c43,0.062,,,
1874,2026-07-28,SZ300251,-0.03253757953643799,EXP_XGBModel_Alpha158_csi300_custom_step0_s_20260728_15,0d596994c1d14b90ab845ce72a659c43,0.062,,,
1875,2026-07-28,SZ300124,-0.047794073820114136,EXP_XGBModel_Alpha158_csi300_custom_step0_s_20260728_15,0d596994c1d14b90ab845ce72a659c43,0.062,,,
1876,2026-07-28,SZ300122,-0.03948778286576271,EXP_XGBModel_Alpha158_csi300_custom_step0_s_20260728_15,0d596994c1d14b90ab845ce72a659c43,0.062,,,
1877,2026-07-28,SZ300059,0.00758155295625329,EXP_XGBModel_Alpha158_csi300_custom_step0_s_20260728_15,0d596994c1d14b90ab845ce72a659c43,0.062,,,
1878,2026-07-28,SZ300033,-0.022604571655392647,EXP_XGBModel_Alpha158_csi300_custom_step0_s_20260728_15,0d596994c1d14b90ab845ce72a659c43,0.062,,,
1879,2026-07-28,SZ300394,0.20488619804382324,EXP_XGBModel_Alpha158_csi300_custom_step0_s_20260728_15,0d596994c1d14b90ab845ce72a659c43,0.062,,,
1880,2026-07-28,SZ300015,-0.06148471310734749,EXP_XGBModel_Alpha158_csi300_custom_step0_s_20260728_15,0d596994c1d14b90ab845ce72a659c43,0.062,,,
1881,2026-07-28,SZ003816,-0.006863667629659176,EXP_XGBModel_Alpha158_csi300_custom_step0_s_20260728_15,0d596994c1d14b90ab845ce72a659c43,0.062,,,
1882,2026-07-28,SZ002938,-0.03911864757537842,EXP_XGBModel_Alpha158_csi300_custom_step0_s_20260728_15,0d596994c1d14b90ab845ce72a659c43,0.062,,,
1883,2026-07-28,SZ002920,-0.04166758060455322,EXP_XGBModel_Alpha158_csi300_custom_step0_s_20260728_15,0d596994c1d14b90ab845ce72a659c43,0.062,,,
1884,2026-07-28,SZ002916,-0.163137748837471,EXP_XGBModel_Alpha158_csi300_custom_step0_s_20260728_15,0d596994c1d14b90ab845ce72a659c43,0.062,,,
1885,2026-07-28,SZ002837,0.028669122606515884,EXP_XGBModel_Alpha158_csi300_custom_step0_s_20260728_15,0d596994c1d14b90ab845ce72a659c43,0.062,,,
1886,2026-07-28,SZ002736,0.03260091319680214,EXP_XGBModel_Alpha158_csi300_custom_step0_s_20260728_15,0d596994c1d14b90ab845ce72a659c43,0.062,,,
1887,2026-07-28,SZ002714,-0.03468266502022743,EXP_XGBModel_Alpha158_csi300_custom_step0_s_20260728_15,0d596994c1d14b90ab845ce72a659c43,0.062,,,
1888,2026-07-28,SZ002709,0.743236243724823,EXP_XGBModel_Alpha158_csi300_custom_step0_s_20260728_15,0d596994c1d14b90ab845ce72a659c43,0.062,,,
1889,2026-07-28,SZ300014,0.10945679992437363,EXP_XGBModel_Alpha158_csi300_custom_step0_s_20260728_15,0d596994c1d14b90ab845ce72a659c43,0.062,,,
1890,2026-07-28,SZ002648,-0.05051277577877045,EXP_XGBModel_Alpha158_csi300_custom_step0_s_20260728_15,0d596994c1d14b90ab845ce72a659c43,0.062,,,
1891,2026-07-28,SZ300408,0.04813588038086891,EXP_XGBModel_Alpha158_csi300_custom_step0_s_20260728_15,0d596994c1d14b90ab845ce72a659c43,0.062,,,
1892,2026-07-28,SZ300418,-0.060913823544979095,EXP_XGBModel_Alpha158_csi300_custom_step0_s_20260728_15,0d596994c1d14b90ab845ce72a659c43,0.062,,,
1893,2026-07-28,SZ301269,0.06578903645277023,EXP_XGBModel_Alpha158_csi300_custom_step0_s_20260728_15,0d596994c1d14b90ab845ce72a659c43,0.062,,,
1894,2026-07-28,SZ301236,0.008297496475279331,EXP_XGBModel_Alpha158_csi300_custom_step0_s_20260728_15,0d596994c1d14b90ab845ce72a659c43,0.062,,,
1895,2026-07-28,SZ301165,0.4993634521961212,EXP_XGBModel_Alpha158_csi300_custom_step0_s_20260728_15,0d596994c1d14b90ab845ce72a659c43,0.062,,,
1896,2026-07-28,SZ300999,-0.02144380286335945,EXP_XGBModel_Alpha158_csi300_custom_step0_s_20260728_15,0d596994c1d14b90ab845ce72a659c43,0.062,,,
1897,2026-07-28,SZ300896,-0.09211115539073944,EXP_XGBModel_Alpha158_csi300_custom_step0_s_20260728_15,0d596994c1d14b90ab845ce72a659c43,0.062,,,
1898,2026-07-28,SZ300866,-0.024267591536045074,EXP_XGBModel_Alpha158_csi300_custom_step0_s_20260728_15,0d596994c1d14b90ab845ce72a659c43,0.062,,,
1899,2026-07-28,SZ300832,-0.03130849450826645,EXP_XGBModel_Alpha158_csi300_custom_step0_s_20260728_15,0d596994c1d14b90ab845ce72a659c43,0.062,,,
1900,2026-07-28,SZ300803,0.025991585105657578,EXP_XGBModel_Alpha158_csi300_custom_step0_s_20260728_15,0d596994c1d14b90ab845ce72a659c43,0.062,,,
1901,2026-07-28,SZ300413,-0.03534899652004242,EXP_XGBModel_Alpha158_csi300_custom_step0_s_20260728_15,0d596994c1d14b90ab845ce72a659c43,0.062,,,
1902,2026-07-28,SZ300760,-0.012556874193251133,EXP_XGBModel_Alpha158_csi300_custom_step0_s_20260728_15,0d596994c1d14b90ab845ce72a659c43,0.062,,,
1903,2026-07-28,SZ300661,0.09726183861494064,EXP_XGBModel_Alpha158_csi300_custom_step0_s_20260728_15,0d596994c1d14b90ab845ce72a659c43,0.062,,,
1904,2026-07-28,SZ300628,-0.020516514778137207,EXP_XGBModel_Alpha158_csi300_custom_step0_s_20260728_15,0d596994c1d14b90ab845ce72a659c43,0.062,,,
1905,2026-07-28,SZ300502,0.0075971819460392,EXP_XGBModel_Alpha158_csi300_custom_step0_s_20260728_15,0d596994c1d14b90ab845ce72a659c43,0.062,,,
1906,2026-07-28,SZ300498,-0.018956514075398445,EXP_XGBModel_Alpha158_csi300_custom_step0_s_20260728_15,0d596994c1d14b90ab845ce72a659c43,0.062,,,
1907,2026-07-28,SZ300476,0.08158953487873077,EXP_XGBModel_Alpha158_csi300_custom_step0_s_20260728_15,0d596994c1d14b90ab845ce72a659c43,0.062,,,
1908,2026-07-28,SZ300450,0.12118995189666748,EXP_XGBModel_Alpha158_csi300_custom_step0_s_20260728_15,0d596994c1d14b90ab845ce72a659c43,0.062,,,
1909,2026-07-28,SZ300442,0.06554317474365234,EXP_XGBModel_Alpha158_csi300_custom_step0_s_20260728_15,0d596994c1d14b90ab845ce72a659c43,0.062,,,
1910,2026-07-28,SZ300433,0.0518493615090847,EXP_XGBModel_Alpha158_csi300_custom_step0_s_20260728_15,0d596994c1d14b90ab845ce72a659c43,0.062,,,
1911,2026-07-28,SZ300750,0.017794284969568253,EXP_XGBModel_Alpha158_csi300_custom_step0_s_20260728_15,0d596994c1d14b90ab845ce72a659c43,0.062,,,
1912,2026-07-28,SZ002625,0.07439631968736649,EXP_XGBModel_Alpha158_csi300_custom_step0_s_20260728_15,0d596994c1d14b90ab845ce72a659c43,0.062,,,
1913,2026-07-28,SZ002602,-0.04533558711409569,EXP_XGBModel_Alpha158_csi300_custom_step0_s_20260728_15,0d596994c1d14b90ab845ce72a659c43,0.062,,,
1914,2026-07-28,SZ002600,0.07951128482818604,EXP_XGBModel_Alpha158_csi300_custom_step0_s_20260728_15,0d596994c1d14b90ab845ce72a659c43,0.062,,,
1915,2026-07-28,SZ002050,0.09810248762369156,EXP_XGBModel_Alpha158_csi300_custom_step0_s_20260728_15,0d596994c1d14b90ab845ce72a659c43,0.062,,,
1916,2026-07-28,SZ002049,0.07593467086553574,EXP_XGBModel_Alpha158_csi300_custom_step0_s_20260728_15,0d596994c1d14b90ab845ce72a659c43,0.062,,,
1917,2026-07-28,SZ002028,-0.008342827670276165,EXP_XGBModel_Alpha158_csi300_custom_step0_s_20260728_15,0d596994c1d14b90ab845ce72a659c43,0.062,,,
1918,2026-07-28,SZ002027,-0.04506688565015793,EXP_XGBModel_Alpha158_csi300_custom_step0_s_20260728_15,0d596994c1d14b90ab845ce72a659c43,0.062,,,
1919,2026-07-28,SZ002001,-0.0761415883898735,EXP_XGBModel_Alpha158_csi300_custom_step0_s_20260728_15,0d596994c1d14b90ab845ce72a659c43,0.062,,,
1920,2026-07-28,SZ001979,-0.06275449693202972,EXP_XGBModel_Alpha158_csi300_custom_step0_s_20260728_15,0d596994c1d14b90ab845ce72a659c43,0.062,,,
1921,2026-07-28,SZ001965,-0.05547739565372467,EXP_XGBModel_Alpha158_csi300_custom_step0_s_20260728_15,0d596994c1d14b90ab845ce72a659c43,0.062,,,
1922,2026-07-28,SZ001391,-0.01692250743508339,EXP_XGBModel_Alpha158_csi300_custom_step0_s_20260728_15,0d596994c1d14b90ab845ce72a659c43,0.062,,,
1923,2026-07-28,SZ002074,-0.01881765015423298,EXP_XGBModel_Alpha158_csi300_custom_step0_s_20260728_15,0d596994c1d14b90ab845ce72a659c43,0.062,,,
1924,2026-07-28,SZ001280,0.026140684261918068,EXP_XGBModel_Alpha158_csi300_custom_step0_s_20260728_15,0d596994c1d14b90ab845ce72a659c43,0.062,,,
1925,2026-07-28,SZ000988,0.12927933037281036,EXP_XGBModel_Alpha158_csi300_custom_step0_s_20260728_15,0d596994c1d14b90ab845ce72a659c43,0.062,,,
1926,2026-07-28,SZ000977,0.2952541410923004,EXP_XGBModel_Alpha158_csi300_custom_step0_s_20260728_15,0d596994c1d14b90ab845ce72a659c43,0.062,,,
1927,2026-07-28,SZ000975,0.009765449911355972,EXP_XGBModel_Alpha158_csi300_custom_step0_s_20260728_15,0d596994c1d14b90ab845ce72a659c43,0.062,,,
1928,2026-07-28,SZ000963,-0.023511042818427086,EXP_XGBModel_Alpha158_csi300_custom_step0_s_20260728_15,0d596994c1d14b90ab845ce72a659c43,0.062,,,
1929,2026-07-28,SZ000938,-0.3143117129802704,EXP_XGBModel_Alpha158_csi300_custom_step0_s_20260728_15,0d596994c1d14b90ab845ce72a659c43,0.062,,,
1930,2026-07-28,SZ000895,0.013352645561099052,EXP_XGBModel_Alpha158_csi300_custom_step0_s_20260728_15,0d596994c1d14b90ab845ce72a659c43,0.062,,,
1931,2026-07-28,SZ000858,-0.030945656821131706,EXP_XGBModel_Alpha158_csi300_custom_step0_s_20260728_15,0d596994c1d14b90ab845ce72a659c43,0.062,,,
1932,2026-07-28,SZ000807,-0.0531732514500618,EXP_XGBModel_Alpha158_csi300_custom_step0_s_20260728_15,0d596994c1d14b90ab845ce72a659c43,0.062,,,
1933,2026-07-28,SZ000999,0.0009966348297894,EXP_XGBModel_Alpha158_csi300_custom_step0_s_20260728_15,0d596994c1d14b90ab845ce72a659c43,0.062,,,
1934,2026-07-28,SZ002142,0.020773490890860558,EXP_XGBModel_Alpha158_csi300_custom_step0_s_20260728_15,0d596994c1d14b90ab845ce72a659c43,0.062,,,
1935,2026-07-28,SZ002179,0.10551060736179352,EXP_XGBModel_Alpha158_csi300_custom_step0_s_20260728_15,0d596994c1d14b90ab845ce72a659c43,0.062,,,
1936,2026-07-28,SZ002202,0.10008235275745392,EXP_XGBModel_Alpha158_csi300_custom_step0_s_20260728_15,0d596994c1d14b90ab845ce72a659c43,0.062,,,
1937,2026-07-28,SZ002594,0.0043235947377979755,EXP_XGBModel_Alpha158_csi300_custom_step0_s_20260728_15,0d596994c1d14b90ab845ce72a659c43,0.062,,,
1938,2026-07-28,SZ002558,-0.012372907251119614,EXP_XGBModel_Alpha158_csi300_custom_step0_s_20260728_15,0d596994c1d14b90ab845ce72a659c43,0.062,,,
1939,2026-07-28,SZ002532,-0.08967386186122894,EXP_XGBModel_Alpha158_csi300_custom_step0_s_20260728_15,0d596994c1d14b90ab845ce72a659c43,0.062,,,
1940,2026-07-28,SZ002493,-0.047353945672512054,EXP_XGBModel_Alpha158_csi300_custom_step0_s_20260728_15,0d596994c1d14b90ab845ce72a659c43,0.062,,,
1941,2026-07-28,SZ002475,0.027350332587957382,EXP_XGBModel_Alpha158_csi300_custom_step0_s_20260728_15,0d596994c1d14b90ab845ce72a659c43,0.062,,,
1942,2026-07-28,SZ002466,0.31931084394454956,EXP_XGBModel_Alpha158_csi300_custom_step0_s_20260728_15,0d596994c1d14b90ab845ce72a659c43,0.062,,,
1943,2026-07-28,SZ002463,-0.013649316504597664,EXP_XGBModel_Alpha158_csi300_custom_step0_s_20260728_15,0d596994c1d14b90ab845ce72a659c43,0.062,,,
1944,2026-07-28,SZ002460,0.2649356424808502,EXP_XGBModel_Alpha158_csi300_custom_step0_s_20260728_15,0d596994c1d14b90ab845ce72a659c43,0.062,,,
1945,2026-07-28,SZ002422,0.09621421247720718,EXP_XGBModel_Alpha158_csi300_custom_step0_s_20260728_15,0d596994c1d14b90ab845ce72a659c43,0.062,,,
1946,2026-07-28,SZ002415,0.01804082654416561,EXP_XGBModel_Alpha158_csi300_custom_step0_s_20260728_15,0d596994c1d14b90ab845ce72a659c43,0.062,,,
1947,2026-07-28,SZ002384,0.06905300915241241,EXP_XGBModel_Alpha158_csi300_custom_step0_s_20260728_15,0d596994c1d14b90ab845ce72a659c43,0.062,,,
1948,2026-07-28,SZ002371,0.09403785318136215,EXP_XGBModel_Alpha158_csi300_custom_step0_s_20260728_15,0d596994c1d14b90ab845ce72a659c43,0.062,,,
1949,2026-07-28,SZ002353,0.15042755007743835,EXP_XGBModel_Alpha158_csi300_custom_step0_s_20260728_15,0d596994c1d14b90ab845ce72a659c43,0.062,,,
1950,2026-07-28,SZ002352,0.0033796343486756086,EXP_XGBModel_Alpha158_csi300_custom_step0_s_20260728_15,0d596994c1d14b90ab845ce72a659c43,0.062,,,
1951,2026-07-28,SZ002311,-0.024393772706389427,EXP_XGBModel_Alpha158_csi300_custom_step0_s_20260728_15,0d596994c1d14b90ab845ce72a659c43,0.062,,,
1952,2026-07-28,SZ002304,-0.041946470737457275,EXP_XGBModel_Alpha158_csi300_custom_step0_s_20260728_15,0d596994c1d14b90ab845ce72a659c43,0.062,,,
1953,2026-07-28,SZ002241,-0.006472273264080286,EXP_XGBModel_Alpha158_csi300_custom_step0_s_20260728_15,0d596994c1d14b90ab845ce72a659c43,0.062,,,
1954,2026-07-28,SZ002236,0.02025686390697956,EXP_XGBModel_Alpha158_csi300_custom_step0_s_20260728_15,0d596994c1d14b90ab845ce72a659c43,0.062,,,
1955,2026-07-28,SZ002230,-0.04910922795534134,EXP_XGBModel_Alpha158_csi300_custom_step0_s_20260728_15,0d596994c1d14b90ab845ce72a659c43,0.062,,,
1956,2026-07-28,SZ000776,-0.0003130148979835212,EXP_XGBModel_Alpha158_csi300_custom_step0_s_20260728_15,0d596994c1d14b90ab845ce72a659c43,0.062,,,
1957,2026-07-28,SZ002415,0.058869440108537674,EXP_XGBModel_Alpha158_csi300_custom_step0_s_20260728_15,d52deaf9a5f84de18d12dd6506fd7850,0.064,,,
1958,2026-07-28,SH601633,-0.039092645049095154,EXP_XGBModel_Alpha158_csi300_custom_step0_s_20260728_15,0d596994c1d14b90ab845ce72a659c43,0.062,,,
1959,2026-07-28,SH601618,0.014220667071640491,EXP_XGBModel_Alpha158_csi300_custom_step0_s_20260728_15,0d596994c1d14b90ab845ce72a659c43,0.062,,,
1960,2026-07-28,SH600023,-0.00519533921033144,EXP_XGBModel_Alpha158_csi300_custom_step0_s_20260728_15,0d596994c1d14b90ab845ce72a659c43,0.062,,,
1961,2026-07-28,SH600019,0.015147943049669266,EXP_XGBModel_Alpha158_csi300_custom_step0_s_20260728_15,0d596994c1d14b90ab845ce72a659c43,0.062,,,
1962,2026-07-28,SH600018,0.03252217918634415,EXP_XGBModel_Alpha158_csi300_custom_step0_s_20260728_15,0d596994c1d14b90ab845ce72a659c43,0.062,,,
1963,2026-07-28,SH600016,0.028441671282052994,EXP_XGBModel_Alpha158_csi300_custom_step0_s_20260728_15,0d596994c1d14b90ab845ce72a659c43,0.062,,,
1964,2026-07-28,SH600015,0.05750709027051926,EXP_XGBModel_Alpha158_csi300_custom_step0_s_20260728_15,0d596994c1d14b90ab845ce72a659c43,0.062,,,
1965,2026-07-28,SH600011,-0.03715025261044502,EXP_XGBModel_Alpha158_csi300_custom_step0_s_20260728_15,0d596994c1d14b90ab845ce72a659c43,0.062,,,
1966,2026-07-28,SH600010,0.003249628469347954,EXP_XGBModel_Alpha158_csi300_custom_step0_s_20260728_15,0d596994c1d14b90ab845ce72a659c43,0.062,,,
1967,2026-07-28,SH600009,-0.031639210879802704,EXP_XGBModel_Alpha158_csi300_custom_step0_s_20260728_15,0d596994c1d14b90ab845ce72a659c43,0.062,,,
1968,2026-07-28,SH600025,0.009649480693042278,EXP_XGBModel_Alpha158_csi300_custom_step0_s_20260728_15,0d596994c1d14b90ab845ce72a659c43,0.062,,,
1969,2026-07-28,SH600000,0.020028578117489815,EXP_XGBModel_Alpha158_csi300_custom_step0_s_20260728_15,0d596994c1d14b90ab845ce72a659c43,0.062,,,
1970,2026-07-28,SZ301308,0.07422252744436264,EXP_XGBModel_Alpha158_csi300_custom_step0_s_20260728_15,d52deaf9a5f84de18d12dd6506fd7850,0.064,,,
1971,2026-07-28,SZ301269,0.07820823788642883,EXP_XGBModel_Alpha158_csi300_custom_step0_s_20260728_15,d52deaf9a5f84de18d12dd6506fd7850,0.064,,,
1972,2026-07-28,SZ301236,-0.028968019410967827,EXP_XGBModel_Alpha158_csi300_custom_step0_s_20260728_15,d52deaf9a5f84de18d12dd6506fd7850,0.064,,,
1973,2026-07-28,SZ301165,0.06415313482284546,EXP_XGBModel_Alpha158_csi300_custom_step0_s_20260728_15,d52deaf9a5f84de18d12dd6506fd7850,0.064,,,
1974,2026-07-28,SZ300999,-0.004053107462823391,EXP_XGBModel_Alpha158_csi300_custom_step0_s_20260728_15,d52deaf9a5f84de18d12dd6506fd7850,0.064,,,
1975,2026-07-28,SZ300896,-0.014554159715771675,EXP_XGBModel_Alpha158_csi300_custom_step0_s_20260728_15,d52deaf9a5f84de18d12dd6506fd7850,0.064,,,
1976,2026-07-28,SZ300866,-0.025614693760871887,EXP_XGBModel_Alpha158_csi300_custom_step0_s_20260728_15,d52deaf9a5f84de18d12dd6506fd7850,0.064,,,
1977,2026-07-28,SZ300832,-0.017543567344546318,EXP_XGBModel_Alpha158_csi300_custom_step0_s_20260728_15,d52deaf9a5f84de18d12dd6506fd7850,0.064,,,
1978,2026-07-28,SZ302132,-0.13220103085041046,EXP_XGBModel_Alpha158_csi300_custom_step0_s_20260728_15,d52deaf9a5f84de18d12dd6506fd7850,0.064,,,
1979,2026-07-28,SZ300803,0.09611351042985916,EXP_XGBModel_Alpha158_csi300_custom_step0_s_20260728_15,d52deaf9a5f84de18d12dd6506fd7850,0.064,,,
1980,2026-07-28,SH600026,0.17861758172512054,EXP_XGBModel_Alpha158_csi300_custom_step0_s_20260728_15,0d596994c1d14b90ab845ce72a659c43,0.062,,,
1981,2026-07-28,SH600028,-0.026119103655219078,EXP_XGBModel_Alpha158_csi300_custom_step0_s_20260728_15,0d596994c1d14b90ab845ce72a659c43,0.062,,,
1982,2026-07-28,SH600176,0.04963679239153862,EXP_XGBModel_Alpha158_csi300_custom_step0_s_20260728_15,0d596994c1d14b90ab845ce72a659c43,0.062,,,
1983,2026-07-28,SH600160,0.15935242176055908,EXP_XGBModel_Alpha158_csi300_custom_step0_s_20260728_15,0d596994c1d14b90ab845ce72a659c43,0.062,,,
1984,2026-07-28,SH600150,0.0033152245450764894,EXP_XGBModel_Alpha158_csi300_custom_step0_s_20260728_15,0d596994c1d14b90ab845ce72a659c43,0.062,,,
1985,2026-07-28,SH600118,0.3630213737487793,EXP_XGBModel_Alpha158_csi300_custom_step0_s_20260728_15,0d596994c1d14b90ab845ce72a659c43,0.062,,,
1986,2026-07-28,SH600115,0.0005906905280426145,EXP_XGBModel_Alpha158_csi300_custom_step0_s_20260728_15,0d596994c1d14b90ab845ce72a659c43,0.062,,,
1987,2026-07-28,SH600111,0.13890856504440308,EXP_XGBModel_Alpha158_csi300_custom_step0_s_20260728_15,0d596994c1d14b90ab845ce72a659c43,0.062,,,
1988,2026-07-28,SH600104,-0.001276120892725885,EXP_XGBModel_Alpha158_csi300_custom_step0_s_20260728_15,0d596994c1d14b90ab845ce72a659c43,0.062,,,
1989,2026-07-28,SH600089,-0.023391032591462135,EXP_XGBModel_Alpha158_csi300_custom_step0_s_20260728_15,0d596994c1d14b90ab845ce72a659c43,0.062,,,
1990,2026-07-28,SH600027,-0.03154943510890007,EXP_XGBModel_Alpha158_csi300_custom_step0_s_20260728_15,0d596994c1d14b90ab845ce72a659c43,0.062,,,
1991,2026-07-28,SH600085,-0.027969935908913612,EXP_XGBModel_Alpha158_csi300_custom_step0_s_20260728_15,0d596994c1d14b90ab845ce72a659c43,0.062,,,
1992,2026-07-28,SH600061,0.0086525809019804,EXP_XGBModel_Alpha158_csi300_custom_step0_s_20260728_15,0d596994c1d14b90ab845ce72a659c43,0.062,,,
1993,2026-07-28,SH600050,-0.015905136242508888,EXP_XGBModel_Alpha158_csi300_custom_step0_s_20260728_15,0d596994c1d14b90ab845ce72a659c43,0.062,,,
1994,2026-07-28,SH600048,-0.04937823861837387,EXP_XGBModel_Alpha158_csi300_custom_step0_s_20260728_15,0d596994c1d14b90ab845ce72a659c43,0.062,,,
1995,2026-07-28,SH600039,-9.133658022619784e-05,EXP_XGBModel_Alpha158_csi300_custom_step0_s_20260728_15,0d596994c1d14b90ab845ce72a659c43,0.062,,,
1996,2026-07-28,SH600036,0.05409615859389305,EXP_XGBModel_Alpha158_csi300_custom_step0_s_20260728_15,0d596994c1d14b90ab845ce72a659c43,0.062,,,
1997,2026-07-28,SH600031,-0.03217782452702522,EXP_XGBModel_Alpha158_csi300_custom_step0_s_20260728_15,0d596994c1d14b90ab845ce72a659c43,0.062,,,
1998,2026-07-28,SH600030,0.02659487910568714,EXP_XGBModel_Alpha158_csi300_custom_step0_s_20260728_15,0d596994c1d14b90ab845ce72a659c43,0.062,,,
1999,2026-07-28,SH600029,-0.0006855378160253167,EXP_XGBModel_Alpha158_csi300_custom_step0_s_20260728_15,0d596994c1d14b90ab845ce72a659c43,0.062,,,
2000,2026-07-28,SH600066,-0.03914640098810196,EXP_XGBModel_Alpha158_csi300_custom_step0_s_20260728_15,0d596994c1d14b90ab845ce72a659c43,0.062,,,
2001,2026-07-28,SZ300760,-0.03455683961510658,EXP_XGBModel_Alpha158_csi300_custom_step0_s_20260728_15,d52deaf9a5f84de18d12dd6506fd7850,0.064,,,
2002,2026-07-28,SZ300750,0.029047397896647453,EXP_XGBModel_Alpha158_csi300_custom_step0_s_20260728_15,d52deaf9a5f84de18d12dd6506fd7850,0.064,,,
2003,2026-07-28,SZ300661,0.09880343824625015,EXP_XGBModel_Alpha158_csi300_custom_step0_s_20260728_15,d52deaf9a5f84de18d12dd6506fd7850,0.064,,,
2004,2026-07-28,SZ002920,-0.03562985733151436,EXP_XGBModel_Alpha158_csi300_custom_step0_s_20260728_15,d52deaf9a5f84de18d12dd6506fd7850,0.064,,,
2005,2026-07-28,SZ002916,0.089636892080307,EXP_XGBModel_Alpha158_csi300_custom_step0_s_20260728_15,d52deaf9a5f84de18d12dd6506fd7850,0.064,,,
2006,2026-07-28,SZ002837,0.09149772673845291,EXP_XGBModel_Alpha158_csi300_custom_step0_s_20260728_15,d52deaf9a5f84de18d12dd6506fd7850,0.064,,,
2007,2026-07-28,SZ002736,0.03736940771341324,EXP_XGBModel_Alpha158_csi300_custom_step0_s_20260728_15,d52deaf9a5f84de18d12dd6506fd7850,0.064,,,
2008,2026-07-28,SZ002714,-0.03695699945092201,EXP_XGBModel_Alpha158_csi300_custom_step0_s_20260728_15,d52deaf9a5f84de18d12dd6506fd7850,0.064,,,
2009,2026-07-28,SZ002709,0.34889310598373413,EXP_XGBModel_Alpha158_csi300_custom_step0_s_20260728_15,d52deaf9a5f84de18d12dd6506fd7850,0.064,,,
2010,2026-07-28,SZ002648,-0.04927767068147659,EXP_XGBModel_Alpha158_csi300_custom_step0_s_20260728_15,d52deaf9a5f84de18d12dd6506fd7850,0.064,,,
2011,2026-07-28,SZ002625,0.04279101639986038,EXP_XGBModel_Alpha158_csi300_custom_step0_s_20260728_15,d52deaf9a5f84de18d12dd6506fd7850,0.064,,,
2012,2026-07-28,SZ002938,0.12550660967826843,EXP_XGBModel_Alpha158_csi300_custom_step0_s_20260728_15,d52deaf9a5f84de18d12dd6506fd7850,0.064,,,
2013,2026-07-28,SZ002602,-0.02803000621497631,EXP_XGBModel_Alpha158_csi300_custom_step0_s_20260728_15,d52deaf9a5f84de18d12dd6506fd7850,0.064,,,
2014,2026-07-28,SZ002594,-0.009655498899519444,EXP_XGBModel_Alpha158_csi300_custom_step0_s_20260728_15,d52deaf9a5f84de18d12dd6506fd7850,0.064,,,
2015,2026-07-28,SZ002558,-0.03280172869563103,EXP_XGBModel_Alpha158_csi300_custom_step0_s_20260728_15,d52deaf9a5f84de18d12dd6506fd7850,0.064,,,
2016,2026-07-28,SZ002532,-0.10621725022792816,EXP_XGBModel_Alpha158_csi300_custom_step0_s_20260728_15,d52deaf9a5f84de18d12dd6506fd7850,0.064,,,
2017,2026-07-28,SZ002493,-0.0679389238357544,EXP_XGBModel_Alpha158_csi300_custom_step0_s_20260728_15,d52deaf9a5f84de18d12dd6506fd7850,0.064,,,
2018,2026-07-28,SZ002475,0.01683882251381874,EXP_XGBModel_Alpha158_csi300_custom_step0_s_20260728_15,d52deaf9a5f84de18d12dd6506fd7850,0.064,,,
2019,2026-07-28,SZ002466,0.35897472500801086,EXP_XGBModel_Alpha158_csi300_custom_step0_s_20260728_15,d52deaf9a5f84de18d12dd6506fd7850,0.064,,,
2020,2026-07-28,SZ002463,0.09676185250282288,EXP_XGBModel_Alpha158_csi300_custom_step0_s_20260728_15,d52deaf9a5f84de18d12dd6506fd7850,0.064,,,
2021,2026-07-28,SZ002460,0.15185759961605072,EXP_XGBModel_Alpha158_csi300_custom_step0_s_20260728_15,d52deaf9a5f84de18d12dd6506fd7850,0.064,,,
2022,2026-07-28,SZ002600,0.28647157549858093,EXP_XGBModel_Alpha158_csi300_custom_step0_s_20260728_15,d52deaf9a5f84de18d12dd6506fd7850,0.064,,,
2023,2026-07-28,SZ003816,-0.004517680965363979,EXP_XGBModel_Alpha158_csi300_custom_step0_s_20260728_15,d52deaf9a5f84de18d12dd6506fd7850,0.064,,,
2024,2026-07-28,SZ300014,0.11442380398511887,EXP_XGBModel_Alpha158_csi300_custom_step0_s_20260728_15,d52deaf9a5f84de18d12dd6506fd7850,0.064,,,
2025,2026-07-28,SZ300015,-0.04737486317753792,EXP_XGBModel_Alpha158_csi300_custom_step0_s_20260728_15,d52deaf9a5f84de18d12dd6506fd7850,0.064,,,
2026,2026-07-28,SZ300628,-0.004050920717418194,EXP_XGBModel_Alpha158_csi300_custom_step0_s_20260728_15,d52deaf9a5f84de18d12dd6506fd7850,0.064,,,
2027,2026-07-28,SZ300502,0.04757574573159218,EXP_XGBModel_Alpha158_csi300_custom_step0_s_20260728_15,d52deaf9a5f84de18d12dd6506fd7850,0.064,,,
2028,2026-07-28,SZ300498,-0.037250276654958725,EXP_XGBModel_Alpha158_csi300_custom_step0_s_20260728_15,d52deaf9a5f84de18d12dd6506fd7850,0.064,,,
2029,2026-07-28,SZ300476,0.06684365123510361,EXP_XGBModel_Alpha158_csi300_custom_step0_s_20260728_15,d52deaf9a5f84de18d12dd6506fd7850,0.064,,,
2030,2026-07-28,SZ300450,0.22551916539669037,EXP_XGBModel_Alpha158_csi300_custom_step0_s_20260728_15,d52deaf9a5f84de18d12dd6506fd7850,0.064,,,
2031,2026-07-28,SZ300442,0.11038051545619965,EXP_XGBModel_Alpha158_csi300_custom_step0_s_20260728_15,d52deaf9a5f84de18d12dd6506fd7850,0.064,,,
2032,2026-07-28,SZ300433,0.28780001401901245,EXP_XGBModel_Alpha158_csi300_custom_step0_s_20260728_15,d52deaf9a5f84de18d12dd6506fd7850,0.064,,,
2033,2026-07-28,SZ300418,0.032460883259773254,EXP_XGBModel_Alpha158_csi300_custom_step0_s_20260728_15,d52deaf9a5f84de18d12dd6506fd7850,0.064,,,
2034,2026-07-28,SZ300413,-0.03264394402503967,EXP_XGBModel_Alpha158_csi300_custom_step0_s_20260728_15,d52deaf9a5f84de18d12dd6506fd7850,0.064,,,
2035,2026-07-28,SZ300408,0.17003321647644043,EXP_XGBModel_Alpha158_csi300_custom_step0_s_20260728_15,d52deaf9a5f84de18d12dd6506fd7850,0.064,,,
2036,2026-07-28,SZ300394,0.09504257887601852,EXP_XGBModel_Alpha158_csi300_custom_step0_s_20260728_15,d52deaf9a5f84de18d12dd6506fd7850,0.064,,,
2037,2026-07-28,SZ300316,0.21837566792964935,EXP_XGBModel_Alpha158_csi300_custom_step0_s_20260728_15,d52deaf9a5f84de18d12dd6506fd7850,0.064,,,
2038,2026-07-28,SZ300308,0.06064653769135475,EXP_XGBModel_Alpha158_csi300_custom_step0_s_20260728_15,d52deaf9a5f84de18d12dd6506fd7850,0.064,,,
2039,2026-07-28,SZ300274,0.26660972833633423,EXP_XGBModel_Alpha158_csi300_custom_step0_s_20260728_15,d52deaf9a5f84de18d12dd6506fd7850,0.064,,,
2040,2026-07-28,SZ300251,-0.045671671628952026,EXP_XGBModel_Alpha158_csi300_custom_step0_s_20260728_15,d52deaf9a5f84de18d12dd6506fd7850,0.064,,,
2041,2026-07-28,SZ300124,-0.0011878409422934055,EXP_XGBModel_Alpha158_csi300_custom_step0_s_20260728_15,d52deaf9a5f84de18d12dd6506fd7850,0.064,,,
2042,2026-07-28,SZ300122,-0.03008592501282692,EXP_XGBModel_Alpha158_csi300_custom_step0_s_20260728_15,d52deaf9a5f84de18d12dd6506fd7850,0.064,,,
2043,2026-07-28,SZ300059,0.0006239063222892582,EXP_XGBModel_Alpha158_csi300_custom_step0_s_20260728_15,d52deaf9a5f84de18d12dd6506fd7850,0.064,,,
2044,2026-07-28,SZ300033,-0.006336472928524017,EXP_XGBModel_Alpha158_csi300_custom_step0_s_20260728_15,d52deaf9a5f84de18d12dd6506fd7850,0.064,,,
2045,2026-07-28,SH600183,0.270800918340683,EXP_XGBModel_Alpha158_csi300_custom_step0_s_20260728_15,0d596994c1d14b90ab845ce72a659c43,0.062,,,
2046,2026-07-28,SH601628,-0.030948007479310036,EXP_XGBModel_Alpha158_csi300_custom_step0_s_20260728_15,0d596994c1d14b90ab845ce72a659c43,0.062,,,
2047,2026-07-28,SH600188,-0.1507469266653061,EXP_XGBModel_Alpha158_csi300_custom_step0_s_20260728_15,0d596994c1d14b90ab845ce72a659c43,0.062,,,
2048,2026-07-28,SH600219,-0.08564084768295288,EXP_XGBModel_Alpha158_csi300_custom_step0_s_20260728_15,0d596994c1d14b90ab845ce72a659c43,0.062,,,
2049,2026-07-28,SH601127,0.02348860166966915,EXP_XGBModel_Alpha158_csi300_custom_step0_s_20260728_15,0d596994c1d14b90ab845ce72a659c43,0.062,,,
2050,2026-07-28,SH601117,0.021039051935076714,EXP_XGBModel_Alpha158_csi300_custom_step0_s_20260728_15,0d596994c1d14b90ab845ce72a659c43,0.062,,,
2051,2026-07-28,SH601111,0.004771009553223848,EXP_XGBModel_Alpha158_csi300_custom_step0_s_20260728_15,0d596994c1d14b90ab845ce72a659c43,0.062,,,
2052,2026-07-28,SH601100,0.021496107801795006,EXP_XGBModel_Alpha158_csi300_custom_step0_s_20260728_15,0d596994c1d14b90ab845ce72a659c43,0.062,,,
2053,2026-07-28,SH601088,-0.06302127242088318,EXP_XGBModel_Alpha158_csi300_custom_step0_s_20260728_15,0d596994c1d14b90ab845ce72a659c43,0.062,,,
2054,2026-07-28,SH601077,0.048044051975011826,EXP_XGBModel_Alpha158_csi300_custom_step0_s_20260728_15,0d596994c1d14b90ab845ce72a659c43,0.062,,,
2055,2026-07-28,SH601066,0.04007217660546303,EXP_XGBModel_Alpha158_csi300_custom_step0_s_20260728_15,0d596994c1d14b90ab845ce72a659c43,0.062,,,
2056,2026-07-28,SH601059,0.028896769508719444,EXP_XGBModel_Alpha158_csi300_custom_step0_s_20260728_15,0d596994c1d14b90ab845ce72a659c43,0.062,,,
2057,2026-07-28,SH601136,-0.01356866117566824,EXP_XGBModel_Alpha158_csi300_custom_step0_s_20260728_15,0d596994c1d14b90ab845ce72a659c43,0.062,,,
2058,2026-07-28,SH601058,0.06147747114300728,EXP_XGBModel_Alpha158_csi300_custom_step0_s_20260728_15,0d596994c1d14b90ab845ce72a659c43,0.062,,,
2059,2026-07-28,SH601018,0.004388794768601656,EXP_XGBModel_Alpha158_csi300_custom_step0_s_20260728_15,0d596994c1d14b90ab845ce72a659c43,0.062,,,
2060,2026-07-28,SH601012,-0.0720241516828537,EXP_XGBModel_Alpha158_csi300_custom_step0_s_20260728_15,0d596994c1d14b90ab845ce72a659c43,0.062,,,
2061,2026-07-28,SH601009,0.04325474053621292,EXP_XGBModel_Alpha158_csi300_custom_step0_s_20260728_15,0d596994c1d14b90ab845ce72a659c43,0.062,,,
2062,2026-07-28,SH601006,0.003518073819577694,EXP_XGBModel_Alpha158_csi300_custom_step0_s_20260728_15,0d596994c1d14b90ab845ce72a659c43,0.062,,,
2063,2026-07-28,SH600999,0.004965032450854778,EXP_XGBModel_Alpha158_csi300_custom_step0_s_20260728_15,0d596994c1d14b90ab845ce72a659c43,0.062,,,
2064,2026-07-28,SH600989,-0.054963842034339905,EXP_XGBModel_Alpha158_csi300_custom_step0_s_20260728_15,0d596994c1d14b90ab845ce72a659c43,0.062,,,
2065,2026-07-28,SH600958,0.025202544406056404,EXP_XGBModel_Alpha158_csi300_custom_step0_s_20260728_15,0d596994c1d14b90ab845ce72a659c43,0.062,,,
2066,2026-07-28,SH600941,0.021020786836743355,EXP_XGBModel_Alpha158_csi300_custom_step0_s_20260728_15,0d596994c1d14b90ab845ce72a659c43,0.062,,,
2067,2026-07-28,SH601021,0.025489801540970802,EXP_XGBModel_Alpha158_csi300_custom_step0_s_20260728_15,0d596994c1d14b90ab845ce72a659c43,0.062,,,
2068,2026-07-28,SH600938,-0.06359349191188812,EXP_XGBModel_Alpha158_csi300_custom_step0_s_20260728_15,0d596994c1d14b90ab845ce72a659c43,0.062,,,
2069,2026-07-28,SH601138,0.07153889536857605,EXP_XGBModel_Alpha158_csi300_custom_step0_s_20260728_15,0d596994c1d14b90ab845ce72a659c43,0.062,,,
2070,2026-07-28,SH601169,0.02413559891283512,EXP_XGBModel_Alpha158_csi300_custom_step0_s_20260728_15,0d596994c1d14b90ab845ce72a659c43,0.062,,,
2071,2026-07-28,SH601607,0.010806269943714142,EXP_XGBModel_Alpha158_csi300_custom_step0_s_20260728_15,0d596994c1d14b90ab845ce72a659c43,0.062,,,
2072,2026-07-28,SH601601,-0.047543156892061234,EXP_XGBModel_Alpha158_csi300_custom_step0_s_20260728_15,0d596994c1d14b90ab845ce72a659c43,0.062,,,
2073,2026-07-28,SH601600,-0.07680299133062363,EXP_XGBModel_Alpha158_csi300_custom_step0_s_20260728_15,0d596994c1d14b90ab845ce72a659c43,0.062,,,
2074,2026-07-28,SH601456,0.027034617960453033,EXP_XGBModel_Alpha158_csi300_custom_step0_s_20260728_15,0d596994c1d14b90ab845ce72a659c43,0.062,,,
2075,2026-07-28,SH601398,-0.0011029300512745976,EXP_XGBModel_Alpha158_csi300_custom_step0_s_20260728_15,0d596994c1d14b90ab845ce72a659c43,0.062,,,
2076,2026-07-28,SH601390,0.006617858540266752,EXP_XGBModel_Alpha158_csi300_custom_step0_s_20260728_15,0d596994c1d14b90ab845ce72a659c43,0.062,,,
2077,2026-07-28,SH601377,0.036526165902614594,EXP_XGBModel_Alpha158_csi300_custom_step0_s_20260728_15,0d596994c1d14b90ab845ce72a659c43,0.062,,,
2078,2026-07-28,SH601360,-0.05749319866299629,EXP_XGBModel_Alpha158_csi300_custom_step0_s_20260728_15,0d596994c1d14b90ab845ce72a659c43,0.062,,,
2079,2026-07-28,SH601166,0.05878305435180664,EXP_XGBModel_Alpha158_csi300_custom_step0_s_20260728_15,0d596994c1d14b90ab845ce72a659c43,0.062,,,
2080,2026-07-28,SH601336,0.005941727664321661,EXP_XGBModel_Alpha158_csi300_custom_step0_s_20260728_15,0d596994c1d14b90ab845ce72a659c43,0.062,,,
2081,2026-07-28,SH601319,-0.016736116260290146,EXP_XGBModel_Alpha158_csi300_custom_step0_s_20260728_15,0d596994c1d14b90ab845ce72a659c43,0.062,,,
2082,2026-07-28,SH601318,-0.06602848321199417,EXP_XGBModel_Alpha158_csi300_custom_step0_s_20260728_15,0d596994c1d14b90ab845ce72a659c43,0.062,,,
2083,2026-07-28,SH601288,0.03302120417356491,EXP_XGBModel_Alpha158_csi300_custom_step0_s_20260728_15,0d596994c1d14b90ab845ce72a659c43,0.062,,,
2084,2026-07-28,SH601238,-0.011053738184273243,EXP_XGBModel_Alpha158_csi300_custom_step0_s_20260728_15,0d596994c1d14b90ab845ce72a659c43,0.062,,,
2085,2026-07-28,SH601229,0.06919720768928528,EXP_XGBModel_Alpha158_csi300_custom_step0_s_20260728_15,0d596994c1d14b90ab845ce72a659c43,0.062,,,
2086,2026-07-28,SH601225,-0.027786947786808014,EXP_XGBModel_Alpha158_csi300_custom_step0_s_20260728_15,0d596994c1d14b90ab845ce72a659c43,0.062,,,
2087,2026-07-28,SH601211,-0.03835398703813553,EXP_XGBModel_Alpha158_csi300_custom_step0_s_20260728_15,0d596994c1d14b90ab845ce72a659c43,0.062,,,
2088,2026-07-28,SH601186,0.02550833486020565,EXP_XGBModel_Alpha158_csi300_custom_step0_s_20260728_15,0d596994c1d14b90ab845ce72a659c43,0.062,,,
2089,2026-07-28,SH601328,0.09034135192632675,EXP_XGBModel_Alpha158_csi300_custom_step0_s_20260728_15,0d596994c1d14b90ab845ce72a659c43,0.062,,,
2090,2026-07-28,SH600930,0.0479997843503952,EXP_XGBModel_Alpha158_csi300_custom_step0_s_20260728_15,0d596994c1d14b90ab845ce72a659c43,0.062,,,
2091,2026-07-28,SH600926,0.03509664535522461,EXP_XGBModel_Alpha158_csi300_custom_step0_s_20260728_15,0d596994c1d14b90ab845ce72a659c43,0.062,,,
2092,2026-07-28,SH600919,0.04573090374469757,EXP_XGBModel_Alpha158_csi300_custom_step0_s_20260728_15,0d596994c1d14b90ab845ce72a659c43,0.062,,,
2093,2026-07-28,SH600522,0.19083963334560394,EXP_XGBModel_Alpha158_csi300_custom_step0_s_20260728_15,0d596994c1d14b90ab845ce72a659c43,0.062,,,
2094,2026-07-28,SH600519,-0.030052581802010536,EXP_XGBModel_Alpha158_csi300_custom_step0_s_20260728_15,0d596994c1d14b90ab845ce72a659c43,0.062,,,
2095,2026-07-28,SH600515,0.02493220753967762,EXP_XGBModel_Alpha158_csi300_custom_step0_s_20260728_15,0d596994c1d14b90ab845ce72a659c43,0.062,,,
2096,2026-07-28,SH600489,-0.050882093608379364,EXP_XGBModel_Alpha158_csi300_custom_step0_s_20260728_15,0d596994c1d14b90ab845ce72a659c43,0.062,,,
2097,2026-07-28,SH600482,-0.23880504071712494,EXP_XGBModel_Alpha158_csi300_custom_step0_s_20260728_15,0d596994c1d14b90ab845ce72a659c43,0.062,,,
2098,2026-07-28,SH600460,0.08790100365877151,EXP_XGBModel_Alpha158_csi300_custom_step0_s_20260728_15,0d596994c1d14b90ab845ce72a659c43,0.062,,,
2099,2026-07-28,SH600438,-0.027198128402233124,EXP_XGBModel_Alpha158_csi300_custom_step0_s_20260728_15,0d596994c1d14b90ab845ce72a659c43,0.062,,,
2100,2026-07-28,SH600436,-0.04056877642869949,EXP_XGBModel_Alpha158_csi300_custom_step0_s_20260728_15,0d596994c1d14b90ab845ce72a659c43,0.062,,,
2101,2026-07-28,SH600547,-0.07898857444524765,EXP_XGBModel_Alpha158_csi300_custom_step0_s_20260728_15,0d596994c1d14b90ab845ce72a659c43,0.062,,,
2102,2026-07-28,SH600426,-0.02694389782845974,EXP_XGBModel_Alpha158_csi300_custom_step0_s_20260728_15,0d596994c1d14b90ab845ce72a659c43,0.062,,,
2103,2026-07-28,SH600406,-0.007083305157721043,EXP_XGBModel_Alpha158_csi300_custom_step0_s_20260728_15,0d596994c1d14b90ab845ce72a659c43,0.062,,,
2104,2026-07-28,SH600372,0.03362135589122772,EXP_XGBModel_Alpha158_csi300_custom_step0_s_20260728_15,0d596994c1d14b90ab845ce72a659c43,0.062,,,
2105,2026-07-28,SH600362,-0.0021890094503760338,EXP_XGBModel_Alpha158_csi300_custom_step0_s_20260728_15,0d596994c1d14b90ab845ce72a659c43,0.062,,,
2106,2026-07-28,SH600346,0.021924689412117004,EXP_XGBModel_Alpha158_csi300_custom_step0_s_20260728_15,0d596994c1d14b90ab845ce72a659c43,0.062,,,
2107,2026-07-28,SH600309,-0.05800743028521538,EXP_XGBModel_Alpha158_csi300_custom_step0_s_20260728_15,0d596994c1d14b90ab845ce72a659c43,0.062,,,
2108,2026-07-28,SH600276,-0.05261439085006714,EXP_XGBModel_Alpha158_csi300_custom_step0_s_20260728_15,0d596994c1d14b90ab845ce72a659c43,0.062,,,
2109,2026-07-28,SH600233,-0.06166733801364899,EXP_XGBModel_Alpha158_csi300_custom_step0_s_20260728_15,0d596994c1d14b90ab845ce72a659c43,0.062,,,
2110,2026-07-28,SH600221,0.0019822472240775824,EXP_XGBModel_Alpha158_csi300_custom_step0_s_20260728_15,0d596994c1d14b90ab845ce72a659c43,0.062,,,
2111,2026-07-28,SH600415,-0.07354650646448135,EXP_XGBModel_Alpha158_csi300_custom_step0_s_20260728_15,0d596994c1d14b90ab845ce72a659c43,0.062,,,
2112,2026-07-28,SH600549,0.32745954394340515,EXP_XGBModel_Alpha158_csi300_custom_step0_s_20260728_15,0d596994c1d14b90ab845ce72a659c43,0.062,,,
2113,2026-07-28,SH600570,-0.04412228614091873,EXP_XGBModel_Alpha158_csi300_custom_step0_s_20260728_15,0d596994c1d14b90ab845ce72a659c43,0.062,,,
2114,2026-07-28,SH600584,0.3675464391708374,EXP_XGBModel_Alpha158_csi300_custom_step0_s_20260728_15,0d596994c1d14b90ab845ce72a659c43,0.062,,,
2115,2026-07-28,SH600918,-0.007583285681903362,EXP_XGBModel_Alpha158_csi300_custom_step0_s_20260728_15,0d596994c1d14b90ab845ce72a659c43,0.062,,,
2116,2026-07-28,SH600905,-0.006124261301010847,EXP_XGBModel_Alpha158_csi300_custom_step0_s_20260728_15,0d596994c1d14b90ab845ce72a659c43,0.062,,,
2117,2026-07-28,SH600900,-0.01756182871758938,EXP_XGBModel_Alpha158_csi300_custom_step0_s_20260728_15,0d596994c1d14b90ab845ce72a659c43,0.062,,,
2118,2026-07-28,SH600893,-0.021703071892261505,EXP_XGBModel_Alpha158_csi300_custom_step0_s_20260728_15,0d596994c1d14b90ab845ce72a659c43,0.062,,,
2119,2026-07-28,SH600887,-0.011994686909019947,EXP_XGBModel_Alpha158_csi300_custom_step0_s_20260728_15,0d596994c1d14b90ab845ce72a659c43,0.062,,,
2120,2026-07-28,SH600886,0.0058270166628062725,EXP_XGBModel_Alpha158_csi300_custom_step0_s_20260728_15,0d596994c1d14b90ab845ce72a659c43,0.062,,,
2121,2026-07-28,SH600875,0.0929379016160965,EXP_XGBModel_Alpha158_csi300_custom_step0_s_20260728_15,0d596994c1d14b90ab845ce72a659c43,0.062,,,
2122,2026-07-28,SH600845,0.015046107582747936,EXP_XGBModel_Alpha158_csi300_custom_step0_s_20260728_15,0d596994c1d14b90ab845ce72a659c43,0.062,,,
2123,2026-07-28,SH600809,-0.09881244599819183,EXP_XGBModel_Alpha158_csi300_custom_step0_s_20260728_15,0d596994c1d14b90ab845ce72a659c43,0.062,,,
2124,2026-07-28,SH600803,-0.016937097534537315,EXP_XGBModel_Alpha158_csi300_custom_step0_s_20260728_15,0d596994c1d14b90ab845ce72a659c43,0.062,,,
2125,2026-07-28,SH600795,0.0031142791267484426,EXP_XGBModel_Alpha158_csi300_custom_step0_s_20260728_15,0d596994c1d14b90ab845ce72a659c43,0.062,,,
2126,2026-07-28,SH600760,-0.08062496781349182,EXP_XGBModel_Alpha158_csi300_custom_step0_s_20260728_15,0d596994c1d14b90ab845ce72a659c43,0.062,,,
2127,2026-07-28,SH600741,-0.013494092971086502,EXP_XGBModel_Alpha158_csi300_custom_step0_s_20260728_15,0d596994c1d14b90ab845ce72a659c43,0.062,,,
2128,2026-07-28,SH600690,-0.04420711100101471,EXP_XGBModel_Alpha158_csi300_custom_step0_s_20260728_15,0d596994c1d14b90ab845ce72a659c43,0.062,,,
2129,2026-07-28,SH600674,0.0054238722659647465,EXP_XGBModel_Alpha158_csi300_custom_step0_s_20260728_15,0d596994c1d14b90ab845ce72a659c43,0.062,,,
2130,2026-07-28,SH600660,-0.03107064589858055,EXP_XGBModel_Alpha158_csi300_custom_step0_s_20260728_15,0d596994c1d14b90ab845ce72a659c43,0.062,,,
2131,2026-07-28,SH600600,-0.021330898627638817,EXP_XGBModel_Alpha158_csi300_custom_step0_s_20260728_15,0d596994c1d14b90ab845ce72a659c43,0.062,,,
2132,2026-07-28,SH600588,-0.024407552555203438,EXP_XGBModel_Alpha158_csi300_custom_step0_s_20260728_15,0d596994c1d14b90ab845ce72a659c43,0.062,,,
2133,2026-07-28,SH600585,-0.01082209125161171,EXP_XGBModel_Alpha158_csi300_custom_step0_s_20260728_15,0d596994c1d14b90ab845ce72a659c43,0.062,,,
2134,2026-07-28,SH600196,-0.03548189997673035,EXP_XGBModel_Alpha158_csi300_custom_step0_s_20260728_15,0d596994c1d14b90ab845ce72a659c43,0.062,,,
2135,2026-07-28,SH688981,0.06270445138216019,EXP_XGBModel_Alpha158_csi300_custom_step0_s_20260728_15,b86c579e90f34b0ca535bf3de16c004a,0.051,,,
2136,2026-07-28,SH688521,-0.03942093253135681,EXP_XGBModel_Alpha158_csi300_custom_step0_s_20260728_15,b86c579e90f34b0ca535bf3de16c004a,0.051,,,
2137,2026-07-28,SH688506,0.05996152013540268,EXP_XGBModel_Alpha158_csi300_custom_step0_s_20260728_15,b86c579e90f34b0ca535bf3de16c004a,0.051,,,
2138,2026-07-28,SH600039,0.02798086777329445,EXP_XGBModel_Alpha158_csi300_custom_step0_s_20260728_15,fe5fd2b10eba4fd58832d783fe7077c4,0.047,,,
2139,2026-07-28,SH600036,0.025616001337766647,EXP_XGBModel_Alpha158_csi300_custom_step0_s_20260728_15,fe5fd2b10eba4fd58832d783fe7077c4,0.047,,,
2140,2026-07-28,SH600031,-0.00606815330684185,EXP_XGBModel_Alpha158_csi300_custom_step0_s_20260728_15,fe5fd2b10eba4fd58832d783fe7077c4,0.047,,,
2141,2026-07-28,SH600030,-0.026614228263497353,EXP_XGBModel_Alpha158_csi300_custom_step0_s_20260728_15,fe5fd2b10eba4fd58832d783fe7077c4,0.047,,,
2142,2026-07-28,SH600029,-0.009480519220232964,EXP_XGBModel_Alpha158_csi300_custom_step0_s_20260728_15,fe5fd2b10eba4fd58832d783fe7077c4,0.047,,,
2143,2026-07-28,SH600028,-0.021428896114230156,EXP_XGBModel_Alpha158_csi300_custom_step0_s_20260728_15,fe5fd2b10eba4fd58832d783fe7077c4,0.047,,,
2144,2026-07-28,SH600027,0.004279621411114931,EXP_XGBModel_Alpha158_csi300_custom_step0_s_20260728_15,fe5fd2b10eba4fd58832d783fe7077c4,0.047,,,
2145,2026-07-28,SH600026,0.05821852758526802,EXP_XGBModel_Alpha158_csi300_custom_step0_s_20260728_15,fe5fd2b10eba4fd58832d783fe7077c4,0.047,,,
2146,2026-07-28,SH600048,0.0372764877974987,EXP_XGBModel_Alpha158_csi300_custom_step0_s_20260728_15,fe5fd2b10eba4fd58832d783fe7077c4,0.047,,,
2147,2026-07-28,SH600025,0.01846648007631302,EXP_XGBModel_Alpha158_csi300_custom_step0_s_20260728_15,fe5fd2b10eba4fd58832d783fe7077c4,0.047,,,
2148,2026-07-28,SH600019,0.01697625406086445,EXP_XGBModel_Alpha158_csi300_custom_step0_s_20260728_15,fe5fd2b10eba4fd58832d783fe7077c4,0.047,,,
2149,2026-07-28,SH600018,0.01676432602107525,EXP_XGBModel_Alpha158_csi300_custom_step0_s_20260728_15,fe5fd2b10eba4fd58832d783fe7077c4,0.047,,,
2150,2026-07-28,SH600016,0.025190647691488266,EXP_XGBModel_Alpha158_csi300_custom_step0_s_20260728_15,fe5fd2b10eba4fd58832d783fe7077c4,0.047,,,
2151,2026-07-28,SH600015,0.06488149613142014,EXP_XGBModel_Alpha158_csi300_custom_step0_s_20260728_15,fe5fd2b10eba4fd58832d783fe7077c4,0.047,,,
2152,2026-07-28,SH600011,-0.022108064964413643,EXP_XGBModel_Alpha158_csi300_custom_step0_s_20260728_15,fe5fd2b10eba4fd58832d783fe7077c4,0.047,,,
2153,2026-07-28,SH600010,-0.004990322981029749,EXP_XGBModel_Alpha158_csi300_custom_step0_s_20260728_15,fe5fd2b10eba4fd58832d783fe7077c4,0.047,,,
2154,2026-07-28,SH600009,0.00732641015201807,EXP_XGBModel_Alpha158_csi300_custom_step0_s_20260728_15,fe5fd2b10eba4fd58832d783fe7077c4,0.047,,,
2155,2026-07-28,SH600000,0.03996967524290085,EXP_XGBModel_Alpha158_csi300_custom_step0_s_20260728_15,fe5fd2b10eba4fd58832d783fe7077c4,0.047,,,
2156,2026-07-28,SH600023,0.015340184792876244,EXP_XGBModel_Alpha158_csi300_custom_step0_s_20260728_15,fe5fd2b10eba4fd58832d783fe7077c4,0.047,,,
2157,2026-07-28,SZ302132,0.03082212060689926,EXP_LinearModel_Alpha158_csi300_custom_step0_s_20260728_15,089d281987e6428eb2fc4d71a4c47d99,0.01,,,
2158,2026-07-28,SH600050,-0.02510286681354046,EXP_XGBModel_Alpha158_csi300_custom_step0_s_20260728_15,fe5fd2b10eba4fd58832d783fe7077c4,0.047,,,
2159,2026-07-28,SH600066,-0.08917248994112015,EXP_XGBModel_Alpha158_csi300_custom_step0_s_20260728_15,fe5fd2b10eba4fd58832d783fe7077c4,0.047,,,
2160,2026-07-28,SH600346,-0.03700096532702446,EXP_XGBModel_Alpha158_csi300_custom_step0_s_20260728_15,fe5fd2b10eba4fd58832d783fe7077c4,0.047,,,
2161,2026-07-28,SH600309,-0.09621921181678772,EXP_XGBModel_Alpha158_csi300_custom_step0_s_20260728_15,fe5fd2b10eba4fd58832d783fe7077c4,0.047,,,
2162,2026-07-28,SH600276,-0.05842887982726097,EXP_XGBModel_Alpha158_csi300_custom_step0_s_20260728_15,fe5fd2b10eba4fd58832d783fe7077c4,0.047,,,
2163,2026-07-28,SH600233,-0.03114406019449234,EXP_XGBModel_Alpha158_csi300_custom_step0_s_20260728_15,fe5fd2b10eba4fd58832d783fe7077c4,0.047,,,
2164,2026-07-28,SH600221,-0.013381893746554852,EXP_XGBModel_Alpha158_csi300_custom_step0_s_20260728_15,fe5fd2b10eba4fd58832d783fe7077c4,0.047,,,
2165,2026-07-28,SH600219,-0.10008738189935684,EXP_XGBModel_Alpha158_csi300_custom_step0_s_20260728_15,fe5fd2b10eba4fd58832d783fe7077c4,0.047,,,
2166,2026-07-28,SH600196,-0.03111988492310047,EXP_XGBModel_Alpha158_csi300_custom_step0_s_20260728_15,fe5fd2b10eba4fd58832d783fe7077c4,0.047,,,
2167,2026-07-28,SH600188,-0.09896494448184967,EXP_XGBModel_Alpha158_csi300_custom_step0_s_20260728_15,fe5fd2b10eba4fd58832d783fe7077c4,0.047,,,
2168,2026-07-28,SH600061,-0.000526134273968637,EXP_XGBModel_Alpha158_csi300_custom_step0_s_20260728_15,fe5fd2b10eba4fd58832d783fe7077c4,0.047,,,
2169,2026-07-28,SH600183,0.1400516927242279,EXP_XGBModel_Alpha158_csi300_custom_step0_s_20260728_15,fe5fd2b10eba4fd58832d783fe7077c4,0.047,,,
2170,2026-07-28,SH600160,0.16900713741779327,EXP_XGBModel_Alpha158_csi300_custom_step0_s_20260728_15,fe5fd2b10eba4fd58832d783fe7077c4,0.047,,,
2171,2026-07-28,SH600150,-0.0019599380902945995,EXP_XGBModel_Alpha158_csi300_custom_step0_s_20260728_15,fe5fd2b10eba4fd58832d783fe7077c4,0.047,,,
2172,2026-07-28,SH600118,0.18071302771568298,EXP_XGBModel_Alpha158_csi300_custom_step0_s_20260728_15,fe5fd2b10eba4fd58832d783fe7077c4,0.047,,,
2173,2026-07-28,SH600115,-0.0036726328544318676,EXP_XGBModel_Alpha158_csi300_custom_step0_s_20260728_15,fe5fd2b10eba4fd58832d783fe7077c4,0.047,,,
2174,2026-07-28,SH600111,0.06478627771139145,EXP_XGBModel_Alpha158_csi300_custom_step0_s_20260728_15,fe5fd2b10eba4fd58832d783fe7077c4,0.047,,,
2175,2026-07-28,SH600104,0.010594075545668602,EXP_XGBModel_Alpha158_csi300_custom_step0_s_20260728_15,fe5fd2b10eba4fd58832d783fe7077c4,0.047,,,
2176,2026-07-28,SH600089,-0.03350549936294556,EXP_XGBModel_Alpha158_csi300_custom_step0_s_20260728_15,fe5fd2b10eba4fd58832d783fe7077c4,0.047,,,
2177,2026-07-28,SH600085,-0.02856418676674366,EXP_XGBModel_Alpha158_csi300_custom_step0_s_20260728_15,fe5fd2b10eba4fd58832d783fe7077c4,0.047,,,
2178,2026-07-28,SH600176,0.6714687943458557,EXP_XGBModel_Alpha158_csi300_custom_step0_s_20260728_15,fe5fd2b10eba4fd58832d783fe7077c4,0.047,,,
2179,2026-07-28,SZ301308,0.9641057848930359,EXP_LinearModel_Alpha158_csi300_custom_step0_s_20260728_15,089d281987e6428eb2fc4d71a4c47d99,0.01,,,
2180,2026-07-28,SZ301269,0.36584851145744324,EXP_LinearModel_Alpha158_csi300_custom_step0_s_20260728_15,089d281987e6428eb2fc4d71a4c47d99,0.01,,,
2181,2026-07-28,SZ301236,0.21975475549697876,EXP_LinearModel_Alpha158_csi300_custom_step0_s_20260728_15,089d281987e6428eb2fc4d71a4c47d99,0.01,,,
2182,2026-07-28,SZ300251,0.04147901386022568,EXP_LinearModel_Alpha158_csi300_custom_step0_s_20260728_15,089d281987e6428eb2fc4d71a4c47d99,0.01,,,
2183,2026-07-28,SZ300124,0.03941404074430466,EXP_LinearModel_Alpha158_csi300_custom_step0_s_20260728_15,089d281987e6428eb2fc4d71a4c47d99,0.01,,,
2184,2026-07-28,SZ300122,-0.04286441579461098,EXP_LinearModel_Alpha158_csi300_custom_step0_s_20260728_15,089d281987e6428eb2fc4d71a4c47d99,0.01,,,
2185,2026-07-28,SZ300059,-0.06849641352891922,EXP_LinearModel_Alpha158_csi300_custom_step0_s_20260728_15,089d281987e6428eb2fc4d71a4c47d99,0.01,,,
2186,2026-07-28,SZ300033,0.025054829195141792,EXP_LinearModel_Alpha158_csi300_custom_step0_s_20260728_15,089d281987e6428eb2fc4d71a4c47d99,0.01,,,
2187,2026-07-28,SZ300015,0.012796944007277489,EXP_LinearModel_Alpha158_csi300_custom_step0_s_20260728_15,089d281987e6428eb2fc4d71a4c47d99,0.01,,,
2188,2026-07-28,SZ300014,0.09288182854652405,EXP_LinearModel_Alpha158_csi300_custom_step0_s_20260728_15,089d281987e6428eb2fc4d71a4c47d99,0.01,,,
2189,2026-07-28,SZ003816,0.1160537451505661,EXP_LinearModel_Alpha158_csi300_custom_step0_s_20260728_15,089d281987e6428eb2fc4d71a4c47d99,0.01,,,
2190,2026-07-28,SZ300274,0.3000319302082062,EXP_LinearModel_Alpha158_csi300_custom_step0_s_20260728_15,089d281987e6428eb2fc4d71a4c47d99,0.01,,,
2191,2026-07-28,SZ002938,0.2718467712402344,EXP_LinearModel_Alpha158_csi300_custom_step0_s_20260728_15,089d281987e6428eb2fc4d71a4c47d99,0.01,,,
2192,2026-07-28,SZ002916,0.25628477334976196,EXP_LinearModel_Alpha158_csi300_custom_step0_s_20260728_15,089d281987e6428eb2fc4d71a4c47d99,0.01,,,
2193,2026-07-28,SZ002837,0.35338181257247925,EXP_LinearModel_Alpha158_csi300_custom_step0_s_20260728_15,089d281987e6428eb2fc4d71a4c47d99,0.01,,,
2194,2026-07-28,SZ002736,-0.0526917390525341,EXP_LinearModel_Alpha158_csi300_custom_step0_s_20260728_15,089d281987e6428eb2fc4d71a4c47d99,0.01,,,
2195,2026-07-28,SZ002714,0.11543375253677368,EXP_LinearModel_Alpha158_csi300_custom_step0_s_20260728_15,089d281987e6428eb2fc4d71a4c47d99,0.01,,,
2196,2026-07-28,SZ002709,0.2679707109928131,EXP_LinearModel_Alpha158_csi300_custom_step0_s_20260728_15,089d281987e6428eb2fc4d71a4c47d99,0.01,,,
2197,2026-07-28,SZ002648,-0.0335233137011528,EXP_LinearModel_Alpha158_csi300_custom_step0_s_20260728_15,089d281987e6428eb2fc4d71a4c47d99,0.01,,,
2198,2026-07-28,SZ002625,-0.04629775136709213,EXP_LinearModel_Alpha158_csi300_custom_step0_s_20260728_15,089d281987e6428eb2fc4d71a4c47d99,0.01,,,
2199,2026-07-28,SZ002602,0.08413650095462799,EXP_LinearModel_Alpha158_csi300_custom_step0_s_20260728_15,089d281987e6428eb2fc4d71a4c47d99,0.01,,,
2200,2026-07-28,SZ002920,0.09611817449331284,EXP_LinearModel_Alpha158_csi300_custom_step0_s_20260728_15,089d281987e6428eb2fc4d71a4c47d99,0.01,,,
2201,2026-07-28,SZ300308,0.10465651750564575,EXP_LinearModel_Alpha158_csi300_custom_step0_s_20260728_15,089d281987e6428eb2fc4d71a4c47d99,0.01,,,
2202,2026-07-28,SZ300316,0.3772497773170471,EXP_LinearModel_Alpha158_csi300_custom_step0_s_20260728_15,089d281987e6428eb2fc4d71a4c47d99,0.01,,,
2203,2026-07-28,SZ300394,0.6099846363067627,EXP_LinearModel_Alpha158_csi300_custom_step0_s_20260728_15,089d281987e6428eb2fc4d71a4c47d99,0.01,,,
2204,2026-07-28,SZ301165,0.12952351570129395,EXP_LinearModel_Alpha158_csi300_custom_step0_s_20260728_15,089d281987e6428eb2fc4d71a4c47d99,0.01,,,
2205,2026-07-28,SZ300999,0.06500773876905441,EXP_LinearModel_Alpha158_csi300_custom_step0_s_20260728_15,089d281987e6428eb2fc4d71a4c47d99,0.01,,,
2206,2026-07-28,SZ300896,0.02277115173637867,EXP_LinearModel_Alpha158_csi300_custom_step0_s_20260728_15,089d281987e6428eb2fc4d71a4c47d99,0.01,,,
2207,2026-07-28,SZ300866,0.024250347167253494,EXP_LinearModel_Alpha158_csi300_custom_step0_s_20260728_15,089d281987e6428eb2fc4d71a4c47d99,0.01,,,
2208,2026-07-28,SZ300832,-0.010063163936138153,EXP_LinearModel_Alpha158_csi300_custom_step0_s_20260728_15,089d281987e6428eb2fc4d71a4c47d99,0.01,,,
2209,2026-07-28,SZ300803,0.30040428042411804,EXP_LinearModel_Alpha158_csi300_custom_step0_s_20260728_15,089d281987e6428eb2fc4d71a4c47d99,0.01,,,
2210,2026-07-28,SZ300760,0.11211439967155457,EXP_LinearModel_Alpha158_csi300_custom_step0_s_20260728_15,089d281987e6428eb2fc4d71a4c47d99,0.01,,,
2211,2026-07-28,SZ300750,0.014379018917679787,EXP_LinearModel_Alpha158_csi300_custom_step0_s_20260728_15,089d281987e6428eb2fc4d71a4c47d99,0.01,,,
2212,2026-07-28,SZ300661,0.1365739405155182,EXP_LinearModel_Alpha158_csi300_custom_step0_s_20260728_15,089d281987e6428eb2fc4d71a4c47d99,0.01,,,
2213,2026-07-28,SZ300628,0.0456051379442215,EXP_LinearModel_Alpha158_csi300_custom_step0_s_20260728_15,089d281987e6428eb2fc4d71a4c47d99,0.01,,,
2214,2026-07-28,SZ300502,0.21869635581970215,EXP_LinearModel_Alpha158_csi300_custom_step0_s_20260728_15,089d281987e6428eb2fc4d71a4c47d99,0.01,,,
2215,2026-07-28,SZ300498,0.11592934280633926,EXP_LinearModel_Alpha158_csi300_custom_step0_s_20260728_15,089d281987e6428eb2fc4d71a4c47d99,0.01,,,
2216,2026-07-28,SZ300476,0.7158963084220886,EXP_LinearModel_Alpha158_csi300_custom_step0_s_20260728_15,089d281987e6428eb2fc4d71a4c47d99,0.01,,,
2217,2026-07-28,SZ300450,0.31374236941337585,EXP_LinearModel_Alpha158_csi300_custom_step0_s_20260728_15,089d281987e6428eb2fc4d71a4c47d99,0.01,,,
2218,2026-07-28,SZ300442,0.3146330714225769,EXP_LinearModel_Alpha158_csi300_custom_step0_s_20260728_15,089d281987e6428eb2fc4d71a4c47d99,0.01,,,
2219,2026-07-28,SZ300433,0.28443458676338196,EXP_LinearModel_Alpha158_csi300_custom_step0_s_20260728_15,089d281987e6428eb2fc4d71a4c47d99,0.01,,,
2220,2026-07-28,SZ300418,0.42371833324432373,EXP_LinearModel_Alpha158_csi300_custom_step0_s_20260728_15,089d281987e6428eb2fc4d71a4c47d99,0.01,,,
2221,2026-07-28,SZ300413,0.06334621459245682,EXP_LinearModel_Alpha158_csi300_custom_step0_s_20260728_15,089d281987e6428eb2fc4d71a4c47d99,0.01,,,
2222,2026-07-28,SZ300408,0.4614786207675934,EXP_LinearModel_Alpha158_csi300_custom_step0_s_20260728_15,089d281987e6428eb2fc4d71a4c47d99,0.01,,,
2223,2026-07-28,SH600362,-0.02178659662604332,EXP_XGBModel_Alpha158_csi300_custom_step0_s_20260728_15,fe5fd2b10eba4fd58832d783fe7077c4,0.047,,,
2224,2026-07-28,SZ002600,0.2723845839500427,EXP_LinearModel_Alpha158_csi300_custom_step0_s_20260728_15,089d281987e6428eb2fc4d71a4c47d99,0.01,,,
2225,2026-07-28,SH600372,0.01632498949766159,EXP_XGBModel_Alpha158_csi300_custom_step0_s_20260728_15,fe5fd2b10eba4fd58832d783fe7077c4,0.047,,,
2226,2026-07-28,SH600415,-0.04000300168991089,EXP_XGBModel_Alpha158_csi300_custom_step0_s_20260728_15,fe5fd2b10eba4fd58832d783fe7077c4,0.047,,,
2227,2026-07-28,SH601238,0.013539064675569534,EXP_XGBModel_Alpha158_csi300_custom_step0_s_20260728_15,fe5fd2b10eba4fd58832d783fe7077c4,0.047,,,
2228,2026-07-28,SH601229,0.07962120324373245,EXP_XGBModel_Alpha158_csi300_custom_step0_s_20260728_15,fe5fd2b10eba4fd58832d783fe7077c4,0.047,,,
2229,2026-07-28,SH601225,-0.07886168360710144,EXP_XGBModel_Alpha158_csi300_custom_step0_s_20260728_15,fe5fd2b10eba4fd58832d783fe7077c4,0.047,,,
2230,2026-07-28,SH601211,-0.10710702836513519,EXP_XGBModel_Alpha158_csi300_custom_step0_s_20260728_15,fe5fd2b10eba4fd58832d783fe7077c4,0.047,,,
2231,2026-07-28,SH601186,0.02592054381966591,EXP_XGBModel_Alpha158_csi300_custom_step0_s_20260728_15,fe5fd2b10eba4fd58832d783fe7077c4,0.047,,,
2232,2026-07-28,SH601169,0.04891849681735039,EXP_XGBModel_Alpha158_csi300_custom_step0_s_20260728_15,fe5fd2b10eba4fd58832d783fe7077c4,0.047,,,
2233,2026-07-28,SH601166,0.009227181784808636,EXP_XGBModel_Alpha158_csi300_custom_step0_s_20260728_15,fe5fd2b10eba4fd58832d783fe7077c4,0.047,,,
2234,2026-07-28,SH601138,0.119066521525383,EXP_XGBModel_Alpha158_csi300_custom_step0_s_20260728_15,fe5fd2b10eba4fd58832d783fe7077c4,0.047,,,
2235,2026-07-28,SH601288,-0.05330096557736397,EXP_XGBModel_Alpha158_csi300_custom_step0_s_20260728_15,fe5fd2b10eba4fd58832d783fe7077c4,0.047,,,
2236,2026-07-28,SH601136,-0.019038088619709015,EXP_XGBModel_Alpha158_csi300_custom_step0_s_20260728_15,fe5fd2b10eba4fd58832d783fe7077c4,0.047,,,
2237,2026-07-28,SH601117,-0.0034591415897011757,EXP_XGBModel_Alpha158_csi300_custom_step0_s_20260728_15,fe5fd2b10eba4fd58832d783fe7077c4,0.047,,,
2238,2026-07-28,SH601111,-0.006158907897770405,EXP_XGBModel_Alpha158_csi300_custom_step0_s_20260728_15,fe5fd2b10eba4fd58832d783fe7077c4,0.047,,,
2239,2026-07-28,SH601100,-0.002467659767717123,EXP_XGBModel_Alpha158_csi300_custom_step0_s_20260728_15,fe5fd2b10eba4fd58832d783fe7077c4,0.047,,,
2240,2026-07-28,SH601088,-0.10053940862417221,EXP_XGBModel_Alpha158_csi300_custom_step0_s_20260728_15,fe5fd2b10eba4fd58832d783fe7077c4,0.047,,,
2241,2026-07-28,SH601077,0.017571590840816498,EXP_XGBModel_Alpha158_csi300_custom_step0_s_20260728_15,fe5fd2b10eba4fd58832d783fe7077c4,0.047,,,
2242,2026-07-28,SH601066,0.08234330266714096,EXP_XGBModel_Alpha158_csi300_custom_step0_s_20260728_15,fe5fd2b10eba4fd58832d783fe7077c4,0.047,,,
2243,2026-07-28,SH601059,0.008120095357298851,EXP_XGBModel_Alpha158_csi300_custom_step0_s_20260728_15,fe5fd2b10eba4fd58832d783fe7077c4,0.047,,,
2244,2026-07-28,SH601058,-0.03504754602909088,EXP_XGBModel_Alpha158_csi300_custom_step0_s_20260728_15,fe5fd2b10eba4fd58832d783fe7077c4,0.047,,,
2245,2026-07-28,SH601127,0.027693534269928932,EXP_XGBModel_Alpha158_csi300_custom_step0_s_20260728_15,fe5fd2b10eba4fd58832d783fe7077c4,0.047,,,
2246,2026-07-28,SH601021,0.02740263007581234,EXP_XGBModel_Alpha158_csi300_custom_step0_s_20260728_15,fe5fd2b10eba4fd58832d783fe7077c4,0.047,,,
2247,2026-07-28,SH601318,-0.07977720350027084,EXP_XGBModel_Alpha158_csi300_custom_step0_s_20260728_15,fe5fd2b10eba4fd58832d783fe7077c4,0.047,,,
2248,2026-07-28,SH601328,0.0043366146273911,EXP_XGBModel_Alpha158_csi300_custom_step0_s_20260728_15,fe5fd2b10eba4fd58832d783fe7077c4,0.047,,,
2249,2026-07-28,SH601698,0.07412537187337875,EXP_XGBModel_Alpha158_csi300_custom_step0_s_20260728_15,fe5fd2b10eba4fd58832d783fe7077c4,0.047,,,
2250,2026-07-28,SH601689,0.13883835077285767,EXP_XGBModel_Alpha158_csi300_custom_step0_s_20260728_15,fe5fd2b10eba4fd58832d783fe7077c4,0.047,,,
2251,2026-07-28,SH601688,-0.00030515057733282447,EXP_XGBModel_Alpha158_csi300_custom_step0_s_20260728_15,fe5fd2b10eba4fd58832d783fe7077c4,0.047,,,
2252,2026-07-28,SH601669,-0.017240921035408974,EXP_XGBModel_Alpha158_csi300_custom_step0_s_20260728_15,fe5fd2b10eba4fd58832d783fe7077c4,0.047,,,
2253,2026-07-28,SH601668,0.006361863110214472,EXP_XGBModel_Alpha158_csi300_custom_step0_s_20260728_15,fe5fd2b10eba4fd58832d783fe7077c4,0.047,,,
2254,2026-07-28,SH601658,0.055768031626939774,EXP_XGBModel_Alpha158_csi300_custom_step0_s_20260728_15,fe5fd2b10eba4fd58832d783fe7077c4,0.047,,,
2255,2026-07-28,SH601633,-0.02954799309372902,EXP_XGBModel_Alpha158_csi300_custom_step0_s_20260728_15,fe5fd2b10eba4fd58832d783fe7077c4,0.047,,,
2256,2026-07-28,SH601628,-0.0513334646821022,EXP_XGBModel_Alpha158_csi300_custom_step0_s_20260728_15,fe5fd2b10eba4fd58832d783fe7077c4,0.047,,,
2257,2026-07-28,SH601319,-0.02931273728609085,EXP_XGBModel_Alpha158_csi300_custom_step0_s_20260728_15,fe5fd2b10eba4fd58832d783fe7077c4,0.047,,,
2258,2026-07-28,SH601618,0.011086641810834408,EXP_XGBModel_Alpha158_csi300_custom_step0_s_20260728_15,fe5fd2b10eba4fd58832d783fe7077c4,0.047,,,
2259,2026-07-28,SH601601,-0.022895656526088715,EXP_XGBModel_Alpha158_csi300_custom_step0_s_20260728_15,fe5fd2b10eba4fd58832d783fe7077c4,0.047,,,
2260,2026-07-28,SH601600,-0.10661032050848007,EXP_XGBModel_Alpha158_csi300_custom_step0_s_20260728_15,fe5fd2b10eba4fd58832d783fe7077c4,0.047,,,
2261,2026-07-28,SH601456,0.0033201342448592186,EXP_XGBModel_Alpha158_csi300_custom_step0_s_20260728_15,fe5fd2b10eba4fd58832d783fe7077c4,0.047,,,
2262,2026-07-28,SH601398,-0.0017250666860491037,EXP_XGBModel_Alpha158_csi300_custom_step0_s_20260728_15,fe5fd2b10eba4fd58832d783fe7077c4,0.047,,,
2263,2026-07-28,SH601390,0.008709535002708435,EXP_XGBModel_Alpha158_csi300_custom_step0_s_20260728_15,fe5fd2b10eba4fd58832d783fe7077c4,0.047,,,
2264,2026-07-28,SH601377,0.03773193806409836,EXP_XGBModel_Alpha158_csi300_custom_step0_s_20260728_15,fe5fd2b10eba4fd58832d783fe7077c4,0.047,,,
2265,2026-07-28,SH601360,-0.009449100121855736,EXP_XGBModel_Alpha158_csi300_custom_step0_s_20260728_15,fe5fd2b10eba4fd58832d783fe7077c4,0.047,,,
2266,2026-07-28,SH601336,-0.004321772139519453,EXP_XGBModel_Alpha158_csi300_custom_step0_s_20260728_15,fe5fd2b10eba4fd58832d783fe7077c4,0.047,,,
2267,2026-07-28,SH601607,0.003799040336161852,EXP_XGBModel_Alpha158_csi300_custom_step0_s_20260728_15,fe5fd2b10eba4fd58832d783fe7077c4,0.047,,,
2268,2026-07-28,SH601018,0.02591661922633648,EXP_XGBModel_Alpha158_csi300_custom_step0_s_20260728_15,fe5fd2b10eba4fd58832d783fe7077c4,0.047,,,
2269,2026-07-28,SH601012,-0.0038708695210516453,EXP_XGBModel_Alpha158_csi300_custom_step0_s_20260728_15,fe5fd2b10eba4fd58832d783fe7077c4,0.047,,,
2270,2026-07-28,SH601009,0.017115801572799683,EXP_XGBModel_Alpha158_csi300_custom_step0_s_20260728_15,fe5fd2b10eba4fd58832d783fe7077c4,0.047,,,
2271,2026-07-28,SH600674,0.022272562608122826,EXP_XGBModel_Alpha158_csi300_custom_step0_s_20260728_15,fe5fd2b10eba4fd58832d783fe7077c4,0.047,,,
2272,2026-07-28,SH600660,-0.003408590564504266,EXP_XGBModel_Alpha158_csi300_custom_step0_s_20260728_15,fe5fd2b10eba4fd58832d783fe7077c4,0.047,,,
2273,2026-07-28,SH600600,-0.007531626150012016,EXP_XGBModel_Alpha158_csi300_custom_step0_s_20260728_15,fe5fd2b10eba4fd58832d783fe7077c4,0.047,,,
2274,2026-07-28,SH600588,0.013290573842823505,EXP_XGBModel_Alpha158_csi300_custom_step0_s_20260728_15,fe5fd2b10eba4fd58832d783fe7077c4,0.047,,,
2275,2026-07-28,SH600585,-0.024889376014471054,EXP_XGBModel_Alpha158_csi300_custom_step0_s_20260728_15,fe5fd2b10eba4fd58832d783fe7077c4,0.047,,,
2276,2026-07-28,SH600584,0.09182777255773544,EXP_XGBModel_Alpha158_csi300_custom_step0_s_20260728_15,fe5fd2b10eba4fd58832d783fe7077c4,0.047,,,
2277,2026-07-28,SH600570,0.013780389912426472,EXP_XGBModel_Alpha158_csi300_custom_step0_s_20260728_15,fe5fd2b10eba4fd58832d783fe7077c4,0.047,,,
2278,2026-07-28,SH600549,0.3593321442604065,EXP_XGBModel_Alpha158_csi300_custom_step0_s_20260728_15,fe5fd2b10eba4fd58832d783fe7077c4,0.047,,,
2279,2026-07-28,SH600690,-0.008587835356593132,EXP_XGBModel_Alpha158_csi300_custom_step0_s_20260728_15,fe5fd2b10eba4fd58832d783fe7077c4,0.047,,,
2280,2026-07-28,SH600547,-0.07517556846141815,EXP_XGBModel_Alpha158_csi300_custom_step0_s_20260728_15,fe5fd2b10eba4fd58832d783fe7077c4,0.047,,,
2281,2026-07-28,SH600519,-0.04290776699781418,EXP_XGBModel_Alpha158_csi300_custom_step0_s_20260728_15,fe5fd2b10eba4fd58832d783fe7077c4,0.047,,,
2282,2026-07-28,SH600515,0.023147689178586006,EXP_XGBModel_Alpha158_csi300_custom_step0_s_20260728_15,fe5fd2b10eba4fd58832d783fe7077c4,0.047,,,
2283,2026-07-28,SH600489,-0.11664070934057236,EXP_XGBModel_Alpha158_csi300_custom_step0_s_20260728_15,fe5fd2b10eba4fd58832d783fe7077c4,0.047,,,
2284,2026-07-28,SH600482,-0.012693019583821297,EXP_XGBModel_Alpha158_csi300_custom_step0_s_20260728_15,fe5fd2b10eba4fd58832d783fe7077c4,0.047,,,
2285,2026-07-28,SH600460,0.6017356514930725,EXP_XGBModel_Alpha158_csi300_custom_step0_s_20260728_15,fe5fd2b10eba4fd58832d783fe7077c4,0.047,,,
2286,2026-07-28,SH600438,-0.03051135130226612,EXP_XGBModel_Alpha158_csi300_custom_step0_s_20260728_15,fe5fd2b10eba4fd58832d783fe7077c4,0.047,,,
2287,2026-07-28,SH600436,0.0002069492475129664,EXP_XGBModel_Alpha158_csi300_custom_step0_s_20260728_15,fe5fd2b10eba4fd58832d783fe7077c4,0.047,,,
2288,2026-07-28,SH600426,-0.02879159152507782,EXP_XGBModel_Alpha158_csi300_custom_step0_s_20260728_15,fe5fd2b10eba4fd58832d783fe7077c4,0.047,,,
2289,2026-07-28,SH600522,0.08967117965221405,EXP_XGBModel_Alpha158_csi300_custom_step0_s_20260728_15,fe5fd2b10eba4fd58832d783fe7077c4,0.047,,,
2290,2026-07-28,SH600741,0.007192949298769236,EXP_XGBModel_Alpha158_csi300_custom_step0_s_20260728_15,fe5fd2b10eba4fd58832d783fe7077c4,0.047,,,
2291,2026-07-28,SH600760,-0.110896036028862,EXP_XGBModel_Alpha158_csi300_custom_step0_s_20260728_15,fe5fd2b10eba4fd58832d783fe7077c4,0.047,,,
2292,2026-07-28,SH600795,0.0254952572286129,EXP_XGBModel_Alpha158_csi300_custom_step0_s_20260728_15,fe5fd2b10eba4fd58832d783fe7077c4,0.047,,,
2293,2026-07-28,SH601006,-0.003753789234906435,EXP_XGBModel_Alpha158_csi300_custom_step0_s_20260728_15,fe5fd2b10eba4fd58832d783fe7077c4,0.047,,,
2294,2026-07-28,SH600999,0.09692268818616867,EXP_XGBModel_Alpha158_csi300_custom_step0_s_20260728_15,fe5fd2b10eba4fd58832d783fe7077c4,0.047,,,
2295,2026-07-28,SH600989,-0.014676783233880997,EXP_XGBModel_Alpha158_csi300_custom_step0_s_20260728_15,fe5fd2b10eba4fd58832d783fe7077c4,0.047,,,
2296,2026-07-28,SH600958,-0.014846066012978554,EXP_XGBModel_Alpha158_csi300_custom_step0_s_20260728_15,fe5fd2b10eba4fd58832d783fe7077c4,0.047,,,
2297,2026-07-28,SH600941,0.033542364835739136,EXP_XGBModel_Alpha158_csi300_custom_step0_s_20260728_15,fe5fd2b10eba4fd58832d783fe7077c4,0.047,,,
2298,2026-07-28,SH600938,-0.037063516676425934,EXP_XGBModel_Alpha158_csi300_custom_step0_s_20260728_15,fe5fd2b10eba4fd58832d783fe7077c4,0.047,,,
2299,2026-07-28,SH600930,0.03621517866849899,EXP_XGBModel_Alpha158_csi300_custom_step0_s_20260728_15,fe5fd2b10eba4fd58832d783fe7077c4,0.047,,,
2300,2026-07-28,SH600926,0.08674865961074829,EXP_XGBModel_Alpha158_csi300_custom_step0_s_20260728_15,fe5fd2b10eba4fd58832d783fe7077c4,0.047,,,
2301,2026-07-28,SH600919,0.05231662839651108,EXP_XGBModel_Alpha158_csi300_custom_step0_s_20260728_15,fe5fd2b10eba4fd58832d783fe7077c4,0.047,,,
2302,2026-07-28,SH600918,-0.030334625393152237,EXP_XGBModel_Alpha158_csi300_custom_step0_s_20260728_15,fe5fd2b10eba4fd58832d783fe7077c4,0.047,,,
2303,2026-07-28,SH600905,0.022471366450190544,EXP_XGBModel_Alpha158_csi300_custom_step0_s_20260728_15,fe5fd2b10eba4fd58832d783fe7077c4,0.047,,,
2304,2026-07-28,SH600900,0.007736514322459698,EXP_XGBModel_Alpha158_csi300_custom_step0_s_20260728_15,fe5fd2b10eba4fd58832d783fe7077c4,0.047,,,
2305,2026-07-28,SH600893,0.01244550384581089,EXP_XGBModel_Alpha158_csi300_custom_step0_s_20260728_15,fe5fd2b10eba4fd58832d783fe7077c4,0.047,,,
2306,2026-07-28,SH600887,0.032826535403728485,EXP_XGBModel_Alpha158_csi300_custom_step0_s_20260728_15,fe5fd2b10eba4fd58832d783fe7077c4,0.047,,,
2307,2026-07-28,SH600886,-0.017148450016975403,EXP_XGBModel_Alpha158_csi300_custom_step0_s_20260728_15,fe5fd2b10eba4fd58832d783fe7077c4,0.047,,,
2308,2026-07-28,SH600875,0.03330468386411667,EXP_XGBModel_Alpha158_csi300_custom_step0_s_20260728_15,fe5fd2b10eba4fd58832d783fe7077c4,0.047,,,
2309,2026-07-28,SH600845,0.035749342292547226,EXP_XGBModel_Alpha158_csi300_custom_step0_s_20260728_15,fe5fd2b10eba4fd58832d783fe7077c4,0.047,,,
2310,2026-07-28,SH600809,-0.1289605349302292,EXP_XGBModel_Alpha158_csi300_custom_step0_s_20260728_15,fe5fd2b10eba4fd58832d783fe7077c4,0.047,,,
2311,2026-07-28,SH600803,-0.01937381736934185,EXP_XGBModel_Alpha158_csi300_custom_step0_s_20260728_15,fe5fd2b10eba4fd58832d783fe7077c4,0.047,,,
2312,2026-07-28,SH600406,0.013793528079986572,EXP_XGBModel_Alpha158_csi300_custom_step0_s_20260728_15,fe5fd2b10eba4fd58832d783fe7077c4,0.047,,,
2313,2026-07-28,SH601727,0.025248661637306213,EXP_XGBModel_Alpha158_csi300_custom_step0_s_20260728_15,fe5fd2b10eba4fd58832d783fe7077c4,0.047,,,
2314,2026-07-28,SZ002594,-0.036720335483551025,EXP_LinearModel_Alpha158_csi300_custom_step0_s_20260728_15,089d281987e6428eb2fc4d71a4c47d99,0.01,,,
2315,2026-07-28,SZ002532,-0.08927243202924728,EXP_LinearModel_Alpha158_csi300_custom_step0_s_20260728_15,089d281987e6428eb2fc4d71a4c47d99,0.01,,,
2316,2026-07-28,SH601868,0.11345396190881729,EXP_LinearModel_Alpha158_csi300_custom_step0_s_20260728_15,089d281987e6428eb2fc4d71a4c47d99,0.01,,,
2317,2026-07-28,SH601857,-0.024414535611867905,EXP_LinearModel_Alpha158_csi300_custom_step0_s_20260728_15,089d281987e6428eb2fc4d71a4c47d99,0.01,,,
2318,2026-07-28,SH601838,0.04633890464901924,EXP_LinearModel_Alpha158_csi300_custom_step0_s_20260728_15,089d281987e6428eb2fc4d71a4c47d99,0.01,,,
2319,2026-07-28,SH601825,-0.07349711656570435,EXP_LinearModel_Alpha158_csi300_custom_step0_s_20260728_15,089d281987e6428eb2fc4d71a4c47d99,0.01,,,
2320,2026-07-28,SH601818,-0.028942886739969254,EXP_LinearModel_Alpha158_csi300_custom_step0_s_20260728_15,089d281987e6428eb2fc4d71a4c47d99,0.01,,,
2321,2026-07-28,SH601816,-0.00796712376177311,EXP_LinearModel_Alpha158_csi300_custom_step0_s_20260728_15,089d281987e6428eb2fc4d71a4c47d99,0.01,,,
2322,2026-07-28,SH601800,-0.00023193983361124992,EXP_LinearModel_Alpha158_csi300_custom_step0_s_20260728_15,089d281987e6428eb2fc4d71a4c47d99,0.01,,,
2323,2026-07-28,SH601788,-0.059978656470775604,EXP_LinearModel_Alpha158_csi300_custom_step0_s_20260728_15,089d281987e6428eb2fc4d71a4c47d99,0.01,,,
2324,2026-07-28,SH601872,-0.13255207240581512,EXP_LinearModel_Alpha158_csi300_custom_step0_s_20260728_15,089d281987e6428eb2fc4d71a4c47d99,0.01,,,
2325,2026-07-28,SH601766,0.049029476940631866,EXP_LinearModel_Alpha158_csi300_custom_step0_s_20260728_15,089d281987e6428eb2fc4d71a4c47d99,0.01,,,
2326,2026-07-28,SH601727,0.1467801332473755,EXP_LinearModel_Alpha158_csi300_custom_step0_s_20260728_15,089d281987e6428eb2fc4d71a4c47d99,0.01,,,
2327,2026-07-28,SH601698,0.23933304846286774,EXP_LinearModel_Alpha158_csi300_custom_step0_s_20260728_15,089d281987e6428eb2fc4d71a4c47d99,0.01,,,
2328,2026-07-28,SH601689,0.23672473430633545,EXP_LinearModel_Alpha158_csi300_custom_step0_s_20260728_15,089d281987e6428eb2fc4d71a4c47d99,0.01,,,
2329,2026-07-28,SH601688,-0.06715309619903564,EXP_LinearModel_Alpha158_csi300_custom_step0_s_20260728_15,089d281987e6428eb2fc4d71a4c47d99,0.01,,,
2330,2026-07-28,SH601669,-0.02723642624914646,EXP_LinearModel_Alpha158_csi300_custom_step0_s_20260728_15,089d281987e6428eb2fc4d71a4c47d99,0.01,,,
2331,2026-07-28,SH601668,-0.02565000392496586,EXP_LinearModel_Alpha158_csi300_custom_step0_s_20260728_15,089d281987e6428eb2fc4d71a4c47d99,0.01,,,
2332,2026-07-28,SH601658,0.004889432340860367,EXP_LinearModel_Alpha158_csi300_custom_step0_s_20260728_15,089d281987e6428eb2fc4d71a4c47d99,0.01,,,
2333,2026-07-28,SH601633,0.023224713280797005,EXP_LinearModel_Alpha158_csi300_custom_step0_s_20260728_15,089d281987e6428eb2fc4d71a4c47d99,0.01,,,
2334,2026-07-28,SH601728,-0.05065618082880974,EXP_LinearModel_Alpha158_csi300_custom_step0_s_20260728_15,089d281987e6428eb2fc4d71a4c47d99,0.01,,,
2335,2026-07-28,SH601628,0.007762141991406679,EXP_LinearModel_Alpha158_csi300_custom_step0_s_20260728_15,089d281987e6428eb2fc4d71a4c47d99,0.01,,,
2336,2026-07-28,SH601877,0.0587458536028862,EXP_LinearModel_Alpha158_csi300_custom_step0_s_20260728_15,089d281987e6428eb2fc4d71a4c47d99,0.01,,,
2337,2026-07-28,SH601881,-0.036524686962366104,EXP_LinearModel_Alpha158_csi300_custom_step0_s_20260728_15,089d281987e6428eb2fc4d71a4c47d99,0.01,,,
2338,2026-07-28,SH603392,0.025725705549120903,EXP_LinearModel_Alpha158_csi300_custom_step0_s_20260728_15,089d281987e6428eb2fc4d71a4c47d99,0.01,,,
2339,2026-07-28,SH603369,0.02969987317919731,EXP_LinearModel_Alpha158_csi300_custom_step0_s_20260728_15,089d281987e6428eb2fc4d71a4c47d99,0.01,,,
2340,2026-07-28,SH603296,-0.23362590372562408,EXP_LinearModel_Alpha158_csi300_custom_step0_s_20260728_15,089d281987e6428eb2fc4d71a4c47d99,0.01,,,
2341,2026-07-28,SH603288,-0.004994984250515699,EXP_LinearModel_Alpha158_csi300_custom_step0_s_20260728_15,089d281987e6428eb2fc4d71a4c47d99,0.01,,,
2342,2026-07-28,SH603260,0.4279683232307434,EXP_LinearModel_Alpha158_csi300_custom_step0_s_20260728_15,089d281987e6428eb2fc4d71a4c47d99,0.01,,,
2343,2026-07-28,SH603259,0.0866357758641243,EXP_LinearModel_Alpha158_csi300_custom_step0_s_20260728_15,089d281987e6428eb2fc4d71a4c47d99,0.01,,,
2344,2026-07-28,SH603019,0.19936813414096832,EXP_LinearModel_Alpha158_csi300_custom_step0_s_20260728_15,089d281987e6428eb2fc4d71a4c47d99,0.01,,,
2345,2026-07-28,SH601998,0.002828002907335758,EXP_LinearModel_Alpha158_csi300_custom_step0_s_20260728_15,089d281987e6428eb2fc4d71a4c47d99,0.01,,,
2346,2026-07-28,SH601878,-0.02373659238219261,EXP_LinearModel_Alpha158_csi300_custom_step0_s_20260728_15,089d281987e6428eb2fc4d71a4c47d99,0.01,,,
2347,2026-07-28,SH601995,-0.042284220457077026,EXP_LinearModel_Alpha158_csi300_custom_step0_s_20260728_15,089d281987e6428eb2fc4d71a4c47d99,0.01,,,
2348,2026-07-28,SH601985,0.047636400908231735,EXP_LinearModel_Alpha158_csi300_custom_step0_s_20260728_15,089d281987e6428eb2fc4d71a4c47d99,0.01,,,
2349,2026-07-28,SH601939,-0.02205832675099373,EXP_LinearModel_Alpha158_csi300_custom_step0_s_20260728_15,089d281987e6428eb2fc4d71a4c47d99,0.01,,,
2350,2026-07-28,SH601919,-0.038614243268966675,EXP_LinearModel_Alpha158_csi300_custom_step0_s_20260728_15,089d281987e6428eb2fc4d71a4c47d99,0.01,,,
2351,2026-07-28,SH601916,-0.03783243149518967,EXP_LinearModel_Alpha158_csi300_custom_step0_s_20260728_15,089d281987e6428eb2fc4d71a4c47d99,0.01,,,
2352,2026-07-28,SH601901,-0.04748235270380974,EXP_LinearModel_Alpha158_csi300_custom_step0_s_20260728_15,089d281987e6428eb2fc4d71a4c47d99,0.01,,,
2353,2026-07-28,SH601899,-0.06655656546354294,EXP_LinearModel_Alpha158_csi300_custom_step0_s_20260728_15,089d281987e6428eb2fc4d71a4c47d99,0.01,,,
2354,2026-07-28,SH601898,-0.14241167902946472,EXP_LinearModel_Alpha158_csi300_custom_step0_s_20260728_15,089d281987e6428eb2fc4d71a4c47d99,0.01,,,
2355,2026-07-28,SH601888,0.03518490120768547,EXP_LinearModel_Alpha158_csi300_custom_step0_s_20260728_15,089d281987e6428eb2fc4d71a4c47d99,0.01,,,
2356,2026-07-28,SH601988,0.02381717413663864,EXP_LinearModel_Alpha158_csi300_custom_step0_s_20260728_15,089d281987e6428eb2fc4d71a4c47d99,0.01,,,
2357,2026-07-28,SH601618,0.07278142869472504,EXP_LinearModel_Alpha158_csi300_custom_step0_s_20260728_15,089d281987e6428eb2fc4d71a4c47d99,0.01,,,
2358,2026-07-28,SH601607,-0.0681963860988617,EXP_LinearModel_Alpha158_csi300_custom_step0_s_20260728_15,089d281987e6428eb2fc4d71a4c47d99,0.01,,,
2359,2026-07-28,SH601601,0.04969877749681473,EXP_LinearModel_Alpha158_csi300_custom_step0_s_20260728_15,089d281987e6428eb2fc4d71a4c47d99,0.01,,,
2360,2026-07-28,SH601100,0.013778000138700008,EXP_LinearModel_Alpha158_csi300_custom_step0_s_20260728_15,089d281987e6428eb2fc4d71a4c47d99,0.01,,,
2361,2026-07-28,SH601088,-0.06746990233659744,EXP_LinearModel_Alpha158_csi300_custom_step0_s_20260728_15,089d281987e6428eb2fc4d71a4c47d99,0.01,,,
2362,2026-07-28,SH601077,-0.019385797902941704,EXP_LinearModel_Alpha158_csi300_custom_step0_s_20260728_15,089d281987e6428eb2fc4d71a4c47d99,0.01,,,
2363,2026-07-28,SH601066,0.05541214346885681,EXP_LinearModel_Alpha158_csi300_custom_step0_s_20260728_15,089d281987e6428eb2fc4d71a4c47d99,0.01,,,
2364,2026-07-28,SH601059,-0.10703878104686737,EXP_LinearModel_Alpha158_csi300_custom_step0_s_20260728_15,089d281987e6428eb2fc4d71a4c47d99,0.01,,,
2365,2026-07-28,SH601058,0.006775298621505499,EXP_LinearModel_Alpha158_csi300_custom_step0_s_20260728_15,089d281987e6428eb2fc4d71a4c47d99,0.01,,,
2366,2026-07-28,SH601021,0.008017074316740036,EXP_LinearModel_Alpha158_csi300_custom_step0_s_20260728_15,089d281987e6428eb2fc4d71a4c47d99,0.01,,,
2367,2026-07-28,SH601018,-0.02952646091580391,EXP_LinearModel_Alpha158_csi300_custom_step0_s_20260728_15,089d281987e6428eb2fc4d71a4c47d99,0.01,,,
2368,2026-07-28,SH601111,-0.016761479899287224,EXP_LinearModel_Alpha158_csi300_custom_step0_s_20260728_15,089d281987e6428eb2fc4d71a4c47d99,0.01,,,
2369,2026-07-28,SH601012,-0.02297159470617771,EXP_LinearModel_Alpha158_csi300_custom_step0_s_20260728_15,089d281987e6428eb2fc4d71a4c47d99,0.01,,,
2370,2026-07-28,SH601006,0.029233261942863464,EXP_LinearModel_Alpha158_csi300_custom_step0_s_20260728_15,089d281987e6428eb2fc4d71a4c47d99,0.01,,,
2371,2026-07-28,SH600999,0.0012020943686366081,EXP_LinearModel_Alpha158_csi300_custom_step0_s_20260728_15,089d281987e6428eb2fc4d71a4c47d99,0.01,,,
2372,2026-07-28,SH600989,0.007610333152115345,EXP_LinearModel_Alpha158_csi300_custom_step0_s_20260728_15,089d281987e6428eb2fc4d71a4c47d99,0.01,,,
2373,2026-07-28,SH600958,,EXP_LinearModel_Alpha158_csi300_custom_step0_s_20260728_15,089d281987e6428eb2fc4d71a4c47d99,0.01,,,
2374,2026-07-28,SH600941,-0.028529122471809387,EXP_LinearModel_Alpha158_csi300_custom_step0_s_20260728_15,089d281987e6428eb2fc4d71a4c47d99,0.01,,,
2375,2026-07-28,SH600938,0.031240511685609818,EXP_LinearModel_Alpha158_csi300_custom_step0_s_20260728_15,089d281987e6428eb2fc4d71a4c47d99,0.01,,,
2376,2026-07-28,SH600930,0.1657659113407135,EXP_LinearModel_Alpha158_csi300_custom_step0_s_20260728_15,089d281987e6428eb2fc4d71a4c47d99,0.01,,,
2377,2026-07-28,SH600926,-0.048001162707805634,EXP_LinearModel_Alpha158_csi300_custom_step0_s_20260728_15,089d281987e6428eb2fc4d71a4c47d99,0.01,,,
2378,2026-07-28,SH601009,-0.07408644258975983,EXP_LinearModel_Alpha158_csi300_custom_step0_s_20260728_15,089d281987e6428eb2fc4d71a4c47d99,0.01,,,
2379,2026-07-28,SH601117,0.0014230376109480858,EXP_LinearModel_Alpha158_csi300_custom_step0_s_20260728_15,089d281987e6428eb2fc4d71a4c47d99,0.01,,,
2380,2026-07-28,SH601127,0.055554844439029694,EXP_LinearModel_Alpha158_csi300_custom_step0_s_20260728_15,089d281987e6428eb2fc4d71a4c47d99,0.01,,,
2381,2026-07-28,SH601136,-0.02651177905499935,EXP_LinearModel_Alpha158_csi300_custom_step0_s_20260728_15,089d281987e6428eb2fc4d71a4c47d99,0.01,,,
2382,2026-07-28,SH601600,-0.05638016015291214,EXP_LinearModel_Alpha158_csi300_custom_step0_s_20260728_15,089d281987e6428eb2fc4d71a4c47d99,0.01,,,
2383,2026-07-28,SH601456,-0.02621549740433693,EXP_LinearModel_Alpha158_csi300_custom_step0_s_20260728_15,089d281987e6428eb2fc4d71a4c47d99,0.01,,,
2384,2026-07-28,SH601398,-0.06310305744409561,EXP_LinearModel_Alpha158_csi300_custom_step0_s_20260728_15,089d281987e6428eb2fc4d71a4c47d99,0.01,,,
2385,2026-07-28,SH601390,0.08711732178926468,EXP_LinearModel_Alpha158_csi300_custom_step0_s_20260728_15,089d281987e6428eb2fc4d71a4c47d99,0.01,,,
2386,2026-07-28,SH601377,-0.029464902356266975,EXP_LinearModel_Alpha158_csi300_custom_step0_s_20260728_15,089d281987e6428eb2fc4d71a4c47d99,0.01,,,
2387,2026-07-28,SH601360,0.07603524625301361,EXP_LinearModel_Alpha158_csi300_custom_step0_s_20260728_15,089d281987e6428eb2fc4d71a4c47d99,0.01,,,
2388,2026-07-28,SH601336,-0.02128274366259575,EXP_LinearModel_Alpha158_csi300_custom_step0_s_20260728_15,089d281987e6428eb2fc4d71a4c47d99,0.01,,,
2389,2026-07-28,SH601328,-0.032060835510492325,EXP_LinearModel_Alpha158_csi300_custom_step0_s_20260728_15,089d281987e6428eb2fc4d71a4c47d99,0.01,,,
2390,2026-07-28,SH601319,-0.1108168438076973,EXP_LinearModel_Alpha158_csi300_custom_step0_s_20260728_15,089d281987e6428eb2fc4d71a4c47d99,0.01,,,
2391,2026-07-28,SH601318,0.06497057527303696,EXP_LinearModel_Alpha158_csi300_custom_step0_s_20260728_15,089d281987e6428eb2fc4d71a4c47d99,0.01,,,
2392,2026-07-28,SH601288,-0.046055421233177185,EXP_LinearModel_Alpha158_csi300_custom_step0_s_20260728_15,089d281987e6428eb2fc4d71a4c47d99,0.01,,,
2393,2026-07-28,SH601238,0.0719742700457573,EXP_LinearModel_Alpha158_csi300_custom_step0_s_20260728_15,089d281987e6428eb2fc4d71a4c47d99,0.01,,,
2394,2026-07-28,SH601229,-0.0892057716846466,EXP_LinearModel_Alpha158_csi300_custom_step0_s_20260728_15,089d281987e6428eb2fc4d71a4c47d99,0.01,,,
2395,2026-07-28,SH601225,-0.0507146492600441,EXP_LinearModel_Alpha158_csi300_custom_step0_s_20260728_15,089d281987e6428eb2fc4d71a4c47d99,0.01,,,
2396,2026-07-28,SH601211,-0.17082245647907257,EXP_LinearModel_Alpha158_csi300_custom_step0_s_20260728_15,089d281987e6428eb2fc4d71a4c47d99,0.01,,,
2397,2026-07-28,SH601186,-0.003096264088526368,EXP_LinearModel_Alpha158_csi300_custom_step0_s_20260728_15,089d281987e6428eb2fc4d71a4c47d99,0.01,,,
2398,2026-07-28,SH601169,0.09630508720874786,EXP_LinearModel_Alpha158_csi300_custom_step0_s_20260728_15,089d281987e6428eb2fc4d71a4c47d99,0.01,,,
2399,2026-07-28,SH601166,-0.04123419523239136,EXP_LinearModel_Alpha158_csi300_custom_step0_s_20260728_15,089d281987e6428eb2fc4d71a4c47d99,0.01,,,
2400,2026-07-28,SH601138,0.12234392762184143,EXP_LinearModel_Alpha158_csi300_custom_step0_s_20260728_15,089d281987e6428eb2fc4d71a4c47d99,0.01,,,
2401,2026-07-28,SH603501,0.08920402824878693,EXP_LinearModel_Alpha158_csi300_custom_step0_s_20260728_15,089d281987e6428eb2fc4d71a4c47d99,0.01,,,
2402,2026-07-28,SZ002558,0.2796764075756073,EXP_LinearModel_Alpha158_csi300_custom_step0_s_20260728_15,089d281987e6428eb2fc4d71a4c47d99,0.01,,,
2403,2026-07-28,SH603799,0.188436359167099,EXP_LinearModel_Alpha158_csi300_custom_step0_s_20260728_15,089d281987e6428eb2fc4d71a4c47d99,0.01,,,
2404,2026-07-28,SH603986,0.7396402359008789,EXP_LinearModel_Alpha158_csi300_custom_step0_s_20260728_15,089d281987e6428eb2fc4d71a4c47d99,0.01,,,
2405,2026-07-28,SZ002028,0.04108940064907074,EXP_LinearModel_Alpha158_csi300_custom_step0_s_20260728_15,089d281987e6428eb2fc4d71a4c47d99,0.01,,,
2406,2026-07-28,SZ002027,0.10828922688961029,EXP_LinearModel_Alpha158_csi300_custom_step0_s_20260728_15,089d281987e6428eb2fc4d71a4c47d99,0.01,,,
2407,2026-07-28,SZ002001,-0.11651121079921722,EXP_LinearModel_Alpha158_csi300_custom_step0_s_20260728_15,089d281987e6428eb2fc4d71a4c47d99,0.01,,,
2408,2026-07-28,SZ001979,0.1451873779296875,EXP_LinearModel_Alpha158_csi300_custom_step0_s_20260728_15,089d281987e6428eb2fc4d71a4c47d99,0.01,,,
2409,2026-07-28,SZ001965,-0.1181270182132721,EXP_LinearModel_Alpha158_csi300_custom_step0_s_20260728_15,089d281987e6428eb2fc4d71a4c47d99,0.01,,,
2410,2026-07-28,SZ001391,0.012551906518638134,EXP_LinearModel_Alpha158_csi300_custom_step0_s_20260728_15,089d281987e6428eb2fc4d71a4c47d99,0.01,,,
2411,2026-07-28,SZ001280,0.10921934992074966,EXP_LinearModel_Alpha158_csi300_custom_step0_s_20260728_15,089d281987e6428eb2fc4d71a4c47d99,0.01,,,
2412,2026-07-28,SZ000999,-0.08653722703456879,EXP_LinearModel_Alpha158_csi300_custom_step0_s_20260728_15,089d281987e6428eb2fc4d71a4c47d99,0.01,,,
2413,2026-07-28,SZ002049,0.36180737614631653,EXP_LinearModel_Alpha158_csi300_custom_step0_s_20260728_15,089d281987e6428eb2fc4d71a4c47d99,0.01,,,
2414,2026-07-28,SZ000988,0.9315788149833679,EXP_LinearModel_Alpha158_csi300_custom_step0_s_20260728_15,089d281987e6428eb2fc4d71a4c47d99,0.01,,,
2415,2026-07-28,SZ000975,-0.17593516409397125,EXP_LinearModel_Alpha158_csi300_custom_step0_s_20260728_15,089d281987e6428eb2fc4d71a4c47d99,0.01,,,
2416,2026-07-28,SZ000963,-0.014351092278957367,EXP_LinearModel_Alpha158_csi300_custom_step0_s_20260728_15,089d281987e6428eb2fc4d71a4c47d99,0.01,,,
2417,2026-07-28,SZ000938,-0.07011385262012482,EXP_LinearModel_Alpha158_csi300_custom_step0_s_20260728_15,089d281987e6428eb2fc4d71a4c47d99,0.01,,,
2418,2026-07-28,SZ000895,0.07994195073843002,EXP_LinearModel_Alpha158_csi300_custom_step0_s_20260728_15,089d281987e6428eb2fc4d71a4c47d99,0.01,,,
2419,2026-07-28,SZ000858,0.036600347608327866,EXP_LinearModel_Alpha158_csi300_custom_step0_s_20260728_15,089d281987e6428eb2fc4d71a4c47d99,0.01,,,
2420,2026-07-28,SZ000807,-0.06930749118328094,EXP_LinearModel_Alpha158_csi300_custom_step0_s_20260728_15,089d281987e6428eb2fc4d71a4c47d99,0.01,,,
2421,2026-07-28,SZ000792,0.0999845340847969,EXP_LinearModel_Alpha158_csi300_custom_step0_s_20260728_15,089d281987e6428eb2fc4d71a4c47d99,0.01,,,
2422,2026-07-28,SZ000776,-0.0426134318113327,EXP_LinearModel_Alpha158_csi300_custom_step0_s_20260728_15,089d281987e6428eb2fc4d71a4c47d99,0.01,,,
2423,2026-07-28,SZ000977,0.12441892176866531,EXP_LinearModel_Alpha158_csi300_custom_step0_s_20260728_15,089d281987e6428eb2fc4d71a4c47d99,0.01,,,
2424,2026-07-28,SZ000768,0.09055683016777039,EXP_LinearModel_Alpha158_csi300_custom_step0_s_20260728_15,089d281987e6428eb2fc4d71a4c47d99,0.01,,,
2425,2026-07-28,SZ002050,0.13901324570178986,EXP_LinearModel_Alpha158_csi300_custom_step0_s_20260728_15,089d281987e6428eb2fc4d71a4c47d99,0.01,,,
2426,2026-07-28,SZ002142,0.06011216342449188,EXP_LinearModel_Alpha158_csi300_custom_step0_s_20260728_15,089d281987e6428eb2fc4d71a4c47d99,0.01,,,
2427,2026-07-28,SZ002493,0.042973022907972336,EXP_LinearModel_Alpha158_csi300_custom_step0_s_20260728_15,089d281987e6428eb2fc4d71a4c47d99,0.01,,,
2428,2026-07-28,SZ002475,0.13585802912712097,EXP_LinearModel_Alpha158_csi300_custom_step0_s_20260728_15,089d281987e6428eb2fc4d71a4c47d99,0.01,,,
2429,2026-07-28,SZ002466,0.4128536581993103,EXP_LinearModel_Alpha158_csi300_custom_step0_s_20260728_15,089d281987e6428eb2fc4d71a4c47d99,0.01,,,
2430,2026-07-28,SZ002463,0.15920375287532806,EXP_LinearModel_Alpha158_csi300_custom_step0_s_20260728_15,089d281987e6428eb2fc4d71a4c47d99,0.01,,,
2431,2026-07-28,SZ002460,0.3697740137577057,EXP_LinearModel_Alpha158_csi300_custom_step0_s_20260728_15,089d281987e6428eb2fc4d71a4c47d99,0.01,,,
2432,2026-07-28,SZ002422,0.024733103811740875,EXP_LinearModel_Alpha158_csi300_custom_step0_s_20260728_15,089d281987e6428eb2fc4d71a4c47d99,0.01,,,
2433,2026-07-28,SZ002415,-0.0040328786708414555,EXP_LinearModel_Alpha158_csi300_custom_step0_s_20260728_15,089d281987e6428eb2fc4d71a4c47d99,0.01,,,
2434,2026-07-28,SZ002384,0.30373114347457886,EXP_LinearModel_Alpha158_csi300_custom_step0_s_20260728_15,089d281987e6428eb2fc4d71a4c47d99,0.01,,,
2435,2026-07-28,SZ002074,0.008355841040611267,EXP_LinearModel_Alpha158_csi300_custom_step0_s_20260728_15,089d281987e6428eb2fc4d71a4c47d99,0.01,,,
2436,2026-07-28,SZ002371,0.1861373782157898,EXP_LinearModel_Alpha158_csi300_custom_step0_s_20260728_15,089d281987e6428eb2fc4d71a4c47d99,0.01,,,
2437,2026-07-28,SZ002352,0.047435663640499115,EXP_LinearModel_Alpha158_csi300_custom_step0_s_20260728_15,089d281987e6428eb2fc4d71a4c47d99,0.01,,,
2438,2026-07-28,SZ002311,0.07244640588760376,EXP_LinearModel_Alpha158_csi300_custom_step0_s_20260728_15,089d281987e6428eb2fc4d71a4c47d99,0.01,,,
2439,2026-07-28,SZ002304,0.02204347588121891,EXP_LinearModel_Alpha158_csi300_custom_step0_s_20260728_15,089d281987e6428eb2fc4d71a4c47d99,0.01,,,
2440,2026-07-28,SZ002241,0.05060495808720589,EXP_LinearModel_Alpha158_csi300_custom_step0_s_20260728_15,089d281987e6428eb2fc4d71a4c47d99,0.01,,,
2441,2026-07-28,SZ002236,-0.022295061498880386,EXP_LinearModel_Alpha158_csi300_custom_step0_s_20260728_15,089d281987e6428eb2fc4d71a4c47d99,0.01,,,
2442,2026-07-28,SZ002230,0.030237361788749695,EXP_LinearModel_Alpha158_csi300_custom_step0_s_20260728_15,089d281987e6428eb2fc4d71a4c47d99,0.01,,,
2443,2026-07-28,SZ002202,0.2167517989873886,EXP_LinearModel_Alpha158_csi300_custom_step0_s_20260728_15,089d281987e6428eb2fc4d71a4c47d99,0.01,,,
2444,2026-07-28,SZ002179,0.30545803904533386,EXP_LinearModel_Alpha158_csi300_custom_step0_s_20260728_15,089d281987e6428eb2fc4d71a4c47d99,0.01,,,
2445,2026-07-28,SZ002353,0.06814239919185638,EXP_LinearModel_Alpha158_csi300_custom_step0_s_20260728_15,089d281987e6428eb2fc4d71a4c47d99,0.01,,,
2446,2026-07-28,SZ000725,0.44523102045059204,EXP_LinearModel_Alpha158_csi300_custom_step0_s_20260728_15,089d281987e6428eb2fc4d71a4c47d99,0.01,,,
2447,2026-07-28,SZ000708,-0.0544915571808815,EXP_LinearModel_Alpha158_csi300_custom_step0_s_20260728_15,089d281987e6428eb2fc4d71a4c47d99,0.01,,,
2448,2026-07-28,SZ000657,0.7815257906913757,EXP_LinearModel_Alpha158_csi300_custom_step0_s_20260728_15,089d281987e6428eb2fc4d71a4c47d99,0.01,,,
2449,2026-07-28,SH688303,0.1362673044204712,EXP_LinearModel_Alpha158_csi300_custom_step0_s_20260728_15,089d281987e6428eb2fc4d71a4c47d99,0.01,,,
2450,2026-07-28,SH688271,0.0021792156621813774,EXP_LinearModel_Alpha158_csi300_custom_step0_s_20260728_15,089d281987e6428eb2fc4d71a4c47d99,0.01,,,
2451,2026-07-28,SH688256,0.10810422152280807,EXP_LinearModel_Alpha158_csi300_custom_step0_s_20260728_15,089d281987e6428eb2fc4d71a4c47d99,0.01,,,
2452,2026-07-28,SH688223,0.20452746748924255,EXP_LinearModel_Alpha158_csi300_custom_step0_s_20260728_15,089d281987e6428eb2fc4d71a4c47d99,0.01,,,
2453,2026-07-28,SH688183,0.35501280426979065,EXP_LinearModel_Alpha158_csi300_custom_step0_s_20260728_15,089d281987e6428eb2fc4d71a4c47d99,0.01,,,
2454,2026-07-28,SH688126,0.5677071213722229,EXP_LinearModel_Alpha158_csi300_custom_step0_s_20260728_15,089d281987e6428eb2fc4d71a4c47d99,0.01,,,
2455,2026-07-28,SH688111,0.04465790092945099,EXP_LinearModel_Alpha158_csi300_custom_step0_s_20260728_15,089d281987e6428eb2fc4d71a4c47d99,0.01,,,
2456,2026-07-28,SH688082,0.537029504776001,EXP_LinearModel_Alpha158_csi300_custom_step0_s_20260728_15,089d281987e6428eb2fc4d71a4c47d99,0.01,,,
2457,2026-07-28,SH688396,0.5395459532737732,EXP_LinearModel_Alpha158_csi300_custom_step0_s_20260728_15,089d281987e6428eb2fc4d71a4c47d99,0.01,,,
2458,2026-07-28,SH688072,,EXP_LinearModel_Alpha158_csi300_custom_step0_s_20260728_15,089d281987e6428eb2fc4d71a4c47d99,0.01,,,
2459,2026-07-28,SH688041,0.20130199193954468,EXP_LinearModel_Alpha158_csi300_custom_step0_s_20260728_15,089d281987e6428eb2fc4d71a4c47d99,0.01,,,
2460,2026-07-28,SH688036,0.1020515114068985,EXP_LinearModel_Alpha158_csi300_custom_step0_s_20260728_15,089d281987e6428eb2fc4d71a4c47d99,0.01,,,
2461,2026-07-28,SH688012,0.13366879522800446,EXP_LinearModel_Alpha158_csi300_custom_step0_s_20260728_15,089d281987e6428eb2fc4d71a4c47d99,0.01,,,
2462,2026-07-28,SH688009,-0.01152446772903204,EXP_LinearModel_Alpha158_csi300_custom_step0_s_20260728_15,089d281987e6428eb2fc4d71a4c47d99,0.01,,,
2463,2026-07-28,SH688008,0.17633478343486786,EXP_LinearModel_Alpha158_csi300_custom_step0_s_20260728_15,089d281987e6428eb2fc4d71a4c47d99,0.01,,,
2464,2026-07-28,SH605499,0.03300953656435013,EXP_LinearModel_Alpha158_csi300_custom_step0_s_20260728_15,089d281987e6428eb2fc4d71a4c47d99,0.01,,,
2465,2026-07-28,SH605117,0.09348452091217041,EXP_LinearModel_Alpha158_csi300_custom_step0_s_20260728_15,089d281987e6428eb2fc4d71a4c47d99,0.01,,,
2466,2026-07-28,SH603993,-0.0709635317325592,EXP_LinearModel_Alpha158_csi300_custom_step0_s_20260728_15,089d281987e6428eb2fc4d71a4c47d99,0.01,,,
2467,2026-07-28,SH688047,0.5777607560157776,EXP_LinearModel_Alpha158_csi300_custom_step0_s_20260728_15,089d281987e6428eb2fc4d71a4c47d99,0.01,,,
2468,2026-07-28,SH688472,0.11442771553993225,EXP_LinearModel_Alpha158_csi300_custom_step0_s_20260728_15,089d281987e6428eb2fc4d71a4c47d99,0.01,,,
2469,2026-07-28,SH688506,0.20691491663455963,EXP_LinearModel_Alpha158_csi300_custom_step0_s_20260728_15,089d281987e6428eb2fc4d71a4c47d99,0.01,,,
2470,2026-07-28,SH688521,0.6594617366790771,EXP_LinearModel_Alpha158_csi300_custom_step0_s_20260728_15,089d281987e6428eb2fc4d71a4c47d99,0.01,,,
2471,2026-07-28,SZ000651,0.248019278049469,EXP_LinearModel_Alpha158_csi300_custom_step0_s_20260728_15,089d281987e6428eb2fc4d71a4c47d99,0.01,,,
2472,2026-07-28,SZ000630,0.13919860124588013,EXP_LinearModel_Alpha158_csi300_custom_step0_s_20260728_15,089d281987e6428eb2fc4d71a4c47d99,0.01,,,
2473,2026-07-28,SZ000625,0.04928358271718025,EXP_LinearModel_Alpha158_csi300_custom_step0_s_20260728_15,089d281987e6428eb2fc4d71a4c47d99,0.01,,,
2474,2026-07-28,SZ000617,-0.026040928438305855,EXP_LinearModel_Alpha158_csi300_custom_step0_s_20260728_15,089d281987e6428eb2fc4d71a4c47d99,0.01,,,
2475,2026-07-28,SZ000596,-0.03439801186323166,EXP_LinearModel_Alpha158_csi300_custom_step0_s_20260728_15,089d281987e6428eb2fc4d71a4c47d99,0.01,,,
2476,2026-07-28,SZ000568,0.021554825827479362,EXP_LinearModel_Alpha158_csi300_custom_step0_s_20260728_15,089d281987e6428eb2fc4d71a4c47d99,0.01,,,
2477,2026-07-28,SZ000538,0.013555780984461308,EXP_LinearModel_Alpha158_csi300_custom_step0_s_20260728_15,089d281987e6428eb2fc4d71a4c47d99,0.01,,,
2478,2026-07-28,SZ000425,0.0057332683354616165,EXP_LinearModel_Alpha158_csi300_custom_step0_s_20260728_15,089d281987e6428eb2fc4d71a4c47d99,0.01,,,
2479,2026-07-28,SZ000408,-0.09273555874824524,EXP_LinearModel_Alpha158_csi300_custom_step0_s_20260728_15,089d281987e6428eb2fc4d71a4c47d99,0.01,,,
2480,2026-07-28,SZ000338,-0.10416126996278763,EXP_LinearModel_Alpha158_csi300_custom_step0_s_20260728_15,089d281987e6428eb2fc4d71a4c47d99,0.01,,,
2481,2026-07-28,SZ000333,0.01825372502207756,EXP_LinearModel_Alpha158_csi300_custom_step0_s_20260728_15,089d281987e6428eb2fc4d71a4c47d99,0.01,,,
2482,2026-07-28,SZ000301,-0.007251027971506119,EXP_LinearModel_Alpha158_csi300_custom_step0_s_20260728_15,089d281987e6428eb2fc4d71a4c47d99,0.01,,,
2483,2026-07-28,SZ000166,0.021420510485768318,EXP_LinearModel_Alpha158_csi300_custom_step0_s_20260728_15,089d281987e6428eb2fc4d71a4c47d99,0.01,,,
2484,2026-07-28,SZ000157,0.004626769572496414,EXP_LinearModel_Alpha158_csi300_custom_step0_s_20260728_15,089d281987e6428eb2fc4d71a4c47d99,0.01,,,
2485,2026-07-28,SZ000100,-0.03530769795179367,EXP_LinearModel_Alpha158_csi300_custom_step0_s_20260728_15,089d281987e6428eb2fc4d71a4c47d99,0.01,,,
2486,2026-07-28,SZ000063,-0.023411400616168976,EXP_LinearModel_Alpha158_csi300_custom_step0_s_20260728_15,089d281987e6428eb2fc4d71a4c47d99,0.01,,,
2487,2026-07-28,SZ000002,0.02217825874686241,EXP_LinearModel_Alpha158_csi300_custom_step0_s_20260728_15,089d281987e6428eb2fc4d71a4c47d99,0.01,,,
2488,2026-07-28,SZ000001,-0.008628470823168755,EXP_LinearModel_Alpha158_csi300_custom_step0_s_20260728_15,089d281987e6428eb2fc4d71a4c47d99,0.01,,,
2489,2026-07-28,SH688981,0.11594939976930618,EXP_LinearModel_Alpha158_csi300_custom_step0_s_20260728_15,089d281987e6428eb2fc4d71a4c47d99,0.01,,,
2490,2026-07-28,SH603893,0.15510934591293335,EXP_LinearModel_Alpha158_csi300_custom_step0_s_20260728_15,089d281987e6428eb2fc4d71a4c47d99,0.01,,,
2491,2026-07-28,SH601728,-0.09769494086503983,EXP_XGBModel_Alpha158_csi300_custom_step0_s_20260728_15,fe5fd2b10eba4fd58832d783fe7077c4,0.047,,,
2492,2026-07-28,SH601766,-0.01632244512438774,EXP_XGBModel_Alpha158_csi300_custom_step0_s_20260728_15,fe5fd2b10eba4fd58832d783fe7077c4,0.047,,,
2493,2026-07-28,SH601788,0.003114513587206602,EXP_XGBModel_Alpha158_csi300_custom_step0_s_20260728_15,fe5fd2b10eba4fd58832d783fe7077c4,0.047,,,
2494,2026-07-28,SH600905,0.02111198566854,EXP_XGBModel_Alpha158_csi300_custom_step0_s_20260728_15,b86c579e90f34b0ca535bf3de16c004a,0.051,,,
2495,2026-07-28,SH600900,0.01773724891245365,EXP_XGBModel_Alpha158_csi300_custom_step0_s_20260728_15,b86c579e90f34b0ca535bf3de16c004a,0.051,,,
2496,2026-07-28,SH600893,0.005522947758436203,EXP_XGBModel_Alpha158_csi300_custom_step0_s_20260728_15,b86c579e90f34b0ca535bf3de16c004a,0.051,,,
2497,2026-07-28,SH600887,0.019559133797883987,EXP_XGBModel_Alpha158_csi300_custom_step0_s_20260728_15,b86c579e90f34b0ca535bf3de16c004a,0.051,,,
2498,2026-07-28,SH600886,-0.00013205147115513682,EXP_XGBModel_Alpha158_csi300_custom_step0_s_20260728_15,b86c579e90f34b0ca535bf3de16c004a,0.051,,,
2499,2026-07-28,SH600875,0.01852349378168583,EXP_XGBModel_Alpha158_csi300_custom_step0_s_20260728_15,b86c579e90f34b0ca535bf3de16c004a,0.051,,,
2500,2026-07-28,SH600845,0.02669537626206875,EXP_XGBModel_Alpha158_csi300_custom_step0_s_20260728_15,b86c579e90f34b0ca535bf3de16c004a,0.051,,,
2501,2026-07-28,SH600809,-0.08678959310054779,EXP_XGBModel_Alpha158_csi300_custom_step0_s_20260728_15,b86c579e90f34b0ca535bf3de16c004a,0.051,,,
2502,2026-07-28,SH600918,-0.015198241919279099,EXP_XGBModel_Alpha158_csi300_custom_step0_s_20260728_15,b86c579e90f34b0ca535bf3de16c004a,0.051,,,
2503,2026-07-28,SH600803,-0.009784024208784103,EXP_XGBModel_Alpha158_csi300_custom_step0_s_20260728_15,b86c579e90f34b0ca535bf3de16c004a,0.051,,,
2504,2026-07-28,SH600760,-0.13348205387592316,EXP_XGBModel_Alpha158_csi300_custom_step0_s_20260728_15,b86c579e90f34b0ca535bf3de16c004a,0.051,,,
2505,2026-07-28,SH600741,-0.014973046258091927,EXP_XGBModel_Alpha158_csi300_custom_step0_s_20260728_15,b86c579e90f34b0ca535bf3de16c004a,0.051,,,
2506,2026-07-28,SH600690,0.013848384842276573,EXP_XGBModel_Alpha158_csi300_custom_step0_s_20260728_15,b86c579e90f34b0ca535bf3de16c004a,0.051,,,
2507,2026-07-28,SH600674,0.01752334274351597,EXP_XGBModel_Alpha158_csi300_custom_step0_s_20260728_15,b86c579e90f34b0ca535bf3de16c004a,0.051,,,
2508,2026-07-28,SH600660,-0.010065026581287384,EXP_XGBModel_Alpha158_csi300_custom_step0_s_20260728_15,b86c579e90f34b0ca535bf3de16c004a,0.051,,,
2509,2026-07-28,SH600600,-0.0034812886733561754,EXP_XGBModel_Alpha158_csi300_custom_step0_s_20260728_15,b86c579e90f34b0ca535bf3de16c004a,0.051,,,
2510,2026-07-28,SH600588,0.003205568064004183,EXP_XGBModel_Alpha158_csi300_custom_step0_s_20260728_15,b86c579e90f34b0ca535bf3de16c004a,0.051,,,
2511,2026-07-28,SH600585,-0.005591463763266802,EXP_XGBModel_Alpha158_csi300_custom_step0_s_20260728_15,b86c579e90f34b0ca535bf3de16c004a,0.051,,,
2512,2026-07-28,SH600795,0.028163466602563858,EXP_XGBModel_Alpha158_csi300_custom_step0_s_20260728_15,b86c579e90f34b0ca535bf3de16c004a,0.051,,,
2513,2026-07-28,SH600584,0.219169482588768,EXP_XGBModel_Alpha158_csi300_custom_step0_s_20260728_15,b86c579e90f34b0ca535bf3de16c004a,0.051,,,
2514,2026-07-28,SH600919,0.055798955261707306,EXP_XGBModel_Alpha158_csi300_custom_step0_s_20260728_15,b86c579e90f34b0ca535bf3de16c004a,0.051,,,
2515,2026-07-28,SH600930,0.023759061470627785,EXP_XGBModel_Alpha158_csi300_custom_step0_s_20260728_15,b86c579e90f34b0ca535bf3de16c004a,0.051,,,
2516,2026-07-28,SH601117,-0.006714578717947006,EXP_XGBModel_Alpha158_csi300_custom_step0_s_20260728_15,b86c579e90f34b0ca535bf3de16c004a,0.051,,,
2517,2026-07-28,SH601111,-5.2321760449558496e-05,EXP_XGBModel_Alpha158_csi300_custom_step0_s_20260728_15,b86c579e90f34b0ca535bf3de16c004a,0.051,,,
2518,2026-07-28,SH601100,-0.006226958241313696,EXP_XGBModel_Alpha158_csi300_custom_step0_s_20260728_15,b86c579e90f34b0ca535bf3de16c004a,0.051,,,
2519,2026-07-28,SH601088,-0.07010795921087265,EXP_XGBModel_Alpha158_csi300_custom_step0_s_20260728_15,b86c579e90f34b0ca535bf3de16c004a,0.051,,,
2520,2026-07-28,SH601077,0.030947012826800346,EXP_XGBModel_Alpha158_csi300_custom_step0_s_20260728_15,b86c579e90f34b0ca535bf3de16c004a,0.051,,,
2521,2026-07-28,SH601066,0.05529285594820976,EXP_XGBModel_Alpha158_csi300_custom_step0_s_20260728_15,b86c579e90f34b0ca535bf3de16c004a,0.051,,,
2522,2026-07-28,SH601059,0.01103168074041605,EXP_XGBModel_Alpha158_csi300_custom_step0_s_20260728_15,b86c579e90f34b0ca535bf3de16c004a,0.051,,,
2523,2026-07-28,SH601058,-0.029161276295781136,EXP_XGBModel_Alpha158_csi300_custom_step0_s_20260728_15,b86c579e90f34b0ca535bf3de16c004a,0.051,,,
2524,2026-07-28,SH600926,0.027050932869315147,EXP_XGBModel_Alpha158_csi300_custom_step0_s_20260728_15,b86c579e90f34b0ca535bf3de16c004a,0.051,,,
2525,2026-07-28,SH601021,0.042173244059085846,EXP_XGBModel_Alpha158_csi300_custom_step0_s_20260728_15,b86c579e90f34b0ca535bf3de16c004a,0.051,,,
2526,2026-07-28,SH601012,-0.0006271511083468795,EXP_XGBModel_Alpha158_csi300_custom_step0_s_20260728_15,b86c579e90f34b0ca535bf3de16c004a,0.051,,,
2527,2026-07-28,SH601009,0.025249933823943138,EXP_XGBModel_Alpha158_csi300_custom_step0_s_20260728_15,b86c579e90f34b0ca535bf3de16c004a,0.051,,,
2528,2026-07-28,SH601006,-0.003236233489587903,EXP_XGBModel_Alpha158_csi300_custom_step0_s_20260728_15,b86c579e90f34b0ca535bf3de16c004a,0.051,,,
2529,2026-07-28,SH600999,0.06413215398788452,EXP_XGBModel_Alpha158_csi300_custom_step0_s_20260728_15,b86c579e90f34b0ca535bf3de16c004a,0.051,,,
2530,2026-07-28,SH600989,-0.01285688765347004,EXP_XGBModel_Alpha158_csi300_custom_step0_s_20260728_15,b86c579e90f34b0ca535bf3de16c004a,0.051,,,
2531,2026-07-28,SH600958,-0.007945491932332516,EXP_XGBModel_Alpha158_csi300_custom_step0_s_20260728_15,b86c579e90f34b0ca535bf3de16c004a,0.051,,,
2532,2026-07-28,SH600941,0.041140053421258926,EXP_XGBModel_Alpha158_csi300_custom_step0_s_20260728_15,b86c579e90f34b0ca535bf3de16c004a,0.051,,,
2533,2026-07-28,SH600938,-0.059173740446567535,EXP_XGBModel_Alpha158_csi300_custom_step0_s_20260728_15,b86c579e90f34b0ca535bf3de16c004a,0.051,,,
2534,2026-07-28,SH601018,-0.017248814925551414,EXP_XGBModel_Alpha158_csi300_custom_step0_s_20260728_15,b86c579e90f34b0ca535bf3de16c004a,0.051,,,
2535,2026-07-28,SH600570,-0.005636168178170919,EXP_XGBModel_Alpha158_csi300_custom_step0_s_20260728_15,b86c579e90f34b0ca535bf3de16c004a,0.051,,,
2536,2026-07-28,SH600549,0.11418765783309937,EXP_XGBModel_Alpha158_csi300_custom_step0_s_20260728_15,b86c579e90f34b0ca535bf3de16c004a,0.051,,,
2537,2026-07-28,SH600547,-0.0643085390329361,EXP_XGBModel_Alpha158_csi300_custom_step0_s_20260728_15,b86c579e90f34b0ca535bf3de16c004a,0.051,,,
2538,2026-07-28,SH600160,0.08872175216674805,EXP_XGBModel_Alpha158_csi300_custom_step0_s_20260728_15,b86c579e90f34b0ca535bf3de16c004a,0.051,,,
2539,2026-07-28,SH600150,-0.012563574127852917,EXP_XGBModel_Alpha158_csi300_custom_step0_s_20260728_15,b86c579e90f34b0ca535bf3de16c004a,0.051,,,
2540,2026-07-28,SH600118,0.17250049114227295,EXP_XGBModel_Alpha158_csi300_custom_step0_s_20260728_15,b86c579e90f34b0ca535bf3de16c004a,0.051,,,
2541,2026-07-28,SH600115,-0.004166213795542717,EXP_XGBModel_Alpha158_csi300_custom_step0_s_20260728_15,b86c579e90f34b0ca535bf3de16c004a,0.051,,,
2542,2026-07-28,SH600111,0.04955748841166496,EXP_XGBModel_Alpha158_csi300_custom_step0_s_20260728_15,b86c579e90f34b0ca535bf3de16c004a,0.051,,,
2543,2026-07-28,SH600104,0.008098684251308441,EXP_XGBModel_Alpha158_csi300_custom_step0_s_20260728_15,b86c579e90f34b0ca535bf3de16c004a,0.051,,,
2544,2026-07-28,SH600089,-0.022904997691512108,EXP_XGBModel_Alpha158_csi300_custom_step0_s_20260728_15,b86c579e90f34b0ca535bf3de16c004a,0.051,,,
2545,2026-07-28,SH600085,-0.010380148887634277,EXP_XGBModel_Alpha158_csi300_custom_step0_s_20260728_15,b86c579e90f34b0ca535bf3de16c004a,0.051,,,
2546,2026-07-28,SH600176,0.11294612288475037,EXP_XGBModel_Alpha158_csi300_custom_step0_s_20260728_15,b86c579e90f34b0ca535bf3de16c004a,0.051,,,
2547,2026-07-28,SH600066,-0.0409475676715374,EXP_XGBModel_Alpha158_csi300_custom_step0_s_20260728_15,b86c579e90f34b0ca535bf3de16c004a,0.051,,,
2548,2026-07-28,SH600050,-0.01596381515264511,EXP_XGBModel_Alpha158_csi300_custom_step0_s_20260728_15,b86c579e90f34b0ca535bf3de16c004a,0.051,,,
2549,2026-07-28,SH600048,-0.0007780229789204895,EXP_XGBModel_Alpha158_csi300_custom_step0_s_20260728_15,b86c579e90f34b0ca535bf3de16c004a,0.051,,,
2550,2026-07-28,SH600039,0.004213882610201836,EXP_XGBModel_Alpha158_csi300_custom_step0_s_20260728_15,b86c579e90f34b0ca535bf3de16c004a,0.051,,,
2551,2026-07-28,SH600036,0.03249470144510269,EXP_XGBModel_Alpha158_csi300_custom_step0_s_20260728_15,b86c579e90f34b0ca535bf3de16c004a,0.051,,,
2552,2026-07-28,SH600031,-0.008467184379696846,EXP_XGBModel_Alpha158_csi300_custom_step0_s_20260728_15,b86c579e90f34b0ca535bf3de16c004a,0.051,,,
2553,2026-07-28,SH600030,-0.0033029376063495874,EXP_XGBModel_Alpha158_csi300_custom_step0_s_20260728_15,b86c579e90f34b0ca535bf3de16c004a,0.051,,,
2554,2026-07-28,SH600029,-0.0015186395030468702,EXP_XGBModel_Alpha158_csi300_custom_step0_s_20260728_15,b86c579e90f34b0ca535bf3de16c004a,0.051,,,
2555,2026-07-28,SH600028,-0.033853430300951004,EXP_XGBModel_Alpha158_csi300_custom_step0_s_20260728_15,b86c579e90f34b0ca535bf3de16c004a,0.051,,,
2556,2026-07-28,SH600061,0.03176599740982056,EXP_XGBModel_Alpha158_csi300_custom_step0_s_20260728_15,b86c579e90f34b0ca535bf3de16c004a,0.051,,,
2557,2026-07-28,SH600183,0.260054349899292,EXP_XGBModel_Alpha158_csi300_custom_step0_s_20260728_15,b86c579e90f34b0ca535bf3de16c004a,0.051,,,
2558,2026-07-28,SH600188,-0.12255677580833435,EXP_XGBModel_Alpha158_csi300_custom_step0_s_20260728_15,b86c579e90f34b0ca535bf3de16c004a,0.051,,,
2559,2026-07-28,SH600196,-0.016563085839152336,EXP_XGBModel_Alpha158_csi300_custom_step0_s_20260728_15,b86c579e90f34b0ca535bf3de16c004a,0.051,,,
2560,2026-07-28,SH600522,0.2033340334892273,EXP_XGBModel_Alpha158_csi300_custom_step0_s_20260728_15,b86c579e90f34b0ca535bf3de16c004a,0.051,,,
2561,2026-07-28,SH600519,-0.039100755006074905,EXP_XGBModel_Alpha158_csi300_custom_step0_s_20260728_15,b86c579e90f34b0ca535bf3de16c004a,0.051,,,
2562,2026-07-28,SH600515,0.019480736926198006,EXP_XGBModel_Alpha158_csi300_custom_step0_s_20260728_15,b86c579e90f34b0ca535bf3de16c004a,0.051,,,
2563,2026-07-28,SH600489,-0.08178548514842987,EXP_XGBModel_Alpha158_csi300_custom_step0_s_20260728_15,b86c579e90f34b0ca535bf3de16c004a,0.051,,,
2564,2026-07-28,SH600482,0.03474795073270798,EXP_XGBModel_Alpha158_csi300_custom_step0_s_20260728_15,b86c579e90f34b0ca535bf3de16c004a,0.051,,,
2565,2026-07-28,SH600460,0.03765871748328209,EXP_XGBModel_Alpha158_csi300_custom_step0_s_20260728_15,b86c579e90f34b0ca535bf3de16c004a,0.051,,,
2566,2026-07-28,SH600438,-0.012717297300696373,EXP_XGBModel_Alpha158_csi300_custom_step0_s_20260728_15,b86c579e90f34b0ca535bf3de16c004a,0.051,,,
2567,2026-07-28,SH600436,0.006009792443364859,EXP_XGBModel_Alpha158_csi300_custom_step0_s_20260728_15,b86c579e90f34b0ca535bf3de16c004a,0.051,,,
2568,2026-07-28,SH600426,-0.04293443262577057,EXP_XGBModel_Alpha158_csi300_custom_step0_s_20260728_15,b86c579e90f34b0ca535bf3de16c004a,0.051,,,
2569,2026-07-28,SH600415,-0.05931684002280235,EXP_XGBModel_Alpha158_csi300_custom_step0_s_20260728_15,b86c579e90f34b0ca535bf3de16c004a,0.051,,,
2570,2026-07-28,SH600406,0.014397899620234966,EXP_XGBModel_Alpha158_csi300_custom_step0_s_20260728_15,b86c579e90f34b0ca535bf3de16c004a,0.051,,,
2571,2026-07-28,SH600372,0.033059678971767426,EXP_XGBModel_Alpha158_csi300_custom_step0_s_20260728_15,b86c579e90f34b0ca535bf3de16c004a,0.051,,,
2572,2026-07-28,SH600362,-0.005150530021637678,EXP_XGBModel_Alpha158_csi300_custom_step0_s_20260728_15,b86c579e90f34b0ca535bf3de16c004a,0.051,,,
2573,2026-07-28,SH600346,-0.0037548060063272715,EXP_XGBModel_Alpha158_csi300_custom_step0_s_20260728_15,b86c579e90f34b0ca535bf3de16c004a,0.051,,,
2574,2026-07-28,SH600309,-0.09889017045497894,EXP_XGBModel_Alpha158_csi300_custom_step0_s_20260728_15,b86c579e90f34b0ca535bf3de16c004a,0.051,,,
2575,2026-07-28,SH600276,-0.06468717008829117,EXP_XGBModel_Alpha158_csi300_custom_step0_s_20260728_15,b86c579e90f34b0ca535bf3de16c004a,0.051,,,
2576,2026-07-28,SH600233,-0.06640809774398804,EXP_XGBModel_Alpha158_csi300_custom_step0_s_20260728_15,b86c579e90f34b0ca535bf3de16c004a,0.051,,,
2577,2026-07-28,SH600221,0.00652638915926218,EXP_XGBModel_Alpha158_csi300_custom_step0_s_20260728_15,b86c579e90f34b0ca535bf3de16c004a,0.051,,,
2578,2026-07-28,SH600219,-0.1115344688296318,EXP_XGBModel_Alpha158_csi300_custom_step0_s_20260728_15,b86c579e90f34b0ca535bf3de16c004a,0.051,,,
2579,2026-07-28,SH601127,-0.011929193511605263,EXP_XGBModel_Alpha158_csi300_custom_step0_s_20260728_15,b86c579e90f34b0ca535bf3de16c004a,0.051,,,
2580,2026-07-28,SH600027,0.014401126652956009,EXP_XGBModel_Alpha158_csi300_custom_step0_s_20260728_15,b86c579e90f34b0ca535bf3de16c004a,0.051,,,
2581,2026-07-28,SH601136,0.0031512733548879623,EXP_XGBModel_Alpha158_csi300_custom_step0_s_20260728_15,b86c579e90f34b0ca535bf3de16c004a,0.051,,,
2582,2026-07-28,SH601166,0.013965089805424213,EXP_XGBModel_Alpha158_csi300_custom_step0_s_20260728_15,b86c579e90f34b0ca535bf3de16c004a,0.051,,,
2583,2026-07-28,SH603799,0.11724498867988586,EXP_XGBModel_Alpha158_csi300_custom_step0_s_20260728_15,b86c579e90f34b0ca535bf3de16c004a,0.051,,,
2584,2026-07-28,SH603501,0.056046221405267715,EXP_XGBModel_Alpha158_csi300_custom_step0_s_20260728_15,b86c579e90f34b0ca535bf3de16c004a,0.051,,,
2585,2026-07-28,SH603392,-0.03176635131239891,EXP_XGBModel_Alpha158_csi300_custom_step0_s_20260728_15,b86c579e90f34b0ca535bf3de16c004a,0.051,,,
2586,2026-07-28,SH603369,-0.008441668003797531,EXP_XGBModel_Alpha158_csi300_custom_step0_s_20260728_15,b86c579e90f34b0ca535bf3de16c004a,0.051,,,
2587,2026-07-28,SH603296,0.029586495831608772,EXP_XGBModel_Alpha158_csi300_custom_step0_s_20260728_15,b86c579e90f34b0ca535bf3de16c004a,0.051,,,
2588,2026-07-28,SH603288,-0.07025052607059479,EXP_XGBModel_Alpha158_csi300_custom_step0_s_20260728_15,b86c579e90f34b0ca535bf3de16c004a,0.051,,,
2589,2026-07-28,SH603260,0.057345062494277954,EXP_XGBModel_Alpha158_csi300_custom_step0_s_20260728_15,b86c579e90f34b0ca535bf3de16c004a,0.051,,,
2590,2026-07-28,SH603259,0.004794005304574966,EXP_XGBModel_Alpha158_csi300_custom_step0_s_20260728_15,b86c579e90f34b0ca535bf3de16c004a,0.051,,,
2591,2026-07-28,SH603893,-0.05774107575416565,EXP_XGBModel_Alpha158_csi300_custom_step0_s_20260728_15,b86c579e90f34b0ca535bf3de16c004a,0.051,,,
2592,2026-07-28,SH603019,0.018190985545516014,EXP_XGBModel_Alpha158_csi300_custom_step0_s_20260728_15,b86c579e90f34b0ca535bf3de16c004a,0.051,,,
2593,2026-07-28,SH601995,0.005353222135454416,EXP_XGBModel_Alpha158_csi300_custom_step0_s_20260728_15,b86c579e90f34b0ca535bf3de16c004a,0.051,,,
2594,2026-07-28,SH601988,0.022463824599981308,EXP_XGBModel_Alpha158_csi300_custom_step0_s_20260728_15,b86c579e90f34b0ca535bf3de16c004a,0.051,,,
2595,2026-07-28,SH601985,0.05319903790950775,EXP_XGBModel_Alpha158_csi300_custom_step0_s_20260728_15,b86c579e90f34b0ca535bf3de16c004a,0.051,,,
2596,2026-07-28,SH601939,0.018366754055023193,EXP_XGBModel_Alpha158_csi300_custom_step0_s_20260728_15,b86c579e90f34b0ca535bf3de16c004a,0.051,,,
2597,2026-07-28,SH601919,-0.02088300511240959,EXP_XGBModel_Alpha158_csi300_custom_step0_s_20260728_15,b86c579e90f34b0ca535bf3de16c004a,0.051,,,
2598,2026-07-28,SH601916,0.03988046199083328,EXP_XGBModel_Alpha158_csi300_custom_step0_s_20260728_15,b86c579e90f34b0ca535bf3de16c004a,0.051,,,
2599,2026-07-28,SH601901,-0.0025841037277132273,EXP_XGBModel_Alpha158_csi300_custom_step0_s_20260728_15,b86c579e90f34b0ca535bf3de16c004a,0.051,,,
2600,2026-07-28,SH601899,-0.0866236463189125,EXP_XGBModel_Alpha158_csi300_custom_step0_s_20260728_15,b86c579e90f34b0ca535bf3de16c004a,0.051,,,
2601,2026-07-28,SH601998,-0.005393777042627335,EXP_XGBModel_Alpha158_csi300_custom_step0_s_20260728_15,b86c579e90f34b0ca535bf3de16c004a,0.051,,,
2602,2026-07-28,SH601898,-0.11100095510482788,EXP_XGBModel_Alpha158_csi300_custom_step0_s_20260728_15,b86c579e90f34b0ca535bf3de16c004a,0.051,,,
2603,2026-07-28,SH603986,-0.34981799125671387,EXP_XGBModel_Alpha158_csi300_custom_step0_s_20260728_15,b86c579e90f34b0ca535bf3de16c004a,0.051,,,
2604,2026-07-28,SH605117,0.11069249361753464,EXP_XGBModel_Alpha158_csi300_custom_step0_s_20260728_15,b86c579e90f34b0ca535bf3de16c004a,0.051,,,
2605,2026-07-28,SH688472,7.868933607824147e-05,EXP_XGBModel_Alpha158_csi300_custom_step0_s_20260728_15,b86c579e90f34b0ca535bf3de16c004a,0.051,,,
2606,2026-07-28,SH688396,0.02890343964099884,EXP_XGBModel_Alpha158_csi300_custom_step0_s_20260728_15,b86c579e90f34b0ca535bf3de16c004a,0.051,,,
2607,2026-07-28,SH688303,-0.016222679987549782,EXP_XGBModel_Alpha158_csi300_custom_step0_s_20260728_15,b86c579e90f34b0ca535bf3de16c004a,0.051,,,
2608,2026-07-28,SH688271,-0.030143938958644867,EXP_XGBModel_Alpha158_csi300_custom_step0_s_20260728_15,b86c579e90f34b0ca535bf3de16c004a,0.051,,,
2609,2026-07-28,SH688256,0.012120833620429039,EXP_XGBModel_Alpha158_csi300_custom_step0_s_20260728_15,b86c579e90f34b0ca535bf3de16c004a,0.051,,,
2610,2026-07-28,SH688223,0.020977117121219635,EXP_XGBModel_Alpha158_csi300_custom_step0_s_20260728_15,b86c579e90f34b0ca535bf3de16c004a,0.051,,,
2611,2026-07-28,SH688183,0.011242087930440903,EXP_XGBModel_Alpha158_csi300_custom_step0_s_20260728_15,b86c579e90f34b0ca535bf3de16c004a,0.051,,,
2612,2026-07-28,SH688126,0.17910422384738922,EXP_XGBModel_Alpha158_csi300_custom_step0_s_20260728_15,b86c579e90f34b0ca535bf3de16c004a,0.051,,,
2613,2026-07-28,SH603993,-0.1582101583480835,EXP_XGBModel_Alpha158_csi300_custom_step0_s_20260728_15,b86c579e90f34b0ca535bf3de16c004a,0.051,,,
2614,2026-07-28,SH688111,0.0041251820512115955,EXP_XGBModel_Alpha158_csi300_custom_step0_s_20260728_15,b86c579e90f34b0ca535bf3de16c004a,0.051,,,
2615,2026-07-28,SH688072,0.0875096246600151,EXP_XGBModel_Alpha158_csi300_custom_step0_s_20260728_15,b86c579e90f34b0ca535bf3de16c004a,0.051,,,
2616,2026-07-28,SH688047,0.21741841733455658,EXP_XGBModel_Alpha158_csi300_custom_step0_s_20260728_15,b86c579e90f34b0ca535bf3de16c004a,0.051,,,
2617,2026-07-28,SH688041,0.10749711841344833,EXP_XGBModel_Alpha158_csi300_custom_step0_s_20260728_15,b86c579e90f34b0ca535bf3de16c004a,0.051,,,
2618,2026-07-28,SH688036,-0.11130540817975998,EXP_XGBModel_Alpha158_csi300_custom_step0_s_20260728_15,b86c579e90f34b0ca535bf3de16c004a,0.051,,,
2619,2026-07-28,SH688012,0.045049477368593216,EXP_XGBModel_Alpha158_csi300_custom_step0_s_20260728_15,b86c579e90f34b0ca535bf3de16c004a,0.051,,,
2620,2026-07-28,SH688009,0.04332873225212097,EXP_XGBModel_Alpha158_csi300_custom_step0_s_20260728_15,b86c579e90f34b0ca535bf3de16c004a,0.051,,,
2621,2026-07-28,SH688008,0.023863160982728004,EXP_XGBModel_Alpha158_csi300_custom_step0_s_20260728_15,b86c579e90f34b0ca535bf3de16c004a,0.051,,,
2622,2026-07-28,SH605499,-0.037012483924627304,EXP_XGBModel_Alpha158_csi300_custom_step0_s_20260728_15,b86c579e90f34b0ca535bf3de16c004a,0.051,,,
2623,2026-07-28,SH688082,0.2026875615119934,EXP_XGBModel_Alpha158_csi300_custom_step0_s_20260728_15,b86c579e90f34b0ca535bf3de16c004a,0.051,,,
2624,2026-07-28,SH601888,-0.015449007041752338,EXP_XGBModel_Alpha158_csi300_custom_step0_s_20260728_15,b86c579e90f34b0ca535bf3de16c004a,0.051,,,
2625,2026-07-28,SH601881,0.003822053549811244,EXP_XGBModel_Alpha158_csi300_custom_step0_s_20260728_15,b86c579e90f34b0ca535bf3de16c004a,0.051,,,
2626,2026-07-28,SH601878,0.03883180394768715,EXP_XGBModel_Alpha158_csi300_custom_step0_s_20260728_15,b86c579e90f34b0ca535bf3de16c004a,0.051,,,
2627,2026-07-28,SH601601,-0.02168656885623932,EXP_XGBModel_Alpha158_csi300_custom_step0_s_20260728_15,b86c579e90f34b0ca535bf3de16c004a,0.051,,,
2628,2026-07-28,SH601600,-0.09728789329528809,EXP_XGBModel_Alpha158_csi300_custom_step0_s_20260728_15,b86c579e90f34b0ca535bf3de16c004a,0.051,,,
2629,2026-07-28,SH601456,0.02466525137424469,EXP_XGBModel_Alpha158_csi300_custom_step0_s_20260728_15,b86c579e90f34b0ca535bf3de16c004a,0.051,,,
2630,2026-07-28,SH601398,0.026400240138173103,EXP_XGBModel_Alpha158_csi300_custom_step0_s_20260728_15,b86c579e90f34b0ca535bf3de16c004a,0.051,,,
2631,2026-07-28,SH601390,0.010172881186008453,EXP_XGBModel_Alpha158_csi300_custom_step0_s_20260728_15,b86c579e90f34b0ca535bf3de16c004a,0.051,,,
2632,2026-07-28,SH601377,0.04990164190530777,EXP_XGBModel_Alpha158_csi300_custom_step0_s_20260728_15,b86c579e90f34b0ca535bf3de16c004a,0.051,,,
2633,2026-07-28,SH601360,-0.009500191546976566,EXP_XGBModel_Alpha158_csi300_custom_step0_s_20260728_15,b86c579e90f34b0ca535bf3de16c004a,0.051,,,
2634,2026-07-28,SH601336,-0.004077231511473656,EXP_XGBModel_Alpha158_csi300_custom_step0_s_20260728_15,b86c579e90f34b0ca535bf3de16c004a,0.051,,,
2635,2026-07-28,SH601607,0.01968524418771267,EXP_XGBModel_Alpha158_csi300_custom_step0_s_20260728_15,b86c579e90f34b0ca535bf3de16c004a,0.051,,,
2636,2026-07-28,SH601328,0.0225133765488863,EXP_XGBModel_Alpha158_csi300_custom_step0_s_20260728_15,b86c579e90f34b0ca535bf3de16c004a,0.051,,,
2637,2026-07-28,SH601318,-0.09994522482156754,EXP_XGBModel_Alpha158_csi300_custom_step0_s_20260728_15,b86c579e90f34b0ca535bf3de16c004a,0.051,,,
2638,2026-07-28,SH601288,-0.038930997252464294,EXP_XGBModel_Alpha158_csi300_custom_step0_s_20260728_15,b86c579e90f34b0ca535bf3de16c004a,0.051,,,
2639,2026-07-28,SH601238,0.00016633025370538235,EXP_XGBModel_Alpha158_csi300_custom_step0_s_20260728_15,b86c579e90f34b0ca535bf3de16c004a,0.051,,,
2640,2026-07-28,SH601229,0.1200331375002861,EXP_XGBModel_Alpha158_csi300_custom_step0_s_20260728_15,b86c579e90f34b0ca535bf3de16c004a,0.051,,,
2641,2026-07-28,SH601225,-0.047341249883174896,EXP_XGBModel_Alpha158_csi300_custom_step0_s_20260728_15,b86c579e90f34b0ca535bf3de16c004a,0.051,,,
2642,2026-07-28,SH601211,-0.09967046231031418,EXP_XGBModel_Alpha158_csi300_custom_step0_s_20260728_15,b86c579e90f34b0ca535bf3de16c004a,0.051,,,
2643,2026-07-28,SH601186,0.031186699867248535,EXP_XGBModel_Alpha158_csi300_custom_step0_s_20260728_15,b86c579e90f34b0ca535bf3de16c004a,0.051,,,
2644,2026-07-28,SH601169,0.04079265892505646,EXP_XGBModel_Alpha158_csi300_custom_step0_s_20260728_15,b86c579e90f34b0ca535bf3de16c004a,0.051,,,
2645,2026-07-28,SH601319,-0.02085268683731556,EXP_XGBModel_Alpha158_csi300_custom_step0_s_20260728_15,b86c579e90f34b0ca535bf3de16c004a,0.051,,,
2646,2026-07-28,SH601618,0.009568153880536556,EXP_XGBModel_Alpha158_csi300_custom_step0_s_20260728_15,b86c579e90f34b0ca535bf3de16c004a,0.051,,,
2647,2026-07-28,SH601628,-0.036294639110565186,EXP_XGBModel_Alpha158_csi300_custom_step0_s_20260728_15,b86c579e90f34b0ca535bf3de16c004a,0.051,,,
2648,2026-07-28,SH601633,-0.02423137240111828,EXP_XGBModel_Alpha158_csi300_custom_step0_s_20260728_15,b86c579e90f34b0ca535bf3de16c004a,0.051,,,
2649,2026-07-28,SH601877,0.001047784578986466,EXP_XGBModel_Alpha158_csi300_custom_step0_s_20260728_15,b86c579e90f34b0ca535bf3de16c004a,0.051,,,
2650,2026-07-28,SH601872,-0.158300518989563,EXP_XGBModel_Alpha158_csi300_custom_step0_s_20260728_15,b86c579e90f34b0ca535bf3de16c004a,0.051,,,
2651,2026-07-28,SH601868,-0.015343382023274899,EXP_XGBModel_Alpha158_csi300_custom_step0_s_20260728_15,b86c579e90f34b0ca535bf3de16c004a,0.051,,,
2652,2026-07-28,SH601857,-0.14582064747810364,EXP_XGBModel_Alpha158_csi300_custom_step0_s_20260728_15,b86c579e90f34b0ca535bf3de16c004a,0.051,,,
2653,2026-07-28,SH601838,0.0249918382614851,EXP_XGBModel_Alpha158_csi300_custom_step0_s_20260728_15,b86c579e90f34b0ca535bf3de16c004a,0.051,,,
2654,2026-07-28,SH601825,0.011117015033960342,EXP_XGBModel_Alpha158_csi300_custom_step0_s_20260728_15,b86c579e90f34b0ca535bf3de16c004a,0.051,,,
2655,2026-07-28,SH601818,0.03921503573656082,EXP_XGBModel_Alpha158_csi300_custom_step0_s_20260728_15,b86c579e90f34b0ca535bf3de16c004a,0.051,,,
2656,2026-07-28,SH601816,-0.006468852050602436,EXP_XGBModel_Alpha158_csi300_custom_step0_s_20260728_15,b86c579e90f34b0ca535bf3de16c004a,0.051,,,
2657,2026-07-28,SH601800,-0.0030089793726801872,EXP_XGBModel_Alpha158_csi300_custom_step0_s_20260728_15,b86c579e90f34b0ca535bf3de16c004a,0.051,,,
2658,2026-07-28,SH601788,0.043567486107349396,EXP_XGBModel_Alpha158_csi300_custom_step0_s_20260728_15,b86c579e90f34b0ca535bf3de16c004a,0.051,,,
2659,2026-07-28,SH601766,-0.027364926412701607,EXP_XGBModel_Alpha158_csi300_custom_step0_s_20260728_15,b86c579e90f34b0ca535bf3de16c004a,0.051,,,
2660,2026-07-28,SH601728,-0.06220925226807594,EXP_XGBModel_Alpha158_csi300_custom_step0_s_20260728_15,b86c579e90f34b0ca535bf3de16c004a,0.051,,,
2661,2026-07-28,SH601727,0.026892317458987236,EXP_XGBModel_Alpha158_csi300_custom_step0_s_20260728_15,b86c579e90f34b0ca535bf3de16c004a,0.051,,,
2662,2026-07-28,SH601698,0.01068507693707943,EXP_XGBModel_Alpha158_csi300_custom_step0_s_20260728_15,b86c579e90f34b0ca535bf3de16c004a,0.051,,,
2663,2026-07-28,SH601689,0.06332840770483017,EXP_XGBModel_Alpha158_csi300_custom_step0_s_20260728_15,b86c579e90f34b0ca535bf3de16c004a,0.051,,,
2664,2026-07-28,SH601688,-0.02481940947473049,EXP_XGBModel_Alpha158_csi300_custom_step0_s_20260728_15,b86c579e90f34b0ca535bf3de16c004a,0.051,,,
2665,2026-07-28,SH601669,0.008162902668118477,EXP_XGBModel_Alpha158_csi300_custom_step0_s_20260728_15,b86c579e90f34b0ca535bf3de16c004a,0.051,,,
2666,2026-07-28,SH601668,-0.015648692846298218,EXP_XGBModel_Alpha158_csi300_custom_step0_s_20260728_15,b86c579e90f34b0ca535bf3de16c004a,0.051,,,
2667,2026-07-28,SH601658,0.04318346828222275,EXP_XGBModel_Alpha158_csi300_custom_step0_s_20260728_15,b86c579e90f34b0ca535bf3de16c004a,0.051,,,
2668,2026-07-28,SH601138,0.04782987758517265,EXP_XGBModel_Alpha158_csi300_custom_step0_s_20260728_15,b86c579e90f34b0ca535bf3de16c004a,0.051,,,
2669,2026-07-28,SH600026,0.09583129733800888,EXP_XGBModel_Alpha158_csi300_custom_step0_s_20260728_15,b86c579e90f34b0ca535bf3de16c004a,0.051,,,
2670,2026-07-28,SH600025,0.03342572599649429,EXP_XGBModel_Alpha158_csi300_custom_step0_s_20260728_15,b86c579e90f34b0ca535bf3de16c004a,0.051,,,
2671,2026-07-28,SH600023,0.010184134356677532,EXP_XGBModel_Alpha158_csi300_custom_step0_s_20260728_15,b86c579e90f34b0ca535bf3de16c004a,0.051,,,
2672,2026-07-28,SZ000301,-0.09701232612133026,EXP_XGBModel_Alpha158_csi300_custom_step0_s_20260728_15,fe5fd2b10eba4fd58832d783fe7077c4,0.047,,,
2673,2026-07-28,SZ000166,0.024314476177096367,EXP_XGBModel_Alpha158_csi300_custom_step0_s_20260728_15,fe5fd2b10eba4fd58832d783fe7077c4,0.047,,,
2674,2026-07-28,SZ000157,-0.007023082114756107,EXP_XGBModel_Alpha158_csi300_custom_step0_s_20260728_15,fe5fd2b10eba4fd58832d783fe7077c4,0.047,,,
2675,2026-07-28,SZ000100,0.11787624657154083,EXP_XGBModel_Alpha158_csi300_custom_step0_s_20260728_15,fe5fd2b10eba4fd58832d783fe7077c4,0.047,,,
2676,2026-07-28,SZ000063,-0.0384027473628521,EXP_XGBModel_Alpha158_csi300_custom_step0_s_20260728_15,fe5fd2b10eba4fd58832d783fe7077c4,0.047,,,
2677,2026-07-28,SZ000002,-0.01329139806330204,EXP_XGBModel_Alpha158_csi300_custom_step0_s_20260728_15,fe5fd2b10eba4fd58832d783fe7077c4,0.047,,,
2678,2026-07-28,SZ000001,0.04977826029062271,EXP_XGBModel_Alpha158_csi300_custom_step0_s_20260728_15,fe5fd2b10eba4fd58832d783fe7077c4,0.047,,,
2679,2026-07-28,SH688981,0.05716118961572647,EXP_XGBModel_Alpha158_csi300_custom_step0_s_20260728_15,fe5fd2b10eba4fd58832d783fe7077c4,0.047,,,
2680,2026-07-28,SZ000333,0.03475871682167053,EXP_XGBModel_Alpha158_csi300_custom_step0_s_20260728_15,fe5fd2b10eba4fd58832d783fe7077c4,0.047,,,
2681,2026-07-28,SH688521,0.5139603018760681,EXP_XGBModel_Alpha158_csi300_custom_step0_s_20260728_15,fe5fd2b10eba4fd58832d783fe7077c4,0.047,,,
2682,2026-07-28,SH688472,0.005382832605391741,EXP_XGBModel_Alpha158_csi300_custom_step0_s_20260728_15,fe5fd2b10eba4fd58832d783fe7077c4,0.047,,,
2683,2026-07-28,SH688396,0.6512197256088257,EXP_XGBModel_Alpha158_csi300_custom_step0_s_20260728_15,fe5fd2b10eba4fd58832d783fe7077c4,0.047,,,
2684,2026-07-28,SH688303,-0.002593009499832988,EXP_XGBModel_Alpha158_csi300_custom_step0_s_20260728_15,fe5fd2b10eba4fd58832d783fe7077c4,0.047,,,
2685,2026-07-28,SH688271,-0.03128603845834732,EXP_XGBModel_Alpha158_csi300_custom_step0_s_20260728_15,fe5fd2b10eba4fd58832d783fe7077c4,0.047,,,
2686,2026-07-28,SH688256,0.07337939739227295,EXP_XGBModel_Alpha158_csi300_custom_step0_s_20260728_15,fe5fd2b10eba4fd58832d783fe7077c4,0.047,,,
2687,2026-07-28,SH688223,0.0879615843296051,EXP_XGBModel_Alpha158_csi300_custom_step0_s_20260728_15,fe5fd2b10eba4fd58832d783fe7077c4,0.047,,,
2688,2026-07-28,SH688183,-0.013701102696359158,EXP_XGBModel_Alpha158_csi300_custom_step0_s_20260728_15,fe5fd2b10eba4fd58832d783fe7077c4,0.047,,,
2689,2026-07-28,SH688126,0.30285459756851196,EXP_XGBModel_Alpha158_csi300_custom_step0_s_20260728_15,fe5fd2b10eba4fd58832d783fe7077c4,0.047,,,
2690,2026-07-28,SH688506,0.06874033063650131,EXP_XGBModel_Alpha158_csi300_custom_step0_s_20260728_15,fe5fd2b10eba4fd58832d783fe7077c4,0.047,,,
2691,2026-07-28,SH688111,0.06349177658557892,EXP_XGBModel_Alpha158_csi300_custom_step0_s_20260728_15,fe5fd2b10eba4fd58832d783fe7077c4,0.047,,,
2692,2026-07-28,SZ000338,0.006021400913596153,EXP_XGBModel_Alpha158_csi300_custom_step0_s_20260728_15,fe5fd2b10eba4fd58832d783fe7077c4,0.047,,,
2693,2026-07-28,SZ000425,0.024121932685375214,EXP_XGBModel_Alpha158_csi300_custom_step0_s_20260728_15,fe5fd2b10eba4fd58832d783fe7077c4,0.047,,,
2694,2026-07-28,SZ000963,-0.034531157463788986,EXP_XGBModel_Alpha158_csi300_custom_step0_s_20260728_15,fe5fd2b10eba4fd58832d783fe7077c4,0.047,,,
2695,2026-07-28,SZ000938,-0.11063865572214127,EXP_XGBModel_Alpha158_csi300_custom_step0_s_20260728_15,fe5fd2b10eba4fd58832d783fe7077c4,0.047,,,
2696,2026-07-28,SZ000895,-0.030467737466096878,EXP_XGBModel_Alpha158_csi300_custom_step0_s_20260728_15,fe5fd2b10eba4fd58832d783fe7077c4,0.047,,,
2697,2026-07-28,SZ000858,-0.019549109041690826,EXP_XGBModel_Alpha158_csi300_custom_step0_s_20260728_15,fe5fd2b10eba4fd58832d783fe7077c4,0.047,,,
2698,2026-07-28,SZ000807,-0.1036112830042839,EXP_XGBModel_Alpha158_csi300_custom_step0_s_20260728_15,fe5fd2b10eba4fd58832d783fe7077c4,0.047,,,
2699,2026-07-28,SZ000792,0.036023665219545364,EXP_XGBModel_Alpha158_csi300_custom_step0_s_20260728_15,fe5fd2b10eba4fd58832d783fe7077c4,0.047,,,
2700,2026-07-28,SZ000776,0.0602717362344265,EXP_XGBModel_Alpha158_csi300_custom_step0_s_20260728_15,fe5fd2b10eba4fd58832d783fe7077c4,0.047,,,
2701,2026-07-28,SZ000768,0.005799286998808384,EXP_XGBModel_Alpha158_csi300_custom_step0_s_20260728_15,fe5fd2b10eba4fd58832d783fe7077c4,0.047,,,
2702,2026-07-28,SZ000408,-0.002578127197921276,EXP_XGBModel_Alpha158_csi300_custom_step0_s_20260728_15,fe5fd2b10eba4fd58832d783fe7077c4,0.047,,,
2703,2026-07-28,SZ000725,0.24139730632305145,EXP_XGBModel_Alpha158_csi300_custom_step0_s_20260728_15,fe5fd2b10eba4fd58832d783fe7077c4,0.047,,,
2704,2026-07-28,SZ000657,0.3836284577846527,EXP_XGBModel_Alpha158_csi300_custom_step0_s_20260728_15,fe5fd2b10eba4fd58832d783fe7077c4,0.047,,,
2705,2026-07-28,SZ000651,0.03978469967842102,EXP_XGBModel_Alpha158_csi300_custom_step0_s_20260728_15,fe5fd2b10eba4fd58832d783fe7077c4,0.047,,,
2706,2026-07-28,SZ000630,0.010977593250572681,EXP_XGBModel_Alpha158_csi300_custom_step0_s_20260728_15,fe5fd2b10eba4fd58832d783fe7077c4,0.047,,,
2707,2026-07-28,SZ000625,-0.009055230766534805,EXP_XGBModel_Alpha158_csi300_custom_step0_s_20260728_15,fe5fd2b10eba4fd58832d783fe7077c4,0.047,,,
2708,2026-07-28,SZ000617,-0.01304625254124403,EXP_XGBModel_Alpha158_csi300_custom_step0_s_20260728_15,fe5fd2b10eba4fd58832d783fe7077c4,0.047,,,
2709,2026-07-28,SZ000596,-0.08434340357780457,EXP_XGBModel_Alpha158_csi300_custom_step0_s_20260728_15,fe5fd2b10eba4fd58832d783fe7077c4,0.047,,,
2710,2026-07-28,SZ000568,-0.04215141385793686,EXP_XGBModel_Alpha158_csi300_custom_step0_s_20260728_15,fe5fd2b10eba4fd58832d783fe7077c4,0.047,,,
2711,2026-07-28,SZ000538,0.006608213763684034,EXP_XGBModel_Alpha158_csi300_custom_step0_s_20260728_15,fe5fd2b10eba4fd58832d783fe7077c4,0.047,,,
2712,2026-07-28,SZ000708,-0.08211036771535873,EXP_XGBModel_Alpha158_csi300_custom_step0_s_20260728_15,fe5fd2b10eba4fd58832d783fe7077c4,0.047,,,
2713,2026-07-28,SH688082,0.3133828341960907,EXP_XGBModel_Alpha158_csi300_custom_step0_s_20260728_15,fe5fd2b10eba4fd58832d783fe7077c4,0.047,,,
2714,2026-07-28,SH688072,-0.07956159859895706,EXP_XGBModel_Alpha158_csi300_custom_step0_s_20260728_15,fe5fd2b10eba4fd58832d783fe7077c4,0.047,,,
2715,2026-07-28,SH688047,0.21686114370822906,EXP_XGBModel_Alpha158_csi300_custom_step0_s_20260728_15,fe5fd2b10eba4fd58832d783fe7077c4,0.047,,,
2716,2026-07-28,SH601939,0.012277735397219658,EXP_XGBModel_Alpha158_csi300_custom_step0_s_20260728_15,fe5fd2b10eba4fd58832d783fe7077c4,0.047,,,
2717,2026-07-28,SH601919,-3.567757084965706e-05,EXP_XGBModel_Alpha158_csi300_custom_step0_s_20260728_15,fe5fd2b10eba4fd58832d783fe7077c4,0.047,,,
2718,2026-07-28,SH601916,0.0511363260447979,EXP_XGBModel_Alpha158_csi300_custom_step0_s_20260728_15,fe5fd2b10eba4fd58832d783fe7077c4,0.047,,,
2719,2026-07-28,SH601901,-0.013863827101886272,EXP_XGBModel_Alpha158_csi300_custom_step0_s_20260728_15,fe5fd2b10eba4fd58832d783fe7077c4,0.047,,,
2720,2026-07-28,SH601899,-0.09879869222640991,EXP_XGBModel_Alpha158_csi300_custom_step0_s_20260728_15,fe5fd2b10eba4fd58832d783fe7077c4,0.047,,,
2721,2026-07-28,SH601898,-0.12742294371128082,EXP_XGBModel_Alpha158_csi300_custom_step0_s_20260728_15,fe5fd2b10eba4fd58832d783fe7077c4,0.047,,,
2722,2026-07-28,SH601888,-0.00939927063882351,EXP_XGBModel_Alpha158_csi300_custom_step0_s_20260728_15,fe5fd2b10eba4fd58832d783fe7077c4,0.047,,,
2723,2026-07-28,SH601881,0.00063146254979074,EXP_XGBModel_Alpha158_csi300_custom_step0_s_20260728_15,fe5fd2b10eba4fd58832d783fe7077c4,0.047,,,
2724,2026-07-28,SH601985,0.04589651897549629,EXP_XGBModel_Alpha158_csi300_custom_step0_s_20260728_15,fe5fd2b10eba4fd58832d783fe7077c4,0.047,,,
2725,2026-07-28,SH601878,0.022850725799798965,EXP_XGBModel_Alpha158_csi300_custom_step0_s_20260728_15,fe5fd2b10eba4fd58832d783fe7077c4,0.047,,,
2726,2026-07-28,SH601872,-0.22646202147006989,EXP_XGBModel_Alpha158_csi300_custom_step0_s_20260728_15,fe5fd2b10eba4fd58832d783fe7077c4,0.047,,,
2727,2026-07-28,SH601868,-0.1621820479631424,EXP_XGBModel_Alpha158_csi300_custom_step0_s_20260728_15,fe5fd2b10eba4fd58832d783fe7077c4,0.047,,,
2728,2026-07-28,SH601857,-0.13033641874790192,EXP_XGBModel_Alpha158_csi300_custom_step0_s_20260728_15,fe5fd2b10eba4fd58832d783fe7077c4,0.047,,,
2729,2026-07-28,SH601838,0.037010882049798965,EXP_XGBModel_Alpha158_csi300_custom_step0_s_20260728_15,fe5fd2b10eba4fd58832d783fe7077c4,0.047,,,
2730,2026-07-28,SH601825,0.008274507708847523,EXP_XGBModel_Alpha158_csi300_custom_step0_s_20260728_15,fe5fd2b10eba4fd58832d783fe7077c4,0.047,,,
2731,2026-07-28,SH601818,0.061925601214170456,EXP_XGBModel_Alpha158_csi300_custom_step0_s_20260728_15,fe5fd2b10eba4fd58832d783fe7077c4,0.047,,,
2732,2026-07-28,SH601816,-0.016664396971464157,EXP_XGBModel_Alpha158_csi300_custom_step0_s_20260728_15,fe5fd2b10eba4fd58832d783fe7077c4,0.047,,,
2733,2026-07-28,SH601800,0.007391648832708597,EXP_XGBModel_Alpha158_csi300_custom_step0_s_20260728_15,fe5fd2b10eba4fd58832d783fe7077c4,0.047,,,
2734,2026-07-28,SH601877,0.005793953780084848,EXP_XGBModel_Alpha158_csi300_custom_step0_s_20260728_15,fe5fd2b10eba4fd58832d783fe7077c4,0.047,,,
2735,2026-07-28,SH601988,0.023160642012953758,EXP_XGBModel_Alpha158_csi300_custom_step0_s_20260728_15,fe5fd2b10eba4fd58832d783fe7077c4,0.047,,,
2736,2026-07-28,SH601995,-0.00024089659564197063,EXP_XGBModel_Alpha158_csi300_custom_step0_s_20260728_15,fe5fd2b10eba4fd58832d783fe7077c4,0.047,,,
2737,2026-07-28,SH601998,-0.015003019012510777,EXP_XGBModel_Alpha158_csi300_custom_step0_s_20260728_15,fe5fd2b10eba4fd58832d783fe7077c4,0.047,,,
2738,2026-07-28,SH688041,0.06090908497571945,EXP_XGBModel_Alpha158_csi300_custom_step0_s_20260728_15,fe5fd2b10eba4fd58832d783fe7077c4,0.047,,,
2739,2026-07-28,SH688036,-0.08176533877849579,EXP_XGBModel_Alpha158_csi300_custom_step0_s_20260728_15,fe5fd2b10eba4fd58832d783fe7077c4,0.047,,,
2740,2026-07-28,SH688012,0.025077074766159058,EXP_XGBModel_Alpha158_csi300_custom_step0_s_20260728_15,fe5fd2b10eba4fd58832d783fe7077c4,0.047,,,
2741,2026-07-28,SH688009,0.0431479811668396,EXP_XGBModel_Alpha158_csi300_custom_step0_s_20260728_15,fe5fd2b10eba4fd58832d783fe7077c4,0.047,,,
2742,2026-07-28,SH688008,0.24378959834575653,EXP_XGBModel_Alpha158_csi300_custom_step0_s_20260728_15,fe5fd2b10eba4fd58832d783fe7077c4,0.047,,,
2743,2026-07-28,SH605499,-0.01617378741502762,EXP_XGBModel_Alpha158_csi300_custom_step0_s_20260728_15,fe5fd2b10eba4fd58832d783fe7077c4,0.047,,,
2744,2026-07-28,SH605117,0.13343486189842224,EXP_XGBModel_Alpha158_csi300_custom_step0_s_20260728_15,fe5fd2b10eba4fd58832d783fe7077c4,0.047,,,
2745,2026-07-28,SH603993,-0.1418868750333786,EXP_XGBModel_Alpha158_csi300_custom_step0_s_20260728_15,fe5fd2b10eba4fd58832d783fe7077c4,0.047,,,
2746,2026-07-28,SH603986,0.3794640600681305,EXP_XGBModel_Alpha158_csi300_custom_step0_s_20260728_15,fe5fd2b10eba4fd58832d783fe7077c4,0.047,,,
2747,2026-07-28,SH603893,-0.07176940888166428,EXP_XGBModel_Alpha158_csi300_custom_step0_s_20260728_15,fe5fd2b10eba4fd58832d783fe7077c4,0.047,,,
2748,2026-07-28,SH603799,0.11786472052335739,EXP_XGBModel_Alpha158_csi300_custom_step0_s_20260728_15,fe5fd2b10eba4fd58832d783fe7077c4,0.047,,,
2749,2026-07-28,SH603501,0.043978553265333176,EXP_XGBModel_Alpha158_csi300_custom_step0_s_20260728_15,fe5fd2b10eba4fd58832d783fe7077c4,0.047,,,
2750,2026-07-28,SH603392,-0.01754755899310112,EXP_XGBModel_Alpha158_csi300_custom_step0_s_20260728_15,fe5fd2b10eba4fd58832d783fe7077c4,0.047,,,
2751,2026-07-28,SH603369,0.0012068063952028751,EXP_XGBModel_Alpha158_csi300_custom_step0_s_20260728_15,fe5fd2b10eba4fd58832d783fe7077c4,0.047,,,
2752,2026-07-28,SH603296,0.026130802929401398,EXP_XGBModel_Alpha158_csi300_custom_step0_s_20260728_15,fe5fd2b10eba4fd58832d783fe7077c4,0.047,,,
2753,2026-07-28,SH603288,-0.05458594486117363,EXP_XGBModel_Alpha158_csi300_custom_step0_s_20260728_15,fe5fd2b10eba4fd58832d783fe7077c4,0.047,,,
2754,2026-07-28,SH603260,0.001846697530709207,EXP_XGBModel_Alpha158_csi300_custom_step0_s_20260728_15,fe5fd2b10eba4fd58832d783fe7077c4,0.047,,,
2755,2026-07-28,SH603259,0.031630367040634155,EXP_XGBModel_Alpha158_csi300_custom_step0_s_20260728_15,fe5fd2b10eba4fd58832d783fe7077c4,0.047,,,
2756,2026-07-28,SH603019,0.05139848217368126,EXP_XGBModel_Alpha158_csi300_custom_step0_s_20260728_15,fe5fd2b10eba4fd58832d783fe7077c4,0.047,,,
2757,2026-07-28,SZ000975,0.04922613874077797,EXP_XGBModel_Alpha158_csi300_custom_step0_s_20260728_15,fe5fd2b10eba4fd58832d783fe7077c4,0.047,,,
2758,2026-07-28,SZ000977,0.12881223857402802,EXP_XGBModel_Alpha158_csi300_custom_step0_s_20260728_15,fe5fd2b10eba4fd58832d783fe7077c4,0.047,,,
2759,2026-07-28,SZ000988,0.053836122155189514,EXP_XGBModel_Alpha158_csi300_custom_step0_s_20260728_15,fe5fd2b10eba4fd58832d783fe7077c4,0.047,,,
2760,2026-07-28,SZ000999,-0.007486569229513407,EXP_XGBModel_Alpha158_csi300_custom_step0_s_20260728_15,fe5fd2b10eba4fd58832d783fe7077c4,0.047,,,
2761,2026-07-28,SZ300498,-0.013812790624797344,EXP_XGBModel_Alpha158_csi300_custom_step0_s_20260728_15,fe5fd2b10eba4fd58832d783fe7077c4,0.047,,,
2762,2026-07-28,SZ300476,0.19187815487384796,EXP_XGBModel_Alpha158_csi300_custom_step0_s_20260728_15,fe5fd2b10eba4fd58832d783fe7077c4,0.047,,,
2763,2026-07-28,SZ300450,0.33455806970596313,EXP_XGBModel_Alpha158_csi300_custom_step0_s_20260728_15,fe5fd2b10eba4fd58832d783fe7077c4,0.047,,,
2764,2026-07-28,SZ300442,0.18269944190979004,EXP_XGBModel_Alpha158_csi300_custom_step0_s_20260728_15,fe5fd2b10eba4fd58832d783fe7077c4,0.047,,,
2765,2026-07-28,SZ300433,0.2509503662586212,EXP_XGBModel_Alpha158_csi300_custom_step0_s_20260728_15,fe5fd2b10eba4fd58832d783fe7077c4,0.047,,,
2766,2026-07-28,SZ300418,0.004768508952111006,EXP_XGBModel_Alpha158_csi300_custom_step0_s_20260728_15,fe5fd2b10eba4fd58832d783fe7077c4,0.047,,,
2767,2026-07-28,SZ300413,-0.004655318334698677,EXP_XGBModel_Alpha158_csi300_custom_step0_s_20260728_15,fe5fd2b10eba4fd58832d783fe7077c4,0.047,,,
2768,2026-07-28,SZ300408,0.19038140773773193,EXP_XGBModel_Alpha158_csi300_custom_step0_s_20260728_15,fe5fd2b10eba4fd58832d783fe7077c4,0.047,,,
2769,2026-07-28,SZ300502,0.30318501591682434,EXP_XGBModel_Alpha158_csi300_custom_step0_s_20260728_15,fe5fd2b10eba4fd58832d783fe7077c4,0.047,,,
2770,2026-07-28,SZ300394,0.10346880555152893,EXP_XGBModel_Alpha158_csi300_custom_step0_s_20260728_15,fe5fd2b10eba4fd58832d783fe7077c4,0.047,,,
2771,2026-07-28,SZ300308,0.24021479487419128,EXP_XGBModel_Alpha158_csi300_custom_step0_s_20260728_15,fe5fd2b10eba4fd58832d783fe7077c4,0.047,,,
2772,2026-07-28,SZ300274,0.12171375006437302,EXP_XGBModel_Alpha158_csi300_custom_step0_s_20260728_15,fe5fd2b10eba4fd58832d783fe7077c4,0.047,,,
2773,2026-07-28,SZ300251,-0.03714492917060852,EXP_XGBModel_Alpha158_csi300_custom_step0_s_20260728_15,fe5fd2b10eba4fd58832d783fe7077c4,0.047,,,
2774,2026-07-28,SZ300124,0.021802324801683426,EXP_XGBModel_Alpha158_csi300_custom_step0_s_20260728_15,fe5fd2b10eba4fd58832d783fe7077c4,0.047,,,
2775,2026-07-28,SZ300122,-0.031771570444107056,EXP_XGBModel_Alpha158_csi300_custom_step0_s_20260728_15,fe5fd2b10eba4fd58832d783fe7077c4,0.047,,,
2776,2026-07-28,SZ300059,-0.025652380660176277,EXP_XGBModel_Alpha158_csi300_custom_step0_s_20260728_15,fe5fd2b10eba4fd58832d783fe7077c4,0.047,,,
2777,2026-07-28,SZ300033,-0.0026945113204419613,EXP_XGBModel_Alpha158_csi300_custom_step0_s_20260728_15,fe5fd2b10eba4fd58832d783fe7077c4,0.047,,,
2778,2026-07-28,SZ300015,-0.028053615242242813,EXP_XGBModel_Alpha158_csi300_custom_step0_s_20260728_15,fe5fd2b10eba4fd58832d783fe7077c4,0.047,,,
2779,2026-07-28,SZ300316,0.1360063999891281,EXP_XGBModel_Alpha158_csi300_custom_step0_s_20260728_15,fe5fd2b10eba4fd58832d783fe7077c4,0.047,,,
2780,2026-07-28,SZ300628,-0.06368514150381088,EXP_XGBModel_Alpha158_csi300_custom_step0_s_20260728_15,fe5fd2b10eba4fd58832d783fe7077c4,0.047,,,
2781,2026-07-28,SZ300661,0.19641123712062836,EXP_XGBModel_Alpha158_csi300_custom_step0_s_20260728_15,fe5fd2b10eba4fd58832d783fe7077c4,0.047,,,
2782,2026-07-28,SZ300750,0.11686959117650986,EXP_XGBModel_Alpha158_csi300_custom_step0_s_20260728_15,fe5fd2b10eba4fd58832d783fe7077c4,0.047,,,
2783,2026-07-28,SH600019,0.008743545971810818,EXP_XGBModel_Alpha158_csi300_custom_step0_s_20260728_15,b86c579e90f34b0ca535bf3de16c004a,0.051,,,
2784,2026-07-28,SH600018,0.031221924349665642,EXP_XGBModel_Alpha158_csi300_custom_step0_s_20260728_15,b86c579e90f34b0ca535bf3de16c004a,0.051,,,
2785,2026-07-28,SH600016,0.022399557754397392,EXP_XGBModel_Alpha158_csi300_custom_step0_s_20260728_15,b86c579e90f34b0ca535bf3de16c004a,0.051,,,
2786,2026-07-28,SH600015,0.04065431281924248,EXP_XGBModel_Alpha158_csi300_custom_step0_s_20260728_15,b86c579e90f34b0ca535bf3de16c004a,0.051,,,
2787,2026-07-28,SH600011,-0.011601743288338184,EXP_XGBModel_Alpha158_csi300_custom_step0_s_20260728_15,b86c579e90f34b0ca535bf3de16c004a,0.051,,,
2788,2026-07-28,SH600010,-0.005977707915008068,EXP_XGBModel_Alpha158_csi300_custom_step0_s_20260728_15,b86c579e90f34b0ca535bf3de16c004a,0.051,,,
2789,2026-07-28,SH600009,0.006669902708381414,EXP_XGBModel_Alpha158_csi300_custom_step0_s_20260728_15,b86c579e90f34b0ca535bf3de16c004a,0.051,,,
2790,2026-07-28,SH600000,0.03498309105634689,EXP_XGBModel_Alpha158_csi300_custom_step0_s_20260728_15,b86c579e90f34b0ca535bf3de16c004a,0.051,,,
2791,2026-07-28,SZ302132,-0.07029262185096741,EXP_XGBModel_Alpha158_csi300_custom_step0_s_20260728_15,fe5fd2b10eba4fd58832d783fe7077c4,0.047,,,
2792,2026-07-28,SZ301308,0.1505873054265976,EXP_XGBModel_Alpha158_csi300_custom_step0_s_20260728_15,fe5fd2b10eba4fd58832d783fe7077c4,0.047,,,
2793,2026-07-28,SZ301269,0.12178359925746918,EXP_XGBModel_Alpha158_csi300_custom_step0_s_20260728_15,fe5fd2b10eba4fd58832d783fe7077c4,0.047,,,
2794,2026-07-28,SZ301236,-0.026431532576680183,EXP_XGBModel_Alpha158_csi300_custom_step0_s_20260728_15,fe5fd2b10eba4fd58832d783fe7077c4,0.047,,,
2795,2026-07-28,SZ301165,0.16169078648090363,EXP_XGBModel_Alpha158_csi300_custom_step0_s_20260728_15,fe5fd2b10eba4fd58832d783fe7077c4,0.047,,,
2796,2026-07-28,SZ300999,-0.0045942459255456924,EXP_XGBModel_Alpha158_csi300_custom_step0_s_20260728_15,fe5fd2b10eba4fd58832d783fe7077c4,0.047,,,
2797,2026-07-28,SZ300896,-0.07517712563276291,EXP_XGBModel_Alpha158_csi300_custom_step0_s_20260728_15,fe5fd2b10eba4fd58832d783fe7077c4,0.047,,,
2798,2026-07-28,SZ300866,-0.018896115943789482,EXP_XGBModel_Alpha158_csi300_custom_step0_s_20260728_15,fe5fd2b10eba4fd58832d783fe7077c4,0.047,,,
2799,2026-07-28,SZ300832,0.035707924515008926,EXP_XGBModel_Alpha158_csi300_custom_step0_s_20260728_15,fe5fd2b10eba4fd58832d783fe7077c4,0.047,,,
2800,2026-07-28,SZ300803,0.06992693990468979,EXP_XGBModel_Alpha158_csi300_custom_step0_s_20260728_15,fe5fd2b10eba4fd58832d783fe7077c4,0.047,,,
2801,2026-07-28,SZ300760,-0.006918344181030989,EXP_XGBModel_Alpha158_csi300_custom_step0_s_20260728_15,fe5fd2b10eba4fd58832d783fe7077c4,0.047,,,
2802,2026-07-28,SZ300014,0.06525436043739319,EXP_XGBModel_Alpha158_csi300_custom_step0_s_20260728_15,fe5fd2b10eba4fd58832d783fe7077c4,0.047,,,
2803,2026-07-28,SH600918,-0.049023646861314774,EXP_LinearModel_Alpha158_csi300_custom_step0_s_20260728_15,089d281987e6428eb2fc4d71a4c47d99,0.01,,,
2804,2026-07-28,SZ003816,0.01746276766061783,EXP_XGBModel_Alpha158_csi300_custom_step0_s_20260728_15,fe5fd2b10eba4fd58832d783fe7077c4,0.047,,,
2805,2026-07-28,SZ002920,-0.02065935730934143,EXP_XGBModel_Alpha158_csi300_custom_step0_s_20260728_15,fe5fd2b10eba4fd58832d783fe7077c4,0.047,,,
2806,2026-07-28,SZ002311,-0.0014319472247734666,EXP_XGBModel_Alpha158_csi300_custom_step0_s_20260728_15,fe5fd2b10eba4fd58832d783fe7077c4,0.047,,,
2807,2026-07-28,SZ002304,-0.030247900635004044,EXP_XGBModel_Alpha158_csi300_custom_step0_s_20260728_15,fe5fd2b10eba4fd58832d783fe7077c4,0.047,,,
2808,2026-07-28,SZ002241,0.025502711534500122,EXP_XGBModel_Alpha158_csi300_custom_step0_s_20260728_15,fe5fd2b10eba4fd58832d783fe7077c4,0.047,,,
2809,2026-07-28,SZ002236,0.0018843881553038955,EXP_XGBModel_Alpha158_csi300_custom_step0_s_20260728_15,fe5fd2b10eba4fd58832d783fe7077c4,0.047,,,
2810,2026-07-28,SZ002230,-0.0037420052103698254,EXP_XGBModel_Alpha158_csi300_custom_step0_s_20260728_15,fe5fd2b10eba4fd58832d783fe7077c4,0.047,,,
2811,2026-07-28,SZ002202,0.1801995187997818,EXP_XGBModel_Alpha158_csi300_custom_step0_s_20260728_15,fe5fd2b10eba4fd58832d783fe7077c4,0.047,,,
2812,2026-07-28,SZ002179,0.1187736988067627,EXP_XGBModel_Alpha158_csi300_custom_step0_s_20260728_15,fe5fd2b10eba4fd58832d783fe7077c4,0.047,,,
2813,2026-07-28,SZ002142,0.028560254722833633,EXP_XGBModel_Alpha158_csi300_custom_step0_s_20260728_15,fe5fd2b10eba4fd58832d783fe7077c4,0.047,,,
2814,2026-07-28,SZ002352,0.009579458273947239,EXP_XGBModel_Alpha158_csi300_custom_step0_s_20260728_15,fe5fd2b10eba4fd58832d783fe7077c4,0.047,,,
2815,2026-07-28,SZ002074,0.02074776031076908,EXP_XGBModel_Alpha158_csi300_custom_step0_s_20260728_15,fe5fd2b10eba4fd58832d783fe7077c4,0.047,,,
2816,2026-07-28,SZ002049,0.11781591176986694,EXP_XGBModel_Alpha158_csi300_custom_step0_s_20260728_15,fe5fd2b10eba4fd58832d783fe7077c4,0.047,,,
2817,2026-07-28,SZ002028,0.05080893263220787,EXP_XGBModel_Alpha158_csi300_custom_step0_s_20260728_15,fe5fd2b10eba4fd58832d783fe7077c4,0.047,,,
2818,2026-07-28,SZ002027,-0.040905799716711044,EXP_XGBModel_Alpha158_csi300_custom_step0_s_20260728_15,fe5fd2b10eba4fd58832d783fe7077c4,0.047,,,
2819,2026-07-28,SZ002001,-0.060579679906368256,EXP_XGBModel_Alpha158_csi300_custom_step0_s_20260728_15,fe5fd2b10eba4fd58832d783fe7077c4,0.047,,,
2820,2026-07-28,SZ001979,-0.017030779272317886,EXP_XGBModel_Alpha158_csi300_custom_step0_s_20260728_15,fe5fd2b10eba4fd58832d783fe7077c4,0.047,,,
2821,2026-07-28,SZ001965,-0.035664450377225876,EXP_XGBModel_Alpha158_csi300_custom_step0_s_20260728_15,fe5fd2b10eba4fd58832d783fe7077c4,0.047,,,
2822,2026-07-28,SZ001391,-0.006489276885986328,EXP_XGBModel_Alpha158_csi300_custom_step0_s_20260728_15,fe5fd2b10eba4fd58832d783fe7077c4,0.047,,,
2823,2026-07-28,SZ001280,0.04081534966826439,EXP_XGBModel_Alpha158_csi300_custom_step0_s_20260728_15,fe5fd2b10eba4fd58832d783fe7077c4,0.047,,,
2824,2026-07-28,SZ002050,0.16441132128238678,EXP_XGBModel_Alpha158_csi300_custom_step0_s_20260728_15,fe5fd2b10eba4fd58832d783fe7077c4,0.047,,,
2825,2026-07-28,SZ002353,0.1944313794374466,EXP_XGBModel_Alpha158_csi300_custom_step0_s_20260728_15,fe5fd2b10eba4fd58832d783fe7077c4,0.047,,,
2826,2026-07-28,SZ002371,-0.04257415980100632,EXP_XGBModel_Alpha158_csi300_custom_step0_s_20260728_15,fe5fd2b10eba4fd58832d783fe7077c4,0.047,,,
2827,2026-07-28,SZ002384,0.18648774921894073,EXP_XGBModel_Alpha158_csi300_custom_step0_s_20260728_15,fe5fd2b10eba4fd58832d783fe7077c4,0.047,,,
2828,2026-07-28,SZ002916,-0.06394512951374054,EXP_XGBModel_Alpha158_csi300_custom_step0_s_20260728_15,fe5fd2b10eba4fd58832d783fe7077c4,0.047,,,
2829,2026-07-28,SZ002837,-0.1557052731513977,EXP_XGBModel_Alpha158_csi300_custom_step0_s_20260728_15,fe5fd2b10eba4fd58832d783fe7077c4,0.047,,,
2830,2026-07-28,SZ002736,0.01212423387914896,EXP_XGBModel_Alpha158_csi300_custom_step0_s_20260728_15,fe5fd2b10eba4fd58832d783fe7077c4,0.047,,,
2831,2026-07-28,SZ002714,-0.03674658015370369,EXP_XGBModel_Alpha158_csi300_custom_step0_s_20260728_15,fe5fd2b10eba4fd58832d783fe7077c4,0.047,,,
2832,2026-07-28,SZ002709,0.17559106647968292,EXP_XGBModel_Alpha158_csi300_custom_step0_s_20260728_15,fe5fd2b10eba4fd58832d783fe7077c4,0.047,,,
2833,2026-07-28,SZ002648,-0.03006245754659176,EXP_XGBModel_Alpha158_csi300_custom_step0_s_20260728_15,fe5fd2b10eba4fd58832d783fe7077c4,0.047,,,
2834,2026-07-28,SZ002625,0.05345575138926506,EXP_XGBModel_Alpha158_csi300_custom_step0_s_20260728_15,fe5fd2b10eba4fd58832d783fe7077c4,0.047,,,
2835,2026-07-28,SZ002602,0.019201230257749557,EXP_XGBModel_Alpha158_csi300_custom_step0_s_20260728_15,fe5fd2b10eba4fd58832d783fe7077c4,0.047,,,
2836,2026-07-28,SZ002600,0.13511304557323456,EXP_XGBModel_Alpha158_csi300_custom_step0_s_20260728_15,fe5fd2b10eba4fd58832d783fe7077c4,0.047,,,
2837,2026-07-28,SZ002594,-0.012692699208855629,EXP_XGBModel_Alpha158_csi300_custom_step0_s_20260728_15,fe5fd2b10eba4fd58832d783fe7077c4,0.047,,,
2838,2026-07-28,SZ002558,-0.05503019317984581,EXP_XGBModel_Alpha158_csi300_custom_step0_s_20260728_15,fe5fd2b10eba4fd58832d783fe7077c4,0.047,,,
2839,2026-07-28,SZ002532,-0.06051911786198616,EXP_XGBModel_Alpha158_csi300_custom_step0_s_20260728_15,fe5fd2b10eba4fd58832d783fe7077c4,0.047,,,
2840,2026-07-28,SZ002493,-0.05163528770208359,EXP_XGBModel_Alpha158_csi300_custom_step0_s_20260728_15,fe5fd2b10eba4fd58832d783fe7077c4,0.047,,,
2841,2026-07-28,SZ002475,0.02805338054895401,EXP_XGBModel_Alpha158_csi300_custom_step0_s_20260728_15,fe5fd2b10eba4fd58832d783fe7077c4,0.047,,,
2842,2026-07-28,SZ002466,0.28813156485557556,EXP_XGBModel_Alpha158_csi300_custom_step0_s_20260728_15,fe5fd2b10eba4fd58832d783fe7077c4,0.047,,,
2843,2026-07-28,SZ002463,-0.09759311378002167,EXP_XGBModel_Alpha158_csi300_custom_step0_s_20260728_15,fe5fd2b10eba4fd58832d783fe7077c4,0.047,,,
2844,2026-07-28,SZ002460,0.03993649780750275,EXP_XGBModel_Alpha158_csi300_custom_step0_s_20260728_15,fe5fd2b10eba4fd58832d783fe7077c4,0.047,,,
2845,2026-07-28,SZ002422,0.028714584186673164,EXP_XGBModel_Alpha158_csi300_custom_step0_s_20260728_15,fe5fd2b10eba4fd58832d783fe7077c4,0.047,,,
2846,2026-07-28,SZ002415,0.08987130224704742,EXP_XGBModel_Alpha158_csi300_custom_step0_s_20260728_15,fe5fd2b10eba4fd58832d783fe7077c4,0.047,,,
2847,2026-07-28,SZ002938,-0.04057943820953369,EXP_XGBModel_Alpha158_csi300_custom_step0_s_20260728_15,fe5fd2b10eba4fd58832d783fe7077c4,0.047,,,
2848,2026-07-28,SH601939,0.013971447052263608,EXP_LGBModel_Alpha158_csi300_custom_step0_s_20260728_15,9e6afb2022c54871a3efbdb78da01985,0.017,,,
2849,2026-07-28,SH601919,-0.00986279925360195,EXP_LGBModel_Alpha158_csi300_custom_step0_s_20260728_15,9e6afb2022c54871a3efbdb78da01985,0.017,,,
2850,2026-07-28,SH601916,0.011374603653715728,EXP_LGBModel_Alpha158_csi300_custom_step0_s_20260728_15,9e6afb2022c54871a3efbdb78da01985,0.017,,,
2851,2026-07-28,SH600549,0.20853578710395657,EXP_CatBoostModel_Alpha158_csi300_custom_step0_s_20260728_15,7977c1f3473747bdbc3f00af295c73c7,0.114,,,
2852,2026-07-28,SH600547,-0.06295669063485897,EXP_CatBoostModel_Alpha158_csi300_custom_step0_s_20260728_15,7977c1f3473747bdbc3f00af295c73c7,0.114,,,
2853,2026-07-28,SH600522,0.08966678934429823,EXP_CatBoostModel_Alpha158_csi300_custom_step0_s_20260728_15,7977c1f3473747bdbc3f00af295c73c7,0.114,,,
2854,2026-07-28,SH600519,-0.02272415639963738,EXP_CatBoostModel_Alpha158_csi300_custom_step0_s_20260728_15,7977c1f3473747bdbc3f00af295c73c7,0.114,,,
2855,2026-07-28,SH600515,0.022883795660244267,EXP_CatBoostModel_Alpha158_csi300_custom_step0_s_20260728_15,7977c1f3473747bdbc3f00af295c73c7,0.114,,,
2856,2026-07-28,SH600489,-0.054234222145260455,EXP_CatBoostModel_Alpha158_csi300_custom_step0_s_20260728_15,7977c1f3473747bdbc3f00af295c73c7,0.114,,,
2857,2026-07-28,SH600482,-0.1401316137126837,EXP_CatBoostModel_Alpha158_csi300_custom_step0_s_20260728_15,7977c1f3473747bdbc3f00af295c73c7,0.114,,,
2858,2026-07-28,SH600460,0.08765918366487116,EXP_CatBoostModel_Alpha158_csi300_custom_step0_s_20260728_15,7977c1f3473747bdbc3f00af295c73c7,0.114,,,
2859,2026-07-28,SH600570,-0.04471183885368238,EXP_CatBoostModel_Alpha158_csi300_custom_step0_s_20260728_15,7977c1f3473747bdbc3f00af295c73c7,0.114,,,
2860,2026-07-28,SH600438,0.003985707032922103,EXP_CatBoostModel_Alpha158_csi300_custom_step0_s_20260728_15,7977c1f3473747bdbc3f00af295c73c7,0.114,,,
2861,2026-07-28,SH600426,-0.002627003821001445,EXP_CatBoostModel_Alpha158_csi300_custom_step0_s_20260728_15,7977c1f3473747bdbc3f00af295c73c7,0.114,,,
2862,2026-07-28,SH600415,-0.026852559761866155,EXP_CatBoostModel_Alpha158_csi300_custom_step0_s_20260728_15,7977c1f3473747bdbc3f00af295c73c7,0.114,,,
2863,2026-07-28,SH600406,-0.0008410729151833401,EXP_CatBoostModel_Alpha158_csi300_custom_step0_s_20260728_15,7977c1f3473747bdbc3f00af295c73c7,0.114,,,
2864,2026-07-28,SH600372,0.03019837328403655,EXP_CatBoostModel_Alpha158_csi300_custom_step0_s_20260728_15,7977c1f3473747bdbc3f00af295c73c7,0.114,,,
2865,2026-07-28,SH600362,-0.00014958761881303886,EXP_CatBoostModel_Alpha158_csi300_custom_step0_s_20260728_15,7977c1f3473747bdbc3f00af295c73c7,0.114,,,
2866,2026-07-28,SH600346,-0.046963730397234116,EXP_CatBoostModel_Alpha158_csi300_custom_step0_s_20260728_15,7977c1f3473747bdbc3f00af295c73c7,0.114,,,
2867,2026-07-28,SH600309,-0.08685893775471532,EXP_CatBoostModel_Alpha158_csi300_custom_step0_s_20260728_15,7977c1f3473747bdbc3f00af295c73c7,0.114,,,
2868,2026-07-28,SH600276,-0.028563391525845905,EXP_CatBoostModel_Alpha158_csi300_custom_step0_s_20260728_15,7977c1f3473747bdbc3f00af295c73c7,0.114,,,
2869,2026-07-28,SH600436,-0.019118496122270314,EXP_CatBoostModel_Alpha158_csi300_custom_step0_s_20260728_15,7977c1f3473747bdbc3f00af295c73c7,0.114,,,
2870,2026-07-28,SH600233,-0.05002445268871525,EXP_CatBoostModel_Alpha158_csi300_custom_step0_s_20260728_15,7977c1f3473747bdbc3f00af295c73c7,0.114,,,
2871,2026-07-28,SH600584,0.24188480064881132,EXP_CatBoostModel_Alpha158_csi300_custom_step0_s_20260728_15,7977c1f3473747bdbc3f00af295c73c7,0.114,,,
2872,2026-07-28,SH600588,-0.03918372483497687,EXP_CatBoostModel_Alpha158_csi300_custom_step0_s_20260728_15,7977c1f3473747bdbc3f00af295c73c7,0.114,,,
2873,2026-07-28,SH600919,0.05228410230212483,EXP_CatBoostModel_Alpha158_csi300_custom_step0_s_20260728_15,7977c1f3473747bdbc3f00af295c73c7,0.114,,,
2874,2026-07-28,SH600918,-0.004804687325313281,EXP_CatBoostModel_Alpha158_csi300_custom_step0_s_20260728_15,7977c1f3473747bdbc3f00af295c73c7,0.114,,,
2875,2026-07-28,SH600905,-0.006355317051276842,EXP_CatBoostModel_Alpha158_csi300_custom_step0_s_20260728_15,7977c1f3473747bdbc3f00af295c73c7,0.114,,,
2876,2026-07-28,SH600900,-0.023449012035995486,EXP_CatBoostModel_Alpha158_csi300_custom_step0_s_20260728_15,7977c1f3473747bdbc3f00af295c73c7,0.114,,,
2877,2026-07-28,SH600893,0.001782148458147759,EXP_CatBoostModel_Alpha158_csi300_custom_step0_s_20260728_15,7977c1f3473747bdbc3f00af295c73c7,0.114,,,
2878,2026-07-28,SH600887,-0.016847679462370563,EXP_CatBoostModel_Alpha158_csi300_custom_step0_s_20260728_15,7977c1f3473747bdbc3f00af295c73c7,0.114,,,
2879,2026-07-28,SH600886,0.0012297988325692005,EXP_CatBoostModel_Alpha158_csi300_custom_step0_s_20260728_15,7977c1f3473747bdbc3f00af295c73c7,0.114,,,
2880,2026-07-28,SH600875,0.08720280922112908,EXP_CatBoostModel_Alpha158_csi300_custom_step0_s_20260728_15,7977c1f3473747bdbc3f00af295c73c7,0.114,,,
2881,2026-07-28,SH600585,0.01444231591432725,EXP_CatBoostModel_Alpha158_csi300_custom_step0_s_20260728_15,7977c1f3473747bdbc3f00af295c73c7,0.114,,,
2882,2026-07-28,SH600845,0.0029099164636239103,EXP_CatBoostModel_Alpha158_csi300_custom_step0_s_20260728_15,7977c1f3473747bdbc3f00af295c73c7,0.114,,,
2883,2026-07-28,SH600803,-0.008085151222697819,EXP_CatBoostModel_Alpha158_csi300_custom_step0_s_20260728_15,7977c1f3473747bdbc3f00af295c73c7,0.114,,,
2884,2026-07-28,SH600795,0.002202770338296045,EXP_CatBoostModel_Alpha158_csi300_custom_step0_s_20260728_15,7977c1f3473747bdbc3f00af295c73c7,0.114,,,
2885,2026-07-28,SH600760,-0.09400203222807121,EXP_CatBoostModel_Alpha158_csi300_custom_step0_s_20260728_15,7977c1f3473747bdbc3f00af295c73c7,0.114,,,
2886,2026-07-28,SH600741,0.0010712038289361347,EXP_CatBoostModel_Alpha158_csi300_custom_step0_s_20260728_15,7977c1f3473747bdbc3f00af295c73c7,0.114,,,
2887,2026-07-28,SH600690,-0.03797666532415699,EXP_CatBoostModel_Alpha158_csi300_custom_step0_s_20260728_15,7977c1f3473747bdbc3f00af295c73c7,0.114,,,
2888,2026-07-28,SH600674,-0.00469462255465831,EXP_CatBoostModel_Alpha158_csi300_custom_step0_s_20260728_15,7977c1f3473747bdbc3f00af295c73c7,0.114,,,
2889,2026-07-28,SH600660,-0.041091581642899604,EXP_CatBoostModel_Alpha158_csi300_custom_step0_s_20260728_15,7977c1f3473747bdbc3f00af295c73c7,0.114,,,
2890,2026-07-28,SH600600,0.011920315411172114,EXP_CatBoostModel_Alpha158_csi300_custom_step0_s_20260728_15,7977c1f3473747bdbc3f00af295c73c7,0.114,,,
2891,2026-07-28,SH600809,-0.063711951729377,EXP_CatBoostModel_Alpha158_csi300_custom_step0_s_20260728_15,7977c1f3473747bdbc3f00af295c73c7,0.114,,,
2892,2026-07-28,SH600221,-0.005223984220832561,EXP_CatBoostModel_Alpha158_csi300_custom_step0_s_20260728_15,7977c1f3473747bdbc3f00af295c73c7,0.114,,,
2893,2026-07-28,SH600219,-0.09535757898664404,EXP_CatBoostModel_Alpha158_csi300_custom_step0_s_20260728_15,7977c1f3473747bdbc3f00af295c73c7,0.114,,,
2894,2026-07-28,SH600196,-0.033380914506923674,EXP_CatBoostModel_Alpha158_csi300_custom_step0_s_20260728_15,7977c1f3473747bdbc3f00af295c73c7,0.114,,,
2895,2026-07-28,SH600025,0.006221647343084214,EXP_CatBoostModel_Alpha158_csi300_custom_step0_s_20260728_15,7977c1f3473747bdbc3f00af295c73c7,0.114,,,
2896,2026-07-28,SH600023,-0.002036958305888389,EXP_CatBoostModel_Alpha158_csi300_custom_step0_s_20260728_15,7977c1f3473747bdbc3f00af295c73c7,0.114,,,
2897,2026-07-28,SH600019,0.013462717624489015,EXP_CatBoostModel_Alpha158_csi300_custom_step0_s_20260728_15,7977c1f3473747bdbc3f00af295c73c7,0.114,,,
2898,2026-07-28,SH600018,0.044733962089742896,EXP_CatBoostModel_Alpha158_csi300_custom_step0_s_20260728_15,7977c1f3473747bdbc3f00af295c73c7,0.114,,,
2899,2026-07-28,SH600016,0.027191502236219963,EXP_CatBoostModel_Alpha158_csi300_custom_step0_s_20260728_15,7977c1f3473747bdbc3f00af295c73c7,0.114,,,
2900,2026-07-28,SH600015,0.049191590602392504,EXP_CatBoostModel_Alpha158_csi300_custom_step0_s_20260728_15,7977c1f3473747bdbc3f00af295c73c7,0.114,,,
2901,2026-07-28,SH600011,-0.03351192532523992,EXP_CatBoostModel_Alpha158_csi300_custom_step0_s_20260728_15,7977c1f3473747bdbc3f00af295c73c7,0.114,,,
2902,2026-07-28,SH600010,-0.0013571761597415213,EXP_CatBoostModel_Alpha158_csi300_custom_step0_s_20260728_15,7977c1f3473747bdbc3f00af295c73c7,0.114,,,
2903,2026-07-28,SH600026,0.1390013206599991,EXP_CatBoostModel_Alpha158_csi300_custom_step0_s_20260728_15,7977c1f3473747bdbc3f00af295c73c7,0.114,,,
2904,2026-07-28,SH600009,-0.00048186161197104425,EXP_CatBoostModel_Alpha158_csi300_custom_step0_s_20260728_15,7977c1f3473747bdbc3f00af295c73c7,0.114,,,
2905,2026-07-28,SZ302132,-0.06232769527681885,EXP_CatBoostModel_Alpha158_csi300_custom_step0_s_20260728_15,15353abe70e34efb95efa8b3dfbc4393,0.073,,,
2906,2026-07-28,SZ301308,-0.029147940756070728,EXP_CatBoostModel_Alpha158_csi300_custom_step0_s_20260728_15,15353abe70e34efb95efa8b3dfbc4393,0.073,,,
2907,2026-07-28,SZ301269,0.05987463190421711,EXP_CatBoostModel_Alpha158_csi300_custom_step0_s_20260728_15,15353abe70e34efb95efa8b3dfbc4393,0.073,,,
2908,2026-07-28,SZ301236,-0.01609485954474395,EXP_CatBoostModel_Alpha158_csi300_custom_step0_s_20260728_15,15353abe70e34efb95efa8b3dfbc4393,0.073,,,
2909,2026-07-28,SZ301165,0.027738704547407993,EXP_CatBoostModel_Alpha158_csi300_custom_step0_s_20260728_15,15353abe70e34efb95efa8b3dfbc4393,0.073,,,
2910,2026-07-28,SZ300999,-0.01400591517293929,EXP_CatBoostModel_Alpha158_csi300_custom_step0_s_20260728_15,15353abe70e34efb95efa8b3dfbc4393,0.073,,,
2911,2026-07-28,SZ300896,-0.03889547672558359,EXP_CatBoostModel_Alpha158_csi300_custom_step0_s_20260728_15,15353abe70e34efb95efa8b3dfbc4393,0.073,,,
2912,2026-07-28,SZ300866,-0.01881121906719775,EXP_CatBoostModel_Alpha158_csi300_custom_step0_s_20260728_15,15353abe70e34efb95efa8b3dfbc4393,0.073,,,
2913,2026-07-28,SH600000,0.0250478240295991,EXP_CatBoostModel_Alpha158_csi300_custom_step0_s_20260728_15,7977c1f3473747bdbc3f00af295c73c7,0.114,,,
2914,2026-07-28,SH600027,-0.016330318902727976,EXP_CatBoostModel_Alpha158_csi300_custom_step0_s_20260728_15,7977c1f3473747bdbc3f00af295c73c7,0.114,,,
2915,2026-07-28,SH600028,-0.024038217397556055,EXP_CatBoostModel_Alpha158_csi300_custom_step0_s_20260728_15,7977c1f3473747bdbc3f00af295c73c7,0.114,,,
2916,2026-07-28,SH600029,0.004999803647918748,EXP_CatBoostModel_Alpha158_csi300_custom_step0_s_20260728_15,7977c1f3473747bdbc3f00af295c73c7,0.114,,,
2917,2026-07-28,SH600188,-0.056987284864743616,EXP_CatBoostModel_Alpha158_csi300_custom_step0_s_20260728_15,7977c1f3473747bdbc3f00af295c73c7,0.114,,,
2918,2026-07-28,SH600183,0.1531004349009014,EXP_CatBoostModel_Alpha158_csi300_custom_step0_s_20260728_15,7977c1f3473747bdbc3f00af295c73c7,0.114,,,
2919,2026-07-28,SH600176,0.06588049593735551,EXP_CatBoostModel_Alpha158_csi300_custom_step0_s_20260728_15,7977c1f3473747bdbc3f00af295c73c7,0.114,,,
2920,2026-07-28,SH600160,0.1493160327109823,EXP_CatBoostModel_Alpha158_csi300_custom_step0_s_20260728_15,7977c1f3473747bdbc3f00af295c73c7,0.114,,,
2921,2026-07-28,SH600150,-0.003116992074963714,EXP_CatBoostModel_Alpha158_csi300_custom_step0_s_20260728_15,7977c1f3473747bdbc3f00af295c73c7,0.114,,,
2922,2026-07-28,SH600118,0.21823712137415469,EXP_CatBoostModel_Alpha158_csi300_custom_step0_s_20260728_15,7977c1f3473747bdbc3f00af295c73c7,0.114,,,
2923,2026-07-28,SH600115,0.00108990958903841,EXP_CatBoostModel_Alpha158_csi300_custom_step0_s_20260728_15,7977c1f3473747bdbc3f00af295c73c7,0.114,,,
2924,2026-07-28,SH600111,0.13520318080169152,EXP_CatBoostModel_Alpha158_csi300_custom_step0_s_20260728_15,7977c1f3473747bdbc3f00af295c73c7,0.114,,,
2925,2026-07-28,SH600104,0.0001371986765139881,EXP_CatBoostModel_Alpha158_csi300_custom_step0_s_20260728_15,7977c1f3473747bdbc3f00af295c73c7,0.114,,,
2926,2026-07-28,SH600089,-0.020484259769168355,EXP_CatBoostModel_Alpha158_csi300_custom_step0_s_20260728_15,7977c1f3473747bdbc3f00af295c73c7,0.114,,,
2927,2026-07-28,SH600085,-0.02134189248211242,EXP_CatBoostModel_Alpha158_csi300_custom_step0_s_20260728_15,7977c1f3473747bdbc3f00af295c73c7,0.114,,,
2928,2026-07-28,SH600066,-0.046801438891261496,EXP_CatBoostModel_Alpha158_csi300_custom_step0_s_20260728_15,7977c1f3473747bdbc3f00af295c73c7,0.114,,,
2929,2026-07-28,SH600061,0.0065885777132192085,EXP_CatBoostModel_Alpha158_csi300_custom_step0_s_20260728_15,7977c1f3473747bdbc3f00af295c73c7,0.114,,,
2930,2026-07-28,SH600050,-0.011858368254342066,EXP_CatBoostModel_Alpha158_csi300_custom_step0_s_20260728_15,7977c1f3473747bdbc3f00af295c73c7,0.114,,,
2931,2026-07-28,SH600048,-0.03015708366170521,EXP_CatBoostModel_Alpha158_csi300_custom_step0_s_20260728_15,7977c1f3473747bdbc3f00af295c73c7,0.114,,,
2932,2026-07-28,SH600039,-0.00019115355251053808,EXP_CatBoostModel_Alpha158_csi300_custom_step0_s_20260728_15,7977c1f3473747bdbc3f00af295c73c7,0.114,,,
2933,2026-07-28,SH600036,0.16862379087433738,EXP_CatBoostModel_Alpha158_csi300_custom_step0_s_20260728_15,7977c1f3473747bdbc3f00af295c73c7,0.114,,,
2934,2026-07-28,SH600031,-0.034524052198344646,EXP_CatBoostModel_Alpha158_csi300_custom_step0_s_20260728_15,7977c1f3473747bdbc3f00af295c73c7,0.114,,,
2935,2026-07-28,SH600030,0.025710707185085856,EXP_CatBoostModel_Alpha158_csi300_custom_step0_s_20260728_15,7977c1f3473747bdbc3f00af295c73c7,0.114,,,
2936,2026-07-28,SH600926,0.033472214008697106,EXP_CatBoostModel_Alpha158_csi300_custom_step0_s_20260728_15,7977c1f3473747bdbc3f00af295c73c7,0.114,,,
2937,2026-07-28,SZ300832,-0.019729489578336663,EXP_CatBoostModel_Alpha158_csi300_custom_step0_s_20260728_15,15353abe70e34efb95efa8b3dfbc4393,0.073,,,
2938,2026-07-28,SH600930,0.0248461288224409,EXP_CatBoostModel_Alpha158_csi300_custom_step0_s_20260728_15,7977c1f3473747bdbc3f00af295c73c7,0.114,,,
2939,2026-07-28,SH600941,0.026304431069406293,EXP_CatBoostModel_Alpha158_csi300_custom_step0_s_20260728_15,7977c1f3473747bdbc3f00af295c73c7,0.114,,,
2940,2026-07-28,SH601881,0.007154951716278916,EXP_CatBoostModel_Alpha158_csi300_custom_step0_s_20260728_15,7977c1f3473747bdbc3f00af295c73c7,0.114,,,
2941,2026-07-28,SH601878,0.01633145555204774,EXP_CatBoostModel_Alpha158_csi300_custom_step0_s_20260728_15,7977c1f3473747bdbc3f00af295c73c7,0.114,,,
2942,2026-07-28,SH601877,-0.03539034663879805,EXP_CatBoostModel_Alpha158_csi300_custom_step0_s_20260728_15,7977c1f3473747bdbc3f00af295c73c7,0.114,,,
2943,2026-07-28,SH601872,-0.023737904636255552,EXP_CatBoostModel_Alpha158_csi300_custom_step0_s_20260728_15,7977c1f3473747bdbc3f00af295c73c7,0.114,,,
2944,2026-07-28,SH601868,-0.016367425575043837,EXP_CatBoostModel_Alpha158_csi300_custom_step0_s_20260728_15,7977c1f3473747bdbc3f00af295c73c7,0.114,,,
2945,2026-07-28,SH601857,-0.05342578048364724,EXP_CatBoostModel_Alpha158_csi300_custom_step0_s_20260728_15,7977c1f3473747bdbc3f00af295c73c7,0.114,,,
2946,2026-07-28,SH601838,0.029797638063578036,EXP_CatBoostModel_Alpha158_csi300_custom_step0_s_20260728_15,7977c1f3473747bdbc3f00af295c73c7,0.114,,,
2947,2026-07-28,SH601825,0.019934579504950766,EXP_CatBoostModel_Alpha158_csi300_custom_step0_s_20260728_15,7977c1f3473747bdbc3f00af295c73c7,0.114,,,
2948,2026-07-28,SH601888,-0.021483174843198175,EXP_CatBoostModel_Alpha158_csi300_custom_step0_s_20260728_15,7977c1f3473747bdbc3f00af295c73c7,0.114,,,
2949,2026-07-28,SH601818,0.04456594607725455,EXP_CatBoostModel_Alpha158_csi300_custom_step0_s_20260728_15,7977c1f3473747bdbc3f00af295c73c7,0.114,,,
2950,2026-07-28,SH601800,0.00659816577068843,EXP_CatBoostModel_Alpha158_csi300_custom_step0_s_20260728_15,7977c1f3473747bdbc3f00af295c73c7,0.114,,,
2951,2026-07-28,SH601788,0.02633786230862758,EXP_CatBoostModel_Alpha158_csi300_custom_step0_s_20260728_15,7977c1f3473747bdbc3f00af295c73c7,0.114,,,
2952,2026-07-28,SH601766,-0.05277756766497298,EXP_CatBoostModel_Alpha158_csi300_custom_step0_s_20260728_15,7977c1f3473747bdbc3f00af295c73c7,0.114,,,
2953,2026-07-28,SH601728,0.03689993057319836,EXP_CatBoostModel_Alpha158_csi300_custom_step0_s_20260728_15,7977c1f3473747bdbc3f00af295c73c7,0.114,,,
2954,2026-07-28,SH601727,-0.044240362127293285,EXP_CatBoostModel_Alpha158_csi300_custom_step0_s_20260728_15,7977c1f3473747bdbc3f00af295c73c7,0.114,,,
2955,2026-07-28,SH601698,0.01631748349620608,EXP_CatBoostModel_Alpha158_csi300_custom_step0_s_20260728_15,7977c1f3473747bdbc3f00af295c73c7,0.114,,,
2956,2026-07-28,SH601689,0.037373228797481825,EXP_CatBoostModel_Alpha158_csi300_custom_step0_s_20260728_15,7977c1f3473747bdbc3f00af295c73c7,0.114,,,
2957,2026-07-28,SH601688,-0.0010250715866907793,EXP_CatBoostModel_Alpha158_csi300_custom_step0_s_20260728_15,7977c1f3473747bdbc3f00af295c73c7,0.114,,,
2958,2026-07-28,SH601816,-0.03274893170348606,EXP_CatBoostModel_Alpha158_csi300_custom_step0_s_20260728_15,7977c1f3473747bdbc3f00af295c73c7,0.114,,,
2959,2026-07-28,SH601669,0.0009962251230501598,EXP_CatBoostModel_Alpha158_csi300_custom_step0_s_20260728_15,7977c1f3473747bdbc3f00af295c73c7,0.114,,,
2960,2026-07-28,SH601898,-0.1003552639274271,EXP_CatBoostModel_Alpha158_csi300_custom_step0_s_20260728_15,7977c1f3473747bdbc3f00af295c73c7,0.114,,,
2961,2026-07-28,SH601901,0.01451049369814778,EXP_CatBoostModel_Alpha158_csi300_custom_step0_s_20260728_15,7977c1f3473747bdbc3f00af295c73c7,0.114,,,
2962,2026-07-28,SH603986,0.12178490778796554,EXP_CatBoostModel_Alpha158_csi300_custom_step0_s_20260728_15,7977c1f3473747bdbc3f00af295c73c7,0.114,,,
2963,2026-07-28,SH603893,0.017068100411875606,EXP_CatBoostModel_Alpha158_csi300_custom_step0_s_20260728_15,7977c1f3473747bdbc3f00af295c73c7,0.114,,,
2964,2026-07-28,SH603799,0.24773957710755845,EXP_CatBoostModel_Alpha158_csi300_custom_step0_s_20260728_15,7977c1f3473747bdbc3f00af295c73c7,0.114,,,
2965,2026-07-28,SH603501,0.06149828399242684,EXP_CatBoostModel_Alpha158_csi300_custom_step0_s_20260728_15,7977c1f3473747bdbc3f00af295c73c7,0.114,,,
2966,2026-07-28,SH603392,-0.003269202434056542,EXP_CatBoostModel_Alpha158_csi300_custom_step0_s_20260728_15,7977c1f3473747bdbc3f00af295c73c7,0.114,,,
2967,2026-07-28,SH603369,-0.03629821052376234,EXP_CatBoostModel_Alpha158_csi300_custom_step0_s_20260728_15,7977c1f3473747bdbc3f00af295c73c7,0.114,,,
2968,2026-07-28,SH603296,-0.03636260592620423,EXP_CatBoostModel_Alpha158_csi300_custom_step0_s_20260728_15,7977c1f3473747bdbc3f00af295c73c7,0.114,,,
2969,2026-07-28,SH603288,-0.0029124775536546726,EXP_CatBoostModel_Alpha158_csi300_custom_step0_s_20260728_15,7977c1f3473747bdbc3f00af295c73c7,0.114,,,
2970,2026-07-28,SH601899,-0.0506342141524725,EXP_CatBoostModel_Alpha158_csi300_custom_step0_s_20260728_15,7977c1f3473747bdbc3f00af295c73c7,0.114,,,
2971,2026-07-28,SH603260,0.0473692626950536,EXP_CatBoostModel_Alpha158_csi300_custom_step0_s_20260728_15,7977c1f3473747bdbc3f00af295c73c7,0.114,,,
2972,2026-07-28,SH603019,0.06324778036198661,EXP_CatBoostModel_Alpha158_csi300_custom_step0_s_20260728_15,7977c1f3473747bdbc3f00af295c73c7,0.114,,,
2973,2026-07-28,SH601998,0.011735468350435981,EXP_CatBoostModel_Alpha158_csi300_custom_step0_s_20260728_15,7977c1f3473747bdbc3f00af295c73c7,0.114,,,
2974,2026-07-28,SH601995,0.007889650898480097,EXP_CatBoostModel_Alpha158_csi300_custom_step0_s_20260728_15,7977c1f3473747bdbc3f00af295c73c7,0.114,,,
2975,2026-07-28,SH601988,0.03504234687207983,EXP_CatBoostModel_Alpha158_csi300_custom_step0_s_20260728_15,7977c1f3473747bdbc3f00af295c73c7,0.114,,,
2976,2026-07-28,SH601985,0.028536719643328535,EXP_CatBoostModel_Alpha158_csi300_custom_step0_s_20260728_15,7977c1f3473747bdbc3f00af295c73c7,0.114,,,
2977,2026-07-28,SH601939,-0.014983243567345665,EXP_CatBoostModel_Alpha158_csi300_custom_step0_s_20260728_15,7977c1f3473747bdbc3f00af295c73c7,0.114,,,
2978,2026-07-28,SH601919,0.1560950905759647,EXP_CatBoostModel_Alpha158_csi300_custom_step0_s_20260728_15,7977c1f3473747bdbc3f00af295c73c7,0.114,,,
2979,2026-07-28,SH601916,0.03438361196976664,EXP_CatBoostModel_Alpha158_csi300_custom_step0_s_20260728_15,7977c1f3473747bdbc3f00af295c73c7,0.114,,,
2980,2026-07-28,SH603259,0.0034924638686651722,EXP_CatBoostModel_Alpha158_csi300_custom_step0_s_20260728_15,7977c1f3473747bdbc3f00af295c73c7,0.114,,,
2981,2026-07-28,SH601668,-0.04837376618335235,EXP_CatBoostModel_Alpha158_csi300_custom_step0_s_20260728_15,7977c1f3473747bdbc3f00af295c73c7,0.114,,,
2982,2026-07-28,SH601658,0.05576953517189567,EXP_CatBoostModel_Alpha158_csi300_custom_step0_s_20260728_15,7977c1f3473747bdbc3f00af295c73c7,0.114,,,
2983,2026-07-28,SH601633,-0.041534759469792674,EXP_CatBoostModel_Alpha158_csi300_custom_step0_s_20260728_15,7977c1f3473747bdbc3f00af295c73c7,0.114,,,
2984,2026-07-28,SH601136,-0.004176358656707119,EXP_CatBoostModel_Alpha158_csi300_custom_step0_s_20260728_15,7977c1f3473747bdbc3f00af295c73c7,0.114,,,
2985,2026-07-28,SH601127,0.009969352354041889,EXP_CatBoostModel_Alpha158_csi300_custom_step0_s_20260728_15,7977c1f3473747bdbc3f00af295c73c7,0.114,,,
2986,2026-07-28,SH601117,0.020807075370134685,EXP_CatBoostModel_Alpha158_csi300_custom_step0_s_20260728_15,7977c1f3473747bdbc3f00af295c73c7,0.114,,,
2987,2026-07-28,SH601111,0.0019600187646885998,EXP_CatBoostModel_Alpha158_csi300_custom_step0_s_20260728_15,7977c1f3473747bdbc3f00af295c73c7,0.114,,,
2988,2026-07-28,SH601100,0.01374057177978988,EXP_CatBoostModel_Alpha158_csi300_custom_step0_s_20260728_15,7977c1f3473747bdbc3f00af295c73c7,0.114,,,
2989,2026-07-28,SH601088,-0.05975025006285137,EXP_CatBoostModel_Alpha158_csi300_custom_step0_s_20260728_15,7977c1f3473747bdbc3f00af295c73c7,0.114,,,
2990,2026-07-28,SH601077,0.012633701070820305,EXP_CatBoostModel_Alpha158_csi300_custom_step0_s_20260728_15,7977c1f3473747bdbc3f00af295c73c7,0.114,,,
2991,2026-07-28,SH601066,0.03814079912359509,EXP_CatBoostModel_Alpha158_csi300_custom_step0_s_20260728_15,7977c1f3473747bdbc3f00af295c73c7,0.114,,,
2992,2026-07-28,SH601138,0.10509048420891963,EXP_CatBoostModel_Alpha158_csi300_custom_step0_s_20260728_15,7977c1f3473747bdbc3f00af295c73c7,0.114,,,
2993,2026-07-28,SH601059,0.017673453478069492,EXP_CatBoostModel_Alpha158_csi300_custom_step0_s_20260728_15,7977c1f3473747bdbc3f00af295c73c7,0.114,,,
2994,2026-07-28,SH601021,0.02363437898674043,EXP_CatBoostModel_Alpha158_csi300_custom_step0_s_20260728_15,7977c1f3473747bdbc3f00af295c73c7,0.114,,,
2995,2026-07-28,SH601018,0.004326105151513213,EXP_CatBoostModel_Alpha158_csi300_custom_step0_s_20260728_15,7977c1f3473747bdbc3f00af295c73c7,0.114,,,
2996,2026-07-28,SH601012,-0.03457668790086053,EXP_CatBoostModel_Alpha158_csi300_custom_step0_s_20260728_15,7977c1f3473747bdbc3f00af295c73c7,0.114,,,
2997,2026-07-28,SH601009,0.04500221347405074,EXP_CatBoostModel_Alpha158_csi300_custom_step0_s_20260728_15,7977c1f3473747bdbc3f00af295c73c7,0.114,,,
2998,2026-07-28,SH601006,0.007269128525768175,EXP_CatBoostModel_Alpha158_csi300_custom_step0_s_20260728_15,7977c1f3473747bdbc3f00af295c73c7,0.114,,,
2999,2026-07-28,SH600999,0.008603125085575123,EXP_CatBoostModel_Alpha158_csi300_custom_step0_s_20260728_15,7977c1f3473747bdbc3f00af295c73c7,0.114,,,
3000,2026-07-28,SH600989,-0.05928558525547392,EXP_CatBoostModel_Alpha158_csi300_custom_step0_s_20260728_15,7977c1f3473747bdbc3f00af295c73c7,0.114,,,
3001,2026-07-28,SH600958,0.023737316568233364,EXP_CatBoostModel_Alpha158_csi300_custom_step0_s_20260728_15,7977c1f3473747bdbc3f00af295c73c7,0.114,,,
3002,2026-07-28,SH601058,0.0031501933438020623,EXP_CatBoostModel_Alpha158_csi300_custom_step0_s_20260728_15,7977c1f3473747bdbc3f00af295c73c7,0.114,,,
3003,2026-07-28,SH601166,0.08806312671528367,EXP_CatBoostModel_Alpha158_csi300_custom_step0_s_20260728_15,7977c1f3473747bdbc3f00af295c73c7,0.114,,,
3004,2026-07-28,SH601169,0.041557058940238006,EXP_CatBoostModel_Alpha158_csi300_custom_step0_s_20260728_15,7977c1f3473747bdbc3f00af295c73c7,0.114,,,
3005,2026-07-28,SH601186,0.022140123834858673,EXP_CatBoostModel_Alpha158_csi300_custom_step0_s_20260728_15,7977c1f3473747bdbc3f00af295c73c7,0.114,,,
3006,2026-07-28,SH601628,-0.03210550112090653,EXP_CatBoostModel_Alpha158_csi300_custom_step0_s_20260728_15,7977c1f3473747bdbc3f00af295c73c7,0.114,,,
3007,2026-07-28,SH601618,0.024092593206669222,EXP_CatBoostModel_Alpha158_csi300_custom_step0_s_20260728_15,7977c1f3473747bdbc3f00af295c73c7,0.114,,,
3008,2026-07-28,SH601607,0.01754680432787029,EXP_CatBoostModel_Alpha158_csi300_custom_step0_s_20260728_15,7977c1f3473747bdbc3f00af295c73c7,0.114,,,
3009,2026-07-28,SH601601,-0.022622261618193255,EXP_CatBoostModel_Alpha158_csi300_custom_step0_s_20260728_15,7977c1f3473747bdbc3f00af295c73c7,0.114,,,
3010,2026-07-28,SH601600,-0.06352833304159768,EXP_CatBoostModel_Alpha158_csi300_custom_step0_s_20260728_15,7977c1f3473747bdbc3f00af295c73c7,0.114,,,
3011,2026-07-28,SH601456,0.01925923354244661,EXP_CatBoostModel_Alpha158_csi300_custom_step0_s_20260728_15,7977c1f3473747bdbc3f00af295c73c7,0.114,,,
3012,2026-07-28,SH601398,0.09293924738103977,EXP_CatBoostModel_Alpha158_csi300_custom_step0_s_20260728_15,7977c1f3473747bdbc3f00af295c73c7,0.114,,,
3013,2026-07-28,SH601390,0.013077359447723234,EXP_CatBoostModel_Alpha158_csi300_custom_step0_s_20260728_15,7977c1f3473747bdbc3f00af295c73c7,0.114,,,
3014,2026-07-28,SH601377,0.03717102761183722,EXP_CatBoostModel_Alpha158_csi300_custom_step0_s_20260728_15,7977c1f3473747bdbc3f00af295c73c7,0.114,,,
3015,2026-07-28,SH601360,-0.0425657005639958,EXP_CatBoostModel_Alpha158_csi300_custom_step0_s_20260728_15,7977c1f3473747bdbc3f00af295c73c7,0.114,,,
3016,2026-07-28,SH601336,0.005026225534476865,EXP_CatBoostModel_Alpha158_csi300_custom_step0_s_20260728_15,7977c1f3473747bdbc3f00af295c73c7,0.114,,,
3017,2026-07-28,SH601328,0.1321894805526185,EXP_CatBoostModel_Alpha158_csi300_custom_step0_s_20260728_15,7977c1f3473747bdbc3f00af295c73c7,0.114,,,
3018,2026-07-28,SH601319,0.0010672581523404492,EXP_CatBoostModel_Alpha158_csi300_custom_step0_s_20260728_15,7977c1f3473747bdbc3f00af295c73c7,0.114,,,
3019,2026-07-28,SH601318,-0.050598168566386645,EXP_CatBoostModel_Alpha158_csi300_custom_step0_s_20260728_15,7977c1f3473747bdbc3f00af295c73c7,0.114,,,
3020,2026-07-28,SH601288,0.003918955031141159,EXP_CatBoostModel_Alpha158_csi300_custom_step0_s_20260728_15,7977c1f3473747bdbc3f00af295c73c7,0.114,,,
3021,2026-07-28,SH601238,0.008251399069509604,EXP_CatBoostModel_Alpha158_csi300_custom_step0_s_20260728_15,7977c1f3473747bdbc3f00af295c73c7,0.114,,,
3022,2026-07-28,SH601229,0.034886079995404363,EXP_CatBoostModel_Alpha158_csi300_custom_step0_s_20260728_15,7977c1f3473747bdbc3f00af295c73c7,0.114,,,
3023,2026-07-28,SH601225,-0.035429596629392435,EXP_CatBoostModel_Alpha158_csi300_custom_step0_s_20260728_15,7977c1f3473747bdbc3f00af295c73c7,0.114,,,
3024,2026-07-28,SH601211,-0.04716953755128829,EXP_CatBoostModel_Alpha158_csi300_custom_step0_s_20260728_15,7977c1f3473747bdbc3f00af295c73c7,0.114,,,
3025,2026-07-28,SH600938,-0.051846193890864145,EXP_CatBoostModel_Alpha158_csi300_custom_step0_s_20260728_15,7977c1f3473747bdbc3f00af295c73c7,0.114,,,
3026,2026-07-28,SH603993,-0.07529568677558264,EXP_CatBoostModel_Alpha158_csi300_custom_step0_s_20260728_15,7977c1f3473747bdbc3f00af295c73c7,0.114,,,
3027,2026-07-28,SZ300803,0.07977337275204724,EXP_CatBoostModel_Alpha158_csi300_custom_step0_s_20260728_15,15353abe70e34efb95efa8b3dfbc4393,0.073,,,
3028,2026-07-28,SZ300750,0.030401252009018095,EXP_CatBoostModel_Alpha158_csi300_custom_step0_s_20260728_15,15353abe70e34efb95efa8b3dfbc4393,0.073,,,
3029,2026-07-28,SH688082,0.0911819524731339,EXP_CatBoostModel_Alpha158_csi300_custom_step0_s_20260728_15,15353abe70e34efb95efa8b3dfbc4393,0.073,,,
3030,2026-07-28,SH688072,-0.007133861566830448,EXP_CatBoostModel_Alpha158_csi300_custom_step0_s_20260728_15,15353abe70e34efb95efa8b3dfbc4393,0.073,,,
3031,2026-07-28,SH688047,0.08239833253621147,EXP_CatBoostModel_Alpha158_csi300_custom_step0_s_20260728_15,15353abe70e34efb95efa8b3dfbc4393,0.073,,,
3032,2026-07-28,SH688041,0.01596586161740412,EXP_CatBoostModel_Alpha158_csi300_custom_step0_s_20260728_15,15353abe70e34efb95efa8b3dfbc4393,0.073,,,
3033,2026-07-28,SH688036,-0.05772390697939777,EXP_CatBoostModel_Alpha158_csi300_custom_step0_s_20260728_15,15353abe70e34efb95efa8b3dfbc4393,0.073,,,
3034,2026-07-28,SH688012,0.01240631674895242,EXP_CatBoostModel_Alpha158_csi300_custom_step0_s_20260728_15,15353abe70e34efb95efa8b3dfbc4393,0.073,,,
3035,2026-07-28,SH688009,0.00827651094637411,EXP_CatBoostModel_Alpha158_csi300_custom_step0_s_20260728_15,15353abe70e34efb95efa8b3dfbc4393,0.073,,,
3036,2026-07-28,SH688008,0.09754957324881383,EXP_CatBoostModel_Alpha158_csi300_custom_step0_s_20260728_15,15353abe70e34efb95efa8b3dfbc4393,0.073,,,
3037,2026-07-28,SH688111,-0.017105307682454506,EXP_CatBoostModel_Alpha158_csi300_custom_step0_s_20260728_15,15353abe70e34efb95efa8b3dfbc4393,0.073,,,
3038,2026-07-28,SH605499,-0.05853175734133814,EXP_CatBoostModel_Alpha158_csi300_custom_step0_s_20260728_15,15353abe70e34efb95efa8b3dfbc4393,0.073,,,
3039,2026-07-28,SH603993,-0.08934943283218588,EXP_CatBoostModel_Alpha158_csi300_custom_step0_s_20260728_15,15353abe70e34efb95efa8b3dfbc4393,0.073,,,
3040,2026-07-28,SH603986,-0.22446012328923504,EXP_CatBoostModel_Alpha158_csi300_custom_step0_s_20260728_15,15353abe70e34efb95efa8b3dfbc4393,0.073,,,
3041,2026-07-28,SH603893,-0.014959316659175971,EXP_CatBoostModel_Alpha158_csi300_custom_step0_s_20260728_15,15353abe70e34efb95efa8b3dfbc4393,0.073,,,
3042,2026-07-28,SH603799,0.05937364999511307,EXP_CatBoostModel_Alpha158_csi300_custom_step0_s_20260728_15,15353abe70e34efb95efa8b3dfbc4393,0.073,,,
3043,2026-07-28,SH603501,-0.0066085158106341,EXP_CatBoostModel_Alpha158_csi300_custom_step0_s_20260728_15,15353abe70e34efb95efa8b3dfbc4393,0.073,,,
3044,2026-07-28,SH603392,0.012789365822774436,EXP_CatBoostModel_Alpha158_csi300_custom_step0_s_20260728_15,15353abe70e34efb95efa8b3dfbc4393,0.073,,,
3045,2026-07-28,SH603369,-0.050734601009628365,EXP_CatBoostModel_Alpha158_csi300_custom_step0_s_20260728_15,15353abe70e34efb95efa8b3dfbc4393,0.073,,,
3046,2026-07-28,SH603296,-0.00440362953504583,EXP_CatBoostModel_Alpha158_csi300_custom_step0_s_20260728_15,15353abe70e34efb95efa8b3dfbc4393,0.073,,,
3047,2026-07-28,SH605117,0.03791943149431018,EXP_CatBoostModel_Alpha158_csi300_custom_step0_s_20260728_15,15353abe70e34efb95efa8b3dfbc4393,0.073,,,
3048,2026-07-28,SH603288,-0.047461747932723106,EXP_CatBoostModel_Alpha158_csi300_custom_step0_s_20260728_15,15353abe70e34efb95efa8b3dfbc4393,0.073,,,
3049,2026-07-28,SH688126,0.09445480432314483,EXP_CatBoostModel_Alpha158_csi300_custom_step0_s_20260728_15,15353abe70e34efb95efa8b3dfbc4393,0.073,,,
3050,2026-07-28,SH688223,0.018877432173702653,EXP_CatBoostModel_Alpha158_csi300_custom_step0_s_20260728_15,15353abe70e34efb95efa8b3dfbc4393,0.073,,,
3051,2026-07-28,SZ000408,-0.03273081694185663,EXP_CatBoostModel_Alpha158_csi300_custom_step0_s_20260728_15,15353abe70e34efb95efa8b3dfbc4393,0.073,,,
3052,2026-07-28,SZ000338,0.0020440971301966004,EXP_CatBoostModel_Alpha158_csi300_custom_step0_s_20260728_15,15353abe70e34efb95efa8b3dfbc4393,0.073,,,
3053,2026-07-28,SZ000333,0.007736874483722672,EXP_CatBoostModel_Alpha158_csi300_custom_step0_s_20260728_15,15353abe70e34efb95efa8b3dfbc4393,0.073,,,
3054,2026-07-28,SZ000301,-0.07988384290194753,EXP_CatBoostModel_Alpha158_csi300_custom_step0_s_20260728_15,15353abe70e34efb95efa8b3dfbc4393,0.073,,,
3055,2026-07-28,SZ000166,0.03607062306353251,EXP_CatBoostModel_Alpha158_csi300_custom_step0_s_20260728_15,15353abe70e34efb95efa8b3dfbc4393,0.073,,,
3056,2026-07-28,SZ000157,-0.016248809179253476,EXP_CatBoostModel_Alpha158_csi300_custom_step0_s_20260728_15,15353abe70e34efb95efa8b3dfbc4393,0.073,,,
3057,2026-07-28,SZ000100,0.02750105664825849,EXP_CatBoostModel_Alpha158_csi300_custom_step0_s_20260728_15,15353abe70e34efb95efa8b3dfbc4393,0.073,,,
3058,2026-07-28,SZ000063,-0.002546954645902921,EXP_CatBoostModel_Alpha158_csi300_custom_step0_s_20260728_15,15353abe70e34efb95efa8b3dfbc4393,0.073,,,
3059,2026-07-28,SH688183,-0.12329185718925843,EXP_CatBoostModel_Alpha158_csi300_custom_step0_s_20260728_15,15353abe70e34efb95efa8b3dfbc4393,0.073,,,
3060,2026-07-28,SZ000002,-0.007469288963415849,EXP_CatBoostModel_Alpha158_csi300_custom_step0_s_20260728_15,15353abe70e34efb95efa8b3dfbc4393,0.073,,,
3061,2026-07-28,SH688981,0.015660548210018492,EXP_CatBoostModel_Alpha158_csi300_custom_step0_s_20260728_15,15353abe70e34efb95efa8b3dfbc4393,0.073,,,
3062,2026-07-28,SH688521,-0.019697267382363604,EXP_CatBoostModel_Alpha158_csi300_custom_step0_s_20260728_15,15353abe70e34efb95efa8b3dfbc4393,0.073,,,
3063,2026-07-28,SH688506,0.0742185717941698,EXP_CatBoostModel_Alpha158_csi300_custom_step0_s_20260728_15,15353abe70e34efb95efa8b3dfbc4393,0.073,,,
3064,2026-07-28,SH688472,-0.013483390001432873,EXP_CatBoostModel_Alpha158_csi300_custom_step0_s_20260728_15,15353abe70e34efb95efa8b3dfbc4393,0.073,,,
3065,2026-07-28,SH688396,-0.02351476236836269,EXP_CatBoostModel_Alpha158_csi300_custom_step0_s_20260728_15,15353abe70e34efb95efa8b3dfbc4393,0.073,,,
3066,2026-07-28,SH688303,-0.022604376545472597,EXP_CatBoostModel_Alpha158_csi300_custom_step0_s_20260728_15,15353abe70e34efb95efa8b3dfbc4393,0.073,,,
3067,2026-07-28,SH688271,-0.024432843226233864,EXP_CatBoostModel_Alpha158_csi300_custom_step0_s_20260728_15,15353abe70e34efb95efa8b3dfbc4393,0.073,,,
3068,2026-07-28,SH688256,0.0007984311238773355,EXP_CatBoostModel_Alpha158_csi300_custom_step0_s_20260728_15,15353abe70e34efb95efa8b3dfbc4393,0.073,,,
3069,2026-07-28,SZ000001,0.018533302669388102,EXP_CatBoostModel_Alpha158_csi300_custom_step0_s_20260728_15,15353abe70e34efb95efa8b3dfbc4393,0.073,,,
3070,2026-07-28,SH603260,0.05467038104447803,EXP_CatBoostModel_Alpha158_csi300_custom_step0_s_20260728_15,15353abe70e34efb95efa8b3dfbc4393,0.073,,,
3071,2026-07-28,SH603259,-0.0022811245294334106,EXP_CatBoostModel_Alpha158_csi300_custom_step0_s_20260728_15,15353abe70e34efb95efa8b3dfbc4393,0.073,,,
3072,2026-07-28,SH603019,-0.008521077005471191,EXP_CatBoostModel_Alpha158_csi300_custom_step0_s_20260728_15,15353abe70e34efb95efa8b3dfbc4393,0.073,,,
3073,2026-07-28,SH601766,-0.07074813624826093,EXP_CatBoostModel_Alpha158_csi300_custom_step0_s_20260728_15,15353abe70e34efb95efa8b3dfbc4393,0.073,,,
3074,2026-07-28,SH601728,-0.028540036206397983,EXP_CatBoostModel_Alpha158_csi300_custom_step0_s_20260728_15,15353abe70e34efb95efa8b3dfbc4393,0.073,,,
3075,2026-07-28,SH601727,0.001543444954840406,EXP_CatBoostModel_Alpha158_csi300_custom_step0_s_20260728_15,15353abe70e34efb95efa8b3dfbc4393,0.073,,,
3076,2026-07-28,SH601698,0.009108447018196568,EXP_CatBoostModel_Alpha158_csi300_custom_step0_s_20260728_15,15353abe70e34efb95efa8b3dfbc4393,0.073,,,
3077,2026-07-28,SH601689,0.052007898149368355,EXP_CatBoostModel_Alpha158_csi300_custom_step0_s_20260728_15,15353abe70e34efb95efa8b3dfbc4393,0.073,,,
3078,2026-07-28,SH601688,-0.018399935286570336,EXP_CatBoostModel_Alpha158_csi300_custom_step0_s_20260728_15,15353abe70e34efb95efa8b3dfbc4393,0.073,,,
3079,2026-07-28,SH601669,-0.007868229001442902,EXP_CatBoostModel_Alpha158_csi300_custom_step0_s_20260728_15,15353abe70e34efb95efa8b3dfbc4393,0.073,,,
3080,2026-07-28,SH601668,-0.043190132624973766,EXP_CatBoostModel_Alpha158_csi300_custom_step0_s_20260728_15,15353abe70e34efb95efa8b3dfbc4393,0.073,,,
3081,2026-07-28,SH601788,0.022535026907787078,EXP_CatBoostModel_Alpha158_csi300_custom_step0_s_20260728_15,15353abe70e34efb95efa8b3dfbc4393,0.073,,,
3082,2026-07-28,SH601658,0.02073303743042086,EXP_CatBoostModel_Alpha158_csi300_custom_step0_s_20260728_15,15353abe70e34efb95efa8b3dfbc4393,0.073,,,
3083,2026-07-28,SH601628,-0.02881503097445166,EXP_CatBoostModel_Alpha158_csi300_custom_step0_s_20260728_15,15353abe70e34efb95efa8b3dfbc4393,0.073,,,
3084,2026-07-28,SH601618,0.00013686885688772105,EXP_CatBoostModel_Alpha158_csi300_custom_step0_s_20260728_15,15353abe70e34efb95efa8b3dfbc4393,0.073,,,
3085,2026-07-28,SH601607,-0.001166050688570903,EXP_CatBoostModel_Alpha158_csi300_custom_step0_s_20260728_15,15353abe70e34efb95efa8b3dfbc4393,0.073,,,
3086,2026-07-28,SH601601,-0.02719895701052891,EXP_CatBoostModel_Alpha158_csi300_custom_step0_s_20260728_15,15353abe70e34efb95efa8b3dfbc4393,0.073,,,
3087,2026-07-28,SH601600,-0.07745723591573261,EXP_CatBoostModel_Alpha158_csi300_custom_step0_s_20260728_15,15353abe70e34efb95efa8b3dfbc4393,0.073,,,
3088,2026-07-28,SH601456,0.013078114134550095,EXP_CatBoostModel_Alpha158_csi300_custom_step0_s_20260728_15,15353abe70e34efb95efa8b3dfbc4393,0.073,,,
3089,2026-07-28,SH601398,-0.0016802618409272974,EXP_CatBoostModel_Alpha158_csi300_custom_step0_s_20260728_15,15353abe70e34efb95efa8b3dfbc4393,0.073,,,
3090,2026-07-28,SH601390,-0.010023765156112313,EXP_CatBoostModel_Alpha158_csi300_custom_step0_s_20260728_15,15353abe70e34efb95efa8b3dfbc4393,0.073,,,
3091,2026-07-28,SH601633,-0.06405967651247088,EXP_CatBoostModel_Alpha158_csi300_custom_step0_s_20260728_15,15353abe70e34efb95efa8b3dfbc4393,0.073,,,
3092,2026-07-28,SH601800,0.00022455594481635214,EXP_CatBoostModel_Alpha158_csi300_custom_step0_s_20260728_15,15353abe70e34efb95efa8b3dfbc4393,0.073,,,
3093,2026-07-28,SH601816,-0.0316053792530169,EXP_CatBoostModel_Alpha158_csi300_custom_step0_s_20260728_15,15353abe70e34efb95efa8b3dfbc4393,0.073,,,
3094,2026-07-28,SH601818,0.030632215749696413,EXP_CatBoostModel_Alpha158_csi300_custom_step0_s_20260728_15,15353abe70e34efb95efa8b3dfbc4393,0.073,,,
3095,2026-07-28,SH601998,-0.008785192247964849,EXP_CatBoostModel_Alpha158_csi300_custom_step0_s_20260728_15,15353abe70e34efb95efa8b3dfbc4393,0.073,,,
3096,2026-07-28,SH601995,0.012128426874352092,EXP_CatBoostModel_Alpha158_csi300_custom_step0_s_20260728_15,15353abe70e34efb95efa8b3dfbc4393,0.073,,,
3097,2026-07-28,SH601988,0.014463797971877426,EXP_CatBoostModel_Alpha158_csi300_custom_step0_s_20260728_15,15353abe70e34efb95efa8b3dfbc4393,0.073,,,
3098,2026-07-28,SH601985,0.03622420346289709,EXP_CatBoostModel_Alpha158_csi300_custom_step0_s_20260728_15,15353abe70e34efb95efa8b3dfbc4393,0.073,,,
3099,2026-07-28,SH601939,-0.0033025590809438827,EXP_CatBoostModel_Alpha158_csi300_custom_step0_s_20260728_15,15353abe70e34efb95efa8b3dfbc4393,0.073,,,
3100,2026-07-28,SH601919,0.07688547254962193,EXP_CatBoostModel_Alpha158_csi300_custom_step0_s_20260728_15,15353abe70e34efb95efa8b3dfbc4393,0.073,,,
3101,2026-07-28,SH601916,0.019273539879545932,EXP_CatBoostModel_Alpha158_csi300_custom_step0_s_20260728_15,15353abe70e34efb95efa8b3dfbc4393,0.073,,,
3102,2026-07-28,SH601901,0.0019616338624133755,EXP_CatBoostModel_Alpha158_csi300_custom_step0_s_20260728_15,15353abe70e34efb95efa8b3dfbc4393,0.073,,,
3103,2026-07-28,SH601899,-0.10254628495237368,EXP_CatBoostModel_Alpha158_csi300_custom_step0_s_20260728_15,15353abe70e34efb95efa8b3dfbc4393,0.073,,,
3104,2026-07-28,SH601898,-0.07257213919644634,EXP_CatBoostModel_Alpha158_csi300_custom_step0_s_20260728_15,15353abe70e34efb95efa8b3dfbc4393,0.073,,,
3105,2026-07-28,SH601888,-0.016455342541772482,EXP_CatBoostModel_Alpha158_csi300_custom_step0_s_20260728_15,15353abe70e34efb95efa8b3dfbc4393,0.073,,,
3106,2026-07-28,SH601881,-0.0013338269566652843,EXP_CatBoostModel_Alpha158_csi300_custom_step0_s_20260728_15,15353abe70e34efb95efa8b3dfbc4393,0.073,,,
3107,2026-07-28,SH601878,0.022570143991235112,EXP_CatBoostModel_Alpha158_csi300_custom_step0_s_20260728_15,15353abe70e34efb95efa8b3dfbc4393,0.073,,,
3108,2026-07-28,SH601877,-0.018667712430012924,EXP_CatBoostModel_Alpha158_csi300_custom_step0_s_20260728_15,15353abe70e34efb95efa8b3dfbc4393,0.073,,,
3109,2026-07-28,SH601872,-0.06781325447145531,EXP_CatBoostModel_Alpha158_csi300_custom_step0_s_20260728_15,15353abe70e34efb95efa8b3dfbc4393,0.073,,,
3110,2026-07-28,SH601868,0.004634467908996115,EXP_CatBoostModel_Alpha158_csi300_custom_step0_s_20260728_15,15353abe70e34efb95efa8b3dfbc4393,0.073,,,
3111,2026-07-28,SH601857,-0.10595440878068213,EXP_CatBoostModel_Alpha158_csi300_custom_step0_s_20260728_15,15353abe70e34efb95efa8b3dfbc4393,0.073,,,
3112,2026-07-28,SH601838,0.011859387469685696,EXP_CatBoostModel_Alpha158_csi300_custom_step0_s_20260728_15,15353abe70e34efb95efa8b3dfbc4393,0.073,,,
3113,2026-07-28,SH601825,0.011615647603818053,EXP_CatBoostModel_Alpha158_csi300_custom_step0_s_20260728_15,15353abe70e34efb95efa8b3dfbc4393,0.073,,,
3114,2026-07-28,SZ000425,-0.011997900617355357,EXP_CatBoostModel_Alpha158_csi300_custom_step0_s_20260728_15,15353abe70e34efb95efa8b3dfbc4393,0.073,,,
3115,2026-07-28,SZ300760,-0.019879460329388914,EXP_CatBoostModel_Alpha158_csi300_custom_step0_s_20260728_15,15353abe70e34efb95efa8b3dfbc4393,0.073,,,
3116,2026-07-28,SZ000538,0.007201755091710482,EXP_CatBoostModel_Alpha158_csi300_custom_step0_s_20260728_15,15353abe70e34efb95efa8b3dfbc4393,0.073,,,
3117,2026-07-28,SZ000596,-0.06577461056831138,EXP_CatBoostModel_Alpha158_csi300_custom_step0_s_20260728_15,15353abe70e34efb95efa8b3dfbc4393,0.073,,,
3118,2026-07-28,SZ003816,-0.012221256468546982,EXP_CatBoostModel_Alpha158_csi300_custom_step0_s_20260728_15,15353abe70e34efb95efa8b3dfbc4393,0.073,,,
3119,2026-07-28,SZ002938,0.05927725064131423,EXP_CatBoostModel_Alpha158_csi300_custom_step0_s_20260728_15,15353abe70e34efb95efa8b3dfbc4393,0.073,,,
3120,2026-07-28,SZ002920,-0.02223805539590916,EXP_CatBoostModel_Alpha158_csi300_custom_step0_s_20260728_15,15353abe70e34efb95efa8b3dfbc4393,0.073,,,
3121,2026-07-28,SZ002916,0.07105062714645113,EXP_CatBoostModel_Alpha158_csi300_custom_step0_s_20260728_15,15353abe70e34efb95efa8b3dfbc4393,0.073,,,
3122,2026-07-28,SZ002837,-0.006046994917691451,EXP_CatBoostModel_Alpha158_csi300_custom_step0_s_20260728_15,15353abe70e34efb95efa8b3dfbc4393,0.073,,,
3123,2026-07-28,SZ002736,0.02770486954752048,EXP_CatBoostModel_Alpha158_csi300_custom_step0_s_20260728_15,15353abe70e34efb95efa8b3dfbc4393,0.073,,,
3124,2026-07-28,SZ002714,-0.018309789815051877,EXP_CatBoostModel_Alpha158_csi300_custom_step0_s_20260728_15,15353abe70e34efb95efa8b3dfbc4393,0.073,,,
3125,2026-07-28,SZ002709,0.14108400885110448,EXP_CatBoostModel_Alpha158_csi300_custom_step0_s_20260728_15,15353abe70e34efb95efa8b3dfbc4393,0.073,,,
3126,2026-07-28,SZ300014,0.10072457688333586,EXP_CatBoostModel_Alpha158_csi300_custom_step0_s_20260728_15,15353abe70e34efb95efa8b3dfbc4393,0.073,,,
3127,2026-07-28,SZ002648,-0.022074235147873194,EXP_CatBoostModel_Alpha158_csi300_custom_step0_s_20260728_15,15353abe70e34efb95efa8b3dfbc4393,0.073,,,
3128,2026-07-28,SZ002602,-0.0187846087162801,EXP_CatBoostModel_Alpha158_csi300_custom_step0_s_20260728_15,15353abe70e34efb95efa8b3dfbc4393,0.073,,,
3129,2026-07-28,SZ002600,0.10209418411971803,EXP_CatBoostModel_Alpha158_csi300_custom_step0_s_20260728_15,15353abe70e34efb95efa8b3dfbc4393,0.073,,,
3130,2026-07-28,SZ002594,-0.009224791523048932,EXP_CatBoostModel_Alpha158_csi300_custom_step0_s_20260728_15,15353abe70e34efb95efa8b3dfbc4393,0.073,,,
3131,2026-07-28,SZ002558,-0.01815994789732228,EXP_CatBoostModel_Alpha158_csi300_custom_step0_s_20260728_15,15353abe70e34efb95efa8b3dfbc4393,0.073,,,
3132,2026-07-28,SZ002532,-0.08094770396585439,EXP_CatBoostModel_Alpha158_csi300_custom_step0_s_20260728_15,15353abe70e34efb95efa8b3dfbc4393,0.073,,,
3133,2026-07-28,SZ002493,-0.046581328614359305,EXP_CatBoostModel_Alpha158_csi300_custom_step0_s_20260728_15,15353abe70e34efb95efa8b3dfbc4393,0.073,,,
3134,2026-07-28,SZ002475,0.017920642176989816,EXP_CatBoostModel_Alpha158_csi300_custom_step0_s_20260728_15,15353abe70e34efb95efa8b3dfbc4393,0.073,,,
3135,2026-07-28,SZ002466,0.10822779986975459,EXP_CatBoostModel_Alpha158_csi300_custom_step0_s_20260728_15,15353abe70e34efb95efa8b3dfbc4393,0.073,,,
3136,2026-07-28,SZ002625,-0.016749701607221945,EXP_CatBoostModel_Alpha158_csi300_custom_step0_s_20260728_15,15353abe70e34efb95efa8b3dfbc4393,0.073,,,
3137,2026-07-28,SZ002463,0.060908760072843626,EXP_CatBoostModel_Alpha158_csi300_custom_step0_s_20260728_15,15353abe70e34efb95efa8b3dfbc4393,0.073,,,
3138,2026-07-28,SZ300015,-0.01182382125391181,EXP_CatBoostModel_Alpha158_csi300_custom_step0_s_20260728_15,15353abe70e34efb95efa8b3dfbc4393,0.073,,,
3139,2026-07-28,SZ300059,-0.0039892167435063575,EXP_CatBoostModel_Alpha158_csi300_custom_step0_s_20260728_15,15353abe70e34efb95efa8b3dfbc4393,0.073,,,
3140,2026-07-28,SZ300661,0.04160180854357861,EXP_CatBoostModel_Alpha158_csi300_custom_step0_s_20260728_15,15353abe70e34efb95efa8b3dfbc4393,0.073,,,
3141,2026-07-28,SZ300628,-0.02815632878080412,EXP_CatBoostModel_Alpha158_csi300_custom_step0_s_20260728_15,15353abe70e34efb95efa8b3dfbc4393,0.073,,,
3142,2026-07-28,SZ300502,-0.028851555613067632,EXP_CatBoostModel_Alpha158_csi300_custom_step0_s_20260728_15,15353abe70e34efb95efa8b3dfbc4393,0.073,,,
3143,2026-07-28,SZ300498,-0.011346849314309126,EXP_CatBoostModel_Alpha158_csi300_custom_step0_s_20260728_15,15353abe70e34efb95efa8b3dfbc4393,0.073,,,
3144,2026-07-28,SZ300476,0.011699165171447805,EXP_CatBoostModel_Alpha158_csi300_custom_step0_s_20260728_15,15353abe70e34efb95efa8b3dfbc4393,0.073,,,
3145,2026-07-28,SZ300450,0.11878084235879172,EXP_CatBoostModel_Alpha158_csi300_custom_step0_s_20260728_15,15353abe70e34efb95efa8b3dfbc4393,0.073,,,
3146,2026-07-28,SZ300442,0.07773343924290048,EXP_CatBoostModel_Alpha158_csi300_custom_step0_s_20260728_15,15353abe70e34efb95efa8b3dfbc4393,0.073,,,
3147,2026-07-28,SZ300433,0.0330493613771183,EXP_CatBoostModel_Alpha158_csi300_custom_step0_s_20260728_15,15353abe70e34efb95efa8b3dfbc4393,0.073,,,
3148,2026-07-28,SZ300033,-0.005609556909361337,EXP_CatBoostModel_Alpha158_csi300_custom_step0_s_20260728_15,15353abe70e34efb95efa8b3dfbc4393,0.073,,,
3149,2026-07-28,SZ300418,-0.0007777497362705475,EXP_CatBoostModel_Alpha158_csi300_custom_step0_s_20260728_15,15353abe70e34efb95efa8b3dfbc4393,0.073,,,
3150,2026-07-28,SZ300408,0.09446062432118243,EXP_CatBoostModel_Alpha158_csi300_custom_step0_s_20260728_15,15353abe70e34efb95efa8b3dfbc4393,0.073,,,
3151,2026-07-28,SZ300394,-0.047551599763362234,EXP_CatBoostModel_Alpha158_csi300_custom_step0_s_20260728_15,15353abe70e34efb95efa8b3dfbc4393,0.073,,,
3152,2026-07-28,SZ300316,0.07715613746966339,EXP_CatBoostModel_Alpha158_csi300_custom_step0_s_20260728_15,15353abe70e34efb95efa8b3dfbc4393,0.073,,,
3153,2026-07-28,SZ300308,0.024512923865650516,EXP_CatBoostModel_Alpha158_csi300_custom_step0_s_20260728_15,15353abe70e34efb95efa8b3dfbc4393,0.073,,,
3154,2026-07-28,SZ300274,0.13910724089731455,EXP_CatBoostModel_Alpha158_csi300_custom_step0_s_20260728_15,15353abe70e34efb95efa8b3dfbc4393,0.073,,,
3155,2026-07-28,SZ300251,-0.015716154470214485,EXP_CatBoostModel_Alpha158_csi300_custom_step0_s_20260728_15,15353abe70e34efb95efa8b3dfbc4393,0.073,,,
3156,2026-07-28,SZ300124,-0.01026092794807342,EXP_CatBoostModel_Alpha158_csi300_custom_step0_s_20260728_15,15353abe70e34efb95efa8b3dfbc4393,0.073,,,
3157,2026-07-28,SZ300122,-0.008514506585762492,EXP_CatBoostModel_Alpha158_csi300_custom_step0_s_20260728_15,15353abe70e34efb95efa8b3dfbc4393,0.073,,,
3158,2026-07-28,SZ300413,-0.015995035686038488,EXP_CatBoostModel_Alpha158_csi300_custom_step0_s_20260728_15,15353abe70e34efb95efa8b3dfbc4393,0.073,,,
3159,2026-07-28,SZ002460,0.08242891163078127,EXP_CatBoostModel_Alpha158_csi300_custom_step0_s_20260728_15,15353abe70e34efb95efa8b3dfbc4393,0.073,,,
3160,2026-07-28,SZ002422,0.05183738469000141,EXP_CatBoostModel_Alpha158_csi300_custom_step0_s_20260728_15,15353abe70e34efb95efa8b3dfbc4393,0.073,,,
3161,2026-07-28,SZ002415,0.04320003306257211,EXP_CatBoostModel_Alpha158_csi300_custom_step0_s_20260728_15,15353abe70e34efb95efa8b3dfbc4393,0.073,,,
3162,2026-07-28,SZ000988,-0.04120184693174998,EXP_CatBoostModel_Alpha158_csi300_custom_step0_s_20260728_15,15353abe70e34efb95efa8b3dfbc4393,0.073,,,
3163,2026-07-28,SZ000977,0.055119807284404826,EXP_CatBoostModel_Alpha158_csi300_custom_step0_s_20260728_15,15353abe70e34efb95efa8b3dfbc4393,0.073,,,
3164,2026-07-28,SZ000975,-0.045714953936601896,EXP_CatBoostModel_Alpha158_csi300_custom_step0_s_20260728_15,15353abe70e34efb95efa8b3dfbc4393,0.073,,,
3165,2026-07-28,SZ000963,-0.019727519466652275,EXP_CatBoostModel_Alpha158_csi300_custom_step0_s_20260728_15,15353abe70e34efb95efa8b3dfbc4393,0.073,,,
3166,2026-07-28,SZ000938,-0.05725371555064316,EXP_CatBoostModel_Alpha158_csi300_custom_step0_s_20260728_15,15353abe70e34efb95efa8b3dfbc4393,0.073,,,
3167,2026-07-28,SZ000895,-0.03821813355077122,EXP_CatBoostModel_Alpha158_csi300_custom_step0_s_20260728_15,15353abe70e34efb95efa8b3dfbc4393,0.073,,,
3168,2026-07-28,SZ000858,-0.018586144914662525,EXP_CatBoostModel_Alpha158_csi300_custom_step0_s_20260728_15,15353abe70e34efb95efa8b3dfbc4393,0.073,,,
3169,2026-07-28,SZ000807,-0.08962869713216033,EXP_CatBoostModel_Alpha158_csi300_custom_step0_s_20260728_15,15353abe70e34efb95efa8b3dfbc4393,0.073,,,
3170,2026-07-28,SZ000999,-8.725436375975896e-05,EXP_CatBoostModel_Alpha158_csi300_custom_step0_s_20260728_15,15353abe70e34efb95efa8b3dfbc4393,0.073,,,
3171,2026-07-28,SZ000792,0.0058050683293231755,EXP_CatBoostModel_Alpha158_csi300_custom_step0_s_20260728_15,15353abe70e34efb95efa8b3dfbc4393,0.073,,,
3172,2026-07-28,SZ000768,-0.006387199080562088,EXP_CatBoostModel_Alpha158_csi300_custom_step0_s_20260728_15,15353abe70e34efb95efa8b3dfbc4393,0.073,,,
3173,2026-07-28,SZ000725,0.09215278493625782,EXP_CatBoostModel_Alpha158_csi300_custom_step0_s_20260728_15,15353abe70e34efb95efa8b3dfbc4393,0.073,,,
3174,2026-07-28,SZ000708,-0.07168256282911707,EXP_CatBoostModel_Alpha158_csi300_custom_step0_s_20260728_15,15353abe70e34efb95efa8b3dfbc4393,0.073,,,
3175,2026-07-28,SZ000657,0.08972294593873417,EXP_CatBoostModel_Alpha158_csi300_custom_step0_s_20260728_15,15353abe70e34efb95efa8b3dfbc4393,0.073,,,
3176,2026-07-28,SZ000651,0.011193828322202063,EXP_CatBoostModel_Alpha158_csi300_custom_step0_s_20260728_15,15353abe70e34efb95efa8b3dfbc4393,0.073,,,
3177,2026-07-28,SZ000630,0.019421226061805293,EXP_CatBoostModel_Alpha158_csi300_custom_step0_s_20260728_15,15353abe70e34efb95efa8b3dfbc4393,0.073,,,
3178,2026-07-28,SZ000625,-0.013206989060677594,EXP_CatBoostModel_Alpha158_csi300_custom_step0_s_20260728_15,15353abe70e34efb95efa8b3dfbc4393,0.073,,,
3179,2026-07-28,SZ000617,-0.024082695798061902,EXP_CatBoostModel_Alpha158_csi300_custom_step0_s_20260728_15,15353abe70e34efb95efa8b3dfbc4393,0.073,,,
3180,2026-07-28,SZ000776,0.01664035367842948,EXP_CatBoostModel_Alpha158_csi300_custom_step0_s_20260728_15,15353abe70e34efb95efa8b3dfbc4393,0.073,,,
3181,2026-07-28,SZ001280,0.00021075649389821772,EXP_CatBoostModel_Alpha158_csi300_custom_step0_s_20260728_15,15353abe70e34efb95efa8b3dfbc4393,0.073,,,
3182,2026-07-28,SZ001391,-0.008321786044383566,EXP_CatBoostModel_Alpha158_csi300_custom_step0_s_20260728_15,15353abe70e34efb95efa8b3dfbc4393,0.073,,,
3183,2026-07-28,SZ001965,-0.047769946657256736,EXP_CatBoostModel_Alpha158_csi300_custom_step0_s_20260728_15,15353abe70e34efb95efa8b3dfbc4393,0.073,,,
3184,2026-07-28,SZ002384,0.07299694732266716,EXP_CatBoostModel_Alpha158_csi300_custom_step0_s_20260728_15,15353abe70e34efb95efa8b3dfbc4393,0.073,,,
3185,2026-07-28,SZ002371,0.03629729244648218,EXP_CatBoostModel_Alpha158_csi300_custom_step0_s_20260728_15,15353abe70e34efb95efa8b3dfbc4393,0.073,,,
3186,2026-07-28,SZ002353,0.08056953967236755,EXP_CatBoostModel_Alpha158_csi300_custom_step0_s_20260728_15,15353abe70e34efb95efa8b3dfbc4393,0.073,,,
3187,2026-07-28,SZ002352,-0.027456751801028825,EXP_CatBoostModel_Alpha158_csi300_custom_step0_s_20260728_15,15353abe70e34efb95efa8b3dfbc4393,0.073,,,
3188,2026-07-28,SZ002311,-0.008937513425805645,EXP_CatBoostModel_Alpha158_csi300_custom_step0_s_20260728_15,15353abe70e34efb95efa8b3dfbc4393,0.073,,,
3189,2026-07-28,SZ002304,-0.01292618048041088,EXP_CatBoostModel_Alpha158_csi300_custom_step0_s_20260728_15,15353abe70e34efb95efa8b3dfbc4393,0.073,,,
3190,2026-07-28,SZ002241,-0.006811836824747263,EXP_CatBoostModel_Alpha158_csi300_custom_step0_s_20260728_15,15353abe70e34efb95efa8b3dfbc4393,0.073,,,
3191,2026-07-28,SZ002236,0.01750787149653186,EXP_CatBoostModel_Alpha158_csi300_custom_step0_s_20260728_15,15353abe70e34efb95efa8b3dfbc4393,0.073,,,
3192,2026-07-28,SZ002230,-0.015951633241505083,EXP_CatBoostModel_Alpha158_csi300_custom_step0_s_20260728_15,15353abe70e34efb95efa8b3dfbc4393,0.073,,,
3193,2026-07-28,SZ002202,0.08884979168167005,EXP_CatBoostModel_Alpha158_csi300_custom_step0_s_20260728_15,15353abe70e34efb95efa8b3dfbc4393,0.073,,,
3194,2026-07-28,SZ002179,0.07781756191224035,EXP_CatBoostModel_Alpha158_csi300_custom_step0_s_20260728_15,15353abe70e34efb95efa8b3dfbc4393,0.073,,,
3195,2026-07-28,SZ002142,0.023756950291697585,EXP_CatBoostModel_Alpha158_csi300_custom_step0_s_20260728_15,15353abe70e34efb95efa8b3dfbc4393,0.073,,,
3196,2026-07-28,SZ002074,-0.01405407540077936,EXP_CatBoostModel_Alpha158_csi300_custom_step0_s_20260728_15,15353abe70e34efb95efa8b3dfbc4393,0.073,,,
3197,2026-07-28,SZ002050,0.0521707240991097,EXP_CatBoostModel_Alpha158_csi300_custom_step0_s_20260728_15,15353abe70e34efb95efa8b3dfbc4393,0.073,,,
3198,2026-07-28,SZ002049,0.06571030881451749,EXP_CatBoostModel_Alpha158_csi300_custom_step0_s_20260728_15,15353abe70e34efb95efa8b3dfbc4393,0.073,,,
3199,2026-07-28,SZ002028,0.01318491843265061,EXP_CatBoostModel_Alpha158_csi300_custom_step0_s_20260728_15,15353abe70e34efb95efa8b3dfbc4393,0.073,,,
3200,2026-07-28,SZ002027,-0.05008237344182427,EXP_CatBoostModel_Alpha158_csi300_custom_step0_s_20260728_15,15353abe70e34efb95efa8b3dfbc4393,0.073,,,
3201,2026-07-28,SZ002001,-0.042902988880923795,EXP_CatBoostModel_Alpha158_csi300_custom_step0_s_20260728_15,15353abe70e34efb95efa8b3dfbc4393,0.073,,,
3202,2026-07-28,SZ001979,-0.03309090705028955,EXP_CatBoostModel_Alpha158_csi300_custom_step0_s_20260728_15,15353abe70e34efb95efa8b3dfbc4393,0.073,,,
3203,2026-07-28,SZ000568,-0.0537806566337849,EXP_CatBoostModel_Alpha158_csi300_custom_step0_s_20260728_15,15353abe70e34efb95efa8b3dfbc4393,0.073,,,
3204,2026-07-28,SH601377,0.03707511422111715,EXP_CatBoostModel_Alpha158_csi300_custom_step0_s_20260728_15,15353abe70e34efb95efa8b3dfbc4393,0.073,,,
3205,2026-07-28,SH605117,0.013212912875876594,EXP_CatBoostModel_Alpha158_csi300_custom_step0_s_20260728_15,7977c1f3473747bdbc3f00af295c73c7,0.114,,,
3206,2026-07-28,SH688008,0.1107890779525989,EXP_CatBoostModel_Alpha158_csi300_custom_step0_s_20260728_15,7977c1f3473747bdbc3f00af295c73c7,0.114,,,
3207,2026-07-28,SH601328,0.05411698229124321,EXP_CatBoostModel_Alpha158_csi300_custom_step0_s_20260728_15,ef9a99daeb5547b1818a90c7eee944b1,0.036,,,
3208,2026-07-28,SH601319,-0.016230471867514414,EXP_CatBoostModel_Alpha158_csi300_custom_step0_s_20260728_15,ef9a99daeb5547b1818a90c7eee944b1,0.036,,,
3209,2026-07-28,SH601318,-0.022003824354360192,EXP_CatBoostModel_Alpha158_csi300_custom_step0_s_20260728_15,ef9a99daeb5547b1818a90c7eee944b1,0.036,,,
3210,2026-07-28,SH601288,-0.007042123887214906,EXP_CatBoostModel_Alpha158_csi300_custom_step0_s_20260728_15,ef9a99daeb5547b1818a90c7eee944b1,0.036,,,
3211,2026-07-28,SH601238,-0.005283414109140071,EXP_CatBoostModel_Alpha158_csi300_custom_step0_s_20260728_15,ef9a99daeb5547b1818a90c7eee944b1,0.036,,,
3212,2026-07-28,SH601229,-0.01419425863483052,EXP_CatBoostModel_Alpha158_csi300_custom_step0_s_20260728_15,ef9a99daeb5547b1818a90c7eee944b1,0.036,,,
3213,2026-07-28,SH601225,-0.03354340258279784,EXP_CatBoostModel_Alpha158_csi300_custom_step0_s_20260728_15,ef9a99daeb5547b1818a90c7eee944b1,0.036,,,
3214,2026-07-28,SH601211,-0.052944692012921894,EXP_CatBoostModel_Alpha158_csi300_custom_step0_s_20260728_15,ef9a99daeb5547b1818a90c7eee944b1,0.036,,,
3215,2026-07-28,SH601336,-0.007370754649100483,EXP_CatBoostModel_Alpha158_csi300_custom_step0_s_20260728_15,ef9a99daeb5547b1818a90c7eee944b1,0.036,,,
3216,2026-07-28,SH601186,0.00030779260389845336,EXP_CatBoostModel_Alpha158_csi300_custom_step0_s_20260728_15,ef9a99daeb5547b1818a90c7eee944b1,0.036,,,
3217,2026-07-28,SH601166,0.04951886021437433,EXP_CatBoostModel_Alpha158_csi300_custom_step0_s_20260728_15,ef9a99daeb5547b1818a90c7eee944b1,0.036,,,
3218,2026-07-28,SH601138,0.10109555932351562,EXP_CatBoostModel_Alpha158_csi300_custom_step0_s_20260728_15,ef9a99daeb5547b1818a90c7eee944b1,0.036,,,
3219,2026-07-28,SH601136,-0.0009435528847582467,EXP_CatBoostModel_Alpha158_csi300_custom_step0_s_20260728_15,ef9a99daeb5547b1818a90c7eee944b1,0.036,,,
3220,2026-07-28,SH601127,0.21369825784830687,EXP_CatBoostModel_Alpha158_csi300_custom_step0_s_20260728_15,ef9a99daeb5547b1818a90c7eee944b1,0.036,,,
3221,2026-07-28,SH601117,-0.00044542712837707696,EXP_CatBoostModel_Alpha158_csi300_custom_step0_s_20260728_15,ef9a99daeb5547b1818a90c7eee944b1,0.036,,,
3222,2026-07-28,SH601111,0.011286460051541124,EXP_CatBoostModel_Alpha158_csi300_custom_step0_s_20260728_15,ef9a99daeb5547b1818a90c7eee944b1,0.036,,,
3223,2026-07-28,SH601100,0.02457199993504352,EXP_CatBoostModel_Alpha158_csi300_custom_step0_s_20260728_15,ef9a99daeb5547b1818a90c7eee944b1,0.036,,,
3224,2026-07-28,SH601088,-0.018360515787524484,EXP_CatBoostModel_Alpha158_csi300_custom_step0_s_20260728_15,ef9a99daeb5547b1818a90c7eee944b1,0.036,,,
3225,2026-07-28,SH601169,0.007488397527335523,EXP_CatBoostModel_Alpha158_csi300_custom_step0_s_20260728_15,ef9a99daeb5547b1818a90c7eee944b1,0.036,,,
3226,2026-07-28,SH601077,-0.0033339190474494223,EXP_CatBoostModel_Alpha158_csi300_custom_step0_s_20260728_15,ef9a99daeb5547b1818a90c7eee944b1,0.036,,,
3227,2026-07-28,SH601360,-0.005920754599947431,EXP_CatBoostModel_Alpha158_csi300_custom_step0_s_20260728_15,ef9a99daeb5547b1818a90c7eee944b1,0.036,,,
3228,2026-07-28,SH601390,0.001275390558759043,EXP_CatBoostModel_Alpha158_csi300_custom_step0_s_20260728_15,ef9a99daeb5547b1818a90c7eee944b1,0.036,,,
3229,2026-07-28,SH601788,-0.001978134324880824,EXP_CatBoostModel_Alpha158_csi300_custom_step0_s_20260728_15,ef9a99daeb5547b1818a90c7eee944b1,0.036,,,
3230,2026-07-28,SH601766,-0.016839312688284796,EXP_CatBoostModel_Alpha158_csi300_custom_step0_s_20260728_15,ef9a99daeb5547b1818a90c7eee944b1,0.036,,,
3231,2026-07-28,SH601728,0.08781668378222263,EXP_CatBoostModel_Alpha158_csi300_custom_step0_s_20260728_15,ef9a99daeb5547b1818a90c7eee944b1,0.036,,,
3232,2026-07-28,SH601727,0.041208449785912676,EXP_CatBoostModel_Alpha158_csi300_custom_step0_s_20260728_15,ef9a99daeb5547b1818a90c7eee944b1,0.036,,,
3233,2026-07-28,SH601698,0.15647142683443016,EXP_CatBoostModel_Alpha158_csi300_custom_step0_s_20260728_15,ef9a99daeb5547b1818a90c7eee944b1,0.036,,,
3234,2026-07-28,SH601689,0.27416328951478297,EXP_CatBoostModel_Alpha158_csi300_custom_step0_s_20260728_15,ef9a99daeb5547b1818a90c7eee944b1,0.036,,,
3235,2026-07-28,SH601688,-0.016977982077891817,EXP_CatBoostModel_Alpha158_csi300_custom_step0_s_20260728_15,ef9a99daeb5547b1818a90c7eee944b1,0.036,,,
3236,2026-07-28,SH601669,-0.006322646048710761,EXP_CatBoostModel_Alpha158_csi300_custom_step0_s_20260728_15,ef9a99daeb5547b1818a90c7eee944b1,0.036,,,
3237,2026-07-28,SH601377,0.009253119485058279,EXP_CatBoostModel_Alpha158_csi300_custom_step0_s_20260728_15,ef9a99daeb5547b1818a90c7eee944b1,0.036,,,
3238,2026-07-28,SH601668,-0.057095242789504036,EXP_CatBoostModel_Alpha158_csi300_custom_step0_s_20260728_15,ef9a99daeb5547b1818a90c7eee944b1,0.036,,,
3239,2026-07-28,SH601633,-0.01608006634970801,EXP_CatBoostModel_Alpha158_csi300_custom_step0_s_20260728_15,ef9a99daeb5547b1818a90c7eee944b1,0.036,,,
3240,2026-07-28,SH601628,-0.009723923021077949,EXP_CatBoostModel_Alpha158_csi300_custom_step0_s_20260728_15,ef9a99daeb5547b1818a90c7eee944b1,0.036,,,
3241,2026-07-28,SH601618,0.0014111710531131375,EXP_CatBoostModel_Alpha158_csi300_custom_step0_s_20260728_15,ef9a99daeb5547b1818a90c7eee944b1,0.036,,,
3242,2026-07-28,SH601607,0.0023803584766177656,EXP_CatBoostModel_Alpha158_csi300_custom_step0_s_20260728_15,ef9a99daeb5547b1818a90c7eee944b1,0.036,,,
3243,2026-07-28,SH601601,-0.006199986756235114,EXP_CatBoostModel_Alpha158_csi300_custom_step0_s_20260728_15,ef9a99daeb5547b1818a90c7eee944b1,0.036,,,
3244,2026-07-28,SH601600,-0.02443763340795374,EXP_CatBoostModel_Alpha158_csi300_custom_step0_s_20260728_15,ef9a99daeb5547b1818a90c7eee944b1,0.036,,,
3245,2026-07-28,SH601456,-0.013463925506998538,EXP_CatBoostModel_Alpha158_csi300_custom_step0_s_20260728_15,ef9a99daeb5547b1818a90c7eee944b1,0.036,,,
3246,2026-07-28,SH601398,0.0878392044220912,EXP_CatBoostModel_Alpha158_csi300_custom_step0_s_20260728_15,ef9a99daeb5547b1818a90c7eee944b1,0.036,,,
3247,2026-07-28,SH601658,0.0036927930244051587,EXP_CatBoostModel_Alpha158_csi300_custom_step0_s_20260728_15,ef9a99daeb5547b1818a90c7eee944b1,0.036,,,
3248,2026-07-28,SH601066,0.02174413724792128,EXP_CatBoostModel_Alpha158_csi300_custom_step0_s_20260728_15,ef9a99daeb5547b1818a90c7eee944b1,0.036,,,
3249,2026-07-28,SH601059,0.023575534385208482,EXP_CatBoostModel_Alpha158_csi300_custom_step0_s_20260728_15,ef9a99daeb5547b1818a90c7eee944b1,0.036,,,
3250,2026-07-28,SH601058,-0.004082439888768465,EXP_CatBoostModel_Alpha158_csi300_custom_step0_s_20260728_15,ef9a99daeb5547b1818a90c7eee944b1,0.036,,,
3251,2026-07-28,SH600795,-0.006926013149362791,EXP_CatBoostModel_Alpha158_csi300_custom_step0_s_20260728_15,ef9a99daeb5547b1818a90c7eee944b1,0.036,,,
3252,2026-07-28,SH600760,-0.04232359783356908,EXP_CatBoostModel_Alpha158_csi300_custom_step0_s_20260728_15,ef9a99daeb5547b1818a90c7eee944b1,0.036,,,
3253,2026-07-28,SH600741,-0.002137561343120703,EXP_CatBoostModel_Alpha158_csi300_custom_step0_s_20260728_15,ef9a99daeb5547b1818a90c7eee944b1,0.036,,,
3254,2026-07-28,SH600690,-0.016452118711011016,EXP_CatBoostModel_Alpha158_csi300_custom_step0_s_20260728_15,ef9a99daeb5547b1818a90c7eee944b1,0.036,,,
3255,2026-07-28,SH600674,0.003761481486690996,EXP_CatBoostModel_Alpha158_csi300_custom_step0_s_20260728_15,ef9a99daeb5547b1818a90c7eee944b1,0.036,,,
3256,2026-07-28,SH600660,-0.01689354905627973,EXP_CatBoostModel_Alpha158_csi300_custom_step0_s_20260728_15,ef9a99daeb5547b1818a90c7eee944b1,0.036,,,
3257,2026-07-28,SH600600,-0.012800283608339744,EXP_CatBoostModel_Alpha158_csi300_custom_step0_s_20260728_15,ef9a99daeb5547b1818a90c7eee944b1,0.036,,,
3258,2026-07-28,SH600588,-0.0128044017784414,EXP_CatBoostModel_Alpha158_csi300_custom_step0_s_20260728_15,ef9a99daeb5547b1818a90c7eee944b1,0.036,,,
3259,2026-07-28,SH600803,-0.0031023570787353247,EXP_CatBoostModel_Alpha158_csi300_custom_step0_s_20260728_15,ef9a99daeb5547b1818a90c7eee944b1,0.036,,,
3260,2026-07-28,SH600585,-0.004305445965570952,EXP_CatBoostModel_Alpha158_csi300_custom_step0_s_20260728_15,ef9a99daeb5547b1818a90c7eee944b1,0.036,,,
3261,2026-07-28,SH600570,-0.024608953571235846,EXP_CatBoostModel_Alpha158_csi300_custom_step0_s_20260728_15,ef9a99daeb5547b1818a90c7eee944b1,0.036,,,
3262,2026-07-28,SH600549,0.3312387610273654,EXP_CatBoostModel_Alpha158_csi300_custom_step0_s_20260728_15,ef9a99daeb5547b1818a90c7eee944b1,0.036,,,
3263,2026-07-28,SH600547,-0.031040876369633763,EXP_CatBoostModel_Alpha158_csi300_custom_step0_s_20260728_15,ef9a99daeb5547b1818a90c7eee944b1,0.036,,,
3264,2026-07-28,SH600522,0.19244276634606636,EXP_CatBoostModel_Alpha158_csi300_custom_step0_s_20260728_15,ef9a99daeb5547b1818a90c7eee944b1,0.036,,,
3265,2026-07-28,SH600519,-0.016612258638698224,EXP_CatBoostModel_Alpha158_csi300_custom_step0_s_20260728_15,ef9a99daeb5547b1818a90c7eee944b1,0.036,,,
3266,2026-07-28,SH600515,0.0009773773566967038,EXP_CatBoostModel_Alpha158_csi300_custom_step0_s_20260728_15,ef9a99daeb5547b1818a90c7eee944b1,0.036,,,
3267,2026-07-28,SH600489,-0.023158883280287104,EXP_CatBoostModel_Alpha158_csi300_custom_step0_s_20260728_15,ef9a99daeb5547b1818a90c7eee944b1,0.036,,,
3268,2026-07-28,SH600482,0.007244995361144487,EXP_CatBoostModel_Alpha158_csi300_custom_step0_s_20260728_15,ef9a99daeb5547b1818a90c7eee944b1,0.036,,,
3269,2026-07-28,SH600584,0.20120157004078015,EXP_CatBoostModel_Alpha158_csi300_custom_step0_s_20260728_15,ef9a99daeb5547b1818a90c7eee944b1,0.036,,,
3270,2026-07-28,SH600809,-0.014678065762301637,EXP_CatBoostModel_Alpha158_csi300_custom_step0_s_20260728_15,ef9a99daeb5547b1818a90c7eee944b1,0.036,,,
3271,2026-07-28,SH600845,0.04067198904419039,EXP_CatBoostModel_Alpha158_csi300_custom_step0_s_20260728_15,ef9a99daeb5547b1818a90c7eee944b1,0.036,,,
3272,2026-07-28,SH600875,0.2955638883551692,EXP_CatBoostModel_Alpha158_csi300_custom_step0_s_20260728_15,ef9a99daeb5547b1818a90c7eee944b1,0.036,,,
3273,2026-07-28,SH601021,-0.005519333838700799,EXP_CatBoostModel_Alpha158_csi300_custom_step0_s_20260728_15,ef9a99daeb5547b1818a90c7eee944b1,0.036,,,
3274,2026-07-28,SH601018,-0.018809489511704428,EXP_CatBoostModel_Alpha158_csi300_custom_step0_s_20260728_15,ef9a99daeb5547b1818a90c7eee944b1,0.036,,,
3275,2026-07-28,SH601012,-0.012542038437421372,EXP_CatBoostModel_Alpha158_csi300_custom_step0_s_20260728_15,ef9a99daeb5547b1818a90c7eee944b1,0.036,,,
3276,2026-07-28,SH601009,0.0007538435230185261,EXP_CatBoostModel_Alpha158_csi300_custom_step0_s_20260728_15,ef9a99daeb5547b1818a90c7eee944b1,0.036,,,
3277,2026-07-28,SH601006,-0.005277579424586272,EXP_CatBoostModel_Alpha158_csi300_custom_step0_s_20260728_15,ef9a99daeb5547b1818a90c7eee944b1,0.036,,,
3278,2026-07-28,SH600999,0.032063244693026925,EXP_CatBoostModel_Alpha158_csi300_custom_step0_s_20260728_15,ef9a99daeb5547b1818a90c7eee944b1,0.036,,,
3279,2026-07-28,SH600989,-0.011019414573591247,EXP_CatBoostModel_Alpha158_csi300_custom_step0_s_20260728_15,ef9a99daeb5547b1818a90c7eee944b1,0.036,,,
3280,2026-07-28,SH600958,0.0348471400615823,EXP_CatBoostModel_Alpha158_csi300_custom_step0_s_20260728_15,ef9a99daeb5547b1818a90c7eee944b1,0.036,,,
3281,2026-07-28,SH600941,-0.009899162487300099,EXP_CatBoostModel_Alpha158_csi300_custom_step0_s_20260728_15,ef9a99daeb5547b1818a90c7eee944b1,0.036,,,
3282,2026-07-28,SH600938,-0.016675106730054845,EXP_CatBoostModel_Alpha158_csi300_custom_step0_s_20260728_15,ef9a99daeb5547b1818a90c7eee944b1,0.036,,,
3283,2026-07-28,SH600930,0.24502991028479362,EXP_CatBoostModel_Alpha158_csi300_custom_step0_s_20260728_15,ef9a99daeb5547b1818a90c7eee944b1,0.036,,,
3284,2026-07-28,SH600926,-0.006043116114154742,EXP_CatBoostModel_Alpha158_csi300_custom_step0_s_20260728_15,ef9a99daeb5547b1818a90c7eee944b1,0.036,,,
3285,2026-07-28,SH600919,0.001171087514963741,EXP_CatBoostModel_Alpha158_csi300_custom_step0_s_20260728_15,ef9a99daeb5547b1818a90c7eee944b1,0.036,,,
3286,2026-07-28,SH600918,-0.00448350742805596,EXP_CatBoostModel_Alpha158_csi300_custom_step0_s_20260728_15,ef9a99daeb5547b1818a90c7eee944b1,0.036,,,
3287,2026-07-28,SH600905,-0.01225925920350485,EXP_CatBoostModel_Alpha158_csi300_custom_step0_s_20260728_15,ef9a99daeb5547b1818a90c7eee944b1,0.036,,,
3288,2026-07-28,SH600900,-0.009756380185889924,EXP_CatBoostModel_Alpha158_csi300_custom_step0_s_20260728_15,ef9a99daeb5547b1818a90c7eee944b1,0.036,,,
3289,2026-07-28,SH600893,0.013409506703391014,EXP_CatBoostModel_Alpha158_csi300_custom_step0_s_20260728_15,ef9a99daeb5547b1818a90c7eee944b1,0.036,,,
3290,2026-07-28,SH600887,-0.008935762239851932,EXP_CatBoostModel_Alpha158_csi300_custom_step0_s_20260728_15,ef9a99daeb5547b1818a90c7eee944b1,0.036,,,
3291,2026-07-28,SH600886,-0.011005869649830713,EXP_CatBoostModel_Alpha158_csi300_custom_step0_s_20260728_15,ef9a99daeb5547b1818a90c7eee944b1,0.036,,,
3292,2026-07-28,SH601800,0.0005574273297240913,EXP_CatBoostModel_Alpha158_csi300_custom_step0_s_20260728_15,ef9a99daeb5547b1818a90c7eee944b1,0.036,,,
3293,2026-07-28,SH600460,0.3206257778753445,EXP_CatBoostModel_Alpha158_csi300_custom_step0_s_20260728_15,ef9a99daeb5547b1818a90c7eee944b1,0.036,,,
3294,2026-07-28,SH601816,-0.017278938831866368,EXP_CatBoostModel_Alpha158_csi300_custom_step0_s_20260728_15,ef9a99daeb5547b1818a90c7eee944b1,0.036,,,
3295,2026-07-28,SH601825,0.0049444116015185426,EXP_CatBoostModel_Alpha158_csi300_custom_step0_s_20260728_15,ef9a99daeb5547b1818a90c7eee944b1,0.036,,,
3296,2026-07-28,SZ000425,0.011787465260933322,EXP_CatBoostModel_Alpha158_csi300_custom_step0_s_20260728_15,ef9a99daeb5547b1818a90c7eee944b1,0.036,,,
3297,2026-07-28,SZ000408,-0.008399843356824126,EXP_CatBoostModel_Alpha158_csi300_custom_step0_s_20260728_15,ef9a99daeb5547b1818a90c7eee944b1,0.036,,,
3298,2026-07-28,SZ000338,-0.026363886198860795,EXP_CatBoostModel_Alpha158_csi300_custom_step0_s_20260728_15,ef9a99daeb5547b1818a90c7eee944b1,0.036,,,
3299,2026-07-28,SZ000333,0.0037544776542467874,EXP_CatBoostModel_Alpha158_csi300_custom_step0_s_20260728_15,ef9a99daeb5547b1818a90c7eee944b1,0.036,,,
3300,2026-07-28,SZ000301,-0.05499559556867196,EXP_CatBoostModel_Alpha158_csi300_custom_step0_s_20260728_15,ef9a99daeb5547b1818a90c7eee944b1,0.036,,,
3301,2026-07-28,SZ000166,0.011560232300018554,EXP_CatBoostModel_Alpha158_csi300_custom_step0_s_20260728_15,ef9a99daeb5547b1818a90c7eee944b1,0.036,,,
3302,2026-07-28,SZ000157,-0.010697266584176383,EXP_CatBoostModel_Alpha158_csi300_custom_step0_s_20260728_15,ef9a99daeb5547b1818a90c7eee944b1,0.036,,,
3303,2026-07-28,SZ000100,0.04104245987392357,EXP_CatBoostModel_Alpha158_csi300_custom_step0_s_20260728_15,ef9a99daeb5547b1818a90c7eee944b1,0.036,,,
3304,2026-07-28,SZ000538,0.0038901668648261075,EXP_CatBoostModel_Alpha158_csi300_custom_step0_s_20260728_15,ef9a99daeb5547b1818a90c7eee944b1,0.036,,,
3305,2026-07-28,SZ000063,0.042312209524228345,EXP_CatBoostModel_Alpha158_csi300_custom_step0_s_20260728_15,ef9a99daeb5547b1818a90c7eee944b1,0.036,,,
3306,2026-07-28,SZ000001,0.0021032745040091756,EXP_CatBoostModel_Alpha158_csi300_custom_step0_s_20260728_15,ef9a99daeb5547b1818a90c7eee944b1,0.036,,,
3307,2026-07-28,SH688981,0.08153533114037143,EXP_CatBoostModel_Alpha158_csi300_custom_step0_s_20260728_15,ef9a99daeb5547b1818a90c7eee944b1,0.036,,,
3308,2026-07-28,SH688521,0.15688395000603292,EXP_CatBoostModel_Alpha158_csi300_custom_step0_s_20260728_15,ef9a99daeb5547b1818a90c7eee944b1,0.036,,,
3309,2026-07-28,SH688506,0.11659988668628211,EXP_CatBoostModel_Alpha158_csi300_custom_step0_s_20260728_15,ef9a99daeb5547b1818a90c7eee944b1,0.036,,,
3310,2026-07-28,SH688472,0.17476121653772045,EXP_CatBoostModel_Alpha158_csi300_custom_step0_s_20260728_15,ef9a99daeb5547b1818a90c7eee944b1,0.036,,,
3311,2026-07-28,SH688396,0.13985620286316428,EXP_CatBoostModel_Alpha158_csi300_custom_step0_s_20260728_15,ef9a99daeb5547b1818a90c7eee944b1,0.036,,,
3312,2026-07-28,SH688303,0.0004709420894997682,EXP_CatBoostModel_Alpha158_csi300_custom_step0_s_20260728_15,ef9a99daeb5547b1818a90c7eee944b1,0.036,,,
3313,2026-07-28,SH688271,-0.0049801385333030045,EXP_CatBoostModel_Alpha158_csi300_custom_step0_s_20260728_15,ef9a99daeb5547b1818a90c7eee944b1,0.036,,,
3314,2026-07-28,SZ000002,-0.0027668829029809956,EXP_CatBoostModel_Alpha158_csi300_custom_step0_s_20260728_15,ef9a99daeb5547b1818a90c7eee944b1,0.036,,,
3315,2026-07-28,SH688256,0.050341308930996434,EXP_CatBoostModel_Alpha158_csi300_custom_step0_s_20260728_15,ef9a99daeb5547b1818a90c7eee944b1,0.036,,,
3316,2026-07-28,SZ000568,-0.02904200866317275,EXP_CatBoostModel_Alpha158_csi300_custom_step0_s_20260728_15,ef9a99daeb5547b1818a90c7eee944b1,0.036,,,
3317,2026-07-28,SZ000617,-0.0029772566998788564,EXP_CatBoostModel_Alpha158_csi300_custom_step0_s_20260728_15,ef9a99daeb5547b1818a90c7eee944b1,0.036,,,
3318,2026-07-28,SZ000999,-0.0012859815832481972,EXP_CatBoostModel_Alpha158_csi300_custom_step0_s_20260728_15,ef9a99daeb5547b1818a90c7eee944b1,0.036,,,
3319,2026-07-28,SZ000988,0.25152597098999974,EXP_CatBoostModel_Alpha158_csi300_custom_step0_s_20260728_15,ef9a99daeb5547b1818a90c7eee944b1,0.036,,,
3320,2026-07-28,SZ000977,0.0643797173744081,EXP_CatBoostModel_Alpha158_csi300_custom_step0_s_20260728_15,ef9a99daeb5547b1818a90c7eee944b1,0.036,,,
3321,2026-07-28,SZ000975,-0.02938623483822108,EXP_CatBoostModel_Alpha158_csi300_custom_step0_s_20260728_15,ef9a99daeb5547b1818a90c7eee944b1,0.036,,,
3322,2026-07-28,SZ000963,-0.006150780487724155,EXP_CatBoostModel_Alpha158_csi300_custom_step0_s_20260728_15,ef9a99daeb5547b1818a90c7eee944b1,0.036,,,
3323,2026-07-28,SZ000938,-0.10543708326631597,EXP_CatBoostModel_Alpha158_csi300_custom_step0_s_20260728_15,ef9a99daeb5547b1818a90c7eee944b1,0.036,,,
3324,2026-07-28,SZ000895,-0.011871274690339436,EXP_CatBoostModel_Alpha158_csi300_custom_step0_s_20260728_15,ef9a99daeb5547b1818a90c7eee944b1,0.036,,,
3325,2026-07-28,SZ000858,0.00018869142903500015,EXP_CatBoostModel_Alpha158_csi300_custom_step0_s_20260728_15,ef9a99daeb5547b1818a90c7eee944b1,0.036,,,
3326,2026-07-28,SZ000596,-0.05133678291654572,EXP_CatBoostModel_Alpha158_csi300_custom_step0_s_20260728_15,ef9a99daeb5547b1818a90c7eee944b1,0.036,,,
3327,2026-07-28,SZ000807,-0.0187195670427181,EXP_CatBoostModel_Alpha158_csi300_custom_step0_s_20260728_15,ef9a99daeb5547b1818a90c7eee944b1,0.036,,,
3328,2026-07-28,SZ000776,0.018842002418513557,EXP_CatBoostModel_Alpha158_csi300_custom_step0_s_20260728_15,ef9a99daeb5547b1818a90c7eee944b1,0.036,,,
3329,2026-07-28,SZ000768,-0.008432742319634808,EXP_CatBoostModel_Alpha158_csi300_custom_step0_s_20260728_15,ef9a99daeb5547b1818a90c7eee944b1,0.036,,,
3330,2026-07-28,SZ000725,0.15793708730518283,EXP_CatBoostModel_Alpha158_csi300_custom_step0_s_20260728_15,ef9a99daeb5547b1818a90c7eee944b1,0.036,,,
3331,2026-07-28,SZ000708,-0.023346861548800425,EXP_CatBoostModel_Alpha158_csi300_custom_step0_s_20260728_15,ef9a99daeb5547b1818a90c7eee944b1,0.036,,,
3332,2026-07-28,SZ000657,0.2648377815939028,EXP_CatBoostModel_Alpha158_csi300_custom_step0_s_20260728_15,ef9a99daeb5547b1818a90c7eee944b1,0.036,,,
3333,2026-07-28,SZ000651,0.009159386823655875,EXP_CatBoostModel_Alpha158_csi300_custom_step0_s_20260728_15,ef9a99daeb5547b1818a90c7eee944b1,0.036,,,
3334,2026-07-28,SZ000630,0.045299121770860325,EXP_CatBoostModel_Alpha158_csi300_custom_step0_s_20260728_15,ef9a99daeb5547b1818a90c7eee944b1,0.036,,,
3335,2026-07-28,SZ000625,0.002914772452654261,EXP_CatBoostModel_Alpha158_csi300_custom_step0_s_20260728_15,ef9a99daeb5547b1818a90c7eee944b1,0.036,,,
3336,2026-07-28,SZ000792,-0.01774430785791601,EXP_CatBoostModel_Alpha158_csi300_custom_step0_s_20260728_15,ef9a99daeb5547b1818a90c7eee944b1,0.036,,,
3337,2026-07-28,SH688223,0.33389437661048893,EXP_CatBoostModel_Alpha158_csi300_custom_step0_s_20260728_15,ef9a99daeb5547b1818a90c7eee944b1,0.036,,,
3338,2026-07-28,SH688183,-0.004140146464347532,EXP_CatBoostModel_Alpha158_csi300_custom_step0_s_20260728_15,ef9a99daeb5547b1818a90c7eee944b1,0.036,,,
3339,2026-07-28,SH688126,0.17226568457185112,EXP_CatBoostModel_Alpha158_csi300_custom_step0_s_20260728_15,ef9a99daeb5547b1818a90c7eee944b1,0.036,,,
3340,2026-07-28,SH601998,-0.005509258009994103,EXP_CatBoostModel_Alpha158_csi300_custom_step0_s_20260728_15,ef9a99daeb5547b1818a90c7eee944b1,0.036,,,
3341,2026-07-28,SH601995,0.024100201709537406,EXP_CatBoostModel_Alpha158_csi300_custom_step0_s_20260728_15,ef9a99daeb5547b1818a90c7eee944b1,0.036,,,
3342,2026-07-28,SH601988,0.0007249011580346257,EXP_CatBoostModel_Alpha158_csi300_custom_step0_s_20260728_15,ef9a99daeb5547b1818a90c7eee944b1,0.036,,,
3343,2026-07-28,SH601985,-0.000864356831766852,EXP_CatBoostModel_Alpha158_csi300_custom_step0_s_20260728_15,ef9a99daeb5547b1818a90c7eee944b1,0.036,,,
3344,2026-07-28,SH601939,-0.01933796272411453,EXP_CatBoostModel_Alpha158_csi300_custom_step0_s_20260728_15,ef9a99daeb5547b1818a90c7eee944b1,0.036,,,
3345,2026-07-28,SH601919,0.05010612604298745,EXP_CatBoostModel_Alpha158_csi300_custom_step0_s_20260728_15,ef9a99daeb5547b1818a90c7eee944b1,0.036,,,
3346,2026-07-28,SH601916,0.0010340859609426756,EXP_CatBoostModel_Alpha158_csi300_custom_step0_s_20260728_15,ef9a99daeb5547b1818a90c7eee944b1,0.036,,,
3347,2026-07-28,SH601901,0.006517448888533383,EXP_CatBoostModel_Alpha158_csi300_custom_step0_s_20260728_15,ef9a99daeb5547b1818a90c7eee944b1,0.036,,,
3348,2026-07-28,SH603019,0.03561421446677948,EXP_CatBoostModel_Alpha158_csi300_custom_step0_s_20260728_15,ef9a99daeb5547b1818a90c7eee944b1,0.036,,,
3349,2026-07-28,SH601899,-0.02248883081336609,EXP_CatBoostModel_Alpha158_csi300_custom_step0_s_20260728_15,ef9a99daeb5547b1818a90c7eee944b1,0.036,,,
3350,2026-07-28,SH601888,-0.009126476689073171,EXP_CatBoostModel_Alpha158_csi300_custom_step0_s_20260728_15,ef9a99daeb5547b1818a90c7eee944b1,0.036,,,
3351,2026-07-28,SH601881,0.007174868045045304,EXP_CatBoostModel_Alpha158_csi300_custom_step0_s_20260728_15,ef9a99daeb5547b1818a90c7eee944b1,0.036,,,
3352,2026-07-28,SH601878,0.002467769085679992,EXP_CatBoostModel_Alpha158_csi300_custom_step0_s_20260728_15,ef9a99daeb5547b1818a90c7eee944b1,0.036,,,
3353,2026-07-28,SH601877,-0.009002765470002548,EXP_CatBoostModel_Alpha158_csi300_custom_step0_s_20260728_15,ef9a99daeb5547b1818a90c7eee944b1,0.036,,,
3354,2026-07-28,SH601872,-0.018365446458392304,EXP_CatBoostModel_Alpha158_csi300_custom_step0_s_20260728_15,ef9a99daeb5547b1818a90c7eee944b1,0.036,,,
3355,2026-07-28,SH601868,0.01814094381940714,EXP_CatBoostModel_Alpha158_csi300_custom_step0_s_20260728_15,ef9a99daeb5547b1818a90c7eee944b1,0.036,,,
3356,2026-07-28,SH601857,-0.01913791789062095,EXP_CatBoostModel_Alpha158_csi300_custom_step0_s_20260728_15,ef9a99daeb5547b1818a90c7eee944b1,0.036,,,
3357,2026-07-28,SH601838,0.0019680312900542825,EXP_CatBoostModel_Alpha158_csi300_custom_step0_s_20260728_15,ef9a99daeb5547b1818a90c7eee944b1,0.036,,,
3358,2026-07-28,SH601898,-0.06142290601327372,EXP_CatBoostModel_Alpha158_csi300_custom_step0_s_20260728_15,ef9a99daeb5547b1818a90c7eee944b1,0.036,,,
3359,2026-07-28,SH603259,0.015193237017012778,EXP_CatBoostModel_Alpha158_csi300_custom_step0_s_20260728_15,ef9a99daeb5547b1818a90c7eee944b1,0.036,,,
3360,2026-07-28,SH603260,0.28138563518493664,EXP_CatBoostModel_Alpha158_csi300_custom_step0_s_20260728_15,ef9a99daeb5547b1818a90c7eee944b1,0.036,,,
3361,2026-07-28,SH603288,-0.011828044302523235,EXP_CatBoostModel_Alpha158_csi300_custom_step0_s_20260728_15,ef9a99daeb5547b1818a90c7eee944b1,0.036,,,
3362,2026-07-28,SH688111,0.009920608851207857,EXP_CatBoostModel_Alpha158_csi300_custom_step0_s_20260728_15,ef9a99daeb5547b1818a90c7eee944b1,0.036,,,
3363,2026-07-28,SH688082,0.23855681687625865,EXP_CatBoostModel_Alpha158_csi300_custom_step0_s_20260728_15,ef9a99daeb5547b1818a90c7eee944b1,0.036,,,
3364,2026-07-28,SH688072,-0.004752566849623618,EXP_CatBoostModel_Alpha158_csi300_custom_step0_s_20260728_15,ef9a99daeb5547b1818a90c7eee944b1,0.036,,,
3365,2026-07-28,SH688047,0.283684371838979,EXP_CatBoostModel_Alpha158_csi300_custom_step0_s_20260728_15,ef9a99daeb5547b1818a90c7eee944b1,0.036,,,
3366,2026-07-28,SH688041,0.04369116957875206,EXP_CatBoostModel_Alpha158_csi300_custom_step0_s_20260728_15,ef9a99daeb5547b1818a90c7eee944b1,0.036,,,
3367,2026-07-28,SH688036,-0.036505981983003574,EXP_CatBoostModel_Alpha158_csi300_custom_step0_s_20260728_15,ef9a99daeb5547b1818a90c7eee944b1,0.036,,,
3368,2026-07-28,SH688012,0.05079207312911835,EXP_CatBoostModel_Alpha158_csi300_custom_step0_s_20260728_15,ef9a99daeb5547b1818a90c7eee944b1,0.036,,,
3369,2026-07-28,SH688009,-0.016722821010885767,EXP_CatBoostModel_Alpha158_csi300_custom_step0_s_20260728_15,ef9a99daeb5547b1818a90c7eee944b1,0.036,,,
3370,2026-07-28,SH688008,0.04981174156995295,EXP_CatBoostModel_Alpha158_csi300_custom_step0_s_20260728_15,ef9a99daeb5547b1818a90c7eee944b1,0.036,,,
3371,2026-07-28,SH605499,-0.03393474452994945,EXP_CatBoostModel_Alpha158_csi300_custom_step0_s_20260728_15,ef9a99daeb5547b1818a90c7eee944b1,0.036,,,
3372,2026-07-28,SH605117,0.07073540745730542,EXP_CatBoostModel_Alpha158_csi300_custom_step0_s_20260728_15,ef9a99daeb5547b1818a90c7eee944b1,0.036,,,
3373,2026-07-28,SH603993,-0.02695565216840911,EXP_CatBoostModel_Alpha158_csi300_custom_step0_s_20260728_15,ef9a99daeb5547b1818a90c7eee944b1,0.036,,,
3374,2026-07-28,SH603986,0.09264681322121762,EXP_CatBoostModel_Alpha158_csi300_custom_step0_s_20260728_15,ef9a99daeb5547b1818a90c7eee944b1,0.036,,,
3375,2026-07-28,SH603893,0.018784090346956453,EXP_CatBoostModel_Alpha158_csi300_custom_step0_s_20260728_15,ef9a99daeb5547b1818a90c7eee944b1,0.036,,,
3376,2026-07-28,SH603799,0.4133857227837566,EXP_CatBoostModel_Alpha158_csi300_custom_step0_s_20260728_15,ef9a99daeb5547b1818a90c7eee944b1,0.036,,,
3377,2026-07-28,SH603501,0.06942922730594724,EXP_CatBoostModel_Alpha158_csi300_custom_step0_s_20260728_15,ef9a99daeb5547b1818a90c7eee944b1,0.036,,,
3378,2026-07-28,SH603392,0.1362564573174078,EXP_CatBoostModel_Alpha158_csi300_custom_step0_s_20260728_15,ef9a99daeb5547b1818a90c7eee944b1,0.036,,,
3379,2026-07-28,SH603369,-0.019449764660619553,EXP_CatBoostModel_Alpha158_csi300_custom_step0_s_20260728_15,ef9a99daeb5547b1818a90c7eee944b1,0.036,,,
3380,2026-07-28,SH603296,0.009080118363272684,EXP_CatBoostModel_Alpha158_csi300_custom_step0_s_20260728_15,ef9a99daeb5547b1818a90c7eee944b1,0.036,,,
3381,2026-07-28,SH601818,0.007564484152533601,EXP_CatBoostModel_Alpha158_csi300_custom_step0_s_20260728_15,ef9a99daeb5547b1818a90c7eee944b1,0.036,,,
3382,2026-07-28,SH605499,-0.06067232028131187,EXP_CatBoostModel_Alpha158_csi300_custom_step0_s_20260728_15,7977c1f3473747bdbc3f00af295c73c7,0.114,,,
3383,2026-07-28,SH600438,0.22310112380708108,EXP_CatBoostModel_Alpha158_csi300_custom_step0_s_20260728_15,ef9a99daeb5547b1818a90c7eee944b1,0.036,,,
3384,2026-07-28,SH600426,-0.0029284122057756726,EXP_CatBoostModel_Alpha158_csi300_custom_step0_s_20260728_15,ef9a99daeb5547b1818a90c7eee944b1,0.036,,,
3385,2026-07-28,SZ002142,0.02665935908389467,EXP_CatBoostModel_Alpha158_csi300_custom_step0_s_20260728_15,7977c1f3473747bdbc3f00af295c73c7,0.114,,,
3386,2026-07-28,SZ002074,-0.004295636137461319,EXP_CatBoostModel_Alpha158_csi300_custom_step0_s_20260728_15,7977c1f3473747bdbc3f00af295c73c7,0.114,,,
3387,2026-07-28,SZ002050,0.09599898488982926,EXP_CatBoostModel_Alpha158_csi300_custom_step0_s_20260728_15,7977c1f3473747bdbc3f00af295c73c7,0.114,,,
3388,2026-07-28,SZ002049,0.09733832446302762,EXP_CatBoostModel_Alpha158_csi300_custom_step0_s_20260728_15,7977c1f3473747bdbc3f00af295c73c7,0.114,,,
3389,2026-07-28,SZ002028,0.022864186073737053,EXP_CatBoostModel_Alpha158_csi300_custom_step0_s_20260728_15,7977c1f3473747bdbc3f00af295c73c7,0.114,,,
3390,2026-07-28,SZ002027,-0.03512803911508545,EXP_CatBoostModel_Alpha158_csi300_custom_step0_s_20260728_15,7977c1f3473747bdbc3f00af295c73c7,0.114,,,
3391,2026-07-28,SZ002001,-0.06733742999229231,EXP_CatBoostModel_Alpha158_csi300_custom_step0_s_20260728_15,7977c1f3473747bdbc3f00af295c73c7,0.114,,,
3392,2026-07-28,SZ001979,-0.03570853804599627,EXP_CatBoostModel_Alpha158_csi300_custom_step0_s_20260728_15,7977c1f3473747bdbc3f00af295c73c7,0.114,,,
3393,2026-07-28,SZ002179,0.11841493099485075,EXP_CatBoostModel_Alpha158_csi300_custom_step0_s_20260728_15,7977c1f3473747bdbc3f00af295c73c7,0.114,,,
3394,2026-07-28,SZ001965,-0.05388395449412463,EXP_CatBoostModel_Alpha158_csi300_custom_step0_s_20260728_15,7977c1f3473747bdbc3f00af295c73c7,0.114,,,
3395,2026-07-28,SZ001280,0.032002806672897066,EXP_CatBoostModel_Alpha158_csi300_custom_step0_s_20260728_15,7977c1f3473747bdbc3f00af295c73c7,0.114,,,
3396,2026-07-28,SZ000999,0.00555124676404284,EXP_CatBoostModel_Alpha158_csi300_custom_step0_s_20260728_15,7977c1f3473747bdbc3f00af295c73c7,0.114,,,
3397,2026-07-28,SZ000988,0.04437954410980872,EXP_CatBoostModel_Alpha158_csi300_custom_step0_s_20260728_15,7977c1f3473747bdbc3f00af295c73c7,0.114,,,
3398,2026-07-28,SZ000977,0.1970353125955063,EXP_CatBoostModel_Alpha158_csi300_custom_step0_s_20260728_15,7977c1f3473747bdbc3f00af295c73c7,0.114,,,
3399,2026-07-28,SZ000975,-0.02372520348345115,EXP_CatBoostModel_Alpha158_csi300_custom_step0_s_20260728_15,7977c1f3473747bdbc3f00af295c73c7,0.114,,,
3400,2026-07-28,SZ000963,-0.027258800806956845,EXP_CatBoostModel_Alpha158_csi300_custom_step0_s_20260728_15,7977c1f3473747bdbc3f00af295c73c7,0.114,,,
3401,2026-07-28,SZ000938,-0.04562668187787824,EXP_CatBoostModel_Alpha158_csi300_custom_step0_s_20260728_15,7977c1f3473747bdbc3f00af295c73c7,0.114,,,
3402,2026-07-28,SZ000895,-0.03740986630468665,EXP_CatBoostModel_Alpha158_csi300_custom_step0_s_20260728_15,7977c1f3473747bdbc3f00af295c73c7,0.114,,,
3403,2026-07-28,SZ001391,-0.0075492345781924776,EXP_CatBoostModel_Alpha158_csi300_custom_step0_s_20260728_15,7977c1f3473747bdbc3f00af295c73c7,0.114,,,
3404,2026-07-28,SZ000858,-0.006321218255660656,EXP_CatBoostModel_Alpha158_csi300_custom_step0_s_20260728_15,7977c1f3473747bdbc3f00af295c73c7,0.114,,,
3405,2026-07-28,SZ002202,0.17460699241670583,EXP_CatBoostModel_Alpha158_csi300_custom_step0_s_20260728_15,7977c1f3473747bdbc3f00af295c73c7,0.114,,,
3406,2026-07-28,SZ002236,0.019493790428013923,EXP_CatBoostModel_Alpha158_csi300_custom_step0_s_20260728_15,7977c1f3473747bdbc3f00af295c73c7,0.114,,,
3407,2026-07-28,SZ002600,0.2704146690647823,EXP_CatBoostModel_Alpha158_csi300_custom_step0_s_20260728_15,7977c1f3473747bdbc3f00af295c73c7,0.114,,,
3408,2026-07-28,SZ002594,0.007061399278719969,EXP_CatBoostModel_Alpha158_csi300_custom_step0_s_20260728_15,7977c1f3473747bdbc3f00af295c73c7,0.114,,,
3409,2026-07-28,SZ002558,0.016408175489996218,EXP_CatBoostModel_Alpha158_csi300_custom_step0_s_20260728_15,7977c1f3473747bdbc3f00af295c73c7,0.114,,,
3410,2026-07-28,SZ002532,-0.057797393560960274,EXP_CatBoostModel_Alpha158_csi300_custom_step0_s_20260728_15,7977c1f3473747bdbc3f00af295c73c7,0.114,,,
3411,2026-07-28,SZ002493,-0.05811333969503399,EXP_CatBoostModel_Alpha158_csi300_custom_step0_s_20260728_15,7977c1f3473747bdbc3f00af295c73c7,0.114,,,
3412,2026-07-28,SZ002475,-0.002487722882416497,EXP_CatBoostModel_Alpha158_csi300_custom_step0_s_20260728_15,7977c1f3473747bdbc3f00af295c73c7,0.114,,,
3413,2026-07-28,SZ002466,0.22115113422867239,EXP_CatBoostModel_Alpha158_csi300_custom_step0_s_20260728_15,7977c1f3473747bdbc3f00af295c73c7,0.114,,,
3414,2026-07-28,SZ002463,0.055242926084755395,EXP_CatBoostModel_Alpha158_csi300_custom_step0_s_20260728_15,7977c1f3473747bdbc3f00af295c73c7,0.114,,,
3415,2026-07-28,SZ002230,-0.04906937558341547,EXP_CatBoostModel_Alpha158_csi300_custom_step0_s_20260728_15,7977c1f3473747bdbc3f00af295c73c7,0.114,,,
3416,2026-07-28,SZ002460,0.11446936085374129,EXP_CatBoostModel_Alpha158_csi300_custom_step0_s_20260728_15,7977c1f3473747bdbc3f00af295c73c7,0.114,,,
3417,2026-07-28,SZ002415,0.029648849750519995,EXP_CatBoostModel_Alpha158_csi300_custom_step0_s_20260728_15,7977c1f3473747bdbc3f00af295c73c7,0.114,,,
3418,2026-07-28,SZ002384,0.08333495905907216,EXP_CatBoostModel_Alpha158_csi300_custom_step0_s_20260728_15,7977c1f3473747bdbc3f00af295c73c7,0.114,,,
3419,2026-07-28,SZ002371,0.07021299187411988,EXP_CatBoostModel_Alpha158_csi300_custom_step0_s_20260728_15,7977c1f3473747bdbc3f00af295c73c7,0.114,,,
3420,2026-07-28,SZ002353,0.15492170911287279,EXP_CatBoostModel_Alpha158_csi300_custom_step0_s_20260728_15,7977c1f3473747bdbc3f00af295c73c7,0.114,,,
3421,2026-07-28,SZ002352,0.01241462880624253,EXP_CatBoostModel_Alpha158_csi300_custom_step0_s_20260728_15,7977c1f3473747bdbc3f00af295c73c7,0.114,,,
3422,2026-07-28,SZ002311,0.017276902782594812,EXP_CatBoostModel_Alpha158_csi300_custom_step0_s_20260728_15,7977c1f3473747bdbc3f00af295c73c7,0.114,,,
3423,2026-07-28,SZ002304,-0.019365840113462877,EXP_CatBoostModel_Alpha158_csi300_custom_step0_s_20260728_15,7977c1f3473747bdbc3f00af295c73c7,0.114,,,
3424,2026-07-28,SZ002241,-0.010375177569232799,EXP_CatBoostModel_Alpha158_csi300_custom_step0_s_20260728_15,7977c1f3473747bdbc3f00af295c73c7,0.114,,,
3425,2026-07-28,SZ002422,0.06551746173813146,EXP_CatBoostModel_Alpha158_csi300_custom_step0_s_20260728_15,7977c1f3473747bdbc3f00af295c73c7,0.114,,,
3426,2026-07-28,SZ000807,-0.04786692423976759,EXP_CatBoostModel_Alpha158_csi300_custom_step0_s_20260728_15,7977c1f3473747bdbc3f00af295c73c7,0.114,,,
3427,2026-07-28,SZ000792,0.06997923942448687,EXP_CatBoostModel_Alpha158_csi300_custom_step0_s_20260728_15,7977c1f3473747bdbc3f00af295c73c7,0.114,,,
3428,2026-07-28,SZ000776,0.0173677421356791,EXP_CatBoostModel_Alpha158_csi300_custom_step0_s_20260728_15,7977c1f3473747bdbc3f00af295c73c7,0.114,,,
3429,2026-07-28,SH688521,0.03624337007813487,EXP_CatBoostModel_Alpha158_csi300_custom_step0_s_20260728_15,7977c1f3473747bdbc3f00af295c73c7,0.114,,,
3430,2026-07-28,SH688506,0.14562753537780637,EXP_CatBoostModel_Alpha158_csi300_custom_step0_s_20260728_15,7977c1f3473747bdbc3f00af295c73c7,0.114,,,
3431,2026-07-28,SH688472,-0.04473324472985978,EXP_CatBoostModel_Alpha158_csi300_custom_step0_s_20260728_15,7977c1f3473747bdbc3f00af295c73c7,0.114,,,
3432,2026-07-28,SH688396,0.06913456980246181,EXP_CatBoostModel_Alpha158_csi300_custom_step0_s_20260728_15,7977c1f3473747bdbc3f00af295c73c7,0.114,,,
3433,2026-07-28,SH688303,-0.06008577764860487,EXP_CatBoostModel_Alpha158_csi300_custom_step0_s_20260728_15,7977c1f3473747bdbc3f00af295c73c7,0.114,,,
3434,2026-07-28,SH688271,-0.031143003977127267,EXP_CatBoostModel_Alpha158_csi300_custom_step0_s_20260728_15,7977c1f3473747bdbc3f00af295c73c7,0.114,,,
3435,2026-07-28,SH688256,-0.04292335888554066,EXP_CatBoostModel_Alpha158_csi300_custom_step0_s_20260728_15,7977c1f3473747bdbc3f00af295c73c7,0.114,,,
3436,2026-07-28,SH688223,0.06723207736899232,EXP_CatBoostModel_Alpha158_csi300_custom_step0_s_20260728_15,7977c1f3473747bdbc3f00af295c73c7,0.114,,,
3437,2026-07-28,SH688981,0.06887709488663304,EXP_CatBoostModel_Alpha158_csi300_custom_step0_s_20260728_15,7977c1f3473747bdbc3f00af295c73c7,0.114,,,
3438,2026-07-28,SH688183,-0.08964495969998758,EXP_CatBoostModel_Alpha158_csi300_custom_step0_s_20260728_15,7977c1f3473747bdbc3f00af295c73c7,0.114,,,
3439,2026-07-28,SH688111,-0.03373088612931708,EXP_CatBoostModel_Alpha158_csi300_custom_step0_s_20260728_15,7977c1f3473747bdbc3f00af295c73c7,0.114,,,
3440,2026-07-28,SH688082,0.21663956064694473,EXP_CatBoostModel_Alpha158_csi300_custom_step0_s_20260728_15,7977c1f3473747bdbc3f00af295c73c7,0.114,,,
3441,2026-07-28,SH688072,-0.004541613987503868,EXP_CatBoostModel_Alpha158_csi300_custom_step0_s_20260728_15,7977c1f3473747bdbc3f00af295c73c7,0.114,,,
3442,2026-07-28,SH688047,0.12546730601349446,EXP_CatBoostModel_Alpha158_csi300_custom_step0_s_20260728_15,7977c1f3473747bdbc3f00af295c73c7,0.114,,,
3443,2026-07-28,SH688041,0.016680258271055935,EXP_CatBoostModel_Alpha158_csi300_custom_step0_s_20260728_15,7977c1f3473747bdbc3f00af295c73c7,0.114,,,
3444,2026-07-28,SH688036,-0.05467301801173157,EXP_CatBoostModel_Alpha158_csi300_custom_step0_s_20260728_15,7977c1f3473747bdbc3f00af295c73c7,0.114,,,
3445,2026-07-28,SH688012,0.034887637686433534,EXP_CatBoostModel_Alpha158_csi300_custom_step0_s_20260728_15,7977c1f3473747bdbc3f00af295c73c7,0.114,,,
3446,2026-07-28,SH688009,0.013347552286626273,EXP_CatBoostModel_Alpha158_csi300_custom_step0_s_20260728_15,7977c1f3473747bdbc3f00af295c73c7,0.114,,,
3447,2026-07-28,SH688126,0.2646773530094888,EXP_CatBoostModel_Alpha158_csi300_custom_step0_s_20260728_15,7977c1f3473747bdbc3f00af295c73c7,0.114,,,
3448,2026-07-28,SZ000001,0.05549370678547556,EXP_CatBoostModel_Alpha158_csi300_custom_step0_s_20260728_15,7977c1f3473747bdbc3f00af295c73c7,0.114,,,
3449,2026-07-28,SZ000002,-0.011678549446582247,EXP_CatBoostModel_Alpha158_csi300_custom_step0_s_20260728_15,7977c1f3473747bdbc3f00af295c73c7,0.114,,,
3450,2026-07-28,SZ000063,1.8134515233392842e-05,EXP_CatBoostModel_Alpha158_csi300_custom_step0_s_20260728_15,7977c1f3473747bdbc3f00af295c73c7,0.114,,,
3451,2026-07-28,SZ000768,-0.00949227456967222,EXP_CatBoostModel_Alpha158_csi300_custom_step0_s_20260728_15,7977c1f3473747bdbc3f00af295c73c7,0.114,,,
3452,2026-07-28,SZ000725,0.2682577834728167,EXP_CatBoostModel_Alpha158_csi300_custom_step0_s_20260728_15,7977c1f3473747bdbc3f00af295c73c7,0.114,,,
3453,2026-07-28,SZ000708,-0.0465269523489438,EXP_CatBoostModel_Alpha158_csi300_custom_step0_s_20260728_15,7977c1f3473747bdbc3f00af295c73c7,0.114,,,
3454,2026-07-28,SZ000657,0.11768279660351358,EXP_CatBoostModel_Alpha158_csi300_custom_step0_s_20260728_15,7977c1f3473747bdbc3f00af295c73c7,0.114,,,
3455,2026-07-28,SZ000651,0.03827364422654187,EXP_CatBoostModel_Alpha158_csi300_custom_step0_s_20260728_15,7977c1f3473747bdbc3f00af295c73c7,0.114,,,
3456,2026-07-28,SZ000630,0.029850358534666662,EXP_CatBoostModel_Alpha158_csi300_custom_step0_s_20260728_15,7977c1f3473747bdbc3f00af295c73c7,0.114,,,
3457,2026-07-28,SZ000625,-0.016171654695395072,EXP_CatBoostModel_Alpha158_csi300_custom_step0_s_20260728_15,7977c1f3473747bdbc3f00af295c73c7,0.114,,,
3458,2026-07-28,SZ000617,-0.03971662652782075,EXP_CatBoostModel_Alpha158_csi300_custom_step0_s_20260728_15,7977c1f3473747bdbc3f00af295c73c7,0.114,,,
3459,2026-07-28,SZ000596,-0.10535969357715601,EXP_CatBoostModel_Alpha158_csi300_custom_step0_s_20260728_15,7977c1f3473747bdbc3f00af295c73c7,0.114,,,
3460,2026-07-28,SZ000568,-0.04635295797528947,EXP_CatBoostModel_Alpha158_csi300_custom_step0_s_20260728_15,7977c1f3473747bdbc3f00af295c73c7,0.114,,,
3461,2026-07-28,SZ000538,0.010818247515129428,EXP_CatBoostModel_Alpha158_csi300_custom_step0_s_20260728_15,7977c1f3473747bdbc3f00af295c73c7,0.114,,,
3462,2026-07-28,SZ000425,-0.016585457353773172,EXP_CatBoostModel_Alpha158_csi300_custom_step0_s_20260728_15,7977c1f3473747bdbc3f00af295c73c7,0.114,,,
3463,2026-07-28,SZ000408,-0.02954720850786284,EXP_CatBoostModel_Alpha158_csi300_custom_step0_s_20260728_15,7977c1f3473747bdbc3f00af295c73c7,0.114,,,
3464,2026-07-28,SZ000338,-0.020345432587592343,EXP_CatBoostModel_Alpha158_csi300_custom_step0_s_20260728_15,7977c1f3473747bdbc3f00af295c73c7,0.114,,,
3465,2026-07-28,SZ000333,0.028934469112635957,EXP_CatBoostModel_Alpha158_csi300_custom_step0_s_20260728_15,7977c1f3473747bdbc3f00af295c73c7,0.114,,,
3466,2026-07-28,SZ000301,-0.08672471152792935,EXP_CatBoostModel_Alpha158_csi300_custom_step0_s_20260728_15,7977c1f3473747bdbc3f00af295c73c7,0.114,,,
3467,2026-07-28,SZ000166,0.03898120845686742,EXP_CatBoostModel_Alpha158_csi300_custom_step0_s_20260728_15,7977c1f3473747bdbc3f00af295c73c7,0.114,,,
3468,2026-07-28,SZ000157,-0.030680104839461656,EXP_CatBoostModel_Alpha158_csi300_custom_step0_s_20260728_15,7977c1f3473747bdbc3f00af295c73c7,0.114,,,
3469,2026-07-28,SZ000100,0.03995656776619336,EXP_CatBoostModel_Alpha158_csi300_custom_step0_s_20260728_15,7977c1f3473747bdbc3f00af295c73c7,0.114,,,
3470,2026-07-28,SZ002602,-0.028306040273684448,EXP_CatBoostModel_Alpha158_csi300_custom_step0_s_20260728_15,7977c1f3473747bdbc3f00af295c73c7,0.114,,,
3471,2026-07-28,SH600436,0.027274512774693106,EXP_CatBoostModel_Alpha158_csi300_custom_step0_s_20260728_15,ef9a99daeb5547b1818a90c7eee944b1,0.036,,,
3472,2026-07-28,SZ002625,0.0832752346679254,EXP_CatBoostModel_Alpha158_csi300_custom_step0_s_20260728_15,7977c1f3473747bdbc3f00af295c73c7,0.114,,,
3473,2026-07-28,SZ002709,0.5734598729706106,EXP_CatBoostModel_Alpha158_csi300_custom_step0_s_20260728_15,7977c1f3473747bdbc3f00af295c73c7,0.114,,,
3474,2026-07-28,SH600066,-0.00594288790611073,EXP_CatBoostModel_Alpha158_csi300_custom_step0_s_20260728_15,ef9a99daeb5547b1818a90c7eee944b1,0.036,,,
3475,2026-07-28,SH600061,-0.011220755285038382,EXP_CatBoostModel_Alpha158_csi300_custom_step0_s_20260728_15,ef9a99daeb5547b1818a90c7eee944b1,0.036,,,
3476,2026-07-28,SH600050,-0.017640919653115164,EXP_CatBoostModel_Alpha158_csi300_custom_step0_s_20260728_15,ef9a99daeb5547b1818a90c7eee944b1,0.036,,,
3477,2026-07-28,SH600048,-0.006967389778868426,EXP_CatBoostModel_Alpha158_csi300_custom_step0_s_20260728_15,ef9a99daeb5547b1818a90c7eee944b1,0.036,,,
3478,2026-07-28,SH600039,-0.006112055273557508,EXP_CatBoostModel_Alpha158_csi300_custom_step0_s_20260728_15,ef9a99daeb5547b1818a90c7eee944b1,0.036,,,
3479,2026-07-28,SH600036,0.01670130162346252,EXP_CatBoostModel_Alpha158_csi300_custom_step0_s_20260728_15,ef9a99daeb5547b1818a90c7eee944b1,0.036,,,
3480,2026-07-28,SH600031,-0.003701954194342563,EXP_CatBoostModel_Alpha158_csi300_custom_step0_s_20260728_15,ef9a99daeb5547b1818a90c7eee944b1,0.036,,,
3481,2026-07-28,SH600030,-0.0065707835278168225,EXP_CatBoostModel_Alpha158_csi300_custom_step0_s_20260728_15,ef9a99daeb5547b1818a90c7eee944b1,0.036,,,
3482,2026-07-28,SH600085,-0.008067384064617957,EXP_CatBoostModel_Alpha158_csi300_custom_step0_s_20260728_15,ef9a99daeb5547b1818a90c7eee944b1,0.036,,,
3483,2026-07-28,SH600029,0.015182566051658908,EXP_CatBoostModel_Alpha158_csi300_custom_step0_s_20260728_15,ef9a99daeb5547b1818a90c7eee944b1,0.036,,,
3484,2026-07-28,SH600027,-0.012354645930857088,EXP_CatBoostModel_Alpha158_csi300_custom_step0_s_20260728_15,ef9a99daeb5547b1818a90c7eee944b1,0.036,,,
3485,2026-07-28,SH600026,0.07113757411050668,EXP_CatBoostModel_Alpha158_csi300_custom_step0_s_20260728_15,ef9a99daeb5547b1818a90c7eee944b1,0.036,,,
3486,2026-07-28,SH600025,-0.00600742070980055,EXP_CatBoostModel_Alpha158_csi300_custom_step0_s_20260728_15,ef9a99daeb5547b1818a90c7eee944b1,0.036,,,
3487,2026-07-28,SH600023,-0.004527050335070511,EXP_CatBoostModel_Alpha158_csi300_custom_step0_s_20260728_15,ef9a99daeb5547b1818a90c7eee944b1,0.036,,,
3488,2026-07-28,SH600019,-0.0002289824430036315,EXP_CatBoostModel_Alpha158_csi300_custom_step0_s_20260728_15,ef9a99daeb5547b1818a90c7eee944b1,0.036,,,
3489,2026-07-28,SH600018,0.014665787230818638,EXP_CatBoostModel_Alpha158_csi300_custom_step0_s_20260728_15,ef9a99daeb5547b1818a90c7eee944b1,0.036,,,
3490,2026-07-28,SH600016,0.004527290682835526,EXP_CatBoostModel_Alpha158_csi300_custom_step0_s_20260728_15,ef9a99daeb5547b1818a90c7eee944b1,0.036,,,
3491,2026-07-28,SH600015,-0.0019306853715439383,EXP_CatBoostModel_Alpha158_csi300_custom_step0_s_20260728_15,ef9a99daeb5547b1818a90c7eee944b1,0.036,,,
3492,2026-07-28,SH600028,-0.03242279745762058,EXP_CatBoostModel_Alpha158_csi300_custom_step0_s_20260728_15,ef9a99daeb5547b1818a90c7eee944b1,0.036,,,
3493,2026-07-28,SH600011,-0.013220978862594672,EXP_CatBoostModel_Alpha158_csi300_custom_step0_s_20260728_15,ef9a99daeb5547b1818a90c7eee944b1,0.036,,,
3494,2026-07-28,SH600089,-0.00034656036459461566,EXP_CatBoostModel_Alpha158_csi300_custom_step0_s_20260728_15,ef9a99daeb5547b1818a90c7eee944b1,0.036,,,
3495,2026-07-28,SH600111,0.10543336192054563,EXP_CatBoostModel_Alpha158_csi300_custom_step0_s_20260728_15,ef9a99daeb5547b1818a90c7eee944b1,0.036,,,
3496,2026-07-28,SH600415,-0.04987233157156778,EXP_CatBoostModel_Alpha158_csi300_custom_step0_s_20260728_15,ef9a99daeb5547b1818a90c7eee944b1,0.036,,,
3497,2026-07-28,SH600406,-0.002518653880619802,EXP_CatBoostModel_Alpha158_csi300_custom_step0_s_20260728_15,ef9a99daeb5547b1818a90c7eee944b1,0.036,,,
3498,2026-07-28,SH600372,0.006129012453888314,EXP_CatBoostModel_Alpha158_csi300_custom_step0_s_20260728_15,ef9a99daeb5547b1818a90c7eee944b1,0.036,,,
3499,2026-07-28,SH600362,0.007772257858069555,EXP_CatBoostModel_Alpha158_csi300_custom_step0_s_20260728_15,ef9a99daeb5547b1818a90c7eee944b1,0.036,,,
3500,2026-07-28,SH600346,-0.030044189907581585,EXP_CatBoostModel_Alpha158_csi300_custom_step0_s_20260728_15,ef9a99daeb5547b1818a90c7eee944b1,0.036,,,
3501,2026-07-28,SH600309,-0.058670265638413134,EXP_CatBoostModel_Alpha158_csi300_custom_step0_s_20260728_15,ef9a99daeb5547b1818a90c7eee944b1,0.036,,,
3502,2026-07-28,SH600276,-0.016257829595378533,EXP_CatBoostModel_Alpha158_csi300_custom_step0_s_20260728_15,ef9a99daeb5547b1818a90c7eee944b1,0.036,,,
3503,2026-07-28,SH600233,-0.02898183118816068,EXP_CatBoostModel_Alpha158_csi300_custom_step0_s_20260728_15,ef9a99daeb5547b1818a90c7eee944b1,0.036,,,
3504,2026-07-28,SH600104,-0.01558684711338847,EXP_CatBoostModel_Alpha158_csi300_custom_step0_s_20260728_15,ef9a99daeb5547b1818a90c7eee944b1,0.036,,,
3505,2026-07-28,SH600221,-0.006436993368600317,EXP_CatBoostModel_Alpha158_csi300_custom_step0_s_20260728_15,ef9a99daeb5547b1818a90c7eee944b1,0.036,,,
3506,2026-07-28,SH600196,-0.0019275042417867194,EXP_CatBoostModel_Alpha158_csi300_custom_step0_s_20260728_15,ef9a99daeb5547b1818a90c7eee944b1,0.036,,,
3507,2026-07-28,SH600188,-0.03701814816033959,EXP_CatBoostModel_Alpha158_csi300_custom_step0_s_20260728_15,ef9a99daeb5547b1818a90c7eee944b1,0.036,,,
3508,2026-07-28,SH600183,0.2005958494623114,EXP_CatBoostModel_Alpha158_csi300_custom_step0_s_20260728_15,ef9a99daeb5547b1818a90c7eee944b1,0.036,,,
3509,2026-07-28,SH600176,0.1777362459253595,EXP_CatBoostModel_Alpha158_csi300_custom_step0_s_20260728_15,ef9a99daeb5547b1818a90c7eee944b1,0.036,,,
3510,2026-07-28,SH600160,0.13325961016185767,EXP_CatBoostModel_Alpha158_csi300_custom_step0_s_20260728_15,ef9a99daeb5547b1818a90c7eee944b1,0.036,,,
3511,2026-07-28,SH600150,-0.008077924722051304,EXP_CatBoostModel_Alpha158_csi300_custom_step0_s_20260728_15,ef9a99daeb5547b1818a90c7eee944b1,0.036,,,
3512,2026-07-28,SH600118,0.46169704848165105,EXP_CatBoostModel_Alpha158_csi300_custom_step0_s_20260728_15,ef9a99daeb5547b1818a90c7eee944b1,0.036,,,
3513,2026-07-28,SH600115,0.02520754289845801,EXP_CatBoostModel_Alpha158_csi300_custom_step0_s_20260728_15,ef9a99daeb5547b1818a90c7eee944b1,0.036,,,
3514,2026-07-28,SH600219,-0.06312727002588751,EXP_CatBoostModel_Alpha158_csi300_custom_step0_s_20260728_15,ef9a99daeb5547b1818a90c7eee944b1,0.036,,,
3515,2026-07-28,SH600010,0.010270485481993243,EXP_CatBoostModel_Alpha158_csi300_custom_step0_s_20260728_15,ef9a99daeb5547b1818a90c7eee944b1,0.036,,,
3516,2026-07-28,SH600009,-0.0034618865996302877,EXP_CatBoostModel_Alpha158_csi300_custom_step0_s_20260728_15,ef9a99daeb5547b1818a90c7eee944b1,0.036,,,
3517,2026-07-28,SH600000,-0.0098710666354314,EXP_CatBoostModel_Alpha158_csi300_custom_step0_s_20260728_15,ef9a99daeb5547b1818a90c7eee944b1,0.036,,,
3518,2026-07-28,SZ300394,0.008535304983162116,EXP_CatBoostModel_Alpha158_csi300_custom_step0_s_20260728_15,7977c1f3473747bdbc3f00af295c73c7,0.114,,,
3519,2026-07-28,SZ300316,0.15977940779639924,EXP_CatBoostModel_Alpha158_csi300_custom_step0_s_20260728_15,7977c1f3473747bdbc3f00af295c73c7,0.114,,,
3520,2026-07-28,SZ300308,0.06758269422745893,EXP_CatBoostModel_Alpha158_csi300_custom_step0_s_20260728_15,7977c1f3473747bdbc3f00af295c73c7,0.114,,,
3521,2026-07-28,SZ300274,0.3457759808973304,EXP_CatBoostModel_Alpha158_csi300_custom_step0_s_20260728_15,7977c1f3473747bdbc3f00af295c73c7,0.114,,,
3522,2026-07-28,SZ300251,-0.026397413804925978,EXP_CatBoostModel_Alpha158_csi300_custom_step0_s_20260728_15,7977c1f3473747bdbc3f00af295c73c7,0.114,,,
3523,2026-07-28,SZ300124,-0.01811303252044117,EXP_CatBoostModel_Alpha158_csi300_custom_step0_s_20260728_15,7977c1f3473747bdbc3f00af295c73c7,0.114,,,
3524,2026-07-28,SZ300122,-0.04342697218147543,EXP_CatBoostModel_Alpha158_csi300_custom_step0_s_20260728_15,7977c1f3473747bdbc3f00af295c73c7,0.114,,,
3525,2026-07-28,SZ300059,-0.0013062458820756852,EXP_CatBoostModel_Alpha158_csi300_custom_step0_s_20260728_15,7977c1f3473747bdbc3f00af295c73c7,0.114,,,
3526,2026-07-28,SZ300408,0.05518585789211953,EXP_CatBoostModel_Alpha158_csi300_custom_step0_s_20260728_15,7977c1f3473747bdbc3f00af295c73c7,0.114,,,
3527,2026-07-28,SZ300033,-0.021389681204671922,EXP_CatBoostModel_Alpha158_csi300_custom_step0_s_20260728_15,7977c1f3473747bdbc3f00af295c73c7,0.114,,,
3528,2026-07-28,SZ300014,0.14507160945100747,EXP_CatBoostModel_Alpha158_csi300_custom_step0_s_20260728_15,7977c1f3473747bdbc3f00af295c73c7,0.114,,,
3529,2026-07-28,SZ003816,-0.004322320995406492,EXP_CatBoostModel_Alpha158_csi300_custom_step0_s_20260728_15,7977c1f3473747bdbc3f00af295c73c7,0.114,,,
3530,2026-07-28,SZ002938,0.1654986880540059,EXP_CatBoostModel_Alpha158_csi300_custom_step0_s_20260728_15,7977c1f3473747bdbc3f00af295c73c7,0.114,,,
3531,2026-07-28,SZ002920,-0.03669436891032448,EXP_CatBoostModel_Alpha158_csi300_custom_step0_s_20260728_15,7977c1f3473747bdbc3f00af295c73c7,0.114,,,
3532,2026-07-28,SZ002916,0.11433583459023766,EXP_CatBoostModel_Alpha158_csi300_custom_step0_s_20260728_15,7977c1f3473747bdbc3f00af295c73c7,0.114,,,
3533,2026-07-28,SZ002837,0.12223787420931889,EXP_CatBoostModel_Alpha158_csi300_custom_step0_s_20260728_15,7977c1f3473747bdbc3f00af295c73c7,0.114,,,
3534,2026-07-28,SZ002736,0.031562461221523334,EXP_CatBoostModel_Alpha158_csi300_custom_step0_s_20260728_15,7977c1f3473747bdbc3f00af295c73c7,0.114,,,
3535,2026-07-28,SZ002714,-0.016189187994043244,EXP_CatBoostModel_Alpha158_csi300_custom_step0_s_20260728_15,7977c1f3473747bdbc3f00af295c73c7,0.114,,,
3536,2026-07-28,SZ300015,-0.03151440524408747,EXP_CatBoostModel_Alpha158_csi300_custom_step0_s_20260728_15,7977c1f3473747bdbc3f00af295c73c7,0.114,,,
3537,2026-07-28,SZ300413,-0.027787102836221267,EXP_CatBoostModel_Alpha158_csi300_custom_step0_s_20260728_15,7977c1f3473747bdbc3f00af295c73c7,0.114,,,
3538,2026-07-28,SZ300418,0.008311845307244605,EXP_CatBoostModel_Alpha158_csi300_custom_step0_s_20260728_15,7977c1f3473747bdbc3f00af295c73c7,0.114,,,
3539,2026-07-28,SZ300433,0.15850247114057137,EXP_CatBoostModel_Alpha158_csi300_custom_step0_s_20260728_15,7977c1f3473747bdbc3f00af295c73c7,0.114,,,
3540,2026-07-28,SZ302132,-0.07265558143562642,EXP_CatBoostModel_Alpha158_csi300_custom_step0_s_20260728_15,7977c1f3473747bdbc3f00af295c73c7,0.114,,,
3541,2026-07-28,SZ301308,0.029232335612393506,EXP_CatBoostModel_Alpha158_csi300_custom_step0_s_20260728_15,7977c1f3473747bdbc3f00af295c73c7,0.114,,,
3542,2026-07-28,SZ301269,0.08717085102362417,EXP_CatBoostModel_Alpha158_csi300_custom_step0_s_20260728_15,7977c1f3473747bdbc3f00af295c73c7,0.114,,,
3543,2026-07-28,SZ301236,-0.010650341657867003,EXP_CatBoostModel_Alpha158_csi300_custom_step0_s_20260728_15,7977c1f3473747bdbc3f00af295c73c7,0.114,,,
3544,2026-07-28,SZ301165,0.15928211291217248,EXP_CatBoostModel_Alpha158_csi300_custom_step0_s_20260728_15,7977c1f3473747bdbc3f00af295c73c7,0.114,,,
3545,2026-07-28,SZ300999,-0.002109821749881467,EXP_CatBoostModel_Alpha158_csi300_custom_step0_s_20260728_15,7977c1f3473747bdbc3f00af295c73c7,0.114,,,
3546,2026-07-28,SZ300896,-0.05842615142971689,EXP_CatBoostModel_Alpha158_csi300_custom_step0_s_20260728_15,7977c1f3473747bdbc3f00af295c73c7,0.114,,,
3547,2026-07-28,SZ300866,-0.011026463480210642,EXP_CatBoostModel_Alpha158_csi300_custom_step0_s_20260728_15,7977c1f3473747bdbc3f00af295c73c7,0.114,,,
3548,2026-07-28,SZ300832,-0.029412788438062328,EXP_CatBoostModel_Alpha158_csi300_custom_step0_s_20260728_15,7977c1f3473747bdbc3f00af295c73c7,0.114,,,
3549,2026-07-28,SZ300803,0.07331945092380657,EXP_CatBoostModel_Alpha158_csi300_custom_step0_s_20260728_15,7977c1f3473747bdbc3f00af295c73c7,0.114,,,
3550,2026-07-28,SZ300760,-0.015980096656422024,EXP_CatBoostModel_Alpha158_csi300_custom_step0_s_20260728_15,7977c1f3473747bdbc3f00af295c73c7,0.114,,,
3551,2026-07-28,SZ300750,0.023951588115049955,EXP_CatBoostModel_Alpha158_csi300_custom_step0_s_20260728_15,7977c1f3473747bdbc3f00af295c73c7,0.114,,,
3552,2026-07-28,SZ300661,0.09017845568929336,EXP_CatBoostModel_Alpha158_csi300_custom_step0_s_20260728_15,7977c1f3473747bdbc3f00af295c73c7,0.114,,,
3553,2026-07-28,SZ300628,-0.015697099550803804,EXP_CatBoostModel_Alpha158_csi300_custom_step0_s_20260728_15,7977c1f3473747bdbc3f00af295c73c7,0.114,,,
3554,2026-07-28,SZ300502,0.0062724473940045326,EXP_CatBoostModel_Alpha158_csi300_custom_step0_s_20260728_15,7977c1f3473747bdbc3f00af295c73c7,0.114,,,
3555,2026-07-28,SZ300498,-0.015383870236805743,EXP_CatBoostModel_Alpha158_csi300_custom_step0_s_20260728_15,7977c1f3473747bdbc3f00af295c73c7,0.114,,,
3556,2026-07-28,SZ300476,0.004257681682361134,EXP_CatBoostModel_Alpha158_csi300_custom_step0_s_20260728_15,7977c1f3473747bdbc3f00af295c73c7,0.114,,,
3557,2026-07-28,SZ300450,0.16350746478346276,EXP_CatBoostModel_Alpha158_csi300_custom_step0_s_20260728_15,7977c1f3473747bdbc3f00af295c73c7,0.114,,,
3558,2026-07-28,SZ300442,0.20242090111222705,EXP_CatBoostModel_Alpha158_csi300_custom_step0_s_20260728_15,7977c1f3473747bdbc3f00af295c73c7,0.114,,,
3559,2026-07-28,SZ002648,-0.04523282350678568,EXP_CatBoostModel_Alpha158_csi300_custom_step0_s_20260728_15,7977c1f3473747bdbc3f00af295c73c7,0.114,,,
3560,2026-07-28,SH601360,-0.023125816388310325,EXP_CatBoostModel_Alpha158_csi300_custom_step0_s_20260728_15,15353abe70e34efb95efa8b3dfbc4393,0.073,,,
3561,2026-07-28,SH601336,-0.002429535416974809,EXP_CatBoostModel_Alpha158_csi300_custom_step0_s_20260728_15,15353abe70e34efb95efa8b3dfbc4393,0.073,,,
3562,2026-07-28,SH601328,-0.0016822578555533458,EXP_CatBoostModel_Alpha158_csi300_custom_step0_s_20260728_15,15353abe70e34efb95efa8b3dfbc4393,0.073,,,
3563,2026-07-28,SZ002353,0.08007125105883922,EXP_CatBoostModel_Alpha158_csi300_custom_step0_s_20260728_15,ea928f71ed8242369b3276a586d8fa8d,0.047,,,
3564,2026-07-28,SZ002352,0.0006603824261646732,EXP_CatBoostModel_Alpha158_csi300_custom_step0_s_20260728_15,ea928f71ed8242369b3276a586d8fa8d,0.047,,,
3565,2026-07-28,SZ002311,-0.00031476142534440276,EXP_CatBoostModel_Alpha158_csi300_custom_step0_s_20260728_15,ea928f71ed8242369b3276a586d8fa8d,0.047,,,
3566,2026-07-28,SZ002304,-0.02832433198187252,EXP_CatBoostModel_Alpha158_csi300_custom_step0_s_20260728_15,ea928f71ed8242369b3276a586d8fa8d,0.047,,,
3567,2026-07-28,SZ002241,0.02026367883806044,EXP_CatBoostModel_Alpha158_csi300_custom_step0_s_20260728_15,ea928f71ed8242369b3276a586d8fa8d,0.047,,,
3568,2026-07-28,SZ002236,0.005104678513138568,EXP_CatBoostModel_Alpha158_csi300_custom_step0_s_20260728_15,ea928f71ed8242369b3276a586d8fa8d,0.047,,,
3569,2026-07-28,SZ002230,-0.020399521826526518,EXP_CatBoostModel_Alpha158_csi300_custom_step0_s_20260728_15,ea928f71ed8242369b3276a586d8fa8d,0.047,,,
3570,2026-07-28,SZ002202,0.08908360566710823,EXP_CatBoostModel_Alpha158_csi300_custom_step0_s_20260728_15,ea928f71ed8242369b3276a586d8fa8d,0.047,,,
3571,2026-07-28,SZ002371,0.09456973774867009,EXP_CatBoostModel_Alpha158_csi300_custom_step0_s_20260728_15,ea928f71ed8242369b3276a586d8fa8d,0.047,,,
3572,2026-07-28,SZ002179,0.046715524180367465,EXP_CatBoostModel_Alpha158_csi300_custom_step0_s_20260728_15,ea928f71ed8242369b3276a586d8fa8d,0.047,,,
3573,2026-07-28,SZ002074,0.016050414558039277,EXP_CatBoostModel_Alpha158_csi300_custom_step0_s_20260728_15,ea928f71ed8242369b3276a586d8fa8d,0.047,,,
3574,2026-07-28,SZ002050,0.07636215062996028,EXP_CatBoostModel_Alpha158_csi300_custom_step0_s_20260728_15,ea928f71ed8242369b3276a586d8fa8d,0.047,,,
3575,2026-07-28,SZ002049,0.08295708366968804,EXP_CatBoostModel_Alpha158_csi300_custom_step0_s_20260728_15,ea928f71ed8242369b3276a586d8fa8d,0.047,,,
3576,2026-07-28,SZ002028,0.011598690685203574,EXP_CatBoostModel_Alpha158_csi300_custom_step0_s_20260728_15,ea928f71ed8242369b3276a586d8fa8d,0.047,,,
3577,2026-07-28,SZ002027,-0.02250684399949355,EXP_CatBoostModel_Alpha158_csi300_custom_step0_s_20260728_15,ea928f71ed8242369b3276a586d8fa8d,0.047,,,
3578,2026-07-28,SZ002001,-0.01871913644870233,EXP_CatBoostModel_Alpha158_csi300_custom_step0_s_20260728_15,ea928f71ed8242369b3276a586d8fa8d,0.047,,,
3579,2026-07-28,SZ001979,-0.03210967230476486,EXP_CatBoostModel_Alpha158_csi300_custom_step0_s_20260728_15,ea928f71ed8242369b3276a586d8fa8d,0.047,,,
3580,2026-07-28,SZ001965,-0.029183353682096493,EXP_CatBoostModel_Alpha158_csi300_custom_step0_s_20260728_15,ea928f71ed8242369b3276a586d8fa8d,0.047,,,
3581,2026-07-28,SZ002142,0.03390254485568987,EXP_CatBoostModel_Alpha158_csi300_custom_step0_s_20260728_15,ea928f71ed8242369b3276a586d8fa8d,0.047,,,
3582,2026-07-28,SZ001391,-0.0029097729516395403,EXP_CatBoostModel_Alpha158_csi300_custom_step0_s_20260728_15,ea928f71ed8242369b3276a586d8fa8d,0.047,,,
3583,2026-07-28,SZ002384,0.07807251650832207,EXP_CatBoostModel_Alpha158_csi300_custom_step0_s_20260728_15,ea928f71ed8242369b3276a586d8fa8d,0.047,,,
3584,2026-07-28,SZ002422,0.06857899053290425,EXP_CatBoostModel_Alpha158_csi300_custom_step0_s_20260728_15,ea928f71ed8242369b3276a586d8fa8d,0.047,,,
3585,2026-07-28,SZ002920,-0.014529942498392562,EXP_CatBoostModel_Alpha158_csi300_custom_step0_s_20260728_15,ea928f71ed8242369b3276a586d8fa8d,0.047,,,
3586,2026-07-28,SZ002916,-0.03841304532119279,EXP_CatBoostModel_Alpha158_csi300_custom_step0_s_20260728_15,ea928f71ed8242369b3276a586d8fa8d,0.047,,,
3587,2026-07-28,SZ002837,-0.15478812541579798,EXP_CatBoostModel_Alpha158_csi300_custom_step0_s_20260728_15,ea928f71ed8242369b3276a586d8fa8d,0.047,,,
3588,2026-07-28,SZ002736,0.0163304659699415,EXP_CatBoostModel_Alpha158_csi300_custom_step0_s_20260728_15,ea928f71ed8242369b3276a586d8fa8d,0.047,,,
3589,2026-07-28,SZ002714,-0.029396116054003173,EXP_CatBoostModel_Alpha158_csi300_custom_step0_s_20260728_15,ea928f71ed8242369b3276a586d8fa8d,0.047,,,
3590,2026-07-28,SZ002709,0.17629578952687755,EXP_CatBoostModel_Alpha158_csi300_custom_step0_s_20260728_15,ea928f71ed8242369b3276a586d8fa8d,0.047,,,
3591,2026-07-28,SZ002648,-0.02919477826190808,EXP_CatBoostModel_Alpha158_csi300_custom_step0_s_20260728_15,ea928f71ed8242369b3276a586d8fa8d,0.047,,,
3592,2026-07-28,SZ002625,0.014794460138554361,EXP_CatBoostModel_Alpha158_csi300_custom_step0_s_20260728_15,ea928f71ed8242369b3276a586d8fa8d,0.047,,,
3593,2026-07-28,SZ002415,0.06465669697785864,EXP_CatBoostModel_Alpha158_csi300_custom_step0_s_20260728_15,ea928f71ed8242369b3276a586d8fa8d,0.047,,,
3594,2026-07-28,SZ002602,-0.0038601999754543574,EXP_CatBoostModel_Alpha158_csi300_custom_step0_s_20260728_15,ea928f71ed8242369b3276a586d8fa8d,0.047,,,
3595,2026-07-28,SZ002594,0.00026740554233706286,EXP_CatBoostModel_Alpha158_csi300_custom_step0_s_20260728_15,ea928f71ed8242369b3276a586d8fa8d,0.047,,,
3596,2026-07-28,SZ002558,-0.004182118557955767,EXP_CatBoostModel_Alpha158_csi300_custom_step0_s_20260728_15,ea928f71ed8242369b3276a586d8fa8d,0.047,,,
3597,2026-07-28,SZ002532,-0.059282350166764586,EXP_CatBoostModel_Alpha158_csi300_custom_step0_s_20260728_15,ea928f71ed8242369b3276a586d8fa8d,0.047,,,
3598,2026-07-28,SZ002493,-0.04463866384730324,EXP_CatBoostModel_Alpha158_csi300_custom_step0_s_20260728_15,ea928f71ed8242369b3276a586d8fa8d,0.047,,,
3599,2026-07-28,SZ002475,0.013001402522983397,EXP_CatBoostModel_Alpha158_csi300_custom_step0_s_20260728_15,ea928f71ed8242369b3276a586d8fa8d,0.047,,,
3600,2026-07-28,SZ002466,0.11191738349242285,EXP_CatBoostModel_Alpha158_csi300_custom_step0_s_20260728_15,ea928f71ed8242369b3276a586d8fa8d,0.047,,,
3601,2026-07-28,SZ002463,-0.0980387910012711,EXP_CatBoostModel_Alpha158_csi300_custom_step0_s_20260728_15,ea928f71ed8242369b3276a586d8fa8d,0.047,,,
3602,2026-07-28,SZ002460,0.10623779026233882,EXP_CatBoostModel_Alpha158_csi300_custom_step0_s_20260728_15,ea928f71ed8242369b3276a586d8fa8d,0.047,,,
3603,2026-07-28,SZ002600,0.13631089421708878,EXP_CatBoostModel_Alpha158_csi300_custom_step0_s_20260728_15,ea928f71ed8242369b3276a586d8fa8d,0.047,,,
3604,2026-07-28,SZ001280,0.009904928662942722,EXP_CatBoostModel_Alpha158_csi300_custom_step0_s_20260728_15,ea928f71ed8242369b3276a586d8fa8d,0.047,,,
3605,2026-07-28,SZ000999,-0.00011155294201479132,EXP_CatBoostModel_Alpha158_csi300_custom_step0_s_20260728_15,ea928f71ed8242369b3276a586d8fa8d,0.047,,,
3606,2026-07-28,SZ000988,-0.030381100073390413,EXP_CatBoostModel_Alpha158_csi300_custom_step0_s_20260728_15,ea928f71ed8242369b3276a586d8fa8d,0.047,,,
3607,2026-07-28,SZ000333,0.030810230285891756,EXP_CatBoostModel_Alpha158_csi300_custom_step0_s_20260728_15,ea928f71ed8242369b3276a586d8fa8d,0.047,,,
3608,2026-07-28,SZ000301,-0.07700581810212496,EXP_CatBoostModel_Alpha158_csi300_custom_step0_s_20260728_15,ea928f71ed8242369b3276a586d8fa8d,0.047,,,
3609,2026-07-28,SZ000166,0.036647592585373354,EXP_CatBoostModel_Alpha158_csi300_custom_step0_s_20260728_15,ea928f71ed8242369b3276a586d8fa8d,0.047,,,
3610,2026-07-28,SZ000157,0.010807890531865642,EXP_CatBoostModel_Alpha158_csi300_custom_step0_s_20260728_15,ea928f71ed8242369b3276a586d8fa8d,0.047,,,
3611,2026-07-28,SZ000100,0.11564246447847408,EXP_CatBoostModel_Alpha158_csi300_custom_step0_s_20260728_15,ea928f71ed8242369b3276a586d8fa8d,0.047,,,
3612,2026-07-28,SZ000063,-0.012786819171618623,EXP_CatBoostModel_Alpha158_csi300_custom_step0_s_20260728_15,ea928f71ed8242369b3276a586d8fa8d,0.047,,,
3613,2026-07-28,SZ000002,0.010021524640071038,EXP_CatBoostModel_Alpha158_csi300_custom_step0_s_20260728_15,ea928f71ed8242369b3276a586d8fa8d,0.047,,,
3614,2026-07-28,SZ000001,0.06682720306035907,EXP_CatBoostModel_Alpha158_csi300_custom_step0_s_20260728_15,ea928f71ed8242369b3276a586d8fa8d,0.047,,,
3615,2026-07-28,SZ000338,-0.027086380296181062,EXP_CatBoostModel_Alpha158_csi300_custom_step0_s_20260728_15,ea928f71ed8242369b3276a586d8fa8d,0.047,,,
3616,2026-07-28,SH688981,0.08803222777922512,EXP_CatBoostModel_Alpha158_csi300_custom_step0_s_20260728_15,ea928f71ed8242369b3276a586d8fa8d,0.047,,,
3617,2026-07-28,SH688506,0.07196514921469258,EXP_CatBoostModel_Alpha158_csi300_custom_step0_s_20260728_15,ea928f71ed8242369b3276a586d8fa8d,0.047,,,
3618,2026-07-28,SH688472,0.005260776640721174,EXP_CatBoostModel_Alpha158_csi300_custom_step0_s_20260728_15,ea928f71ed8242369b3276a586d8fa8d,0.047,,,
3619,2026-07-28,SH688396,0.14883178481979892,EXP_CatBoostModel_Alpha158_csi300_custom_step0_s_20260728_15,ea928f71ed8242369b3276a586d8fa8d,0.047,,,
3620,2026-07-28,SH688303,-0.015428933608369846,EXP_CatBoostModel_Alpha158_csi300_custom_step0_s_20260728_15,ea928f71ed8242369b3276a586d8fa8d,0.047,,,
3621,2026-07-28,SH688271,-0.028289412692244865,EXP_CatBoostModel_Alpha158_csi300_custom_step0_s_20260728_15,ea928f71ed8242369b3276a586d8fa8d,0.047,,,
3622,2026-07-28,SH688256,0.0270608818611726,EXP_CatBoostModel_Alpha158_csi300_custom_step0_s_20260728_15,ea928f71ed8242369b3276a586d8fa8d,0.047,,,
3623,2026-07-28,SH688223,0.06202318287640079,EXP_CatBoostModel_Alpha158_csi300_custom_step0_s_20260728_15,ea928f71ed8242369b3276a586d8fa8d,0.047,,,
3624,2026-07-28,SH688183,-0.08273192637673786,EXP_CatBoostModel_Alpha158_csi300_custom_step0_s_20260728_15,ea928f71ed8242369b3276a586d8fa8d,0.047,,,
3625,2026-07-28,SH688521,0.04124847011896789,EXP_CatBoostModel_Alpha158_csi300_custom_step0_s_20260728_15,ea928f71ed8242369b3276a586d8fa8d,0.047,,,
3626,2026-07-28,SZ000408,-0.003191278288694205,EXP_CatBoostModel_Alpha158_csi300_custom_step0_s_20260728_15,ea928f71ed8242369b3276a586d8fa8d,0.047,,,
3627,2026-07-28,SZ000425,0.006768291122774939,EXP_CatBoostModel_Alpha158_csi300_custom_step0_s_20260728_15,ea928f71ed8242369b3276a586d8fa8d,0.047,,,
3628,2026-07-28,SZ000538,0.00935386732490486,EXP_CatBoostModel_Alpha158_csi300_custom_step0_s_20260728_15,ea928f71ed8242369b3276a586d8fa8d,0.047,,,
3629,2026-07-28,SZ000977,0.12956262873126564,EXP_CatBoostModel_Alpha158_csi300_custom_step0_s_20260728_15,ea928f71ed8242369b3276a586d8fa8d,0.047,,,
3630,2026-07-28,SZ000975,-0.0230735948182959,EXP_CatBoostModel_Alpha158_csi300_custom_step0_s_20260728_15,ea928f71ed8242369b3276a586d8fa8d,0.047,,,
3631,2026-07-28,SZ000963,-0.016688036913723586,EXP_CatBoostModel_Alpha158_csi300_custom_step0_s_20260728_15,ea928f71ed8242369b3276a586d8fa8d,0.047,,,
3632,2026-07-28,SZ000938,-0.08704854463244832,EXP_CatBoostModel_Alpha158_csi300_custom_step0_s_20260728_15,ea928f71ed8242369b3276a586d8fa8d,0.047,,,
3633,2026-07-28,SZ000895,-0.055101255141351085,EXP_CatBoostModel_Alpha158_csi300_custom_step0_s_20260728_15,ea928f71ed8242369b3276a586d8fa8d,0.047,,,
3634,2026-07-28,SZ000858,-0.01776432446656114,EXP_CatBoostModel_Alpha158_csi300_custom_step0_s_20260728_15,ea928f71ed8242369b3276a586d8fa8d,0.047,,,
3635,2026-07-28,SZ000807,-0.08284028643026957,EXP_CatBoostModel_Alpha158_csi300_custom_step0_s_20260728_15,ea928f71ed8242369b3276a586d8fa8d,0.047,,,
3636,2026-07-28,SZ000792,0.027274163823828385,EXP_CatBoostModel_Alpha158_csi300_custom_step0_s_20260728_15,ea928f71ed8242369b3276a586d8fa8d,0.047,,,
3637,2026-07-28,SZ000776,0.03643119681101,EXP_CatBoostModel_Alpha158_csi300_custom_step0_s_20260728_15,ea928f71ed8242369b3276a586d8fa8d,0.047,,,
3638,2026-07-28,SZ000768,-0.004653730085634721,EXP_CatBoostModel_Alpha158_csi300_custom_step0_s_20260728_15,ea928f71ed8242369b3276a586d8fa8d,0.047,,,
3639,2026-07-28,SZ000725,0.2620374915753445,EXP_CatBoostModel_Alpha158_csi300_custom_step0_s_20260728_15,ea928f71ed8242369b3276a586d8fa8d,0.047,,,
3640,2026-07-28,SZ000708,-0.07097601060003696,EXP_CatBoostModel_Alpha158_csi300_custom_step0_s_20260728_15,ea928f71ed8242369b3276a586d8fa8d,0.047,,,
3641,2026-07-28,SZ000657,0.18768231124818857,EXP_CatBoostModel_Alpha158_csi300_custom_step0_s_20260728_15,ea928f71ed8242369b3276a586d8fa8d,0.047,,,
3642,2026-07-28,SZ000651,0.0323314286761813,EXP_CatBoostModel_Alpha158_csi300_custom_step0_s_20260728_15,ea928f71ed8242369b3276a586d8fa8d,0.047,,,
3643,2026-07-28,SZ000630,-0.004344066115626549,EXP_CatBoostModel_Alpha158_csi300_custom_step0_s_20260728_15,ea928f71ed8242369b3276a586d8fa8d,0.047,,,
3644,2026-07-28,SZ000625,0.000624043788725392,EXP_CatBoostModel_Alpha158_csi300_custom_step0_s_20260728_15,ea928f71ed8242369b3276a586d8fa8d,0.047,,,
3645,2026-07-28,SZ000617,-0.005644598765871383,EXP_CatBoostModel_Alpha158_csi300_custom_step0_s_20260728_15,ea928f71ed8242369b3276a586d8fa8d,0.047,,,
3646,2026-07-28,SZ000596,-0.09007124457657655,EXP_CatBoostModel_Alpha158_csi300_custom_step0_s_20260728_15,ea928f71ed8242369b3276a586d8fa8d,0.047,,,
3647,2026-07-28,SZ000568,-0.009651414903711332,EXP_CatBoostModel_Alpha158_csi300_custom_step0_s_20260728_15,ea928f71ed8242369b3276a586d8fa8d,0.047,,,
3648,2026-07-28,SZ002938,-0.09113699646299843,EXP_CatBoostModel_Alpha158_csi300_custom_step0_s_20260728_15,ea928f71ed8242369b3276a586d8fa8d,0.047,,,
3649,2026-07-28,SH688126,0.2054124191093831,EXP_CatBoostModel_Alpha158_csi300_custom_step0_s_20260728_15,ea928f71ed8242369b3276a586d8fa8d,0.047,,,
3650,2026-07-28,SZ003816,0.009084093739801099,EXP_CatBoostModel_Alpha158_csi300_custom_step0_s_20260728_15,ea928f71ed8242369b3276a586d8fa8d,0.047,,,
3651,2026-07-28,SZ300015,-0.014003184046976735,EXP_CatBoostModel_Alpha158_csi300_custom_step0_s_20260728_15,ea928f71ed8242369b3276a586d8fa8d,0.047,,,
3652,2026-07-28,SH600176,0.017967633726421132,EXP_CatBoostModel_Alpha158_csi300_custom_step0_s_20260728_15,f6be011009d440f5aa0b617fbf27970e,0.052,,,
3653,2026-07-28,SH600160,0.054209543993516816,EXP_CatBoostModel_Alpha158_csi300_custom_step0_s_20260728_15,f6be011009d440f5aa0b617fbf27970e,0.052,,,
3654,2026-07-28,SH600150,-0.007476592591055238,EXP_CatBoostModel_Alpha158_csi300_custom_step0_s_20260728_15,f6be011009d440f5aa0b617fbf27970e,0.052,,,
3655,2026-07-28,SH600118,0.045646286516040704,EXP_CatBoostModel_Alpha158_csi300_custom_step0_s_20260728_15,f6be011009d440f5aa0b617fbf27970e,0.052,,,
3656,2026-07-28,SH600115,0.008750434065961047,EXP_CatBoostModel_Alpha158_csi300_custom_step0_s_20260728_15,f6be011009d440f5aa0b617fbf27970e,0.052,,,
3657,2026-07-28,SH600111,0.0233833313075892,EXP_CatBoostModel_Alpha158_csi300_custom_step0_s_20260728_15,f6be011009d440f5aa0b617fbf27970e,0.052,,,
3658,2026-07-28,SH600104,0.001442375639042703,EXP_CatBoostModel_Alpha158_csi300_custom_step0_s_20260728_15,f6be011009d440f5aa0b617fbf27970e,0.052,,,
3659,2026-07-28,SH600089,-0.008016205238748887,EXP_CatBoostModel_Alpha158_csi300_custom_step0_s_20260728_15,f6be011009d440f5aa0b617fbf27970e,0.052,,,
3660,2026-07-28,SH600183,0.02038430023121798,EXP_CatBoostModel_Alpha158_csi300_custom_step0_s_20260728_15,f6be011009d440f5aa0b617fbf27970e,0.052,,,
3661,2026-07-28,SH600085,0.0001168362170559938,EXP_CatBoostModel_Alpha158_csi300_custom_step0_s_20260728_15,f6be011009d440f5aa0b617fbf27970e,0.052,,,
3662,2026-07-28,SH600061,0.02934022214789598,EXP_CatBoostModel_Alpha158_csi300_custom_step0_s_20260728_15,f6be011009d440f5aa0b617fbf27970e,0.052,,,
3663,2026-07-28,SH600050,-0.0318702290922192,EXP_CatBoostModel_Alpha158_csi300_custom_step0_s_20260728_15,f6be011009d440f5aa0b617fbf27970e,0.052,,,
3664,2026-07-28,SH600048,-0.002260825250347548,EXP_CatBoostModel_Alpha158_csi300_custom_step0_s_20260728_15,f6be011009d440f5aa0b617fbf27970e,0.052,,,
3665,2026-07-28,SH600039,-0.0032529355039192017,EXP_CatBoostModel_Alpha158_csi300_custom_step0_s_20260728_15,f6be011009d440f5aa0b617fbf27970e,0.052,,,
3666,2026-07-28,SH600036,0.02408313946921644,EXP_CatBoostModel_Alpha158_csi300_custom_step0_s_20260728_15,f6be011009d440f5aa0b617fbf27970e,0.052,,,
3667,2026-07-28,SH600031,-0.020892744249477898,EXP_CatBoostModel_Alpha158_csi300_custom_step0_s_20260728_15,f6be011009d440f5aa0b617fbf27970e,0.052,,,
3668,2026-07-28,SH600030,0.012928721079766257,EXP_CatBoostModel_Alpha158_csi300_custom_step0_s_20260728_15,f6be011009d440f5aa0b617fbf27970e,0.052,,,
3669,2026-07-28,SH600029,0.008355776117463243,EXP_CatBoostModel_Alpha158_csi300_custom_step0_s_20260728_15,f6be011009d440f5aa0b617fbf27970e,0.052,,,
3670,2026-07-28,SH600066,-0.038775171478873306,EXP_CatBoostModel_Alpha158_csi300_custom_step0_s_20260728_15,f6be011009d440f5aa0b617fbf27970e,0.052,,,
3671,2026-07-28,SH600028,-0.04802092742682984,EXP_CatBoostModel_Alpha158_csi300_custom_step0_s_20260728_15,f6be011009d440f5aa0b617fbf27970e,0.052,,,
3672,2026-07-28,SH600188,-0.0733312200991197,EXP_CatBoostModel_Alpha158_csi300_custom_step0_s_20260728_15,f6be011009d440f5aa0b617fbf27970e,0.052,,,
3673,2026-07-28,SH600219,-0.062011824918188234,EXP_CatBoostModel_Alpha158_csi300_custom_step0_s_20260728_15,f6be011009d440f5aa0b617fbf27970e,0.052,,,
3674,2026-07-28,SH600522,0.029257022369354305,EXP_CatBoostModel_Alpha158_csi300_custom_step0_s_20260728_15,f6be011009d440f5aa0b617fbf27970e,0.052,,,
3675,2026-07-28,SH600519,-0.016405343052885383,EXP_CatBoostModel_Alpha158_csi300_custom_step0_s_20260728_15,f6be011009d440f5aa0b617fbf27970e,0.052,,,
3676,2026-07-28,SH600515,0.013868442187846554,EXP_CatBoostModel_Alpha158_csi300_custom_step0_s_20260728_15,f6be011009d440f5aa0b617fbf27970e,0.052,,,
3677,2026-07-28,SH600489,-0.028282359324881465,EXP_CatBoostModel_Alpha158_csi300_custom_step0_s_20260728_15,f6be011009d440f5aa0b617fbf27970e,0.052,,,
3678,2026-07-28,SH600482,-0.015462135015650502,EXP_CatBoostModel_Alpha158_csi300_custom_step0_s_20260728_15,f6be011009d440f5aa0b617fbf27970e,0.052,,,
3679,2026-07-28,SH600460,0.0106280942915328,EXP_CatBoostModel_Alpha158_csi300_custom_step0_s_20260728_15,f6be011009d440f5aa0b617fbf27970e,0.052,,,
3680,2026-07-28,SH600438,-0.008073502028792059,EXP_CatBoostModel_Alpha158_csi300_custom_step0_s_20260728_15,f6be011009d440f5aa0b617fbf27970e,0.052,,,
3681,2026-07-28,SH600436,0.011916514005415558,EXP_CatBoostModel_Alpha158_csi300_custom_step0_s_20260728_15,f6be011009d440f5aa0b617fbf27970e,0.052,,,
3682,2026-07-28,SH600196,-0.0014995023910142364,EXP_CatBoostModel_Alpha158_csi300_custom_step0_s_20260728_15,f6be011009d440f5aa0b617fbf27970e,0.052,,,
3683,2026-07-28,SH600426,-6.443057355203925e-05,EXP_CatBoostModel_Alpha158_csi300_custom_step0_s_20260728_15,f6be011009d440f5aa0b617fbf27970e,0.052,,,
3684,2026-07-28,SH600406,0.005450915747970802,EXP_CatBoostModel_Alpha158_csi300_custom_step0_s_20260728_15,f6be011009d440f5aa0b617fbf27970e,0.052,,,
3685,2026-07-28,SH600372,0.02767434849131874,EXP_CatBoostModel_Alpha158_csi300_custom_step0_s_20260728_15,f6be011009d440f5aa0b617fbf27970e,0.052,,,
3686,2026-07-28,SH600362,0.0011691801281879602,EXP_CatBoostModel_Alpha158_csi300_custom_step0_s_20260728_15,f6be011009d440f5aa0b617fbf27970e,0.052,,,
3687,2026-07-28,SH600346,-0.017728847828972657,EXP_CatBoostModel_Alpha158_csi300_custom_step0_s_20260728_15,f6be011009d440f5aa0b617fbf27970e,0.052,,,
3688,2026-07-28,SH600309,-0.08455686721486907,EXP_CatBoostModel_Alpha158_csi300_custom_step0_s_20260728_15,f6be011009d440f5aa0b617fbf27970e,0.052,,,
3689,2026-07-28,SH600276,-0.012997845716199989,EXP_CatBoostModel_Alpha158_csi300_custom_step0_s_20260728_15,f6be011009d440f5aa0b617fbf27970e,0.052,,,
3690,2026-07-28,SH600233,-0.03261204159511788,EXP_CatBoostModel_Alpha158_csi300_custom_step0_s_20260728_15,f6be011009d440f5aa0b617fbf27970e,0.052,,,
3691,2026-07-28,SH600221,0.010758197948034339,EXP_CatBoostModel_Alpha158_csi300_custom_step0_s_20260728_15,f6be011009d440f5aa0b617fbf27970e,0.052,,,
3692,2026-07-28,SH600415,-0.039110888430293284,EXP_CatBoostModel_Alpha158_csi300_custom_step0_s_20260728_15,f6be011009d440f5aa0b617fbf27970e,0.052,,,
3693,2026-07-28,SH600027,-0.0001270271945340066,EXP_CatBoostModel_Alpha158_csi300_custom_step0_s_20260728_15,f6be011009d440f5aa0b617fbf27970e,0.052,,,
3694,2026-07-28,SH600026,-0.022173554740302543,EXP_CatBoostModel_Alpha158_csi300_custom_step0_s_20260728_15,f6be011009d440f5aa0b617fbf27970e,0.052,,,
3695,2026-07-28,SH600025,0.00694399331967431,EXP_CatBoostModel_Alpha158_csi300_custom_step0_s_20260728_15,f6be011009d440f5aa0b617fbf27970e,0.052,,,
3696,2026-07-28,SZ300502,0.20098845241422894,EXP_CatBoostModel_Alpha158_csi300_custom_step0_s_20260728_15,ea928f71ed8242369b3276a586d8fa8d,0.047,,,
3697,2026-07-28,SZ300498,-0.013290471517106843,EXP_CatBoostModel_Alpha158_csi300_custom_step0_s_20260728_15,ea928f71ed8242369b3276a586d8fa8d,0.047,,,
3698,2026-07-28,SZ300476,0.054508592566273606,EXP_CatBoostModel_Alpha158_csi300_custom_step0_s_20260728_15,ea928f71ed8242369b3276a586d8fa8d,0.047,,,
3699,2026-07-28,SZ300450,0.1091594757612457,EXP_CatBoostModel_Alpha158_csi300_custom_step0_s_20260728_15,ea928f71ed8242369b3276a586d8fa8d,0.047,,,
3700,2026-07-28,SZ300442,0.10499406703020994,EXP_CatBoostModel_Alpha158_csi300_custom_step0_s_20260728_15,ea928f71ed8242369b3276a586d8fa8d,0.047,,,
3701,2026-07-28,SZ300433,0.19371707479355874,EXP_CatBoostModel_Alpha158_csi300_custom_step0_s_20260728_15,ea928f71ed8242369b3276a586d8fa8d,0.047,,,
3702,2026-07-28,SZ300418,-0.000570889006757418,EXP_CatBoostModel_Alpha158_csi300_custom_step0_s_20260728_15,ea928f71ed8242369b3276a586d8fa8d,0.047,,,
3703,2026-07-28,SZ300413,-0.003025924615708319,EXP_CatBoostModel_Alpha158_csi300_custom_step0_s_20260728_15,ea928f71ed8242369b3276a586d8fa8d,0.047,,,
3704,2026-07-28,SZ300628,-0.043120827198530824,EXP_CatBoostModel_Alpha158_csi300_custom_step0_s_20260728_15,ea928f71ed8242369b3276a586d8fa8d,0.047,,,
3705,2026-07-28,SZ300408,0.2821718404946728,EXP_CatBoostModel_Alpha158_csi300_custom_step0_s_20260728_15,ea928f71ed8242369b3276a586d8fa8d,0.047,,,
3706,2026-07-28,SZ300316,0.1574576320663562,EXP_CatBoostModel_Alpha158_csi300_custom_step0_s_20260728_15,ea928f71ed8242369b3276a586d8fa8d,0.047,,,
3707,2026-07-28,SZ300308,0.17971364684885144,EXP_CatBoostModel_Alpha158_csi300_custom_step0_s_20260728_15,ea928f71ed8242369b3276a586d8fa8d,0.047,,,
3708,2026-07-28,SZ300274,0.09014355513951697,EXP_CatBoostModel_Alpha158_csi300_custom_step0_s_20260728_15,ea928f71ed8242369b3276a586d8fa8d,0.047,,,
3709,2026-07-28,SZ300251,-0.013617562127460526,EXP_CatBoostModel_Alpha158_csi300_custom_step0_s_20260728_15,ea928f71ed8242369b3276a586d8fa8d,0.047,,,
3710,2026-07-28,SZ300124,-0.001475812453055743,EXP_CatBoostModel_Alpha158_csi300_custom_step0_s_20260728_15,ea928f71ed8242369b3276a586d8fa8d,0.047,,,
3711,2026-07-28,SZ300122,-0.028548560055035272,EXP_CatBoostModel_Alpha158_csi300_custom_step0_s_20260728_15,ea928f71ed8242369b3276a586d8fa8d,0.047,,,
3712,2026-07-28,SZ300059,-0.02066358647094246,EXP_CatBoostModel_Alpha158_csi300_custom_step0_s_20260728_15,ea928f71ed8242369b3276a586d8fa8d,0.047,,,
3713,2026-07-28,SZ300033,-0.018290135977933317,EXP_CatBoostModel_Alpha158_csi300_custom_step0_s_20260728_15,ea928f71ed8242369b3276a586d8fa8d,0.047,,,
3714,2026-07-28,SZ300394,0.08815576547810011,EXP_CatBoostModel_Alpha158_csi300_custom_step0_s_20260728_15,ea928f71ed8242369b3276a586d8fa8d,0.047,,,
3715,2026-07-28,SZ300661,0.11530701161461789,EXP_CatBoostModel_Alpha158_csi300_custom_step0_s_20260728_15,ea928f71ed8242369b3276a586d8fa8d,0.047,,,
3716,2026-07-28,SZ300750,0.0676746096236607,EXP_CatBoostModel_Alpha158_csi300_custom_step0_s_20260728_15,ea928f71ed8242369b3276a586d8fa8d,0.047,,,
3717,2026-07-28,SZ300760,-0.007473969108228564,EXP_CatBoostModel_Alpha158_csi300_custom_step0_s_20260728_15,ea928f71ed8242369b3276a586d8fa8d,0.047,,,
3718,2026-07-28,SH600023,-0.00019206402712893913,EXP_CatBoostModel_Alpha158_csi300_custom_step0_s_20260728_15,f6be011009d440f5aa0b617fbf27970e,0.052,,,
3719,2026-07-28,SH600019,0.010863592291369175,EXP_CatBoostModel_Alpha158_csi300_custom_step0_s_20260728_15,f6be011009d440f5aa0b617fbf27970e,0.052,,,
3720,2026-07-28,SH600018,0.004039509240494697,EXP_CatBoostModel_Alpha158_csi300_custom_step0_s_20260728_15,f6be011009d440f5aa0b617fbf27970e,0.052,,,
3721,2026-07-28,SH600016,0.012134221776000167,EXP_CatBoostModel_Alpha158_csi300_custom_step0_s_20260728_15,f6be011009d440f5aa0b617fbf27970e,0.052,,,
3722,2026-07-28,SH600015,0.0314294939695512,EXP_CatBoostModel_Alpha158_csi300_custom_step0_s_20260728_15,f6be011009d440f5aa0b617fbf27970e,0.052,,,
3723,2026-07-28,SH600011,-0.0005025781214721052,EXP_CatBoostModel_Alpha158_csi300_custom_step0_s_20260728_15,f6be011009d440f5aa0b617fbf27970e,0.052,,,
3724,2026-07-28,SH600010,0.0023569642711950235,EXP_CatBoostModel_Alpha158_csi300_custom_step0_s_20260728_15,f6be011009d440f5aa0b617fbf27970e,0.052,,,
3725,2026-07-28,SH600009,0.0023888186728649296,EXP_CatBoostModel_Alpha158_csi300_custom_step0_s_20260728_15,f6be011009d440f5aa0b617fbf27970e,0.052,,,
3726,2026-07-28,SH600000,0.016473944653432108,EXP_CatBoostModel_Alpha158_csi300_custom_step0_s_20260728_15,f6be011009d440f5aa0b617fbf27970e,0.052,,,
3727,2026-07-28,SZ302132,-0.07302022860134555,EXP_CatBoostModel_Alpha158_csi300_custom_step0_s_20260728_15,ea928f71ed8242369b3276a586d8fa8d,0.047,,,
3728,2026-07-28,SZ301308,0.0689094046287847,EXP_CatBoostModel_Alpha158_csi300_custom_step0_s_20260728_15,ea928f71ed8242369b3276a586d8fa8d,0.047,,,
3729,2026-07-28,SZ301269,0.06930821147884857,EXP_CatBoostModel_Alpha158_csi300_custom_step0_s_20260728_15,ea928f71ed8242369b3276a586d8fa8d,0.047,,,
3730,2026-07-28,SZ301236,-0.03334402226039772,EXP_CatBoostModel_Alpha158_csi300_custom_step0_s_20260728_15,ea928f71ed8242369b3276a586d8fa8d,0.047,,,
3731,2026-07-28,SZ301165,0.05154492804795772,EXP_CatBoostModel_Alpha158_csi300_custom_step0_s_20260728_15,ea928f71ed8242369b3276a586d8fa8d,0.047,,,
3732,2026-07-28,SZ300999,-0.0005918720456143373,EXP_CatBoostModel_Alpha158_csi300_custom_step0_s_20260728_15,ea928f71ed8242369b3276a586d8fa8d,0.047,,,
3733,2026-07-28,SZ300896,-0.06001758699712306,EXP_CatBoostModel_Alpha158_csi300_custom_step0_s_20260728_15,ea928f71ed8242369b3276a586d8fa8d,0.047,,,
3734,2026-07-28,SZ300866,-0.01607133012539935,EXP_CatBoostModel_Alpha158_csi300_custom_step0_s_20260728_15,ea928f71ed8242369b3276a586d8fa8d,0.047,,,
3735,2026-07-28,SZ300832,0.030517798921634032,EXP_CatBoostModel_Alpha158_csi300_custom_step0_s_20260728_15,ea928f71ed8242369b3276a586d8fa8d,0.047,,,
3736,2026-07-28,SZ300803,0.02339515744773681,EXP_CatBoostModel_Alpha158_csi300_custom_step0_s_20260728_15,ea928f71ed8242369b3276a586d8fa8d,0.047,,,
3737,2026-07-28,SZ300014,0.04779986120426503,EXP_CatBoostModel_Alpha158_csi300_custom_step0_s_20260728_15,ea928f71ed8242369b3276a586d8fa8d,0.047,,,
3738,2026-07-28,SH600547,-0.04099839467117009,EXP_CatBoostModel_Alpha158_csi300_custom_step0_s_20260728_15,f6be011009d440f5aa0b617fbf27970e,0.052,,,
3739,2026-07-28,SH688111,0.02733731340602395,EXP_CatBoostModel_Alpha158_csi300_custom_step0_s_20260728_15,ea928f71ed8242369b3276a586d8fa8d,0.047,,,
3740,2026-07-28,SH688072,0.027384237810060667,EXP_CatBoostModel_Alpha158_csi300_custom_step0_s_20260728_15,ea928f71ed8242369b3276a586d8fa8d,0.047,,,
3741,2026-07-28,SH600741,-0.0051199320596466025,EXP_CatBoostModel_Alpha158_csi300_custom_step0_s_20260728_15,ea928f71ed8242369b3276a586d8fa8d,0.047,,,
3742,2026-07-28,SH600690,-0.012016517389340602,EXP_CatBoostModel_Alpha158_csi300_custom_step0_s_20260728_15,ea928f71ed8242369b3276a586d8fa8d,0.047,,,
3743,2026-07-28,SH600674,0.010682206646673114,EXP_CatBoostModel_Alpha158_csi300_custom_step0_s_20260728_15,ea928f71ed8242369b3276a586d8fa8d,0.047,,,
3744,2026-07-28,SH600660,-0.017508692183925152,EXP_CatBoostModel_Alpha158_csi300_custom_step0_s_20260728_15,ea928f71ed8242369b3276a586d8fa8d,0.047,,,
3745,2026-07-28,SH600600,0.012505398394560836,EXP_CatBoostModel_Alpha158_csi300_custom_step0_s_20260728_15,ea928f71ed8242369b3276a586d8fa8d,0.047,,,
3746,2026-07-28,SH600588,0.009260565901631938,EXP_CatBoostModel_Alpha158_csi300_custom_step0_s_20260728_15,ea928f71ed8242369b3276a586d8fa8d,0.047,,,
3747,2026-07-28,SH600585,-0.028471373159238905,EXP_CatBoostModel_Alpha158_csi300_custom_step0_s_20260728_15,ea928f71ed8242369b3276a586d8fa8d,0.047,,,
3748,2026-07-28,SH600584,0.12763746356628908,EXP_CatBoostModel_Alpha158_csi300_custom_step0_s_20260728_15,ea928f71ed8242369b3276a586d8fa8d,0.047,,,
3749,2026-07-28,SH600760,-0.1069950927286477,EXP_CatBoostModel_Alpha158_csi300_custom_step0_s_20260728_15,ea928f71ed8242369b3276a586d8fa8d,0.047,,,
3750,2026-07-28,SH600570,-0.004742688055203256,EXP_CatBoostModel_Alpha158_csi300_custom_step0_s_20260728_15,ea928f71ed8242369b3276a586d8fa8d,0.047,,,
3751,2026-07-28,SH600547,-0.07462405787542266,EXP_CatBoostModel_Alpha158_csi300_custom_step0_s_20260728_15,ea928f71ed8242369b3276a586d8fa8d,0.047,,,
3752,2026-07-28,SH600522,0.18329946554211782,EXP_CatBoostModel_Alpha158_csi300_custom_step0_s_20260728_15,ea928f71ed8242369b3276a586d8fa8d,0.047,,,
3753,2026-07-28,SH600519,-0.022869204658426182,EXP_CatBoostModel_Alpha158_csi300_custom_step0_s_20260728_15,ea928f71ed8242369b3276a586d8fa8d,0.047,,,
3754,2026-07-28,SH600515,0.02483028193672524,EXP_CatBoostModel_Alpha158_csi300_custom_step0_s_20260728_15,ea928f71ed8242369b3276a586d8fa8d,0.047,,,
3755,2026-07-28,SH600489,-0.06483940881453464,EXP_CatBoostModel_Alpha158_csi300_custom_step0_s_20260728_15,ea928f71ed8242369b3276a586d8fa8d,0.047,,,
3756,2026-07-28,SH600482,0.013169854337371471,EXP_CatBoostModel_Alpha158_csi300_custom_step0_s_20260728_15,ea928f71ed8242369b3276a586d8fa8d,0.047,,,
3757,2026-07-28,SH600460,0.23651511681743784,EXP_CatBoostModel_Alpha158_csi300_custom_step0_s_20260728_15,ea928f71ed8242369b3276a586d8fa8d,0.047,,,
3758,2026-07-28,SH600438,0.025273979553374716,EXP_CatBoostModel_Alpha158_csi300_custom_step0_s_20260728_15,ea928f71ed8242369b3276a586d8fa8d,0.047,,,
3759,2026-07-28,SH600549,0.19735296051501355,EXP_CatBoostModel_Alpha158_csi300_custom_step0_s_20260728_15,ea928f71ed8242369b3276a586d8fa8d,0.047,,,
3760,2026-07-28,SH600436,0.00641106005375903,EXP_CatBoostModel_Alpha158_csi300_custom_step0_s_20260728_15,ea928f71ed8242369b3276a586d8fa8d,0.047,,,
3761,2026-07-28,SH600795,0.02534315181936402,EXP_CatBoostModel_Alpha158_csi300_custom_step0_s_20260728_15,ea928f71ed8242369b3276a586d8fa8d,0.047,,,
3762,2026-07-28,SH600809,-0.11211838676982375,EXP_CatBoostModel_Alpha158_csi300_custom_step0_s_20260728_15,ea928f71ed8242369b3276a586d8fa8d,0.047,,,
3763,2026-07-28,SH601009,0.018271205825566728,EXP_CatBoostModel_Alpha158_csi300_custom_step0_s_20260728_15,ea928f71ed8242369b3276a586d8fa8d,0.047,,,
3764,2026-07-28,SH601006,-0.03145327093137573,EXP_CatBoostModel_Alpha158_csi300_custom_step0_s_20260728_15,ea928f71ed8242369b3276a586d8fa8d,0.047,,,
3765,2026-07-28,SH600999,0.08600369382950315,EXP_CatBoostModel_Alpha158_csi300_custom_step0_s_20260728_15,ea928f71ed8242369b3276a586d8fa8d,0.047,,,
3766,2026-07-28,SH600989,-0.006831474728705792,EXP_CatBoostModel_Alpha158_csi300_custom_step0_s_20260728_15,ea928f71ed8242369b3276a586d8fa8d,0.047,,,
3767,2026-07-28,SH600958,-0.028152198986034563,EXP_CatBoostModel_Alpha158_csi300_custom_step0_s_20260728_15,ea928f71ed8242369b3276a586d8fa8d,0.047,,,
3768,2026-07-28,SH600941,0.047453956521000054,EXP_CatBoostModel_Alpha158_csi300_custom_step0_s_20260728_15,ea928f71ed8242369b3276a586d8fa8d,0.047,,,
3769,2026-07-28,SH600938,-0.05088863845274726,EXP_CatBoostModel_Alpha158_csi300_custom_step0_s_20260728_15,ea928f71ed8242369b3276a586d8fa8d,0.047,,,
3770,2026-07-28,SH600930,-0.0010130206143444472,EXP_CatBoostModel_Alpha158_csi300_custom_step0_s_20260728_15,ea928f71ed8242369b3276a586d8fa8d,0.047,,,
3771,2026-07-28,SH600803,-0.006040891547658789,EXP_CatBoostModel_Alpha158_csi300_custom_step0_s_20260728_15,ea928f71ed8242369b3276a586d8fa8d,0.047,,,
3772,2026-07-28,SH600926,0.03716589088102878,EXP_CatBoostModel_Alpha158_csi300_custom_step0_s_20260728_15,ea928f71ed8242369b3276a586d8fa8d,0.047,,,
3773,2026-07-28,SH600918,-0.0248772622625452,EXP_CatBoostModel_Alpha158_csi300_custom_step0_s_20260728_15,ea928f71ed8242369b3276a586d8fa8d,0.047,,,
3774,2026-07-28,SH600905,0.011120431484804006,EXP_CatBoostModel_Alpha158_csi300_custom_step0_s_20260728_15,ea928f71ed8242369b3276a586d8fa8d,0.047,,,
3775,2026-07-28,SH600900,0.018415303041174717,EXP_CatBoostModel_Alpha158_csi300_custom_step0_s_20260728_15,ea928f71ed8242369b3276a586d8fa8d,0.047,,,
3776,2026-07-28,SH600893,0.0033224786760974716,EXP_CatBoostModel_Alpha158_csi300_custom_step0_s_20260728_15,ea928f71ed8242369b3276a586d8fa8d,0.047,,,
3777,2026-07-28,SH600887,0.024939041752407826,EXP_CatBoostModel_Alpha158_csi300_custom_step0_s_20260728_15,ea928f71ed8242369b3276a586d8fa8d,0.047,,,
3778,2026-07-28,SH600886,0.017676967811213987,EXP_CatBoostModel_Alpha158_csi300_custom_step0_s_20260728_15,ea928f71ed8242369b3276a586d8fa8d,0.047,,,
3779,2026-07-28,SH600875,0.04385452843898551,EXP_CatBoostModel_Alpha158_csi300_custom_step0_s_20260728_15,ea928f71ed8242369b3276a586d8fa8d,0.047,,,
3780,2026-07-28,SH600845,0.013203432253854794,EXP_CatBoostModel_Alpha158_csi300_custom_step0_s_20260728_15,ea928f71ed8242369b3276a586d8fa8d,0.047,,,
3781,2026-07-28,SH600919,0.04959218420069877,EXP_CatBoostModel_Alpha158_csi300_custom_step0_s_20260728_15,ea928f71ed8242369b3276a586d8fa8d,0.047,,,
3782,2026-07-28,SH600426,0.0027033149009918875,EXP_CatBoostModel_Alpha158_csi300_custom_step0_s_20260728_15,ea928f71ed8242369b3276a586d8fa8d,0.047,,,
3783,2026-07-28,SH600415,0.004267314997935889,EXP_CatBoostModel_Alpha158_csi300_custom_step0_s_20260728_15,ea928f71ed8242369b3276a586d8fa8d,0.047,,,
3784,2026-07-28,SH600406,0.0022793887705220956,EXP_CatBoostModel_Alpha158_csi300_custom_step0_s_20260728_15,ea928f71ed8242369b3276a586d8fa8d,0.047,,,
3785,2026-07-28,SH600048,0.0034838128504805312,EXP_CatBoostModel_Alpha158_csi300_custom_step0_s_20260728_15,ea928f71ed8242369b3276a586d8fa8d,0.047,,,
3786,2026-07-28,SH600039,0.011861074267982557,EXP_CatBoostModel_Alpha158_csi300_custom_step0_s_20260728_15,ea928f71ed8242369b3276a586d8fa8d,0.047,,,
3787,2026-07-28,SH600036,-0.006320423510042167,EXP_CatBoostModel_Alpha158_csi300_custom_step0_s_20260728_15,ea928f71ed8242369b3276a586d8fa8d,0.047,,,
3788,2026-07-28,SH600031,-0.00890807126028904,EXP_CatBoostModel_Alpha158_csi300_custom_step0_s_20260728_15,ea928f71ed8242369b3276a586d8fa8d,0.047,,,
3789,2026-07-28,SH600030,-0.01827078499571662,EXP_CatBoostModel_Alpha158_csi300_custom_step0_s_20260728_15,ea928f71ed8242369b3276a586d8fa8d,0.047,,,
3790,2026-07-28,SH600029,0.003966721961319563,EXP_CatBoostModel_Alpha158_csi300_custom_step0_s_20260728_15,ea928f71ed8242369b3276a586d8fa8d,0.047,,,
3791,2026-07-28,SH600028,-0.041964443489420904,EXP_CatBoostModel_Alpha158_csi300_custom_step0_s_20260728_15,ea928f71ed8242369b3276a586d8fa8d,0.047,,,
3792,2026-07-28,SH600027,-0.001077950498730624,EXP_CatBoostModel_Alpha158_csi300_custom_step0_s_20260728_15,ea928f71ed8242369b3276a586d8fa8d,0.047,,,
3793,2026-07-28,SH600050,-0.025890051814280585,EXP_CatBoostModel_Alpha158_csi300_custom_step0_s_20260728_15,ea928f71ed8242369b3276a586d8fa8d,0.047,,,
3794,2026-07-28,SH600026,0.047326189505544264,EXP_CatBoostModel_Alpha158_csi300_custom_step0_s_20260728_15,ea928f71ed8242369b3276a586d8fa8d,0.047,,,
3795,2026-07-28,SH600023,0.022586399188250443,EXP_CatBoostModel_Alpha158_csi300_custom_step0_s_20260728_15,ea928f71ed8242369b3276a586d8fa8d,0.047,,,
3796,2026-07-28,SH600019,0.01657682352250426,EXP_CatBoostModel_Alpha158_csi300_custom_step0_s_20260728_15,ea928f71ed8242369b3276a586d8fa8d,0.047,,,
3797,2026-07-28,SH600018,-0.0017191661291156963,EXP_CatBoostModel_Alpha158_csi300_custom_step0_s_20260728_15,ea928f71ed8242369b3276a586d8fa8d,0.047,,,
3798,2026-07-28,SH600016,0.022120874123613507,EXP_CatBoostModel_Alpha158_csi300_custom_step0_s_20260728_15,ea928f71ed8242369b3276a586d8fa8d,0.047,,,
3799,2026-07-28,SH600015,0.07209501252250916,EXP_CatBoostModel_Alpha158_csi300_custom_step0_s_20260728_15,ea928f71ed8242369b3276a586d8fa8d,0.047,,,
3800,2026-07-28,SH600011,-0.040102766861567135,EXP_CatBoostModel_Alpha158_csi300_custom_step0_s_20260728_15,ea928f71ed8242369b3276a586d8fa8d,0.047,,,
3801,2026-07-28,SH600010,-0.01084521870198789,EXP_CatBoostModel_Alpha158_csi300_custom_step0_s_20260728_15,ea928f71ed8242369b3276a586d8fa8d,0.047,,,
3802,2026-07-28,SH600009,0.008647677354531307,EXP_CatBoostModel_Alpha158_csi300_custom_step0_s_20260728_15,ea928f71ed8242369b3276a586d8fa8d,0.047,,,
3803,2026-07-28,SH600025,0.003139145566891461,EXP_CatBoostModel_Alpha158_csi300_custom_step0_s_20260728_15,ea928f71ed8242369b3276a586d8fa8d,0.047,,,
3804,2026-07-28,SH600061,-0.0032294142880664374,EXP_CatBoostModel_Alpha158_csi300_custom_step0_s_20260728_15,ea928f71ed8242369b3276a586d8fa8d,0.047,,,
3805,2026-07-28,SH600066,-0.06988070915644103,EXP_CatBoostModel_Alpha158_csi300_custom_step0_s_20260728_15,ea928f71ed8242369b3276a586d8fa8d,0.047,,,
3806,2026-07-28,SH600085,-0.03259052854812882,EXP_CatBoostModel_Alpha158_csi300_custom_step0_s_20260728_15,ea928f71ed8242369b3276a586d8fa8d,0.047,,,
3807,2026-07-28,SH600372,0.02261924243865581,EXP_CatBoostModel_Alpha158_csi300_custom_step0_s_20260728_15,ea928f71ed8242369b3276a586d8fa8d,0.047,,,
3808,2026-07-28,SH600362,-0.026224065161809546,EXP_CatBoostModel_Alpha158_csi300_custom_step0_s_20260728_15,ea928f71ed8242369b3276a586d8fa8d,0.047,,,
3809,2026-07-28,SH600346,-0.019186045451868958,EXP_CatBoostModel_Alpha158_csi300_custom_step0_s_20260728_15,ea928f71ed8242369b3276a586d8fa8d,0.047,,,
3810,2026-07-28,SH600309,-0.08712448349477037,EXP_CatBoostModel_Alpha158_csi300_custom_step0_s_20260728_15,ea928f71ed8242369b3276a586d8fa8d,0.047,,,
3811,2026-07-28,SH600276,-0.0479000866663331,EXP_CatBoostModel_Alpha158_csi300_custom_step0_s_20260728_15,ea928f71ed8242369b3276a586d8fa8d,0.047,,,
3812,2026-07-28,SH600233,-0.05245812866496361,EXP_CatBoostModel_Alpha158_csi300_custom_step0_s_20260728_15,ea928f71ed8242369b3276a586d8fa8d,0.047,,,
3813,2026-07-28,SH600221,-0.008856958852985515,EXP_CatBoostModel_Alpha158_csi300_custom_step0_s_20260728_15,ea928f71ed8242369b3276a586d8fa8d,0.047,,,
3814,2026-07-28,SH600219,-0.07826569854878992,EXP_CatBoostModel_Alpha158_csi300_custom_step0_s_20260728_15,ea928f71ed8242369b3276a586d8fa8d,0.047,,,
3815,2026-07-28,SH600196,-0.029646240224140162,EXP_CatBoostModel_Alpha158_csi300_custom_step0_s_20260728_15,ea928f71ed8242369b3276a586d8fa8d,0.047,,,
3816,2026-07-28,SH600188,-0.09695823057014527,EXP_CatBoostModel_Alpha158_csi300_custom_step0_s_20260728_15,ea928f71ed8242369b3276a586d8fa8d,0.047,,,
3817,2026-07-28,SH600183,0.23114265321826102,EXP_CatBoostModel_Alpha158_csi300_custom_step0_s_20260728_15,ea928f71ed8242369b3276a586d8fa8d,0.047,,,
3818,2026-07-28,SH600176,0.20571413495356156,EXP_CatBoostModel_Alpha158_csi300_custom_step0_s_20260728_15,ea928f71ed8242369b3276a586d8fa8d,0.047,,,
3819,2026-07-28,SH600160,0.1467314449236552,EXP_CatBoostModel_Alpha158_csi300_custom_step0_s_20260728_15,ea928f71ed8242369b3276a586d8fa8d,0.047,,,
3820,2026-07-28,SH600150,-0.009483336945423346,EXP_CatBoostModel_Alpha158_csi300_custom_step0_s_20260728_15,ea928f71ed8242369b3276a586d8fa8d,0.047,,,
3821,2026-07-28,SH600118,0.17368753096128334,EXP_CatBoostModel_Alpha158_csi300_custom_step0_s_20260728_15,ea928f71ed8242369b3276a586d8fa8d,0.047,,,
3822,2026-07-28,SH600115,0.013210347859236578,EXP_CatBoostModel_Alpha158_csi300_custom_step0_s_20260728_15,ea928f71ed8242369b3276a586d8fa8d,0.047,,,
3823,2026-07-28,SH600111,0.07140897202601361,EXP_CatBoostModel_Alpha158_csi300_custom_step0_s_20260728_15,ea928f71ed8242369b3276a586d8fa8d,0.047,,,
3824,2026-07-28,SH600104,0.005475248180365512,EXP_CatBoostModel_Alpha158_csi300_custom_step0_s_20260728_15,ea928f71ed8242369b3276a586d8fa8d,0.047,,,
3825,2026-07-28,SH600089,-0.02613424126895876,EXP_CatBoostModel_Alpha158_csi300_custom_step0_s_20260728_15,ea928f71ed8242369b3276a586d8fa8d,0.047,,,
3826,2026-07-28,SH601012,0.0006931209280277564,EXP_CatBoostModel_Alpha158_csi300_custom_step0_s_20260728_15,ea928f71ed8242369b3276a586d8fa8d,0.047,,,
3827,2026-07-28,SH688082,0.27532449906382195,EXP_CatBoostModel_Alpha158_csi300_custom_step0_s_20260728_15,ea928f71ed8242369b3276a586d8fa8d,0.047,,,
3828,2026-07-28,SH601018,-0.019886735899870854,EXP_CatBoostModel_Alpha158_csi300_custom_step0_s_20260728_15,ea928f71ed8242369b3276a586d8fa8d,0.047,,,
3829,2026-07-28,SH601058,-0.0364120769625417,EXP_CatBoostModel_Alpha158_csi300_custom_step0_s_20260728_15,ea928f71ed8242369b3276a586d8fa8d,0.047,,,
3830,2026-07-28,SH601988,0.033694972030365235,EXP_CatBoostModel_Alpha158_csi300_custom_step0_s_20260728_15,ea928f71ed8242369b3276a586d8fa8d,0.047,,,
3831,2026-07-28,SH601985,0.05076616450286673,EXP_CatBoostModel_Alpha158_csi300_custom_step0_s_20260728_15,ea928f71ed8242369b3276a586d8fa8d,0.047,,,
3832,2026-07-28,SH601939,-0.00281590871685492,EXP_CatBoostModel_Alpha158_csi300_custom_step0_s_20260728_15,ea928f71ed8242369b3276a586d8fa8d,0.047,,,
3833,2026-07-28,SH601919,-0.04224763211841755,EXP_CatBoostModel_Alpha158_csi300_custom_step0_s_20260728_15,ea928f71ed8242369b3276a586d8fa8d,0.047,,,
3834,2026-07-28,SH601916,0.03058201125332605,EXP_CatBoostModel_Alpha158_csi300_custom_step0_s_20260728_15,ea928f71ed8242369b3276a586d8fa8d,0.047,,,
3835,2026-07-28,SH601901,-0.018910325072110403,EXP_CatBoostModel_Alpha158_csi300_custom_step0_s_20260728_15,ea928f71ed8242369b3276a586d8fa8d,0.047,,,
3836,2026-07-28,SH601899,-0.0939296478603137,EXP_CatBoostModel_Alpha158_csi300_custom_step0_s_20260728_15,ea928f71ed8242369b3276a586d8fa8d,0.047,,,
3837,2026-07-28,SH601898,-0.08758607985532954,EXP_CatBoostModel_Alpha158_csi300_custom_step0_s_20260728_15,ea928f71ed8242369b3276a586d8fa8d,0.047,,,
3838,2026-07-28,SH601995,-0.006604162815471274,EXP_CatBoostModel_Alpha158_csi300_custom_step0_s_20260728_15,ea928f71ed8242369b3276a586d8fa8d,0.047,,,
3839,2026-07-28,SH601888,-0.008824918784280527,EXP_CatBoostModel_Alpha158_csi300_custom_step0_s_20260728_15,ea928f71ed8242369b3276a586d8fa8d,0.047,,,
3840,2026-07-28,SH601878,0.003413968870638562,EXP_CatBoostModel_Alpha158_csi300_custom_step0_s_20260728_15,ea928f71ed8242369b3276a586d8fa8d,0.047,,,
3841,2026-07-28,SH601877,-6.740212088430792e-05,EXP_CatBoostModel_Alpha158_csi300_custom_step0_s_20260728_15,ea928f71ed8242369b3276a586d8fa8d,0.047,,,
3842,2026-07-28,SH601872,-0.10976091932201784,EXP_CatBoostModel_Alpha158_csi300_custom_step0_s_20260728_15,ea928f71ed8242369b3276a586d8fa8d,0.047,,,
3843,2026-07-28,SH601868,-0.05155415039742033,EXP_CatBoostModel_Alpha158_csi300_custom_step0_s_20260728_15,ea928f71ed8242369b3276a586d8fa8d,0.047,,,
3844,2026-07-28,SH601857,-0.143837307630561,EXP_CatBoostModel_Alpha158_csi300_custom_step0_s_20260728_15,ea928f71ed8242369b3276a586d8fa8d,0.047,,,
3845,2026-07-28,SH601838,0.05036397948998842,EXP_CatBoostModel_Alpha158_csi300_custom_step0_s_20260728_15,ea928f71ed8242369b3276a586d8fa8d,0.047,,,
3846,2026-07-28,SH601825,0.017374259340074024,EXP_CatBoostModel_Alpha158_csi300_custom_step0_s_20260728_15,ea928f71ed8242369b3276a586d8fa8d,0.047,,,
3847,2026-07-28,SH601818,0.06579332752327267,EXP_CatBoostModel_Alpha158_csi300_custom_step0_s_20260728_15,ea928f71ed8242369b3276a586d8fa8d,0.047,,,
3848,2026-07-28,SH601881,-0.00357517571583593,EXP_CatBoostModel_Alpha158_csi300_custom_step0_s_20260728_15,ea928f71ed8242369b3276a586d8fa8d,0.047,,,
3849,2026-07-28,SH601816,-0.036016770167295,EXP_CatBoostModel_Alpha158_csi300_custom_step0_s_20260728_15,ea928f71ed8242369b3276a586d8fa8d,0.047,,,
3850,2026-07-28,SH601998,-0.00805496024003109,EXP_CatBoostModel_Alpha158_csi300_custom_step0_s_20260728_15,ea928f71ed8242369b3276a586d8fa8d,0.047,,,
3851,2026-07-28,SH603259,0.020949308965197685,EXP_CatBoostModel_Alpha158_csi300_custom_step0_s_20260728_15,ea928f71ed8242369b3276a586d8fa8d,0.047,,,
3852,2026-07-28,SH688047,0.12529207345501334,EXP_CatBoostModel_Alpha158_csi300_custom_step0_s_20260728_15,ea928f71ed8242369b3276a586d8fa8d,0.047,,,
3853,2026-07-28,SH688041,0.07330766132542874,EXP_CatBoostModel_Alpha158_csi300_custom_step0_s_20260728_15,ea928f71ed8242369b3276a586d8fa8d,0.047,,,
3854,2026-07-28,SH688036,-0.0750084451627849,EXP_CatBoostModel_Alpha158_csi300_custom_step0_s_20260728_15,ea928f71ed8242369b3276a586d8fa8d,0.047,,,
3855,2026-07-28,SH688012,-0.007367767805401727,EXP_CatBoostModel_Alpha158_csi300_custom_step0_s_20260728_15,ea928f71ed8242369b3276a586d8fa8d,0.047,,,
3856,2026-07-28,SH688009,0.033603424671299016,EXP_CatBoostModel_Alpha158_csi300_custom_step0_s_20260728_15,ea928f71ed8242369b3276a586d8fa8d,0.047,,,
3857,2026-07-28,SH688008,0.09022214942348612,EXP_CatBoostModel_Alpha158_csi300_custom_step0_s_20260728_15,ea928f71ed8242369b3276a586d8fa8d,0.047,,,
3858,2026-07-28,SH605499,-0.010029053083199225,EXP_CatBoostModel_Alpha158_csi300_custom_step0_s_20260728_15,ea928f71ed8242369b3276a586d8fa8d,0.047,,,
3859,2026-07-28,SH605117,0.07019846183391798,EXP_CatBoostModel_Alpha158_csi300_custom_step0_s_20260728_15,ea928f71ed8242369b3276a586d8fa8d,0.047,,,
3860,2026-07-28,SH603019,0.04332453825448445,EXP_CatBoostModel_Alpha158_csi300_custom_step0_s_20260728_15,ea928f71ed8242369b3276a586d8fa8d,0.047,,,
3861,2026-07-28,SH603993,-0.13533715314507033,EXP_CatBoostModel_Alpha158_csi300_custom_step0_s_20260728_15,ea928f71ed8242369b3276a586d8fa8d,0.047,,,
3862,2026-07-28,SH603893,0.013217429495868505,EXP_CatBoostModel_Alpha158_csi300_custom_step0_s_20260728_15,ea928f71ed8242369b3276a586d8fa8d,0.047,,,
3863,2026-07-28,SH603799,0.09357515601245661,EXP_CatBoostModel_Alpha158_csi300_custom_step0_s_20260728_15,ea928f71ed8242369b3276a586d8fa8d,0.047,,,
3864,2026-07-28,SH603501,0.0459347225148994,EXP_CatBoostModel_Alpha158_csi300_custom_step0_s_20260728_15,ea928f71ed8242369b3276a586d8fa8d,0.047,,,
3865,2026-07-28,SH603392,-0.007606569610242457,EXP_CatBoostModel_Alpha158_csi300_custom_step0_s_20260728_15,ea928f71ed8242369b3276a586d8fa8d,0.047,,,
3866,2026-07-28,SH603369,0.0029798243254376944,EXP_CatBoostModel_Alpha158_csi300_custom_step0_s_20260728_15,ea928f71ed8242369b3276a586d8fa8d,0.047,,,
3867,2026-07-28,SH603296,0.036209950375086015,EXP_CatBoostModel_Alpha158_csi300_custom_step0_s_20260728_15,ea928f71ed8242369b3276a586d8fa8d,0.047,,,
3868,2026-07-28,SH603288,-0.044717976529961276,EXP_CatBoostModel_Alpha158_csi300_custom_step0_s_20260728_15,ea928f71ed8242369b3276a586d8fa8d,0.047,,,
3869,2026-07-28,SH603260,0.005776439912101091,EXP_CatBoostModel_Alpha158_csi300_custom_step0_s_20260728_15,ea928f71ed8242369b3276a586d8fa8d,0.047,,,
3870,2026-07-28,SH603986,-0.03164365072302084,EXP_CatBoostModel_Alpha158_csi300_custom_step0_s_20260728_15,ea928f71ed8242369b3276a586d8fa8d,0.047,,,
3871,2026-07-28,SH601800,-0.0042881384117371794,EXP_CatBoostModel_Alpha158_csi300_custom_step0_s_20260728_15,ea928f71ed8242369b3276a586d8fa8d,0.047,,,
3872,2026-07-28,SH601788,0.004813117560896937,EXP_CatBoostModel_Alpha158_csi300_custom_step0_s_20260728_15,ea928f71ed8242369b3276a586d8fa8d,0.047,,,
3873,2026-07-28,SH601766,-0.04026752119217705,EXP_CatBoostModel_Alpha158_csi300_custom_step0_s_20260728_15,ea928f71ed8242369b3276a586d8fa8d,0.047,,,
3874,2026-07-28,SH601288,-0.08117780177434296,EXP_CatBoostModel_Alpha158_csi300_custom_step0_s_20260728_15,ea928f71ed8242369b3276a586d8fa8d,0.047,,,
3875,2026-07-28,SH601238,0.004204085913484464,EXP_CatBoostModel_Alpha158_csi300_custom_step0_s_20260728_15,ea928f71ed8242369b3276a586d8fa8d,0.047,,,
3876,2026-07-28,SH601229,0.06384538959846811,EXP_CatBoostModel_Alpha158_csi300_custom_step0_s_20260728_15,ea928f71ed8242369b3276a586d8fa8d,0.047,,,
3877,2026-07-28,SH601225,-0.055187762879292085,EXP_CatBoostModel_Alpha158_csi300_custom_step0_s_20260728_15,ea928f71ed8242369b3276a586d8fa8d,0.047,,,
3878,2026-07-28,SH601211,-0.09216130472549151,EXP_CatBoostModel_Alpha158_csi300_custom_step0_s_20260728_15,ea928f71ed8242369b3276a586d8fa8d,0.047,,,
3879,2026-07-28,SH601186,0.01746769681698701,EXP_CatBoostModel_Alpha158_csi300_custom_step0_s_20260728_15,ea928f71ed8242369b3276a586d8fa8d,0.047,,,
3880,2026-07-28,SH601169,0.04332938849159466,EXP_CatBoostModel_Alpha158_csi300_custom_step0_s_20260728_15,ea928f71ed8242369b3276a586d8fa8d,0.047,,,
3881,2026-07-28,SH601166,-0.03351512566705617,EXP_CatBoostModel_Alpha158_csi300_custom_step0_s_20260728_15,ea928f71ed8242369b3276a586d8fa8d,0.047,,,
3882,2026-07-28,SH601318,-0.06487785596439445,EXP_CatBoostModel_Alpha158_csi300_custom_step0_s_20260728_15,ea928f71ed8242369b3276a586d8fa8d,0.047,,,
3883,2026-07-28,SH601138,0.05410615651459646,EXP_CatBoostModel_Alpha158_csi300_custom_step0_s_20260728_15,ea928f71ed8242369b3276a586d8fa8d,0.047,,,
3884,2026-07-28,SH601127,0.10320625719029154,EXP_CatBoostModel_Alpha158_csi300_custom_step0_s_20260728_15,ea928f71ed8242369b3276a586d8fa8d,0.047,,,
3885,2026-07-28,SH601117,0.0037666482368444725,EXP_CatBoostModel_Alpha158_csi300_custom_step0_s_20260728_15,ea928f71ed8242369b3276a586d8fa8d,0.047,,,
3886,2026-07-28,SH601111,-0.0026565213766963952,EXP_CatBoostModel_Alpha158_csi300_custom_step0_s_20260728_15,ea928f71ed8242369b3276a586d8fa8d,0.047,,,
3887,2026-07-28,SH601100,0.0025986743354250753,EXP_CatBoostModel_Alpha158_csi300_custom_step0_s_20260728_15,ea928f71ed8242369b3276a586d8fa8d,0.047,,,
3888,2026-07-28,SH601088,-0.07233966946414487,EXP_CatBoostModel_Alpha158_csi300_custom_step0_s_20260728_15,ea928f71ed8242369b3276a586d8fa8d,0.047,,,
3889,2026-07-28,SH601077,0.0200406455516636,EXP_CatBoostModel_Alpha158_csi300_custom_step0_s_20260728_15,ea928f71ed8242369b3276a586d8fa8d,0.047,,,
3890,2026-07-28,SH601066,0.07244447088428423,EXP_CatBoostModel_Alpha158_csi300_custom_step0_s_20260728_15,ea928f71ed8242369b3276a586d8fa8d,0.047,,,
3891,2026-07-28,SH601059,-0.010383664440343205,EXP_CatBoostModel_Alpha158_csi300_custom_step0_s_20260728_15,ea928f71ed8242369b3276a586d8fa8d,0.047,,,
3892,2026-07-28,SH601136,-0.01522641780557987,EXP_CatBoostModel_Alpha158_csi300_custom_step0_s_20260728_15,ea928f71ed8242369b3276a586d8fa8d,0.047,,,
3893,2026-07-28,SH601319,-0.041444134330751024,EXP_CatBoostModel_Alpha158_csi300_custom_step0_s_20260728_15,ea928f71ed8242369b3276a586d8fa8d,0.047,,,
3894,2026-07-28,SH601328,0.008458935015679235,EXP_CatBoostModel_Alpha158_csi300_custom_step0_s_20260728_15,ea928f71ed8242369b3276a586d8fa8d,0.047,,,
3895,2026-07-28,SH601336,0.0019759047265753647,EXP_CatBoostModel_Alpha158_csi300_custom_step0_s_20260728_15,ea928f71ed8242369b3276a586d8fa8d,0.047,,,
3896,2026-07-28,SH601728,-0.11732053852618661,EXP_CatBoostModel_Alpha158_csi300_custom_step0_s_20260728_15,ea928f71ed8242369b3276a586d8fa8d,0.047,,,
3897,2026-07-28,SH601727,0.004837581563068645,EXP_CatBoostModel_Alpha158_csi300_custom_step0_s_20260728_15,ea928f71ed8242369b3276a586d8fa8d,0.047,,,
3898,2026-07-28,SH601698,0.013717636482442355,EXP_CatBoostModel_Alpha158_csi300_custom_step0_s_20260728_15,ea928f71ed8242369b3276a586d8fa8d,0.047,,,
3899,2026-07-28,SH601689,0.07895596833216284,EXP_CatBoostModel_Alpha158_csi300_custom_step0_s_20260728_15,ea928f71ed8242369b3276a586d8fa8d,0.047,,,
3900,2026-07-28,SH601688,-0.018445429955111527,EXP_CatBoostModel_Alpha158_csi300_custom_step0_s_20260728_15,ea928f71ed8242369b3276a586d8fa8d,0.047,,,
3901,2026-07-28,SH601669,-0.00485079051949961,EXP_CatBoostModel_Alpha158_csi300_custom_step0_s_20260728_15,ea928f71ed8242369b3276a586d8fa8d,0.047,,,
3902,2026-07-28,SH601668,-0.0011899568701059392,EXP_CatBoostModel_Alpha158_csi300_custom_step0_s_20260728_15,ea928f71ed8242369b3276a586d8fa8d,0.047,,,
3903,2026-07-28,SH601658,0.033834099925279006,EXP_CatBoostModel_Alpha158_csi300_custom_step0_s_20260728_15,ea928f71ed8242369b3276a586d8fa8d,0.047,,,
3904,2026-07-28,SH601633,-0.03169108231265384,EXP_CatBoostModel_Alpha158_csi300_custom_step0_s_20260728_15,ea928f71ed8242369b3276a586d8fa8d,0.047,,,
3905,2026-07-28,SH601628,-0.0530384120581285,EXP_CatBoostModel_Alpha158_csi300_custom_step0_s_20260728_15,ea928f71ed8242369b3276a586d8fa8d,0.047,,,
3906,2026-07-28,SH601618,0.003971875968847043,EXP_CatBoostModel_Alpha158_csi300_custom_step0_s_20260728_15,ea928f71ed8242369b3276a586d8fa8d,0.047,,,
3907,2026-07-28,SH601607,0.008055080500543658,EXP_CatBoostModel_Alpha158_csi300_custom_step0_s_20260728_15,ea928f71ed8242369b3276a586d8fa8d,0.047,,,
3908,2026-07-28,SH601601,-0.026841885543256727,EXP_CatBoostModel_Alpha158_csi300_custom_step0_s_20260728_15,ea928f71ed8242369b3276a586d8fa8d,0.047,,,
3909,2026-07-28,SH601600,-0.08631722022173764,EXP_CatBoostModel_Alpha158_csi300_custom_step0_s_20260728_15,ea928f71ed8242369b3276a586d8fa8d,0.047,,,
3910,2026-07-28,SH601456,0.006489093798344154,EXP_CatBoostModel_Alpha158_csi300_custom_step0_s_20260728_15,ea928f71ed8242369b3276a586d8fa8d,0.047,,,
3911,2026-07-28,SH601398,-0.022235832743326755,EXP_CatBoostModel_Alpha158_csi300_custom_step0_s_20260728_15,ea928f71ed8242369b3276a586d8fa8d,0.047,,,
3912,2026-07-28,SH601390,0.005838519679311863,EXP_CatBoostModel_Alpha158_csi300_custom_step0_s_20260728_15,ea928f71ed8242369b3276a586d8fa8d,0.047,,,
3913,2026-07-28,SH601377,0.037701985862152024,EXP_CatBoostModel_Alpha158_csi300_custom_step0_s_20260728_15,ea928f71ed8242369b3276a586d8fa8d,0.047,,,
3914,2026-07-28,SH601360,-0.013622579398242062,EXP_CatBoostModel_Alpha158_csi300_custom_step0_s_20260728_15,ea928f71ed8242369b3276a586d8fa8d,0.047,,,
3915,2026-07-28,SH601021,0.02467244905860689,EXP_CatBoostModel_Alpha158_csi300_custom_step0_s_20260728_15,ea928f71ed8242369b3276a586d8fa8d,0.047,,,
3916,2026-07-28,SH600549,0.037472352843284734,EXP_CatBoostModel_Alpha158_csi300_custom_step0_s_20260728_15,f6be011009d440f5aa0b617fbf27970e,0.052,,,
3917,2026-07-28,SH600570,-0.005189496282604456,EXP_CatBoostModel_Alpha158_csi300_custom_step0_s_20260728_15,f6be011009d440f5aa0b617fbf27970e,0.052,,,
3918,2026-07-28,SH600584,0.06737214932022015,EXP_CatBoostModel_Alpha158_csi300_custom_step0_s_20260728_15,f6be011009d440f5aa0b617fbf27970e,0.052,,,
3919,2026-07-28,SZ301308,-0.04127758231086312,EXP_CatBoostModel_Alpha158_csi300_custom_step0_s_20260728_15,f6be011009d440f5aa0b617fbf27970e,0.052,,,
3920,2026-07-28,SZ301269,0.02304371036571822,EXP_CatBoostModel_Alpha158_csi300_custom_step0_s_20260728_15,f6be011009d440f5aa0b617fbf27970e,0.052,,,
3921,2026-07-28,SZ301236,-0.008760305824420904,EXP_CatBoostModel_Alpha158_csi300_custom_step0_s_20260728_15,f6be011009d440f5aa0b617fbf27970e,0.052,,,
3922,2026-07-28,SZ301165,0.054109062771449896,EXP_CatBoostModel_Alpha158_csi300_custom_step0_s_20260728_15,f6be011009d440f5aa0b617fbf27970e,0.052,,,
3923,2026-07-28,SZ300999,-0.0002525117524230208,EXP_CatBoostModel_Alpha158_csi300_custom_step0_s_20260728_15,f6be011009d440f5aa0b617fbf27970e,0.052,,,
3924,2026-07-28,SZ300896,-0.04432903524665144,EXP_CatBoostModel_Alpha158_csi300_custom_step0_s_20260728_15,f6be011009d440f5aa0b617fbf27970e,0.052,,,
3925,2026-07-28,SZ300866,-0.007264917167709771,EXP_CatBoostModel_Alpha158_csi300_custom_step0_s_20260728_15,f6be011009d440f5aa0b617fbf27970e,0.052,,,
3926,2026-07-28,SZ300832,-0.008320841324131667,EXP_CatBoostModel_Alpha158_csi300_custom_step0_s_20260728_15,f6be011009d440f5aa0b617fbf27970e,0.052,,,
3927,2026-07-28,SZ302132,-0.03825441414406411,EXP_CatBoostModel_Alpha158_csi300_custom_step0_s_20260728_15,f6be011009d440f5aa0b617fbf27970e,0.052,,,
3928,2026-07-28,SZ300803,0.021376476575872033,EXP_CatBoostModel_Alpha158_csi300_custom_step0_s_20260728_15,f6be011009d440f5aa0b617fbf27970e,0.052,,,
3929,2026-07-28,SZ300750,0.02939148554230566,EXP_CatBoostModel_Alpha158_csi300_custom_step0_s_20260728_15,f6be011009d440f5aa0b617fbf27970e,0.052,,,
3930,2026-07-28,SZ300661,0.016117142350159125,EXP_CatBoostModel_Alpha158_csi300_custom_step0_s_20260728_15,f6be011009d440f5aa0b617fbf27970e,0.052,,,
3931,2026-07-28,SZ300628,-0.02387612104732792,EXP_CatBoostModel_Alpha158_csi300_custom_step0_s_20260728_15,f6be011009d440f5aa0b617fbf27970e,0.052,,,
3932,2026-07-28,SZ300502,-0.019255929539435532,EXP_CatBoostModel_Alpha158_csi300_custom_step0_s_20260728_15,f6be011009d440f5aa0b617fbf27970e,0.052,,,
3933,2026-07-28,SZ300498,-0.004663635891310983,EXP_CatBoostModel_Alpha158_csi300_custom_step0_s_20260728_15,f6be011009d440f5aa0b617fbf27970e,0.052,,,
3934,2026-07-28,SZ300476,-0.012302389722217446,EXP_CatBoostModel_Alpha158_csi300_custom_step0_s_20260728_15,f6be011009d440f5aa0b617fbf27970e,0.052,,,
3935,2026-07-28,SZ300450,0.05990484731414265,EXP_CatBoostModel_Alpha158_csi300_custom_step0_s_20260728_15,f6be011009d440f5aa0b617fbf27970e,0.052,,,
3936,2026-07-28,SZ300442,0.032572942708295,EXP_CatBoostModel_Alpha158_csi300_custom_step0_s_20260728_15,f6be011009d440f5aa0b617fbf27970e,0.052,,,
3937,2026-07-28,SZ300760,-0.004927052496032241,EXP_CatBoostModel_Alpha158_csi300_custom_step0_s_20260728_15,f6be011009d440f5aa0b617fbf27970e,0.052,,,
3938,2026-07-28,SZ300433,0.02524083632452037,EXP_CatBoostModel_Alpha158_csi300_custom_step0_s_20260728_15,f6be011009d440f5aa0b617fbf27970e,0.052,,,
3939,2026-07-28,SH600000,0.008853264252139892,EXP_CatBoostModel_Alpha158_csi300_custom_step0_s_20260728_15,15353abe70e34efb95efa8b3dfbc4393,0.073,,,
3940,2026-07-28,SH600010,-0.0018856119457896152,EXP_CatBoostModel_Alpha158_csi300_custom_step0_s_20260728_15,15353abe70e34efb95efa8b3dfbc4393,0.073,,,
3941,2026-07-28,SH600061,0.029137410742194687,EXP_CatBoostModel_Alpha158_csi300_custom_step0_s_20260728_15,15353abe70e34efb95efa8b3dfbc4393,0.073,,,
3942,2026-07-28,SH600050,-0.03334568269279887,EXP_CatBoostModel_Alpha158_csi300_custom_step0_s_20260728_15,15353abe70e34efb95efa8b3dfbc4393,0.073,,,
3943,2026-07-28,SH600048,-0.020163485100253946,EXP_CatBoostModel_Alpha158_csi300_custom_step0_s_20260728_15,15353abe70e34efb95efa8b3dfbc4393,0.073,,,
3944,2026-07-28,SH600039,-0.006147114617813116,EXP_CatBoostModel_Alpha158_csi300_custom_step0_s_20260728_15,15353abe70e34efb95efa8b3dfbc4393,0.073,,,
3945,2026-07-28,SH600036,0.017443136811351925,EXP_CatBoostModel_Alpha158_csi300_custom_step0_s_20260728_15,15353abe70e34efb95efa8b3dfbc4393,0.073,,,
3946,2026-07-28,SH600031,-0.03318526494605069,EXP_CatBoostModel_Alpha158_csi300_custom_step0_s_20260728_15,15353abe70e34efb95efa8b3dfbc4393,0.073,,,
3947,2026-07-28,SH600030,0.02050964241602897,EXP_CatBoostModel_Alpha158_csi300_custom_step0_s_20260728_15,15353abe70e34efb95efa8b3dfbc4393,0.073,,,
3948,2026-07-28,SH600029,0.00037419578639074215,EXP_CatBoostModel_Alpha158_csi300_custom_step0_s_20260728_15,15353abe70e34efb95efa8b3dfbc4393,0.073,,,
3949,2026-07-28,SH600009,-0.005447799790280946,EXP_CatBoostModel_Alpha158_csi300_custom_step0_s_20260728_15,15353abe70e34efb95efa8b3dfbc4393,0.073,,,
3950,2026-07-28,SH600028,-0.044338421197589774,EXP_CatBoostModel_Alpha158_csi300_custom_step0_s_20260728_15,15353abe70e34efb95efa8b3dfbc4393,0.073,,,
3951,2026-07-28,SH600026,0.09708699342257505,EXP_CatBoostModel_Alpha158_csi300_custom_step0_s_20260728_15,15353abe70e34efb95efa8b3dfbc4393,0.073,,,
3952,2026-07-28,SH600025,-0.00856457200866046,EXP_CatBoostModel_Alpha158_csi300_custom_step0_s_20260728_15,15353abe70e34efb95efa8b3dfbc4393,0.073,,,
3953,2026-07-28,SH600023,-0.007482833936018718,EXP_CatBoostModel_Alpha158_csi300_custom_step0_s_20260728_15,15353abe70e34efb95efa8b3dfbc4393,0.073,,,
3954,2026-07-28,SH600019,0.0060618955859916175,EXP_CatBoostModel_Alpha158_csi300_custom_step0_s_20260728_15,15353abe70e34efb95efa8b3dfbc4393,0.073,,,
3955,2026-07-28,SH600018,0.0075738199710891655,EXP_CatBoostModel_Alpha158_csi300_custom_step0_s_20260728_15,15353abe70e34efb95efa8b3dfbc4393,0.073,,,
3956,2026-07-28,SH600016,0.011446591054186356,EXP_CatBoostModel_Alpha158_csi300_custom_step0_s_20260728_15,15353abe70e34efb95efa8b3dfbc4393,0.073,,,
3957,2026-07-28,SH600015,0.03679777050669171,EXP_CatBoostModel_Alpha158_csi300_custom_step0_s_20260728_15,15353abe70e34efb95efa8b3dfbc4393,0.073,,,
3958,2026-07-28,SH600011,-0.019402472590040337,EXP_CatBoostModel_Alpha158_csi300_custom_step0_s_20260728_15,15353abe70e34efb95efa8b3dfbc4393,0.073,,,
3959,2026-07-28,SH600027,-0.017564523681666555,EXP_CatBoostModel_Alpha158_csi300_custom_step0_s_20260728_15,15353abe70e34efb95efa8b3dfbc4393,0.073,,,
3960,2026-07-28,SZ300418,0.007638515032613649,EXP_CatBoostModel_Alpha158_csi300_custom_step0_s_20260728_15,f6be011009d440f5aa0b617fbf27970e,0.052,,,
3961,2026-07-28,SZ300413,-0.0017773704796900016,EXP_CatBoostModel_Alpha158_csi300_custom_step0_s_20260728_15,f6be011009d440f5aa0b617fbf27970e,0.052,,,
3962,2026-07-28,SZ300408,0.05271001089379826,EXP_CatBoostModel_Alpha158_csi300_custom_step0_s_20260728_15,f6be011009d440f5aa0b617fbf27970e,0.052,,,
3963,2026-07-28,SZ002594,0.006594959671421076,EXP_CatBoostModel_Alpha158_csi300_custom_step0_s_20260728_15,f6be011009d440f5aa0b617fbf27970e,0.052,,,
3964,2026-07-28,SZ002558,0.0018135790404783091,EXP_CatBoostModel_Alpha158_csi300_custom_step0_s_20260728_15,f6be011009d440f5aa0b617fbf27970e,0.052,,,
3965,2026-07-28,SZ002532,-0.03752562925617534,EXP_CatBoostModel_Alpha158_csi300_custom_step0_s_20260728_15,f6be011009d440f5aa0b617fbf27970e,0.052,,,
3966,2026-07-28,SZ002493,-0.04646145327309817,EXP_CatBoostModel_Alpha158_csi300_custom_step0_s_20260728_15,f6be011009d440f5aa0b617fbf27970e,0.052,,,
3967,2026-07-28,SZ002475,0.020080714903775346,EXP_CatBoostModel_Alpha158_csi300_custom_step0_s_20260728_15,f6be011009d440f5aa0b617fbf27970e,0.052,,,
3968,2026-07-28,SZ002466,0.06142198453657047,EXP_CatBoostModel_Alpha158_csi300_custom_step0_s_20260728_15,f6be011009d440f5aa0b617fbf27970e,0.052,,,
3969,2026-07-28,SZ002463,-0.012835288092721036,EXP_CatBoostModel_Alpha158_csi300_custom_step0_s_20260728_15,f6be011009d440f5aa0b617fbf27970e,0.052,,,
3970,2026-07-28,SZ002460,0.03441603567907997,EXP_CatBoostModel_Alpha158_csi300_custom_step0_s_20260728_15,f6be011009d440f5aa0b617fbf27970e,0.052,,,
3971,2026-07-28,SZ002600,0.059830293825006806,EXP_CatBoostModel_Alpha158_csi300_custom_step0_s_20260728_15,f6be011009d440f5aa0b617fbf27970e,0.052,,,
3972,2026-07-28,SZ002422,0.01938265485881342,EXP_CatBoostModel_Alpha158_csi300_custom_step0_s_20260728_15,f6be011009d440f5aa0b617fbf27970e,0.052,,,
3973,2026-07-28,SZ002384,0.031702627334953354,EXP_CatBoostModel_Alpha158_csi300_custom_step0_s_20260728_15,f6be011009d440f5aa0b617fbf27970e,0.052,,,
3974,2026-07-28,SZ002371,0.05902296273300881,EXP_CatBoostModel_Alpha158_csi300_custom_step0_s_20260728_15,f6be011009d440f5aa0b617fbf27970e,0.052,,,
3975,2026-07-28,SZ002353,0.052653374084804395,EXP_CatBoostModel_Alpha158_csi300_custom_step0_s_20260728_15,f6be011009d440f5aa0b617fbf27970e,0.052,,,
3976,2026-07-28,SZ002352,-0.016099391791619747,EXP_CatBoostModel_Alpha158_csi300_custom_step0_s_20260728_15,f6be011009d440f5aa0b617fbf27970e,0.052,,,
3977,2026-07-28,SZ002311,0.0009534289000069526,EXP_CatBoostModel_Alpha158_csi300_custom_step0_s_20260728_15,f6be011009d440f5aa0b617fbf27970e,0.052,,,
3978,2026-07-28,SZ002304,-0.0019905998369294286,EXP_CatBoostModel_Alpha158_csi300_custom_step0_s_20260728_15,f6be011009d440f5aa0b617fbf27970e,0.052,,,
3979,2026-07-28,SZ002241,0.01634031942017781,EXP_CatBoostModel_Alpha158_csi300_custom_step0_s_20260728_15,f6be011009d440f5aa0b617fbf27970e,0.052,,,
3980,2026-07-28,SZ002236,0.014517123461944583,EXP_CatBoostModel_Alpha158_csi300_custom_step0_s_20260728_15,f6be011009d440f5aa0b617fbf27970e,0.052,,,
3981,2026-07-28,SZ002415,0.027490259023666176,EXP_CatBoostModel_Alpha158_csi300_custom_step0_s_20260728_15,f6be011009d440f5aa0b617fbf27970e,0.052,,,
3982,2026-07-28,SZ002602,-0.005576223273137622,EXP_CatBoostModel_Alpha158_csi300_custom_step0_s_20260728_15,f6be011009d440f5aa0b617fbf27970e,0.052,,,
3983,2026-07-28,SZ002625,-0.025012568552024626,EXP_CatBoostModel_Alpha158_csi300_custom_step0_s_20260728_15,f6be011009d440f5aa0b617fbf27970e,0.052,,,
3984,2026-07-28,SZ002648,-0.01751272718204798,EXP_CatBoostModel_Alpha158_csi300_custom_step0_s_20260728_15,f6be011009d440f5aa0b617fbf27970e,0.052,,,
3985,2026-07-28,SZ300394,-0.055216386067472825,EXP_CatBoostModel_Alpha158_csi300_custom_step0_s_20260728_15,f6be011009d440f5aa0b617fbf27970e,0.052,,,
3986,2026-07-28,SZ300316,0.06861342322339231,EXP_CatBoostModel_Alpha158_csi300_custom_step0_s_20260728_15,f6be011009d440f5aa0b617fbf27970e,0.052,,,
3987,2026-07-28,SZ300308,0.006872959423297216,EXP_CatBoostModel_Alpha158_csi300_custom_step0_s_20260728_15,f6be011009d440f5aa0b617fbf27970e,0.052,,,
3988,2026-07-28,SZ300274,0.01411981015827396,EXP_CatBoostModel_Alpha158_csi300_custom_step0_s_20260728_15,f6be011009d440f5aa0b617fbf27970e,0.052,,,
3989,2026-07-28,SZ300251,-0.001804323720917287,EXP_CatBoostModel_Alpha158_csi300_custom_step0_s_20260728_15,f6be011009d440f5aa0b617fbf27970e,0.052,,,
3990,2026-07-28,SZ300124,-0.017234909015450776,EXP_CatBoostModel_Alpha158_csi300_custom_step0_s_20260728_15,f6be011009d440f5aa0b617fbf27970e,0.052,,,
3991,2026-07-28,SZ300122,0.005494634035053106,EXP_CatBoostModel_Alpha158_csi300_custom_step0_s_20260728_15,f6be011009d440f5aa0b617fbf27970e,0.052,,,
3992,2026-07-28,SZ300059,0.002744257883790474,EXP_CatBoostModel_Alpha158_csi300_custom_step0_s_20260728_15,f6be011009d440f5aa0b617fbf27970e,0.052,,,
3993,2026-07-28,SZ300033,0.0008015399169542535,EXP_CatBoostModel_Alpha158_csi300_custom_step0_s_20260728_15,f6be011009d440f5aa0b617fbf27970e,0.052,,,
3994,2026-07-28,SZ300015,0.0010941664601339665,EXP_CatBoostModel_Alpha158_csi300_custom_step0_s_20260728_15,f6be011009d440f5aa0b617fbf27970e,0.052,,,
3995,2026-07-28,SZ300014,0.020245242866699955,EXP_CatBoostModel_Alpha158_csi300_custom_step0_s_20260728_15,f6be011009d440f5aa0b617fbf27970e,0.052,,,
3996,2026-07-28,SZ003816,-0.00020518954179926557,EXP_CatBoostModel_Alpha158_csi300_custom_step0_s_20260728_15,f6be011009d440f5aa0b617fbf27970e,0.052,,,
3997,2026-07-28,SZ002938,-0.011619984925169111,EXP_CatBoostModel_Alpha158_csi300_custom_step0_s_20260728_15,f6be011009d440f5aa0b617fbf27970e,0.052,,,
3998,2026-07-28,SZ002920,-0.007630483469981356,EXP_CatBoostModel_Alpha158_csi300_custom_step0_s_20260728_15,f6be011009d440f5aa0b617fbf27970e,0.052,,,
3999,2026-07-28,SZ002916,-0.06482053248377698,EXP_CatBoostModel_Alpha158_csi300_custom_step0_s_20260728_15,f6be011009d440f5aa0b617fbf27970e,0.052,,,
4000,2026-07-28,SZ002837,-0.03805331574553096,EXP_CatBoostModel_Alpha158_csi300_custom_step0_s_20260728_15,f6be011009d440f5aa0b617fbf27970e,0.052,,,
4001,2026-07-28,SZ002736,0.034646464272002464,EXP_CatBoostModel_Alpha158_csi300_custom_step0_s_20260728_15,f6be011009d440f5aa0b617fbf27970e,0.052,,,
4002,2026-07-28,SZ002714,0.0002335552882986714,EXP_CatBoostModel_Alpha158_csi300_custom_step0_s_20260728_15,f6be011009d440f5aa0b617fbf27970e,0.052,,,
4003,2026-07-28,SZ002709,0.1285016571999602,EXP_CatBoostModel_Alpha158_csi300_custom_step0_s_20260728_15,f6be011009d440f5aa0b617fbf27970e,0.052,,,
4004,2026-07-28,SH600066,-0.04774563195550888,EXP_CatBoostModel_Alpha158_csi300_custom_step0_s_20260728_15,15353abe70e34efb95efa8b3dfbc4393,0.073,,,
4005,2026-07-28,SZ002230,-0.011305075460006715,EXP_CatBoostModel_Alpha158_csi300_custom_step0_s_20260728_15,f6be011009d440f5aa0b617fbf27970e,0.052,,,
4006,2026-07-28,SH600085,-0.011610241360236506,EXP_CatBoostModel_Alpha158_csi300_custom_step0_s_20260728_15,15353abe70e34efb95efa8b3dfbc4393,0.073,,,
4007,2026-07-28,SH600104,-0.008081805541872225,EXP_CatBoostModel_Alpha158_csi300_custom_step0_s_20260728_15,15353abe70e34efb95efa8b3dfbc4393,0.073,,,
4008,2026-07-28,SH601018,-0.032763579242629355,EXP_CatBoostModel_Alpha158_csi300_custom_step0_s_20260728_15,15353abe70e34efb95efa8b3dfbc4393,0.073,,,
4009,2026-07-28,SH601012,-0.019088696078732353,EXP_CatBoostModel_Alpha158_csi300_custom_step0_s_20260728_15,15353abe70e34efb95efa8b3dfbc4393,0.073,,,
4010,2026-07-28,SH601009,0.013019589232448293,EXP_CatBoostModel_Alpha158_csi300_custom_step0_s_20260728_15,15353abe70e34efb95efa8b3dfbc4393,0.073,,,
4011,2026-07-28,SH601006,-0.02256592797015835,EXP_CatBoostModel_Alpha158_csi300_custom_step0_s_20260728_15,15353abe70e34efb95efa8b3dfbc4393,0.073,,,
4012,2026-07-28,SH600999,0.026847322998924422,EXP_CatBoostModel_Alpha158_csi300_custom_step0_s_20260728_15,15353abe70e34efb95efa8b3dfbc4393,0.073,,,
4013,2026-07-28,SH600989,-0.027282203179191094,EXP_CatBoostModel_Alpha158_csi300_custom_step0_s_20260728_15,15353abe70e34efb95efa8b3dfbc4393,0.073,,,
4014,2026-07-28,SH600958,0.007158948171942036,EXP_CatBoostModel_Alpha158_csi300_custom_step0_s_20260728_15,15353abe70e34efb95efa8b3dfbc4393,0.073,,,
4015,2026-07-28,SH600941,0.014437060113934098,EXP_CatBoostModel_Alpha158_csi300_custom_step0_s_20260728_15,15353abe70e34efb95efa8b3dfbc4393,0.073,,,
4016,2026-07-28,SH601021,0.025073472838326092,EXP_CatBoostModel_Alpha158_csi300_custom_step0_s_20260728_15,15353abe70e34efb95efa8b3dfbc4393,0.073,,,
4017,2026-07-28,SH600938,-0.07252629537737623,EXP_CatBoostModel_Alpha158_csi300_custom_step0_s_20260728_15,15353abe70e34efb95efa8b3dfbc4393,0.073,,,
4018,2026-07-28,SH600926,0.012822524194512531,EXP_CatBoostModel_Alpha158_csi300_custom_step0_s_20260728_15,15353abe70e34efb95efa8b3dfbc4393,0.073,,,
4019,2026-07-28,SH600919,0.02982167294910547,EXP_CatBoostModel_Alpha158_csi300_custom_step0_s_20260728_15,15353abe70e34efb95efa8b3dfbc4393,0.073,,,
4020,2026-07-28,SH600918,-0.0055468059328722605,EXP_CatBoostModel_Alpha158_csi300_custom_step0_s_20260728_15,15353abe70e34efb95efa8b3dfbc4393,0.073,,,
4021,2026-07-28,SH600905,-0.00230364309965601,EXP_CatBoostModel_Alpha158_csi300_custom_step0_s_20260728_15,15353abe70e34efb95efa8b3dfbc4393,0.073,,,
4022,2026-07-28,SH600900,-0.025322116217283395,EXP_CatBoostModel_Alpha158_csi300_custom_step0_s_20260728_15,15353abe70e34efb95efa8b3dfbc4393,0.073,,,
4023,2026-07-28,SH600893,-0.0030715209075793948,EXP_CatBoostModel_Alpha158_csi300_custom_step0_s_20260728_15,15353abe70e34efb95efa8b3dfbc4393,0.073,,,
4024,2026-07-28,SH600887,-0.00800858882337269,EXP_CatBoostModel_Alpha158_csi300_custom_step0_s_20260728_15,15353abe70e34efb95efa8b3dfbc4393,0.073,,,
4025,2026-07-28,SH600886,-0.03664571321550372,EXP_CatBoostModel_Alpha158_csi300_custom_step0_s_20260728_15,15353abe70e34efb95efa8b3dfbc4393,0.073,,,
4026,2026-07-28,SH600930,0.025380481257187622,EXP_CatBoostModel_Alpha158_csi300_custom_step0_s_20260728_15,15353abe70e34efb95efa8b3dfbc4393,0.073,,,
4027,2026-07-28,SH600875,0.02645592872957341,EXP_CatBoostModel_Alpha158_csi300_custom_step0_s_20260728_15,15353abe70e34efb95efa8b3dfbc4393,0.073,,,
4028,2026-07-28,SH601058,-0.01999589456153525,EXP_CatBoostModel_Alpha158_csi300_custom_step0_s_20260728_15,15353abe70e34efb95efa8b3dfbc4393,0.073,,,
4029,2026-07-28,SH601066,0.022669978735398773,EXP_CatBoostModel_Alpha158_csi300_custom_step0_s_20260728_15,15353abe70e34efb95efa8b3dfbc4393,0.073,,,
4030,2026-07-28,SH601319,-0.04188604052595288,EXP_CatBoostModel_Alpha158_csi300_custom_step0_s_20260728_15,15353abe70e34efb95efa8b3dfbc4393,0.073,,,
4031,2026-07-28,SH601318,-0.07771207564672941,EXP_CatBoostModel_Alpha158_csi300_custom_step0_s_20260728_15,15353abe70e34efb95efa8b3dfbc4393,0.073,,,
4032,2026-07-28,SH601288,-0.051766617092820044,EXP_CatBoostModel_Alpha158_csi300_custom_step0_s_20260728_15,15353abe70e34efb95efa8b3dfbc4393,0.073,,,
4033,2026-07-28,SH601238,-0.009886876302518466,EXP_CatBoostModel_Alpha158_csi300_custom_step0_s_20260728_15,15353abe70e34efb95efa8b3dfbc4393,0.073,,,
4034,2026-07-28,SH601229,0.05682456072940769,EXP_CatBoostModel_Alpha158_csi300_custom_step0_s_20260728_15,15353abe70e34efb95efa8b3dfbc4393,0.073,,,
4035,2026-07-28,SH601225,-0.041810398820870995,EXP_CatBoostModel_Alpha158_csi300_custom_step0_s_20260728_15,15353abe70e34efb95efa8b3dfbc4393,0.073,,,
4036,2026-07-28,SH601211,-0.061102051769425444,EXP_CatBoostModel_Alpha158_csi300_custom_step0_s_20260728_15,15353abe70e34efb95efa8b3dfbc4393,0.073,,,
4037,2026-07-28,SH601186,0.010802832937732718,EXP_CatBoostModel_Alpha158_csi300_custom_step0_s_20260728_15,15353abe70e34efb95efa8b3dfbc4393,0.073,,,
4038,2026-07-28,SH601059,0.015221814643216312,EXP_CatBoostModel_Alpha158_csi300_custom_step0_s_20260728_15,15353abe70e34efb95efa8b3dfbc4393,0.073,,,
4039,2026-07-28,SH601169,0.021416311999478275,EXP_CatBoostModel_Alpha158_csi300_custom_step0_s_20260728_15,15353abe70e34efb95efa8b3dfbc4393,0.073,,,
4040,2026-07-28,SH601138,0.06019685210217747,EXP_CatBoostModel_Alpha158_csi300_custom_step0_s_20260728_15,15353abe70e34efb95efa8b3dfbc4393,0.073,,,
4041,2026-07-28,SH601136,-0.004040579916430114,EXP_CatBoostModel_Alpha158_csi300_custom_step0_s_20260728_15,15353abe70e34efb95efa8b3dfbc4393,0.073,,,
4042,2026-07-28,SH601127,-0.01892842596349237,EXP_CatBoostModel_Alpha158_csi300_custom_step0_s_20260728_15,15353abe70e34efb95efa8b3dfbc4393,0.073,,,
4043,2026-07-28,SH601117,0.001001012479012981,EXP_CatBoostModel_Alpha158_csi300_custom_step0_s_20260728_15,15353abe70e34efb95efa8b3dfbc4393,0.073,,,
4044,2026-07-28,SH601111,0.002693817008272629,EXP_CatBoostModel_Alpha158_csi300_custom_step0_s_20260728_15,15353abe70e34efb95efa8b3dfbc4393,0.073,,,
4045,2026-07-28,SH601100,0.014102828195242438,EXP_CatBoostModel_Alpha158_csi300_custom_step0_s_20260728_15,15353abe70e34efb95efa8b3dfbc4393,0.073,,,
4046,2026-07-28,SH601088,-0.07178895875644714,EXP_CatBoostModel_Alpha158_csi300_custom_step0_s_20260728_15,15353abe70e34efb95efa8b3dfbc4393,0.073,,,
4047,2026-07-28,SH601077,0.0008558237847269548,EXP_CatBoostModel_Alpha158_csi300_custom_step0_s_20260728_15,15353abe70e34efb95efa8b3dfbc4393,0.073,,,
4048,2026-07-28,SH601166,-0.013958487641911798,EXP_CatBoostModel_Alpha158_csi300_custom_step0_s_20260728_15,15353abe70e34efb95efa8b3dfbc4393,0.073,,,
4049,2026-07-28,SH600845,0.007762453533128206,EXP_CatBoostModel_Alpha158_csi300_custom_step0_s_20260728_15,15353abe70e34efb95efa8b3dfbc4393,0.073,,,
4050,2026-07-28,SH600809,-0.09591857791129992,EXP_CatBoostModel_Alpha158_csi300_custom_step0_s_20260728_15,15353abe70e34efb95efa8b3dfbc4393,0.073,,,
4051,2026-07-28,SH600803,-0.014909043922250977,EXP_CatBoostModel_Alpha158_csi300_custom_step0_s_20260728_15,15353abe70e34efb95efa8b3dfbc4393,0.073,,,
4052,2026-07-28,SH600406,0.002530167910399622,EXP_CatBoostModel_Alpha158_csi300_custom_step0_s_20260728_15,15353abe70e34efb95efa8b3dfbc4393,0.073,,,
4053,2026-07-28,SH600372,0.022315280053102887,EXP_CatBoostModel_Alpha158_csi300_custom_step0_s_20260728_15,15353abe70e34efb95efa8b3dfbc4393,0.073,,,
4054,2026-07-28,SH600362,-0.0174857252048598,EXP_CatBoostModel_Alpha158_csi300_custom_step0_s_20260728_15,15353abe70e34efb95efa8b3dfbc4393,0.073,,,
4055,2026-07-28,SH600346,-0.03209963225110948,EXP_CatBoostModel_Alpha158_csi300_custom_step0_s_20260728_15,15353abe70e34efb95efa8b3dfbc4393,0.073,,,
4056,2026-07-28,SH600309,-0.09992806069718373,EXP_CatBoostModel_Alpha158_csi300_custom_step0_s_20260728_15,15353abe70e34efb95efa8b3dfbc4393,0.073,,,
4057,2026-07-28,SH600276,-0.02758950656460039,EXP_CatBoostModel_Alpha158_csi300_custom_step0_s_20260728_15,15353abe70e34efb95efa8b3dfbc4393,0.073,,,
4058,2026-07-28,SH600233,-0.06566978024066449,EXP_CatBoostModel_Alpha158_csi300_custom_step0_s_20260728_15,15353abe70e34efb95efa8b3dfbc4393,0.073,,,
4059,2026-07-28,SH600221,0.0031350132801973734,EXP_CatBoostModel_Alpha158_csi300_custom_step0_s_20260728_15,15353abe70e34efb95efa8b3dfbc4393,0.073,,,
4060,2026-07-28,SH600415,-0.04934886106008839,EXP_CatBoostModel_Alpha158_csi300_custom_step0_s_20260728_15,15353abe70e34efb95efa8b3dfbc4393,0.073,,,
4061,2026-07-28,SH600219,-0.08780257442717646,EXP_CatBoostModel_Alpha158_csi300_custom_step0_s_20260728_15,15353abe70e34efb95efa8b3dfbc4393,0.073,,,
4062,2026-07-28,SH600188,-0.06579234064638023,EXP_CatBoostModel_Alpha158_csi300_custom_step0_s_20260728_15,15353abe70e34efb95efa8b3dfbc4393,0.073,,,
4063,2026-07-28,SH600183,0.06595646941982028,EXP_CatBoostModel_Alpha158_csi300_custom_step0_s_20260728_15,15353abe70e34efb95efa8b3dfbc4393,0.073,,,
4064,2026-07-28,SH600176,0.043840123216293964,EXP_CatBoostModel_Alpha158_csi300_custom_step0_s_20260728_15,15353abe70e34efb95efa8b3dfbc4393,0.073,,,
4065,2026-07-28,SH600160,0.1183723212804191,EXP_CatBoostModel_Alpha158_csi300_custom_step0_s_20260728_15,15353abe70e34efb95efa8b3dfbc4393,0.073,,,
4066,2026-07-28,SH600150,-0.012855549674071069,EXP_CatBoostModel_Alpha158_csi300_custom_step0_s_20260728_15,15353abe70e34efb95efa8b3dfbc4393,0.073,,,
4067,2026-07-28,SH600118,0.08109870823328526,EXP_CatBoostModel_Alpha158_csi300_custom_step0_s_20260728_15,15353abe70e34efb95efa8b3dfbc4393,0.073,,,
4068,2026-07-28,SH600115,0.0016255064927492343,EXP_CatBoostModel_Alpha158_csi300_custom_step0_s_20260728_15,15353abe70e34efb95efa8b3dfbc4393,0.073,,,
4069,2026-07-28,SH600111,0.08497310297329594,EXP_CatBoostModel_Alpha158_csi300_custom_step0_s_20260728_15,15353abe70e34efb95efa8b3dfbc4393,0.073,,,
4070,2026-07-28,SH600196,-0.009734890784863458,EXP_CatBoostModel_Alpha158_csi300_custom_step0_s_20260728_15,15353abe70e34efb95efa8b3dfbc4393,0.073,,,
4071,2026-07-28,SH600426,-0.013165971887524004,EXP_CatBoostModel_Alpha158_csi300_custom_step0_s_20260728_15,15353abe70e34efb95efa8b3dfbc4393,0.073,,,
4072,2026-07-28,SH600436,-0.0028859165631259357,EXP_CatBoostModel_Alpha158_csi300_custom_step0_s_20260728_15,15353abe70e34efb95efa8b3dfbc4393,0.073,,,
4073,2026-07-28,SH600438,-0.0194907286408167,EXP_CatBoostModel_Alpha158_csi300_custom_step0_s_20260728_15,15353abe70e34efb95efa8b3dfbc4393,0.073,,,
4074,2026-07-28,SH600795,0.010466177311373143,EXP_CatBoostModel_Alpha158_csi300_custom_step0_s_20260728_15,15353abe70e34efb95efa8b3dfbc4393,0.073,,,
4075,2026-07-28,SH600760,-0.08579600137383077,EXP_CatBoostModel_Alpha158_csi300_custom_step0_s_20260728_15,15353abe70e34efb95efa8b3dfbc4393,0.073,,,
4076,2026-07-28,SH600741,-0.020317084189397767,EXP_CatBoostModel_Alpha158_csi300_custom_step0_s_20260728_15,15353abe70e34efb95efa8b3dfbc4393,0.073,,,
4077,2026-07-28,SH600690,-0.005396718289274355,EXP_CatBoostModel_Alpha158_csi300_custom_step0_s_20260728_15,15353abe70e34efb95efa8b3dfbc4393,0.073,,,
4078,2026-07-28,SH600674,-0.02156790382637391,EXP_CatBoostModel_Alpha158_csi300_custom_step0_s_20260728_15,15353abe70e34efb95efa8b3dfbc4393,0.073,,,
4079,2026-07-28,SH600660,-0.02149681216975288,EXP_CatBoostModel_Alpha158_csi300_custom_step0_s_20260728_15,15353abe70e34efb95efa8b3dfbc4393,0.073,,,
4080,2026-07-28,SH600600,-0.027531242518651803,EXP_CatBoostModel_Alpha158_csi300_custom_step0_s_20260728_15,15353abe70e34efb95efa8b3dfbc4393,0.073,,,
4081,2026-07-28,SH600588,-0.022380525043911317,EXP_CatBoostModel_Alpha158_csi300_custom_step0_s_20260728_15,15353abe70e34efb95efa8b3dfbc4393,0.073,,,
4082,2026-07-28,SH600585,-0.016570465956718846,EXP_CatBoostModel_Alpha158_csi300_custom_step0_s_20260728_15,15353abe70e34efb95efa8b3dfbc4393,0.073,,,
4083,2026-07-28,SH600584,0.10629742883324227,EXP_CatBoostModel_Alpha158_csi300_custom_step0_s_20260728_15,15353abe70e34efb95efa8b3dfbc4393,0.073,,,
4084,2026-07-28,SH600570,-0.02584329840971103,EXP_CatBoostModel_Alpha158_csi300_custom_step0_s_20260728_15,15353abe70e34efb95efa8b3dfbc4393,0.073,,,
4085,2026-07-28,SH600549,0.09865724372776775,EXP_CatBoostModel_Alpha158_csi300_custom_step0_s_20260728_15,15353abe70e34efb95efa8b3dfbc4393,0.073,,,
4086,2026-07-28,SH600547,-0.08157897759757407,EXP_CatBoostModel_Alpha158_csi300_custom_step0_s_20260728_15,15353abe70e34efb95efa8b3dfbc4393,0.073,,,
4087,2026-07-28,SH600522,0.07006540809753511,EXP_CatBoostModel_Alpha158_csi300_custom_step0_s_20260728_15,15353abe70e34efb95efa8b3dfbc4393,0.073,,,
4088,2026-07-28,SH600519,-0.04291464124993409,EXP_CatBoostModel_Alpha158_csi300_custom_step0_s_20260728_15,15353abe70e34efb95efa8b3dfbc4393,0.073,,,
4089,2026-07-28,SH600515,0.019798428311686874,EXP_CatBoostModel_Alpha158_csi300_custom_step0_s_20260728_15,15353abe70e34efb95efa8b3dfbc4393,0.073,,,
4090,2026-07-28,SH600489,-0.06994892641576123,EXP_CatBoostModel_Alpha158_csi300_custom_step0_s_20260728_15,15353abe70e34efb95efa8b3dfbc4393,0.073,,,
4091,2026-07-28,SH600482,-0.13683552886429323,EXP_CatBoostModel_Alpha158_csi300_custom_step0_s_20260728_15,15353abe70e34efb95efa8b3dfbc4393,0.073,,,
4092,2026-07-28,SH600460,0.08705837855696591,EXP_CatBoostModel_Alpha158_csi300_custom_step0_s_20260728_15,15353abe70e34efb95efa8b3dfbc4393,0.073,,,
4093,2026-07-28,SH600089,-0.025223674023084668,EXP_CatBoostModel_Alpha158_csi300_custom_step0_s_20260728_15,15353abe70e34efb95efa8b3dfbc4393,0.073,,,
4094,2026-07-28,SZ002202,0.03539701555388129,EXP_CatBoostModel_Alpha158_csi300_custom_step0_s_20260728_15,f6be011009d440f5aa0b617fbf27970e,0.052,,,
4095,2026-07-28,SZ002179,0.014330154307648174,EXP_CatBoostModel_Alpha158_csi300_custom_step0_s_20260728_15,f6be011009d440f5aa0b617fbf27970e,0.052,,,
4096,2026-07-28,SZ002142,0.015984531908249795,EXP_CatBoostModel_Alpha158_csi300_custom_step0_s_20260728_15,f6be011009d440f5aa0b617fbf27970e,0.052,,,
4097,2026-07-28,SH601607,0.000538952772195869,EXP_CatBoostModel_Alpha158_csi300_custom_step0_s_20260728_15,f6be011009d440f5aa0b617fbf27970e,0.052,,,
4098,2026-07-28,SH601601,-0.007359668173865276,EXP_CatBoostModel_Alpha158_csi300_custom_step0_s_20260728_15,f6be011009d440f5aa0b617fbf27970e,0.052,,,
4099,2026-07-28,SH601600,-0.05504341030683576,EXP_CatBoostModel_Alpha158_csi300_custom_step0_s_20260728_15,f6be011009d440f5aa0b617fbf27970e,0.052,,,
4100,2026-07-28,SH601456,0.02073933543939746,EXP_CatBoostModel_Alpha158_csi300_custom_step0_s_20260728_15,f6be011009d440f5aa0b617fbf27970e,0.052,,,
4101,2026-07-28,SH601398,0.008386540583074736,EXP_CatBoostModel_Alpha158_csi300_custom_step0_s_20260728_15,f6be011009d440f5aa0b617fbf27970e,0.052,,,
4102,2026-07-28,SH601390,0.005796826082866734,EXP_CatBoostModel_Alpha158_csi300_custom_step0_s_20260728_15,f6be011009d440f5aa0b617fbf27970e,0.052,,,
4103,2026-07-28,SH601377,0.04494294748730731,EXP_CatBoostModel_Alpha158_csi300_custom_step0_s_20260728_15,f6be011009d440f5aa0b617fbf27970e,0.052,,,
4104,2026-07-28,SH601360,-0.008584040911556715,EXP_CatBoostModel_Alpha158_csi300_custom_step0_s_20260728_15,f6be011009d440f5aa0b617fbf27970e,0.052,,,
4105,2026-07-28,SH601618,0.008926627053932762,EXP_CatBoostModel_Alpha158_csi300_custom_step0_s_20260728_15,f6be011009d440f5aa0b617fbf27970e,0.052,,,
4106,2026-07-28,SH601336,0.009407360942096113,EXP_CatBoostModel_Alpha158_csi300_custom_step0_s_20260728_15,f6be011009d440f5aa0b617fbf27970e,0.052,,,
4107,2026-07-28,SH601319,-0.03534459591542305,EXP_CatBoostModel_Alpha158_csi300_custom_step0_s_20260728_15,f6be011009d440f5aa0b617fbf27970e,0.052,,,
4108,2026-07-28,SH601318,-0.06329845949557507,EXP_CatBoostModel_Alpha158_csi300_custom_step0_s_20260728_15,f6be011009d440f5aa0b617fbf27970e,0.052,,,
4109,2026-07-28,SH601288,-0.07861134154251867,EXP_CatBoostModel_Alpha158_csi300_custom_step0_s_20260728_15,f6be011009d440f5aa0b617fbf27970e,0.052,,,
4110,2026-07-28,SH601238,0.000957277613484702,EXP_CatBoostModel_Alpha158_csi300_custom_step0_s_20260728_15,f6be011009d440f5aa0b617fbf27970e,0.052,,,
4111,2026-07-28,SH601229,0.06533380263926193,EXP_CatBoostModel_Alpha158_csi300_custom_step0_s_20260728_15,f6be011009d440f5aa0b617fbf27970e,0.052,,,
4112,2026-07-28,SH601225,-0.03185962597001482,EXP_CatBoostModel_Alpha158_csi300_custom_step0_s_20260728_15,f6be011009d440f5aa0b617fbf27970e,0.052,,,
4113,2026-07-28,SH601211,-0.0906109704418608,EXP_CatBoostModel_Alpha158_csi300_custom_step0_s_20260728_15,f6be011009d440f5aa0b617fbf27970e,0.052,,,
4114,2026-07-28,SH601186,0.011533930786478158,EXP_CatBoostModel_Alpha158_csi300_custom_step0_s_20260728_15,f6be011009d440f5aa0b617fbf27970e,0.052,,,
4115,2026-07-28,SH601328,0.01807098182419752,EXP_CatBoostModel_Alpha158_csi300_custom_step0_s_20260728_15,f6be011009d440f5aa0b617fbf27970e,0.052,,,
4116,2026-07-28,SH601169,0.01615650770282778,EXP_CatBoostModel_Alpha158_csi300_custom_step0_s_20260728_15,f6be011009d440f5aa0b617fbf27970e,0.052,,,
4117,2026-07-28,SH601628,-0.03457423006170458,EXP_CatBoostModel_Alpha158_csi300_custom_step0_s_20260728_15,f6be011009d440f5aa0b617fbf27970e,0.052,,,
4118,2026-07-28,SH601658,0.018179017331316605,EXP_CatBoostModel_Alpha158_csi300_custom_step0_s_20260728_15,f6be011009d440f5aa0b617fbf27970e,0.052,,,
4119,2026-07-28,SH601877,0.00023428152249976286,EXP_CatBoostModel_Alpha158_csi300_custom_step0_s_20260728_15,f6be011009d440f5aa0b617fbf27970e,0.052,,,
4120,2026-07-28,SH601872,-0.06673219283761075,EXP_CatBoostModel_Alpha158_csi300_custom_step0_s_20260728_15,f6be011009d440f5aa0b617fbf27970e,0.052,,,
4121,2026-07-28,SH601868,-0.008251751294489046,EXP_CatBoostModel_Alpha158_csi300_custom_step0_s_20260728_15,f6be011009d440f5aa0b617fbf27970e,0.052,,,
4122,2026-07-28,SH601857,-0.08611666822616958,EXP_CatBoostModel_Alpha158_csi300_custom_step0_s_20260728_15,f6be011009d440f5aa0b617fbf27970e,0.052,,,
4123,2026-07-28,SH601838,0.017638340889329116,EXP_CatBoostModel_Alpha158_csi300_custom_step0_s_20260728_15,f6be011009d440f5aa0b617fbf27970e,0.052,,,
4124,2026-07-28,SH601825,0.0049409216056816255,EXP_CatBoostModel_Alpha158_csi300_custom_step0_s_20260728_15,f6be011009d440f5aa0b617fbf27970e,0.052,,,
4125,2026-07-28,SH601818,0.020307993710560815,EXP_CatBoostModel_Alpha158_csi300_custom_step0_s_20260728_15,f6be011009d440f5aa0b617fbf27970e,0.052,,,
4126,2026-07-28,SH601816,-0.023379410267046187,EXP_CatBoostModel_Alpha158_csi300_custom_step0_s_20260728_15,f6be011009d440f5aa0b617fbf27970e,0.052,,,
4127,2026-07-28,SH601633,-0.030686590506981703,EXP_CatBoostModel_Alpha158_csi300_custom_step0_s_20260728_15,f6be011009d440f5aa0b617fbf27970e,0.052,,,
4128,2026-07-28,SH601800,0.0049699958407449,EXP_CatBoostModel_Alpha158_csi300_custom_step0_s_20260728_15,f6be011009d440f5aa0b617fbf27970e,0.052,,,
4129,2026-07-28,SH601766,-0.036060639671384745,EXP_CatBoostModel_Alpha158_csi300_custom_step0_s_20260728_15,f6be011009d440f5aa0b617fbf27970e,0.052,,,
4130,2026-07-28,SH601728,-0.07457099480923314,EXP_CatBoostModel_Alpha158_csi300_custom_step0_s_20260728_15,f6be011009d440f5aa0b617fbf27970e,0.052,,,
4131,2026-07-28,SH601727,0.02421230304655504,EXP_CatBoostModel_Alpha158_csi300_custom_step0_s_20260728_15,f6be011009d440f5aa0b617fbf27970e,0.052,,,
4132,2026-07-28,SH601698,0.022475180624006556,EXP_CatBoostModel_Alpha158_csi300_custom_step0_s_20260728_15,f6be011009d440f5aa0b617fbf27970e,0.052,,,
4133,2026-07-28,SH601689,0.0398184967666098,EXP_CatBoostModel_Alpha158_csi300_custom_step0_s_20260728_15,f6be011009d440f5aa0b617fbf27970e,0.052,,,
4134,2026-07-28,SH601688,-0.008818688056993308,EXP_CatBoostModel_Alpha158_csi300_custom_step0_s_20260728_15,f6be011009d440f5aa0b617fbf27970e,0.052,,,
4135,2026-07-28,SH601669,0.010465418958920853,EXP_CatBoostModel_Alpha158_csi300_custom_step0_s_20260728_15,f6be011009d440f5aa0b617fbf27970e,0.052,,,
4136,2026-07-28,SH601668,-0.038098659260227666,EXP_CatBoostModel_Alpha158_csi300_custom_step0_s_20260728_15,f6be011009d440f5aa0b617fbf27970e,0.052,,,
4137,2026-07-28,SH601788,0.023012626882850135,EXP_CatBoostModel_Alpha158_csi300_custom_step0_s_20260728_15,f6be011009d440f5aa0b617fbf27970e,0.052,,,
4138,2026-07-28,SH601166,-0.013489322265482839,EXP_CatBoostModel_Alpha158_csi300_custom_step0_s_20260728_15,f6be011009d440f5aa0b617fbf27970e,0.052,,,
4139,2026-07-28,SH601138,0.031347185675236505,EXP_CatBoostModel_Alpha158_csi300_custom_step0_s_20260728_15,f6be011009d440f5aa0b617fbf27970e,0.052,,,
4140,2026-07-28,SH601136,0.015584442668428518,EXP_CatBoostModel_Alpha158_csi300_custom_step0_s_20260728_15,f6be011009d440f5aa0b617fbf27970e,0.052,,,
4141,2026-07-28,SH600905,0.004396329959287481,EXP_CatBoostModel_Alpha158_csi300_custom_step0_s_20260728_15,f6be011009d440f5aa0b617fbf27970e,0.052,,,
4142,2026-07-28,SH600900,-0.02097880075110708,EXP_CatBoostModel_Alpha158_csi300_custom_step0_s_20260728_15,f6be011009d440f5aa0b617fbf27970e,0.052,,,
4143,2026-07-28,SH600893,0.002644476831042263,EXP_CatBoostModel_Alpha158_csi300_custom_step0_s_20260728_15,f6be011009d440f5aa0b617fbf27970e,0.052,,,
4144,2026-07-28,SH600887,0.001812179109147197,EXP_CatBoostModel_Alpha158_csi300_custom_step0_s_20260728_15,f6be011009d440f5aa0b617fbf27970e,0.052,,,
4145,2026-07-28,SH600886,-0.03287008660386793,EXP_CatBoostModel_Alpha158_csi300_custom_step0_s_20260728_15,f6be011009d440f5aa0b617fbf27970e,0.052,,,
4146,2026-07-28,SH600875,0.010366719356167321,EXP_CatBoostModel_Alpha158_csi300_custom_step0_s_20260728_15,f6be011009d440f5aa0b617fbf27970e,0.052,,,
4147,2026-07-28,SH600845,0.009454253665819045,EXP_CatBoostModel_Alpha158_csi300_custom_step0_s_20260728_15,f6be011009d440f5aa0b617fbf27970e,0.052,,,
4148,2026-07-28,SH600809,-0.05131906772369524,EXP_CatBoostModel_Alpha158_csi300_custom_step0_s_20260728_15,f6be011009d440f5aa0b617fbf27970e,0.052,,,
4149,2026-07-28,SH600918,-0.005678895434872763,EXP_CatBoostModel_Alpha158_csi300_custom_step0_s_20260728_15,f6be011009d440f5aa0b617fbf27970e,0.052,,,
4150,2026-07-28,SH600803,-0.00378869070717139,EXP_CatBoostModel_Alpha158_csi300_custom_step0_s_20260728_15,f6be011009d440f5aa0b617fbf27970e,0.052,,,
4151,2026-07-28,SH600760,-0.07557059899689958,EXP_CatBoostModel_Alpha158_csi300_custom_step0_s_20260728_15,f6be011009d440f5aa0b617fbf27970e,0.052,,,
4152,2026-07-28,SH600741,-0.017125294866832542,EXP_CatBoostModel_Alpha158_csi300_custom_step0_s_20260728_15,f6be011009d440f5aa0b617fbf27970e,0.052,,,
4153,2026-07-28,SH600690,-0.006480944229233063,EXP_CatBoostModel_Alpha158_csi300_custom_step0_s_20260728_15,f6be011009d440f5aa0b617fbf27970e,0.052,,,
4154,2026-07-28,SH600674,-0.006510900552141484,EXP_CatBoostModel_Alpha158_csi300_custom_step0_s_20260728_15,f6be011009d440f5aa0b617fbf27970e,0.052,,,
4155,2026-07-28,SH600660,-0.01398880071282529,EXP_CatBoostModel_Alpha158_csi300_custom_step0_s_20260728_15,f6be011009d440f5aa0b617fbf27970e,0.052,,,
4156,2026-07-28,SH600600,-0.0047185440985664726,EXP_CatBoostModel_Alpha158_csi300_custom_step0_s_20260728_15,f6be011009d440f5aa0b617fbf27970e,0.052,,,
4157,2026-07-28,SH600588,-0.005370862088085498,EXP_CatBoostModel_Alpha158_csi300_custom_step0_s_20260728_15,f6be011009d440f5aa0b617fbf27970e,0.052,,,
4158,2026-07-28,SH600585,-0.017893521701705106,EXP_CatBoostModel_Alpha158_csi300_custom_step0_s_20260728_15,f6be011009d440f5aa0b617fbf27970e,0.052,,,
4159,2026-07-28,SH600795,0.00951682644915071,EXP_CatBoostModel_Alpha158_csi300_custom_step0_s_20260728_15,f6be011009d440f5aa0b617fbf27970e,0.052,,,
4160,2026-07-28,SH600919,0.03070895064329241,EXP_CatBoostModel_Alpha158_csi300_custom_step0_s_20260728_15,f6be011009d440f5aa0b617fbf27970e,0.052,,,
4161,2026-07-28,SH600926,0.016136421907669694,EXP_CatBoostModel_Alpha158_csi300_custom_step0_s_20260728_15,f6be011009d440f5aa0b617fbf27970e,0.052,,,
4162,2026-07-28,SH600930,0.01788079084970398,EXP_CatBoostModel_Alpha158_csi300_custom_step0_s_20260728_15,f6be011009d440f5aa0b617fbf27970e,0.052,,,
4163,2026-07-28,SH601127,0.005276063988566898,EXP_CatBoostModel_Alpha158_csi300_custom_step0_s_20260728_15,f6be011009d440f5aa0b617fbf27970e,0.052,,,
4164,2026-07-28,SH601117,0.0029572759528484816,EXP_CatBoostModel_Alpha158_csi300_custom_step0_s_20260728_15,f6be011009d440f5aa0b617fbf27970e,0.052,,,
4165,2026-07-28,SH601111,0.0044311414097422085,EXP_CatBoostModel_Alpha158_csi300_custom_step0_s_20260728_15,f6be011009d440f5aa0b617fbf27970e,0.052,,,
4166,2026-07-28,SH601100,0.001198844805159583,EXP_CatBoostModel_Alpha158_csi300_custom_step0_s_20260728_15,f6be011009d440f5aa0b617fbf27970e,0.052,,,
4167,2026-07-28,SH601088,-0.06967267487421004,EXP_CatBoostModel_Alpha158_csi300_custom_step0_s_20260728_15,f6be011009d440f5aa0b617fbf27970e,0.052,,,
4168,2026-07-28,SH601077,0.006356113045138454,EXP_CatBoostModel_Alpha158_csi300_custom_step0_s_20260728_15,f6be011009d440f5aa0b617fbf27970e,0.052,,,
4169,2026-07-28,SH601066,0.022983261509675373,EXP_CatBoostModel_Alpha158_csi300_custom_step0_s_20260728_15,f6be011009d440f5aa0b617fbf27970e,0.052,,,
4170,2026-07-28,SH601059,0.012817221518917699,EXP_CatBoostModel_Alpha158_csi300_custom_step0_s_20260728_15,f6be011009d440f5aa0b617fbf27970e,0.052,,,
4171,2026-07-28,SH601058,-0.021914461861448378,EXP_CatBoostModel_Alpha158_csi300_custom_step0_s_20260728_15,f6be011009d440f5aa0b617fbf27970e,0.052,,,
4172,2026-07-28,SH601021,0.03493828091042133,EXP_CatBoostModel_Alpha158_csi300_custom_step0_s_20260728_15,f6be011009d440f5aa0b617fbf27970e,0.052,,,
4173,2026-07-28,SH601018,-0.02377241024855548,EXP_CatBoostModel_Alpha158_csi300_custom_step0_s_20260728_15,f6be011009d440f5aa0b617fbf27970e,0.052,,,
4174,2026-07-28,SH601012,-0.0031758778956716867,EXP_CatBoostModel_Alpha158_csi300_custom_step0_s_20260728_15,f6be011009d440f5aa0b617fbf27970e,0.052,,,
4175,2026-07-28,SH601009,0.006112821415080914,EXP_CatBoostModel_Alpha158_csi300_custom_step0_s_20260728_15,f6be011009d440f5aa0b617fbf27970e,0.052,,,
4176,2026-07-28,SH601006,-0.019682587716023395,EXP_CatBoostModel_Alpha158_csi300_custom_step0_s_20260728_15,f6be011009d440f5aa0b617fbf27970e,0.052,,,
4177,2026-07-28,SH600999,0.02983154874606172,EXP_CatBoostModel_Alpha158_csi300_custom_step0_s_20260728_15,f6be011009d440f5aa0b617fbf27970e,0.052,,,
4178,2026-07-28,SH600989,-0.005413792712816105,EXP_CatBoostModel_Alpha158_csi300_custom_step0_s_20260728_15,f6be011009d440f5aa0b617fbf27970e,0.052,,,
4179,2026-07-28,SH600958,0.007223423246209006,EXP_CatBoostModel_Alpha158_csi300_custom_step0_s_20260728_15,f6be011009d440f5aa0b617fbf27970e,0.052,,,
4180,2026-07-28,SH600941,0.006799273125063526,EXP_CatBoostModel_Alpha158_csi300_custom_step0_s_20260728_15,f6be011009d440f5aa0b617fbf27970e,0.052,,,
4181,2026-07-28,SH600938,-0.024704558558620523,EXP_CatBoostModel_Alpha158_csi300_custom_step0_s_20260728_15,f6be011009d440f5aa0b617fbf27970e,0.052,,,
4182,2026-07-28,SH601878,0.03360533082847429,EXP_CatBoostModel_Alpha158_csi300_custom_step0_s_20260728_15,f6be011009d440f5aa0b617fbf27970e,0.052,,,
4183,2026-07-28,SH601881,0.0032323021139467967,EXP_CatBoostModel_Alpha158_csi300_custom_step0_s_20260728_15,f6be011009d440f5aa0b617fbf27970e,0.052,,,
4184,2026-07-28,SH601888,-0.0070861200706356965,EXP_CatBoostModel_Alpha158_csi300_custom_step0_s_20260728_15,f6be011009d440f5aa0b617fbf27970e,0.052,,,
4185,2026-07-28,SH601898,-0.07487547352790573,EXP_CatBoostModel_Alpha158_csi300_custom_step0_s_20260728_15,f6be011009d440f5aa0b617fbf27970e,0.052,,,
4186,2026-07-28,SZ000708,-0.04458934378458527,EXP_CatBoostModel_Alpha158_csi300_custom_step0_s_20260728_15,f6be011009d440f5aa0b617fbf27970e,0.052,,,
4187,2026-07-28,SZ000657,0.035202227205261255,EXP_CatBoostModel_Alpha158_csi300_custom_step0_s_20260728_15,f6be011009d440f5aa0b617fbf27970e,0.052,,,
4188,2026-07-28,SZ000651,0.01827234124870741,EXP_CatBoostModel_Alpha158_csi300_custom_step0_s_20260728_15,f6be011009d440f5aa0b617fbf27970e,0.052,,,
4189,2026-07-28,SZ000630,0.021235338455925727,EXP_CatBoostModel_Alpha158_csi300_custom_step0_s_20260728_15,f6be011009d440f5aa0b617fbf27970e,0.052,,,
4190,2026-07-28,SZ000625,-0.0008660477094579908,EXP_CatBoostModel_Alpha158_csi300_custom_step0_s_20260728_15,f6be011009d440f5aa0b617fbf27970e,0.052,,,
4191,2026-07-28,SZ000617,0.002466421876554457,EXP_CatBoostModel_Alpha158_csi300_custom_step0_s_20260728_15,f6be011009d440f5aa0b617fbf27970e,0.052,,,
4192,2026-07-28,SZ000596,-0.06836445457211304,EXP_CatBoostModel_Alpha158_csi300_custom_step0_s_20260728_15,f6be011009d440f5aa0b617fbf27970e,0.052,,,
4193,2026-07-28,SZ000568,-0.03464989043950832,EXP_CatBoostModel_Alpha158_csi300_custom_step0_s_20260728_15,f6be011009d440f5aa0b617fbf27970e,0.052,,,
4194,2026-07-28,SZ000725,0.04718145675355359,EXP_CatBoostModel_Alpha158_csi300_custom_step0_s_20260728_15,f6be011009d440f5aa0b617fbf27970e,0.052,,,
4195,2026-07-28,SZ000538,0.008065941131947866,EXP_CatBoostModel_Alpha158_csi300_custom_step0_s_20260728_15,f6be011009d440f5aa0b617fbf27970e,0.052,,,
4196,2026-07-28,SZ000408,0.0005045728917295485,EXP_CatBoostModel_Alpha158_csi300_custom_step0_s_20260728_15,f6be011009d440f5aa0b617fbf27970e,0.052,,,
4197,2026-07-28,SZ000338,0.010763243725790156,EXP_CatBoostModel_Alpha158_csi300_custom_step0_s_20260728_15,f6be011009d440f5aa0b617fbf27970e,0.052,,,
4198,2026-07-28,SZ000333,0.00536974927742932,EXP_CatBoostModel_Alpha158_csi300_custom_step0_s_20260728_15,f6be011009d440f5aa0b617fbf27970e,0.052,,,
4199,2026-07-28,SZ000301,-0.06065414189984182,EXP_CatBoostModel_Alpha158_csi300_custom_step0_s_20260728_15,f6be011009d440f5aa0b617fbf27970e,0.052,,,
4200,2026-07-28,SZ000166,0.03819625795695279,EXP_CatBoostModel_Alpha158_csi300_custom_step0_s_20260728_15,f6be011009d440f5aa0b617fbf27970e,0.052,,,
4201,2026-07-28,SZ000157,0.006235887204242034,EXP_CatBoostModel_Alpha158_csi300_custom_step0_s_20260728_15,f6be011009d440f5aa0b617fbf27970e,0.052,,,
4202,2026-07-28,SZ000100,0.02287112852562314,EXP_CatBoostModel_Alpha158_csi300_custom_step0_s_20260728_15,f6be011009d440f5aa0b617fbf27970e,0.052,,,
4203,2026-07-28,SZ000063,-0.0031826657170255465,EXP_CatBoostModel_Alpha158_csi300_custom_step0_s_20260728_15,f6be011009d440f5aa0b617fbf27970e,0.052,,,
4204,2026-07-28,SZ000425,0.005580984157783906,EXP_CatBoostModel_Alpha158_csi300_custom_step0_s_20260728_15,f6be011009d440f5aa0b617fbf27970e,0.052,,,
4205,2026-07-28,SZ000768,0.0033071765752296354,EXP_CatBoostModel_Alpha158_csi300_custom_step0_s_20260728_15,f6be011009d440f5aa0b617fbf27970e,0.052,,,
4206,2026-07-28,SZ000776,0.017990214133668473,EXP_CatBoostModel_Alpha158_csi300_custom_step0_s_20260728_15,f6be011009d440f5aa0b617fbf27970e,0.052,,,
4207,2026-07-28,SZ000792,0.00926171564817481,EXP_CatBoostModel_Alpha158_csi300_custom_step0_s_20260728_15,f6be011009d440f5aa0b617fbf27970e,0.052,,,
4208,2026-07-28,SZ002074,0.008634547274657936,EXP_CatBoostModel_Alpha158_csi300_custom_step0_s_20260728_15,f6be011009d440f5aa0b617fbf27970e,0.052,,,
4209,2026-07-28,SZ002050,0.024231497445709793,EXP_CatBoostModel_Alpha158_csi300_custom_step0_s_20260728_15,f6be011009d440f5aa0b617fbf27970e,0.052,,,
4210,2026-07-28,SZ002049,0.03532016629177304,EXP_CatBoostModel_Alpha158_csi300_custom_step0_s_20260728_15,f6be011009d440f5aa0b617fbf27970e,0.052,,,
4211,2026-07-28,SZ002028,0.02607252197099804,EXP_CatBoostModel_Alpha158_csi300_custom_step0_s_20260728_15,f6be011009d440f5aa0b617fbf27970e,0.052,,,
4212,2026-07-28,SZ002027,-0.029352553245885753,EXP_CatBoostModel_Alpha158_csi300_custom_step0_s_20260728_15,f6be011009d440f5aa0b617fbf27970e,0.052,,,
4213,2026-07-28,SZ002001,-0.031779579532633495,EXP_CatBoostModel_Alpha158_csi300_custom_step0_s_20260728_15,f6be011009d440f5aa0b617fbf27970e,0.052,,,
4214,2026-07-28,SZ001979,-0.022110282882889482,EXP_CatBoostModel_Alpha158_csi300_custom_step0_s_20260728_15,f6be011009d440f5aa0b617fbf27970e,0.052,,,
4215,2026-07-28,SZ001965,-0.04820124038368917,EXP_CatBoostModel_Alpha158_csi300_custom_step0_s_20260728_15,f6be011009d440f5aa0b617fbf27970e,0.052,,,
4216,2026-07-28,SZ001391,0.008194024376491018,EXP_CatBoostModel_Alpha158_csi300_custom_step0_s_20260728_15,f6be011009d440f5aa0b617fbf27970e,0.052,,,
4217,2026-07-28,SZ001280,0.009482038748031935,EXP_CatBoostModel_Alpha158_csi300_custom_step0_s_20260728_15,f6be011009d440f5aa0b617fbf27970e,0.052,,,
4218,2026-07-28,SZ000999,0.0011257890804901153,EXP_CatBoostModel_Alpha158_csi300_custom_step0_s_20260728_15,f6be011009d440f5aa0b617fbf27970e,0.052,,,
4219,2026-07-28,SZ000988,-0.15065590986619032,EXP_CatBoostModel_Alpha158_csi300_custom_step0_s_20260728_15,f6be011009d440f5aa0b617fbf27970e,0.052,,,
4220,2026-07-28,SZ000977,0.0398136124921818,EXP_CatBoostModel_Alpha158_csi300_custom_step0_s_20260728_15,f6be011009d440f5aa0b617fbf27970e,0.052,,,
4221,2026-07-28,SZ000975,-0.012013398786104836,EXP_CatBoostModel_Alpha158_csi300_custom_step0_s_20260728_15,f6be011009d440f5aa0b617fbf27970e,0.052,,,
4222,2026-07-28,SZ000963,-0.006923341637768975,EXP_CatBoostModel_Alpha158_csi300_custom_step0_s_20260728_15,f6be011009d440f5aa0b617fbf27970e,0.052,,,
4223,2026-07-28,SZ000938,-0.029982706092438544,EXP_CatBoostModel_Alpha158_csi300_custom_step0_s_20260728_15,f6be011009d440f5aa0b617fbf27970e,0.052,,,
4224,2026-07-28,SZ000895,-0.03104856636109034,EXP_CatBoostModel_Alpha158_csi300_custom_step0_s_20260728_15,f6be011009d440f5aa0b617fbf27970e,0.052,,,
4225,2026-07-28,SZ000858,-0.006096294387496813,EXP_CatBoostModel_Alpha158_csi300_custom_step0_s_20260728_15,f6be011009d440f5aa0b617fbf27970e,0.052,,,
4226,2026-07-28,SZ000807,-0.04653783848101826,EXP_CatBoostModel_Alpha158_csi300_custom_step0_s_20260728_15,f6be011009d440f5aa0b617fbf27970e,0.052,,,
4227,2026-07-28,SZ000002,0.002410327081336274,EXP_CatBoostModel_Alpha158_csi300_custom_step0_s_20260728_15,f6be011009d440f5aa0b617fbf27970e,0.052,,,
4228,2026-07-28,SZ001280,0.04292533090981092,EXP_CatBoostModel_Alpha158_csi300_custom_step0_s_20260728_15,ef9a99daeb5547b1818a90c7eee944b1,0.036,,,
4229,2026-07-28,SZ000001,0.017448872256355746,EXP_CatBoostModel_Alpha158_csi300_custom_step0_s_20260728_15,f6be011009d440f5aa0b617fbf27970e,0.052,,,
4230,2026-07-28,SH688521,-0.013979314282716484,EXP_CatBoostModel_Alpha158_csi300_custom_step0_s_20260728_15,f6be011009d440f5aa0b617fbf27970e,0.052,,,
4231,2026-07-28,SH603799,0.05003722681118884,EXP_CatBoostModel_Alpha158_csi300_custom_step0_s_20260728_15,f6be011009d440f5aa0b617fbf27970e,0.052,,,
4232,2026-07-28,SH603501,0.036149655500917206,EXP_CatBoostModel_Alpha158_csi300_custom_step0_s_20260728_15,f6be011009d440f5aa0b617fbf27970e,0.052,,,
4233,2026-07-28,SH603392,-0.009756658206124537,EXP_CatBoostModel_Alpha158_csi300_custom_step0_s_20260728_15,f6be011009d440f5aa0b617fbf27970e,0.052,,,
4234,2026-07-28,SH603369,-0.03071465759678673,EXP_CatBoostModel_Alpha158_csi300_custom_step0_s_20260728_15,f6be011009d440f5aa0b617fbf27970e,0.052,,,
4235,2026-07-28,SH603296,0.018729530947959466,EXP_CatBoostModel_Alpha158_csi300_custom_step0_s_20260728_15,f6be011009d440f5aa0b617fbf27970e,0.052,,,
4236,2026-07-28,SH603288,-0.03780011567949169,EXP_CatBoostModel_Alpha158_csi300_custom_step0_s_20260728_15,f6be011009d440f5aa0b617fbf27970e,0.052,,,
4237,2026-07-28,SH603260,0.026840709613240442,EXP_CatBoostModel_Alpha158_csi300_custom_step0_s_20260728_15,f6be011009d440f5aa0b617fbf27970e,0.052,,,
4238,2026-07-28,SH603259,0.0011217747628886041,EXP_CatBoostModel_Alpha158_csi300_custom_step0_s_20260728_15,f6be011009d440f5aa0b617fbf27970e,0.052,,,
4239,2026-07-28,SH603893,0.03848739133939596,EXP_CatBoostModel_Alpha158_csi300_custom_step0_s_20260728_15,f6be011009d440f5aa0b617fbf27970e,0.052,,,
4240,2026-07-28,SH603019,0.010626646350091324,EXP_CatBoostModel_Alpha158_csi300_custom_step0_s_20260728_15,f6be011009d440f5aa0b617fbf27970e,0.052,,,
4241,2026-07-28,SH601995,0.014642395706791897,EXP_CatBoostModel_Alpha158_csi300_custom_step0_s_20260728_15,f6be011009d440f5aa0b617fbf27970e,0.052,,,
4242,2026-07-28,SH601988,0.008141764618147928,EXP_CatBoostModel_Alpha158_csi300_custom_step0_s_20260728_15,f6be011009d440f5aa0b617fbf27970e,0.052,,,
4243,2026-07-28,SH601985,0.0381674686715748,EXP_CatBoostModel_Alpha158_csi300_custom_step0_s_20260728_15,f6be011009d440f5aa0b617fbf27970e,0.052,,,
4244,2026-07-28,SH601939,0.005789225758830965,EXP_CatBoostModel_Alpha158_csi300_custom_step0_s_20260728_15,f6be011009d440f5aa0b617fbf27970e,0.052,,,
4245,2026-07-28,SH601919,0.031168297595474216,EXP_CatBoostModel_Alpha158_csi300_custom_step0_s_20260728_15,f6be011009d440f5aa0b617fbf27970e,0.052,,,
4246,2026-07-28,SH601916,0.01861996375690079,EXP_CatBoostModel_Alpha158_csi300_custom_step0_s_20260728_15,f6be011009d440f5aa0b617fbf27970e,0.052,,,
4247,2026-07-28,SH601901,0.008907399732990791,EXP_CatBoostModel_Alpha158_csi300_custom_step0_s_20260728_15,f6be011009d440f5aa0b617fbf27970e,0.052,,,
4248,2026-07-28,SH601899,-0.051648498703808485,EXP_CatBoostModel_Alpha158_csi300_custom_step0_s_20260728_15,f6be011009d440f5aa0b617fbf27970e,0.052,,,
4249,2026-07-28,SH601998,-0.002508355358819367,EXP_CatBoostModel_Alpha158_csi300_custom_step0_s_20260728_15,f6be011009d440f5aa0b617fbf27970e,0.052,,,
4250,2026-07-28,SH603986,-0.3428516268546856,EXP_CatBoostModel_Alpha158_csi300_custom_step0_s_20260728_15,f6be011009d440f5aa0b617fbf27970e,0.052,,,
4251,2026-07-28,SH603993,-0.08689525700960901,EXP_CatBoostModel_Alpha158_csi300_custom_step0_s_20260728_15,f6be011009d440f5aa0b617fbf27970e,0.052,,,
4252,2026-07-28,SH605117,0.02570024615995899,EXP_CatBoostModel_Alpha158_csi300_custom_step0_s_20260728_15,f6be011009d440f5aa0b617fbf27970e,0.052,,,
4253,2026-07-28,SH688506,0.017879233862380144,EXP_CatBoostModel_Alpha158_csi300_custom_step0_s_20260728_15,f6be011009d440f5aa0b617fbf27970e,0.052,,,
4254,2026-07-28,SH688472,-0.004368103842572893,EXP_CatBoostModel_Alpha158_csi300_custom_step0_s_20260728_15,f6be011009d440f5aa0b617fbf27970e,0.052,,,
4255,2026-07-28,SH688396,-0.04232390939659559,EXP_CatBoostModel_Alpha158_csi300_custom_step0_s_20260728_15,f6be011009d440f5aa0b617fbf27970e,0.052,,,
4256,2026-07-28,SH688303,-0.00901522498538084,EXP_CatBoostModel_Alpha158_csi300_custom_step0_s_20260728_15,f6be011009d440f5aa0b617fbf27970e,0.052,,,
4257,2026-07-28,SH688271,-0.008015777393321554,EXP_CatBoostModel_Alpha158_csi300_custom_step0_s_20260728_15,f6be011009d440f5aa0b617fbf27970e,0.052,,,
4258,2026-07-28,SH688256,0.00484135724444517,EXP_CatBoostModel_Alpha158_csi300_custom_step0_s_20260728_15,f6be011009d440f5aa0b617fbf27970e,0.052,,,
4259,2026-07-28,SH688223,0.01615955537780114,EXP_CatBoostModel_Alpha158_csi300_custom_step0_s_20260728_15,f6be011009d440f5aa0b617fbf27970e,0.052,,,
4260,2026-07-28,SH688183,-0.06456795166901612,EXP_CatBoostModel_Alpha158_csi300_custom_step0_s_20260728_15,f6be011009d440f5aa0b617fbf27970e,0.052,,,
4261,2026-07-28,SH688126,0.05205937078228161,EXP_CatBoostModel_Alpha158_csi300_custom_step0_s_20260728_15,f6be011009d440f5aa0b617fbf27970e,0.052,,,
4262,2026-07-28,SH688111,0.0026081283952040426,EXP_CatBoostModel_Alpha158_csi300_custom_step0_s_20260728_15,f6be011009d440f5aa0b617fbf27970e,0.052,,,
4263,2026-07-28,SH688082,0.05085379458180134,EXP_CatBoostModel_Alpha158_csi300_custom_step0_s_20260728_15,f6be011009d440f5aa0b617fbf27970e,0.052,,,
4264,2026-07-28,SH688072,0.046196572608070426,EXP_CatBoostModel_Alpha158_csi300_custom_step0_s_20260728_15,f6be011009d440f5aa0b617fbf27970e,0.052,,,
4265,2026-07-28,SH688047,0.05633292431159202,EXP_CatBoostModel_Alpha158_csi300_custom_step0_s_20260728_15,f6be011009d440f5aa0b617fbf27970e,0.052,,,
4266,2026-07-28,SH688041,0.0396487251083241,EXP_CatBoostModel_Alpha158_csi300_custom_step0_s_20260728_15,f6be011009d440f5aa0b617fbf27970e,0.052,,,
4267,2026-07-28,SH688036,-0.037852087463194684,EXP_CatBoostModel_Alpha158_csi300_custom_step0_s_20260728_15,f6be011009d440f5aa0b617fbf27970e,0.052,,,
4268,2026-07-28,SH688012,0.04720135317529756,EXP_CatBoostModel_Alpha158_csi300_custom_step0_s_20260728_15,f6be011009d440f5aa0b617fbf27970e,0.052,,,
4269,2026-07-28,SH688009,0.008854392191416484,EXP_CatBoostModel_Alpha158_csi300_custom_step0_s_20260728_15,f6be011009d440f5aa0b617fbf27970e,0.052,,,
4270,2026-07-28,SH688008,0.03957714041839738,EXP_CatBoostModel_Alpha158_csi300_custom_step0_s_20260728_15,f6be011009d440f5aa0b617fbf27970e,0.052,,,
4271,2026-07-28,SH605499,-0.022981508141746203,EXP_CatBoostModel_Alpha158_csi300_custom_step0_s_20260728_15,f6be011009d440f5aa0b617fbf27970e,0.052,,,
4272,2026-07-28,SH688981,0.02950283553524861,EXP_CatBoostModel_Alpha158_csi300_custom_step0_s_20260728_15,f6be011009d440f5aa0b617fbf27970e,0.052,,,
4273,2026-07-28,SZ001391,-0.018010603982335296,EXP_CatBoostModel_Alpha158_csi300_custom_step0_s_20260728_15,ef9a99daeb5547b1818a90c7eee944b1,0.036,,,
4274,2026-07-28,SZ001965,-0.03902525231624959,EXP_CatBoostModel_Alpha158_csi300_custom_step0_s_20260728_15,ef9a99daeb5547b1818a90c7eee944b1,0.036,,,
4275,2026-07-28,SZ001979,-0.023468663079966562,EXP_CatBoostModel_Alpha158_csi300_custom_step0_s_20260728_15,ef9a99daeb5547b1818a90c7eee944b1,0.036,,,
4276,2026-07-28,SZ300418,0.04473445147919922,EXP_LGBModel_Alpha158_csi300_custom_step0_s_20260728_15,ef8308ec3071412bb08f1568539cf83c,0.06,,,
4277,2026-07-28,SZ300413,-0.03286668867903774,EXP_LGBModel_Alpha158_csi300_custom_step0_s_20260728_15,ef8308ec3071412bb08f1568539cf83c,0.06,,,
4278,2026-07-28,SZ300408,0.05066085590961093,EXP_LGBModel_Alpha158_csi300_custom_step0_s_20260728_15,ef8308ec3071412bb08f1568539cf83c,0.06,,,
4279,2026-07-28,SZ300394,0.0225962069495665,EXP_LGBModel_Alpha158_csi300_custom_step0_s_20260728_15,ef8308ec3071412bb08f1568539cf83c,0.06,,,
4280,2026-07-28,SZ300316,0.08201034628027483,EXP_LGBModel_Alpha158_csi300_custom_step0_s_20260728_15,ef8308ec3071412bb08f1568539cf83c,0.06,,,
4281,2026-07-28,SZ300308,0.035976991155008624,EXP_LGBModel_Alpha158_csi300_custom_step0_s_20260728_15,ef8308ec3071412bb08f1568539cf83c,0.06,,,
4282,2026-07-28,SZ300274,0.06053034728283527,EXP_LGBModel_Alpha158_csi300_custom_step0_s_20260728_15,ef8308ec3071412bb08f1568539cf83c,0.06,,,
4283,2026-07-28,SZ300251,-0.05243260867435331,EXP_LGBModel_Alpha158_csi300_custom_step0_s_20260728_15,ef8308ec3071412bb08f1568539cf83c,0.06,,,
4284,2026-07-28,SZ300433,0.053092510125833485,EXP_LGBModel_Alpha158_csi300_custom_step0_s_20260728_15,ef8308ec3071412bb08f1568539cf83c,0.06,,,
4285,2026-07-28,SZ300124,-0.009017414673300245,EXP_LGBModel_Alpha158_csi300_custom_step0_s_20260728_15,ef8308ec3071412bb08f1568539cf83c,0.06,,,
4286,2026-07-28,SZ300059,-0.007267296315653334,EXP_LGBModel_Alpha158_csi300_custom_step0_s_20260728_15,ef8308ec3071412bb08f1568539cf83c,0.06,,,
4287,2026-07-28,SZ300033,-0.010915446613552498,EXP_LGBModel_Alpha158_csi300_custom_step0_s_20260728_15,ef8308ec3071412bb08f1568539cf83c,0.06,,,
4288,2026-07-28,SZ300015,-0.049706538378346266,EXP_LGBModel_Alpha158_csi300_custom_step0_s_20260728_15,ef8308ec3071412bb08f1568539cf83c,0.06,,,
4289,2026-07-28,SZ300014,0.07299953036769381,EXP_LGBModel_Alpha158_csi300_custom_step0_s_20260728_15,ef8308ec3071412bb08f1568539cf83c,0.06,,,
4290,2026-07-28,SZ003816,-0.0033031882630854864,EXP_LGBModel_Alpha158_csi300_custom_step0_s_20260728_15,ef8308ec3071412bb08f1568539cf83c,0.06,,,
4291,2026-07-28,SZ002938,0.09164817803370934,EXP_LGBModel_Alpha158_csi300_custom_step0_s_20260728_15,ef8308ec3071412bb08f1568539cf83c,0.06,,,
4292,2026-07-28,SZ002920,-0.04367897218362325,EXP_LGBModel_Alpha158_csi300_custom_step0_s_20260728_15,ef8308ec3071412bb08f1568539cf83c,0.06,,,
4293,2026-07-28,SZ002916,0.09560976401349279,EXP_LGBModel_Alpha158_csi300_custom_step0_s_20260728_15,ef8308ec3071412bb08f1568539cf83c,0.06,,,
4294,2026-07-28,SZ300122,-0.05325248432400805,EXP_LGBModel_Alpha158_csi300_custom_step0_s_20260728_15,ef8308ec3071412bb08f1568539cf83c,0.06,,,
4295,2026-07-28,SZ002837,0.09258283234345947,EXP_LGBModel_Alpha158_csi300_custom_step0_s_20260728_15,ef8308ec3071412bb08f1568539cf83c,0.06,,,
4296,2026-07-28,SZ300442,0.06881255141286749,EXP_LGBModel_Alpha158_csi300_custom_step0_s_20260728_15,ef8308ec3071412bb08f1568539cf83c,0.06,,,
4297,2026-07-28,SZ300476,0.022396545191955074,EXP_LGBModel_Alpha158_csi300_custom_step0_s_20260728_15,ef8308ec3071412bb08f1568539cf83c,0.06,,,
4298,2026-07-28,SH600009,-0.008469966746773206,EXP_LGBModel_Alpha158_csi300_custom_step0_s_20260728_15,7259550e38e84226bbdd12fe083e6b8b,0.089,,,
4299,2026-07-28,SH600000,0.03381839205231139,EXP_LGBModel_Alpha158_csi300_custom_step0_s_20260728_15,7259550e38e84226bbdd12fe083e6b8b,0.089,,,
4300,2026-07-28,SZ302132,-0.11370293526580227,EXP_LGBModel_Alpha158_csi300_custom_step0_s_20260728_15,ef8308ec3071412bb08f1568539cf83c,0.06,,,
4301,2026-07-28,SZ301308,0.001887296804917162,EXP_LGBModel_Alpha158_csi300_custom_step0_s_20260728_15,ef8308ec3071412bb08f1568539cf83c,0.06,,,
4302,2026-07-28,SZ301269,0.10228404697316561,EXP_LGBModel_Alpha158_csi300_custom_step0_s_20260728_15,ef8308ec3071412bb08f1568539cf83c,0.06,,,
4303,2026-07-28,SZ301236,-0.03644907733510817,EXP_LGBModel_Alpha158_csi300_custom_step0_s_20260728_15,ef8308ec3071412bb08f1568539cf83c,0.06,,,
4304,2026-07-28,SZ301165,0.0003763444782117877,EXP_LGBModel_Alpha158_csi300_custom_step0_s_20260728_15,ef8308ec3071412bb08f1568539cf83c,0.06,,,
4305,2026-07-28,SZ300999,-0.008827196736383163,EXP_LGBModel_Alpha158_csi300_custom_step0_s_20260728_15,ef8308ec3071412bb08f1568539cf83c,0.06,,,
4306,2026-07-28,SZ300450,0.10069184619671072,EXP_LGBModel_Alpha158_csi300_custom_step0_s_20260728_15,ef8308ec3071412bb08f1568539cf83c,0.06,,,
4307,2026-07-28,SZ300896,-0.06774811578311055,EXP_LGBModel_Alpha158_csi300_custom_step0_s_20260728_15,ef8308ec3071412bb08f1568539cf83c,0.06,,,
4308,2026-07-28,SZ300832,-0.00658210655085573,EXP_LGBModel_Alpha158_csi300_custom_step0_s_20260728_15,ef8308ec3071412bb08f1568539cf83c,0.06,,,
4309,2026-07-28,SZ300803,0.06306218296124333,EXP_LGBModel_Alpha158_csi300_custom_step0_s_20260728_15,ef8308ec3071412bb08f1568539cf83c,0.06,,,
4310,2026-07-28,SZ300760,-0.040133426099433316,EXP_LGBModel_Alpha158_csi300_custom_step0_s_20260728_15,ef8308ec3071412bb08f1568539cf83c,0.06,,,
4311,2026-07-28,SZ300750,0.044282419021883984,EXP_LGBModel_Alpha158_csi300_custom_step0_s_20260728_15,ef8308ec3071412bb08f1568539cf83c,0.06,,,
4312,2026-07-28,SZ300661,0.042874678296371246,EXP_LGBModel_Alpha158_csi300_custom_step0_s_20260728_15,ef8308ec3071412bb08f1568539cf83c,0.06,,,
4313,2026-07-28,SZ300628,-0.020164890404589957,EXP_LGBModel_Alpha158_csi300_custom_step0_s_20260728_15,ef8308ec3071412bb08f1568539cf83c,0.06,,,
4314,2026-07-28,SZ300502,0.029620906011256266,EXP_LGBModel_Alpha158_csi300_custom_step0_s_20260728_15,ef8308ec3071412bb08f1568539cf83c,0.06,,,
4315,2026-07-28,SZ300498,-0.02016100800582311,EXP_LGBModel_Alpha158_csi300_custom_step0_s_20260728_15,ef8308ec3071412bb08f1568539cf83c,0.06,,,
4316,2026-07-28,SZ300866,-0.031048151315784814,EXP_LGBModel_Alpha158_csi300_custom_step0_s_20260728_15,ef8308ec3071412bb08f1568539cf83c,0.06,,,
4317,2026-07-28,SZ002736,0.037770655262082155,EXP_LGBModel_Alpha158_csi300_custom_step0_s_20260728_15,ef8308ec3071412bb08f1568539cf83c,0.06,,,
4318,2026-07-28,SZ002714,-0.04285399194944361,EXP_LGBModel_Alpha158_csi300_custom_step0_s_20260728_15,ef8308ec3071412bb08f1568539cf83c,0.06,,,
4319,2026-07-28,SZ002709,0.11578855860356961,EXP_LGBModel_Alpha158_csi300_custom_step0_s_20260728_15,ef8308ec3071412bb08f1568539cf83c,0.06,,,
4320,2026-07-28,SZ002202,0.11345991826007809,EXP_LGBModel_Alpha158_csi300_custom_step0_s_20260728_15,ef8308ec3071412bb08f1568539cf83c,0.06,,,
4321,2026-07-28,SZ002179,0.06250827766452752,EXP_LGBModel_Alpha158_csi300_custom_step0_s_20260728_15,ef8308ec3071412bb08f1568539cf83c,0.06,,,
4322,2026-07-28,SZ002142,0.036082070512219476,EXP_LGBModel_Alpha158_csi300_custom_step0_s_20260728_15,ef8308ec3071412bb08f1568539cf83c,0.06,,,
4323,2026-07-28,SZ002074,-0.026687735323785135,EXP_LGBModel_Alpha158_csi300_custom_step0_s_20260728_15,ef8308ec3071412bb08f1568539cf83c,0.06,,,
4324,2026-07-28,SZ002050,0.06643468360973498,EXP_LGBModel_Alpha158_csi300_custom_step0_s_20260728_15,ef8308ec3071412bb08f1568539cf83c,0.06,,,
4325,2026-07-28,SZ002049,0.11519570203919435,EXP_LGBModel_Alpha158_csi300_custom_step0_s_20260728_15,ef8308ec3071412bb08f1568539cf83c,0.06,,,
4326,2026-07-28,SZ002028,0.05397343396361977,EXP_LGBModel_Alpha158_csi300_custom_step0_s_20260728_15,ef8308ec3071412bb08f1568539cf83c,0.06,,,
4327,2026-07-28,SZ002027,-0.044101458135534545,EXP_LGBModel_Alpha158_csi300_custom_step0_s_20260728_15,ef8308ec3071412bb08f1568539cf83c,0.06,,,
4328,2026-07-28,SZ002230,-0.040699822033486176,EXP_LGBModel_Alpha158_csi300_custom_step0_s_20260728_15,ef8308ec3071412bb08f1568539cf83c,0.06,,,
4329,2026-07-28,SZ002001,-0.040436194192230025,EXP_LGBModel_Alpha158_csi300_custom_step0_s_20260728_15,ef8308ec3071412bb08f1568539cf83c,0.06,,,
4330,2026-07-28,SZ001965,-0.09825448899476145,EXP_LGBModel_Alpha158_csi300_custom_step0_s_20260728_15,ef8308ec3071412bb08f1568539cf83c,0.06,,,
4331,2026-07-28,SZ001391,-0.009077302732964856,EXP_LGBModel_Alpha158_csi300_custom_step0_s_20260728_15,ef8308ec3071412bb08f1568539cf83c,0.06,,,
4332,2026-07-28,SZ001280,0.04398297811986495,EXP_LGBModel_Alpha158_csi300_custom_step0_s_20260728_15,ef8308ec3071412bb08f1568539cf83c,0.06,,,
4333,2026-07-28,SZ000999,-0.008792201627338923,EXP_LGBModel_Alpha158_csi300_custom_step0_s_20260728_15,ef8308ec3071412bb08f1568539cf83c,0.06,,,
4334,2026-07-28,SZ000988,0.10930614082969188,EXP_LGBModel_Alpha158_csi300_custom_step0_s_20260728_15,ef8308ec3071412bb08f1568539cf83c,0.06,,,
4335,2026-07-28,SZ000977,0.04125322963004001,EXP_LGBModel_Alpha158_csi300_custom_step0_s_20260728_15,ef8308ec3071412bb08f1568539cf83c,0.06,,,
4336,2026-07-28,SZ000975,-0.08236675101061741,EXP_LGBModel_Alpha158_csi300_custom_step0_s_20260728_15,ef8308ec3071412bb08f1568539cf83c,0.06,,,
4337,2026-07-28,SZ000963,-0.04289901228130582,EXP_LGBModel_Alpha158_csi300_custom_step0_s_20260728_15,ef8308ec3071412bb08f1568539cf83c,0.06,,,
4338,2026-07-28,SZ001979,-0.05145985968358928,EXP_LGBModel_Alpha158_csi300_custom_step0_s_20260728_15,ef8308ec3071412bb08f1568539cf83c,0.06,,,
4339,2026-07-28,SZ002236,0.0068124876175430695,EXP_LGBModel_Alpha158_csi300_custom_step0_s_20260728_15,ef8308ec3071412bb08f1568539cf83c,0.06,,,
4340,2026-07-28,SZ002241,-0.001023335655972733,EXP_LGBModel_Alpha158_csi300_custom_step0_s_20260728_15,ef8308ec3071412bb08f1568539cf83c,0.06,,,
4341,2026-07-28,SZ002304,-0.033430126866104165,EXP_LGBModel_Alpha158_csi300_custom_step0_s_20260728_15,ef8308ec3071412bb08f1568539cf83c,0.06,,,
4342,2026-07-28,SZ002648,-0.03156266769738661,EXP_LGBModel_Alpha158_csi300_custom_step0_s_20260728_15,ef8308ec3071412bb08f1568539cf83c,0.06,,,
4343,2026-07-28,SZ002625,-0.011205607557704465,EXP_LGBModel_Alpha158_csi300_custom_step0_s_20260728_15,ef8308ec3071412bb08f1568539cf83c,0.06,,,
4344,2026-07-28,SZ002602,-0.031631387812966094,EXP_LGBModel_Alpha158_csi300_custom_step0_s_20260728_15,ef8308ec3071412bb08f1568539cf83c,0.06,,,
4345,2026-07-28,SZ002600,0.1078989275094804,EXP_LGBModel_Alpha158_csi300_custom_step0_s_20260728_15,ef8308ec3071412bb08f1568539cf83c,0.06,,,
4346,2026-07-28,SZ002594,-0.010022512416233295,EXP_LGBModel_Alpha158_csi300_custom_step0_s_20260728_15,ef8308ec3071412bb08f1568539cf83c,0.06,,,
4347,2026-07-28,SZ002558,-0.011717390773058937,EXP_LGBModel_Alpha158_csi300_custom_step0_s_20260728_15,ef8308ec3071412bb08f1568539cf83c,0.06,,,
4348,2026-07-28,SZ002532,-0.06807644502070125,EXP_LGBModel_Alpha158_csi300_custom_step0_s_20260728_15,ef8308ec3071412bb08f1568539cf83c,0.06,,,
4349,2026-07-28,SZ002493,-0.06375856914350782,EXP_LGBModel_Alpha158_csi300_custom_step0_s_20260728_15,ef8308ec3071412bb08f1568539cf83c,0.06,,,
4350,2026-07-28,SZ002475,0.02267324587602824,EXP_LGBModel_Alpha158_csi300_custom_step0_s_20260728_15,ef8308ec3071412bb08f1568539cf83c,0.06,,,
4351,2026-07-28,SZ002466,0.09669834025848945,EXP_LGBModel_Alpha158_csi300_custom_step0_s_20260728_15,ef8308ec3071412bb08f1568539cf83c,0.06,,,
4352,2026-07-28,SZ002463,0.07047752990040757,EXP_LGBModel_Alpha158_csi300_custom_step0_s_20260728_15,ef8308ec3071412bb08f1568539cf83c,0.06,,,
4353,2026-07-28,SZ002460,0.06455401584271807,EXP_LGBModel_Alpha158_csi300_custom_step0_s_20260728_15,ef8308ec3071412bb08f1568539cf83c,0.06,,,
4354,2026-07-28,SZ002422,0.08823415963435066,EXP_LGBModel_Alpha158_csi300_custom_step0_s_20260728_15,ef8308ec3071412bb08f1568539cf83c,0.06,,,
4355,2026-07-28,SZ002415,0.04812860674606492,EXP_LGBModel_Alpha158_csi300_custom_step0_s_20260728_15,ef8308ec3071412bb08f1568539cf83c,0.06,,,
4356,2026-07-28,SZ002384,0.05276071315924085,EXP_LGBModel_Alpha158_csi300_custom_step0_s_20260728_15,ef8308ec3071412bb08f1568539cf83c,0.06,,,
4357,2026-07-28,SZ002371,0.039842834417626836,EXP_LGBModel_Alpha158_csi300_custom_step0_s_20260728_15,ef8308ec3071412bb08f1568539cf83c,0.06,,,
4358,2026-07-28,SZ002353,0.07386373122427677,EXP_LGBModel_Alpha158_csi300_custom_step0_s_20260728_15,ef8308ec3071412bb08f1568539cf83c,0.06,,,
4359,2026-07-28,SZ002352,-0.02421906495251057,EXP_LGBModel_Alpha158_csi300_custom_step0_s_20260728_15,ef8308ec3071412bb08f1568539cf83c,0.06,,,
4360,2026-07-28,SZ002311,0.0011225374026019078,EXP_LGBModel_Alpha158_csi300_custom_step0_s_20260728_15,ef8308ec3071412bb08f1568539cf83c,0.06,,,
4361,2026-07-28,SH600010,0.021762108222804857,EXP_LGBModel_Alpha158_csi300_custom_step0_s_20260728_15,7259550e38e84226bbdd12fe083e6b8b,0.089,,,
4362,2026-07-28,SZ000938,-0.03445280068930892,EXP_LGBModel_Alpha158_csi300_custom_step0_s_20260728_15,ef8308ec3071412bb08f1568539cf83c,0.06,,,
4363,2026-07-28,SH600011,-0.0871436916897755,EXP_LGBModel_Alpha158_csi300_custom_step0_s_20260728_15,7259550e38e84226bbdd12fe083e6b8b,0.089,,,
4364,2026-07-28,SH600016,0.023051116407951888,EXP_LGBModel_Alpha158_csi300_custom_step0_s_20260728_15,7259550e38e84226bbdd12fe083e6b8b,0.089,,,
4365,2026-07-28,SH600845,0.035723035896724036,EXP_LGBModel_Alpha158_csi300_custom_step0_s_20260728_15,7259550e38e84226bbdd12fe083e6b8b,0.089,,,
4366,2026-07-28,SH600809,-0.09857416157982878,EXP_LGBModel_Alpha158_csi300_custom_step0_s_20260728_15,7259550e38e84226bbdd12fe083e6b8b,0.089,,,
4367,2026-07-28,SH600803,-0.05446358200521907,EXP_LGBModel_Alpha158_csi300_custom_step0_s_20260728_15,7259550e38e84226bbdd12fe083e6b8b,0.089,,,
4368,2026-07-28,SH600795,0.02419330099820266,EXP_LGBModel_Alpha158_csi300_custom_step0_s_20260728_15,7259550e38e84226bbdd12fe083e6b8b,0.089,,,
4369,2026-07-28,SH600760,-0.1347476487010367,EXP_LGBModel_Alpha158_csi300_custom_step0_s_20260728_15,7259550e38e84226bbdd12fe083e6b8b,0.089,,,
4370,2026-07-28,SH600741,0.0012727807508965481,EXP_LGBModel_Alpha158_csi300_custom_step0_s_20260728_15,7259550e38e84226bbdd12fe083e6b8b,0.089,,,
4371,2026-07-28,SH600690,-0.02503828799156568,EXP_LGBModel_Alpha158_csi300_custom_step0_s_20260728_15,7259550e38e84226bbdd12fe083e6b8b,0.089,,,
4372,2026-07-28,SH600674,0.017219619722952762,EXP_LGBModel_Alpha158_csi300_custom_step0_s_20260728_15,7259550e38e84226bbdd12fe083e6b8b,0.089,,,
4373,2026-07-28,SH600875,0.04022798301238055,EXP_LGBModel_Alpha158_csi300_custom_step0_s_20260728_15,7259550e38e84226bbdd12fe083e6b8b,0.089,,,
4374,2026-07-28,SH600660,-0.059410154222072444,EXP_LGBModel_Alpha158_csi300_custom_step0_s_20260728_15,7259550e38e84226bbdd12fe083e6b8b,0.089,,,
4375,2026-07-28,SH600588,-0.030411824278931233,EXP_LGBModel_Alpha158_csi300_custom_step0_s_20260728_15,7259550e38e84226bbdd12fe083e6b8b,0.089,,,
4376,2026-07-28,SH600585,-0.007053822341627214,EXP_LGBModel_Alpha158_csi300_custom_step0_s_20260728_15,7259550e38e84226bbdd12fe083e6b8b,0.089,,,
4377,2026-07-28,SH600584,0.12224838884966535,EXP_LGBModel_Alpha158_csi300_custom_step0_s_20260728_15,7259550e38e84226bbdd12fe083e6b8b,0.089,,,
4378,2026-07-28,SH600570,-0.07181891884989573,EXP_LGBModel_Alpha158_csi300_custom_step0_s_20260728_15,7259550e38e84226bbdd12fe083e6b8b,0.089,,,
4379,2026-07-28,SH600549,0.08037487703873682,EXP_LGBModel_Alpha158_csi300_custom_step0_s_20260728_15,7259550e38e84226bbdd12fe083e6b8b,0.089,,,
4380,2026-07-28,SH600547,-0.10470985319189974,EXP_LGBModel_Alpha158_csi300_custom_step0_s_20260728_15,7259550e38e84226bbdd12fe083e6b8b,0.089,,,
4381,2026-07-28,SH600522,0.025993573714222565,EXP_LGBModel_Alpha158_csi300_custom_step0_s_20260728_15,7259550e38e84226bbdd12fe083e6b8b,0.089,,,
4382,2026-07-28,SH600519,-0.02369390057129979,EXP_LGBModel_Alpha158_csi300_custom_step0_s_20260728_15,7259550e38e84226bbdd12fe083e6b8b,0.089,,,
4383,2026-07-28,SH600600,0.01265777973088576,EXP_LGBModel_Alpha158_csi300_custom_step0_s_20260728_15,7259550e38e84226bbdd12fe083e6b8b,0.089,,,
4384,2026-07-28,SH600515,0.015595710570525823,EXP_LGBModel_Alpha158_csi300_custom_step0_s_20260728_15,7259550e38e84226bbdd12fe083e6b8b,0.089,,,
4385,2026-07-28,SH600886,0.016576001115861612,EXP_LGBModel_Alpha158_csi300_custom_step0_s_20260728_15,7259550e38e84226bbdd12fe083e6b8b,0.089,,,
4386,2026-07-28,SH600893,0.02120518038194257,EXP_LGBModel_Alpha158_csi300_custom_step0_s_20260728_15,7259550e38e84226bbdd12fe083e6b8b,0.089,,,
4387,2026-07-28,SH601059,0.021443605309062457,EXP_LGBModel_Alpha158_csi300_custom_step0_s_20260728_15,7259550e38e84226bbdd12fe083e6b8b,0.089,,,
4388,2026-07-28,SH601058,0.01059976939880264,EXP_LGBModel_Alpha158_csi300_custom_step0_s_20260728_15,7259550e38e84226bbdd12fe083e6b8b,0.089,,,
4389,2026-07-28,SH601021,0.003952843112906869,EXP_LGBModel_Alpha158_csi300_custom_step0_s_20260728_15,7259550e38e84226bbdd12fe083e6b8b,0.089,,,
4390,2026-07-28,SH601018,0.019453572836329987,EXP_LGBModel_Alpha158_csi300_custom_step0_s_20260728_15,7259550e38e84226bbdd12fe083e6b8b,0.089,,,
4391,2026-07-28,SH601012,-0.10581783933705538,EXP_LGBModel_Alpha158_csi300_custom_step0_s_20260728_15,7259550e38e84226bbdd12fe083e6b8b,0.089,,,
4392,2026-07-28,SH601009,0.031654679570899076,EXP_LGBModel_Alpha158_csi300_custom_step0_s_20260728_15,7259550e38e84226bbdd12fe083e6b8b,0.089,,,
4393,2026-07-28,SH601006,0.004360595049212616,EXP_LGBModel_Alpha158_csi300_custom_step0_s_20260728_15,7259550e38e84226bbdd12fe083e6b8b,0.089,,,
4394,2026-07-28,SH600999,0.0026032849793593774,EXP_LGBModel_Alpha158_csi300_custom_step0_s_20260728_15,7259550e38e84226bbdd12fe083e6b8b,0.089,,,
4395,2026-07-28,SH600887,-0.004642796179279001,EXP_LGBModel_Alpha158_csi300_custom_step0_s_20260728_15,7259550e38e84226bbdd12fe083e6b8b,0.089,,,
4396,2026-07-28,SH600989,-0.04720785813625619,EXP_LGBModel_Alpha158_csi300_custom_step0_s_20260728_15,7259550e38e84226bbdd12fe083e6b8b,0.089,,,
4397,2026-07-28,SH600941,0.07493934041546126,EXP_LGBModel_Alpha158_csi300_custom_step0_s_20260728_15,7259550e38e84226bbdd12fe083e6b8b,0.089,,,
4398,2026-07-28,SH600938,-0.051583773505640695,EXP_LGBModel_Alpha158_csi300_custom_step0_s_20260728_15,7259550e38e84226bbdd12fe083e6b8b,0.089,,,
4399,2026-07-28,SH600930,0.029254757092723675,EXP_LGBModel_Alpha158_csi300_custom_step0_s_20260728_15,7259550e38e84226bbdd12fe083e6b8b,0.089,,,
4400,2026-07-28,SH600926,0.05831699421215153,EXP_LGBModel_Alpha158_csi300_custom_step0_s_20260728_15,7259550e38e84226bbdd12fe083e6b8b,0.089,,,
4401,2026-07-28,SH600919,0.06850076782235777,EXP_LGBModel_Alpha158_csi300_custom_step0_s_20260728_15,7259550e38e84226bbdd12fe083e6b8b,0.089,,,
4402,2026-07-28,SH600918,-0.007107045463609178,EXP_LGBModel_Alpha158_csi300_custom_step0_s_20260728_15,7259550e38e84226bbdd12fe083e6b8b,0.089,,,
4403,2026-07-28,SH600905,-0.009958603835788072,EXP_LGBModel_Alpha158_csi300_custom_step0_s_20260728_15,7259550e38e84226bbdd12fe083e6b8b,0.089,,,
4404,2026-07-28,SH600900,0.012741388342337411,EXP_LGBModel_Alpha158_csi300_custom_step0_s_20260728_15,7259550e38e84226bbdd12fe083e6b8b,0.089,,,
4405,2026-07-28,SH600958,0.004147106010610051,EXP_LGBModel_Alpha158_csi300_custom_step0_s_20260728_15,7259550e38e84226bbdd12fe083e6b8b,0.089,,,
4406,2026-07-28,SH600489,-0.0949758581625569,EXP_LGBModel_Alpha158_csi300_custom_step0_s_20260728_15,7259550e38e84226bbdd12fe083e6b8b,0.089,,,
4407,2026-07-28,SH600482,-0.018282086619703822,EXP_LGBModel_Alpha158_csi300_custom_step0_s_20260728_15,7259550e38e84226bbdd12fe083e6b8b,0.089,,,
4408,2026-07-28,SH600460,0.06951199844568798,EXP_LGBModel_Alpha158_csi300_custom_step0_s_20260728_15,7259550e38e84226bbdd12fe083e6b8b,0.089,,,
4409,2026-07-28,SH600089,-0.0544824122724469,EXP_LGBModel_Alpha158_csi300_custom_step0_s_20260728_15,7259550e38e84226bbdd12fe083e6b8b,0.089,,,
4410,2026-07-28,SH600085,-0.07131062596340956,EXP_LGBModel_Alpha158_csi300_custom_step0_s_20260728_15,7259550e38e84226bbdd12fe083e6b8b,0.089,,,
4411,2026-07-28,SH600066,-0.10906443622712546,EXP_LGBModel_Alpha158_csi300_custom_step0_s_20260728_15,7259550e38e84226bbdd12fe083e6b8b,0.089,,,
4412,2026-07-28,SH600061,0.034608068668559144,EXP_LGBModel_Alpha158_csi300_custom_step0_s_20260728_15,7259550e38e84226bbdd12fe083e6b8b,0.089,,,
4413,2026-07-28,SH600050,-0.012097199907447504,EXP_LGBModel_Alpha158_csi300_custom_step0_s_20260728_15,7259550e38e84226bbdd12fe083e6b8b,0.089,,,
4414,2026-07-28,SH600048,-0.07775578336248855,EXP_LGBModel_Alpha158_csi300_custom_step0_s_20260728_15,7259550e38e84226bbdd12fe083e6b8b,0.089,,,
4415,2026-07-28,SH600039,-0.033534790679677746,EXP_LGBModel_Alpha158_csi300_custom_step0_s_20260728_15,7259550e38e84226bbdd12fe083e6b8b,0.089,,,
4416,2026-07-28,SH600036,0.0764159665263282,EXP_LGBModel_Alpha158_csi300_custom_step0_s_20260728_15,7259550e38e84226bbdd12fe083e6b8b,0.089,,,
4417,2026-07-28,SH600104,0.020546155726881236,EXP_LGBModel_Alpha158_csi300_custom_step0_s_20260728_15,7259550e38e84226bbdd12fe083e6b8b,0.089,,,
4418,2026-07-28,SH600031,-0.07911695054416493,EXP_LGBModel_Alpha158_csi300_custom_step0_s_20260728_15,7259550e38e84226bbdd12fe083e6b8b,0.089,,,
4419,2026-07-28,SH600029,-0.02086738115815075,EXP_LGBModel_Alpha158_csi300_custom_step0_s_20260728_15,7259550e38e84226bbdd12fe083e6b8b,0.089,,,
4420,2026-07-28,SH600028,-0.029204914315779613,EXP_LGBModel_Alpha158_csi300_custom_step0_s_20260728_15,7259550e38e84226bbdd12fe083e6b8b,0.089,,,
4421,2026-07-28,SH600027,-0.028493951739905054,EXP_LGBModel_Alpha158_csi300_custom_step0_s_20260728_15,7259550e38e84226bbdd12fe083e6b8b,0.089,,,
4422,2026-07-28,SH600026,0.08508155641560641,EXP_LGBModel_Alpha158_csi300_custom_step0_s_20260728_15,7259550e38e84226bbdd12fe083e6b8b,0.089,,,
4423,2026-07-28,SH600025,0.01972214296007771,EXP_LGBModel_Alpha158_csi300_custom_step0_s_20260728_15,7259550e38e84226bbdd12fe083e6b8b,0.089,,,
4424,2026-07-28,SH600023,-0.018935222062758186,EXP_LGBModel_Alpha158_csi300_custom_step0_s_20260728_15,7259550e38e84226bbdd12fe083e6b8b,0.089,,,
4425,2026-07-28,SH600019,0.020501336097749387,EXP_LGBModel_Alpha158_csi300_custom_step0_s_20260728_15,7259550e38e84226bbdd12fe083e6b8b,0.089,,,
4426,2026-07-28,SH600018,0.05860735966535596,EXP_LGBModel_Alpha158_csi300_custom_step0_s_20260728_15,7259550e38e84226bbdd12fe083e6b8b,0.089,,,
4427,2026-07-28,SH600030,0.014132564873983294,EXP_LGBModel_Alpha158_csi300_custom_step0_s_20260728_15,7259550e38e84226bbdd12fe083e6b8b,0.089,,,
4428,2026-07-28,SH600111,0.15688960160251103,EXP_LGBModel_Alpha158_csi300_custom_step0_s_20260728_15,7259550e38e84226bbdd12fe083e6b8b,0.089,,,
4429,2026-07-28,SH600115,-0.031184503705648008,EXP_LGBModel_Alpha158_csi300_custom_step0_s_20260728_15,7259550e38e84226bbdd12fe083e6b8b,0.089,,,
4430,2026-07-28,SH600118,0.13410163781836715,EXP_LGBModel_Alpha158_csi300_custom_step0_s_20260728_15,7259550e38e84226bbdd12fe083e6b8b,0.089,,,
4431,2026-07-28,SH600438,-0.021243060982541896,EXP_LGBModel_Alpha158_csi300_custom_step0_s_20260728_15,7259550e38e84226bbdd12fe083e6b8b,0.089,,,
4432,2026-07-28,SH600436,-0.024719657358168737,EXP_LGBModel_Alpha158_csi300_custom_step0_s_20260728_15,7259550e38e84226bbdd12fe083e6b8b,0.089,,,
4433,2026-07-28,SH600426,-0.03313524711508975,EXP_LGBModel_Alpha158_csi300_custom_step0_s_20260728_15,7259550e38e84226bbdd12fe083e6b8b,0.089,,,
4434,2026-07-28,SH600415,-0.05120168932712182,EXP_LGBModel_Alpha158_csi300_custom_step0_s_20260728_15,7259550e38e84226bbdd12fe083e6b8b,0.089,,,
4435,2026-07-28,SH600406,-0.00341111584216686,EXP_LGBModel_Alpha158_csi300_custom_step0_s_20260728_15,7259550e38e84226bbdd12fe083e6b8b,0.089,,,
4436,2026-07-28,SH600372,0.04607720453953459,EXP_LGBModel_Alpha158_csi300_custom_step0_s_20260728_15,7259550e38e84226bbdd12fe083e6b8b,0.089,,,
4437,2026-07-28,SH600362,0.024758156720241842,EXP_LGBModel_Alpha158_csi300_custom_step0_s_20260728_15,7259550e38e84226bbdd12fe083e6b8b,0.089,,,
4438,2026-07-28,SH600346,-0.009055054529073531,EXP_LGBModel_Alpha158_csi300_custom_step0_s_20260728_15,7259550e38e84226bbdd12fe083e6b8b,0.089,,,
4439,2026-07-28,SH600309,-0.0810169836945444,EXP_LGBModel_Alpha158_csi300_custom_step0_s_20260728_15,7259550e38e84226bbdd12fe083e6b8b,0.089,,,
4440,2026-07-28,SH600276,-0.05323062049389093,EXP_LGBModel_Alpha158_csi300_custom_step0_s_20260728_15,7259550e38e84226bbdd12fe083e6b8b,0.089,,,
4441,2026-07-28,SH600233,-0.08995572595301486,EXP_LGBModel_Alpha158_csi300_custom_step0_s_20260728_15,7259550e38e84226bbdd12fe083e6b8b,0.089,,,
4442,2026-07-28,SH600221,-0.003047638469471169,EXP_LGBModel_Alpha158_csi300_custom_step0_s_20260728_15,7259550e38e84226bbdd12fe083e6b8b,0.089,,,
4443,2026-07-28,SH600219,-0.11831916455131132,EXP_LGBModel_Alpha158_csi300_custom_step0_s_20260728_15,7259550e38e84226bbdd12fe083e6b8b,0.089,,,
4444,2026-07-28,SH600196,-0.03729432257562397,EXP_LGBModel_Alpha158_csi300_custom_step0_s_20260728_15,7259550e38e84226bbdd12fe083e6b8b,0.089,,,
4445,2026-07-28,SH600188,-0.08234569997218413,EXP_LGBModel_Alpha158_csi300_custom_step0_s_20260728_15,7259550e38e84226bbdd12fe083e6b8b,0.089,,,
4446,2026-07-28,SH600183,0.08872344141222889,EXP_LGBModel_Alpha158_csi300_custom_step0_s_20260728_15,7259550e38e84226bbdd12fe083e6b8b,0.089,,,
4447,2026-07-28,SH600176,0.049871805516623534,EXP_LGBModel_Alpha158_csi300_custom_step0_s_20260728_15,7259550e38e84226bbdd12fe083e6b8b,0.089,,,
4448,2026-07-28,SH600160,0.1725666587400548,EXP_LGBModel_Alpha158_csi300_custom_step0_s_20260728_15,7259550e38e84226bbdd12fe083e6b8b,0.089,,,
4449,2026-07-28,SH600150,0.017108776363688898,EXP_LGBModel_Alpha158_csi300_custom_step0_s_20260728_15,7259550e38e84226bbdd12fe083e6b8b,0.089,,,
4450,2026-07-28,SH600015,0.08920493811774016,EXP_LGBModel_Alpha158_csi300_custom_step0_s_20260728_15,7259550e38e84226bbdd12fe083e6b8b,0.089,,,
4451,2026-07-28,SH601066,0.07985998979421632,EXP_LGBModel_Alpha158_csi300_custom_step0_s_20260728_15,7259550e38e84226bbdd12fe083e6b8b,0.089,,,
4452,2026-07-28,SZ000895,-0.037443418967353356,EXP_LGBModel_Alpha158_csi300_custom_step0_s_20260728_15,ef8308ec3071412bb08f1568539cf83c,0.06,,,
4453,2026-07-28,SZ000807,-0.08127537624879164,EXP_LGBModel_Alpha158_csi300_custom_step0_s_20260728_15,ef8308ec3071412bb08f1568539cf83c,0.06,,,
4454,2026-07-28,SH601169,0.03054367208995373,EXP_LGBModel_Alpha158_csi300_custom_step0_s_20260728_15,ef8308ec3071412bb08f1568539cf83c,0.06,,,
4455,2026-07-28,SH601166,-0.026029343623372274,EXP_LGBModel_Alpha158_csi300_custom_step0_s_20260728_15,ef8308ec3071412bb08f1568539cf83c,0.06,,,
4456,2026-07-28,SH601138,0.08629786747276577,EXP_LGBModel_Alpha158_csi300_custom_step0_s_20260728_15,ef8308ec3071412bb08f1568539cf83c,0.06,,,
4457,2026-07-28,SH601136,-0.010214215309387941,EXP_LGBModel_Alpha158_csi300_custom_step0_s_20260728_15,ef8308ec3071412bb08f1568539cf83c,0.06,,,
4458,2026-07-28,SH601127,-0.010413793182333871,EXP_LGBModel_Alpha158_csi300_custom_step0_s_20260728_15,ef8308ec3071412bb08f1568539cf83c,0.06,,,
4459,2026-07-28,SH601117,-0.0011632205702524709,EXP_LGBModel_Alpha158_csi300_custom_step0_s_20260728_15,ef8308ec3071412bb08f1568539cf83c,0.06,,,
4460,2026-07-28,SH601111,-0.005819153093031555,EXP_LGBModel_Alpha158_csi300_custom_step0_s_20260728_15,ef8308ec3071412bb08f1568539cf83c,0.06,,,
4461,2026-07-28,SH601100,0.01026673821944923,EXP_LGBModel_Alpha158_csi300_custom_step0_s_20260728_15,ef8308ec3071412bb08f1568539cf83c,0.06,,,
4462,2026-07-28,SH601186,0.015283069556980307,EXP_LGBModel_Alpha158_csi300_custom_step0_s_20260728_15,ef8308ec3071412bb08f1568539cf83c,0.06,,,
4463,2026-07-28,SH601088,-0.09375852045261344,EXP_LGBModel_Alpha158_csi300_custom_step0_s_20260728_15,ef8308ec3071412bb08f1568539cf83c,0.06,,,
4464,2026-07-28,SH601066,0.0339071170552763,EXP_LGBModel_Alpha158_csi300_custom_step0_s_20260728_15,ef8308ec3071412bb08f1568539cf83c,0.06,,,
4465,2026-07-28,SH601059,0.01631839206165862,EXP_LGBModel_Alpha158_csi300_custom_step0_s_20260728_15,ef8308ec3071412bb08f1568539cf83c,0.06,,,
4466,2026-07-28,SH601058,-0.022318991657209686,EXP_LGBModel_Alpha158_csi300_custom_step0_s_20260728_15,ef8308ec3071412bb08f1568539cf83c,0.06,,,
4467,2026-07-28,SH601021,0.022458148073307482,EXP_LGBModel_Alpha158_csi300_custom_step0_s_20260728_15,ef8308ec3071412bb08f1568539cf83c,0.06,,,
4468,2026-07-28,SH601018,-0.009242599957828153,EXP_LGBModel_Alpha158_csi300_custom_step0_s_20260728_15,ef8308ec3071412bb08f1568539cf83c,0.06,,,
4469,2026-07-28,SH601012,-0.032813804695614214,EXP_LGBModel_Alpha158_csi300_custom_step0_s_20260728_15,ef8308ec3071412bb08f1568539cf83c,0.06,,,
4470,2026-07-28,SH601009,0.013940434784818887,EXP_LGBModel_Alpha158_csi300_custom_step0_s_20260728_15,ef8308ec3071412bb08f1568539cf83c,0.06,,,
4471,2026-07-28,SH601006,-0.014569754655522129,EXP_LGBModel_Alpha158_csi300_custom_step0_s_20260728_15,ef8308ec3071412bb08f1568539cf83c,0.06,,,
4472,2026-07-28,SH601077,0.014245197010824846,EXP_LGBModel_Alpha158_csi300_custom_step0_s_20260728_15,ef8308ec3071412bb08f1568539cf83c,0.06,,,
4473,2026-07-28,SH600999,0.036982345094410334,EXP_LGBModel_Alpha158_csi300_custom_step0_s_20260728_15,ef8308ec3071412bb08f1568539cf83c,0.06,,,
4474,2026-07-28,SH601211,-0.053265956192972766,EXP_LGBModel_Alpha158_csi300_custom_step0_s_20260728_15,ef8308ec3071412bb08f1568539cf83c,0.06,,,
4475,2026-07-28,SH601229,0.06240295830304995,EXP_LGBModel_Alpha158_csi300_custom_step0_s_20260728_15,ef8308ec3071412bb08f1568539cf83c,0.06,,,
4476,2026-07-28,SH601658,0.034349332215325226,EXP_LGBModel_Alpha158_csi300_custom_step0_s_20260728_15,ef8308ec3071412bb08f1568539cf83c,0.06,,,
4477,2026-07-28,SH601633,-0.038364894325270266,EXP_LGBModel_Alpha158_csi300_custom_step0_s_20260728_15,ef8308ec3071412bb08f1568539cf83c,0.06,,,
4478,2026-07-28,SH601628,-0.03279817514110197,EXP_LGBModel_Alpha158_csi300_custom_step0_s_20260728_15,ef8308ec3071412bb08f1568539cf83c,0.06,,,
4479,2026-07-28,SH601618,0.019974726733242413,EXP_LGBModel_Alpha158_csi300_custom_step0_s_20260728_15,ef8308ec3071412bb08f1568539cf83c,0.06,,,
4480,2026-07-28,SH601607,-0.010649939667290274,EXP_LGBModel_Alpha158_csi300_custom_step0_s_20260728_15,ef8308ec3071412bb08f1568539cf83c,0.06,,,
4481,2026-07-28,SH601601,-0.04546210912830946,EXP_LGBModel_Alpha158_csi300_custom_step0_s_20260728_15,ef8308ec3071412bb08f1568539cf83c,0.06,,,
4482,2026-07-28,SH601600,-0.10383332966445985,EXP_LGBModel_Alpha158_csi300_custom_step0_s_20260728_15,ef8308ec3071412bb08f1568539cf83c,0.06,,,
4483,2026-07-28,SH601456,0.025972622894321905,EXP_LGBModel_Alpha158_csi300_custom_step0_s_20260728_15,ef8308ec3071412bb08f1568539cf83c,0.06,,,
4484,2026-07-28,SH601225,-0.037857127207551466,EXP_LGBModel_Alpha158_csi300_custom_step0_s_20260728_15,ef8308ec3071412bb08f1568539cf83c,0.06,,,
4485,2026-07-28,SH601398,-0.008899750818381033,EXP_LGBModel_Alpha158_csi300_custom_step0_s_20260728_15,ef8308ec3071412bb08f1568539cf83c,0.06,,,
4486,2026-07-28,SH601377,0.030277661915391968,EXP_LGBModel_Alpha158_csi300_custom_step0_s_20260728_15,ef8308ec3071412bb08f1568539cf83c,0.06,,,
4487,2026-07-28,SH601360,-0.0458892739004944,EXP_LGBModel_Alpha158_csi300_custom_step0_s_20260728_15,ef8308ec3071412bb08f1568539cf83c,0.06,,,
4488,2026-07-28,SH601336,-0.003619747730000327,EXP_LGBModel_Alpha158_csi300_custom_step0_s_20260728_15,ef8308ec3071412bb08f1568539cf83c,0.06,,,
4489,2026-07-28,SH601328,0.0038808782386406315,EXP_LGBModel_Alpha158_csi300_custom_step0_s_20260728_15,ef8308ec3071412bb08f1568539cf83c,0.06,,,
4490,2026-07-28,SH601319,-0.03231309914717515,EXP_LGBModel_Alpha158_csi300_custom_step0_s_20260728_15,ef8308ec3071412bb08f1568539cf83c,0.06,,,
4491,2026-07-28,SH601318,-0.1106005132962726,EXP_LGBModel_Alpha158_csi300_custom_step0_s_20260728_15,ef8308ec3071412bb08f1568539cf83c,0.06,,,
4492,2026-07-28,SH601288,-0.04280940962724612,EXP_LGBModel_Alpha158_csi300_custom_step0_s_20260728_15,ef8308ec3071412bb08f1568539cf83c,0.06,,,
4493,2026-07-28,SH601238,-0.003063238998795053,EXP_LGBModel_Alpha158_csi300_custom_step0_s_20260728_15,ef8308ec3071412bb08f1568539cf83c,0.06,,,
4494,2026-07-28,SH601390,-0.0021475123803803313,EXP_LGBModel_Alpha158_csi300_custom_step0_s_20260728_15,ef8308ec3071412bb08f1568539cf83c,0.06,,,
4495,2026-07-28,SH600989,-0.018704063386571768,EXP_LGBModel_Alpha158_csi300_custom_step0_s_20260728_15,ef8308ec3071412bb08f1568539cf83c,0.06,,,
4496,2026-07-28,SH600958,-0.010468877560313561,EXP_LGBModel_Alpha158_csi300_custom_step0_s_20260728_15,ef8308ec3071412bb08f1568539cf83c,0.06,,,
4497,2026-07-28,SH600941,0.03488271660292897,EXP_LGBModel_Alpha158_csi300_custom_step0_s_20260728_15,ef8308ec3071412bb08f1568539cf83c,0.06,,,
4498,2026-07-28,SH600584,0.07506505018660312,EXP_LGBModel_Alpha158_csi300_custom_step0_s_20260728_15,ef8308ec3071412bb08f1568539cf83c,0.06,,,
4499,2026-07-28,SH600570,-0.02164100729786769,EXP_LGBModel_Alpha158_csi300_custom_step0_s_20260728_15,ef8308ec3071412bb08f1568539cf83c,0.06,,,
4500,2026-07-28,SH600549,0.10716049156126362,EXP_LGBModel_Alpha158_csi300_custom_step0_s_20260728_15,ef8308ec3071412bb08f1568539cf83c,0.06,,,
4501,2026-07-28,SH600547,-0.08724893774727098,EXP_LGBModel_Alpha158_csi300_custom_step0_s_20260728_15,ef8308ec3071412bb08f1568539cf83c,0.06,,,
4502,2026-07-28,SH600522,-0.00615635868803178,EXP_LGBModel_Alpha158_csi300_custom_step0_s_20260728_15,ef8308ec3071412bb08f1568539cf83c,0.06,,,
4503,2026-07-28,SH600519,-0.0238968970937313,EXP_LGBModel_Alpha158_csi300_custom_step0_s_20260728_15,ef8308ec3071412bb08f1568539cf83c,0.06,,,
4504,2026-07-28,SH600515,0.009651587068491048,EXP_LGBModel_Alpha158_csi300_custom_step0_s_20260728_15,ef8308ec3071412bb08f1568539cf83c,0.06,,,
4505,2026-07-28,SH600489,-0.09056968672976226,EXP_LGBModel_Alpha158_csi300_custom_step0_s_20260728_15,ef8308ec3071412bb08f1568539cf83c,0.06,,,
4506,2026-07-28,SH600585,-0.029147822008174624,EXP_LGBModel_Alpha158_csi300_custom_step0_s_20260728_15,ef8308ec3071412bb08f1568539cf83c,0.06,,,
4507,2026-07-28,SH600482,0.006691263864676855,EXP_LGBModel_Alpha158_csi300_custom_step0_s_20260728_15,ef8308ec3071412bb08f1568539cf83c,0.06,,,
4508,2026-07-28,SH600438,-0.012662035566408762,EXP_LGBModel_Alpha158_csi300_custom_step0_s_20260728_15,ef8308ec3071412bb08f1568539cf83c,0.06,,,
4509,2026-07-28,SH600436,0.01767411196074515,EXP_LGBModel_Alpha158_csi300_custom_step0_s_20260728_15,ef8308ec3071412bb08f1568539cf83c,0.06,,,
4510,2026-07-28,SH600426,-0.023184505767488654,EXP_LGBModel_Alpha158_csi300_custom_step0_s_20260728_15,ef8308ec3071412bb08f1568539cf83c,0.06,,,
4511,2026-07-28,SH600415,-0.018465070539062847,EXP_LGBModel_Alpha158_csi300_custom_step0_s_20260728_15,ef8308ec3071412bb08f1568539cf83c,0.06,,,
4512,2026-07-28,SH600406,0.003806355254159898,EXP_LGBModel_Alpha158_csi300_custom_step0_s_20260728_15,ef8308ec3071412bb08f1568539cf83c,0.06,,,
4513,2026-07-28,SH600372,0.03728762866536101,EXP_LGBModel_Alpha158_csi300_custom_step0_s_20260728_15,ef8308ec3071412bb08f1568539cf83c,0.06,,,
4514,2026-07-28,SH600362,0.005480593878410494,EXP_LGBModel_Alpha158_csi300_custom_step0_s_20260728_15,ef8308ec3071412bb08f1568539cf83c,0.06,,,
4515,2026-07-28,SH600346,-0.03011373795365569,EXP_LGBModel_Alpha158_csi300_custom_step0_s_20260728_15,ef8308ec3071412bb08f1568539cf83c,0.06,,,
4516,2026-07-28,SH600460,0.08132167861911958,EXP_LGBModel_Alpha158_csi300_custom_step0_s_20260728_15,ef8308ec3071412bb08f1568539cf83c,0.06,,,
4517,2026-07-28,SH600588,-0.0318206704222357,EXP_LGBModel_Alpha158_csi300_custom_step0_s_20260728_15,ef8308ec3071412bb08f1568539cf83c,0.06,,,
4518,2026-07-28,SH600600,-0.018919576919380808,EXP_LGBModel_Alpha158_csi300_custom_step0_s_20260728_15,ef8308ec3071412bb08f1568539cf83c,0.06,,,
4519,2026-07-28,SH600660,0.0032515599314038766,EXP_LGBModel_Alpha158_csi300_custom_step0_s_20260728_15,ef8308ec3071412bb08f1568539cf83c,0.06,,,
4520,2026-07-28,SH600938,-0.04645211251023874,EXP_LGBModel_Alpha158_csi300_custom_step0_s_20260728_15,ef8308ec3071412bb08f1568539cf83c,0.06,,,
4521,2026-07-28,SH600930,0.03190652150699122,EXP_LGBModel_Alpha158_csi300_custom_step0_s_20260728_15,ef8308ec3071412bb08f1568539cf83c,0.06,,,
4522,2026-07-28,SH600926,0.02925447424932846,EXP_LGBModel_Alpha158_csi300_custom_step0_s_20260728_15,ef8308ec3071412bb08f1568539cf83c,0.06,,,
4523,2026-07-28,SH600919,0.03103510199406292,EXP_LGBModel_Alpha158_csi300_custom_step0_s_20260728_15,ef8308ec3071412bb08f1568539cf83c,0.06,,,
4524,2026-07-28,SH600918,0.004555116378235299,EXP_LGBModel_Alpha158_csi300_custom_step0_s_20260728_15,ef8308ec3071412bb08f1568539cf83c,0.06,,,
4525,2026-07-28,SH600905,0.016812445891511717,EXP_LGBModel_Alpha158_csi300_custom_step0_s_20260728_15,ef8308ec3071412bb08f1568539cf83c,0.06,,,
4526,2026-07-28,SH600900,-0.00865742751168932,EXP_LGBModel_Alpha158_csi300_custom_step0_s_20260728_15,ef8308ec3071412bb08f1568539cf83c,0.06,,,
4527,2026-07-28,SH600893,0.005048094891826995,EXP_LGBModel_Alpha158_csi300_custom_step0_s_20260728_15,ef8308ec3071412bb08f1568539cf83c,0.06,,,
4528,2026-07-28,SH600887,0.018594229059128938,EXP_LGBModel_Alpha158_csi300_custom_step0_s_20260728_15,ef8308ec3071412bb08f1568539cf83c,0.06,,,
4529,2026-07-28,SH600886,-0.0025092581121349423,EXP_LGBModel_Alpha158_csi300_custom_step0_s_20260728_15,ef8308ec3071412bb08f1568539cf83c,0.06,,,
4530,2026-07-28,SH600875,0.02551784970145232,EXP_LGBModel_Alpha158_csi300_custom_step0_s_20260728_15,ef8308ec3071412bb08f1568539cf83c,0.06,,,
4531,2026-07-28,SH600845,0.02760159985123576,EXP_LGBModel_Alpha158_csi300_custom_step0_s_20260728_15,ef8308ec3071412bb08f1568539cf83c,0.06,,,
4532,2026-07-28,SH600809,-0.11111212324466772,EXP_LGBModel_Alpha158_csi300_custom_step0_s_20260728_15,ef8308ec3071412bb08f1568539cf83c,0.06,,,
4533,2026-07-28,SH600803,-0.030495641268835427,EXP_LGBModel_Alpha158_csi300_custom_step0_s_20260728_15,ef8308ec3071412bb08f1568539cf83c,0.06,,,
4534,2026-07-28,SH600795,0.016092206416313284,EXP_LGBModel_Alpha158_csi300_custom_step0_s_20260728_15,ef8308ec3071412bb08f1568539cf83c,0.06,,,
4535,2026-07-28,SH600760,-0.1084602139827036,EXP_LGBModel_Alpha158_csi300_custom_step0_s_20260728_15,ef8308ec3071412bb08f1568539cf83c,0.06,,,
4536,2026-07-28,SH600741,0.0011523730672732511,EXP_LGBModel_Alpha158_csi300_custom_step0_s_20260728_15,ef8308ec3071412bb08f1568539cf83c,0.06,,,
4537,2026-07-28,SH600690,0.007996270943212215,EXP_LGBModel_Alpha158_csi300_custom_step0_s_20260728_15,ef8308ec3071412bb08f1568539cf83c,0.06,,,
4538,2026-07-28,SH600674,0.000365584710880268,EXP_LGBModel_Alpha158_csi300_custom_step0_s_20260728_15,ef8308ec3071412bb08f1568539cf83c,0.06,,,
4539,2026-07-28,SH601668,-0.056404631779786246,EXP_LGBModel_Alpha158_csi300_custom_step0_s_20260728_15,ef8308ec3071412bb08f1568539cf83c,0.06,,,
4540,2026-07-28,SZ000858,-0.004893635827983234,EXP_LGBModel_Alpha158_csi300_custom_step0_s_20260728_15,ef8308ec3071412bb08f1568539cf83c,0.06,,,
4541,2026-07-28,SH601669,0.008445126384327529,EXP_LGBModel_Alpha158_csi300_custom_step0_s_20260728_15,ef8308ec3071412bb08f1568539cf83c,0.06,,,
4542,2026-07-28,SH601689,0.06508872613586797,EXP_LGBModel_Alpha158_csi300_custom_step0_s_20260728_15,ef8308ec3071412bb08f1568539cf83c,0.06,,,
4543,2026-07-28,SZ000002,-0.030532030573090185,EXP_LGBModel_Alpha158_csi300_custom_step0_s_20260728_15,ef8308ec3071412bb08f1568539cf83c,0.06,,,
4544,2026-07-28,SZ000001,0.028639463779736737,EXP_LGBModel_Alpha158_csi300_custom_step0_s_20260728_15,ef8308ec3071412bb08f1568539cf83c,0.06,,,
4545,2026-07-28,SH688981,0.012171065116835349,EXP_LGBModel_Alpha158_csi300_custom_step0_s_20260728_15,ef8308ec3071412bb08f1568539cf83c,0.06,,,
4546,2026-07-28,SH688521,0.033453515368437256,EXP_LGBModel_Alpha158_csi300_custom_step0_s_20260728_15,ef8308ec3071412bb08f1568539cf83c,0.06,,,
4547,2026-07-28,SH688506,0.07617516355969368,EXP_LGBModel_Alpha158_csi300_custom_step0_s_20260728_15,ef8308ec3071412bb08f1568539cf83c,0.06,,,
4548,2026-07-28,SH688472,-0.019198919602091642,EXP_LGBModel_Alpha158_csi300_custom_step0_s_20260728_15,ef8308ec3071412bb08f1568539cf83c,0.06,,,
4549,2026-07-28,SH688396,0.05970070536004781,EXP_LGBModel_Alpha158_csi300_custom_step0_s_20260728_15,ef8308ec3071412bb08f1568539cf83c,0.06,,,
4550,2026-07-28,SH688303,-0.034292917906956426,EXP_LGBModel_Alpha158_csi300_custom_step0_s_20260728_15,ef8308ec3071412bb08f1568539cf83c,0.06,,,
4551,2026-07-28,SZ000063,0.007680521912216765,EXP_LGBModel_Alpha158_csi300_custom_step0_s_20260728_15,ef8308ec3071412bb08f1568539cf83c,0.06,,,
4552,2026-07-28,SH688271,-0.03207694114987713,EXP_LGBModel_Alpha158_csi300_custom_step0_s_20260728_15,ef8308ec3071412bb08f1568539cf83c,0.06,,,
4553,2026-07-28,SH688223,0.04511804054375703,EXP_LGBModel_Alpha158_csi300_custom_step0_s_20260728_15,ef8308ec3071412bb08f1568539cf83c,0.06,,,
4554,2026-07-28,SH688183,0.04813059806097329,EXP_LGBModel_Alpha158_csi300_custom_step0_s_20260728_15,ef8308ec3071412bb08f1568539cf83c,0.06,,,
4555,2026-07-28,SH688126,0.07985811565901327,EXP_LGBModel_Alpha158_csi300_custom_step0_s_20260728_15,ef8308ec3071412bb08f1568539cf83c,0.06,,,
4556,2026-07-28,SH688111,-0.02793604350973407,EXP_LGBModel_Alpha158_csi300_custom_step0_s_20260728_15,ef8308ec3071412bb08f1568539cf83c,0.06,,,
4557,2026-07-28,SH688082,0.06144181971805321,EXP_LGBModel_Alpha158_csi300_custom_step0_s_20260728_15,ef8308ec3071412bb08f1568539cf83c,0.06,,,
4558,2026-07-28,SH688072,-0.005916116621048732,EXP_LGBModel_Alpha158_csi300_custom_step0_s_20260728_15,ef8308ec3071412bb08f1568539cf83c,0.06,,,
4559,2026-07-28,SH688047,0.06982495995539019,EXP_LGBModel_Alpha158_csi300_custom_step0_s_20260728_15,ef8308ec3071412bb08f1568539cf83c,0.06,,,
4560,2026-07-28,SH688041,0.005650655927789083,EXP_LGBModel_Alpha158_csi300_custom_step0_s_20260728_15,ef8308ec3071412bb08f1568539cf83c,0.06,,,
4561,2026-07-28,SH688256,0.01644365459882484,EXP_LGBModel_Alpha158_csi300_custom_step0_s_20260728_15,ef8308ec3071412bb08f1568539cf83c,0.06,,,
4562,2026-07-28,SH688036,-0.08829509673585971,EXP_LGBModel_Alpha158_csi300_custom_step0_s_20260728_15,ef8308ec3071412bb08f1568539cf83c,0.06,,,
4563,2026-07-28,SZ000100,0.04670249231558009,EXP_LGBModel_Alpha158_csi300_custom_step0_s_20260728_15,ef8308ec3071412bb08f1568539cf83c,0.06,,,
4564,2026-07-28,SZ000166,0.04394516432075468,EXP_LGBModel_Alpha158_csi300_custom_step0_s_20260728_15,ef8308ec3071412bb08f1568539cf83c,0.06,,,
4565,2026-07-28,SZ000792,0.04170952304934503,EXP_LGBModel_Alpha158_csi300_custom_step0_s_20260728_15,ef8308ec3071412bb08f1568539cf83c,0.06,,,
4566,2026-07-28,SZ000776,0.025142884538969117,EXP_LGBModel_Alpha158_csi300_custom_step0_s_20260728_15,ef8308ec3071412bb08f1568539cf83c,0.06,,,
4567,2026-07-28,SZ000768,-0.007401104243869119,EXP_LGBModel_Alpha158_csi300_custom_step0_s_20260728_15,ef8308ec3071412bb08f1568539cf83c,0.06,,,
4568,2026-07-28,SZ000725,0.11068364670728022,EXP_LGBModel_Alpha158_csi300_custom_step0_s_20260728_15,ef8308ec3071412bb08f1568539cf83c,0.06,,,
4569,2026-07-28,SZ000708,-0.04860221830506666,EXP_LGBModel_Alpha158_csi300_custom_step0_s_20260728_15,ef8308ec3071412bb08f1568539cf83c,0.06,,,
4570,2026-07-28,SZ000657,0.07762332085297347,EXP_LGBModel_Alpha158_csi300_custom_step0_s_20260728_15,ef8308ec3071412bb08f1568539cf83c,0.06,,,
4571,2026-07-28,SZ000651,0.03488902865612853,EXP_LGBModel_Alpha158_csi300_custom_step0_s_20260728_15,ef8308ec3071412bb08f1568539cf83c,0.06,,,
4572,2026-07-28,SZ000630,0.027021287969666016,EXP_LGBModel_Alpha158_csi300_custom_step0_s_20260728_15,ef8308ec3071412bb08f1568539cf83c,0.06,,,
4573,2026-07-28,SZ000157,-0.002742058259347658,EXP_LGBModel_Alpha158_csi300_custom_step0_s_20260728_15,ef8308ec3071412bb08f1568539cf83c,0.06,,,
4574,2026-07-28,SZ000625,-0.026031152499901174,EXP_LGBModel_Alpha158_csi300_custom_step0_s_20260728_15,ef8308ec3071412bb08f1568539cf83c,0.06,,,
4575,2026-07-28,SZ000596,-0.04028339169519272,EXP_LGBModel_Alpha158_csi300_custom_step0_s_20260728_15,ef8308ec3071412bb08f1568539cf83c,0.06,,,
4576,2026-07-28,SZ000568,-0.03815415648682006,EXP_LGBModel_Alpha158_csi300_custom_step0_s_20260728_15,ef8308ec3071412bb08f1568539cf83c,0.06,,,
4577,2026-07-28,SZ000538,0.016638481573960757,EXP_LGBModel_Alpha158_csi300_custom_step0_s_20260728_15,ef8308ec3071412bb08f1568539cf83c,0.06,,,
4578,2026-07-28,SZ000425,-0.01731422046465991,EXP_LGBModel_Alpha158_csi300_custom_step0_s_20260728_15,ef8308ec3071412bb08f1568539cf83c,0.06,,,
4579,2026-07-28,SZ000408,-0.05102103878749617,EXP_LGBModel_Alpha158_csi300_custom_step0_s_20260728_15,ef8308ec3071412bb08f1568539cf83c,0.06,,,
4580,2026-07-28,SZ000338,-0.016111391352281516,EXP_LGBModel_Alpha158_csi300_custom_step0_s_20260728_15,ef8308ec3071412bb08f1568539cf83c,0.06,,,
4581,2026-07-28,SZ000333,0.021052980057417986,EXP_LGBModel_Alpha158_csi300_custom_step0_s_20260728_15,ef8308ec3071412bb08f1568539cf83c,0.06,,,
4582,2026-07-28,SZ000301,-0.05433973471878117,EXP_LGBModel_Alpha158_csi300_custom_step0_s_20260728_15,ef8308ec3071412bb08f1568539cf83c,0.06,,,
4583,2026-07-28,SZ000617,-0.029009043930892025,EXP_LGBModel_Alpha158_csi300_custom_step0_s_20260728_15,ef8308ec3071412bb08f1568539cf83c,0.06,,,
4584,2026-07-28,SH688012,-0.0037916167988309153,EXP_LGBModel_Alpha158_csi300_custom_step0_s_20260728_15,ef8308ec3071412bb08f1568539cf83c,0.06,,,
4585,2026-07-28,SH688009,0.02078334622294092,EXP_LGBModel_Alpha158_csi300_custom_step0_s_20260728_15,ef8308ec3071412bb08f1568539cf83c,0.06,,,
4586,2026-07-28,SH688008,0.044029041232410235,EXP_LGBModel_Alpha158_csi300_custom_step0_s_20260728_15,ef8308ec3071412bb08f1568539cf83c,0.06,,,
4587,2026-07-28,SH601898,-0.10638180771092938,EXP_LGBModel_Alpha158_csi300_custom_step0_s_20260728_15,ef8308ec3071412bb08f1568539cf83c,0.06,,,
4588,2026-07-28,SH601888,-0.026997133748484316,EXP_LGBModel_Alpha158_csi300_custom_step0_s_20260728_15,ef8308ec3071412bb08f1568539cf83c,0.06,,,
4589,2026-07-28,SH601881,0.00014662983103991745,EXP_LGBModel_Alpha158_csi300_custom_step0_s_20260728_15,ef8308ec3071412bb08f1568539cf83c,0.06,,,
4590,2026-07-28,SH601878,0.02811390925867765,EXP_LGBModel_Alpha158_csi300_custom_step0_s_20260728_15,ef8308ec3071412bb08f1568539cf83c,0.06,,,
4591,2026-07-28,SH601877,-0.02569228098643754,EXP_LGBModel_Alpha158_csi300_custom_step0_s_20260728_15,ef8308ec3071412bb08f1568539cf83c,0.06,,,
4592,2026-07-28,SH601872,-0.08511534223704681,EXP_LGBModel_Alpha158_csi300_custom_step0_s_20260728_15,ef8308ec3071412bb08f1568539cf83c,0.06,,,
4593,2026-07-28,SH601868,0.006996553345718463,EXP_LGBModel_Alpha158_csi300_custom_step0_s_20260728_15,ef8308ec3071412bb08f1568539cf83c,0.06,,,
4594,2026-07-28,SH601857,-0.12069380705413627,EXP_LGBModel_Alpha158_csi300_custom_step0_s_20260728_15,ef8308ec3071412bb08f1568539cf83c,0.06,,,
4595,2026-07-28,SH601899,-0.05516629910570563,EXP_LGBModel_Alpha158_csi300_custom_step0_s_20260728_15,ef8308ec3071412bb08f1568539cf83c,0.06,,,
4596,2026-07-28,SH601838,0.024635582051990127,EXP_LGBModel_Alpha158_csi300_custom_step0_s_20260728_15,ef8308ec3071412bb08f1568539cf83c,0.06,,,
4597,2026-07-28,SH601818,0.04056190362509092,EXP_LGBModel_Alpha158_csi300_custom_step0_s_20260728_15,ef8308ec3071412bb08f1568539cf83c,0.06,,,
4598,2026-07-28,SH601816,-0.03894048068933176,EXP_LGBModel_Alpha158_csi300_custom_step0_s_20260728_15,ef8308ec3071412bb08f1568539cf83c,0.06,,,
4599,2026-07-28,SH601800,-0.007292161620268318,EXP_LGBModel_Alpha158_csi300_custom_step0_s_20260728_15,ef8308ec3071412bb08f1568539cf83c,0.06,,,
4600,2026-07-28,SH601788,0.026256740744533432,EXP_LGBModel_Alpha158_csi300_custom_step0_s_20260728_15,ef8308ec3071412bb08f1568539cf83c,0.06,,,
4601,2026-07-28,SH601766,-0.07289085592683224,EXP_LGBModel_Alpha158_csi300_custom_step0_s_20260728_15,ef8308ec3071412bb08f1568539cf83c,0.06,,,
4602,2026-07-28,SH601728,-0.09848503993020309,EXP_LGBModel_Alpha158_csi300_custom_step0_s_20260728_15,ef8308ec3071412bb08f1568539cf83c,0.06,,,
4603,2026-07-28,SH601727,-0.01414101602270828,EXP_LGBModel_Alpha158_csi300_custom_step0_s_20260728_15,ef8308ec3071412bb08f1568539cf83c,0.06,,,
4604,2026-07-28,SH601698,0.038237449011214175,EXP_LGBModel_Alpha158_csi300_custom_step0_s_20260728_15,ef8308ec3071412bb08f1568539cf83c,0.06,,,
4605,2026-07-28,SH601825,0.014635402041899045,EXP_LGBModel_Alpha158_csi300_custom_step0_s_20260728_15,ef8308ec3071412bb08f1568539cf83c,0.06,,,
4606,2026-07-28,SH601901,0.006369405424043297,EXP_LGBModel_Alpha158_csi300_custom_step0_s_20260728_15,ef8308ec3071412bb08f1568539cf83c,0.06,,,
4607,2026-07-28,SH601916,0.02889800350873476,EXP_LGBModel_Alpha158_csi300_custom_step0_s_20260728_15,ef8308ec3071412bb08f1568539cf83c,0.06,,,
4608,2026-07-28,SH601919,0.003018914224525682,EXP_LGBModel_Alpha158_csi300_custom_step0_s_20260728_15,ef8308ec3071412bb08f1568539cf83c,0.06,,,
4609,2026-07-28,SH605499,-0.05499752075179072,EXP_LGBModel_Alpha158_csi300_custom_step0_s_20260728_15,ef8308ec3071412bb08f1568539cf83c,0.06,,,
4610,2026-07-28,SH605117,0.06356514441243792,EXP_LGBModel_Alpha158_csi300_custom_step0_s_20260728_15,ef8308ec3071412bb08f1568539cf83c,0.06,,,
4611,2026-07-28,SH603993,-0.11176685711222917,EXP_LGBModel_Alpha158_csi300_custom_step0_s_20260728_15,ef8308ec3071412bb08f1568539cf83c,0.06,,,
4612,2026-07-28,SH603986,0.0694600785410939,EXP_LGBModel_Alpha158_csi300_custom_step0_s_20260728_15,ef8308ec3071412bb08f1568539cf83c,0.06,,,
4613,2026-07-28,SH603893,-0.007087668560421139,EXP_LGBModel_Alpha158_csi300_custom_step0_s_20260728_15,ef8308ec3071412bb08f1568539cf83c,0.06,,,
4614,2026-07-28,SH603799,0.049753795548930974,EXP_LGBModel_Alpha158_csi300_custom_step0_s_20260728_15,ef8308ec3071412bb08f1568539cf83c,0.06,,,
4615,2026-07-28,SH603501,0.013079695539929341,EXP_LGBModel_Alpha158_csi300_custom_step0_s_20260728_15,ef8308ec3071412bb08f1568539cf83c,0.06,,,
4616,2026-07-28,SH603392,-0.03947352735922455,EXP_LGBModel_Alpha158_csi300_custom_step0_s_20260728_15,ef8308ec3071412bb08f1568539cf83c,0.06,,,
4617,2026-07-28,SH603369,-0.0480457582410564,EXP_LGBModel_Alpha158_csi300_custom_step0_s_20260728_15,ef8308ec3071412bb08f1568539cf83c,0.06,,,
4618,2026-07-28,SH603296,-0.001334745809003791,EXP_LGBModel_Alpha158_csi300_custom_step0_s_20260728_15,ef8308ec3071412bb08f1568539cf83c,0.06,,,
4619,2026-07-28,SH603288,-0.0461768436526845,EXP_LGBModel_Alpha158_csi300_custom_step0_s_20260728_15,ef8308ec3071412bb08f1568539cf83c,0.06,,,
4620,2026-07-28,SH603260,0.0015094807472785248,EXP_LGBModel_Alpha158_csi300_custom_step0_s_20260728_15,ef8308ec3071412bb08f1568539cf83c,0.06,,,
4621,2026-07-28,SH603259,-0.016900015714925738,EXP_LGBModel_Alpha158_csi300_custom_step0_s_20260728_15,ef8308ec3071412bb08f1568539cf83c,0.06,,,
4622,2026-07-28,SH603019,-0.0010216075307483393,EXP_LGBModel_Alpha158_csi300_custom_step0_s_20260728_15,ef8308ec3071412bb08f1568539cf83c,0.06,,,
4623,2026-07-28,SH601998,0.011625686509065336,EXP_LGBModel_Alpha158_csi300_custom_step0_s_20260728_15,ef8308ec3071412bb08f1568539cf83c,0.06,,,
4624,2026-07-28,SH601995,0.006597715715431381,EXP_LGBModel_Alpha158_csi300_custom_step0_s_20260728_15,ef8308ec3071412bb08f1568539cf83c,0.06,,,
4625,2026-07-28,SH601988,0.029970634438370967,EXP_LGBModel_Alpha158_csi300_custom_step0_s_20260728_15,ef8308ec3071412bb08f1568539cf83c,0.06,,,
4626,2026-07-28,SH601985,0.03993604719172241,EXP_LGBModel_Alpha158_csi300_custom_step0_s_20260728_15,ef8308ec3071412bb08f1568539cf83c,0.06,,,
4627,2026-07-28,SH601939,0.018372765364958295,EXP_LGBModel_Alpha158_csi300_custom_step0_s_20260728_15,ef8308ec3071412bb08f1568539cf83c,0.06,,,
4628,2026-07-28,SH601688,-0.0030319951500813623,EXP_LGBModel_Alpha158_csi300_custom_step0_s_20260728_15,ef8308ec3071412bb08f1568539cf83c,0.06,,,
4629,2026-07-28,SH601077,0.04070749737159992,EXP_LGBModel_Alpha158_csi300_custom_step0_s_20260728_15,7259550e38e84226bbdd12fe083e6b8b,0.089,,,
4630,2026-07-28,SH601088,-0.08162910285923489,EXP_LGBModel_Alpha158_csi300_custom_step0_s_20260728_15,7259550e38e84226bbdd12fe083e6b8b,0.089,,,
4631,2026-07-28,SH601100,0.028555702500144428,EXP_LGBModel_Alpha158_csi300_custom_step0_s_20260728_15,7259550e38e84226bbdd12fe083e6b8b,0.089,,,
4632,2026-07-28,SH600233,-0.045127462167831145,EXP_LGBModel_Alpha158_csi300_custom_step0_s_20260728_15,9e6afb2022c54871a3efbdb78da01985,0.017,,,
4633,2026-07-28,SH600221,0.0026087494373735367,EXP_LGBModel_Alpha158_csi300_custom_step0_s_20260728_15,9e6afb2022c54871a3efbdb78da01985,0.017,,,
4634,2026-07-28,SH600219,-0.12871963333760547,EXP_LGBModel_Alpha158_csi300_custom_step0_s_20260728_15,9e6afb2022c54871a3efbdb78da01985,0.017,,,
4635,2026-07-28,SH600196,-0.007080416283326981,EXP_LGBModel_Alpha158_csi300_custom_step0_s_20260728_15,9e6afb2022c54871a3efbdb78da01985,0.017,,,
4636,2026-07-28,SH600188,-0.034317133369600454,EXP_LGBModel_Alpha158_csi300_custom_step0_s_20260728_15,9e6afb2022c54871a3efbdb78da01985,0.017,,,
4637,2026-07-28,SH600183,0.08881064981404371,EXP_LGBModel_Alpha158_csi300_custom_step0_s_20260728_15,9e6afb2022c54871a3efbdb78da01985,0.017,,,
4638,2026-07-28,SH600176,0.08939610705802138,EXP_LGBModel_Alpha158_csi300_custom_step0_s_20260728_15,9e6afb2022c54871a3efbdb78da01985,0.017,,,
4639,2026-07-28,SH600160,0.1311293341358312,EXP_LGBModel_Alpha158_csi300_custom_step0_s_20260728_15,9e6afb2022c54871a3efbdb78da01985,0.017,,,
4640,2026-07-28,SH600276,-0.03754002207204374,EXP_LGBModel_Alpha158_csi300_custom_step0_s_20260728_15,9e6afb2022c54871a3efbdb78da01985,0.017,,,
4641,2026-07-28,SH600150,-0.009674235900956,EXP_LGBModel_Alpha158_csi300_custom_step0_s_20260728_15,9e6afb2022c54871a3efbdb78da01985,0.017,,,
4642,2026-07-28,SH600115,0.06453847312448126,EXP_LGBModel_Alpha158_csi300_custom_step0_s_20260728_15,9e6afb2022c54871a3efbdb78da01985,0.017,,,
4643,2026-07-28,SH600111,0.13124037440879538,EXP_LGBModel_Alpha158_csi300_custom_step0_s_20260728_15,9e6afb2022c54871a3efbdb78da01985,0.017,,,
4644,2026-07-28,SH600104,0.02099523867465887,EXP_LGBModel_Alpha158_csi300_custom_step0_s_20260728_15,9e6afb2022c54871a3efbdb78da01985,0.017,,,
4645,2026-07-28,SH600089,-0.0031170370795668215,EXP_LGBModel_Alpha158_csi300_custom_step0_s_20260728_15,9e6afb2022c54871a3efbdb78da01985,0.017,,,
4646,2026-07-28,SH600085,-0.02437844684264102,EXP_LGBModel_Alpha158_csi300_custom_step0_s_20260728_15,9e6afb2022c54871a3efbdb78da01985,0.017,,,
4647,2026-07-28,SH600066,-0.033894433669798614,EXP_LGBModel_Alpha158_csi300_custom_step0_s_20260728_15,9e6afb2022c54871a3efbdb78da01985,0.017,,,
4648,2026-07-28,SH600061,-0.008935930578160266,EXP_LGBModel_Alpha158_csi300_custom_step0_s_20260728_15,9e6afb2022c54871a3efbdb78da01985,0.017,,,
4649,2026-07-28,SH600050,-0.012347125336907929,EXP_LGBModel_Alpha158_csi300_custom_step0_s_20260728_15,9e6afb2022c54871a3efbdb78da01985,0.017,,,
4650,2026-07-28,SH600118,0.1235719240674333,EXP_LGBModel_Alpha158_csi300_custom_step0_s_20260728_15,9e6afb2022c54871a3efbdb78da01985,0.017,,,
4651,2026-07-28,SH600048,-0.005152414879179418,EXP_LGBModel_Alpha158_csi300_custom_step0_s_20260728_15,9e6afb2022c54871a3efbdb78da01985,0.017,,,
4652,2026-07-28,SH600309,-0.03925334357686947,EXP_LGBModel_Alpha158_csi300_custom_step0_s_20260728_15,9e6afb2022c54871a3efbdb78da01985,0.017,,,
4653,2026-07-28,SH600362,0.05843317742084572,EXP_LGBModel_Alpha158_csi300_custom_step0_s_20260728_15,9e6afb2022c54871a3efbdb78da01985,0.017,,,
4654,2026-07-28,SH600588,-0.020924722825619843,EXP_LGBModel_Alpha158_csi300_custom_step0_s_20260728_15,9e6afb2022c54871a3efbdb78da01985,0.017,,,
4655,2026-07-28,SH600585,0.015541158102158753,EXP_LGBModel_Alpha158_csi300_custom_step0_s_20260728_15,9e6afb2022c54871a3efbdb78da01985,0.017,,,
4656,2026-07-28,SH600584,0.09704912274233074,EXP_LGBModel_Alpha158_csi300_custom_step0_s_20260728_15,9e6afb2022c54871a3efbdb78da01985,0.017,,,
4657,2026-07-28,SH600570,0.014923954719794283,EXP_LGBModel_Alpha158_csi300_custom_step0_s_20260728_15,9e6afb2022c54871a3efbdb78da01985,0.017,,,
4658,2026-07-28,SH600549,0.1284862250880129,EXP_LGBModel_Alpha158_csi300_custom_step0_s_20260728_15,9e6afb2022c54871a3efbdb78da01985,0.017,,,
4659,2026-07-28,SH600547,-0.019508283652843475,EXP_LGBModel_Alpha158_csi300_custom_step0_s_20260728_15,9e6afb2022c54871a3efbdb78da01985,0.017,,,
4660,2026-07-28,SH600522,0.10513553472403192,EXP_LGBModel_Alpha158_csi300_custom_step0_s_20260728_15,9e6afb2022c54871a3efbdb78da01985,0.017,,,
4661,2026-07-28,SH600519,-0.0035850158201102896,EXP_LGBModel_Alpha158_csi300_custom_step0_s_20260728_15,9e6afb2022c54871a3efbdb78da01985,0.017,,,
4662,2026-07-28,SH600346,0.008439151278436818,EXP_LGBModel_Alpha158_csi300_custom_step0_s_20260728_15,9e6afb2022c54871a3efbdb78da01985,0.017,,,
4663,2026-07-28,SH600515,0.01230473300054161,EXP_LGBModel_Alpha158_csi300_custom_step0_s_20260728_15,9e6afb2022c54871a3efbdb78da01985,0.017,,,
4664,2026-07-28,SH600482,0.06641605452728125,EXP_LGBModel_Alpha158_csi300_custom_step0_s_20260728_15,9e6afb2022c54871a3efbdb78da01985,0.017,,,
4665,2026-07-28,SH600460,0.10781002656965676,EXP_LGBModel_Alpha158_csi300_custom_step0_s_20260728_15,9e6afb2022c54871a3efbdb78da01985,0.017,,,
4666,2026-07-28,SH600438,0.012483451893751144,EXP_LGBModel_Alpha158_csi300_custom_step0_s_20260728_15,9e6afb2022c54871a3efbdb78da01985,0.017,,,
4667,2026-07-28,SH600436,0.025218576388970352,EXP_LGBModel_Alpha158_csi300_custom_step0_s_20260728_15,9e6afb2022c54871a3efbdb78da01985,0.017,,,
4668,2026-07-28,SH600426,-0.0025510390537288106,EXP_LGBModel_Alpha158_csi300_custom_step0_s_20260728_15,9e6afb2022c54871a3efbdb78da01985,0.017,,,
4669,2026-07-28,SH600415,-0.0656538551603436,EXP_LGBModel_Alpha158_csi300_custom_step0_s_20260728_15,9e6afb2022c54871a3efbdb78da01985,0.017,,,
4670,2026-07-28,SH600406,-0.0013854126177991282,EXP_LGBModel_Alpha158_csi300_custom_step0_s_20260728_15,9e6afb2022c54871a3efbdb78da01985,0.017,,,
4671,2026-07-28,SH600372,0.03667036058193711,EXP_LGBModel_Alpha158_csi300_custom_step0_s_20260728_15,9e6afb2022c54871a3efbdb78da01985,0.017,,,
4672,2026-07-28,SH600489,-0.022144203018517994,EXP_LGBModel_Alpha158_csi300_custom_step0_s_20260728_15,9e6afb2022c54871a3efbdb78da01985,0.017,,,
4673,2026-07-28,SH600039,-0.020366199597865946,EXP_LGBModel_Alpha158_csi300_custom_step0_s_20260728_15,9e6afb2022c54871a3efbdb78da01985,0.017,,,
4674,2026-07-28,SH600036,-0.004388571910497081,EXP_LGBModel_Alpha158_csi300_custom_step0_s_20260728_15,9e6afb2022c54871a3efbdb78da01985,0.017,,,
4675,2026-07-28,SH600031,-0.003047998156543588,EXP_LGBModel_Alpha158_csi300_custom_step0_s_20260728_15,9e6afb2022c54871a3efbdb78da01985,0.017,,,
4676,2026-07-28,SZ300832,-0.067573694583613,EXP_LGBModel_Alpha158_csi300_custom_step0_s_20260728_15,7259550e38e84226bbdd12fe083e6b8b,0.089,,,
4677,2026-07-28,SZ300803,0.05938990441776,EXP_LGBModel_Alpha158_csi300_custom_step0_s_20260728_15,7259550e38e84226bbdd12fe083e6b8b,0.089,,,
4678,2026-07-28,SZ300760,-0.064123558726557,EXP_LGBModel_Alpha158_csi300_custom_step0_s_20260728_15,7259550e38e84226bbdd12fe083e6b8b,0.089,,,
4679,2026-07-28,SZ300750,0.0592831590019216,EXP_LGBModel_Alpha158_csi300_custom_step0_s_20260728_15,7259550e38e84226bbdd12fe083e6b8b,0.089,,,
4680,2026-07-28,SZ300661,0.0194541080152852,EXP_LGBModel_Alpha158_csi300_custom_step0_s_20260728_15,7259550e38e84226bbdd12fe083e6b8b,0.089,,,
4681,2026-07-28,SZ300628,-0.040548375221048254,EXP_LGBModel_Alpha158_csi300_custom_step0_s_20260728_15,7259550e38e84226bbdd12fe083e6b8b,0.089,,,
4682,2026-07-28,SZ300502,-0.004654211883552811,EXP_LGBModel_Alpha158_csi300_custom_step0_s_20260728_15,7259550e38e84226bbdd12fe083e6b8b,0.089,,,
4683,2026-07-28,SZ300498,-0.05026324909387755,EXP_LGBModel_Alpha158_csi300_custom_step0_s_20260728_15,7259550e38e84226bbdd12fe083e6b8b,0.089,,,
4684,2026-07-28,SZ300866,-0.08047934700274988,EXP_LGBModel_Alpha158_csi300_custom_step0_s_20260728_15,7259550e38e84226bbdd12fe083e6b8b,0.089,,,
4685,2026-07-28,SZ300476,0.018002745936676254,EXP_LGBModel_Alpha158_csi300_custom_step0_s_20260728_15,7259550e38e84226bbdd12fe083e6b8b,0.089,,,
4686,2026-07-28,SZ300442,0.10627385476287059,EXP_LGBModel_Alpha158_csi300_custom_step0_s_20260728_15,7259550e38e84226bbdd12fe083e6b8b,0.089,,,
4687,2026-07-28,SZ300433,0.08667097925806684,EXP_LGBModel_Alpha158_csi300_custom_step0_s_20260728_15,7259550e38e84226bbdd12fe083e6b8b,0.089,,,
4688,2026-07-28,SZ300418,0.043525175364129365,EXP_LGBModel_Alpha158_csi300_custom_step0_s_20260728_15,7259550e38e84226bbdd12fe083e6b8b,0.089,,,
4689,2026-07-28,SZ300413,-0.10863033273156937,EXP_LGBModel_Alpha158_csi300_custom_step0_s_20260728_15,7259550e38e84226bbdd12fe083e6b8b,0.089,,,
4690,2026-07-28,SZ300408,0.1229846472106861,EXP_LGBModel_Alpha158_csi300_custom_step0_s_20260728_15,7259550e38e84226bbdd12fe083e6b8b,0.089,,,
4691,2026-07-28,SZ300394,-0.004553230376417809,EXP_LGBModel_Alpha158_csi300_custom_step0_s_20260728_15,7259550e38e84226bbdd12fe083e6b8b,0.089,,,
4692,2026-07-28,SZ300316,0.11811900915720706,EXP_LGBModel_Alpha158_csi300_custom_step0_s_20260728_15,7259550e38e84226bbdd12fe083e6b8b,0.089,,,
4693,2026-07-28,SZ300308,-0.01804794735835954,EXP_LGBModel_Alpha158_csi300_custom_step0_s_20260728_15,7259550e38e84226bbdd12fe083e6b8b,0.089,,,
4694,2026-07-28,SZ300450,0.17724729605042647,EXP_LGBModel_Alpha158_csi300_custom_step0_s_20260728_15,7259550e38e84226bbdd12fe083e6b8b,0.089,,,
4695,2026-07-28,SZ300896,-0.0715790359837467,EXP_LGBModel_Alpha158_csi300_custom_step0_s_20260728_15,7259550e38e84226bbdd12fe083e6b8b,0.089,,,
4696,2026-07-28,SZ300999,-0.020987041127293465,EXP_LGBModel_Alpha158_csi300_custom_step0_s_20260728_15,7259550e38e84226bbdd12fe083e6b8b,0.089,,,
4697,2026-07-28,SZ301165,0.053192764766595776,EXP_LGBModel_Alpha158_csi300_custom_step0_s_20260728_15,7259550e38e84226bbdd12fe083e6b8b,0.089,,,
4698,2026-07-28,SH600030,-0.01907742496872628,EXP_LGBModel_Alpha158_csi300_custom_step0_s_20260728_15,9e6afb2022c54871a3efbdb78da01985,0.017,,,
4699,2026-07-28,SH600029,0.034130937613100425,EXP_LGBModel_Alpha158_csi300_custom_step0_s_20260728_15,9e6afb2022c54871a3efbdb78da01985,0.017,,,
4700,2026-07-28,SH600028,-0.020139703138424475,EXP_LGBModel_Alpha158_csi300_custom_step0_s_20260728_15,9e6afb2022c54871a3efbdb78da01985,0.017,,,
4701,2026-07-28,SH600027,-0.03382047215915131,EXP_LGBModel_Alpha158_csi300_custom_step0_s_20260728_15,9e6afb2022c54871a3efbdb78da01985,0.017,,,
4702,2026-07-28,SH600026,0.04905075993056513,EXP_LGBModel_Alpha158_csi300_custom_step0_s_20260728_15,9e6afb2022c54871a3efbdb78da01985,0.017,,,
4703,2026-07-28,SH600025,-0.02237482896863177,EXP_LGBModel_Alpha158_csi300_custom_step0_s_20260728_15,9e6afb2022c54871a3efbdb78da01985,0.017,,,
4704,2026-07-28,SH600023,0.0008293000784325466,EXP_LGBModel_Alpha158_csi300_custom_step0_s_20260728_15,9e6afb2022c54871a3efbdb78da01985,0.017,,,
4705,2026-07-28,SH600019,0.009843886227368422,EXP_LGBModel_Alpha158_csi300_custom_step0_s_20260728_15,9e6afb2022c54871a3efbdb78da01985,0.017,,,
4706,2026-07-28,SH600018,0.01688572191522593,EXP_LGBModel_Alpha158_csi300_custom_step0_s_20260728_15,9e6afb2022c54871a3efbdb78da01985,0.017,,,
4707,2026-07-28,SH600016,0.02394165655261646,EXP_LGBModel_Alpha158_csi300_custom_step0_s_20260728_15,9e6afb2022c54871a3efbdb78da01985,0.017,,,
4708,2026-07-28,SH600015,0.023572085247238136,EXP_LGBModel_Alpha158_csi300_custom_step0_s_20260728_15,9e6afb2022c54871a3efbdb78da01985,0.017,,,
4709,2026-07-28,SH600011,-0.03663737995694128,EXP_LGBModel_Alpha158_csi300_custom_step0_s_20260728_15,9e6afb2022c54871a3efbdb78da01985,0.017,,,
4710,2026-07-28,SH600010,0.04067846303946327,EXP_LGBModel_Alpha158_csi300_custom_step0_s_20260728_15,9e6afb2022c54871a3efbdb78da01985,0.017,,,
4711,2026-07-28,SH600009,0.010778358173164089,EXP_LGBModel_Alpha158_csi300_custom_step0_s_20260728_15,9e6afb2022c54871a3efbdb78da01985,0.017,,,
4712,2026-07-28,SH600000,0.013103517698092326,EXP_LGBModel_Alpha158_csi300_custom_step0_s_20260728_15,9e6afb2022c54871a3efbdb78da01985,0.017,,,
4713,2026-07-28,SZ302132,-0.12399417742634089,EXP_LGBModel_Alpha158_csi300_custom_step0_s_20260728_15,7259550e38e84226bbdd12fe083e6b8b,0.089,,,
4714,2026-07-28,SZ301308,0.009835372249704565,EXP_LGBModel_Alpha158_csi300_custom_step0_s_20260728_15,7259550e38e84226bbdd12fe083e6b8b,0.089,,,
4715,2026-07-28,SZ301269,0.08766948365437997,EXP_LGBModel_Alpha158_csi300_custom_step0_s_20260728_15,7259550e38e84226bbdd12fe083e6b8b,0.089,,,
4716,2026-07-28,SZ301236,0.004760847483006398,EXP_LGBModel_Alpha158_csi300_custom_step0_s_20260728_15,7259550e38e84226bbdd12fe083e6b8b,0.089,,,
4717,2026-07-28,SH600600,-0.004273307314327549,EXP_LGBModel_Alpha158_csi300_custom_step0_s_20260728_15,9e6afb2022c54871a3efbdb78da01985,0.017,,,
4718,2026-07-28,SZ300274,0.13765419023784137,EXP_LGBModel_Alpha158_csi300_custom_step0_s_20260728_15,7259550e38e84226bbdd12fe083e6b8b,0.089,,,
4719,2026-07-28,SH600660,0.007457316597897759,EXP_LGBModel_Alpha158_csi300_custom_step0_s_20260728_15,9e6afb2022c54871a3efbdb78da01985,0.017,,,
4720,2026-07-28,SH600690,-0.009345440719351093,EXP_LGBModel_Alpha158_csi300_custom_step0_s_20260728_15,9e6afb2022c54871a3efbdb78da01985,0.017,,,
4721,2026-07-28,SH601669,-0.013708457127006874,EXP_LGBModel_Alpha158_csi300_custom_step0_s_20260728_15,9e6afb2022c54871a3efbdb78da01985,0.017,,,
4722,2026-07-28,SH601668,-0.06987263604446312,EXP_LGBModel_Alpha158_csi300_custom_step0_s_20260728_15,9e6afb2022c54871a3efbdb78da01985,0.017,,,
4723,2026-07-28,SH601658,0.03341443189667117,EXP_LGBModel_Alpha158_csi300_custom_step0_s_20260728_15,9e6afb2022c54871a3efbdb78da01985,0.017,,,
4724,2026-07-28,SH601633,-0.01944684407189453,EXP_LGBModel_Alpha158_csi300_custom_step0_s_20260728_15,9e6afb2022c54871a3efbdb78da01985,0.017,,,
4725,2026-07-28,SH601628,-0.0010762270180143438,EXP_LGBModel_Alpha158_csi300_custom_step0_s_20260728_15,9e6afb2022c54871a3efbdb78da01985,0.017,,,
4726,2026-07-28,SH601618,0.023182304255229838,EXP_LGBModel_Alpha158_csi300_custom_step0_s_20260728_15,9e6afb2022c54871a3efbdb78da01985,0.017,,,
4727,2026-07-28,SH601607,0.007777333900480982,EXP_LGBModel_Alpha158_csi300_custom_step0_s_20260728_15,9e6afb2022c54871a3efbdb78da01985,0.017,,,
4728,2026-07-28,SH601601,-0.017074187317121015,EXP_LGBModel_Alpha158_csi300_custom_step0_s_20260728_15,9e6afb2022c54871a3efbdb78da01985,0.017,,,
4729,2026-07-28,SH601688,-0.03387368643978242,EXP_LGBModel_Alpha158_csi300_custom_step0_s_20260728_15,9e6afb2022c54871a3efbdb78da01985,0.017,,,
4730,2026-07-28,SH601600,-0.0412543677892481,EXP_LGBModel_Alpha158_csi300_custom_step0_s_20260728_15,9e6afb2022c54871a3efbdb78da01985,0.017,,,
4731,2026-07-28,SH601398,0.024963375350135743,EXP_LGBModel_Alpha158_csi300_custom_step0_s_20260728_15,9e6afb2022c54871a3efbdb78da01985,0.017,,,
4732,2026-07-28,SH601390,0.010697107900765057,EXP_LGBModel_Alpha158_csi300_custom_step0_s_20260728_15,9e6afb2022c54871a3efbdb78da01985,0.017,,,
4733,2026-07-28,SH601377,0.030382561808088668,EXP_LGBModel_Alpha158_csi300_custom_step0_s_20260728_15,9e6afb2022c54871a3efbdb78da01985,0.017,,,
4734,2026-07-28,SH601360,0.004310830286943608,EXP_LGBModel_Alpha158_csi300_custom_step0_s_20260728_15,9e6afb2022c54871a3efbdb78da01985,0.017,,,
4735,2026-07-28,SH601336,-0.01509331321381511,EXP_LGBModel_Alpha158_csi300_custom_step0_s_20260728_15,9e6afb2022c54871a3efbdb78da01985,0.017,,,
4736,2026-07-28,SH601328,0.00830277148906969,EXP_LGBModel_Alpha158_csi300_custom_step0_s_20260728_15,9e6afb2022c54871a3efbdb78da01985,0.017,,,
4737,2026-07-28,SH601319,-0.00645321383079971,EXP_LGBModel_Alpha158_csi300_custom_step0_s_20260728_15,9e6afb2022c54871a3efbdb78da01985,0.017,,,
4738,2026-07-28,SH601318,-0.014036371621941511,EXP_LGBModel_Alpha158_csi300_custom_step0_s_20260728_15,9e6afb2022c54871a3efbdb78da01985,0.017,,,
4739,2026-07-28,SH601456,0.01512002326021104,EXP_LGBModel_Alpha158_csi300_custom_step0_s_20260728_15,9e6afb2022c54871a3efbdb78da01985,0.017,,,
4740,2026-07-28,SH601288,0.007624839245575308,EXP_LGBModel_Alpha158_csi300_custom_step0_s_20260728_15,9e6afb2022c54871a3efbdb78da01985,0.017,,,
4741,2026-07-28,SH601689,0.12792227137413323,EXP_LGBModel_Alpha158_csi300_custom_step0_s_20260728_15,9e6afb2022c54871a3efbdb78da01985,0.017,,,
4742,2026-07-28,SH601727,0.0745039048510559,EXP_LGBModel_Alpha158_csi300_custom_step0_s_20260728_15,9e6afb2022c54871a3efbdb78da01985,0.017,,,
4743,2026-07-28,SH601901,0.02132047425044756,EXP_LGBModel_Alpha158_csi300_custom_step0_s_20260728_15,9e6afb2022c54871a3efbdb78da01985,0.017,,,
4744,2026-07-28,SH601899,0.004109360018378465,EXP_LGBModel_Alpha158_csi300_custom_step0_s_20260728_15,9e6afb2022c54871a3efbdb78da01985,0.017,,,
4745,2026-07-28,SH601898,-0.03313445306331307,EXP_LGBModel_Alpha158_csi300_custom_step0_s_20260728_15,9e6afb2022c54871a3efbdb78da01985,0.017,,,
4746,2026-07-28,SH601888,0.0021339924456783735,EXP_LGBModel_Alpha158_csi300_custom_step0_s_20260728_15,9e6afb2022c54871a3efbdb78da01985,0.017,,,
4747,2026-07-28,SH601881,0.018447557946231048,EXP_LGBModel_Alpha158_csi300_custom_step0_s_20260728_15,9e6afb2022c54871a3efbdb78da01985,0.017,,,
4748,2026-07-28,SH601878,0.005935182190221919,EXP_LGBModel_Alpha158_csi300_custom_step0_s_20260728_15,9e6afb2022c54871a3efbdb78da01985,0.017,,,
4749,2026-07-28,SH601877,-0.016668504871137267,EXP_LGBModel_Alpha158_csi300_custom_step0_s_20260728_15,9e6afb2022c54871a3efbdb78da01985,0.017,,,
4750,2026-07-28,SH601872,0.03492512308380527,EXP_LGBModel_Alpha158_csi300_custom_step0_s_20260728_15,9e6afb2022c54871a3efbdb78da01985,0.017,,,
4751,2026-07-28,SH601698,0.08945997685922286,EXP_LGBModel_Alpha158_csi300_custom_step0_s_20260728_15,9e6afb2022c54871a3efbdb78da01985,0.017,,,
4752,2026-07-28,SH601868,0.037289810270338786,EXP_LGBModel_Alpha158_csi300_custom_step0_s_20260728_15,9e6afb2022c54871a3efbdb78da01985,0.017,,,
4753,2026-07-28,SH601838,0.01745121322484508,EXP_LGBModel_Alpha158_csi300_custom_step0_s_20260728_15,9e6afb2022c54871a3efbdb78da01985,0.017,,,
4754,2026-07-28,SH601825,0.010973571658298197,EXP_LGBModel_Alpha158_csi300_custom_step0_s_20260728_15,9e6afb2022c54871a3efbdb78da01985,0.017,,,
4755,2026-07-28,SH601818,0.018228819243757015,EXP_LGBModel_Alpha158_csi300_custom_step0_s_20260728_15,9e6afb2022c54871a3efbdb78da01985,0.017,,,
4756,2026-07-28,SH601816,-0.03525141411060789,EXP_LGBModel_Alpha158_csi300_custom_step0_s_20260728_15,9e6afb2022c54871a3efbdb78da01985,0.017,,,
4757,2026-07-28,SH601800,0.009346449367045576,EXP_LGBModel_Alpha158_csi300_custom_step0_s_20260728_15,9e6afb2022c54871a3efbdb78da01985,0.017,,,
4758,2026-07-28,SH601788,0.01542426389210724,EXP_LGBModel_Alpha158_csi300_custom_step0_s_20260728_15,9e6afb2022c54871a3efbdb78da01985,0.017,,,
4759,2026-07-28,SH601766,-0.008151675962234577,EXP_LGBModel_Alpha158_csi300_custom_step0_s_20260728_15,9e6afb2022c54871a3efbdb78da01985,0.017,,,
4760,2026-07-28,SH601728,0.0160466004004121,EXP_LGBModel_Alpha158_csi300_custom_step0_s_20260728_15,9e6afb2022c54871a3efbdb78da01985,0.017,,,
4761,2026-07-28,SH601857,-0.00878199653467536,EXP_LGBModel_Alpha158_csi300_custom_step0_s_20260728_15,9e6afb2022c54871a3efbdb78da01985,0.017,,,
4762,2026-07-28,SH601238,0.006345501430171483,EXP_LGBModel_Alpha158_csi300_custom_step0_s_20260728_15,9e6afb2022c54871a3efbdb78da01985,0.017,,,
4763,2026-07-28,SH601229,-0.003505405495298237,EXP_LGBModel_Alpha158_csi300_custom_step0_s_20260728_15,9e6afb2022c54871a3efbdb78da01985,0.017,,,
4764,2026-07-28,SH601225,-0.03156515773840274,EXP_LGBModel_Alpha158_csi300_custom_step0_s_20260728_15,9e6afb2022c54871a3efbdb78da01985,0.017,,,
4765,2026-07-28,SH600941,0.026299618979494926,EXP_LGBModel_Alpha158_csi300_custom_step0_s_20260728_15,9e6afb2022c54871a3efbdb78da01985,0.017,,,
4766,2026-07-28,SH600938,-0.014925540950682391,EXP_LGBModel_Alpha158_csi300_custom_step0_s_20260728_15,9e6afb2022c54871a3efbdb78da01985,0.017,,,
4767,2026-07-28,SH600930,0.07360190606026834,EXP_LGBModel_Alpha158_csi300_custom_step0_s_20260728_15,9e6afb2022c54871a3efbdb78da01985,0.017,,,
4768,2026-07-28,SH600926,0.00613946234830005,EXP_LGBModel_Alpha158_csi300_custom_step0_s_20260728_15,9e6afb2022c54871a3efbdb78da01985,0.017,,,
4769,2026-07-28,SH600919,0.008140886390452403,EXP_LGBModel_Alpha158_csi300_custom_step0_s_20260728_15,9e6afb2022c54871a3efbdb78da01985,0.017,,,
4770,2026-07-28,SH600918,-0.0290810461889837,EXP_LGBModel_Alpha158_csi300_custom_step0_s_20260728_15,9e6afb2022c54871a3efbdb78da01985,0.017,,,
4771,2026-07-28,SH600905,-0.004767724673979425,EXP_LGBModel_Alpha158_csi300_custom_step0_s_20260728_15,9e6afb2022c54871a3efbdb78da01985,0.017,,,
4772,2026-07-28,SH600900,0.02423561710517874,EXP_LGBModel_Alpha158_csi300_custom_step0_s_20260728_15,9e6afb2022c54871a3efbdb78da01985,0.017,,,
4773,2026-07-28,SH600958,0.037582528424171355,EXP_LGBModel_Alpha158_csi300_custom_step0_s_20260728_15,9e6afb2022c54871a3efbdb78da01985,0.017,,,
4774,2026-07-28,SH600893,0.04584546347110638,EXP_LGBModel_Alpha158_csi300_custom_step0_s_20260728_15,9e6afb2022c54871a3efbdb78da01985,0.017,,,
4775,2026-07-28,SH600886,0.03361106900555122,EXP_LGBModel_Alpha158_csi300_custom_step0_s_20260728_15,9e6afb2022c54871a3efbdb78da01985,0.017,,,
4776,2026-07-28,SH600875,0.12220457286847188,EXP_LGBModel_Alpha158_csi300_custom_step0_s_20260728_15,9e6afb2022c54871a3efbdb78da01985,0.017,,,
4777,2026-07-28,SH600845,0.0739020215858223,EXP_LGBModel_Alpha158_csi300_custom_step0_s_20260728_15,9e6afb2022c54871a3efbdb78da01985,0.017,,,
4778,2026-07-28,SH600809,-0.037640346822138786,EXP_LGBModel_Alpha158_csi300_custom_step0_s_20260728_15,9e6afb2022c54871a3efbdb78da01985,0.017,,,
4779,2026-07-28,SH600803,-0.004498603962032579,EXP_LGBModel_Alpha158_csi300_custom_step0_s_20260728_15,9e6afb2022c54871a3efbdb78da01985,0.017,,,
4780,2026-07-28,SH600795,-0.011460121502405812,EXP_LGBModel_Alpha158_csi300_custom_step0_s_20260728_15,9e6afb2022c54871a3efbdb78da01985,0.017,,,
4781,2026-07-28,SH600760,-0.07080623274351117,EXP_LGBModel_Alpha158_csi300_custom_step0_s_20260728_15,9e6afb2022c54871a3efbdb78da01985,0.017,,,
4782,2026-07-28,SH600741,0.006944117922795829,EXP_LGBModel_Alpha158_csi300_custom_step0_s_20260728_15,9e6afb2022c54871a3efbdb78da01985,0.017,,,
4783,2026-07-28,SH600887,-0.024821617477213162,EXP_LGBModel_Alpha158_csi300_custom_step0_s_20260728_15,9e6afb2022c54871a3efbdb78da01985,0.017,,,
4784,2026-07-28,SH600989,-0.010273479975549522,EXP_LGBModel_Alpha158_csi300_custom_step0_s_20260728_15,9e6afb2022c54871a3efbdb78da01985,0.017,,,
4785,2026-07-28,SH600999,0.04132882786682594,EXP_LGBModel_Alpha158_csi300_custom_step0_s_20260728_15,9e6afb2022c54871a3efbdb78da01985,0.017,,,
4786,2026-07-28,SH601006,-0.01644349128440697,EXP_LGBModel_Alpha158_csi300_custom_step0_s_20260728_15,9e6afb2022c54871a3efbdb78da01985,0.017,,,
4787,2026-07-28,SH601211,-0.056431871613532976,EXP_LGBModel_Alpha158_csi300_custom_step0_s_20260728_15,9e6afb2022c54871a3efbdb78da01985,0.017,,,
4788,2026-07-28,SH601186,0.01626932951194789,EXP_LGBModel_Alpha158_csi300_custom_step0_s_20260728_15,9e6afb2022c54871a3efbdb78da01985,0.017,,,
4789,2026-07-28,SH601169,0.03703519673728095,EXP_LGBModel_Alpha158_csi300_custom_step0_s_20260728_15,9e6afb2022c54871a3efbdb78da01985,0.017,,,
4790,2026-07-28,SH601166,-0.004626417655219638,EXP_LGBModel_Alpha158_csi300_custom_step0_s_20260728_15,9e6afb2022c54871a3efbdb78da01985,0.017,,,
4791,2026-07-28,SH601138,0.11332072771121168,EXP_LGBModel_Alpha158_csi300_custom_step0_s_20260728_15,9e6afb2022c54871a3efbdb78da01985,0.017,,,
4792,2026-07-28,SH601136,0.014753287591859886,EXP_LGBModel_Alpha158_csi300_custom_step0_s_20260728_15,9e6afb2022c54871a3efbdb78da01985,0.017,,,
4793,2026-07-28,SH601127,0.028797245003141222,EXP_LGBModel_Alpha158_csi300_custom_step0_s_20260728_15,9e6afb2022c54871a3efbdb78da01985,0.017,,,
4794,2026-07-28,SH601117,0.015140983644165273,EXP_LGBModel_Alpha158_csi300_custom_step0_s_20260728_15,9e6afb2022c54871a3efbdb78da01985,0.017,,,
4795,2026-07-28,SH601111,0.02973066882692266,EXP_LGBModel_Alpha158_csi300_custom_step0_s_20260728_15,9e6afb2022c54871a3efbdb78da01985,0.017,,,
4796,2026-07-28,SH601100,0.03782669769519577,EXP_LGBModel_Alpha158_csi300_custom_step0_s_20260728_15,9e6afb2022c54871a3efbdb78da01985,0.017,,,
4797,2026-07-28,SH601088,-0.015484237795752503,EXP_LGBModel_Alpha158_csi300_custom_step0_s_20260728_15,9e6afb2022c54871a3efbdb78da01985,0.017,,,
4798,2026-07-28,SH601077,0.011281493645419713,EXP_LGBModel_Alpha158_csi300_custom_step0_s_20260728_15,9e6afb2022c54871a3efbdb78da01985,0.017,,,
4799,2026-07-28,SH601066,0.06331753264193755,EXP_LGBModel_Alpha158_csi300_custom_step0_s_20260728_15,9e6afb2022c54871a3efbdb78da01985,0.017,,,
4800,2026-07-28,SH601059,0.029359008940707712,EXP_LGBModel_Alpha158_csi300_custom_step0_s_20260728_15,9e6afb2022c54871a3efbdb78da01985,0.017,,,
4801,2026-07-28,SH601058,-0.0003817468833069858,EXP_LGBModel_Alpha158_csi300_custom_step0_s_20260728_15,9e6afb2022c54871a3efbdb78da01985,0.017,,,
4802,2026-07-28,SH601021,-0.0003574158068470998,EXP_LGBModel_Alpha158_csi300_custom_step0_s_20260728_15,9e6afb2022c54871a3efbdb78da01985,0.017,,,
4803,2026-07-28,SH601018,-0.01036204421927373,EXP_LGBModel_Alpha158_csi300_custom_step0_s_20260728_15,9e6afb2022c54871a3efbdb78da01985,0.017,,,
4804,2026-07-28,SH601012,-0.04078510221228547,EXP_LGBModel_Alpha158_csi300_custom_step0_s_20260728_15,9e6afb2022c54871a3efbdb78da01985,0.017,,,
4805,2026-07-28,SH601009,0.007750818780450451,EXP_LGBModel_Alpha158_csi300_custom_step0_s_20260728_15,9e6afb2022c54871a3efbdb78da01985,0.017,,,
4806,2026-07-28,SH600674,0.005033301080843291,EXP_LGBModel_Alpha158_csi300_custom_step0_s_20260728_15,9e6afb2022c54871a3efbdb78da01985,0.017,,,
4807,2026-07-28,SZ300251,-0.044053032120499845,EXP_LGBModel_Alpha158_csi300_custom_step0_s_20260728_15,7259550e38e84226bbdd12fe083e6b8b,0.089,,,
4808,2026-07-28,SZ300124,-0.014488059673608175,EXP_LGBModel_Alpha158_csi300_custom_step0_s_20260728_15,7259550e38e84226bbdd12fe083e6b8b,0.089,,,
4809,2026-07-28,SZ300122,-0.10690126315835564,EXP_LGBModel_Alpha158_csi300_custom_step0_s_20260728_15,7259550e38e84226bbdd12fe083e6b8b,0.089,,,
4810,2026-07-28,SH603260,0.00516678915078025,EXP_LGBModel_Alpha158_csi300_custom_step0_s_20260728_15,7259550e38e84226bbdd12fe083e6b8b,0.089,,,
4811,2026-07-28,SH603259,0.032099119587220996,EXP_LGBModel_Alpha158_csi300_custom_step0_s_20260728_15,7259550e38e84226bbdd12fe083e6b8b,0.089,,,
4812,2026-07-28,SH603019,0.017919767948548767,EXP_LGBModel_Alpha158_csi300_custom_step0_s_20260728_15,7259550e38e84226bbdd12fe083e6b8b,0.089,,,
4813,2026-07-28,SH601998,-0.0022949214311509493,EXP_LGBModel_Alpha158_csi300_custom_step0_s_20260728_15,7259550e38e84226bbdd12fe083e6b8b,0.089,,,
4814,2026-07-28,SH601995,0.020407800423519185,EXP_LGBModel_Alpha158_csi300_custom_step0_s_20260728_15,7259550e38e84226bbdd12fe083e6b8b,0.089,,,
4815,2026-07-28,SH601988,0.09277409178572306,EXP_LGBModel_Alpha158_csi300_custom_step0_s_20260728_15,7259550e38e84226bbdd12fe083e6b8b,0.089,,,
4816,2026-07-28,SH601985,0.04231670909118289,EXP_LGBModel_Alpha158_csi300_custom_step0_s_20260728_15,7259550e38e84226bbdd12fe083e6b8b,0.089,,,
4817,2026-07-28,SH601939,0.05838573188781231,EXP_LGBModel_Alpha158_csi300_custom_step0_s_20260728_15,7259550e38e84226bbdd12fe083e6b8b,0.089,,,
4818,2026-07-28,SH603288,-0.012013163874231677,EXP_LGBModel_Alpha158_csi300_custom_step0_s_20260728_15,7259550e38e84226bbdd12fe083e6b8b,0.089,,,
4819,2026-07-28,SH601919,0.003241875451629088,EXP_LGBModel_Alpha158_csi300_custom_step0_s_20260728_15,7259550e38e84226bbdd12fe083e6b8b,0.089,,,
4820,2026-07-28,SH601901,0.023605148775849925,EXP_LGBModel_Alpha158_csi300_custom_step0_s_20260728_15,7259550e38e84226bbdd12fe083e6b8b,0.089,,,
4821,2026-07-28,SH601899,-0.052654522591994435,EXP_LGBModel_Alpha158_csi300_custom_step0_s_20260728_15,7259550e38e84226bbdd12fe083e6b8b,0.089,,,
4822,2026-07-28,SH601898,-0.10824860896899408,EXP_LGBModel_Alpha158_csi300_custom_step0_s_20260728_15,7259550e38e84226bbdd12fe083e6b8b,0.089,,,
4823,2026-07-28,SH601888,-0.0474100622588538,EXP_LGBModel_Alpha158_csi300_custom_step0_s_20260728_15,7259550e38e84226bbdd12fe083e6b8b,0.089,,,
4824,2026-07-28,SH601881,0.05588297755865724,EXP_LGBModel_Alpha158_csi300_custom_step0_s_20260728_15,7259550e38e84226bbdd12fe083e6b8b,0.089,,,
4825,2026-07-28,SH601878,0.021413108327133685,EXP_LGBModel_Alpha158_csi300_custom_step0_s_20260728_15,7259550e38e84226bbdd12fe083e6b8b,0.089,,,
4826,2026-07-28,SH601877,-0.049590764761043814,EXP_LGBModel_Alpha158_csi300_custom_step0_s_20260728_15,7259550e38e84226bbdd12fe083e6b8b,0.089,,,
4827,2026-07-28,SH601872,0.00981191226468983,EXP_LGBModel_Alpha158_csi300_custom_step0_s_20260728_15,7259550e38e84226bbdd12fe083e6b8b,0.089,,,
4828,2026-07-28,SH601916,0.03447628666075773,EXP_LGBModel_Alpha158_csi300_custom_step0_s_20260728_15,7259550e38e84226bbdd12fe083e6b8b,0.089,,,
4829,2026-07-28,SH601868,-0.015841624473375976,EXP_LGBModel_Alpha158_csi300_custom_step0_s_20260728_15,7259550e38e84226bbdd12fe083e6b8b,0.089,,,
4830,2026-07-28,SH603296,0.05748050513304488,EXP_LGBModel_Alpha158_csi300_custom_step0_s_20260728_15,7259550e38e84226bbdd12fe083e6b8b,0.089,,,
4831,2026-07-28,SH603392,-0.06484573415608653,EXP_LGBModel_Alpha158_csi300_custom_step0_s_20260728_15,7259550e38e84226bbdd12fe083e6b8b,0.089,,,
4832,2026-07-28,SH688183,-0.017915953020815754,EXP_LGBModel_Alpha158_csi300_custom_step0_s_20260728_15,7259550e38e84226bbdd12fe083e6b8b,0.089,,,
4833,2026-07-28,SH688126,0.13370740594964245,EXP_LGBModel_Alpha158_csi300_custom_step0_s_20260728_15,7259550e38e84226bbdd12fe083e6b8b,0.089,,,
4834,2026-07-28,SH688111,-0.058360640989188646,EXP_LGBModel_Alpha158_csi300_custom_step0_s_20260728_15,7259550e38e84226bbdd12fe083e6b8b,0.089,,,
4835,2026-07-28,SH688082,0.11300904817061112,EXP_LGBModel_Alpha158_csi300_custom_step0_s_20260728_15,7259550e38e84226bbdd12fe083e6b8b,0.089,,,
4836,2026-07-28,SH688072,0.016446676747487576,EXP_LGBModel_Alpha158_csi300_custom_step0_s_20260728_15,7259550e38e84226bbdd12fe083e6b8b,0.089,,,
4837,2026-07-28,SH688047,0.048172091254555335,EXP_LGBModel_Alpha158_csi300_custom_step0_s_20260728_15,7259550e38e84226bbdd12fe083e6b8b,0.089,,,
4838,2026-07-28,SH688041,0.031587259609184626,EXP_LGBModel_Alpha158_csi300_custom_step0_s_20260728_15,7259550e38e84226bbdd12fe083e6b8b,0.089,,,
4839,2026-07-28,SH688036,-0.1211229246476759,EXP_LGBModel_Alpha158_csi300_custom_step0_s_20260728_15,7259550e38e84226bbdd12fe083e6b8b,0.089,,,
4840,2026-07-28,SH603369,-0.012594448546197767,EXP_LGBModel_Alpha158_csi300_custom_step0_s_20260728_15,7259550e38e84226bbdd12fe083e6b8b,0.089,,,
4841,2026-07-28,SH688012,0.10248093798844816,EXP_LGBModel_Alpha158_csi300_custom_step0_s_20260728_15,7259550e38e84226bbdd12fe083e6b8b,0.089,,,
4842,2026-07-28,SH688008,0.1003749386398608,EXP_LGBModel_Alpha158_csi300_custom_step0_s_20260728_15,7259550e38e84226bbdd12fe083e6b8b,0.089,,,
4843,2026-07-28,SH605499,-0.09081987617993793,EXP_LGBModel_Alpha158_csi300_custom_step0_s_20260728_15,7259550e38e84226bbdd12fe083e6b8b,0.089,,,
4844,2026-07-28,SH605117,0.051341684059954214,EXP_LGBModel_Alpha158_csi300_custom_step0_s_20260728_15,7259550e38e84226bbdd12fe083e6b8b,0.089,,,
4845,2026-07-28,SH603993,-0.07659115981928359,EXP_LGBModel_Alpha158_csi300_custom_step0_s_20260728_15,7259550e38e84226bbdd12fe083e6b8b,0.089,,,
4846,2026-07-28,SH603986,0.05605893504464723,EXP_LGBModel_Alpha158_csi300_custom_step0_s_20260728_15,7259550e38e84226bbdd12fe083e6b8b,0.089,,,
4847,2026-07-28,SH603893,0.03430566587046238,EXP_LGBModel_Alpha158_csi300_custom_step0_s_20260728_15,7259550e38e84226bbdd12fe083e6b8b,0.089,,,
4848,2026-07-28,SH603799,0.12179207444534808,EXP_LGBModel_Alpha158_csi300_custom_step0_s_20260728_15,7259550e38e84226bbdd12fe083e6b8b,0.089,,,
4849,2026-07-28,SH603501,0.038106540769706904,EXP_LGBModel_Alpha158_csi300_custom_step0_s_20260728_15,7259550e38e84226bbdd12fe083e6b8b,0.089,,,
4850,2026-07-28,SH688009,0.04211711305944848,EXP_LGBModel_Alpha158_csi300_custom_step0_s_20260728_15,7259550e38e84226bbdd12fe083e6b8b,0.089,,,
4851,2026-07-28,SH601857,-0.10833791220176886,EXP_LGBModel_Alpha158_csi300_custom_step0_s_20260728_15,7259550e38e84226bbdd12fe083e6b8b,0.089,,,
4852,2026-07-28,SH601838,0.052355453535416784,EXP_LGBModel_Alpha158_csi300_custom_step0_s_20260728_15,7259550e38e84226bbdd12fe083e6b8b,0.089,,,
4853,2026-07-28,SH601825,-0.006154370777229046,EXP_LGBModel_Alpha158_csi300_custom_step0_s_20260728_15,7259550e38e84226bbdd12fe083e6b8b,0.089,,,
4854,2026-07-28,SH601360,-0.06579951466673846,EXP_LGBModel_Alpha158_csi300_custom_step0_s_20260728_15,7259550e38e84226bbdd12fe083e6b8b,0.089,,,
4855,2026-07-28,SH601336,-0.007318515986100048,EXP_LGBModel_Alpha158_csi300_custom_step0_s_20260728_15,7259550e38e84226bbdd12fe083e6b8b,0.089,,,
4856,2026-07-28,SH601328,0.05923293589451199,EXP_LGBModel_Alpha158_csi300_custom_step0_s_20260728_15,7259550e38e84226bbdd12fe083e6b8b,0.089,,,
4857,2026-07-28,SH601319,-0.03290456302820617,EXP_LGBModel_Alpha158_csi300_custom_step0_s_20260728_15,7259550e38e84226bbdd12fe083e6b8b,0.089,,,
4858,2026-07-28,SH601318,-0.09171990534191654,EXP_LGBModel_Alpha158_csi300_custom_step0_s_20260728_15,7259550e38e84226bbdd12fe083e6b8b,0.089,,,
4859,2026-07-28,SH601288,0.006268406326724355,EXP_LGBModel_Alpha158_csi300_custom_step0_s_20260728_15,7259550e38e84226bbdd12fe083e6b8b,0.089,,,
4860,2026-07-28,SH601238,-0.014275446292473272,EXP_LGBModel_Alpha158_csi300_custom_step0_s_20260728_15,7259550e38e84226bbdd12fe083e6b8b,0.089,,,
4861,2026-07-28,SH601229,0.053210411354315604,EXP_LGBModel_Alpha158_csi300_custom_step0_s_20260728_15,7259550e38e84226bbdd12fe083e6b8b,0.089,,,
4862,2026-07-28,SH601377,0.048612483804218065,EXP_LGBModel_Alpha158_csi300_custom_step0_s_20260728_15,7259550e38e84226bbdd12fe083e6b8b,0.089,,,
4863,2026-07-28,SH601225,-0.03908298472019501,EXP_LGBModel_Alpha158_csi300_custom_step0_s_20260728_15,7259550e38e84226bbdd12fe083e6b8b,0.089,,,
4864,2026-07-28,SH601186,0.06564131027927278,EXP_LGBModel_Alpha158_csi300_custom_step0_s_20260728_15,7259550e38e84226bbdd12fe083e6b8b,0.089,,,
4865,2026-07-28,SH601169,0.07744346818165393,EXP_LGBModel_Alpha158_csi300_custom_step0_s_20260728_15,7259550e38e84226bbdd12fe083e6b8b,0.089,,,
4866,2026-07-28,SH601166,0.0075112355016288,EXP_LGBModel_Alpha158_csi300_custom_step0_s_20260728_15,7259550e38e84226bbdd12fe083e6b8b,0.089,,,
4867,2026-07-28,SH601138,0.07093829019168675,EXP_LGBModel_Alpha158_csi300_custom_step0_s_20260728_15,7259550e38e84226bbdd12fe083e6b8b,0.089,,,
4868,2026-07-28,SH601136,-0.020485896647361113,EXP_LGBModel_Alpha158_csi300_custom_step0_s_20260728_15,7259550e38e84226bbdd12fe083e6b8b,0.089,,,
4869,2026-07-28,SH601127,0.015036291220227403,EXP_LGBModel_Alpha158_csi300_custom_step0_s_20260728_15,7259550e38e84226bbdd12fe083e6b8b,0.089,,,
4870,2026-07-28,SH601117,0.039008259657804946,EXP_LGBModel_Alpha158_csi300_custom_step0_s_20260728_15,7259550e38e84226bbdd12fe083e6b8b,0.089,,,
4871,2026-07-28,SH601111,-0.013998872207580934,EXP_LGBModel_Alpha158_csi300_custom_step0_s_20260728_15,7259550e38e84226bbdd12fe083e6b8b,0.089,,,
4872,2026-07-28,SH601211,-0.045273129827184545,EXP_LGBModel_Alpha158_csi300_custom_step0_s_20260728_15,7259550e38e84226bbdd12fe083e6b8b,0.089,,,
4873,2026-07-28,SH601390,0.0059656806125264845,EXP_LGBModel_Alpha158_csi300_custom_step0_s_20260728_15,7259550e38e84226bbdd12fe083e6b8b,0.089,,,
4874,2026-07-28,SH601398,0.051910940823976515,EXP_LGBModel_Alpha158_csi300_custom_step0_s_20260728_15,7259550e38e84226bbdd12fe083e6b8b,0.089,,,
4875,2026-07-28,SH601456,0.029103208302630884,EXP_LGBModel_Alpha158_csi300_custom_step0_s_20260728_15,7259550e38e84226bbdd12fe083e6b8b,0.089,,,
4876,2026-07-28,SH601818,0.06111682261696827,EXP_LGBModel_Alpha158_csi300_custom_step0_s_20260728_15,7259550e38e84226bbdd12fe083e6b8b,0.089,,,
4877,2026-07-28,SH601816,-0.028946612590082278,EXP_LGBModel_Alpha158_csi300_custom_step0_s_20260728_15,7259550e38e84226bbdd12fe083e6b8b,0.089,,,
4878,2026-07-28,SH601800,0.01011855496080682,EXP_LGBModel_Alpha158_csi300_custom_step0_s_20260728_15,7259550e38e84226bbdd12fe083e6b8b,0.089,,,
4879,2026-07-28,SH601788,0.04630992799234067,EXP_LGBModel_Alpha158_csi300_custom_step0_s_20260728_15,7259550e38e84226bbdd12fe083e6b8b,0.089,,,
4880,2026-07-28,SH601766,-0.06426212472186407,EXP_LGBModel_Alpha158_csi300_custom_step0_s_20260728_15,7259550e38e84226bbdd12fe083e6b8b,0.089,,,
4881,2026-07-28,SH601728,-0.022729384538813117,EXP_LGBModel_Alpha158_csi300_custom_step0_s_20260728_15,7259550e38e84226bbdd12fe083e6b8b,0.089,,,
4882,2026-07-28,SH601727,-0.016800273226984148,EXP_LGBModel_Alpha158_csi300_custom_step0_s_20260728_15,7259550e38e84226bbdd12fe083e6b8b,0.089,,,
4883,2026-07-28,SH601698,0.10531871537584904,EXP_LGBModel_Alpha158_csi300_custom_step0_s_20260728_15,7259550e38e84226bbdd12fe083e6b8b,0.089,,,
4884,2026-07-28,SH601689,0.09053470117122174,EXP_LGBModel_Alpha158_csi300_custom_step0_s_20260728_15,7259550e38e84226bbdd12fe083e6b8b,0.089,,,
4885,2026-07-28,SH601688,0.00873010764584373,EXP_LGBModel_Alpha158_csi300_custom_step0_s_20260728_15,7259550e38e84226bbdd12fe083e6b8b,0.089,,,
4886,2026-07-28,SH601669,-0.0031202756518227638,EXP_LGBModel_Alpha158_csi300_custom_step0_s_20260728_15,7259550e38e84226bbdd12fe083e6b8b,0.089,,,
4887,2026-07-28,SH601668,-0.056323586563268135,EXP_LGBModel_Alpha158_csi300_custom_step0_s_20260728_15,7259550e38e84226bbdd12fe083e6b8b,0.089,,,
4888,2026-07-28,SH601658,0.07754016753387859,EXP_LGBModel_Alpha158_csi300_custom_step0_s_20260728_15,7259550e38e84226bbdd12fe083e6b8b,0.089,,,
4889,2026-07-28,SH601633,-0.08255879573919858,EXP_LGBModel_Alpha158_csi300_custom_step0_s_20260728_15,7259550e38e84226bbdd12fe083e6b8b,0.089,,,
4890,2026-07-28,SH601628,-0.055049374831753685,EXP_LGBModel_Alpha158_csi300_custom_step0_s_20260728_15,7259550e38e84226bbdd12fe083e6b8b,0.089,,,
4891,2026-07-28,SH601618,0.018826673445729254,EXP_LGBModel_Alpha158_csi300_custom_step0_s_20260728_15,7259550e38e84226bbdd12fe083e6b8b,0.089,,,
4892,2026-07-28,SH601607,0.004334726565436852,EXP_LGBModel_Alpha158_csi300_custom_step0_s_20260728_15,7259550e38e84226bbdd12fe083e6b8b,0.089,,,
4893,2026-07-28,SH601601,-0.0957925632678007,EXP_LGBModel_Alpha158_csi300_custom_step0_s_20260728_15,7259550e38e84226bbdd12fe083e6b8b,0.089,,,
4894,2026-07-28,SH601600,-0.10170698273690922,EXP_LGBModel_Alpha158_csi300_custom_step0_s_20260728_15,7259550e38e84226bbdd12fe083e6b8b,0.089,,,
4895,2026-07-28,SH688223,0.08069725840343013,EXP_LGBModel_Alpha158_csi300_custom_step0_s_20260728_15,7259550e38e84226bbdd12fe083e6b8b,0.089,,,
4896,2026-07-28,SH688256,-0.03365761914939832,EXP_LGBModel_Alpha158_csi300_custom_step0_s_20260728_15,7259550e38e84226bbdd12fe083e6b8b,0.089,,,
4897,2026-07-28,SH688271,-0.07854292807185102,EXP_LGBModel_Alpha158_csi300_custom_step0_s_20260728_15,7259550e38e84226bbdd12fe083e6b8b,0.089,,,
4898,2026-07-28,SH688303,-0.08895895686945066,EXP_LGBModel_Alpha158_csi300_custom_step0_s_20260728_15,7259550e38e84226bbdd12fe083e6b8b,0.089,,,
4899,2026-07-28,SZ002460,0.08536248622835911,EXP_LGBModel_Alpha158_csi300_custom_step0_s_20260728_15,7259550e38e84226bbdd12fe083e6b8b,0.089,,,
4900,2026-07-28,SZ002422,0.1249105812249244,EXP_LGBModel_Alpha158_csi300_custom_step0_s_20260728_15,7259550e38e84226bbdd12fe083e6b8b,0.089,,,
4901,2026-07-28,SZ002415,0.0690146077905725,EXP_LGBModel_Alpha158_csi300_custom_step0_s_20260728_15,7259550e38e84226bbdd12fe083e6b8b,0.089,,,
4902,2026-07-28,SZ002384,0.0519341782672406,EXP_LGBModel_Alpha158_csi300_custom_step0_s_20260728_15,7259550e38e84226bbdd12fe083e6b8b,0.089,,,
4903,2026-07-28,SZ002371,0.11004511938649449,EXP_LGBModel_Alpha158_csi300_custom_step0_s_20260728_15,7259550e38e84226bbdd12fe083e6b8b,0.089,,,
4904,2026-07-28,SZ002353,0.16450787922703147,EXP_LGBModel_Alpha158_csi300_custom_step0_s_20260728_15,7259550e38e84226bbdd12fe083e6b8b,0.089,,,
4905,2026-07-28,SZ002352,0.03815669526385983,EXP_LGBModel_Alpha158_csi300_custom_step0_s_20260728_15,7259550e38e84226bbdd12fe083e6b8b,0.089,,,
4906,2026-07-28,SZ002311,0.018350167673157808,EXP_LGBModel_Alpha158_csi300_custom_step0_s_20260728_15,7259550e38e84226bbdd12fe083e6b8b,0.089,,,
4907,2026-07-28,SZ002463,0.07514008845758494,EXP_LGBModel_Alpha158_csi300_custom_step0_s_20260728_15,7259550e38e84226bbdd12fe083e6b8b,0.089,,,
4908,2026-07-28,SZ002304,-0.04060071223013442,EXP_LGBModel_Alpha158_csi300_custom_step0_s_20260728_15,7259550e38e84226bbdd12fe083e6b8b,0.089,,,
4909,2026-07-28,SZ002236,0.03496711703552992,EXP_LGBModel_Alpha158_csi300_custom_step0_s_20260728_15,7259550e38e84226bbdd12fe083e6b8b,0.089,,,
4910,2026-07-28,SZ002230,-0.06426632016975008,EXP_LGBModel_Alpha158_csi300_custom_step0_s_20260728_15,7259550e38e84226bbdd12fe083e6b8b,0.089,,,
4911,2026-07-28,SZ002202,0.17790645560397952,EXP_LGBModel_Alpha158_csi300_custom_step0_s_20260728_15,7259550e38e84226bbdd12fe083e6b8b,0.089,,,
4912,2026-07-28,SZ002179,0.10974828975916365,EXP_LGBModel_Alpha158_csi300_custom_step0_s_20260728_15,7259550e38e84226bbdd12fe083e6b8b,0.089,,,
4913,2026-07-28,SZ002142,0.012427420078871399,EXP_LGBModel_Alpha158_csi300_custom_step0_s_20260728_15,7259550e38e84226bbdd12fe083e6b8b,0.089,,,
4914,2026-07-28,SZ002074,-0.08779147921560455,EXP_LGBModel_Alpha158_csi300_custom_step0_s_20260728_15,7259550e38e84226bbdd12fe083e6b8b,0.089,,,
4915,2026-07-28,SZ002050,0.12271686029132003,EXP_LGBModel_Alpha158_csi300_custom_step0_s_20260728_15,7259550e38e84226bbdd12fe083e6b8b,0.089,,,
4916,2026-07-28,SZ002049,0.11758470502161919,EXP_LGBModel_Alpha158_csi300_custom_step0_s_20260728_15,7259550e38e84226bbdd12fe083e6b8b,0.089,,,
4917,2026-07-28,SZ002241,-0.070076318445361,EXP_LGBModel_Alpha158_csi300_custom_step0_s_20260728_15,7259550e38e84226bbdd12fe083e6b8b,0.089,,,
4918,2026-07-28,SZ002466,0.13630863783557837,EXP_LGBModel_Alpha158_csi300_custom_step0_s_20260728_15,7259550e38e84226bbdd12fe083e6b8b,0.089,,,
4919,2026-07-28,SZ002475,0.022069755994010738,EXP_LGBModel_Alpha158_csi300_custom_step0_s_20260728_15,7259550e38e84226bbdd12fe083e6b8b,0.089,,,
4920,2026-07-28,SZ002493,-0.09474719030355552,EXP_LGBModel_Alpha158_csi300_custom_step0_s_20260728_15,7259550e38e84226bbdd12fe083e6b8b,0.089,,,
4921,2026-07-28,SZ300059,0.027583430333630993,EXP_LGBModel_Alpha158_csi300_custom_step0_s_20260728_15,7259550e38e84226bbdd12fe083e6b8b,0.089,,,
4922,2026-07-28,SZ300033,-0.005506703947052729,EXP_LGBModel_Alpha158_csi300_custom_step0_s_20260728_15,7259550e38e84226bbdd12fe083e6b8b,0.089,,,
4923,2026-07-28,SZ300015,-0.10802722367764216,EXP_LGBModel_Alpha158_csi300_custom_step0_s_20260728_15,7259550e38e84226bbdd12fe083e6b8b,0.089,,,
4924,2026-07-28,SZ300014,0.19692009254524967,EXP_LGBModel_Alpha158_csi300_custom_step0_s_20260728_15,7259550e38e84226bbdd12fe083e6b8b,0.089,,,
4925,2026-07-28,SZ003816,0.0163981748880149,EXP_LGBModel_Alpha158_csi300_custom_step0_s_20260728_15,7259550e38e84226bbdd12fe083e6b8b,0.089,,,
4926,2026-07-28,SZ002938,0.060441206540320605,EXP_LGBModel_Alpha158_csi300_custom_step0_s_20260728_15,7259550e38e84226bbdd12fe083e6b8b,0.089,,,
4927,2026-07-28,SZ002920,-0.08168120146270107,EXP_LGBModel_Alpha158_csi300_custom_step0_s_20260728_15,7259550e38e84226bbdd12fe083e6b8b,0.089,,,
4928,2026-07-28,SZ002916,0.08078295038430319,EXP_LGBModel_Alpha158_csi300_custom_step0_s_20260728_15,7259550e38e84226bbdd12fe083e6b8b,0.089,,,
4929,2026-07-28,SZ002837,0.11346060809571236,EXP_LGBModel_Alpha158_csi300_custom_step0_s_20260728_15,7259550e38e84226bbdd12fe083e6b8b,0.089,,,
4930,2026-07-28,SZ002736,0.04714854003826977,EXP_LGBModel_Alpha158_csi300_custom_step0_s_20260728_15,7259550e38e84226bbdd12fe083e6b8b,0.089,,,
4931,2026-07-28,SZ002714,-0.0705215008233931,EXP_LGBModel_Alpha158_csi300_custom_step0_s_20260728_15,7259550e38e84226bbdd12fe083e6b8b,0.089,,,
4932,2026-07-28,SZ002709,0.19827555710922695,EXP_LGBModel_Alpha158_csi300_custom_step0_s_20260728_15,7259550e38e84226bbdd12fe083e6b8b,0.089,,,
4933,2026-07-28,SZ002648,-0.07123243255533539,EXP_LGBModel_Alpha158_csi300_custom_step0_s_20260728_15,7259550e38e84226bbdd12fe083e6b8b,0.089,,,
4934,2026-07-28,SZ002625,0.09529624794425877,EXP_LGBModel_Alpha158_csi300_custom_step0_s_20260728_15,7259550e38e84226bbdd12fe083e6b8b,0.089,,,
4935,2026-07-28,SZ002602,-0.045887892657987484,EXP_LGBModel_Alpha158_csi300_custom_step0_s_20260728_15,7259550e38e84226bbdd12fe083e6b8b,0.089,,,
4936,2026-07-28,SZ002600,0.2029048563491214,EXP_LGBModel_Alpha158_csi300_custom_step0_s_20260728_15,7259550e38e84226bbdd12fe083e6b8b,0.089,,,
4937,2026-07-28,SZ002594,-0.022556030171398452,EXP_LGBModel_Alpha158_csi300_custom_step0_s_20260728_15,7259550e38e84226bbdd12fe083e6b8b,0.089,,,
4938,2026-07-28,SZ002558,-0.037965921558842985,EXP_LGBModel_Alpha158_csi300_custom_step0_s_20260728_15,7259550e38e84226bbdd12fe083e6b8b,0.089,,,
4939,2026-07-28,SZ002532,-0.04471620637912731,EXP_LGBModel_Alpha158_csi300_custom_step0_s_20260728_15,7259550e38e84226bbdd12fe083e6b8b,0.089,,,
4940,2026-07-28,SZ002028,0.10091438707611525,EXP_LGBModel_Alpha158_csi300_custom_step0_s_20260728_15,7259550e38e84226bbdd12fe083e6b8b,0.089,,,
4941,2026-07-28,SH600309,-0.10535161662294015,EXP_LGBModel_Alpha158_csi300_custom_step0_s_20260728_15,ef8308ec3071412bb08f1568539cf83c,0.06,,,
4942,2026-07-28,SZ002027,-0.019158942157843632,EXP_LGBModel_Alpha158_csi300_custom_step0_s_20260728_15,7259550e38e84226bbdd12fe083e6b8b,0.089,,,
4943,2026-07-28,SZ001979,-0.09800335099221325,EXP_LGBModel_Alpha158_csi300_custom_step0_s_20260728_15,7259550e38e84226bbdd12fe083e6b8b,0.089,,,
4944,2026-07-28,SZ000568,-0.031825175647366095,EXP_LGBModel_Alpha158_csi300_custom_step0_s_20260728_15,7259550e38e84226bbdd12fe083e6b8b,0.089,,,
4945,2026-07-28,SZ000538,0.002915794931535581,EXP_LGBModel_Alpha158_csi300_custom_step0_s_20260728_15,7259550e38e84226bbdd12fe083e6b8b,0.089,,,
4946,2026-07-28,SZ000425,-0.06445577243495954,EXP_LGBModel_Alpha158_csi300_custom_step0_s_20260728_15,7259550e38e84226bbdd12fe083e6b8b,0.089,,,
4947,2026-07-28,SZ000408,-0.04440876239879497,EXP_LGBModel_Alpha158_csi300_custom_step0_s_20260728_15,7259550e38e84226bbdd12fe083e6b8b,0.089,,,
4948,2026-07-28,SZ000338,0.02687844698860249,EXP_LGBModel_Alpha158_csi300_custom_step0_s_20260728_15,7259550e38e84226bbdd12fe083e6b8b,0.089,,,
4949,2026-07-28,SZ000333,0.04703038743104236,EXP_LGBModel_Alpha158_csi300_custom_step0_s_20260728_15,7259550e38e84226bbdd12fe083e6b8b,0.089,,,
4950,2026-07-28,SZ000301,-0.05618459088597336,EXP_LGBModel_Alpha158_csi300_custom_step0_s_20260728_15,7259550e38e84226bbdd12fe083e6b8b,0.089,,,
4951,2026-07-28,SZ000166,0.04533275432163073,EXP_LGBModel_Alpha158_csi300_custom_step0_s_20260728_15,7259550e38e84226bbdd12fe083e6b8b,0.089,,,
4952,2026-07-28,SZ000596,-0.1280700305216177,EXP_LGBModel_Alpha158_csi300_custom_step0_s_20260728_15,7259550e38e84226bbdd12fe083e6b8b,0.089,,,
4953,2026-07-28,SZ000157,-0.04623504886675176,EXP_LGBModel_Alpha158_csi300_custom_step0_s_20260728_15,7259550e38e84226bbdd12fe083e6b8b,0.089,,,
4954,2026-07-28,SZ000063,0.0401217589539964,EXP_LGBModel_Alpha158_csi300_custom_step0_s_20260728_15,7259550e38e84226bbdd12fe083e6b8b,0.089,,,
4955,2026-07-28,SZ000002,-0.05754262192165057,EXP_LGBModel_Alpha158_csi300_custom_step0_s_20260728_15,7259550e38e84226bbdd12fe083e6b8b,0.089,,,
4956,2026-07-28,SZ000001,0.07260418696230937,EXP_LGBModel_Alpha158_csi300_custom_step0_s_20260728_15,7259550e38e84226bbdd12fe083e6b8b,0.089,,,
4957,2026-07-28,SH688981,0.03638684131542775,EXP_LGBModel_Alpha158_csi300_custom_step0_s_20260728_15,7259550e38e84226bbdd12fe083e6b8b,0.089,,,
4958,2026-07-28,SH688521,0.0307641066541324,EXP_LGBModel_Alpha158_csi300_custom_step0_s_20260728_15,7259550e38e84226bbdd12fe083e6b8b,0.089,,,
4959,2026-07-28,SH688506,0.14554999437013383,EXP_LGBModel_Alpha158_csi300_custom_step0_s_20260728_15,7259550e38e84226bbdd12fe083e6b8b,0.089,,,
4960,2026-07-28,SH688472,-0.05980038385093507,EXP_LGBModel_Alpha158_csi300_custom_step0_s_20260728_15,7259550e38e84226bbdd12fe083e6b8b,0.089,,,
4961,2026-07-28,SH688396,0.05147262231459611,EXP_LGBModel_Alpha158_csi300_custom_step0_s_20260728_15,7259550e38e84226bbdd12fe083e6b8b,0.089,,,
4962,2026-07-28,SZ000100,0.06265096183950314,EXP_LGBModel_Alpha158_csi300_custom_step0_s_20260728_15,7259550e38e84226bbdd12fe083e6b8b,0.089,,,
4963,2026-07-28,SZ000617,-0.11707984315838574,EXP_LGBModel_Alpha158_csi300_custom_step0_s_20260728_15,7259550e38e84226bbdd12fe083e6b8b,0.089,,,
4964,2026-07-28,SZ000625,-0.03943691511202482,EXP_LGBModel_Alpha158_csi300_custom_step0_s_20260728_15,7259550e38e84226bbdd12fe083e6b8b,0.089,,,
4965,2026-07-28,SZ000630,0.0846588558610304,EXP_LGBModel_Alpha158_csi300_custom_step0_s_20260728_15,7259550e38e84226bbdd12fe083e6b8b,0.089,,,
4966,2026-07-28,SZ001965,-0.11603779824902564,EXP_LGBModel_Alpha158_csi300_custom_step0_s_20260728_15,7259550e38e84226bbdd12fe083e6b8b,0.089,,,
4967,2026-07-28,SZ001391,-0.0009079892256600514,EXP_LGBModel_Alpha158_csi300_custom_step0_s_20260728_15,7259550e38e84226bbdd12fe083e6b8b,0.089,,,
4968,2026-07-28,SZ001280,0.09754006452044936,EXP_LGBModel_Alpha158_csi300_custom_step0_s_20260728_15,7259550e38e84226bbdd12fe083e6b8b,0.089,,,
4969,2026-07-28,SZ000999,-0.012659021231121243,EXP_LGBModel_Alpha158_csi300_custom_step0_s_20260728_15,7259550e38e84226bbdd12fe083e6b8b,0.089,,,
4970,2026-07-28,SZ000988,0.07777879357784157,EXP_LGBModel_Alpha158_csi300_custom_step0_s_20260728_15,7259550e38e84226bbdd12fe083e6b8b,0.089,,,
4971,2026-07-28,SZ000977,0.10670961483321051,EXP_LGBModel_Alpha158_csi300_custom_step0_s_20260728_15,7259550e38e84226bbdd12fe083e6b8b,0.089,,,
4972,2026-07-28,SZ000975,-0.05822535234057587,EXP_LGBModel_Alpha158_csi300_custom_step0_s_20260728_15,7259550e38e84226bbdd12fe083e6b8b,0.089,,,
4973,2026-07-28,SZ000963,-0.032441996291057436,EXP_LGBModel_Alpha158_csi300_custom_step0_s_20260728_15,7259550e38e84226bbdd12fe083e6b8b,0.089,,,
4974,2026-07-28,SZ000938,-0.08934153277357648,EXP_LGBModel_Alpha158_csi300_custom_step0_s_20260728_15,7259550e38e84226bbdd12fe083e6b8b,0.089,,,
4975,2026-07-28,SZ000895,0.013412735027424509,EXP_LGBModel_Alpha158_csi300_custom_step0_s_20260728_15,7259550e38e84226bbdd12fe083e6b8b,0.089,,,
4976,2026-07-28,SZ000858,-0.021079782975491883,EXP_LGBModel_Alpha158_csi300_custom_step0_s_20260728_15,7259550e38e84226bbdd12fe083e6b8b,0.089,,,
4977,2026-07-28,SZ000807,-0.02768047614714961,EXP_LGBModel_Alpha158_csi300_custom_step0_s_20260728_15,7259550e38e84226bbdd12fe083e6b8b,0.089,,,
4978,2026-07-28,SZ000792,0.07704794191713198,EXP_LGBModel_Alpha158_csi300_custom_step0_s_20260728_15,7259550e38e84226bbdd12fe083e6b8b,0.089,,,
4979,2026-07-28,SZ000776,0.04030120178226539,EXP_LGBModel_Alpha158_csi300_custom_step0_s_20260728_15,7259550e38e84226bbdd12fe083e6b8b,0.089,,,
4980,2026-07-28,SZ000768,-0.04280167351301435,EXP_LGBModel_Alpha158_csi300_custom_step0_s_20260728_15,7259550e38e84226bbdd12fe083e6b8b,0.089,,,
4981,2026-07-28,SZ000725,0.09321645198918525,EXP_LGBModel_Alpha158_csi300_custom_step0_s_20260728_15,7259550e38e84226bbdd12fe083e6b8b,0.089,,,
4982,2026-07-28,SZ000708,-0.03635790133383415,EXP_LGBModel_Alpha158_csi300_custom_step0_s_20260728_15,7259550e38e84226bbdd12fe083e6b8b,0.089,,,
4983,2026-07-28,SZ000657,0.06425781293704208,EXP_LGBModel_Alpha158_csi300_custom_step0_s_20260728_15,7259550e38e84226bbdd12fe083e6b8b,0.089,,,
4984,2026-07-28,SZ000651,0.059260623890681985,EXP_LGBModel_Alpha158_csi300_custom_step0_s_20260728_15,7259550e38e84226bbdd12fe083e6b8b,0.089,,,
4985,2026-07-28,SZ002001,-0.10340623249492602,EXP_LGBModel_Alpha158_csi300_custom_step0_s_20260728_15,7259550e38e84226bbdd12fe083e6b8b,0.089,,,
4986,2026-07-28,SZ301308,-0.11080262809991837,EXP_XGBModel_Alpha158_csi300_custom_step0_s_20260728_15,0d596994c1d14b90ab845ce72a659c43,0.062,,,
4987,2026-07-28,SH600276,-0.020306344659460955,EXP_LGBModel_Alpha158_csi300_custom_step0_s_20260728_15,ef8308ec3071412bb08f1568539cf83c,0.06,,,
4988,2026-07-28,SH600221,0.0046107309102763555,EXP_LGBModel_Alpha158_csi300_custom_step0_s_20260728_15,ef8308ec3071412bb08f1568539cf83c,0.06,,,
4989,2026-07-28,SH603993,-0.14560662685241668,EXP_LGBModel_Alpha158_csi300_custom_step0_s_20260728_15,28fd8d7b5d7048f1a82f709a42a7ce19,0.046,,,
4990,2026-07-28,SH603986,0.08046712531101649,EXP_LGBModel_Alpha158_csi300_custom_step0_s_20260728_15,28fd8d7b5d7048f1a82f709a42a7ce19,0.046,,,
4991,2026-07-28,SH603893,0.04316091149715607,EXP_LGBModel_Alpha158_csi300_custom_step0_s_20260728_15,28fd8d7b5d7048f1a82f709a42a7ce19,0.046,,,
4992,2026-07-28,SH603799,0.033769278186370176,EXP_LGBModel_Alpha158_csi300_custom_step0_s_20260728_15,28fd8d7b5d7048f1a82f709a42a7ce19,0.046,,,
4993,2026-07-28,SH603501,0.03531434378835044,EXP_LGBModel_Alpha158_csi300_custom_step0_s_20260728_15,28fd8d7b5d7048f1a82f709a42a7ce19,0.046,,,
4994,2026-07-28,SH603392,-0.040984979213030404,EXP_LGBModel_Alpha158_csi300_custom_step0_s_20260728_15,28fd8d7b5d7048f1a82f709a42a7ce19,0.046,,,
4995,2026-07-28,SH603369,-0.013409186994787069,EXP_LGBModel_Alpha158_csi300_custom_step0_s_20260728_15,28fd8d7b5d7048f1a82f709a42a7ce19,0.046,,,
4996,2026-07-28,SH603296,0.04609324888851675,EXP_LGBModel_Alpha158_csi300_custom_step0_s_20260728_15,28fd8d7b5d7048f1a82f709a42a7ce19,0.046,,,
4997,2026-07-28,SH605117,0.05405590555612105,EXP_LGBModel_Alpha158_csi300_custom_step0_s_20260728_15,28fd8d7b5d7048f1a82f709a42a7ce19,0.046,,,
4998,2026-07-28,SH603288,-0.03668937251006699,EXP_LGBModel_Alpha158_csi300_custom_step0_s_20260728_15,28fd8d7b5d7048f1a82f709a42a7ce19,0.046,,,
4999,2026-07-28,SH603259,0.03250127241511593,EXP_LGBModel_Alpha158_csi300_custom_step0_s_20260728_15,28fd8d7b5d7048f1a82f709a42a7ce19,0.046,,,
5000,2026-07-28,SH603019,0.05391952434760821,EXP_LGBModel_Alpha158_csi300_custom_step0_s_20260728_15,28fd8d7b5d7048f1a82f709a42a7ce19,0.046,,,
5001,2026-07-28,SH601998,-0.008137324418806002,EXP_LGBModel_Alpha158_csi300_custom_step0_s_20260728_15,28fd8d7b5d7048f1a82f709a42a7ce19,0.046,,,
5002,2026-07-28,SH601995,0.021797974041681607,EXP_LGBModel_Alpha158_csi300_custom_step0_s_20260728_15,28fd8d7b5d7048f1a82f709a42a7ce19,0.046,,,
5003,2026-07-28,SH601988,0.02938399875454229,EXP_LGBModel_Alpha158_csi300_custom_step0_s_20260728_15,28fd8d7b5d7048f1a82f709a42a7ce19,0.046,,,
5004,2026-07-28,SH601985,0.03005097705569863,EXP_LGBModel_Alpha158_csi300_custom_step0_s_20260728_15,28fd8d7b5d7048f1a82f709a42a7ce19,0.046,,,
5005,2026-07-28,SH601939,0.04095602303373409,EXP_LGBModel_Alpha158_csi300_custom_step0_s_20260728_15,28fd8d7b5d7048f1a82f709a42a7ce19,0.046,,,
5006,2026-07-28,SH601919,-0.014388478264805027,EXP_LGBModel_Alpha158_csi300_custom_step0_s_20260728_15,28fd8d7b5d7048f1a82f709a42a7ce19,0.046,,,
5007,2026-07-28,SH603260,0.0055971551623048834,EXP_LGBModel_Alpha158_csi300_custom_step0_s_20260728_15,28fd8d7b5d7048f1a82f709a42a7ce19,0.046,,,
5008,2026-07-28,SH601916,0.03596536026252855,EXP_LGBModel_Alpha158_csi300_custom_step0_s_20260728_15,28fd8d7b5d7048f1a82f709a42a7ce19,0.046,,,
5009,2026-07-28,SH605499,-0.022558303289235776,EXP_LGBModel_Alpha158_csi300_custom_step0_s_20260728_15,28fd8d7b5d7048f1a82f709a42a7ce19,0.046,,,
5010,2026-07-28,SH688009,0.01957331248553527,EXP_LGBModel_Alpha158_csi300_custom_step0_s_20260728_15,28fd8d7b5d7048f1a82f709a42a7ce19,0.046,,,
5011,2026-07-28,SH688981,0.048489799078934276,EXP_LGBModel_Alpha158_csi300_custom_step0_s_20260728_15,28fd8d7b5d7048f1a82f709a42a7ce19,0.046,,,
5012,2026-07-28,SH688521,0.032764406004137776,EXP_LGBModel_Alpha158_csi300_custom_step0_s_20260728_15,28fd8d7b5d7048f1a82f709a42a7ce19,0.046,,,
5013,2026-07-28,SH688506,0.10482520046180363,EXP_LGBModel_Alpha158_csi300_custom_step0_s_20260728_15,28fd8d7b5d7048f1a82f709a42a7ce19,0.046,,,
5014,2026-07-28,SH688472,-0.006363222184394966,EXP_LGBModel_Alpha158_csi300_custom_step0_s_20260728_15,28fd8d7b5d7048f1a82f709a42a7ce19,0.046,,,
5015,2026-07-28,SH688396,0.053482017986543895,EXP_LGBModel_Alpha158_csi300_custom_step0_s_20260728_15,28fd8d7b5d7048f1a82f709a42a7ce19,0.046,,,
5016,2026-07-28,SH688303,-0.0018222627890493723,EXP_LGBModel_Alpha158_csi300_custom_step0_s_20260728_15,28fd8d7b5d7048f1a82f709a42a7ce19,0.046,,,
5017,2026-07-28,SH688271,-0.037168118251461706,EXP_LGBModel_Alpha158_csi300_custom_step0_s_20260728_15,28fd8d7b5d7048f1a82f709a42a7ce19,0.046,,,
5018,2026-07-28,SH688256,0.054088015495642704,EXP_LGBModel_Alpha158_csi300_custom_step0_s_20260728_15,28fd8d7b5d7048f1a82f709a42a7ce19,0.046,,,
5019,2026-07-28,SH688008,0.054928934286094085,EXP_LGBModel_Alpha158_csi300_custom_step0_s_20260728_15,28fd8d7b5d7048f1a82f709a42a7ce19,0.046,,,
5020,2026-07-28,SH688223,0.021008448080196505,EXP_LGBModel_Alpha158_csi300_custom_step0_s_20260728_15,28fd8d7b5d7048f1a82f709a42a7ce19,0.046,,,
5021,2026-07-28,SH688126,0.05474105256558095,EXP_LGBModel_Alpha158_csi300_custom_step0_s_20260728_15,28fd8d7b5d7048f1a82f709a42a7ce19,0.046,,,
5022,2026-07-28,SH688111,0.07756030688823567,EXP_LGBModel_Alpha158_csi300_custom_step0_s_20260728_15,28fd8d7b5d7048f1a82f709a42a7ce19,0.046,,,
5023,2026-07-28,SH688082,0.05911590216358373,EXP_LGBModel_Alpha158_csi300_custom_step0_s_20260728_15,28fd8d7b5d7048f1a82f709a42a7ce19,0.046,,,
5024,2026-07-28,SH688072,0.04669516610254328,EXP_LGBModel_Alpha158_csi300_custom_step0_s_20260728_15,28fd8d7b5d7048f1a82f709a42a7ce19,0.046,,,
5025,2026-07-28,SH688047,0.07153018183848862,EXP_LGBModel_Alpha158_csi300_custom_step0_s_20260728_15,28fd8d7b5d7048f1a82f709a42a7ce19,0.046,,,
5026,2026-07-28,SH688041,0.07033895329561712,EXP_LGBModel_Alpha158_csi300_custom_step0_s_20260728_15,28fd8d7b5d7048f1a82f709a42a7ce19,0.046,,,
5027,2026-07-28,SH688036,-0.11133585578817037,EXP_LGBModel_Alpha158_csi300_custom_step0_s_20260728_15,28fd8d7b5d7048f1a82f709a42a7ce19,0.046,,,
5028,2026-07-28,SH688012,0.03711628934117499,EXP_LGBModel_Alpha158_csi300_custom_step0_s_20260728_15,28fd8d7b5d7048f1a82f709a42a7ce19,0.046,,,
5029,2026-07-28,SH688183,0.03926752853928577,EXP_LGBModel_Alpha158_csi300_custom_step0_s_20260728_15,28fd8d7b5d7048f1a82f709a42a7ce19,0.046,,,
5030,2026-07-28,SH601901,-0.016037401992508978,EXP_LGBModel_Alpha158_csi300_custom_step0_s_20260728_15,28fd8d7b5d7048f1a82f709a42a7ce19,0.046,,,
5031,2026-07-28,SH601899,-0.0941375044529196,EXP_LGBModel_Alpha158_csi300_custom_step0_s_20260728_15,28fd8d7b5d7048f1a82f709a42a7ce19,0.046,,,
5032,2026-07-28,SH601898,-0.09961432135671136,EXP_LGBModel_Alpha158_csi300_custom_step0_s_20260728_15,28fd8d7b5d7048f1a82f709a42a7ce19,0.046,,,
5033,2026-07-28,SH601628,-0.055871308229016516,EXP_LGBModel_Alpha158_csi300_custom_step0_s_20260728_15,28fd8d7b5d7048f1a82f709a42a7ce19,0.046,,,
5034,2026-07-28,SH601618,0.015863929813267362,EXP_LGBModel_Alpha158_csi300_custom_step0_s_20260728_15,28fd8d7b5d7048f1a82f709a42a7ce19,0.046,,,
5035,2026-07-28,SH601607,0.010327132189783912,EXP_LGBModel_Alpha158_csi300_custom_step0_s_20260728_15,28fd8d7b5d7048f1a82f709a42a7ce19,0.046,,,
5036,2026-07-28,SH601601,-0.023057906805238317,EXP_LGBModel_Alpha158_csi300_custom_step0_s_20260728_15,28fd8d7b5d7048f1a82f709a42a7ce19,0.046,,,
5037,2026-07-28,SH601600,-0.0899381739370505,EXP_LGBModel_Alpha158_csi300_custom_step0_s_20260728_15,28fd8d7b5d7048f1a82f709a42a7ce19,0.046,,,
5038,2026-07-28,SH601456,-0.004885996544722905,EXP_LGBModel_Alpha158_csi300_custom_step0_s_20260728_15,28fd8d7b5d7048f1a82f709a42a7ce19,0.046,,,
5039,2026-07-28,SH601398,-0.0017920456804772398,EXP_LGBModel_Alpha158_csi300_custom_step0_s_20260728_15,28fd8d7b5d7048f1a82f709a42a7ce19,0.046,,,
5040,2026-07-28,SH601390,-0.0030690558277906704,EXP_LGBModel_Alpha158_csi300_custom_step0_s_20260728_15,28fd8d7b5d7048f1a82f709a42a7ce19,0.046,,,
5041,2026-07-28,SH601633,-0.025576702637278084,EXP_LGBModel_Alpha158_csi300_custom_step0_s_20260728_15,28fd8d7b5d7048f1a82f709a42a7ce19,0.046,,,
5042,2026-07-28,SH601377,0.027795574439923823,EXP_LGBModel_Alpha158_csi300_custom_step0_s_20260728_15,28fd8d7b5d7048f1a82f709a42a7ce19,0.046,,,
5043,2026-07-28,SH601336,0.007796734952785616,EXP_LGBModel_Alpha158_csi300_custom_step0_s_20260728_15,28fd8d7b5d7048f1a82f709a42a7ce19,0.046,,,
5044,2026-07-28,SH601328,0.0262318346435826,EXP_LGBModel_Alpha158_csi300_custom_step0_s_20260728_15,28fd8d7b5d7048f1a82f709a42a7ce19,0.046,,,
5045,2026-07-28,SH601319,-0.02137770508818166,EXP_LGBModel_Alpha158_csi300_custom_step0_s_20260728_15,28fd8d7b5d7048f1a82f709a42a7ce19,0.046,,,
5046,2026-07-28,SH601318,-0.08333025325574447,EXP_LGBModel_Alpha158_csi300_custom_step0_s_20260728_15,28fd8d7b5d7048f1a82f709a42a7ce19,0.046,,,
5047,2026-07-28,SH601288,-0.03722469824754124,EXP_LGBModel_Alpha158_csi300_custom_step0_s_20260728_15,28fd8d7b5d7048f1a82f709a42a7ce19,0.046,,,
5048,2026-07-28,SH601238,0.0070688452960146735,EXP_LGBModel_Alpha158_csi300_custom_step0_s_20260728_15,28fd8d7b5d7048f1a82f709a42a7ce19,0.046,,,
5049,2026-07-28,SH601229,0.05506914712173055,EXP_LGBModel_Alpha158_csi300_custom_step0_s_20260728_15,28fd8d7b5d7048f1a82f709a42a7ce19,0.046,,,
5050,2026-07-28,SH601225,-0.047224890192860206,EXP_LGBModel_Alpha158_csi300_custom_step0_s_20260728_15,28fd8d7b5d7048f1a82f709a42a7ce19,0.046,,,
5051,2026-07-28,SH601360,-0.02497899405487212,EXP_LGBModel_Alpha158_csi300_custom_step0_s_20260728_15,28fd8d7b5d7048f1a82f709a42a7ce19,0.046,,,
5052,2026-07-28,SH601658,0.04336926005200554,EXP_LGBModel_Alpha158_csi300_custom_step0_s_20260728_15,28fd8d7b5d7048f1a82f709a42a7ce19,0.046,,,
5053,2026-07-28,SH601668,-0.012381862730292419,EXP_LGBModel_Alpha158_csi300_custom_step0_s_20260728_15,28fd8d7b5d7048f1a82f709a42a7ce19,0.046,,,
5054,2026-07-28,SH601669,-0.004914351817808203,EXP_LGBModel_Alpha158_csi300_custom_step0_s_20260728_15,28fd8d7b5d7048f1a82f709a42a7ce19,0.046,,,
5055,2026-07-28,SH601888,0.029736423041571668,EXP_LGBModel_Alpha158_csi300_custom_step0_s_20260728_15,28fd8d7b5d7048f1a82f709a42a7ce19,0.046,,,
5056,2026-07-28,SH601881,0.014709999057161196,EXP_LGBModel_Alpha158_csi300_custom_step0_s_20260728_15,28fd8d7b5d7048f1a82f709a42a7ce19,0.046,,,
5057,2026-07-28,SH601878,0.0070775263291459126,EXP_LGBModel_Alpha158_csi300_custom_step0_s_20260728_15,28fd8d7b5d7048f1a82f709a42a7ce19,0.046,,,
5058,2026-07-28,SH601877,0.003849221121278762,EXP_LGBModel_Alpha158_csi300_custom_step0_s_20260728_15,28fd8d7b5d7048f1a82f709a42a7ce19,0.046,,,
5059,2026-07-28,SH601872,-0.13409837883169046,EXP_LGBModel_Alpha158_csi300_custom_step0_s_20260728_15,28fd8d7b5d7048f1a82f709a42a7ce19,0.046,,,
5060,2026-07-28,SH601868,-0.0215082792887076,EXP_LGBModel_Alpha158_csi300_custom_step0_s_20260728_15,28fd8d7b5d7048f1a82f709a42a7ce19,0.046,,,
5061,2026-07-28,SH601857,-0.14131177295330127,EXP_LGBModel_Alpha158_csi300_custom_step0_s_20260728_15,28fd8d7b5d7048f1a82f709a42a7ce19,0.046,,,
5062,2026-07-28,SH601838,0.05750276711272074,EXP_LGBModel_Alpha158_csi300_custom_step0_s_20260728_15,28fd8d7b5d7048f1a82f709a42a7ce19,0.046,,,
5063,2026-07-28,SH601825,0.012158848235223061,EXP_LGBModel_Alpha158_csi300_custom_step0_s_20260728_15,28fd8d7b5d7048f1a82f709a42a7ce19,0.046,,,
5064,2026-07-28,SH601818,0.049581001993438914,EXP_LGBModel_Alpha158_csi300_custom_step0_s_20260728_15,28fd8d7b5d7048f1a82f709a42a7ce19,0.046,,,
5065,2026-07-28,SH601816,-0.0202845952055675,EXP_LGBModel_Alpha158_csi300_custom_step0_s_20260728_15,28fd8d7b5d7048f1a82f709a42a7ce19,0.046,,,
5066,2026-07-28,SH601800,0.0020583504824030876,EXP_LGBModel_Alpha158_csi300_custom_step0_s_20260728_15,28fd8d7b5d7048f1a82f709a42a7ce19,0.046,,,
5067,2026-07-28,SH601788,0.014741972292943798,EXP_LGBModel_Alpha158_csi300_custom_step0_s_20260728_15,28fd8d7b5d7048f1a82f709a42a7ce19,0.046,,,
5068,2026-07-28,SH601766,-0.0734447813552442,EXP_LGBModel_Alpha158_csi300_custom_step0_s_20260728_15,28fd8d7b5d7048f1a82f709a42a7ce19,0.046,,,
5069,2026-07-28,SH601728,-0.10053430518653102,EXP_LGBModel_Alpha158_csi300_custom_step0_s_20260728_15,28fd8d7b5d7048f1a82f709a42a7ce19,0.046,,,
5070,2026-07-28,SH601727,0.016565806847119845,EXP_LGBModel_Alpha158_csi300_custom_step0_s_20260728_15,28fd8d7b5d7048f1a82f709a42a7ce19,0.046,,,
5071,2026-07-28,SH601698,-0.0064567448213664145,EXP_LGBModel_Alpha158_csi300_custom_step0_s_20260728_15,28fd8d7b5d7048f1a82f709a42a7ce19,0.046,,,
5072,2026-07-28,SH601689,0.08038368313530238,EXP_LGBModel_Alpha158_csi300_custom_step0_s_20260728_15,28fd8d7b5d7048f1a82f709a42a7ce19,0.046,,,
5073,2026-07-28,SH601688,-0.0023196881990116144,EXP_LGBModel_Alpha158_csi300_custom_step0_s_20260728_15,28fd8d7b5d7048f1a82f709a42a7ce19,0.046,,,
5074,2026-07-28,SZ000001,0.04414082390357211,EXP_LGBModel_Alpha158_csi300_custom_step0_s_20260728_15,28fd8d7b5d7048f1a82f709a42a7ce19,0.046,,,
5075,2026-07-28,SH601211,-0.062239383690309145,EXP_LGBModel_Alpha158_csi300_custom_step0_s_20260728_15,28fd8d7b5d7048f1a82f709a42a7ce19,0.046,,,
5076,2026-07-28,SZ000002,0.004134119043375114,EXP_LGBModel_Alpha158_csi300_custom_step0_s_20260728_15,28fd8d7b5d7048f1a82f709a42a7ce19,0.046,,,
5077,2026-07-28,SZ000100,0.10480265692641122,EXP_LGBModel_Alpha158_csi300_custom_step0_s_20260728_15,28fd8d7b5d7048f1a82f709a42a7ce19,0.046,,,
5078,2026-07-28,SZ002602,-0.019354789858215038,EXP_LGBModel_Alpha158_csi300_custom_step0_s_20260728_15,28fd8d7b5d7048f1a82f709a42a7ce19,0.046,,,
5079,2026-07-28,SZ002600,0.0640817598333933,EXP_LGBModel_Alpha158_csi300_custom_step0_s_20260728_15,28fd8d7b5d7048f1a82f709a42a7ce19,0.046,,,
5080,2026-07-28,SZ002594,0.004709623922917091,EXP_LGBModel_Alpha158_csi300_custom_step0_s_20260728_15,28fd8d7b5d7048f1a82f709a42a7ce19,0.046,,,
5081,2026-07-28,SZ002558,0.004981372640166641,EXP_LGBModel_Alpha158_csi300_custom_step0_s_20260728_15,28fd8d7b5d7048f1a82f709a42a7ce19,0.046,,,
5082,2026-07-28,SZ002532,-0.06847769495155556,EXP_LGBModel_Alpha158_csi300_custom_step0_s_20260728_15,28fd8d7b5d7048f1a82f709a42a7ce19,0.046,,,
5083,2026-07-28,SZ002493,-0.05712212425064437,EXP_LGBModel_Alpha158_csi300_custom_step0_s_20260728_15,28fd8d7b5d7048f1a82f709a42a7ce19,0.046,,,
5084,2026-07-28,SZ002475,0.0376460383732217,EXP_LGBModel_Alpha158_csi300_custom_step0_s_20260728_15,28fd8d7b5d7048f1a82f709a42a7ce19,0.046,,,
5085,2026-07-28,SZ002466,0.04672126981836779,EXP_LGBModel_Alpha158_csi300_custom_step0_s_20260728_15,28fd8d7b5d7048f1a82f709a42a7ce19,0.046,,,
5086,2026-07-28,SZ002625,0.006571010788883665,EXP_LGBModel_Alpha158_csi300_custom_step0_s_20260728_15,28fd8d7b5d7048f1a82f709a42a7ce19,0.046,,,
5087,2026-07-28,SZ002463,0.09480442601654965,EXP_LGBModel_Alpha158_csi300_custom_step0_s_20260728_15,28fd8d7b5d7048f1a82f709a42a7ce19,0.046,,,
5088,2026-07-28,SZ002422,0.0834800829119546,EXP_LGBModel_Alpha158_csi300_custom_step0_s_20260728_15,28fd8d7b5d7048f1a82f709a42a7ce19,0.046,,,
5089,2026-07-28,SZ002415,0.0802935839070556,EXP_LGBModel_Alpha158_csi300_custom_step0_s_20260728_15,28fd8d7b5d7048f1a82f709a42a7ce19,0.046,,,
5090,2026-07-28,SZ002384,0.02133782751690226,EXP_LGBModel_Alpha158_csi300_custom_step0_s_20260728_15,28fd8d7b5d7048f1a82f709a42a7ce19,0.046,,,
5091,2026-07-28,SZ002371,0.08265664450920551,EXP_LGBModel_Alpha158_csi300_custom_step0_s_20260728_15,28fd8d7b5d7048f1a82f709a42a7ce19,0.046,,,
5092,2026-07-28,SZ002353,0.10209949482067505,EXP_LGBModel_Alpha158_csi300_custom_step0_s_20260728_15,28fd8d7b5d7048f1a82f709a42a7ce19,0.046,,,
5093,2026-07-28,SZ002352,-0.007553966037227698,EXP_LGBModel_Alpha158_csi300_custom_step0_s_20260728_15,28fd8d7b5d7048f1a82f709a42a7ce19,0.046,,,
5094,2026-07-28,SZ002311,-0.005011499207550442,EXP_LGBModel_Alpha158_csi300_custom_step0_s_20260728_15,28fd8d7b5d7048f1a82f709a42a7ce19,0.046,,,
5095,2026-07-28,SZ002304,-0.014100405720839709,EXP_LGBModel_Alpha158_csi300_custom_step0_s_20260728_15,28fd8d7b5d7048f1a82f709a42a7ce19,0.046,,,
5096,2026-07-28,SZ002460,0.03881951245344597,EXP_LGBModel_Alpha158_csi300_custom_step0_s_20260728_15,28fd8d7b5d7048f1a82f709a42a7ce19,0.046,,,
5097,2026-07-28,SZ002241,0.031453805109768376,EXP_LGBModel_Alpha158_csi300_custom_step0_s_20260728_15,28fd8d7b5d7048f1a82f709a42a7ce19,0.046,,,
5098,2026-07-28,SZ002648,-0.046071045336431395,EXP_LGBModel_Alpha158_csi300_custom_step0_s_20260728_15,28fd8d7b5d7048f1a82f709a42a7ce19,0.046,,,
5099,2026-07-28,SZ002714,-0.03043589012534497,EXP_LGBModel_Alpha158_csi300_custom_step0_s_20260728_15,28fd8d7b5d7048f1a82f709a42a7ce19,0.046,,,
5100,2026-07-28,SZ300408,0.07633393109261168,EXP_LGBModel_Alpha158_csi300_custom_step0_s_20260728_15,28fd8d7b5d7048f1a82f709a42a7ce19,0.046,,,
5101,2026-07-28,SZ300394,0.07804863527121106,EXP_LGBModel_Alpha158_csi300_custom_step0_s_20260728_15,28fd8d7b5d7048f1a82f709a42a7ce19,0.046,,,
5102,2026-07-28,SZ300316,0.07064890487453929,EXP_LGBModel_Alpha158_csi300_custom_step0_s_20260728_15,28fd8d7b5d7048f1a82f709a42a7ce19,0.046,,,
5103,2026-07-28,SZ300308,0.054648554060836824,EXP_LGBModel_Alpha158_csi300_custom_step0_s_20260728_15,28fd8d7b5d7048f1a82f709a42a7ce19,0.046,,,
5104,2026-07-28,SZ300274,0.05086009446060129,EXP_LGBModel_Alpha158_csi300_custom_step0_s_20260728_15,28fd8d7b5d7048f1a82f709a42a7ce19,0.046,,,
5105,2026-07-28,SZ300251,-0.050671144728614816,EXP_LGBModel_Alpha158_csi300_custom_step0_s_20260728_15,28fd8d7b5d7048f1a82f709a42a7ce19,0.046,,,
5106,2026-07-28,SZ300124,0.01906461666735178,EXP_LGBModel_Alpha158_csi300_custom_step0_s_20260728_15,28fd8d7b5d7048f1a82f709a42a7ce19,0.046,,,
5107,2026-07-28,SZ300122,-0.033354601157875946,EXP_LGBModel_Alpha158_csi300_custom_step0_s_20260728_15,28fd8d7b5d7048f1a82f709a42a7ce19,0.046,,,
5108,2026-07-28,SZ002709,0.10830654975071663,EXP_LGBModel_Alpha158_csi300_custom_step0_s_20260728_15,28fd8d7b5d7048f1a82f709a42a7ce19,0.046,,,
5109,2026-07-28,SZ300059,-0.011441445136558263,EXP_LGBModel_Alpha158_csi300_custom_step0_s_20260728_15,28fd8d7b5d7048f1a82f709a42a7ce19,0.046,,,
5110,2026-07-28,SZ300015,-0.029424583053838247,EXP_LGBModel_Alpha158_csi300_custom_step0_s_20260728_15,28fd8d7b5d7048f1a82f709a42a7ce19,0.046,,,
5111,2026-07-28,SZ300014,0.031135085838097862,EXP_LGBModel_Alpha158_csi300_custom_step0_s_20260728_15,28fd8d7b5d7048f1a82f709a42a7ce19,0.046,,,
5112,2026-07-28,SZ003816,0.014967918282475127,EXP_LGBModel_Alpha158_csi300_custom_step0_s_20260728_15,28fd8d7b5d7048f1a82f709a42a7ce19,0.046,,,
5113,2026-07-28,SZ002938,0.036328314338938954,EXP_LGBModel_Alpha158_csi300_custom_step0_s_20260728_15,28fd8d7b5d7048f1a82f709a42a7ce19,0.046,,,
5114,2026-07-28,SZ002920,-0.002754753902415033,EXP_LGBModel_Alpha158_csi300_custom_step0_s_20260728_15,28fd8d7b5d7048f1a82f709a42a7ce19,0.046,,,
5115,2026-07-28,SZ002916,0.07814408875310738,EXP_LGBModel_Alpha158_csi300_custom_step0_s_20260728_15,28fd8d7b5d7048f1a82f709a42a7ce19,0.046,,,
5116,2026-07-28,SZ002837,0.06577313376956494,EXP_LGBModel_Alpha158_csi300_custom_step0_s_20260728_15,28fd8d7b5d7048f1a82f709a42a7ce19,0.046,,,
5117,2026-07-28,SZ002736,0.0043993527249538075,EXP_LGBModel_Alpha158_csi300_custom_step0_s_20260728_15,28fd8d7b5d7048f1a82f709a42a7ce19,0.046,,,
5118,2026-07-28,SZ300033,-0.008014763284394193,EXP_LGBModel_Alpha158_csi300_custom_step0_s_20260728_15,28fd8d7b5d7048f1a82f709a42a7ce19,0.046,,,
5119,2026-07-28,SZ002236,0.01047170203483752,EXP_LGBModel_Alpha158_csi300_custom_step0_s_20260728_15,28fd8d7b5d7048f1a82f709a42a7ce19,0.046,,,
5120,2026-07-28,SZ002230,-0.02993443651030538,EXP_LGBModel_Alpha158_csi300_custom_step0_s_20260728_15,28fd8d7b5d7048f1a82f709a42a7ce19,0.046,,,
5121,2026-07-28,SZ002202,0.07001796560047892,EXP_LGBModel_Alpha158_csi300_custom_step0_s_20260728_15,28fd8d7b5d7048f1a82f709a42a7ce19,0.046,,,
5122,2026-07-28,SZ000768,-0.009164002717300041,EXP_LGBModel_Alpha158_csi300_custom_step0_s_20260728_15,28fd8d7b5d7048f1a82f709a42a7ce19,0.046,,,
5123,2026-07-28,SZ000725,0.0879962333113069,EXP_LGBModel_Alpha158_csi300_custom_step0_s_20260728_15,28fd8d7b5d7048f1a82f709a42a7ce19,0.046,,,
5124,2026-07-28,SZ000708,-0.04961097476263772,EXP_LGBModel_Alpha158_csi300_custom_step0_s_20260728_15,28fd8d7b5d7048f1a82f709a42a7ce19,0.046,,,
5125,2026-07-28,SZ000657,0.07493896148004375,EXP_LGBModel_Alpha158_csi300_custom_step0_s_20260728_15,28fd8d7b5d7048f1a82f709a42a7ce19,0.046,,,
5126,2026-07-28,SZ000651,0.019080198076679055,EXP_LGBModel_Alpha158_csi300_custom_step0_s_20260728_15,28fd8d7b5d7048f1a82f709a42a7ce19,0.046,,,
5127,2026-07-28,SZ000630,-0.015230361923926046,EXP_LGBModel_Alpha158_csi300_custom_step0_s_20260728_15,28fd8d7b5d7048f1a82f709a42a7ce19,0.046,,,
5128,2026-07-28,SZ000625,-0.008210436128646307,EXP_LGBModel_Alpha158_csi300_custom_step0_s_20260728_15,28fd8d7b5d7048f1a82f709a42a7ce19,0.046,,,
5129,2026-07-28,SZ000617,-0.005407115480659846,EXP_LGBModel_Alpha158_csi300_custom_step0_s_20260728_15,28fd8d7b5d7048f1a82f709a42a7ce19,0.046,,,
5130,2026-07-28,SZ000776,0.06268698398442592,EXP_LGBModel_Alpha158_csi300_custom_step0_s_20260728_15,28fd8d7b5d7048f1a82f709a42a7ce19,0.046,,,
5131,2026-07-28,SZ000596,-0.07004859589140681,EXP_LGBModel_Alpha158_csi300_custom_step0_s_20260728_15,28fd8d7b5d7048f1a82f709a42a7ce19,0.046,,,
5132,2026-07-28,SZ000538,-0.0015452320484276392,EXP_LGBModel_Alpha158_csi300_custom_step0_s_20260728_15,28fd8d7b5d7048f1a82f709a42a7ce19,0.046,,,
5133,2026-07-28,SZ000425,0.007656836037779445,EXP_LGBModel_Alpha158_csi300_custom_step0_s_20260728_15,28fd8d7b5d7048f1a82f709a42a7ce19,0.046,,,
5134,2026-07-28,SZ000408,0.0036811219225209627,EXP_LGBModel_Alpha158_csi300_custom_step0_s_20260728_15,28fd8d7b5d7048f1a82f709a42a7ce19,0.046,,,
5135,2026-07-28,SZ000338,0.030779134406984376,EXP_LGBModel_Alpha158_csi300_custom_step0_s_20260728_15,28fd8d7b5d7048f1a82f709a42a7ce19,0.046,,,
5136,2026-07-28,SZ000333,0.03935770531383281,EXP_LGBModel_Alpha158_csi300_custom_step0_s_20260728_15,28fd8d7b5d7048f1a82f709a42a7ce19,0.046,,,
5137,2026-07-28,SZ000301,-0.0826645857497695,EXP_LGBModel_Alpha158_csi300_custom_step0_s_20260728_15,28fd8d7b5d7048f1a82f709a42a7ce19,0.046,,,
5138,2026-07-28,SZ000166,0.03955816183470951,EXP_LGBModel_Alpha158_csi300_custom_step0_s_20260728_15,28fd8d7b5d7048f1a82f709a42a7ce19,0.046,,,
5139,2026-07-28,SZ000157,0.00331673202739314,EXP_LGBModel_Alpha158_csi300_custom_step0_s_20260728_15,28fd8d7b5d7048f1a82f709a42a7ce19,0.046,,,
5140,2026-07-28,SZ000568,-0.03629499764256109,EXP_LGBModel_Alpha158_csi300_custom_step0_s_20260728_15,28fd8d7b5d7048f1a82f709a42a7ce19,0.046,,,
5141,2026-07-28,SZ000792,0.038178921862467526,EXP_LGBModel_Alpha158_csi300_custom_step0_s_20260728_15,28fd8d7b5d7048f1a82f709a42a7ce19,0.046,,,
5142,2026-07-28,SZ000807,-0.08633759446370892,EXP_LGBModel_Alpha158_csi300_custom_step0_s_20260728_15,28fd8d7b5d7048f1a82f709a42a7ce19,0.046,,,
5143,2026-07-28,SZ000858,-0.013289570485588997,EXP_LGBModel_Alpha158_csi300_custom_step0_s_20260728_15,28fd8d7b5d7048f1a82f709a42a7ce19,0.046,,,
5144,2026-07-28,SZ002179,0.03462469874401207,EXP_LGBModel_Alpha158_csi300_custom_step0_s_20260728_15,28fd8d7b5d7048f1a82f709a42a7ce19,0.046,,,
5145,2026-07-28,SZ002142,0.029507532509554627,EXP_LGBModel_Alpha158_csi300_custom_step0_s_20260728_15,28fd8d7b5d7048f1a82f709a42a7ce19,0.046,,,
5146,2026-07-28,SZ002074,0.011400833175288451,EXP_LGBModel_Alpha158_csi300_custom_step0_s_20260728_15,28fd8d7b5d7048f1a82f709a42a7ce19,0.046,,,
5147,2026-07-28,SZ002050,0.07541692118091292,EXP_LGBModel_Alpha158_csi300_custom_step0_s_20260728_15,28fd8d7b5d7048f1a82f709a42a7ce19,0.046,,,
5148,2026-07-28,SZ002049,0.05371222312599916,EXP_LGBModel_Alpha158_csi300_custom_step0_s_20260728_15,28fd8d7b5d7048f1a82f709a42a7ce19,0.046,,,
5149,2026-07-28,SZ002028,0.05821242658008878,EXP_LGBModel_Alpha158_csi300_custom_step0_s_20260728_15,28fd8d7b5d7048f1a82f709a42a7ce19,0.046,,,
5150,2026-07-28,SZ002027,-0.03578405253797521,EXP_LGBModel_Alpha158_csi300_custom_step0_s_20260728_15,28fd8d7b5d7048f1a82f709a42a7ce19,0.046,,,
5151,2026-07-28,SZ002001,-0.03983824363322587,EXP_LGBModel_Alpha158_csi300_custom_step0_s_20260728_15,28fd8d7b5d7048f1a82f709a42a7ce19,0.046,,,
5152,2026-07-28,SZ001979,-0.023128025794659175,EXP_LGBModel_Alpha158_csi300_custom_step0_s_20260728_15,28fd8d7b5d7048f1a82f709a42a7ce19,0.046,,,
5153,2026-07-28,SZ001965,-0.037342557009464525,EXP_LGBModel_Alpha158_csi300_custom_step0_s_20260728_15,28fd8d7b5d7048f1a82f709a42a7ce19,0.046,,,
5154,2026-07-28,SZ001391,0.004128591459992805,EXP_LGBModel_Alpha158_csi300_custom_step0_s_20260728_15,28fd8d7b5d7048f1a82f709a42a7ce19,0.046,,,
5155,2026-07-28,SZ001280,0.037167949295913875,EXP_LGBModel_Alpha158_csi300_custom_step0_s_20260728_15,28fd8d7b5d7048f1a82f709a42a7ce19,0.046,,,
5156,2026-07-28,SZ000999,-0.019524547714891448,EXP_LGBModel_Alpha158_csi300_custom_step0_s_20260728_15,28fd8d7b5d7048f1a82f709a42a7ce19,0.046,,,
5157,2026-07-28,SZ000988,0.06648430218776939,EXP_LGBModel_Alpha158_csi300_custom_step0_s_20260728_15,28fd8d7b5d7048f1a82f709a42a7ce19,0.046,,,
5158,2026-07-28,SZ000977,0.10607097613219821,EXP_LGBModel_Alpha158_csi300_custom_step0_s_20260728_15,28fd8d7b5d7048f1a82f709a42a7ce19,0.046,,,
5159,2026-07-28,SZ000975,-0.005583069809415761,EXP_LGBModel_Alpha158_csi300_custom_step0_s_20260728_15,28fd8d7b5d7048f1a82f709a42a7ce19,0.046,,,
5160,2026-07-28,SZ000963,-0.03639268052300383,EXP_LGBModel_Alpha158_csi300_custom_step0_s_20260728_15,28fd8d7b5d7048f1a82f709a42a7ce19,0.046,,,
5161,2026-07-28,SZ000938,-0.044124079350011745,EXP_LGBModel_Alpha158_csi300_custom_step0_s_20260728_15,28fd8d7b5d7048f1a82f709a42a7ce19,0.046,,,
5162,2026-07-28,SZ000895,-0.03384051586913828,EXP_LGBModel_Alpha158_csi300_custom_step0_s_20260728_15,28fd8d7b5d7048f1a82f709a42a7ce19,0.046,,,
5163,2026-07-28,SZ000063,-0.007600104610044671,EXP_LGBModel_Alpha158_csi300_custom_step0_s_20260728_15,28fd8d7b5d7048f1a82f709a42a7ce19,0.046,,,
5164,2026-07-28,SZ300413,-0.01698179133561865,EXP_LGBModel_Alpha158_csi300_custom_step0_s_20260728_15,28fd8d7b5d7048f1a82f709a42a7ce19,0.046,,,
5165,2026-07-28,SH601186,0.021164584838248984,EXP_LGBModel_Alpha158_csi300_custom_step0_s_20260728_15,28fd8d7b5d7048f1a82f709a42a7ce19,0.046,,,
5166,2026-07-28,SH601166,-0.014459120691739307,EXP_LGBModel_Alpha158_csi300_custom_step0_s_20260728_15,28fd8d7b5d7048f1a82f709a42a7ce19,0.046,,,
5167,2026-07-28,SZ300750,0.030587557507504852,EXP_CatBoostModel_Alpha158_csi300_custom_step0_s_20260728_15,ef9a99daeb5547b1818a90c7eee944b1,0.036,,,
5168,2026-07-28,SZ300661,0.404543871665061,EXP_CatBoostModel_Alpha158_csi300_custom_step0_s_20260728_15,ef9a99daeb5547b1818a90c7eee944b1,0.036,,,
5169,2026-07-28,SZ300628,-0.01100200667635814,EXP_CatBoostModel_Alpha158_csi300_custom_step0_s_20260728_15,ef9a99daeb5547b1818a90c7eee944b1,0.036,,,
5170,2026-07-28,SZ300502,-0.005463396781473139,EXP_CatBoostModel_Alpha158_csi300_custom_step0_s_20260728_15,ef9a99daeb5547b1818a90c7eee944b1,0.036,,,
5171,2026-07-28,SZ300498,-0.0024848911357590792,EXP_CatBoostModel_Alpha158_csi300_custom_step0_s_20260728_15,ef9a99daeb5547b1818a90c7eee944b1,0.036,,,
5172,2026-07-28,SZ300476,0.16677064831907065,EXP_CatBoostModel_Alpha158_csi300_custom_step0_s_20260728_15,ef9a99daeb5547b1818a90c7eee944b1,0.036,,,
5173,2026-07-28,SZ300450,0.24690144450928447,EXP_CatBoostModel_Alpha158_csi300_custom_step0_s_20260728_15,ef9a99daeb5547b1818a90c7eee944b1,0.036,,,
5174,2026-07-28,SZ300442,0.31655564980428597,EXP_CatBoostModel_Alpha158_csi300_custom_step0_s_20260728_15,ef9a99daeb5547b1818a90c7eee944b1,0.036,,,
5175,2026-07-28,SZ300760,-0.004057808157994007,EXP_CatBoostModel_Alpha158_csi300_custom_step0_s_20260728_15,ef9a99daeb5547b1818a90c7eee944b1,0.036,,,
5176,2026-07-28,SZ300433,0.22813738338758555,EXP_CatBoostModel_Alpha158_csi300_custom_step0_s_20260728_15,ef9a99daeb5547b1818a90c7eee944b1,0.036,,,
5177,2026-07-28,SZ300413,-0.004691737146127331,EXP_CatBoostModel_Alpha158_csi300_custom_step0_s_20260728_15,ef9a99daeb5547b1818a90c7eee944b1,0.036,,,
5178,2026-07-28,SZ300408,0.2446752078097924,EXP_CatBoostModel_Alpha158_csi300_custom_step0_s_20260728_15,ef9a99daeb5547b1818a90c7eee944b1,0.036,,,
5179,2026-07-28,SZ300394,0.06453465959973871,EXP_CatBoostModel_Alpha158_csi300_custom_step0_s_20260728_15,ef9a99daeb5547b1818a90c7eee944b1,0.036,,,
5180,2026-07-28,SZ300316,0.40795162959181497,EXP_CatBoostModel_Alpha158_csi300_custom_step0_s_20260728_15,ef9a99daeb5547b1818a90c7eee944b1,0.036,,,
5181,2026-07-28,SZ300308,-0.019670028695392507,EXP_CatBoostModel_Alpha158_csi300_custom_step0_s_20260728_15,ef9a99daeb5547b1818a90c7eee944b1,0.036,,,
5182,2026-07-28,SZ300274,0.14594345790727897,EXP_CatBoostModel_Alpha158_csi300_custom_step0_s_20260728_15,ef9a99daeb5547b1818a90c7eee944b1,0.036,,,
5183,2026-07-28,SZ300251,0.011369501626511803,EXP_CatBoostModel_Alpha158_csi300_custom_step0_s_20260728_15,ef9a99daeb5547b1818a90c7eee944b1,0.036,,,
5184,2026-07-28,SZ300124,0.027626079889358165,EXP_CatBoostModel_Alpha158_csi300_custom_step0_s_20260728_15,ef9a99daeb5547b1818a90c7eee944b1,0.036,,,
5185,2026-07-28,SZ300418,0.19889558206621122,EXP_CatBoostModel_Alpha158_csi300_custom_step0_s_20260728_15,ef9a99daeb5547b1818a90c7eee944b1,0.036,,,
5186,2026-07-28,SZ300122,0.022631609153147193,EXP_CatBoostModel_Alpha158_csi300_custom_step0_s_20260728_15,ef9a99daeb5547b1818a90c7eee944b1,0.036,,,
5187,2026-07-28,SZ300803,0.1591345628872731,EXP_CatBoostModel_Alpha158_csi300_custom_step0_s_20260728_15,ef9a99daeb5547b1818a90c7eee944b1,0.036,,,
5188,2026-07-28,SZ300866,0.008858392112548257,EXP_CatBoostModel_Alpha158_csi300_custom_step0_s_20260728_15,ef9a99daeb5547b1818a90c7eee944b1,0.036,,,
5189,2026-07-28,SH600026,0.023562069925732124,EXP_LGBModel_Alpha158_csi300_custom_step0_s_20260728_15,28fd8d7b5d7048f1a82f709a42a7ce19,0.046,,,
5190,2026-07-28,SH600025,0.008445918070388025,EXP_LGBModel_Alpha158_csi300_custom_step0_s_20260728_15,28fd8d7b5d7048f1a82f709a42a7ce19,0.046,,,
5191,2026-07-28,SH600023,0.018319675051534492,EXP_LGBModel_Alpha158_csi300_custom_step0_s_20260728_15,28fd8d7b5d7048f1a82f709a42a7ce19,0.046,,,
5192,2026-07-28,SH600019,0.016350358086018996,EXP_LGBModel_Alpha158_csi300_custom_step0_s_20260728_15,28fd8d7b5d7048f1a82f709a42a7ce19,0.046,,,
5193,2026-07-28,SH600018,0.023797446062344203,EXP_LGBModel_Alpha158_csi300_custom_step0_s_20260728_15,28fd8d7b5d7048f1a82f709a42a7ce19,0.046,,,
5194,2026-07-28,SH600016,0.028779894040463765,EXP_LGBModel_Alpha158_csi300_custom_step0_s_20260728_15,28fd8d7b5d7048f1a82f709a42a7ce19,0.046,,,
5195,2026-07-28,SH600015,0.048206040015322145,EXP_LGBModel_Alpha158_csi300_custom_step0_s_20260728_15,28fd8d7b5d7048f1a82f709a42a7ce19,0.046,,,
5196,2026-07-28,SH600011,-0.02664500777600206,EXP_LGBModel_Alpha158_csi300_custom_step0_s_20260728_15,28fd8d7b5d7048f1a82f709a42a7ce19,0.046,,,
5197,2026-07-28,SZ300832,-0.005575158622672594,EXP_CatBoostModel_Alpha158_csi300_custom_step0_s_20260728_15,ef9a99daeb5547b1818a90c7eee944b1,0.036,,,
5198,2026-07-28,SH600010,-0.011510602219506196,EXP_LGBModel_Alpha158_csi300_custom_step0_s_20260728_15,28fd8d7b5d7048f1a82f709a42a7ce19,0.046,,,
5199,2026-07-28,SH600000,0.028890441413544302,EXP_LGBModel_Alpha158_csi300_custom_step0_s_20260728_15,28fd8d7b5d7048f1a82f709a42a7ce19,0.046,,,
5200,2026-07-28,SZ302132,-0.034384429511484384,EXP_CatBoostModel_Alpha158_csi300_custom_step0_s_20260728_15,ef9a99daeb5547b1818a90c7eee944b1,0.036,,,
5201,2026-07-28,SZ301308,0.0610864539922619,EXP_CatBoostModel_Alpha158_csi300_custom_step0_s_20260728_15,ef9a99daeb5547b1818a90c7eee944b1,0.036,,,
5202,2026-07-28,SZ301269,0.20781430114345256,EXP_CatBoostModel_Alpha158_csi300_custom_step0_s_20260728_15,ef9a99daeb5547b1818a90c7eee944b1,0.036,,,
5203,2026-07-28,SZ301236,0.04728489172556948,EXP_CatBoostModel_Alpha158_csi300_custom_step0_s_20260728_15,ef9a99daeb5547b1818a90c7eee944b1,0.036,,,
5204,2026-07-28,SZ301165,0.17147630714236325,EXP_CatBoostModel_Alpha158_csi300_custom_step0_s_20260728_15,ef9a99daeb5547b1818a90c7eee944b1,0.036,,,
5205,2026-07-28,SZ300999,0.002445064467771147,EXP_CatBoostModel_Alpha158_csi300_custom_step0_s_20260728_15,ef9a99daeb5547b1818a90c7eee944b1,0.036,,,
5206,2026-07-28,SZ300896,-0.0032997065708881687,EXP_CatBoostModel_Alpha158_csi300_custom_step0_s_20260728_15,ef9a99daeb5547b1818a90c7eee944b1,0.036,,,
5207,2026-07-28,SH600009,0.010221797170923294,EXP_LGBModel_Alpha158_csi300_custom_step0_s_20260728_15,28fd8d7b5d7048f1a82f709a42a7ce19,0.046,,,
5208,2026-07-28,SZ300059,0.0024941861798153113,EXP_CatBoostModel_Alpha158_csi300_custom_step0_s_20260728_15,ef9a99daeb5547b1818a90c7eee944b1,0.036,,,
5209,2026-07-28,SZ300033,0.027097732169796437,EXP_CatBoostModel_Alpha158_csi300_custom_step0_s_20260728_15,ef9a99daeb5547b1818a90c7eee944b1,0.036,,,
5210,2026-07-28,SZ300015,-0.0009023902313716072,EXP_CatBoostModel_Alpha158_csi300_custom_step0_s_20260728_15,ef9a99daeb5547b1818a90c7eee944b1,0.036,,,
5211,2026-07-28,SZ002384,0.1320566433002391,EXP_CatBoostModel_Alpha158_csi300_custom_step0_s_20260728_15,ef9a99daeb5547b1818a90c7eee944b1,0.036,,,
5212,2026-07-28,SZ002371,0.026723562467524213,EXP_CatBoostModel_Alpha158_csi300_custom_step0_s_20260728_15,ef9a99daeb5547b1818a90c7eee944b1,0.036,,,
5213,2026-07-28,SZ002353,0.04783081174713041,EXP_CatBoostModel_Alpha158_csi300_custom_step0_s_20260728_15,ef9a99daeb5547b1818a90c7eee944b1,0.036,,,
5214,2026-07-28,SZ002352,-0.01729384134504165,EXP_CatBoostModel_Alpha158_csi300_custom_step0_s_20260728_15,ef9a99daeb5547b1818a90c7eee944b1,0.036,,,
5215,2026-07-28,SZ002311,0.004503939416787872,EXP_CatBoostModel_Alpha158_csi300_custom_step0_s_20260728_15,ef9a99daeb5547b1818a90c7eee944b1,0.036,,,
5216,2026-07-28,SZ002304,-0.0018378108810011213,EXP_CatBoostModel_Alpha158_csi300_custom_step0_s_20260728_15,ef9a99daeb5547b1818a90c7eee944b1,0.036,,,
5217,2026-07-28,SZ002241,0.03416918968868101,EXP_CatBoostModel_Alpha158_csi300_custom_step0_s_20260728_15,ef9a99daeb5547b1818a90c7eee944b1,0.036,,,
5218,2026-07-28,SZ002236,0.0031649944136665094,EXP_CatBoostModel_Alpha158_csi300_custom_step0_s_20260728_15,ef9a99daeb5547b1818a90c7eee944b1,0.036,,,
5219,2026-07-28,SZ002415,0.039876012357572446,EXP_CatBoostModel_Alpha158_csi300_custom_step0_s_20260728_15,ef9a99daeb5547b1818a90c7eee944b1,0.036,,,
5220,2026-07-28,SZ002230,-0.0010038884400194817,EXP_CatBoostModel_Alpha158_csi300_custom_step0_s_20260728_15,ef9a99daeb5547b1818a90c7eee944b1,0.036,,,
5221,2026-07-28,SZ002179,0.16422345129582888,EXP_CatBoostModel_Alpha158_csi300_custom_step0_s_20260728_15,ef9a99daeb5547b1818a90c7eee944b1,0.036,,,
5222,2026-07-28,SZ002142,0.015220959313986688,EXP_CatBoostModel_Alpha158_csi300_custom_step0_s_20260728_15,ef9a99daeb5547b1818a90c7eee944b1,0.036,,,
5223,2026-07-28,SZ002074,0.027111097586529992,EXP_CatBoostModel_Alpha158_csi300_custom_step0_s_20260728_15,ef9a99daeb5547b1818a90c7eee944b1,0.036,,,
5224,2026-07-28,SZ002050,0.29386945833274136,EXP_CatBoostModel_Alpha158_csi300_custom_step0_s_20260728_15,ef9a99daeb5547b1818a90c7eee944b1,0.036,,,
5225,2026-07-28,SZ002049,0.2153336643789704,EXP_CatBoostModel_Alpha158_csi300_custom_step0_s_20260728_15,ef9a99daeb5547b1818a90c7eee944b1,0.036,,,
5226,2026-07-28,SZ002028,0.0522823702484025,EXP_CatBoostModel_Alpha158_csi300_custom_step0_s_20260728_15,ef9a99daeb5547b1818a90c7eee944b1,0.036,,,
5227,2026-07-28,SZ002027,-0.02165247281557572,EXP_CatBoostModel_Alpha158_csi300_custom_step0_s_20260728_15,ef9a99daeb5547b1818a90c7eee944b1,0.036,,,
5228,2026-07-28,SZ002001,-0.04079053906237621,EXP_CatBoostModel_Alpha158_csi300_custom_step0_s_20260728_15,ef9a99daeb5547b1818a90c7eee944b1,0.036,,,
5229,2026-07-28,SZ002202,0.3068848220805962,EXP_CatBoostModel_Alpha158_csi300_custom_step0_s_20260728_15,ef9a99daeb5547b1818a90c7eee944b1,0.036,,,
5230,2026-07-28,SZ002422,0.08363559285007628,EXP_CatBoostModel_Alpha158_csi300_custom_step0_s_20260728_15,ef9a99daeb5547b1818a90c7eee944b1,0.036,,,
5231,2026-07-28,SZ002460,0.21603470296062965,EXP_CatBoostModel_Alpha158_csi300_custom_step0_s_20260728_15,ef9a99daeb5547b1818a90c7eee944b1,0.036,,,
5232,2026-07-28,SZ002463,0.05679779320697261,EXP_CatBoostModel_Alpha158_csi300_custom_step0_s_20260728_15,ef9a99daeb5547b1818a90c7eee944b1,0.036,,,
5233,2026-07-28,SZ300014,0.10424724138211115,EXP_CatBoostModel_Alpha158_csi300_custom_step0_s_20260728_15,ef9a99daeb5547b1818a90c7eee944b1,0.036,,,
5234,2026-07-28,SZ003816,-0.0036885263001622797,EXP_CatBoostModel_Alpha158_csi300_custom_step0_s_20260728_15,ef9a99daeb5547b1818a90c7eee944b1,0.036,,,
5235,2026-07-28,SZ002938,0.052532749513644075,EXP_CatBoostModel_Alpha158_csi300_custom_step0_s_20260728_15,ef9a99daeb5547b1818a90c7eee944b1,0.036,,,
5236,2026-07-28,SZ002920,-0.0037482028578226948,EXP_CatBoostModel_Alpha158_csi300_custom_step0_s_20260728_15,ef9a99daeb5547b1818a90c7eee944b1,0.036,,,
5237,2026-07-28,SZ002916,0.09740710426048124,EXP_CatBoostModel_Alpha158_csi300_custom_step0_s_20260728_15,ef9a99daeb5547b1818a90c7eee944b1,0.036,,,
5238,2026-07-28,SZ002837,0.3036965866315555,EXP_CatBoostModel_Alpha158_csi300_custom_step0_s_20260728_15,ef9a99daeb5547b1818a90c7eee944b1,0.036,,,
5239,2026-07-28,SZ002736,0.0073983748941212095,EXP_CatBoostModel_Alpha158_csi300_custom_step0_s_20260728_15,ef9a99daeb5547b1818a90c7eee944b1,0.036,,,
5240,2026-07-28,SZ002714,0.0028118335233257886,EXP_CatBoostModel_Alpha158_csi300_custom_step0_s_20260728_15,ef9a99daeb5547b1818a90c7eee944b1,0.036,,,
5241,2026-07-28,SZ002709,0.23927772712453999,EXP_CatBoostModel_Alpha158_csi300_custom_step0_s_20260728_15,ef9a99daeb5547b1818a90c7eee944b1,0.036,,,
5242,2026-07-28,SZ002648,-0.005695112303382513,EXP_CatBoostModel_Alpha158_csi300_custom_step0_s_20260728_15,ef9a99daeb5547b1818a90c7eee944b1,0.036,,,
5243,2026-07-28,SZ002625,-0.003990069732073865,EXP_CatBoostModel_Alpha158_csi300_custom_step0_s_20260728_15,ef9a99daeb5547b1818a90c7eee944b1,0.036,,,
5244,2026-07-28,SZ002602,0.05337883706645402,EXP_CatBoostModel_Alpha158_csi300_custom_step0_s_20260728_15,ef9a99daeb5547b1818a90c7eee944b1,0.036,,,
5245,2026-07-28,SZ002600,0.23198921122261734,EXP_CatBoostModel_Alpha158_csi300_custom_step0_s_20260728_15,ef9a99daeb5547b1818a90c7eee944b1,0.036,,,
5246,2026-07-28,SZ002594,0.006640333356401681,EXP_CatBoostModel_Alpha158_csi300_custom_step0_s_20260728_15,ef9a99daeb5547b1818a90c7eee944b1,0.036,,,
5247,2026-07-28,SZ002558,0.13572159053084948,EXP_CatBoostModel_Alpha158_csi300_custom_step0_s_20260728_15,ef9a99daeb5547b1818a90c7eee944b1,0.036,,,
5248,2026-07-28,SZ002532,-0.026420218203373348,EXP_CatBoostModel_Alpha158_csi300_custom_step0_s_20260728_15,ef9a99daeb5547b1818a90c7eee944b1,0.036,,,
5249,2026-07-28,SZ002493,-0.019072614802707874,EXP_CatBoostModel_Alpha158_csi300_custom_step0_s_20260728_15,ef9a99daeb5547b1818a90c7eee944b1,0.036,,,
5250,2026-07-28,SZ002475,0.06889166277286515,EXP_CatBoostModel_Alpha158_csi300_custom_step0_s_20260728_15,ef9a99daeb5547b1818a90c7eee944b1,0.036,,,
5251,2026-07-28,SZ002466,0.2893511888028819,EXP_CatBoostModel_Alpha158_csi300_custom_step0_s_20260728_15,ef9a99daeb5547b1818a90c7eee944b1,0.036,,,
5252,2026-07-28,SH600027,0.019141686604855056,EXP_LGBModel_Alpha158_csi300_custom_step0_s_20260728_15,28fd8d7b5d7048f1a82f709a42a7ce19,0.046,,,
5253,2026-07-28,SH601169,0.04492308189832903,EXP_LGBModel_Alpha158_csi300_custom_step0_s_20260728_15,28fd8d7b5d7048f1a82f709a42a7ce19,0.046,,,
5254,2026-07-28,SH600028,-0.03177487274736079,EXP_LGBModel_Alpha158_csi300_custom_step0_s_20260728_15,28fd8d7b5d7048f1a82f709a42a7ce19,0.046,,,
5255,2026-07-28,SH600030,-0.006894521420323385,EXP_LGBModel_Alpha158_csi300_custom_step0_s_20260728_15,28fd8d7b5d7048f1a82f709a42a7ce19,0.046,,,
5256,2026-07-28,SH600926,0.034070685222238835,EXP_LGBModel_Alpha158_csi300_custom_step0_s_20260728_15,28fd8d7b5d7048f1a82f709a42a7ce19,0.046,,,
5257,2026-07-28,SH600919,0.04651656075985208,EXP_LGBModel_Alpha158_csi300_custom_step0_s_20260728_15,28fd8d7b5d7048f1a82f709a42a7ce19,0.046,,,
5258,2026-07-28,SH600918,-0.03099691919499058,EXP_LGBModel_Alpha158_csi300_custom_step0_s_20260728_15,28fd8d7b5d7048f1a82f709a42a7ce19,0.046,,,
5259,2026-07-28,SH600905,0.023797260008938326,EXP_LGBModel_Alpha158_csi300_custom_step0_s_20260728_15,28fd8d7b5d7048f1a82f709a42a7ce19,0.046,,,
5260,2026-07-28,SH600900,0.014522207048043292,EXP_LGBModel_Alpha158_csi300_custom_step0_s_20260728_15,28fd8d7b5d7048f1a82f709a42a7ce19,0.046,,,
5261,2026-07-28,SH600893,-0.01018672790697224,EXP_LGBModel_Alpha158_csi300_custom_step0_s_20260728_15,28fd8d7b5d7048f1a82f709a42a7ce19,0.046,,,
5262,2026-07-28,SH600887,0.02480774400642994,EXP_LGBModel_Alpha158_csi300_custom_step0_s_20260728_15,28fd8d7b5d7048f1a82f709a42a7ce19,0.046,,,
5263,2026-07-28,SH600886,0.01522202560828597,EXP_LGBModel_Alpha158_csi300_custom_step0_s_20260728_15,28fd8d7b5d7048f1a82f709a42a7ce19,0.046,,,
5264,2026-07-28,SH600930,0.010702258640384654,EXP_LGBModel_Alpha158_csi300_custom_step0_s_20260728_15,28fd8d7b5d7048f1a82f709a42a7ce19,0.046,,,
5265,2026-07-28,SH600875,0.02786297829534232,EXP_LGBModel_Alpha158_csi300_custom_step0_s_20260728_15,28fd8d7b5d7048f1a82f709a42a7ce19,0.046,,,
5266,2026-07-28,SH600809,-0.12768126768030238,EXP_LGBModel_Alpha158_csi300_custom_step0_s_20260728_15,28fd8d7b5d7048f1a82f709a42a7ce19,0.046,,,
5267,2026-07-28,SH600803,-0.006704625370328624,EXP_LGBModel_Alpha158_csi300_custom_step0_s_20260728_15,28fd8d7b5d7048f1a82f709a42a7ce19,0.046,,,
5268,2026-07-28,SH600795,0.017032181168077205,EXP_LGBModel_Alpha158_csi300_custom_step0_s_20260728_15,28fd8d7b5d7048f1a82f709a42a7ce19,0.046,,,
5269,2026-07-28,SH600760,-0.09968107090057333,EXP_LGBModel_Alpha158_csi300_custom_step0_s_20260728_15,28fd8d7b5d7048f1a82f709a42a7ce19,0.046,,,
5270,2026-07-28,SH600741,0.010793227993129834,EXP_LGBModel_Alpha158_csi300_custom_step0_s_20260728_15,28fd8d7b5d7048f1a82f709a42a7ce19,0.046,,,
5271,2026-07-28,SH600690,0.010895779978158814,EXP_LGBModel_Alpha158_csi300_custom_step0_s_20260728_15,28fd8d7b5d7048f1a82f709a42a7ce19,0.046,,,
5272,2026-07-28,SH600674,0.04813575959534783,EXP_LGBModel_Alpha158_csi300_custom_step0_s_20260728_15,28fd8d7b5d7048f1a82f709a42a7ce19,0.046,,,
5273,2026-07-28,SH600660,-0.010950785769196964,EXP_LGBModel_Alpha158_csi300_custom_step0_s_20260728_15,28fd8d7b5d7048f1a82f709a42a7ce19,0.046,,,
5274,2026-07-28,SH600845,0.015383161646220679,EXP_LGBModel_Alpha158_csi300_custom_step0_s_20260728_15,28fd8d7b5d7048f1a82f709a42a7ce19,0.046,,,
5275,2026-07-28,SH600600,0.0003882238094647864,EXP_LGBModel_Alpha158_csi300_custom_step0_s_20260728_15,28fd8d7b5d7048f1a82f709a42a7ce19,0.046,,,
5276,2026-07-28,SH600938,-0.054370258446439834,EXP_LGBModel_Alpha158_csi300_custom_step0_s_20260728_15,28fd8d7b5d7048f1a82f709a42a7ce19,0.046,,,
5277,2026-07-28,SH600958,-0.0087008242594072,EXP_LGBModel_Alpha158_csi300_custom_step0_s_20260728_15,28fd8d7b5d7048f1a82f709a42a7ce19,0.046,,,
5278,2026-07-28,SH601138,0.0403808821915412,EXP_LGBModel_Alpha158_csi300_custom_step0_s_20260728_15,28fd8d7b5d7048f1a82f709a42a7ce19,0.046,,,
5279,2026-07-28,SH601136,-0.013228664159697246,EXP_LGBModel_Alpha158_csi300_custom_step0_s_20260728_15,28fd8d7b5d7048f1a82f709a42a7ce19,0.046,,,
5280,2026-07-28,SH601127,-0.0048150558880112595,EXP_LGBModel_Alpha158_csi300_custom_step0_s_20260728_15,28fd8d7b5d7048f1a82f709a42a7ce19,0.046,,,
5281,2026-07-28,SH601117,-0.0002878363582588968,EXP_LGBModel_Alpha158_csi300_custom_step0_s_20260728_15,28fd8d7b5d7048f1a82f709a42a7ce19,0.046,,,
5282,2026-07-28,SH601111,0.0011606242986034146,EXP_LGBModel_Alpha158_csi300_custom_step0_s_20260728_15,28fd8d7b5d7048f1a82f709a42a7ce19,0.046,,,
5283,2026-07-28,SH601100,0.011816067117789196,EXP_LGBModel_Alpha158_csi300_custom_step0_s_20260728_15,28fd8d7b5d7048f1a82f709a42a7ce19,0.046,,,
5284,2026-07-28,SH601088,-0.09272005669245902,EXP_LGBModel_Alpha158_csi300_custom_step0_s_20260728_15,28fd8d7b5d7048f1a82f709a42a7ce19,0.046,,,
5285,2026-07-28,SH601077,0.039412105982657014,EXP_LGBModel_Alpha158_csi300_custom_step0_s_20260728_15,28fd8d7b5d7048f1a82f709a42a7ce19,0.046,,,
5286,2026-07-28,SH600941,0.05524809605753267,EXP_LGBModel_Alpha158_csi300_custom_step0_s_20260728_15,28fd8d7b5d7048f1a82f709a42a7ce19,0.046,,,
5287,2026-07-28,SH601066,0.07845252415977766,EXP_LGBModel_Alpha158_csi300_custom_step0_s_20260728_15,28fd8d7b5d7048f1a82f709a42a7ce19,0.046,,,
5288,2026-07-28,SH601058,-0.01449699007550281,EXP_LGBModel_Alpha158_csi300_custom_step0_s_20260728_15,28fd8d7b5d7048f1a82f709a42a7ce19,0.046,,,
5289,2026-07-28,SH601021,0.0325037808866142,EXP_LGBModel_Alpha158_csi300_custom_step0_s_20260728_15,28fd8d7b5d7048f1a82f709a42a7ce19,0.046,,,
5290,2026-07-28,SH601018,0.001682114238237253,EXP_LGBModel_Alpha158_csi300_custom_step0_s_20260728_15,28fd8d7b5d7048f1a82f709a42a7ce19,0.046,,,
5291,2026-07-28,SH601012,0.003951460284181136,EXP_LGBModel_Alpha158_csi300_custom_step0_s_20260728_15,28fd8d7b5d7048f1a82f709a42a7ce19,0.046,,,
5292,2026-07-28,SH601009,0.02217321604805393,EXP_LGBModel_Alpha158_csi300_custom_step0_s_20260728_15,28fd8d7b5d7048f1a82f709a42a7ce19,0.046,,,
5293,2026-07-28,SH601006,0.00302091667835445,EXP_LGBModel_Alpha158_csi300_custom_step0_s_20260728_15,28fd8d7b5d7048f1a82f709a42a7ce19,0.046,,,
5294,2026-07-28,SH600999,0.09317164915917718,EXP_LGBModel_Alpha158_csi300_custom_step0_s_20260728_15,28fd8d7b5d7048f1a82f709a42a7ce19,0.046,,,
5295,2026-07-28,SH600989,-0.006544235222391732,EXP_LGBModel_Alpha158_csi300_custom_step0_s_20260728_15,28fd8d7b5d7048f1a82f709a42a7ce19,0.046,,,
5296,2026-07-28,SH601059,-0.01412104788416736,EXP_LGBModel_Alpha158_csi300_custom_step0_s_20260728_15,28fd8d7b5d7048f1a82f709a42a7ce19,0.046,,,
5297,2026-07-28,SH600588,0.030833948039443643,EXP_LGBModel_Alpha158_csi300_custom_step0_s_20260728_15,28fd8d7b5d7048f1a82f709a42a7ce19,0.046,,,
5298,2026-07-28,SH600585,-0.02248049715014424,EXP_LGBModel_Alpha158_csi300_custom_step0_s_20260728_15,28fd8d7b5d7048f1a82f709a42a7ce19,0.046,,,
5299,2026-07-28,SH600584,0.08839874875511446,EXP_LGBModel_Alpha158_csi300_custom_step0_s_20260728_15,28fd8d7b5d7048f1a82f709a42a7ce19,0.046,,,
5300,2026-07-28,SH600188,-0.10377241618854113,EXP_LGBModel_Alpha158_csi300_custom_step0_s_20260728_15,28fd8d7b5d7048f1a82f709a42a7ce19,0.046,,,
5301,2026-07-28,SH600183,0.08103764902011322,EXP_LGBModel_Alpha158_csi300_custom_step0_s_20260728_15,28fd8d7b5d7048f1a82f709a42a7ce19,0.046,,,
5302,2026-07-28,SH600176,0.032203827073265606,EXP_LGBModel_Alpha158_csi300_custom_step0_s_20260728_15,28fd8d7b5d7048f1a82f709a42a7ce19,0.046,,,
5303,2026-07-28,SH600160,0.11746208707557465,EXP_LGBModel_Alpha158_csi300_custom_step0_s_20260728_15,28fd8d7b5d7048f1a82f709a42a7ce19,0.046,,,
5304,2026-07-28,SH600150,-0.01437280212297315,EXP_LGBModel_Alpha158_csi300_custom_step0_s_20260728_15,28fd8d7b5d7048f1a82f709a42a7ce19,0.046,,,
5305,2026-07-28,SH600118,0.04888449577747491,EXP_LGBModel_Alpha158_csi300_custom_step0_s_20260728_15,28fd8d7b5d7048f1a82f709a42a7ce19,0.046,,,
5306,2026-07-28,SH600115,0.009159573630619793,EXP_LGBModel_Alpha158_csi300_custom_step0_s_20260728_15,28fd8d7b5d7048f1a82f709a42a7ce19,0.046,,,
5307,2026-07-28,SH600111,0.03134738680815592,EXP_LGBModel_Alpha158_csi300_custom_step0_s_20260728_15,28fd8d7b5d7048f1a82f709a42a7ce19,0.046,,,
5308,2026-07-28,SH600196,-0.0329166409476426,EXP_LGBModel_Alpha158_csi300_custom_step0_s_20260728_15,28fd8d7b5d7048f1a82f709a42a7ce19,0.046,,,
5309,2026-07-28,SH600104,0.01163066731455385,EXP_LGBModel_Alpha158_csi300_custom_step0_s_20260728_15,28fd8d7b5d7048f1a82f709a42a7ce19,0.046,,,
5310,2026-07-28,SH600085,-0.025222462093852906,EXP_LGBModel_Alpha158_csi300_custom_step0_s_20260728_15,28fd8d7b5d7048f1a82f709a42a7ce19,0.046,,,
5311,2026-07-28,SH600066,-0.050377039271067486,EXP_LGBModel_Alpha158_csi300_custom_step0_s_20260728_15,28fd8d7b5d7048f1a82f709a42a7ce19,0.046,,,
5312,2026-07-28,SH600061,-0.0030654653674144494,EXP_LGBModel_Alpha158_csi300_custom_step0_s_20260728_15,28fd8d7b5d7048f1a82f709a42a7ce19,0.046,,,
5313,2026-07-28,SH600050,-0.01355568190281766,EXP_LGBModel_Alpha158_csi300_custom_step0_s_20260728_15,28fd8d7b5d7048f1a82f709a42a7ce19,0.046,,,
5314,2026-07-28,SH600048,-0.022319102673568167,EXP_LGBModel_Alpha158_csi300_custom_step0_s_20260728_15,28fd8d7b5d7048f1a82f709a42a7ce19,0.046,,,
5315,2026-07-28,SH600039,0.017503992579643156,EXP_LGBModel_Alpha158_csi300_custom_step0_s_20260728_15,28fd8d7b5d7048f1a82f709a42a7ce19,0.046,,,
5316,2026-07-28,SH600036,0.015840182062774648,EXP_LGBModel_Alpha158_csi300_custom_step0_s_20260728_15,28fd8d7b5d7048f1a82f709a42a7ce19,0.046,,,
5317,2026-07-28,SH600031,-0.016458398889655324,EXP_LGBModel_Alpha158_csi300_custom_step0_s_20260728_15,28fd8d7b5d7048f1a82f709a42a7ce19,0.046,,,
5318,2026-07-28,SH600089,-0.02164343520860828,EXP_LGBModel_Alpha158_csi300_custom_step0_s_20260728_15,28fd8d7b5d7048f1a82f709a42a7ce19,0.046,,,
5319,2026-07-28,SH600219,-0.10903078652889422,EXP_LGBModel_Alpha158_csi300_custom_step0_s_20260728_15,28fd8d7b5d7048f1a82f709a42a7ce19,0.046,,,
5320,2026-07-28,SH600221,0.0035357506958266444,EXP_LGBModel_Alpha158_csi300_custom_step0_s_20260728_15,28fd8d7b5d7048f1a82f709a42a7ce19,0.046,,,
5321,2026-07-28,SH600233,-0.03952762356423781,EXP_LGBModel_Alpha158_csi300_custom_step0_s_20260728_15,28fd8d7b5d7048f1a82f709a42a7ce19,0.046,,,
5322,2026-07-28,SH600570,0.01579619027415707,EXP_LGBModel_Alpha158_csi300_custom_step0_s_20260728_15,28fd8d7b5d7048f1a82f709a42a7ce19,0.046,,,
5323,2026-07-28,SH600549,0.032873349728601856,EXP_LGBModel_Alpha158_csi300_custom_step0_s_20260728_15,28fd8d7b5d7048f1a82f709a42a7ce19,0.046,,,
5324,2026-07-28,SH600547,-0.06408613893641531,EXP_LGBModel_Alpha158_csi300_custom_step0_s_20260728_15,28fd8d7b5d7048f1a82f709a42a7ce19,0.046,,,
5325,2026-07-28,SH600522,0.06060480350526841,EXP_LGBModel_Alpha158_csi300_custom_step0_s_20260728_15,28fd8d7b5d7048f1a82f709a42a7ce19,0.046,,,
5326,2026-07-28,SH600519,-0.01468480317767415,EXP_LGBModel_Alpha158_csi300_custom_step0_s_20260728_15,28fd8d7b5d7048f1a82f709a42a7ce19,0.046,,,
5327,2026-07-28,SH600515,0.02468637568146032,EXP_LGBModel_Alpha158_csi300_custom_step0_s_20260728_15,28fd8d7b5d7048f1a82f709a42a7ce19,0.046,,,
5328,2026-07-28,SH600489,-0.05685520052463074,EXP_LGBModel_Alpha158_csi300_custom_step0_s_20260728_15,28fd8d7b5d7048f1a82f709a42a7ce19,0.046,,,
5329,2026-07-28,SH600482,-0.007671804098752781,EXP_LGBModel_Alpha158_csi300_custom_step0_s_20260728_15,28fd8d7b5d7048f1a82f709a42a7ce19,0.046,,,
5330,2026-07-28,SH600460,0.07142297280206197,EXP_LGBModel_Alpha158_csi300_custom_step0_s_20260728_15,28fd8d7b5d7048f1a82f709a42a7ce19,0.046,,,
5331,2026-07-28,SH600438,-0.01903492409991336,EXP_LGBModel_Alpha158_csi300_custom_step0_s_20260728_15,28fd8d7b5d7048f1a82f709a42a7ce19,0.046,,,
5332,2026-07-28,SH600436,0.017275067619087772,EXP_LGBModel_Alpha158_csi300_custom_step0_s_20260728_15,28fd8d7b5d7048f1a82f709a42a7ce19,0.046,,,
5333,2026-07-28,SH600426,0.002547344673647447,EXP_LGBModel_Alpha158_csi300_custom_step0_s_20260728_15,28fd8d7b5d7048f1a82f709a42a7ce19,0.046,,,
5334,2026-07-28,SH600415,0.03251942884283768,EXP_LGBModel_Alpha158_csi300_custom_step0_s_20260728_15,28fd8d7b5d7048f1a82f709a42a7ce19,0.046,,,
5335,2026-07-28,SH600406,0.01368300505350341,EXP_LGBModel_Alpha158_csi300_custom_step0_s_20260728_15,28fd8d7b5d7048f1a82f709a42a7ce19,0.046,,,
5336,2026-07-28,SH600372,0.03398929381924839,EXP_LGBModel_Alpha158_csi300_custom_step0_s_20260728_15,28fd8d7b5d7048f1a82f709a42a7ce19,0.046,,,
5337,2026-07-28,SH600362,-0.03387057048610119,EXP_LGBModel_Alpha158_csi300_custom_step0_s_20260728_15,28fd8d7b5d7048f1a82f709a42a7ce19,0.046,,,
5338,2026-07-28,SH600346,-0.02046015650510606,EXP_LGBModel_Alpha158_csi300_custom_step0_s_20260728_15,28fd8d7b5d7048f1a82f709a42a7ce19,0.046,,,
5339,2026-07-28,SH600309,-0.09028153326343899,EXP_LGBModel_Alpha158_csi300_custom_step0_s_20260728_15,28fd8d7b5d7048f1a82f709a42a7ce19,0.046,,,
5340,2026-07-28,SH600276,-0.07153487421393463,EXP_LGBModel_Alpha158_csi300_custom_step0_s_20260728_15,28fd8d7b5d7048f1a82f709a42a7ce19,0.046,,,
5341,2026-07-28,SH600029,-0.0034109585333354604,EXP_LGBModel_Alpha158_csi300_custom_step0_s_20260728_15,28fd8d7b5d7048f1a82f709a42a7ce19,0.046,,,
5342,2026-07-28,SZ300418,0.011864991948490698,EXP_LGBModel_Alpha158_csi300_custom_step0_s_20260728_15,28fd8d7b5d7048f1a82f709a42a7ce19,0.046,,,
5343,2026-07-28,SZ300433,0.09857085479838787,EXP_LGBModel_Alpha158_csi300_custom_step0_s_20260728_15,28fd8d7b5d7048f1a82f709a42a7ce19,0.046,,,
5344,2026-07-28,SZ300442,0.04570234857468868,EXP_LGBModel_Alpha158_csi300_custom_step0_s_20260728_15,28fd8d7b5d7048f1a82f709a42a7ce19,0.046,,,
5345,2026-07-28,SZ001391,0.002525155219262789,EXP_LGBModel_Alpha158_csi300_custom_step0_s_20260728_15,f25b91e278dd40be81aff92ff4e70d3c,0.053,,,
5346,2026-07-28,SZ001280,0.011086654330938164,EXP_LGBModel_Alpha158_csi300_custom_step0_s_20260728_15,f25b91e278dd40be81aff92ff4e70d3c,0.053,,,
5347,2026-07-28,SZ000999,-0.0010000133336445331,EXP_LGBModel_Alpha158_csi300_custom_step0_s_20260728_15,f25b91e278dd40be81aff92ff4e70d3c,0.053,,,
5348,2026-07-28,SZ000988,0.001784853790731498,EXP_LGBModel_Alpha158_csi300_custom_step0_s_20260728_15,f25b91e278dd40be81aff92ff4e70d3c,0.053,,,
5349,2026-07-28,SZ000977,0.04036658838089424,EXP_LGBModel_Alpha158_csi300_custom_step0_s_20260728_15,f25b91e278dd40be81aff92ff4e70d3c,0.053,,,
5350,2026-07-28,SZ000975,-0.008876803537748825,EXP_LGBModel_Alpha158_csi300_custom_step0_s_20260728_15,f25b91e278dd40be81aff92ff4e70d3c,0.053,,,
5351,2026-07-28,SZ000963,-0.012545579430201593,EXP_LGBModel_Alpha158_csi300_custom_step0_s_20260728_15,f25b91e278dd40be81aff92ff4e70d3c,0.053,,,
5352,2026-07-28,SZ000938,-0.04908843838788775,EXP_LGBModel_Alpha158_csi300_custom_step0_s_20260728_15,f25b91e278dd40be81aff92ff4e70d3c,0.053,,,
5353,2026-07-28,SZ001965,-0.041501751060249094,EXP_LGBModel_Alpha158_csi300_custom_step0_s_20260728_15,f25b91e278dd40be81aff92ff4e70d3c,0.053,,,
5354,2026-07-28,SZ000895,-0.009066960852014559,EXP_LGBModel_Alpha158_csi300_custom_step0_s_20260728_15,f25b91e278dd40be81aff92ff4e70d3c,0.053,,,
5355,2026-07-28,SZ000807,-0.06767789736964852,EXP_LGBModel_Alpha158_csi300_custom_step0_s_20260728_15,f25b91e278dd40be81aff92ff4e70d3c,0.053,,,
5356,2026-07-28,SZ000792,-0.0025566431451283203,EXP_LGBModel_Alpha158_csi300_custom_step0_s_20260728_15,f25b91e278dd40be81aff92ff4e70d3c,0.053,,,
5357,2026-07-28,SZ000776,0.02747531259030155,EXP_LGBModel_Alpha158_csi300_custom_step0_s_20260728_15,f25b91e278dd40be81aff92ff4e70d3c,0.053,,,
5358,2026-07-28,SZ000768,0.00884404169411158,EXP_LGBModel_Alpha158_csi300_custom_step0_s_20260728_15,f25b91e278dd40be81aff92ff4e70d3c,0.053,,,
5359,2026-07-28,SZ000725,0.04387922694440767,EXP_LGBModel_Alpha158_csi300_custom_step0_s_20260728_15,f25b91e278dd40be81aff92ff4e70d3c,0.053,,,
5360,2026-07-28,SZ000708,-0.021280361517466644,EXP_LGBModel_Alpha158_csi300_custom_step0_s_20260728_15,f25b91e278dd40be81aff92ff4e70d3c,0.053,,,
5361,2026-07-28,SZ000657,0.015114376905419634,EXP_LGBModel_Alpha158_csi300_custom_step0_s_20260728_15,f25b91e278dd40be81aff92ff4e70d3c,0.053,,,
5362,2026-07-28,SZ000651,0.017781501633819172,EXP_LGBModel_Alpha158_csi300_custom_step0_s_20260728_15,f25b91e278dd40be81aff92ff4e70d3c,0.053,,,
5363,2026-07-28,SZ000858,-0.007246492535441235,EXP_LGBModel_Alpha158_csi300_custom_step0_s_20260728_15,f25b91e278dd40be81aff92ff4e70d3c,0.053,,,
5364,2026-07-28,SZ000630,-0.006019477140459211,EXP_LGBModel_Alpha158_csi300_custom_step0_s_20260728_15,f25b91e278dd40be81aff92ff4e70d3c,0.053,,,
5365,2026-07-28,SZ001979,-0.014596596064669978,EXP_LGBModel_Alpha158_csi300_custom_step0_s_20260728_15,f25b91e278dd40be81aff92ff4e70d3c,0.053,,,
5366,2026-07-28,SZ002027,-0.01224327607602086,EXP_LGBModel_Alpha158_csi300_custom_step0_s_20260728_15,f25b91e278dd40be81aff92ff4e70d3c,0.053,,,
5367,2026-07-28,SZ002422,0.0399487006342142,EXP_LGBModel_Alpha158_csi300_custom_step0_s_20260728_15,f25b91e278dd40be81aff92ff4e70d3c,0.053,,,
5368,2026-07-28,SZ002415,0.044474570111019227,EXP_LGBModel_Alpha158_csi300_custom_step0_s_20260728_15,f25b91e278dd40be81aff92ff4e70d3c,0.053,,,
5369,2026-07-28,SZ002384,0.005938834806857514,EXP_LGBModel_Alpha158_csi300_custom_step0_s_20260728_15,f25b91e278dd40be81aff92ff4e70d3c,0.053,,,
5370,2026-07-28,SZ002371,0.03191223779393624,EXP_LGBModel_Alpha158_csi300_custom_step0_s_20260728_15,f25b91e278dd40be81aff92ff4e70d3c,0.053,,,
5371,2026-07-28,SZ002353,0.04099679342074013,EXP_LGBModel_Alpha158_csi300_custom_step0_s_20260728_15,f25b91e278dd40be81aff92ff4e70d3c,0.053,,,
5372,2026-07-28,SZ002352,0.0031162215597650947,EXP_LGBModel_Alpha158_csi300_custom_step0_s_20260728_15,f25b91e278dd40be81aff92ff4e70d3c,0.053,,,
5373,2026-07-28,SZ002311,0.011087765193200427,EXP_LGBModel_Alpha158_csi300_custom_step0_s_20260728_15,f25b91e278dd40be81aff92ff4e70d3c,0.053,,,
5374,2026-07-28,SZ002304,-0.017772887148878036,EXP_LGBModel_Alpha158_csi300_custom_step0_s_20260728_15,f25b91e278dd40be81aff92ff4e70d3c,0.053,,,
5375,2026-07-28,SZ002001,-0.04294043123089051,EXP_LGBModel_Alpha158_csi300_custom_step0_s_20260728_15,f25b91e278dd40be81aff92ff4e70d3c,0.053,,,
5376,2026-07-28,SZ002241,0.019256049760426733,EXP_LGBModel_Alpha158_csi300_custom_step0_s_20260728_15,f25b91e278dd40be81aff92ff4e70d3c,0.053,,,
5377,2026-07-28,SZ002230,-0.02176264484752322,EXP_LGBModel_Alpha158_csi300_custom_step0_s_20260728_15,f25b91e278dd40be81aff92ff4e70d3c,0.053,,,
5378,2026-07-28,SZ002202,0.03872834329769162,EXP_LGBModel_Alpha158_csi300_custom_step0_s_20260728_15,f25b91e278dd40be81aff92ff4e70d3c,0.053,,,
5379,2026-07-28,SZ002179,-0.0037723095910971094,EXP_LGBModel_Alpha158_csi300_custom_step0_s_20260728_15,f25b91e278dd40be81aff92ff4e70d3c,0.053,,,
5380,2026-07-28,SZ002142,0.021122308252381455,EXP_LGBModel_Alpha158_csi300_custom_step0_s_20260728_15,f25b91e278dd40be81aff92ff4e70d3c,0.053,,,
5381,2026-07-28,SZ002074,-0.00018606342540395987,EXP_LGBModel_Alpha158_csi300_custom_step0_s_20260728_15,f25b91e278dd40be81aff92ff4e70d3c,0.053,,,
5382,2026-07-28,SZ002050,0.023717580024354167,EXP_LGBModel_Alpha158_csi300_custom_step0_s_20260728_15,f25b91e278dd40be81aff92ff4e70d3c,0.053,,,
5383,2026-07-28,SZ002049,0.025037888973406138,EXP_LGBModel_Alpha158_csi300_custom_step0_s_20260728_15,f25b91e278dd40be81aff92ff4e70d3c,0.053,,,
5384,2026-07-28,SZ002028,0.047133625487779204,EXP_LGBModel_Alpha158_csi300_custom_step0_s_20260728_15,f25b91e278dd40be81aff92ff4e70d3c,0.053,,,
5385,2026-07-28,SZ002236,0.007780447997172761,EXP_LGBModel_Alpha158_csi300_custom_step0_s_20260728_15,f25b91e278dd40be81aff92ff4e70d3c,0.053,,,
5386,2026-07-28,SZ000625,-0.01154925952580602,EXP_LGBModel_Alpha158_csi300_custom_step0_s_20260728_15,f25b91e278dd40be81aff92ff4e70d3c,0.053,,,
5387,2026-07-28,SZ000617,-0.0028027164081678695,EXP_LGBModel_Alpha158_csi300_custom_step0_s_20260728_15,f25b91e278dd40be81aff92ff4e70d3c,0.053,,,
5388,2026-07-28,SZ000596,-0.05941923758545242,EXP_LGBModel_Alpha158_csi300_custom_step0_s_20260728_15,f25b91e278dd40be81aff92ff4e70d3c,0.053,,,
5389,2026-07-28,SH688126,0.019101611530604374,EXP_LGBModel_Alpha158_csi300_custom_step0_s_20260728_15,f25b91e278dd40be81aff92ff4e70d3c,0.053,,,
5390,2026-07-28,SH688111,0.013298217536377412,EXP_LGBModel_Alpha158_csi300_custom_step0_s_20260728_15,f25b91e278dd40be81aff92ff4e70d3c,0.053,,,
5391,2026-07-28,SH688082,0.018282266849948787,EXP_LGBModel_Alpha158_csi300_custom_step0_s_20260728_15,f25b91e278dd40be81aff92ff4e70d3c,0.053,,,
5392,2026-07-28,SH688072,0.0014178265456540843,EXP_LGBModel_Alpha158_csi300_custom_step0_s_20260728_15,f25b91e278dd40be81aff92ff4e70d3c,0.053,,,
5393,2026-07-28,SH688047,0.04378239698462392,EXP_LGBModel_Alpha158_csi300_custom_step0_s_20260728_15,f25b91e278dd40be81aff92ff4e70d3c,0.053,,,
5394,2026-07-28,SH688041,0.03354156312583111,EXP_LGBModel_Alpha158_csi300_custom_step0_s_20260728_15,f25b91e278dd40be81aff92ff4e70d3c,0.053,,,
5395,2026-07-28,SH688036,-0.06583056967342098,EXP_LGBModel_Alpha158_csi300_custom_step0_s_20260728_15,f25b91e278dd40be81aff92ff4e70d3c,0.053,,,
5396,2026-07-28,SH688012,0.004859985921528688,EXP_LGBModel_Alpha158_csi300_custom_step0_s_20260728_15,f25b91e278dd40be81aff92ff4e70d3c,0.053,,,
5397,2026-07-28,SH688183,-0.030499625740136007,EXP_LGBModel_Alpha158_csi300_custom_step0_s_20260728_15,f25b91e278dd40be81aff92ff4e70d3c,0.053,,,
5398,2026-07-28,SH688009,0.02322137323732137,EXP_LGBModel_Alpha158_csi300_custom_step0_s_20260728_15,f25b91e278dd40be81aff92ff4e70d3c,0.053,,,
5399,2026-07-28,SH605499,-0.020612101011372865,EXP_LGBModel_Alpha158_csi300_custom_step0_s_20260728_15,f25b91e278dd40be81aff92ff4e70d3c,0.053,,,
5400,2026-07-28,SH605117,0.01848356476152321,EXP_LGBModel_Alpha158_csi300_custom_step0_s_20260728_15,f25b91e278dd40be81aff92ff4e70d3c,0.053,,,
5401,2026-07-28,SH603993,-0.10306507665369864,EXP_LGBModel_Alpha158_csi300_custom_step0_s_20260728_15,f25b91e278dd40be81aff92ff4e70d3c,0.053,,,
5402,2026-07-28,SH603986,0.03275336406825266,EXP_LGBModel_Alpha158_csi300_custom_step0_s_20260728_15,f25b91e278dd40be81aff92ff4e70d3c,0.053,,,
5403,2026-07-28,SH603893,0.02239578288457838,EXP_LGBModel_Alpha158_csi300_custom_step0_s_20260728_15,f25b91e278dd40be81aff92ff4e70d3c,0.053,,,
5404,2026-07-28,SH603799,0.014382436882100905,EXP_LGBModel_Alpha158_csi300_custom_step0_s_20260728_15,f25b91e278dd40be81aff92ff4e70d3c,0.053,,,
5405,2026-07-28,SH603501,0.01733897120557068,EXP_LGBModel_Alpha158_csi300_custom_step0_s_20260728_15,f25b91e278dd40be81aff92ff4e70d3c,0.053,,,
5406,2026-07-28,SH603392,-0.033897517502449626,EXP_LGBModel_Alpha158_csi300_custom_step0_s_20260728_15,f25b91e278dd40be81aff92ff4e70d3c,0.053,,,
5407,2026-07-28,SH688008,0.021669157272088103,EXP_LGBModel_Alpha158_csi300_custom_step0_s_20260728_15,f25b91e278dd40be81aff92ff4e70d3c,0.053,,,
5408,2026-07-28,SH688223,-0.007398453811378344,EXP_LGBModel_Alpha158_csi300_custom_step0_s_20260728_15,f25b91e278dd40be81aff92ff4e70d3c,0.053,,,
5409,2026-07-28,SH688256,0.011220474779692147,EXP_LGBModel_Alpha158_csi300_custom_step0_s_20260728_15,f25b91e278dd40be81aff92ff4e70d3c,0.053,,,
5410,2026-07-28,SH688271,-0.015816017401302996,EXP_LGBModel_Alpha158_csi300_custom_step0_s_20260728_15,f25b91e278dd40be81aff92ff4e70d3c,0.053,,,
5411,2026-07-28,SZ000568,-0.01654174556527272,EXP_LGBModel_Alpha158_csi300_custom_step0_s_20260728_15,f25b91e278dd40be81aff92ff4e70d3c,0.053,,,
5412,2026-07-28,SZ000538,0.004674674200741321,EXP_LGBModel_Alpha158_csi300_custom_step0_s_20260728_15,f25b91e278dd40be81aff92ff4e70d3c,0.053,,,
5413,2026-07-28,SZ000425,0.01209988846899069,EXP_LGBModel_Alpha158_csi300_custom_step0_s_20260728_15,f25b91e278dd40be81aff92ff4e70d3c,0.053,,,
5414,2026-07-28,SZ000408,-0.008491009046241723,EXP_LGBModel_Alpha158_csi300_custom_step0_s_20260728_15,f25b91e278dd40be81aff92ff4e70d3c,0.053,,,
5415,2026-07-28,SZ000338,0.005847012732616136,EXP_LGBModel_Alpha158_csi300_custom_step0_s_20260728_15,f25b91e278dd40be81aff92ff4e70d3c,0.053,,,
5416,2026-07-28,SZ000333,0.01849245116793814,EXP_LGBModel_Alpha158_csi300_custom_step0_s_20260728_15,f25b91e278dd40be81aff92ff4e70d3c,0.053,,,
5417,2026-07-28,SZ000301,-0.06643349962618884,EXP_LGBModel_Alpha158_csi300_custom_step0_s_20260728_15,f25b91e278dd40be81aff92ff4e70d3c,0.053,,,
5418,2026-07-28,SZ000166,0.03682243915532511,EXP_LGBModel_Alpha158_csi300_custom_step0_s_20260728_15,f25b91e278dd40be81aff92ff4e70d3c,0.053,,,
5419,2026-07-28,SZ000157,-0.005728673710029343,EXP_LGBModel_Alpha158_csi300_custom_step0_s_20260728_15,f25b91e278dd40be81aff92ff4e70d3c,0.053,,,
5420,2026-07-28,SZ000100,0.046828668174018505,EXP_LGBModel_Alpha158_csi300_custom_step0_s_20260728_15,f25b91e278dd40be81aff92ff4e70d3c,0.053,,,
5421,2026-07-28,SZ000063,-0.013234086350478376,EXP_LGBModel_Alpha158_csi300_custom_step0_s_20260728_15,f25b91e278dd40be81aff92ff4e70d3c,0.053,,,
5422,2026-07-28,SZ000002,-1.5144164958609627e-05,EXP_LGBModel_Alpha158_csi300_custom_step0_s_20260728_15,f25b91e278dd40be81aff92ff4e70d3c,0.053,,,
5423,2026-07-28,SZ000001,0.011577264444784977,EXP_LGBModel_Alpha158_csi300_custom_step0_s_20260728_15,f25b91e278dd40be81aff92ff4e70d3c,0.053,,,
5424,2026-07-28,SH688981,0.01958601374540619,EXP_LGBModel_Alpha158_csi300_custom_step0_s_20260728_15,f25b91e278dd40be81aff92ff4e70d3c,0.053,,,
5425,2026-07-28,SH688521,-0.010629034896351815,EXP_LGBModel_Alpha158_csi300_custom_step0_s_20260728_15,f25b91e278dd40be81aff92ff4e70d3c,0.053,,,
5426,2026-07-28,SH688506,0.04990415652278375,EXP_LGBModel_Alpha158_csi300_custom_step0_s_20260728_15,f25b91e278dd40be81aff92ff4e70d3c,0.053,,,
5427,2026-07-28,SH688472,-0.009897216266822294,EXP_LGBModel_Alpha158_csi300_custom_step0_s_20260728_15,f25b91e278dd40be81aff92ff4e70d3c,0.053,,,
5428,2026-07-28,SH688396,-0.007455793543003189,EXP_LGBModel_Alpha158_csi300_custom_step0_s_20260728_15,f25b91e278dd40be81aff92ff4e70d3c,0.053,,,
5429,2026-07-28,SH688303,-0.018869571507323782,EXP_LGBModel_Alpha158_csi300_custom_step0_s_20260728_15,f25b91e278dd40be81aff92ff4e70d3c,0.053,,,
5430,2026-07-28,SZ002460,0.04444546020007153,EXP_LGBModel_Alpha158_csi300_custom_step0_s_20260728_15,f25b91e278dd40be81aff92ff4e70d3c,0.053,,,
5431,2026-07-28,SH603369,-0.01572785412464054,EXP_LGBModel_Alpha158_csi300_custom_step0_s_20260728_15,f25b91e278dd40be81aff92ff4e70d3c,0.053,,,
5432,2026-07-28,SZ002463,0.022315079170939646,EXP_LGBModel_Alpha158_csi300_custom_step0_s_20260728_15,f25b91e278dd40be81aff92ff4e70d3c,0.053,,,
5433,2026-07-28,SZ002475,0.03452225326148369,EXP_LGBModel_Alpha158_csi300_custom_step0_s_20260728_15,f25b91e278dd40be81aff92ff4e70d3c,0.053,,,
5434,2026-07-28,SH600028,-0.04081525290293443,EXP_LGBModel_Alpha158_csi300_custom_step0_s_20260728_15,ef8308ec3071412bb08f1568539cf83c,0.06,,,
5435,2026-07-28,SH600027,-0.007897217853812253,EXP_LGBModel_Alpha158_csi300_custom_step0_s_20260728_15,ef8308ec3071412bb08f1568539cf83c,0.06,,,
5436,2026-07-28,SH600026,0.031209614123063306,EXP_LGBModel_Alpha158_csi300_custom_step0_s_20260728_15,ef8308ec3071412bb08f1568539cf83c,0.06,,,
5437,2026-07-28,SH600025,0.0024999035978429465,EXP_LGBModel_Alpha158_csi300_custom_step0_s_20260728_15,ef8308ec3071412bb08f1568539cf83c,0.06,,,
5438,2026-07-28,SH600023,-0.003978028266746956,EXP_LGBModel_Alpha158_csi300_custom_step0_s_20260728_15,ef8308ec3071412bb08f1568539cf83c,0.06,,,
5439,2026-07-28,SH600019,0.02202975417856631,EXP_LGBModel_Alpha158_csi300_custom_step0_s_20260728_15,ef8308ec3071412bb08f1568539cf83c,0.06,,,
5440,2026-07-28,SH600018,0.011919668903294899,EXP_LGBModel_Alpha158_csi300_custom_step0_s_20260728_15,ef8308ec3071412bb08f1568539cf83c,0.06,,,
5441,2026-07-28,SH600016,0.027870827473494668,EXP_LGBModel_Alpha158_csi300_custom_step0_s_20260728_15,ef8308ec3071412bb08f1568539cf83c,0.06,,,
5442,2026-07-28,SH600029,-0.01329730631560428,EXP_LGBModel_Alpha158_csi300_custom_step0_s_20260728_15,ef8308ec3071412bb08f1568539cf83c,0.06,,,
5443,2026-07-28,SH600015,0.04131389691237076,EXP_LGBModel_Alpha158_csi300_custom_step0_s_20260728_15,ef8308ec3071412bb08f1568539cf83c,0.06,,,
5444,2026-07-28,SH600010,0.012997799006439383,EXP_LGBModel_Alpha158_csi300_custom_step0_s_20260728_15,ef8308ec3071412bb08f1568539cf83c,0.06,,,
5445,2026-07-28,SH600009,0.0005022572572076383,EXP_LGBModel_Alpha158_csi300_custom_step0_s_20260728_15,ef8308ec3071412bb08f1568539cf83c,0.06,,,
5446,2026-07-28,SH600000,0.015270911095774236,EXP_LGBModel_Alpha158_csi300_custom_step0_s_20260728_15,ef8308ec3071412bb08f1568539cf83c,0.06,,,
5447,2026-07-28,SZ302132,-0.0871269717151348,EXP_LGBModel_Alpha158_csi300_custom_step0_s_20260728_15,f25b91e278dd40be81aff92ff4e70d3c,0.053,,,
5448,2026-07-28,SZ301308,0.004439171496793408,EXP_LGBModel_Alpha158_csi300_custom_step0_s_20260728_15,f25b91e278dd40be81aff92ff4e70d3c,0.053,,,
5449,2026-07-28,SZ301269,0.020279876068855854,EXP_LGBModel_Alpha158_csi300_custom_step0_s_20260728_15,f25b91e278dd40be81aff92ff4e70d3c,0.053,,,
5450,2026-07-28,SZ301236,-0.012350548534458541,EXP_LGBModel_Alpha158_csi300_custom_step0_s_20260728_15,f25b91e278dd40be81aff92ff4e70d3c,0.053,,,
5451,2026-07-28,SZ301165,0.019431419951595502,EXP_LGBModel_Alpha158_csi300_custom_step0_s_20260728_15,f25b91e278dd40be81aff92ff4e70d3c,0.053,,,
5452,2026-07-28,SH600011,-0.03354331041903659,EXP_LGBModel_Alpha158_csi300_custom_step0_s_20260728_15,ef8308ec3071412bb08f1568539cf83c,0.06,,,
5453,2026-07-28,SZ300999,-0.010357376159876643,EXP_LGBModel_Alpha158_csi300_custom_step0_s_20260728_15,f25b91e278dd40be81aff92ff4e70d3c,0.053,,,
5454,2026-07-28,SH600030,0.012183068487189698,EXP_LGBModel_Alpha158_csi300_custom_step0_s_20260728_15,ef8308ec3071412bb08f1568539cf83c,0.06,,,
5455,2026-07-28,SH600036,0.021255487862476625,EXP_LGBModel_Alpha158_csi300_custom_step0_s_20260728_15,ef8308ec3071412bb08f1568539cf83c,0.06,,,
5456,2026-07-28,SH600219,-0.1566785295743982,EXP_LGBModel_Alpha158_csi300_custom_step0_s_20260728_15,ef8308ec3071412bb08f1568539cf83c,0.06,,,
5457,2026-07-28,SH600196,-0.04040380521556166,EXP_LGBModel_Alpha158_csi300_custom_step0_s_20260728_15,ef8308ec3071412bb08f1568539cf83c,0.06,,,
5458,2026-07-28,SH600188,-0.08163621859528383,EXP_LGBModel_Alpha158_csi300_custom_step0_s_20260728_15,ef8308ec3071412bb08f1568539cf83c,0.06,,,
5459,2026-07-28,SH600183,0.06787704729444258,EXP_LGBModel_Alpha158_csi300_custom_step0_s_20260728_15,ef8308ec3071412bb08f1568539cf83c,0.06,,,
5460,2026-07-28,SH600176,0.041051842239997555,EXP_LGBModel_Alpha158_csi300_custom_step0_s_20260728_15,ef8308ec3071412bb08f1568539cf83c,0.06,,,
5461,2026-07-28,SH600160,0.11740535425803748,EXP_LGBModel_Alpha158_csi300_custom_step0_s_20260728_15,ef8308ec3071412bb08f1568539cf83c,0.06,,,
5462,2026-07-28,SH600150,-0.002692778431510465,EXP_LGBModel_Alpha158_csi300_custom_step0_s_20260728_15,ef8308ec3071412bb08f1568539cf83c,0.06,,,
5463,2026-07-28,SH600118,0.10993969709627005,EXP_LGBModel_Alpha158_csi300_custom_step0_s_20260728_15,ef8308ec3071412bb08f1568539cf83c,0.06,,,
5464,2026-07-28,SH600031,-0.026624194395562916,EXP_LGBModel_Alpha158_csi300_custom_step0_s_20260728_15,ef8308ec3071412bb08f1568539cf83c,0.06,,,
5465,2026-07-28,SH600115,-0.0006663889921277358,EXP_LGBModel_Alpha158_csi300_custom_step0_s_20260728_15,ef8308ec3071412bb08f1568539cf83c,0.06,,,
5466,2026-07-28,SH600104,0.0008992630868414342,EXP_LGBModel_Alpha158_csi300_custom_step0_s_20260728_15,ef8308ec3071412bb08f1568539cf83c,0.06,,,
5467,2026-07-28,SH600089,-0.03046716590838033,EXP_LGBModel_Alpha158_csi300_custom_step0_s_20260728_15,ef8308ec3071412bb08f1568539cf83c,0.06,,,
5468,2026-07-28,SH600085,-0.0371034169350821,EXP_LGBModel_Alpha158_csi300_custom_step0_s_20260728_15,ef8308ec3071412bb08f1568539cf83c,0.06,,,
5469,2026-07-28,SH600066,-0.043647394087476254,EXP_LGBModel_Alpha158_csi300_custom_step0_s_20260728_15,ef8308ec3071412bb08f1568539cf83c,0.06,,,
5470,2026-07-28,SH600061,0.026552031890980217,EXP_LGBModel_Alpha158_csi300_custom_step0_s_20260728_15,ef8308ec3071412bb08f1568539cf83c,0.06,,,
5471,2026-07-28,SH600050,-0.04065285851622578,EXP_LGBModel_Alpha158_csi300_custom_step0_s_20260728_15,ef8308ec3071412bb08f1568539cf83c,0.06,,,
5472,2026-07-28,SH600048,-0.021875402445442997,EXP_LGBModel_Alpha158_csi300_custom_step0_s_20260728_15,ef8308ec3071412bb08f1568539cf83c,0.06,,,
5473,2026-07-28,SH600039,-0.00906031628101332,EXP_LGBModel_Alpha158_csi300_custom_step0_s_20260728_15,ef8308ec3071412bb08f1568539cf83c,0.06,,,
5474,2026-07-28,SH600111,0.060373644785772576,EXP_LGBModel_Alpha158_csi300_custom_step0_s_20260728_15,ef8308ec3071412bb08f1568539cf83c,0.06,,,
5475,2026-07-28,SZ300896,-0.06238134525025135,EXP_LGBModel_Alpha158_csi300_custom_step0_s_20260728_15,f25b91e278dd40be81aff92ff4e70d3c,0.053,,,
5476,2026-07-28,SZ300866,-0.006524941081056523,EXP_LGBModel_Alpha158_csi300_custom_step0_s_20260728_15,f25b91e278dd40be81aff92ff4e70d3c,0.053,,,
5477,2026-07-28,SZ300832,0.0031269017140712696,EXP_LGBModel_Alpha158_csi300_custom_step0_s_20260728_15,f25b91e278dd40be81aff92ff4e70d3c,0.053,,,
5478,2026-07-28,SZ300015,-0.016438983581871094,EXP_LGBModel_Alpha158_csi300_custom_step0_s_20260728_15,f25b91e278dd40be81aff92ff4e70d3c,0.053,,,
5479,2026-07-28,SZ300014,-0.004012722745825218,EXP_LGBModel_Alpha158_csi300_custom_step0_s_20260728_15,f25b91e278dd40be81aff92ff4e70d3c,0.053,,,
5480,2026-07-28,SZ003816,0.012179210421672665,EXP_LGBModel_Alpha158_csi300_custom_step0_s_20260728_15,f25b91e278dd40be81aff92ff4e70d3c,0.053,,,
5481,2026-07-28,SZ002938,0.01897115867065592,EXP_LGBModel_Alpha158_csi300_custom_step0_s_20260728_15,f25b91e278dd40be81aff92ff4e70d3c,0.053,,,
5482,2026-07-28,SZ002920,-0.00826977274526323,EXP_LGBModel_Alpha158_csi300_custom_step0_s_20260728_15,f25b91e278dd40be81aff92ff4e70d3c,0.053,,,
5483,2026-07-28,SZ002916,0.012514146249535769,EXP_LGBModel_Alpha158_csi300_custom_step0_s_20260728_15,f25b91e278dd40be81aff92ff4e70d3c,0.053,,,
5484,2026-07-28,SZ002837,0.0031587374722183105,EXP_LGBModel_Alpha158_csi300_custom_step0_s_20260728_15,f25b91e278dd40be81aff92ff4e70d3c,0.053,,,
5485,2026-07-28,SZ002736,0.0334803993216091,EXP_LGBModel_Alpha158_csi300_custom_step0_s_20260728_15,f25b91e278dd40be81aff92ff4e70d3c,0.053,,,
5486,2026-07-28,SZ300033,0.001817718216367831,EXP_LGBModel_Alpha158_csi300_custom_step0_s_20260728_15,f25b91e278dd40be81aff92ff4e70d3c,0.053,,,
5487,2026-07-28,SZ002714,-0.007208810543307239,EXP_LGBModel_Alpha158_csi300_custom_step0_s_20260728_15,f25b91e278dd40be81aff92ff4e70d3c,0.053,,,
5488,2026-07-28,SZ002648,-0.01950293062426291,EXP_LGBModel_Alpha158_csi300_custom_step0_s_20260728_15,f25b91e278dd40be81aff92ff4e70d3c,0.053,,,
5489,2026-07-28,SZ002625,-0.004517074208053159,EXP_LGBModel_Alpha158_csi300_custom_step0_s_20260728_15,f25b91e278dd40be81aff92ff4e70d3c,0.053,,,
5490,2026-07-28,SZ002602,-0.005577182540856888,EXP_LGBModel_Alpha158_csi300_custom_step0_s_20260728_15,f25b91e278dd40be81aff92ff4e70d3c,0.053,,,
5491,2026-07-28,SZ002600,0.022042628547232906,EXP_LGBModel_Alpha158_csi300_custom_step0_s_20260728_15,f25b91e278dd40be81aff92ff4e70d3c,0.053,,,
5492,2026-07-28,SZ002594,-0.0021601582897543678,EXP_LGBModel_Alpha158_csi300_custom_step0_s_20260728_15,f25b91e278dd40be81aff92ff4e70d3c,0.053,,,
5493,2026-07-28,SZ002558,0.023000504025622606,EXP_LGBModel_Alpha158_csi300_custom_step0_s_20260728_15,f25b91e278dd40be81aff92ff4e70d3c,0.053,,,
5494,2026-07-28,SZ002532,-0.020742331666305104,EXP_LGBModel_Alpha158_csi300_custom_step0_s_20260728_15,f25b91e278dd40be81aff92ff4e70d3c,0.053,,,
5495,2026-07-28,SZ002493,-0.03863262609649263,EXP_LGBModel_Alpha158_csi300_custom_step0_s_20260728_15,f25b91e278dd40be81aff92ff4e70d3c,0.053,,,
5496,2026-07-28,SZ002709,0.05168813637549556,EXP_LGBModel_Alpha158_csi300_custom_step0_s_20260728_15,f25b91e278dd40be81aff92ff4e70d3c,0.053,,,
5497,2026-07-28,SZ300059,-0.004188593823863825,EXP_LGBModel_Alpha158_csi300_custom_step0_s_20260728_15,f25b91e278dd40be81aff92ff4e70d3c,0.053,,,
5498,2026-07-28,SZ300122,-0.020973535956525298,EXP_LGBModel_Alpha158_csi300_custom_step0_s_20260728_15,f25b91e278dd40be81aff92ff4e70d3c,0.053,,,
5499,2026-07-28,SZ300124,-0.011938564226145996,EXP_LGBModel_Alpha158_csi300_custom_step0_s_20260728_15,f25b91e278dd40be81aff92ff4e70d3c,0.053,,,
5500,2026-07-28,SZ300803,0.017651871556860446,EXP_LGBModel_Alpha158_csi300_custom_step0_s_20260728_15,f25b91e278dd40be81aff92ff4e70d3c,0.053,,,
5501,2026-07-28,SZ300760,-0.006348442387918651,EXP_LGBModel_Alpha158_csi300_custom_step0_s_20260728_15,f25b91e278dd40be81aff92ff4e70d3c,0.053,,,
5502,2026-07-28,SZ300750,0.037420712760448324,EXP_LGBModel_Alpha158_csi300_custom_step0_s_20260728_15,f25b91e278dd40be81aff92ff4e70d3c,0.053,,,
5503,2026-07-28,SZ300661,0.0034910274435306847,EXP_LGBModel_Alpha158_csi300_custom_step0_s_20260728_15,f25b91e278dd40be81aff92ff4e70d3c,0.053,,,
5504,2026-07-28,SZ300628,-0.013454124611092518,EXP_LGBModel_Alpha158_csi300_custom_step0_s_20260728_15,f25b91e278dd40be81aff92ff4e70d3c,0.053,,,
5505,2026-07-28,SZ300502,0.0003548373069342135,EXP_LGBModel_Alpha158_csi300_custom_step0_s_20260728_15,f25b91e278dd40be81aff92ff4e70d3c,0.053,,,
5506,2026-07-28,SZ300498,-0.0066736569140915195,EXP_LGBModel_Alpha158_csi300_custom_step0_s_20260728_15,f25b91e278dd40be81aff92ff4e70d3c,0.053,,,
5507,2026-07-28,SZ300476,0.0027650533528534096,EXP_LGBModel_Alpha158_csi300_custom_step0_s_20260728_15,f25b91e278dd40be81aff92ff4e70d3c,0.053,,,
5508,2026-07-28,SZ300450,0.04579613358669986,EXP_LGBModel_Alpha158_csi300_custom_step0_s_20260728_15,f25b91e278dd40be81aff92ff4e70d3c,0.053,,,
5509,2026-07-28,SZ300442,0.0192278161333596,EXP_LGBModel_Alpha158_csi300_custom_step0_s_20260728_15,f25b91e278dd40be81aff92ff4e70d3c,0.053,,,
5510,2026-07-28,SZ300433,0.013725738311444993,EXP_LGBModel_Alpha158_csi300_custom_step0_s_20260728_15,f25b91e278dd40be81aff92ff4e70d3c,0.053,,,
5511,2026-07-28,SZ300418,0.014710431014412547,EXP_LGBModel_Alpha158_csi300_custom_step0_s_20260728_15,f25b91e278dd40be81aff92ff4e70d3c,0.053,,,
5512,2026-07-28,SZ300413,-0.0019304795170388932,EXP_LGBModel_Alpha158_csi300_custom_step0_s_20260728_15,f25b91e278dd40be81aff92ff4e70d3c,0.053,,,
5513,2026-07-28,SZ300408,0.02083802118482542,EXP_LGBModel_Alpha158_csi300_custom_step0_s_20260728_15,f25b91e278dd40be81aff92ff4e70d3c,0.053,,,
5514,2026-07-28,SZ300394,-0.00012731163100673923,EXP_LGBModel_Alpha158_csi300_custom_step0_s_20260728_15,f25b91e278dd40be81aff92ff4e70d3c,0.053,,,
5515,2026-07-28,SZ300316,0.022069128116896874,EXP_LGBModel_Alpha158_csi300_custom_step0_s_20260728_15,f25b91e278dd40be81aff92ff4e70d3c,0.053,,,
5516,2026-07-28,SZ300308,0.0038896679540274142,EXP_LGBModel_Alpha158_csi300_custom_step0_s_20260728_15,f25b91e278dd40be81aff92ff4e70d3c,0.053,,,
5517,2026-07-28,SZ300274,0.016957770220327028,EXP_LGBModel_Alpha158_csi300_custom_step0_s_20260728_15,f25b91e278dd40be81aff92ff4e70d3c,0.053,,,
5518,2026-07-28,SZ300251,-0.009152799722370122,EXP_LGBModel_Alpha158_csi300_custom_step0_s_20260728_15,f25b91e278dd40be81aff92ff4e70d3c,0.053,,,
5519,2026-07-28,SZ002466,0.05165999240913293,EXP_LGBModel_Alpha158_csi300_custom_step0_s_20260728_15,f25b91e278dd40be81aff92ff4e70d3c,0.053,,,
5520,2026-07-28,SH603296,0.024359856535533724,EXP_LGBModel_Alpha158_csi300_custom_step0_s_20260728_15,f25b91e278dd40be81aff92ff4e70d3c,0.053,,,
5521,2026-07-28,SH603288,-0.03334040000332296,EXP_LGBModel_Alpha158_csi300_custom_step0_s_20260728_15,f25b91e278dd40be81aff92ff4e70d3c,0.053,,,
5522,2026-07-28,SH603260,-0.0016888150705692347,EXP_LGBModel_Alpha158_csi300_custom_step0_s_20260728_15,f25b91e278dd40be81aff92ff4e70d3c,0.053,,,
5523,2026-07-28,SH600426,0.0003117103517556927,EXP_LGBModel_Alpha158_csi300_custom_step0_s_20260728_15,f25b91e278dd40be81aff92ff4e70d3c,0.053,,,
5524,2026-07-28,SH600415,-0.0045195445361611115,EXP_LGBModel_Alpha158_csi300_custom_step0_s_20260728_15,f25b91e278dd40be81aff92ff4e70d3c,0.053,,,
5525,2026-07-28,SH600406,0.015061755289967515,EXP_LGBModel_Alpha158_csi300_custom_step0_s_20260728_15,f25b91e278dd40be81aff92ff4e70d3c,0.053,,,
5526,2026-07-28,SH600372,0.04359175087793503,EXP_LGBModel_Alpha158_csi300_custom_step0_s_20260728_15,f25b91e278dd40be81aff92ff4e70d3c,0.053,,,
5527,2026-07-28,SH600362,-0.0004238850839725119,EXP_LGBModel_Alpha158_csi300_custom_step0_s_20260728_15,f25b91e278dd40be81aff92ff4e70d3c,0.053,,,
5528,2026-07-28,SH600346,-0.00729940443442286,EXP_LGBModel_Alpha158_csi300_custom_step0_s_20260728_15,f25b91e278dd40be81aff92ff4e70d3c,0.053,,,
5529,2026-07-28,SH600309,-0.08750689370856934,EXP_LGBModel_Alpha158_csi300_custom_step0_s_20260728_15,f25b91e278dd40be81aff92ff4e70d3c,0.053,,,
5530,2026-07-28,SH600276,-0.024257228177108715,EXP_LGBModel_Alpha158_csi300_custom_step0_s_20260728_15,f25b91e278dd40be81aff92ff4e70d3c,0.053,,,
5531,2026-07-28,SH600436,-0.006220273897977749,EXP_LGBModel_Alpha158_csi300_custom_step0_s_20260728_15,f25b91e278dd40be81aff92ff4e70d3c,0.053,,,
5532,2026-07-28,SH600233,-0.044941787762092865,EXP_LGBModel_Alpha158_csi300_custom_step0_s_20260728_15,f25b91e278dd40be81aff92ff4e70d3c,0.053,,,
5533,2026-07-28,SH600219,-0.10569413225496578,EXP_LGBModel_Alpha158_csi300_custom_step0_s_20260728_15,f25b91e278dd40be81aff92ff4e70d3c,0.053,,,
5534,2026-07-28,SH600196,-0.009026681278743462,EXP_LGBModel_Alpha158_csi300_custom_step0_s_20260728_15,f25b91e278dd40be81aff92ff4e70d3c,0.053,,,
5535,2026-07-28,SH600188,-0.04332189868443126,EXP_LGBModel_Alpha158_csi300_custom_step0_s_20260728_15,f25b91e278dd40be81aff92ff4e70d3c,0.053,,,
5536,2026-07-28,SH600183,0.039054461640844,EXP_LGBModel_Alpha158_csi300_custom_step0_s_20260728_15,f25b91e278dd40be81aff92ff4e70d3c,0.053,,,
5537,2026-07-28,SH600176,0.019278448178942496,EXP_LGBModel_Alpha158_csi300_custom_step0_s_20260728_15,f25b91e278dd40be81aff92ff4e70d3c,0.053,,,
5538,2026-07-28,SH600160,0.056077332340920834,EXP_LGBModel_Alpha158_csi300_custom_step0_s_20260728_15,f25b91e278dd40be81aff92ff4e70d3c,0.053,,,
5539,2026-07-28,SH600150,-0.006201090901139717,EXP_LGBModel_Alpha158_csi300_custom_step0_s_20260728_15,f25b91e278dd40be81aff92ff4e70d3c,0.053,,,
5540,2026-07-28,SH600118,0.03057253342934983,EXP_LGBModel_Alpha158_csi300_custom_step0_s_20260728_15,f25b91e278dd40be81aff92ff4e70d3c,0.053,,,
5541,2026-07-28,SH600221,-0.0024198043551297635,EXP_LGBModel_Alpha158_csi300_custom_step0_s_20260728_15,f25b91e278dd40be81aff92ff4e70d3c,0.053,,,
5542,2026-07-28,SH600115,0.001067085087431449,EXP_LGBModel_Alpha158_csi300_custom_step0_s_20260728_15,f25b91e278dd40be81aff92ff4e70d3c,0.053,,,
5543,2026-07-28,SH600438,-0.01570953341160167,EXP_LGBModel_Alpha158_csi300_custom_step0_s_20260728_15,f25b91e278dd40be81aff92ff4e70d3c,0.053,,,
5544,2026-07-28,SH600482,-0.03024883139062929,EXP_LGBModel_Alpha158_csi300_custom_step0_s_20260728_15,f25b91e278dd40be81aff92ff4e70d3c,0.053,,,
5545,2026-07-28,SH600803,0.002830638117443113,EXP_LGBModel_Alpha158_csi300_custom_step0_s_20260728_15,f25b91e278dd40be81aff92ff4e70d3c,0.053,,,
5546,2026-07-28,SH600795,0.018396509149438377,EXP_LGBModel_Alpha158_csi300_custom_step0_s_20260728_15,f25b91e278dd40be81aff92ff4e70d3c,0.053,,,
5547,2026-07-28,SH600760,-0.08663058836432404,EXP_LGBModel_Alpha158_csi300_custom_step0_s_20260728_15,f25b91e278dd40be81aff92ff4e70d3c,0.053,,,
5548,2026-07-28,SH600741,-0.004865456140291061,EXP_LGBModel_Alpha158_csi300_custom_step0_s_20260728_15,f25b91e278dd40be81aff92ff4e70d3c,0.053,,,
5549,2026-07-28,SH600690,0.00908357922941002,EXP_LGBModel_Alpha158_csi300_custom_step0_s_20260728_15,f25b91e278dd40be81aff92ff4e70d3c,0.053,,,
5550,2026-07-28,SH600674,0.019735383305027613,EXP_LGBModel_Alpha158_csi300_custom_step0_s_20260728_15,f25b91e278dd40be81aff92ff4e70d3c,0.053,,,
5551,2026-07-28,SH600660,-0.010498903975345102,EXP_LGBModel_Alpha158_csi300_custom_step0_s_20260728_15,f25b91e278dd40be81aff92ff4e70d3c,0.053,,,
5552,2026-07-28,SH600600,0.00491780939686867,EXP_LGBModel_Alpha158_csi300_custom_step0_s_20260728_15,f25b91e278dd40be81aff92ff4e70d3c,0.053,,,
5553,2026-07-28,SH600460,0.017408347361468762,EXP_LGBModel_Alpha158_csi300_custom_step0_s_20260728_15,f25b91e278dd40be81aff92ff4e70d3c,0.053,,,
5554,2026-07-28,SH600588,-0.00767558405227147,EXP_LGBModel_Alpha158_csi300_custom_step0_s_20260728_15,f25b91e278dd40be81aff92ff4e70d3c,0.053,,,
5555,2026-07-28,SH600584,0.025167764935623727,EXP_LGBModel_Alpha158_csi300_custom_step0_s_20260728_15,f25b91e278dd40be81aff92ff4e70d3c,0.053,,,
5556,2026-07-28,SH600570,-0.004782244778336911,EXP_LGBModel_Alpha158_csi300_custom_step0_s_20260728_15,f25b91e278dd40be81aff92ff4e70d3c,0.053,,,
5557,2026-07-28,SH600549,0.002891671690471518,EXP_LGBModel_Alpha158_csi300_custom_step0_s_20260728_15,f25b91e278dd40be81aff92ff4e70d3c,0.053,,,
5558,2026-07-28,SH600547,-0.031311710214530844,EXP_LGBModel_Alpha158_csi300_custom_step0_s_20260728_15,f25b91e278dd40be81aff92ff4e70d3c,0.053,,,
5559,2026-07-28,SH600522,0.012968152259679611,EXP_LGBModel_Alpha158_csi300_custom_step0_s_20260728_15,f25b91e278dd40be81aff92ff4e70d3c,0.053,,,
5560,2026-07-28,SH600519,-0.002042755329515268,EXP_LGBModel_Alpha158_csi300_custom_step0_s_20260728_15,f25b91e278dd40be81aff92ff4e70d3c,0.053,,,
5561,2026-07-28,SH600515,0.0317526105566818,EXP_LGBModel_Alpha158_csi300_custom_step0_s_20260728_15,f25b91e278dd40be81aff92ff4e70d3c,0.053,,,
5562,2026-07-28,SH600489,-0.06071423183579432,EXP_LGBModel_Alpha158_csi300_custom_step0_s_20260728_15,f25b91e278dd40be81aff92ff4e70d3c,0.053,,,
5563,2026-07-28,SH600585,-0.005892600018591617,EXP_LGBModel_Alpha158_csi300_custom_step0_s_20260728_15,f25b91e278dd40be81aff92ff4e70d3c,0.053,,,
5564,2026-07-28,SH600111,0.011980221918402494,EXP_LGBModel_Alpha158_csi300_custom_step0_s_20260728_15,f25b91e278dd40be81aff92ff4e70d3c,0.053,,,
5565,2026-07-28,SH600104,-0.0011866238391664097,EXP_LGBModel_Alpha158_csi300_custom_step0_s_20260728_15,f25b91e278dd40be81aff92ff4e70d3c,0.053,,,
5566,2026-07-28,SH600089,-0.015078292562236695,EXP_LGBModel_Alpha158_csi300_custom_step0_s_20260728_15,f25b91e278dd40be81aff92ff4e70d3c,0.053,,,
5567,2026-07-28,SZ302132,-0.08779155476906093,EXP_LGBModel_Alpha158_csi300_custom_step0_s_20260728_15,28fd8d7b5d7048f1a82f709a42a7ce19,0.046,,,
5568,2026-07-28,SZ301308,0.0589551464600434,EXP_LGBModel_Alpha158_csi300_custom_step0_s_20260728_15,28fd8d7b5d7048f1a82f709a42a7ce19,0.046,,,
5569,2026-07-28,SZ301269,0.04053216923616264,EXP_LGBModel_Alpha158_csi300_custom_step0_s_20260728_15,28fd8d7b5d7048f1a82f709a42a7ce19,0.046,,,
5570,2026-07-28,SZ301236,-0.009811580368860755,EXP_LGBModel_Alpha158_csi300_custom_step0_s_20260728_15,28fd8d7b5d7048f1a82f709a42a7ce19,0.046,,,
5571,2026-07-28,SZ301165,0.04876619448794538,EXP_LGBModel_Alpha158_csi300_custom_step0_s_20260728_15,28fd8d7b5d7048f1a82f709a42a7ce19,0.046,,,
5572,2026-07-28,SZ300999,-0.015152225534466256,EXP_LGBModel_Alpha158_csi300_custom_step0_s_20260728_15,28fd8d7b5d7048f1a82f709a42a7ce19,0.046,,,
5573,2026-07-28,SZ300896,-0.05429613238236625,EXP_LGBModel_Alpha158_csi300_custom_step0_s_20260728_15,28fd8d7b5d7048f1a82f709a42a7ce19,0.046,,,
5574,2026-07-28,SZ300866,-0.02278194179973031,EXP_LGBModel_Alpha158_csi300_custom_step0_s_20260728_15,28fd8d7b5d7048f1a82f709a42a7ce19,0.046,,,
5575,2026-07-28,SH600000,0.010467810675486192,EXP_LGBModel_Alpha158_csi300_custom_step0_s_20260728_15,f25b91e278dd40be81aff92ff4e70d3c,0.053,,,
5576,2026-07-28,SZ300832,0.019166845024761122,EXP_LGBModel_Alpha158_csi300_custom_step0_s_20260728_15,28fd8d7b5d7048f1a82f709a42a7ce19,0.046,,,
5577,2026-07-28,SZ300760,-0.015989513746257827,EXP_LGBModel_Alpha158_csi300_custom_step0_s_20260728_15,28fd8d7b5d7048f1a82f709a42a7ce19,0.046,,,
5578,2026-07-28,SZ300750,0.07297111522279741,EXP_LGBModel_Alpha158_csi300_custom_step0_s_20260728_15,28fd8d7b5d7048f1a82f709a42a7ce19,0.046,,,
5579,2026-07-28,SZ300661,0.053107745799800356,EXP_LGBModel_Alpha158_csi300_custom_step0_s_20260728_15,28fd8d7b5d7048f1a82f709a42a7ce19,0.046,,,
5580,2026-07-28,SZ300628,-0.0004512559036511598,EXP_LGBModel_Alpha158_csi300_custom_step0_s_20260728_15,28fd8d7b5d7048f1a82f709a42a7ce19,0.046,,,
5581,2026-07-28,SZ300502,0.041133442705239054,EXP_LGBModel_Alpha158_csi300_custom_step0_s_20260728_15,28fd8d7b5d7048f1a82f709a42a7ce19,0.046,,,
5582,2026-07-28,SZ300498,-0.04067696899460696,EXP_LGBModel_Alpha158_csi300_custom_step0_s_20260728_15,28fd8d7b5d7048f1a82f709a42a7ce19,0.046,,,
5583,2026-07-28,SZ300476,0.06695119292110338,EXP_LGBModel_Alpha158_csi300_custom_step0_s_20260728_15,28fd8d7b5d7048f1a82f709a42a7ce19,0.046,,,
5584,2026-07-28,SZ300450,0.07677667852223852,EXP_LGBModel_Alpha158_csi300_custom_step0_s_20260728_15,28fd8d7b5d7048f1a82f709a42a7ce19,0.046,,,
5585,2026-07-28,SZ300803,0.01596856113238415,EXP_LGBModel_Alpha158_csi300_custom_step0_s_20260728_15,28fd8d7b5d7048f1a82f709a42a7ce19,0.046,,,
5586,2026-07-28,SH600009,0.013285025758636588,EXP_LGBModel_Alpha158_csi300_custom_step0_s_20260728_15,f25b91e278dd40be81aff92ff4e70d3c,0.053,,,
5587,2026-07-28,SH600010,-0.0058742565340504805,EXP_LGBModel_Alpha158_csi300_custom_step0_s_20260728_15,f25b91e278dd40be81aff92ff4e70d3c,0.053,,,
5588,2026-07-28,SH600011,-0.008094700196883587,EXP_LGBModel_Alpha158_csi300_custom_step0_s_20260728_15,f25b91e278dd40be81aff92ff4e70d3c,0.053,,,
5589,2026-07-28,SH600085,-0.007995372023320166,EXP_LGBModel_Alpha158_csi300_custom_step0_s_20260728_15,f25b91e278dd40be81aff92ff4e70d3c,0.053,,,
5590,2026-07-28,SH600066,-0.060894911764420516,EXP_LGBModel_Alpha158_csi300_custom_step0_s_20260728_15,f25b91e278dd40be81aff92ff4e70d3c,0.053,,,
5591,2026-07-28,SH600061,0.019251140422766606,EXP_LGBModel_Alpha158_csi300_custom_step0_s_20260728_15,f25b91e278dd40be81aff92ff4e70d3c,0.053,,,
5592,2026-07-28,SH600050,-0.0208008165701025,EXP_LGBModel_Alpha158_csi300_custom_step0_s_20260728_15,f25b91e278dd40be81aff92ff4e70d3c,0.053,,,
5593,2026-07-28,SH600048,0.00033365508605810197,EXP_LGBModel_Alpha158_csi300_custom_step0_s_20260728_15,f25b91e278dd40be81aff92ff4e70d3c,0.053,,,
5594,2026-07-28,SH600039,0.011276018443238596,EXP_LGBModel_Alpha158_csi300_custom_step0_s_20260728_15,f25b91e278dd40be81aff92ff4e70d3c,0.053,,,
5595,2026-07-28,SH600036,0.009466339210442258,EXP_LGBModel_Alpha158_csi300_custom_step0_s_20260728_15,f25b91e278dd40be81aff92ff4e70d3c,0.053,,,
5596,2026-07-28,SH600031,-0.004342531735233776,EXP_LGBModel_Alpha158_csi300_custom_step0_s_20260728_15,f25b91e278dd40be81aff92ff4e70d3c,0.053,,,
5597,2026-07-28,SH600030,-0.019899473633166298,EXP_LGBModel_Alpha158_csi300_custom_step0_s_20260728_15,f25b91e278dd40be81aff92ff4e70d3c,0.053,,,
5598,2026-07-28,SH600029,0.0004493677037072053,EXP_LGBModel_Alpha158_csi300_custom_step0_s_20260728_15,f25b91e278dd40be81aff92ff4e70d3c,0.053,,,
5599,2026-07-28,SH600028,-0.023351639382318726,EXP_LGBModel_Alpha158_csi300_custom_step0_s_20260728_15,f25b91e278dd40be81aff92ff4e70d3c,0.053,,,
5600,2026-07-28,SH600027,0.003089793295191061,EXP_LGBModel_Alpha158_csi300_custom_step0_s_20260728_15,f25b91e278dd40be81aff92ff4e70d3c,0.053,,,
5601,2026-07-28,SH600026,0.009150136228421557,EXP_LGBModel_Alpha158_csi300_custom_step0_s_20260728_15,f25b91e278dd40be81aff92ff4e70d3c,0.053,,,
5602,2026-07-28,SH600025,0.00128695449259131,EXP_LGBModel_Alpha158_csi300_custom_step0_s_20260728_15,f25b91e278dd40be81aff92ff4e70d3c,0.053,,,
5603,2026-07-28,SH600023,0.007336512212124547,EXP_LGBModel_Alpha158_csi300_custom_step0_s_20260728_15,f25b91e278dd40be81aff92ff4e70d3c,0.053,,,
5604,2026-07-28,SH600019,0.018670358299886683,EXP_LGBModel_Alpha158_csi300_custom_step0_s_20260728_15,f25b91e278dd40be81aff92ff4e70d3c,0.053,,,
5605,2026-07-28,SH600018,0.010556961666992909,EXP_LGBModel_Alpha158_csi300_custom_step0_s_20260728_15,f25b91e278dd40be81aff92ff4e70d3c,0.053,,,
5606,2026-07-28,SH600016,0.017465895474757166,EXP_LGBModel_Alpha158_csi300_custom_step0_s_20260728_15,f25b91e278dd40be81aff92ff4e70d3c,0.053,,,
5607,2026-07-28,SH600015,0.0185605833773924,EXP_LGBModel_Alpha158_csi300_custom_step0_s_20260728_15,f25b91e278dd40be81aff92ff4e70d3c,0.053,,,
5608,2026-07-28,SH600809,-0.0846688258452548,EXP_LGBModel_Alpha158_csi300_custom_step0_s_20260728_15,f25b91e278dd40be81aff92ff4e70d3c,0.053,,,
5609,2026-07-28,SH600845,0.014113941342037644,EXP_LGBModel_Alpha158_csi300_custom_step0_s_20260728_15,f25b91e278dd40be81aff92ff4e70d3c,0.053,,,
5610,2026-07-28,SH600875,-0.01227652318440266,EXP_LGBModel_Alpha158_csi300_custom_step0_s_20260728_15,f25b91e278dd40be81aff92ff4e70d3c,0.053,,,
5611,2026-07-28,SH600886,0.012351148927428949,EXP_LGBModel_Alpha158_csi300_custom_step0_s_20260728_15,f25b91e278dd40be81aff92ff4e70d3c,0.053,,,
5612,2026-07-28,SH601800,0.007159388371719947,EXP_LGBModel_Alpha158_csi300_custom_step0_s_20260728_15,f25b91e278dd40be81aff92ff4e70d3c,0.053,,,
5613,2026-07-28,SH601788,0.03405685788530671,EXP_LGBModel_Alpha158_csi300_custom_step0_s_20260728_15,f25b91e278dd40be81aff92ff4e70d3c,0.053,,,
5614,2026-07-28,SH601766,-0.03372438548675443,EXP_LGBModel_Alpha158_csi300_custom_step0_s_20260728_15,f25b91e278dd40be81aff92ff4e70d3c,0.053,,,
5615,2026-07-28,SH601728,-0.06651249956688213,EXP_LGBModel_Alpha158_csi300_custom_step0_s_20260728_15,f25b91e278dd40be81aff92ff4e70d3c,0.053,,,
5616,2026-07-28,SH601727,0.031687278970022055,EXP_LGBModel_Alpha158_csi300_custom_step0_s_20260728_15,f25b91e278dd40be81aff92ff4e70d3c,0.053,,,
5617,2026-07-28,SH601698,-0.003115962602566367,EXP_LGBModel_Alpha158_csi300_custom_step0_s_20260728_15,f25b91e278dd40be81aff92ff4e70d3c,0.053,,,
5618,2026-07-28,SH601689,0.03463855305285132,EXP_LGBModel_Alpha158_csi300_custom_step0_s_20260728_15,f25b91e278dd40be81aff92ff4e70d3c,0.053,,,
5619,2026-07-28,SH601688,-0.00585137047898584,EXP_LGBModel_Alpha158_csi300_custom_step0_s_20260728_15,f25b91e278dd40be81aff92ff4e70d3c,0.053,,,
5620,2026-07-28,SH601816,-0.019269179529518114,EXP_LGBModel_Alpha158_csi300_custom_step0_s_20260728_15,f25b91e278dd40be81aff92ff4e70d3c,0.053,,,
5621,2026-07-28,SH601669,-0.0061479333662364565,EXP_LGBModel_Alpha158_csi300_custom_step0_s_20260728_15,f25b91e278dd40be81aff92ff4e70d3c,0.053,,,
5622,2026-07-28,SH601658,0.012880482862430463,EXP_LGBModel_Alpha158_csi300_custom_step0_s_20260728_15,f25b91e278dd40be81aff92ff4e70d3c,0.053,,,
5623,2026-07-28,SH601633,-0.01070012859655077,EXP_LGBModel_Alpha158_csi300_custom_step0_s_20260728_15,f25b91e278dd40be81aff92ff4e70d3c,0.053,,,
5624,2026-07-28,SH601628,-0.0039555645531481436,EXP_LGBModel_Alpha158_csi300_custom_step0_s_20260728_15,f25b91e278dd40be81aff92ff4e70d3c,0.053,,,
5625,2026-07-28,SH601618,0.01449413616822287,EXP_LGBModel_Alpha158_csi300_custom_step0_s_20260728_15,f25b91e278dd40be81aff92ff4e70d3c,0.053,,,
5626,2026-07-28,SH601607,0.002893295409074144,EXP_LGBModel_Alpha158_csi300_custom_step0_s_20260728_15,f25b91e278dd40be81aff92ff4e70d3c,0.053,,,
5627,2026-07-28,SH601601,0.0025692100321279936,EXP_LGBModel_Alpha158_csi300_custom_step0_s_20260728_15,f25b91e278dd40be81aff92ff4e70d3c,0.053,,,
5628,2026-07-28,SH601600,-0.07550157842107423,EXP_LGBModel_Alpha158_csi300_custom_step0_s_20260728_15,f25b91e278dd40be81aff92ff4e70d3c,0.053,,,
5629,2026-07-28,SH601456,0.024571320702758578,EXP_LGBModel_Alpha158_csi300_custom_step0_s_20260728_15,f25b91e278dd40be81aff92ff4e70d3c,0.053,,,
5630,2026-07-28,SH601668,-0.03315889671830234,EXP_LGBModel_Alpha158_csi300_custom_step0_s_20260728_15,f25b91e278dd40be81aff92ff4e70d3c,0.053,,,
5631,2026-07-28,SH601818,0.023234186270417238,EXP_LGBModel_Alpha158_csi300_custom_step0_s_20260728_15,f25b91e278dd40be81aff92ff4e70d3c,0.053,,,
5632,2026-07-28,SH601825,0.016893373691621714,EXP_LGBModel_Alpha158_csi300_custom_step0_s_20260728_15,f25b91e278dd40be81aff92ff4e70d3c,0.053,,,
5633,2026-07-28,SH601838,0.027835657029541265,EXP_LGBModel_Alpha158_csi300_custom_step0_s_20260728_15,f25b91e278dd40be81aff92ff4e70d3c,0.053,,,
5634,2026-07-28,SH603259,-0.001650181392024982,EXP_LGBModel_Alpha158_csi300_custom_step0_s_20260728_15,f25b91e278dd40be81aff92ff4e70d3c,0.053,,,
5635,2026-07-28,SH603019,0.001287487541864109,EXP_LGBModel_Alpha158_csi300_custom_step0_s_20260728_15,f25b91e278dd40be81aff92ff4e70d3c,0.053,,,
5636,2026-07-28,SH601998,0.00464669374917467,EXP_LGBModel_Alpha158_csi300_custom_step0_s_20260728_15,f25b91e278dd40be81aff92ff4e70d3c,0.053,,,
5637,2026-07-28,SH601995,0.017314359140732358,EXP_LGBModel_Alpha158_csi300_custom_step0_s_20260728_15,f25b91e278dd40be81aff92ff4e70d3c,0.053,,,
5638,2026-07-28,SH601988,0.015470315068137917,EXP_LGBModel_Alpha158_csi300_custom_step0_s_20260728_15,f25b91e278dd40be81aff92ff4e70d3c,0.053,,,
5639,2026-07-28,SH601985,0.03246826168862033,EXP_LGBModel_Alpha158_csi300_custom_step0_s_20260728_15,f25b91e278dd40be81aff92ff4e70d3c,0.053,,,
5640,2026-07-28,SH601939,0.01621096476810359,EXP_LGBModel_Alpha158_csi300_custom_step0_s_20260728_15,f25b91e278dd40be81aff92ff4e70d3c,0.053,,,
5641,2026-07-28,SH601919,-0.00027589801893317947,EXP_LGBModel_Alpha158_csi300_custom_step0_s_20260728_15,f25b91e278dd40be81aff92ff4e70d3c,0.053,,,
5642,2026-07-28,SH601916,0.01940866554040558,EXP_LGBModel_Alpha158_csi300_custom_step0_s_20260728_15,f25b91e278dd40be81aff92ff4e70d3c,0.053,,,
5643,2026-07-28,SH601901,0.0029110966572768278,EXP_LGBModel_Alpha158_csi300_custom_step0_s_20260728_15,f25b91e278dd40be81aff92ff4e70d3c,0.053,,,
5644,2026-07-28,SH601899,-0.025269538703836525,EXP_LGBModel_Alpha158_csi300_custom_step0_s_20260728_15,f25b91e278dd40be81aff92ff4e70d3c,0.053,,,
5645,2026-07-28,SH601898,-0.09311308120060913,EXP_LGBModel_Alpha158_csi300_custom_step0_s_20260728_15,f25b91e278dd40be81aff92ff4e70d3c,0.053,,,
5646,2026-07-28,SH601888,-0.0077787813688053814,EXP_LGBModel_Alpha158_csi300_custom_step0_s_20260728_15,f25b91e278dd40be81aff92ff4e70d3c,0.053,,,
5647,2026-07-28,SH601881,0.0028818086964773125,EXP_LGBModel_Alpha158_csi300_custom_step0_s_20260728_15,f25b91e278dd40be81aff92ff4e70d3c,0.053,,,
5648,2026-07-28,SH601878,0.013656495609912684,EXP_LGBModel_Alpha158_csi300_custom_step0_s_20260728_15,f25b91e278dd40be81aff92ff4e70d3c,0.053,,,
5649,2026-07-28,SH601877,-0.011329336522600734,EXP_LGBModel_Alpha158_csi300_custom_step0_s_20260728_15,f25b91e278dd40be81aff92ff4e70d3c,0.053,,,
5650,2026-07-28,SH601872,-0.11467072120982265,EXP_LGBModel_Alpha158_csi300_custom_step0_s_20260728_15,f25b91e278dd40be81aff92ff4e70d3c,0.053,,,
5651,2026-07-28,SH601868,-0.0005338621623415956,EXP_LGBModel_Alpha158_csi300_custom_step0_s_20260728_15,f25b91e278dd40be81aff92ff4e70d3c,0.053,,,
5652,2026-07-28,SH601857,-0.11328819532742403,EXP_LGBModel_Alpha158_csi300_custom_step0_s_20260728_15,f25b91e278dd40be81aff92ff4e70d3c,0.053,,,
5653,2026-07-28,SH601398,0.0066378215080251275,EXP_LGBModel_Alpha158_csi300_custom_step0_s_20260728_15,f25b91e278dd40be81aff92ff4e70d3c,0.053,,,
5654,2026-07-28,SH600233,-0.06176547304167802,EXP_LGBModel_Alpha158_csi300_custom_step0_s_20260728_15,ef8308ec3071412bb08f1568539cf83c,0.06,,,
5655,2026-07-28,SH601390,0.0020695652149425093,EXP_LGBModel_Alpha158_csi300_custom_step0_s_20260728_15,f25b91e278dd40be81aff92ff4e70d3c,0.053,,,
5656,2026-07-28,SH601360,-0.011248227471956725,EXP_LGBModel_Alpha158_csi300_custom_step0_s_20260728_15,f25b91e278dd40be81aff92ff4e70d3c,0.053,,,
5657,2026-07-28,SH601021,0.03654628749639386,EXP_LGBModel_Alpha158_csi300_custom_step0_s_20260728_15,f25b91e278dd40be81aff92ff4e70d3c,0.053,,,
5658,2026-07-28,SH601018,0.007885719383039527,EXP_LGBModel_Alpha158_csi300_custom_step0_s_20260728_15,f25b91e278dd40be81aff92ff4e70d3c,0.053,,,
5659,2026-07-28,SH601012,-0.00612563041983554,EXP_LGBModel_Alpha158_csi300_custom_step0_s_20260728_15,f25b91e278dd40be81aff92ff4e70d3c,0.053,,,
5660,2026-07-28,SH601009,0.013303061580417984,EXP_LGBModel_Alpha158_csi300_custom_step0_s_20260728_15,f25b91e278dd40be81aff92ff4e70d3c,0.053,,,
5661,2026-07-28,SH601006,-0.00637852819870109,EXP_LGBModel_Alpha158_csi300_custom_step0_s_20260728_15,f25b91e278dd40be81aff92ff4e70d3c,0.053,,,
5662,2026-07-28,SH600999,0.053162309004379,EXP_LGBModel_Alpha158_csi300_custom_step0_s_20260728_15,f25b91e278dd40be81aff92ff4e70d3c,0.053,,,
5663,2026-07-28,SH600989,0.015805962122840477,EXP_LGBModel_Alpha158_csi300_custom_step0_s_20260728_15,f25b91e278dd40be81aff92ff4e70d3c,0.053,,,
5664,2026-07-28,SH600958,0.0025407262189774673,EXP_LGBModel_Alpha158_csi300_custom_step0_s_20260728_15,f25b91e278dd40be81aff92ff4e70d3c,0.053,,,
5665,2026-07-28,SH601058,-0.025034136793227635,EXP_LGBModel_Alpha158_csi300_custom_step0_s_20260728_15,f25b91e278dd40be81aff92ff4e70d3c,0.053,,,
5666,2026-07-28,SH600941,0.024312421906415752,EXP_LGBModel_Alpha158_csi300_custom_step0_s_20260728_15,f25b91e278dd40be81aff92ff4e70d3c,0.053,,,
5667,2026-07-28,SH600930,0.008394571081088245,EXP_LGBModel_Alpha158_csi300_custom_step0_s_20260728_15,f25b91e278dd40be81aff92ff4e70d3c,0.053,,,
5668,2026-07-28,SH600926,0.016616464401214327,EXP_LGBModel_Alpha158_csi300_custom_step0_s_20260728_15,f25b91e278dd40be81aff92ff4e70d3c,0.053,,,
5669,2026-07-28,SH600919,0.01732864327698907,EXP_LGBModel_Alpha158_csi300_custom_step0_s_20260728_15,f25b91e278dd40be81aff92ff4e70d3c,0.053,,,
5670,2026-07-28,SH600918,0.00044707787133853175,EXP_LGBModel_Alpha158_csi300_custom_step0_s_20260728_15,f25b91e278dd40be81aff92ff4e70d3c,0.053,,,
5671,2026-07-28,SH600905,0.019334456320570965,EXP_LGBModel_Alpha158_csi300_custom_step0_s_20260728_15,f25b91e278dd40be81aff92ff4e70d3c,0.053,,,
5672,2026-07-28,SH600900,0.015930194630224024,EXP_LGBModel_Alpha158_csi300_custom_step0_s_20260728_15,f25b91e278dd40be81aff92ff4e70d3c,0.053,,,
5673,2026-07-28,SH600893,-8.158253419648519e-05,EXP_LGBModel_Alpha158_csi300_custom_step0_s_20260728_15,f25b91e278dd40be81aff92ff4e70d3c,0.053,,,
5674,2026-07-28,SH600887,0.026957061763086466,EXP_LGBModel_Alpha158_csi300_custom_step0_s_20260728_15,f25b91e278dd40be81aff92ff4e70d3c,0.053,,,
5675,2026-07-28,SH600938,-0.002928374687678513,EXP_LGBModel_Alpha158_csi300_custom_step0_s_20260728_15,f25b91e278dd40be81aff92ff4e70d3c,0.053,,,
5676,2026-07-28,SH601059,0.006563523112621875,EXP_LGBModel_Alpha158_csi300_custom_step0_s_20260728_15,f25b91e278dd40be81aff92ff4e70d3c,0.053,,,
5677,2026-07-28,SH601066,0.03352342123975467,EXP_LGBModel_Alpha158_csi300_custom_step0_s_20260728_15,f25b91e278dd40be81aff92ff4e70d3c,0.053,,,
5678,2026-07-28,SH601077,0.02109737365456468,EXP_LGBModel_Alpha158_csi300_custom_step0_s_20260728_15,f25b91e278dd40be81aff92ff4e70d3c,0.053,,,
5679,2026-07-28,SH601336,0.001193001273880182,EXP_LGBModel_Alpha158_csi300_custom_step0_s_20260728_15,f25b91e278dd40be81aff92ff4e70d3c,0.053,,,
5680,2026-07-28,SH601328,0.0054007682890398635,EXP_LGBModel_Alpha158_csi300_custom_step0_s_20260728_15,f25b91e278dd40be81aff92ff4e70d3c,0.053,,,
5681,2026-07-28,SH601319,-0.018191466748031748,EXP_LGBModel_Alpha158_csi300_custom_step0_s_20260728_15,f25b91e278dd40be81aff92ff4e70d3c,0.053,,,
5682,2026-07-28,SH601318,-0.0852393349852184,EXP_LGBModel_Alpha158_csi300_custom_step0_s_20260728_15,f25b91e278dd40be81aff92ff4e70d3c,0.053,,,
5683,2026-07-28,SH601288,-0.01098538385358294,EXP_LGBModel_Alpha158_csi300_custom_step0_s_20260728_15,f25b91e278dd40be81aff92ff4e70d3c,0.053,,,
5684,2026-07-28,SH601238,0.0037048215116714054,EXP_LGBModel_Alpha158_csi300_custom_step0_s_20260728_15,f25b91e278dd40be81aff92ff4e70d3c,0.053,,,
5685,2026-07-28,SH601229,0.03572900527916588,EXP_LGBModel_Alpha158_csi300_custom_step0_s_20260728_15,f25b91e278dd40be81aff92ff4e70d3c,0.053,,,
5686,2026-07-28,SH601225,-0.050749807246297324,EXP_LGBModel_Alpha158_csi300_custom_step0_s_20260728_15,f25b91e278dd40be81aff92ff4e70d3c,0.053,,,
5687,2026-07-28,SH601211,-0.039702531070822465,EXP_LGBModel_Alpha158_csi300_custom_step0_s_20260728_15,f25b91e278dd40be81aff92ff4e70d3c,0.053,,,
5688,2026-07-28,SH601186,0.017146717001257732,EXP_LGBModel_Alpha158_csi300_custom_step0_s_20260728_15,f25b91e278dd40be81aff92ff4e70d3c,0.053,,,
5689,2026-07-28,SH601169,0.024481400537752183,EXP_LGBModel_Alpha158_csi300_custom_step0_s_20260728_15,f25b91e278dd40be81aff92ff4e70d3c,0.053,,,
5690,2026-07-28,SH601166,-0.012795226595561248,EXP_LGBModel_Alpha158_csi300_custom_step0_s_20260728_15,f25b91e278dd40be81aff92ff4e70d3c,0.053,,,
5691,2026-07-28,SH601138,-0.007298949490080473,EXP_LGBModel_Alpha158_csi300_custom_step0_s_20260728_15,f25b91e278dd40be81aff92ff4e70d3c,0.053,,,
5692,2026-07-28,SH601136,0.013372894227082176,EXP_LGBModel_Alpha158_csi300_custom_step0_s_20260728_15,f25b91e278dd40be81aff92ff4e70d3c,0.053,,,
5693,2026-07-28,SH601127,-0.0046580476213057,EXP_LGBModel_Alpha158_csi300_custom_step0_s_20260728_15,f25b91e278dd40be81aff92ff4e70d3c,0.053,,,
5694,2026-07-28,SH601117,-0.0008023897494547437,EXP_LGBModel_Alpha158_csi300_custom_step0_s_20260728_15,f25b91e278dd40be81aff92ff4e70d3c,0.053,,,
5695,2026-07-28,SH601111,-0.010045993131546865,EXP_LGBModel_Alpha158_csi300_custom_step0_s_20260728_15,f25b91e278dd40be81aff92ff4e70d3c,0.053,,,
5696,2026-07-28,SH601100,-0.019319371503512255,EXP_LGBModel_Alpha158_csi300_custom_step0_s_20260728_15,f25b91e278dd40be81aff92ff4e70d3c,0.053,,,
5697,2026-07-28,SH601088,-0.055048154610175516,EXP_LGBModel_Alpha158_csi300_custom_step0_s_20260728_15,f25b91e278dd40be81aff92ff4e70d3c,0.053,,,
5698,2026-07-28,SH601377,0.03312187032812171,EXP_LGBModel_Alpha158_csi300_custom_step0_s_20260728_15,f25b91e278dd40be81aff92ff4e70d3c,0.053,,,
5699,2026-07-28,SZ302132,-0.07397396117448807,EXP_XGBModel_Alpha158_csi300_custom_step0_s_20260728_15,0d596994c1d14b90ab845ce72a659c43,0.062,,,
